-1.671101433088799482e+01,-1.182659617291779064e+01,-9.753810805933815331e+00,-9.649518357104614807e+00,-7.180918639095327904e+00,-3.914750272055946834e+00,-4.035428351419390935e+00,-1.561236528600487894e+00,8.491192186241988682e-02,-1.902329996698770787e+00,-6.347256455721114854e+00,-8.761862517655396587e+00,-9.607875573534926161e+00,-1.020269112627045516e+01,-1.172856758271946553e+01,-1.288802944111222892e+01,-1.109179484293240492e+01,-8.387188266180142904e+00,-7.105161308991808866e+00,-8.199680382464112682e+00,-7.947198875530176565e+00,-3.699084229692973125e+00,-1.571492711109492735e+00,-1.697567635635500949e+00,-5.328488658501731479e+00,-1.332766946207951086e+01,-1.633165398315221495e+01,-1.831874787506936997e+01,-1.848952955859047975e+01,-1.721365999874948471e+01,-1.506195930272591177e+01
-1.706973501013106542e+01,-1.112629483477408066e+01,-8.459815942690152468e+00,-8.036286511591502091e+00,-6.900558558331818304e+00,-4.656873379552251890e+00,-5.106909245706531486e+00,-4.278260361965982028e+00,-8.140836298903998403e-01,-4.671243941346870931e-01,-3.647975794271518968e+00,-1.164272093772888184e+01,-1.323104541742501183e+01,-1.320958718682537558e+01,-1.522598490494639911e+01,-1.299845732761030526e+01,-8.788780893097404956e+00,-7.770003134463014050e+00,-8.544859243791643522e+00,-9.605655648127322976e+00,-7.999935036446867542e+00,-6.984266687466316625e+00,-4.193639017269308766e+00,-1.288766991263920803e+00,-1.792756320758988720e+00,-5.511549878252099077e+00,-9.325845993202211304e+00,-1.235827291036854270e+01,-1.384960629058485360e+01,-1.662300294687767988e+01,-1.766711886490092454e+01
-1.802556111932802452e+01,-1.394788880007607546e+01,-1.306666786881054065e+01,-1.430031653487381860e+01,-1.153775028369444300e+01,-6.306900377659236945e+00,-5.180854029343032963e+00,-5.683829766032951092e+00,-2.440886130713111335e+00,-1.683919914262447470e+00,-4.349175869103739878e+00,-1.094442646092727323e+01,-1.326722272654541435e+01,-1.507256943338057553e+01,-1.606623924079061538e+01,-1.294252109227060288e+01,-1.130615398663432636e+01,-1.180114126455884005e+01,-9.273816854512991981e+00,-7.488810842528062395e+00,-6.010299414396286011e+00,-9.443220622649713292e+00,-9.605446121240614588e+00,-4.367498194031855796e+00,-4.177942185208764592e+00,-5.835156894168139097e+00,-6.053242372771521218e+00,-6.956079726146549902e+00,-9.263591556989846154e+00,-1.350558078990263056e+01,-1.741288180511538641e+01
-1.807570778822698543e+01,-1.602896019691178608e+01,-1.589192568754949519e+01,-1.721095742197597644e+01,-1.120797208828084557e+01,-6.074169778773764961e+00,-4.574412971985440279e+00,-5.836767992834333896e+00,-3.959043905789525475e+00,-2.891910964263086470e+00,-5.055758809467323367e+00,-1.009449901425537988e+01,-1.326977379782861099e+01,-1.427104561368958358e+01,-1.414685837360991094e+01,-1.380201479567199208e+01,-1.476088337537621165e+01,-1.403215307948969937e+01,-1.024270011697496763e+01,-5.729998803282735587e+00,-4.108541525274264750e+00,-6.295333876693230302e+00,-8.045156269764699886e+00,-7.977281017213308623e+00,-1.157964790861333704e+01,-1.488444799513501238e+01,-1.250392365630152547e+01,-1.010253957590135165e+01,-1.048901149956118140e+01,-1.253763672083365854e+01,-1.655250835518877039e+01
-1.750553328950865861e+01,-1.431602844971568622e+01,-1.366472588266645083e+01,-1.522440122956989228e+01,-1.080041181640464742e+01,-5.542577370876023757e+00,-4.005063329549396478e+00,-6.671587362760255324e+00,-6.909292748855317079e+00,-8.520020105523848031e+00,-7.839920639240441247e+00,-9.709218245594440688e+00,-1.312857582488981656e+01,-1.413381128651755247e+01,-1.493107394010078970e+01,-1.396801309224938059e+01,-1.347149571450818506e+01,-1.097381513459341917e+01,-1.002172839892010714e+01,-6.505054404254720701e+00,-4.577713476259167358e+00,-4.201125283612078931e+00,-5.490884969840530871e+00,-1.025837447513051437e+01,-1.536562896976951720e+01,-1.641751876548558897e+01,-1.390554800554483883e+01,-1.145495842034075373e+01,-1.160575795649480391e+01,-1.183412922129911493e+01,-1.249124838023626438e+01
-1.606643666539873294e+01,-1.236268426991310498e+01,-1.221270270006997194e+01,-1.437094353227054455e+01,-1.360059707004483087e+01,-7.221736957733871698e+00,-4.022354131235795549e+00,-4.509970122198406983e+00,-8.135762483382425359e+00,-1.433357561936899316e+01,-1.026948279042203893e+01,-9.646721326503433502e+00,-1.078563975185907253e+01,-1.230142214117931765e+01,-1.444178456318478609e+01,-1.365809519050501919e+01,-1.049000609321754496e+01,-7.369718005677230899e+00,-7.278333216467324007e+00,-6.704568046481669263e+00,-7.286942290783930076e+00,-6.352319915736869049e+00,-6.791091339177444119e+00,-1.153767232233736628e+01,-1.200531273128605747e+01,-9.231921604811018867e+00,-6.293606098886445288e+00,-6.106123600937738871e+00,-9.223762112254856760e+00,-9.639379047045187221e+00,-8.346379545055517823e+00
-1.542167555985330551e+01,-1.186677967600461869e+01,-1.158071509329210791e+01,-1.504748719680209135e+01,-1.512469390760950638e+01,-9.217591943360176288e+00,-5.035672065966269706e+00,-5.044689138396447170e+00,-8.008393040975603228e+00,-1.198147712034337609e+01,-1.136239842807545308e+01,-1.307791570905877698e+01,-1.170987988945816660e+01,-1.189769809185957783e+01,-1.273236330467111976e+01,-1.304697084877671287e+01,-1.162757873334804515e+01,-9.359800841127123405e+00,-6.965679785784552713e+00,-6.226068532266536337e+00,-8.561517735238837190e+00,-9.113422935249424484e+00,-9.295929113356004692e+00,-1.083621111937931580e+01,-7.676251312330396814e+00,-3.094722143894583777e+00,-1.648108706203046614e+00,-3.465775089009719867e+00,-9.462182955832041387e+00,-9.501154689728712910e+00,-7.679235291080314774e+00
-1.611382319947250608e+01,-1.289486877757962091e+01,-1.297369861502607336e+01,-1.582442881279632907e+01,-1.349194724920417165e+01,-9.374455391609368249e+00,-7.238115411658747611e+00,-5.664676284627962133e+00,-4.523061312512032472e+00,-6.994005299470692272e+00,-1.215735746907586723e+01,-1.663380708814668907e+01,-1.595022006696011907e+01,-1.507375665372159368e+01,-1.253033992698212629e+01,-1.058287054049868559e+01,-1.123886958591076457e+01,-1.298886091669066545e+01,-8.670985792364392708e+00,-6.276781256083681093e+00,-7.594504862855493421e+00,-1.081993878003554244e+01,-1.100638504003902440e+01,-8.406376420950689266e+00,-4.685740769199025380e+00,-1.777405752849319009e+00,-1.383399559881016261e+00,-3.885372535145583228e+00,-9.963973053864069840e+00,-1.101976646996345899e+01,-1.137082382009810821e+01
-1.827084285571795519e+01,-1.419731874826575613e+01,-1.306576339236828410e+01,-1.250677675133993638e+01,-7.865106781518102608e+00,-5.229759376590480180e+00,-5.627235416975459259e+00,-3.451136674184132946e+00,-1.544852376268871286e+00,-3.083046085349902210e+00,-9.060141890740194270e+00,-1.394652814424338416e+01,-1.603689489344588992e+01,-1.851292561783510138e+01,-1.648423577356739145e+01,-1.397451112651023486e+01,-1.278551259962450537e+01,-1.137270622293488387e+01,-6.017773751075528033e+00,-4.138376092021705865e+00,-4.899159859547451035e+00,-6.473955648683183739e+00,-7.091922862912105607e+00,-5.803726539727957601e+00,-6.074561515314790050e+00,-5.266878537297593255e+00,-6.289139885782115691e+00,-7.362234830543273212e+00,-1.004813081126253138e+01,-1.266209221337021873e+01,-1.341559794069338274e+01
-2.029012397357395869e+01,-1.547663328126698978e+01,-1.015155560128829038e+01,-6.565196159663570619e+00,-2.960581527837012228e+00,-2.458894969500256877e+00,-1.995880063542970984e+00,1.395520682548399664e-02,5.176472825491253149e-02,-2.810994035749257769e+00,-8.419120004322348194e+00,-1.429583043060382863e+01,-1.616863238310613582e+01,-1.938708021961340222e+01,-1.998762415236785728e+01,-1.680295781828776214e+01,-1.120526526204678142e+01,-6.821773646508946243e+00,-4.858228321210677159e+00,-5.783703726406224987e+00,-4.218296045304408715e+00,-2.304648898164311177e+00,-4.989711997146178413e-01,-1.006775476148023429e+00,-4.739791575727295481e+00,-5.654912913012701381e+00,-7.554161896189564906e+00,-8.894414550116081841e+00,-9.625089017283015025e+00,-1.289651863214348460e+01,-1.351914778577179455e+01
-2.045767200594188751e+01,-1.809887047675477234e+01,-1.107446264870026553e+01,-5.512252152733066346e+00,-3.460982727969824424e+00,-4.261947281548104094e+00,-4.338848867672769671e+00,-3.225628092006888714e+00,-5.440559510165090096e+00,-7.927871495277910796e+00,-1.054720054353986392e+01,-1.553759431738813390e+01,-1.801126513461105105e+01,-1.899866065157561579e+01,-2.009818359984069147e+01,-1.621003904362686399e+01,-8.128929231816730550e+00,-3.762950964900811712e+00,-3.692582998618467727e+00,-6.824379707839214326e+00,-7.082828054940249807e+00,-4.695965240263388019e+00,-1.994671252034966535e+00,-2.933920307757730050e+00,-2.351319937121529868e+00,-3.188745248601334126e+00,-5.609680720890613870e+00,-7.254148293067427034e+00,-1.052657528684920685e+01,-1.307457816450535759e+01,-1.545167230658170610e+01
-2.036158669495782902e+01,-1.898632053667757802e+01,-1.245892639220261700e+01,-8.855911441710816234e+00,-7.495611294665756930e+00,-4.835736882755486299e+00,-4.656773600742972086e+00,-7.036080706520240646e+00,-1.095966492818684124e+01,-9.393924202237810661e+00,-8.058162223970313676e+00,-1.085822283909480035e+01,-1.617799425876441077e+01,-1.855216162244812850e+01,-2.015616233609303620e+01,-1.489053163608583041e+01,-5.911139166154780966e+00,-2.535987129450595567e+00,-2.364406581118922102e+00,-4.584756259064917572e+00,-4.143343637794981937e+00,-4.102338384526797554e+00,-5.149644378337915107e+00,-7.476230328104326084e+00,-6.135863211858985977e+00,-6.835990684338798751e+00,-1.008898645880467804e+01,-1.299627729499039575e+01,-1.383150815913657183e+01,-1.339343920174767000e+01,-1.470655251050195744e+01
-2.130306566562973103e+01,-1.856650704946838459e+01,-1.084839344550581508e+01,-7.810499991564189948e+00,-7.144357254411712432e+00,-4.103143569414636538e+00,-3.632406633044984456e+00,-6.677780303650167504e+00,-8.988575569972271140e+00,-7.118336569862205643e+00,-5.818476960876910020e+00,-7.010691108698604346e+00,-1.192959067400764006e+01,-1.720037048904835686e+01,-1.952944139372401011e+01,-1.370845143234028463e+01,-6.920016607066162173e+00,-3.839811243335990554e+00,-4.320613659738304690e+00,-7.238577057049852215e+00,-5.649215578532018611e+00,-5.214832146706826599e+00,-6.204392795083152556e+00,-3.862323573422657308e+00,-3.537424736216511878e+00,-5.454216130132622631e+00,-9.636639353169613287e+00,-1.450491755800086935e+01,-1.447994872501918273e+01,-1.521652667261973235e+01,-1.632408981463488473e+01
-2.032129839087734879e+01,-1.781286252847238671e+01,-1.211676799249248404e+01,-5.250769229997105825e+00,-2.001293990072332551e+00,-1.118750750341554356e+00,-2.979402263519674854e+00,-7.990814680977090134e+00,-1.074565983670098390e+01,-9.750739187002182007e+00,-7.662450294159039998e+00,-7.677752240146157980e+00,-1.095013943039068671e+01,-1.806775481560650931e+01,-1.860402054145556505e+01,-1.571329067735111096e+01,-1.092684801887063450e+01,-6.506665940764320588e+00,-5.941755199382285468e+00,-7.611011795824816240e+00,-7.353253572052266485e+00,-5.221924829633295850e+00,-5.478830760266600208e+00,-5.656305743365728667e+00,-4.166782002393111917e+00,-2.747125094021795721e+00,-4.019933487586050624e+00,-8.307777819716754664e+00,-9.754560996160035913e+00,-1.392991433223756381e+01,-1.675987579742399447e+01
-1.911508651240533041e+01,-1.637388343770964738e+01,-1.140958441205385299e+01,-7.893466835669359583e+00,-5.854388530193945783e+00,-2.953957582332835674e+00,-4.086698376356443951e+00,-9.550353184080204727e+00,-1.011098609791145186e+01,-1.092054641422103423e+01,-8.492250058486932929e+00,-7.785317488272964326e+00,-1.021517343230608077e+01,-1.775388196636648885e+01,-1.860732227513770098e+01,-1.570137518093365614e+01,-1.143057027534276493e+01,-8.468289754971737082e+00,-9.053676811837348737e+00,-8.243710754423581477e+00,-6.833920953153562294e+00,-6.308109344523243678e+00,-6.662089122005370179e+00,-8.853396774027027405e+00,-9.197245664558051814e+00,-5.039178663942994518e+00,-2.217245946448499705e+00,-3.321886703892446668e+00,-7.038591320775136495e+00,-1.077044167638826799e+01,-1.429537535515152058e+01
-1.851430125396792548e+01,-1.524834487117639092e+01,-1.349785937882271192e+01,-1.313776075940172205e+01,-9.187423842106046123e+00,-3.823824830353260040e+00,-2.663850112379912094e+00,-5.164508888323815050e+00,-6.071683116394149593e+00,-5.717095727031510144e+00,-4.269956883348274168e+00,-4.373739660971899923e+00,-7.694065874614635092e+00,-1.494817354298439405e+01,-1.918514463981660612e+01,-1.294267857725880688e+01,-8.546706939444822737e+00,-6.857774041530464437e+00,-8.202072785462902971e+00,-5.206133741563814255e+00,-3.287651529612935164e+00,-5.383626974156853429e+00,-5.204235095769448982e+00,-4.004880248583137181e+00,-4.931230307728865725e+00,-3.374221909666011321e+00,-2.056504897645111019e+00,-4.876432775652834728e+00,-9.289172934806522619e+00,-1.038241594128248124e+01,-1.331445238670381137e+01
-1.846535569178957914e+01,-1.554256098510838413e+01,-1.548941581139043677e+01,-1.224596441192787211e+01,-6.559912190091710116e+00,-3.158377614866222149e+00,-3.445170232290480250e+00,-7.409342226047976432e+00,-8.116842606989274955e+00,-5.905849916856547921e+00,-5.270977274341579033e+00,-6.408648237249493285e+00,-8.892581337139386477e+00,-1.369951510429382324e+01,-1.786773616826834754e+01,-1.493070984688125691e+01,-1.049808174521983162e+01,-7.329855204880738384e+00,-7.573796151894606865e+00,-5.326263559359994737e+00,-2.081477444765682527e+00,-2.091342899625526108e+00,-3.659530481324578144e+00,-3.430140207008998576e+00,-1.301052175153109447e+00,-2.886190869505008694e-01,-1.780411338263402588e+00,-6.997968269245965267e+00,-1.110319242908173187e+01,-1.151649385941128756e+01,-1.363264799418569595e+01
-1.854149867807115726e+01,-1.535389734015745233e+01,-1.321351097511644035e+01,-1.153373937146002426e+01,-7.583446957734452987e+00,-3.444094154388964490e+00,-2.972202865250345827e+00,-5.747291219960741770e+00,-1.017467878320637809e+01,-1.069753131934073842e+01,-1.285253089384621994e+01,-1.464180879820795589e+01,-1.505090050537045343e+01,-1.617782041906308876e+01,-1.854222749661998648e+01,-1.715738136327567176e+01,-1.237382536775925601e+01,-1.013573398309595497e+01,-1.107469207599383410e+01,-9.755066958201283001e+00,-4.799982316044605568e+00,-4.635698239699577172e+00,-8.154415434273351693e+00,-9.230268323856616774e+00,-7.303552428865022428e+00,-3.413003462892095996e+00,-2.749735992659615214e+00,-6.055246626855531389e+00,-1.000919649230331920e+01,-1.132586041819147660e+01,-1.699833692021730513e+01
-1.678461645030174054e+01,-1.508400023684782099e+01,-1.316088351732542527e+01,-1.086245453445350506e+01,-6.633214880626241872e+00,-3.464953189919225185e+00,-3.733482458331316867e+00,-7.158482472811426689e+00,-1.007976594467123022e+01,-9.981578670629934535e+00,-1.231222137533316108e+01,-1.509547060778161054e+01,-1.688960971251255216e+01,-1.789288041771960991e+01,-1.903317597834002228e+01,-1.766691705158778447e+01,-1.097204393649301579e+01,-7.728566210309998574e+00,-7.411235222812084800e+00,-7.852316204583694947e+00,-5.687223265538139394e+00,-7.498528815680692183e+00,-9.066465152991042942e+00,-7.067926330340267072e+00,-4.867693406756930408e+00,-1.619278563092611423e+00,5.657198450854830640e-02,-8.489940265925335350e-01,-5.082359529092531858e+00,-1.238639535022383065e+01,-1.754949695422869738e+01
-1.448019829718004736e+01,-1.107252701190339472e+01,-8.951811199929533558e+00,-6.164439930885779795e+00,-5.690841411733451594e+00,-7.370218462529866343e+00,-9.483218102786345582e+00,-1.367004967837774387e+01,-1.245794109887435575e+01,-7.946973782991442192e+00,-7.090947584890830768e+00,-8.930351835589448228e+00,-1.224170401116379203e+01,-1.642503528735216989e+01,-1.911078183190161539e+01,-1.750064100938684675e+01,-1.250351690394537840e+01,-5.308427378535270691e+00,-2.007236164739206963e+00,-1.475780710108390403e+00,-2.144117596766988765e+00,-5.511228370569630108e+00,-4.803799842724952640e+00,-2.229986398494528288e+00,-8.319407197088688477e-01,-2.127784938418439520e+00,-1.916783439719407678e+00,-2.205447770772548832e+00,-4.897317531440375404e+00,-1.242721910737141755e+01,-1.801834705497036637e+01
-1.489688103389339346e+01,-7.958173096680841496e+00,-5.432323677950546603e+00,-6.183624157509884256e+00,-1.060703758582347511e+01,-1.501681818844390470e+01,-1.582250696520845423e+01,-1.597131603154815593e+01,-1.268393907975405455e+01,-9.436881599806937970e+00,-9.708614289009270593e+00,-1.099481655031192240e+01,-1.282787697555638218e+01,-1.580667427407593273e+01,-1.852338715260770030e+01,-1.587216231502404717e+01,-1.100132763335684771e+01,-4.266358184933412012e+00,-1.853882880814905709e+00,-2.828888772168987042e+00,-3.084092943566194123e+00,-3.444026916160662921e+00,-2.039866777552691079e+00,-1.693771960855532166e+00,-4.820985481821923990e+00,-1.170079322757215046e+01,-1.172467372267499108e+01,-8.541200920982490175e+00,-8.307390584665185429e+00,-1.134873630770114339e+01,-1.381606148471351503e+01
-1.659820463777590049e+01,-8.793710883174624016e+00,-6.147239606921412580e+00,-6.994910907689012802e+00,-1.161532721014208214e+01,-1.584144591533837243e+01,-1.534049090267229509e+01,-1.492375394226122332e+01,-1.375193606504873145e+01,-1.378991673774078031e+01,-1.558125424034455264e+01,-1.692577725348352402e+01,-1.681384636774784269e+01,-1.735964658681083961e+01,-1.675052255341986651e+01,-1.320349215910214369e+01,-8.857469395429147241e+00,-5.074691035917827442e+00,-4.332679615176024512e+00,-7.353260045812930912e+00,-8.686729524221991738e+00,-8.476624528045899609e+00,-6.055388763793470019e+00,-4.996164641755280300e+00,-7.342542727203929864e+00,-1.204022143029866143e+01,-1.203234553600058909e+01,-9.312183716217008467e+00,-8.441430068817458832e+00,-1.041415423580578370e+01,-1.198041221374223220e+01
-1.750958603870968844e+01,-1.077962157380681063e+01,-5.480808673160416866e+00,-4.466828106174699720e+00,-6.566406529615907317e+00,-1.009703861677846959e+01,-1.001132848370475870e+01,-1.069614796258290035e+01,-1.270597119119112151e+01,-1.442142889028837693e+01,-1.489447708791043645e+01,-1.672654122064093585e+01,-1.780048232218798532e+01,-1.742220162944633444e+01,-1.406420135147431338e+01,-1.221112263578326740e+01,-9.382280622460260844e+00,-6.134711694410619032e+00,-4.908222519612612800e+00,-7.765580920486891081e+00,-1.077103143053896339e+01,-9.401172391506804615e+00,-7.564915753212295257e+00,-7.941016819547204619e+00,-5.784483865310414252e+00,-4.852595493224344025e+00,-3.837923192175825893e+00,-4.985416585235159737e+00,-8.878924863929508859e+00,-1.489735829053806704e+01,-1.406396336815938142e+01
-1.782120536004795852e+01,-1.511546509719195441e+01,-6.680651953052572978e+00,-2.637954732304841787e+00,-2.426041181571732874e+00,-5.341996024826447531e+00,-4.176521437040123352e+00,-3.734032075013769880e+00,-5.400105035494515704e+00,-8.362337274962111877e+00,-1.140392936127526369e+01,-1.247490535112989996e+01,-1.432992987948305519e+01,-1.568029004585843111e+01,-1.201419492929923472e+01,-8.712355343734516921e+00,-6.075314071436388907e+00,-4.853142940572330311e+00,-5.621233079238098007e+00,-9.764981187504378823e+00,-1.364179666553224912e+01,-1.127279954622773595e+01,-7.525769392858032703e+00,-6.808942439823074899e+00,-3.189765700060843034e+00,-7.015336782337917576e-01,-1.308707834562353289e+00,-4.792625072842636058e+00,-1.236165826410806545e+01,-1.682957393982831107e+01,-1.409248742636512297e+01
-1.873535652621453451e+01,-1.755086835091855235e+01,-8.793662361237181813e+00,-3.121188878441746084e+00,-8.443398159232085032e-01,-1.271005416564846779e+00,-2.456607321186892179e+00,-3.121339040422937305e+00,-6.447172131884388868e+00,-9.349531697375434547e+00,-1.137878653281877028e+01,-9.715656545482763917e+00,-1.001345083693496285e+01,-1.173511633552423028e+01,-1.212974665094824367e+01,-9.934104688277765050e+00,-8.685416731169494753e+00,-9.335169295396875455e+00,-9.149018279268961606e+00,-9.968065003387065914e+00,-1.154121411097149874e+01,-8.606268128990626209e+00,-4.619444827302633172e+00,-2.498975081247974295e+00,-2.681871029498454906e+00,-5.075839516493499737e+00,-6.397853870962221912e+00,-8.307268758781818363e+00,-1.395004230286894753e+01,-1.784904137328893370e+01,-1.427156806943797207e+01
-1.848612157837683512e+01,-1.611330389575797994e+01,-1.026533688366913921e+01,-5.275883259423890692e+00,-4.439179267886900426e+00,-7.497200981706004796e+00,-1.053608308880425604e+01,-9.294836964622577469e+00,-1.087988235194142206e+01,-1.083702140395380908e+01,-1.043240420269865965e+01,-1.098970273963543498e+01,-1.099276138003132886e+01,-1.100039509665064408e+01,-1.176410266431439844e+01,-1.180781445733639323e+01,-1.126357457367311987e+01,-1.295737363610948911e+01,-1.108374087650235040e+01,-8.258269517111177294e+00,-7.694925621911069769e+00,-6.592171205943372136e+00,-6.806463834180050299e+00,-5.364527346403924923e+00,-5.725706606496814288e+00,-1.005303677971310528e+01,-1.298598191467653784e+01,-1.159422218499063462e+01,-1.227999912790891557e+01,-1.509502249755779246e+01,-1.328182250411570564e+01
-1.690408106010501044e+01,-1.481277096622130429e+01,-9.659895648475455232e+00,-5.880267140682504667e+00,-5.044751779614564668e+00,-7.504939625744058596e+00,-1.072374714594999645e+01,-8.074859204995563644e+00,-5.739371422823017710e+00,-6.057258238130593497e+00,-9.157905823042412408e+00,-1.442017519774557144e+01,-1.638047002068086755e+01,-1.624449531821643689e+01,-1.249222981829603185e+01,-1.018211135092903596e+01,-1.011539438366889954e+01,-1.230072354018187397e+01,-9.209196318848794860e+00,-5.626072989103674260e+00,-5.820008938145988076e+00,-8.357358277344903996e+00,-9.435658975559121586e+00,-6.015212627080809504e+00,-3.789450047803776478e+00,-4.981933428201542391e+00,-8.290100930869078510e+00,-7.614840632977605495e+00,-7.290899320622952651e+00,-9.588543986072059155e+00,-1.279618742786535712e+01
-1.619760306492572965e+01,-1.206975741396431090e+01,-8.969637879053083296e+00,-7.992662566236588439e+00,-7.919188234203753396e+00,-6.656051225647204639e+00,-4.242850176571573151e+00,-3.017456820535966422e+00,-3.539493257974219542e+00,-7.348601060097708526e+00,-1.212483328289720141e+01,-1.591512050598609385e+01,-1.695019136582101993e+01,-1.746104070619374937e+01,-1.472647796658908703e+01,-1.199631258594889616e+01,-1.139339729567535819e+01,-1.147396020553692964e+01,-7.278110790653388840e+00,-5.459832284756067189e+00,-7.138404562443244394e+00,-1.155976393501109989e+01,-9.534109283395174828e+00,-5.655967919202912420e+00,-5.694818518742793323e+00,-7.249498886827129063e+00,-5.543501605162350465e+00,-5.619510367095955417e+00,-7.978240086563995526e+00,-9.919796165798892673e+00,-1.419253270565962666e+01
-1.604700620437995795e+01,-1.315262176584796805e+01,-1.312187609552335310e+01,-1.424959542921611266e+01,-1.532310491549868559e+01,-1.199994015217829180e+01,-8.389759321172698847e+00,-7.294948976659098250e+00,-7.960797672449540840e+00,-1.120089821304593691e+01,-1.276287286972799251e+01,-1.346512342375867455e+01,-1.436036287686404123e+01,-1.650139527360932235e+01,-1.514841256234325328e+01,-1.228766279160475605e+01,-1.129072676611547799e+01,-1.223611227854961037e+01,-6.995326162355036459e+00,-3.150297821763543116e+00,-3.294722570207150092e+00,-5.892728223884087235e+00,-7.161080772354572410e+00,-7.012473650902760092e+00,-1.080740090742895099e+01,-1.310570431356670440e+01,-1.073363095534448952e+01,-1.023114125828156951e+01,-1.168634590130894146e+01,-1.074333904671067863e+01,-1.136001204142049659e+01
-1.702290656787006640e+01,-1.378014464764034130e+01,-1.238309548494695633e+01,-1.348353917132906510e+01,-1.437093947126584936e+01,-1.014565469837990186e+01,-9.312731573780794747e+00,-1.108514608768354925e+01,-9.316939362160423954e+00,-9.198683408754211754e+00,-1.014902078007355790e+01,-1.179185870314846518e+01,-1.357053667131592256e+01,-1.622308742899854650e+01,-1.455129955014010434e+01,-9.253820900907035352e+00,-7.722913416830368583e+00,-8.183648056041512575e+00,-5.383646005467206841e+00,-4.675490311749999073e+00,-3.791072730272443181e+00,-3.249336220298604250e+00,-5.018810739803339693e+00,-8.435140257936064145e+00,-1.232431716102511920e+01,-1.291888697981098666e+01,-1.194188746766132425e+01,-1.042738644221500266e+01,-1.060500561114118945e+01,-1.175741760833423655e+01,-1.387705055830859280e+01
-1.688716768968005155e+01,-1.222514987292409927e+01,-8.122431323934002023e+00,-6.898336731367001207e+00,-7.710411995254112583e+00,-8.446116691251763342e+00,-7.369782218662630946e+00,-5.089039917146990888e+00,-4.250550432227238495e+00,-5.920132891560646371e+00,-1.078912159700353612e+01,-1.488543134514524091e+01,-1.567655671744787327e+01,-1.633556458028424530e+01,-1.214010539701004987e+01,-6.585294065950047404e+00,-4.256226239960734681e+00,-4.747832549098065513e+00,-6.836670871017923368e+00,-1.020496244755174509e+01,-7.723667777855606431e+00,-5.333360126523785993e+00,-5.991771850662556353e+00,-6.086273790727479316e+00,-5.026802811004659866e+00,-5.458477763255603854e+00,-6.162339388381126604e+00,-8.721588704202856590e+00,-1.295866755402388648e+01,-1.555844597217916458e+01,-1.609498370069415785e+01
-1.782359195456785272e+01,-1.267324513109291217e+01,-6.582764981643242308e+00,-3.709869178778984811e+00,-4.372929110528290586e+00,-8.578636346400536183e+00,-7.308068620494934997e+00,-2.230718023988942811e+00,-1.285145822767669088e+00,-3.208958063707021857e+00,-7.773517740968646450e+00,-1.246775599118290856e+01,-1.406003828759954821e+01,-1.365895301566905395e+01,-9.241058284432448033e+00,-7.454740161717939628e+00,-7.880717356640360549e+00,-1.067927008970570135e+01,-1.169372781798118233e+01,-1.073686047812469901e+01,-7.145431898346467747e+00,-5.364988060953768567e+00,-3.029309147980627781e+00,-1.909989570898489086e+00,-2.297022785637293119e+00,-3.567225752883598666e+00,-3.143445431386871824e+00,-6.276944061662970142e+00,-1.165283824503421783e+01,-1.441137597816330995e+01,-1.470033988982689444e+01
-1.731581389954110151e+01,-1.330355769796531717e+01,-7.588955959935179685e+00,-5.125647770686998506e+00,-5.594779960298519761e+00,-7.703374972418263411e+00,-4.780247637508006520e+00,-2.914769242820916872e+00,-4.551186708411524506e+00,-6.449537178865774045e+00,-6.299249663322913584e+00,-7.553554123173616297e+00,-9.915045139919810069e+00,-1.048616390406083632e+01,-1.075782283735970246e+01,-1.225074169634520516e+01,-1.138167381637236630e+01,-1.206418431756877041e+01,-1.031560273556148388e+01,-9.708407381377300638e+00,-9.944024875353113302e+00,-1.027717522739485645e+01,-6.172556901127569162e+00,-3.767144290515135552e+00,-3.895157481711983838e+00,-5.762625287091281301e+00,-3.085586906802065599e+00,-3.989171340811152433e+00,-8.367720648474177736e+00,-1.210240364901157939e+01,-1.191348403942685152e+01
-1.727954322600565007e+01,-1.348437173068210271e+01,-1.010798236852934373e+01,-9.134329624755793020e+00,-9.138758901224917963e+00,-4.685702147964043718e+00,-2.754914751348766622e+00,-3.875839892868735426e+00,-8.872817145112682269e+00,-1.364185502774575198e+01,-1.286795432602657918e+01,-1.145113399036291213e+01,-1.142848641762975603e+01,-1.160720722014162654e+01,-1.008936032056495335e+01,-1.010025858296817169e+01,-1.023329354935333591e+01,-8.974355339002208609e+00,-8.024739418397931701e+00,-1.022203392090917617e+01,-1.022544190940298492e+01,-9.880641942264652755e+00,-1.044166385626592586e+01,-8.475329524266118852e+00,-5.130436262316383278e+00,-4.775169047311793591e+00,-5.444849789213044744e+00,-7.642188764701621118e+00,-1.008550815343731522e+01,-1.166505923770180253e+01,-1.065878723461587896e+01
-1.617262489367432821e+01,-1.514200904451999286e+01,-1.421444024633960623e+01,-1.199445990773559600e+01,-7.862216386850140459e+00,-4.705999444262320530e+00,-3.038701864837927147e+00,-4.064519450025429137e+00,-8.467888637719784839e+00,-1.302667566182232761e+01,-1.387021500711963284e+01,-1.376011388448356598e+01,-1.217973129661018028e+01,-9.736729982085995161e+00,-6.640497749489379764e+00,-5.058123719041087263e+00,-6.577417159488252452e+00,-5.833502977675594003e+00,-4.026274154156430640e+00,-4.594133905230966874e+00,-6.006482381976264051e+00,-8.026084789959321952e+00,-1.114818265595856772e+01,-1.288163320332014194e+01,-1.181984344797850639e+01,-1.210073974290314780e+01,-1.206461046110181279e+01,-1.326548101270900126e+01,-1.323610617340143314e+01,-1.228602637948483967e+01,-1.189976322300293887e+01
-1.650421283300183362e+01,-1.384669847562204836e+01,-1.099394548819948270e+01,-8.044005315813446799e+00,-6.417900187683393654e+00,-7.539258349858060093e+00,-4.412356080800420521e+00,-3.101089237570887835e+00,-4.298161203714728984e+00,-6.430579601356587460e+00,-8.057047552546533709e+00,-9.231124210633149474e+00,-9.950990179631890697e+00,-1.091046262332120875e+01,-9.272008100634112182e+00,-5.447944196942849260e+00,-4.226705545637788219e+00,-5.215994235038162508e+00,-6.020644617781039543e+00,-5.896451447879066166e+00,-8.466146097072407173e+00,-1.058185593977946226e+01,-1.192965979096205764e+01,-1.362014455141640568e+01,-1.371410836792793653e+01,-1.267853746448933094e+01,-1.132560022776367248e+01,-1.132715086432314777e+01,-1.305869252209653375e+01,-1.402287130051550790e+01,-1.494390492338468057e+01
-1.558632363159866863e+01,-1.266070280427567063e+01,-6.918412540890589213e+00,-3.312072983340305310e+00,-2.674437818766773223e+00,-4.562408023146020675e+00,-6.585248166632626798e+00,-7.399980821850232537e+00,-6.212283826581820989e+00,-6.634328485223926819e+00,-7.936707837366256513e+00,-6.670431744432499421e+00,-7.724458630126314063e+00,-1.148313269454070173e+01,-1.308300483646262613e+01,-9.553465282121877067e+00,-8.765925293130909068e+00,-1.081712292980973977e+01,-1.241711474701511797e+01,-1.080960128014954158e+01,-1.046391597250867811e+01,-1.041113812657965276e+01,-1.176243018466165324e+01,-1.357255692985065387e+01,-1.002581165868695123e+01,-6.237964939161696698e+00,-4.359457746813339973e+00,-5.366474996176117784e+00,-9.195094212827061853e+00,-1.314484054958369619e+01,-1.441922026960288861e+01
-1.588921287205038979e+01,-1.456655271210465052e+01,-1.074924855898408360e+01,-4.467630888229752628e+00,-2.094412918818711944e+00,-3.230558805011150003e+00,-8.787486907345156695e+00,-1.272636705151751180e+01,-1.018992539567231148e+01,-7.574762115834140275e+00,-6.785677089848938692e+00,-6.152106395370851466e+00,-8.193258345437220314e+00,-1.264154124902483112e+01,-1.468675168998101199e+01,-1.222060894884732640e+01,-8.353793252040357942e+00,-7.921648839566888256e+00,-9.763639610245071765e+00,-1.160895594397262442e+01,-8.359344891209875783e+00,-6.468798286962408994e+00,-8.724381699488976238e+00,-9.911656189038312803e+00,-5.968911977341015529e+00,-2.752046225202037899e+00,-1.183845141428100156e+00,-2.248175589224918447e+00,-6.660997011667477707e+00,-1.199833263447430021e+01,-1.276918901996139155e+01
-1.618406274437340997e+01,-1.473342208424974409e+01,-1.198991811730773627e+01,-6.222225613563376001e+00,-4.232766545542022918e+00,-4.584050643807589864e+00,-7.648013021515197352e+00,-1.080592339473361641e+01,-1.141868990008570606e+01,-9.588275512398666933e+00,-7.757080036458097183e+00,-7.503955998857106735e+00,-9.944615869900259142e+00,-1.299121735032115588e+01,-1.286012072703691445e+01,-1.268796321273851824e+01,-9.677087459118427049e+00,-6.313734665074768770e+00,-6.002914065064690163e+00,-7.845873787108918584e+00,-4.774344739957101957e+00,-2.271756584079106744e+00,-2.363678343656684167e+00,-4.405782677658771185e+00,-4.634997605964415790e+00,-5.879262162609213860e+00,-3.068172701339026087e+00,-2.070486301436879284e+00,-4.336726822037281437e+00,-9.722018960894656558e+00,-1.031146167661454705e+01
-1.490867309200287849e+01,-1.187081038610649664e+01,-8.369240096250271321e+00,-8.176760480747002902e+00,-7.827399031971307153e+00,-7.095839141574570519e+00,-7.934079470742932294e+00,-9.325133973544760480e+00,-9.615772570952961118e+00,-1.153656102372568171e+01,-1.288329816103263248e+01,-1.236694809281024554e+01,-1.031483861380608857e+01,-9.858997605897549477e+00,-1.103203392861520626e+01,-1.254388773391226763e+01,-8.969036680121883265e+00,-4.487627473557521895e+00,-3.360252292044147548e+00,-5.017406105032550911e+00,-4.423699581447769980e+00,-1.895168235174286231e+00,-2.507534485646844225e+00,-5.605945902896121602e+00,-4.823837024950179853e+00,-3.820344708075340101e+00,-2.959455184762252777e+00,-3.669989606201210286e+00,-7.330629757316900807e+00,-9.394412586668959619e+00,-9.317406483534567130e+00
-1.496430491249100569e+01,-9.821124612455482961e+00,-6.672254239561176803e+00,-5.420727166683733778e+00,-4.963955263683510033e+00,-3.813865753079514143e+00,-4.542260888768281824e+00,-5.900145493631697491e+00,-5.231080553439610092e+00,-7.004483427304555754e+00,-1.043687651638223279e+01,-1.111138866129605240e+01,-9.046719473669257994e+00,-7.863289938754394193e+00,-9.548706347060178956e+00,-9.015671232056867268e+00,-5.330479584462127107e+00,-4.591954207666092636e+00,-4.109898170886733482e+00,-5.133643695317647193e+00,-6.053669754775757639e+00,-6.183730566835015097e+00,-4.339540906790487540e+00,-4.512374861588497765e+00,-6.129514113727815072e+00,-5.858261723621129846e+00,-5.194216338119336918e+00,-7.214685336327642418e+00,-1.272780626523895364e+01,-1.292509824964178655e+01,-1.236151057494287819e+01
-1.591876706365151506e+01,-1.179870767550182897e+01,-7.965703566691705539e+00,-6.864458996473866037e+00,-7.346106338283407311e+00,-7.564154297669081650e+00,-8.077222123374269813e+00,-8.280436977470184701e+00,-5.618329788429051952e+00,-5.174985821883217874e+00,-7.237142920157551451e+00,-7.452107803958679888e+00,-6.816582774414735368e+00,-8.214743613695898006e+00,-1.050322347866887718e+01,-6.771496263023528250e+00,-6.112717831476020436e+00,-8.050675404286687709e+00,-7.644426447683710713e+00,-7.855860717594623566e+00,-7.846818388999291294e+00,-1.077321881702279427e+01,-9.763148143762299114e+00,-8.186183578109744730e+00,-8.009628886240534484e+00,-8.672370456620862811e+00,-9.251440609722376252e+00,-1.044204802905060703e+01,-1.168136100220580076e+01,-1.300980777863193971e+01,-1.361770068099644071e+01
-1.576994414785642107e+01,-1.238467553195332194e+01,-1.019593498868351311e+01,-1.037945664223252251e+01,-1.287744667042954561e+01,-1.453017399034329848e+01,-1.130316421182967090e+01,-7.344885346628412748e+00,-5.665671729713584348e+00,-7.549950869331340186e+00,-1.069691141150077840e+01,-1.261304424643641831e+01,-1.099138816364673055e+01,-1.025891515390337005e+01,-1.097257371138812587e+01,-9.299720356600875704e+00,-3.945486085287866818e+00,-2.552567534719030196e+00,-3.565560979796025709e+00,-6.504691614808530531e+00,-5.317605814507168738e+00,-5.085348957695630112e+00,-6.526625999237778863e+00,-4.580017337126524701e+00,-2.129104964136725009e+00,-2.576348322318444239e+00,-5.174474876086391895e+00,-8.076483232685278679e+00,-1.150686418359019214e+01,-1.193152415689800883e+01,-1.202066437223879269e+01
-1.457394084684989011e+01,-9.470050457958913981e+00,-7.172273802938831544e+00,-6.655800691359684329e+00,-9.705436359245737776e+00,-1.457178254641529946e+01,-1.386949340967821520e+01,-9.107444000602582079e+00,-5.536495453408066147e+00,-5.340621370426966052e+00,-8.456750071224044873e+00,-1.318825293233727791e+01,-1.366672411475706284e+01,-1.315028292394610965e+01,-1.199382055449072482e+01,-1.052351483573526636e+01,-4.392342052420507237e+00,5.170519824517390006e-01,1.922730136892372821e+00,6.801267819664491565e-01,-3.115300660009863609e+00,-6.432285652992886682e+00,-3.121662098990446221e+00,-1.400144474522187155e+00,-2.655488367739305744e+00,-6.663344187802877627e+00,-5.392571506054266273e+00,-5.970288975806045784e+00,-9.657094882063306684e+00,-1.236871333295056807e+01,-1.305746644459852668e+01
-1.166897201437910070e+01,-7.658277476214248480e+00,-5.367905381980876633e+00,-4.192371856609062419e+00,-5.721392834410384154e+00,-8.275031651663711685e+00,-8.337891818188568394e+00,-6.214140044133953822e+00,-5.506154846877422848e+00,-8.344618769933884295e+00,-1.166009768668343050e+01,-1.307326804901308925e+01,-1.351160636669447435e+01,-1.269285642887864718e+01,-1.134193755154098859e+01,-1.202185812523635455e+01,-9.195535427288097807e+00,-2.675987771318975028e+00,9.594332700245035150e-01,7.572682002009510915e-01,-3.704543222861067076e+00,-6.847583796566806491e+00,-3.515404702715982488e+00,-3.518366021294921708e+00,-7.318863397104149016e+00,-9.703530573921998581e+00,-7.449479913550327126e+00,-7.497986935345189785e+00,-1.025856562475321709e+01,-1.225615514000924655e+01,-1.334792785396595960e+01
-1.168366507962032941e+01,-9.356981751250744495e+00,-9.373097575355728850e+00,-4.277001047076485207e+00,-1.361678069521489176e+00,-1.359418717180691738e+00,-2.204129004802069414e+00,-3.896662063093488282e+00,-8.873904762351337183e+00,-1.297722731493100312e+01,-1.315832288888823065e+01,-1.340175468042618157e+01,-1.347222042381137364e+01,-1.175378996884340665e+01,-1.176966894562004029e+01,-1.262871596617858927e+01,-1.298828646690905586e+01,-7.788421884222159974e+00,-1.616417211008907673e+00,6.609764478517649033e-01,-6.671288319982729420e-02,-2.027056046154060542e+00,-2.349756521333014714e+00,-3.259399194518855403e+00,-4.462759468634025950e+00,-4.500559713261029771e+00,-4.637069824034301568e+00,-8.647951695598473876e+00,-1.473063960934386607e+01,-1.566448129031087255e+01,-1.557183716690339992e+01
-1.474478583601342585e+01,-9.113225309581284961e+00,-4.667363009542743413e+00,-2.067649866775179035e+00,-2.895466929700757586e+00,-6.570972263300400407e+00,-7.233039748768846700e+00,-8.546441894134177986e+00,-1.295411018138172210e+01,-1.434157331917090517e+01,-1.172463980589468946e+01,-9.879695048540078517e+00,-9.631013807504116286e+00,-9.377234707281244752e+00,-1.063338637959305899e+01,-1.335035220746483198e+01,-1.341611918362499267e+01,-9.979792954666274696e+00,-5.897772590236487922e+00,-4.233839139475598756e+00,-4.693779821883292236e+00,-7.044478772008525347e+00,-9.225397074550093279e+00,-7.547782000044689354e+00,-2.759643246823757501e+00,-9.705873575125637531e-01,-2.302366934339085347e+00,-6.514751940353249005e+00,-1.153878635261990482e+01,-1.453626420859153612e+01,-1.468808940954568953e+01
-1.717889645345070804e+01,-9.617205772329779023e+00,-3.082957104807171778e+00,-6.980974472186796120e-01,-1.303137015844812563e+00,-4.814779645266371588e+00,-9.548887306526928853e+00,-1.355742773100608467e+01,-1.443989846492264384e+01,-1.340867300294026521e+01,-1.014038554798154301e+01,-5.957262500181418119e+00,-4.926360481485192011e+00,-6.708366883996905727e+00,-1.166728969869994259e+01,-1.470371617714897994e+01,-1.285208483775999433e+01,-1.080698817849409643e+01,-9.855575520075669615e+00,-1.062349224979637086e+01,-9.257439920381337117e+00,-8.566810940212311820e+00,-7.244935875539393777e+00,-4.572843411029512417e+00,-2.958278163743182088e+00,-4.799500982063830357e+00,-7.534344447305143966e+00,-1.006067221879395568e+01,-1.070702568948769695e+01,-1.136180910843761005e+01,-1.351234609224371752e+01
-1.740599968152887556e+01,-1.237510686173659380e+01,-9.075750300335940324e+00,-3.835406958360318974e+00,-1.989524475197080866e+00,-3.352367517252710982e+00,-8.037191599580076229e+00,-9.856840929188647848e+00,-8.519839584764813623e+00,-1.140062618121003979e+01,-9.599247273715104001e+00,-7.646422046448002163e+00,-8.739689699741973072e+00,-8.988619139339743214e+00,-1.274317547879299184e+01,-1.508056345506876461e+01,-1.104003494380026318e+01,-5.519552120453670163e+00,-3.137021767977036024e+00,-3.382291521406497914e+00,-4.430785566441442391e+00,-7.761156349341158389e+00,-7.026485932623075747e+00,-5.552197938096247398e+00,-4.657843426558651245e+00,-7.907010072216141161e+00,-1.028814011655685334e+01,-9.717569185154777855e+00,-1.112201331643497326e+01,-1.021849872093616440e+01,-1.051576625449316893e+01
-1.770528922561837959e+01,-1.550935674515091023e+01,-1.591061608981685538e+01,-9.933703581325145748e+00,-4.662464296946129849e+00,-3.753886788566949129e+00,-5.586320274957541798e+00,-4.348742836346739971e+00,-2.805334495522126659e+00,-3.961885007763669808e+00,-6.839680989812903178e+00,-1.196335523318843741e+01,-1.331781128875347697e+01,-1.017721127587206276e+01,-9.140102137537564175e+00,-1.053668529396297515e+01,-1.052635000045059144e+01,-4.797724581127908117e+00,-7.244521617789619894e-01,4.996524426827849141e-01,5.208539456425492764e-01,-2.013452078054361660e+00,-6.277256403525336204e+00,-1.056597091226267260e+01,-6.248529633929749139e+00,-4.669213168686960458e+00,-4.956897066295647747e+00,-6.965652453736598027e+00,-1.077111207286850814e+01,-1.166839766527424338e+01,-1.175607646776347615e+01
-1.670911319816813645e+01,-1.188679329888159408e+01,-1.099357873076150405e+01,-8.426964274411941958e+00,-6.797521040156609295e+00,-3.814475037998856344e+00,-3.924951489064881560e+00,-1.379074368931102690e+00,-1.782596177864670950e-01,-2.300018529337243933e+00,-8.313735667396993989e+00,-1.440251782411286818e+01,-1.206461545098729538e+01,-1.079608169498563797e+01,-1.255820727924338875e+01,-9.844213997522572868e+00,-6.626031555924095429e+00,-4.602548050854605499e+00,-5.536851809379652600e+00,-5.904723556140954344e+00,-1.863861456544709805e+00,-1.358905177943490639e+00,-5.058684073212486254e+00,-1.008018788682813316e+01,-9.338362598369101875e+00,-1.061045120410746456e+01,-9.271717575848290593e+00,-8.074195484889029828e+00,-8.724859792394799030e+00,-1.190879947385367288e+01,-1.536103400838475252e+01
-1.513940033692271747e+01,-8.290792774518623176e+00,-4.179731371708824916e+00,-4.447028910827298454e+00,-5.438561903545632958e+00,-1.589923254005119801e+00,-1.284513458244193496e+00,-3.560547062801392659e+00,-5.313952409285179534e+00,-5.936482744142725920e+00,-8.855570491121596888e+00,-1.466302794105365415e+01,-1.403326069156662825e+01,-1.371595534557054030e+01,-1.463771981952571011e+01,-1.090998621998714846e+01,-8.048385333989848789e+00,-8.426017529886809854e+00,-1.084089015937652967e+01,-7.568912348890004083e+00,-3.713335434933576540e+00,-1.917347283286488624e+00,-2.350806052736867713e+00,-4.956263790260257096e+00,-7.257240013790731581e+00,-1.119977876393734917e+01,-1.468735840641149970e+01,-1.576930601656937725e+01,-1.548355436675688779e+01,-1.386550904297027209e+01,-1.321153674932087085e+01
-1.564404112200777064e+01,-1.121223694424168471e+01,-6.445613634608247544e+00,-1.313175750006099873e+00,-2.240493337916280858e-01,-2.144743846567003231e+00,-8.562439052241330728e+00,-1.234182198007567521e+01,-1.083303191542562871e+01,-9.042448511644572307e+00,-9.512811115308970500e+00,-1.347856105939179905e+01,-1.388332977014429481e+01,-1.455451615517880803e+01,-1.752582862747817316e+01,-1.443726567260357463e+01,-9.909568062349528361e+00,-9.272123615280920106e+00,-1.114732160463052679e+01,-1.255060251933686821e+01,-1.134074650717382760e+01,-9.670274568512299496e+00,-8.147939051877113315e+00,-6.671323011691893790e+00,-7.471701256805608260e+00,-1.103407373999347207e+01,-1.642169426869945426e+01,-1.862998341412103542e+01,-1.869071415642730472e+01,-1.667157222343092116e+01,-1.223562631436756654e+01
-1.826191762515476924e+01,-1.717665433783491125e+01,-1.136348281162125673e+01,-4.087533765765956062e+00,-1.850631151007910979e+00,-2.884047204769458972e+00,-8.663160412376667452e+00,-1.244273071504440686e+01,-8.714066829626299082e+00,-7.222886364218316757e+00,-8.060080029101682086e+00,-9.645815962776854491e+00,-9.349799560398615483e+00,-1.088684853009817033e+01,-1.489074275523674551e+01,-1.658979630169748276e+01,-1.077012370013389209e+01,-6.738118693858635488e+00,-7.121193858849651726e+00,-1.017726084849789281e+01,-1.177936777527866674e+01,-1.323639121150770137e+01,-1.433258603375498907e+01,-1.499412574262178310e+01,-1.503162930542681330e+01,-1.477844661674579640e+01,-1.452301014471454721e+01,-1.527554491237432011e+01,-1.515865066572397701e+01,-1.390491395537592823e+01,-1.048950600373644804e+01
-1.960554642837588446e+01,-1.507069169949082799e+01,-8.452500205080047735e+00,-5.654387570448031752e+00,-6.474238513115825100e+00,-6.842745887632129431e+00,-5.865827847053022737e+00,-7.520986484379327486e+00,-7.967941585709066743e+00,-1.176263611682322896e+01,-1.241175583580962716e+01,-9.498579465541519440e+00,-8.237827311042977385e+00,-9.333496014611059266e+00,-1.069400405132470055e+01,-1.161240947446903249e+01,-1.017669251385857088e+01,-8.419883258672070880e+00,-3.765186850221194259e+00,-2.097395423658880986e+00,-2.666877925517822767e+00,-5.023228772720243818e+00,-8.045534467997670802e+00,-1.127848880431231393e+01,-1.648267164600997248e+01,-1.405956049476351133e+01,-9.410934163492266080e+00,-7.676485526712000684e+00,-8.543811676820286749e+00,-9.793019122185826930e+00,-1.001130558287396077e+01
-1.987119305734874786e+01,-1.287060679332548752e+01,-6.715019853300407071e+00,-5.211213544136335862e+00,-7.492783666533582299e+00,-9.336901323635037997e+00,-6.807504940934541615e+00,-4.805784885121994421e+00,-6.864911737061348163e+00,-1.283461940989774774e+01,-1.742841455515693383e+01,-1.582054915748724433e+01,-1.388827495314493987e+01,-1.450395971686900154e+01,-1.321540937503846713e+01,-9.443739709984354747e+00,-9.126122651480827130e+00,-9.444913606433306796e+00,-5.898901652607347224e+00,-6.177139712935861837e+00,-7.404971996131998857e+00,-9.090224302232954301e+00,-5.665706106344191362e+00,-4.954981384939756595e+00,-5.935103117564630715e+00,-5.170746312273212020e+00,-4.335184446872532682e+00,-6.957467373930105836e+00,-1.216635857221960038e+01,-1.739574072115561520e+01,-1.719188471100911286e+01
-1.987684136579016680e+01,-1.245593318067678901e+01,-5.703763394420888311e+00,-2.889070400475140854e+00,-3.911615994046716338e+00,-8.485133777396017152e+00,-7.260700368392868143e+00,-2.990865922446887204e+00,-2.632459802829177242e+00,-5.438010577879407670e+00,-1.090401325606498339e+01,-1.386803219899409889e+01,-1.397232424060837630e+01,-1.385172848090404152e+01,-1.364387250497561510e+01,-1.407816004903376594e+01,-8.757906989890988925e+00,-6.422240274543521643e+00,-7.950192934825640378e+00,-1.338220047650217026e+01,-1.632348069623738951e+01,-1.416029573638899919e+01,-8.250035644888470188e+00,-4.745515248900623817e+00,-4.336839601926274490e+00,-6.814449802463670380e+00,-7.145229837974580001e+00,-8.491954073685558768e+00,-1.436947784604144651e+01,-2.016565721375601683e+01,-2.074778037111298445e+01
-1.829671797832521207e+01,-1.016626329832718234e+01,-5.606778731119638870e+00,-4.050231057070508456e+00,-4.891966863089248996e+00,-7.978781492770218975e+00,-4.849632522044312388e+00,-1.750677255040989477e+00,-2.266088146694833938e+00,-5.981643723989171768e+00,-7.793888999884869939e+00,-9.163549053568800673e+00,-1.373532368255262703e+01,-1.465902988149338348e+01,-1.385049324075714949e+01,-1.306565653175866970e+01,-1.252380981565523577e+01,-9.857864752537063069e+00,-6.314162161670813234e+00,-7.600650404744288657e+00,-1.230280220993802409e+01,-1.146188944828610445e+01,-1.164429574253178501e+01,-7.367891545055293534e+00,-5.647828913160732434e+00,-7.517570801118404589e+00,-7.780757768580517819e+00,-8.767800625632791167e+00,-1.558710935436377021e+01,-2.016825682575963086e+01,-2.126514502934047002e+01
-1.933445839721615656e+01,-1.510179120652815854e+01,-1.311290626415685523e+01,-1.204744621735660992e+01,-1.277259315788245075e+01,-6.420139726720938356e+00,-3.345387331562257760e+00,-3.260602502277543557e+00,-6.803383366087405015e+00,-1.359379647759830334e+01,-1.348358181995503990e+01,-9.943914715482407018e+00,-1.019981938249924625e+01,-1.380758205682289663e+01,-1.348622895889923434e+01,-1.356617722190728692e+01,-1.576350858932783616e+01,-1.428645286339671650e+01,-5.032618045650360195e+00,-1.253407522026418031e+00,-9.839597472122737498e-01,-3.332039329597037636e+00,-8.094360281447213978e+00,-4.806475603925612461e+00,-1.117382305990239244e+00,-5.945867604161260145e-01,-3.255410642198779847e+00,-1.114879483735861854e+01,-1.604170152620107359e+01,-1.839178125898377303e+01,-2.006607692582266722e+01
-2.090757774705646455e+01,-2.009553056003666782e+01,-2.049702709662814115e+01,-1.848329388093547720e+01,-1.449916478265233444e+01,-9.240986395282906329e+00,-7.428433225936248441e+00,-6.846040983160002646e+00,-1.001380838215851909e+01,-1.562535468971027974e+01,-1.684767610686165895e+01,-1.524373797007969422e+01,-1.173159385779324637e+01,-1.028213755072665769e+01,-1.044284753689245093e+01,-9.506764846188682228e+00,-7.614256854067329883e+00,-5.757339085319212124e+00,-2.754289445272126269e+00,-3.735686313903140987e-01,1.763981672358002628e+00,1.270266364155407723e+00,-1.782477388952804054e+00,-1.967206373343394876e+00,-5.532044534367986932e-01,-3.681872275923555038e-01,-2.840900614450708961e+00,-1.058720216981503093e+01,-1.410338750606825364e+01,-1.607604740347181149e+01,-1.760615205263891170e+01
-2.158281305156835828e+01,-2.055630143049384273e+01,-2.061699548288553530e+01,-1.895466549857323812e+01,-1.333392159478003158e+01,-1.423450940947572718e+01,-1.107816481690446864e+01,-8.517384335273453289e+00,-9.377456962561407039e+00,-1.313680148425222427e+01,-1.411269736740769432e+01,-1.327859757727935452e+01,-1.132831244759199052e+01,-1.190502250995956501e+01,-1.314399720590655463e+01,-1.122988820126076703e+01,-6.275033160167581947e+00,-5.816223865108830715e+00,-8.477189928498667371e+00,-8.138418307480941749e+00,-3.842988498156749255e+00,-2.639831495741304046e+00,-4.470941947757446577e+00,-9.950416273639945075e+00,-1.069178823925586030e+01,-4.557590931712673488e+00,-1.872466989219366829e+00,-3.369116946655724920e+00,-9.222775982990235377e+00,-1.380385490325318720e+01,-1.376055792399815125e+01
-2.032473230462114344e+01,-1.784520682066428421e+01,-1.584118634512444501e+01,-1.343625669819968138e+01,-8.909364330417970379e+00,-6.311184981290032248e+00,-5.023601906514969073e+00,-4.926246489672100104e+00,-6.385458534505186634e+00,-7.370343593238782631e+00,-7.675111128752972967e+00,-9.653346353218335452e+00,-1.419397934745339818e+01,-1.818575363599953576e+01,-1.423174637906691586e+01,-1.049611886108622905e+01,-1.049780787439907215e+01,-1.213515524553651481e+01,-1.343959009346841782e+01,-1.176783740370213494e+01,-8.835801417336744734e+00,-8.931753414103901889e+00,-9.600420358551650324e+00,-7.973902095954458424e+00,-6.005298657839757581e+00,-2.161542368444277606e+00,-5.327634561878821229e-01,-1.955880386523996428e+00,-6.306392992682316567e+00,-1.111925691616635348e+01,-1.547937749814586539e+01
-1.701809453062650590e+01,-1.196241579987421844e+01,-7.802901464850962476e+00,-5.158379634513574175e+00,-5.081516952950413391e+00,-8.120841701616759778e+00,-7.452264817948100806e+00,-7.232368276149284902e+00,-1.116649247868722306e+01,-1.184560206707786101e+01,-1.221945161979739325e+01,-1.500507900694839059e+01,-1.834006145521372133e+01,-2.103578697933870245e+01,-1.617937171659549733e+01,-1.486775042930571011e+01,-1.503151721213044212e+01,-1.541674885228902347e+01,-1.103317283932902271e+01,-6.073958437240236208e+00,-3.070237962411669574e+00,-2.479639737872688432e+00,-3.285699061492625361e+00,-2.985063551080866961e+00,-5.632212668348166140e+00,-3.747350673052333825e+00,-2.405705811794575322e+00,-5.139135284904985390e+00,-1.158395278954706242e+01,-1.363822858674185667e+01,-1.265022202149158836e+01
-1.662367203581232999e+01,-1.448681433461293366e+01,-1.302193165902330030e+01,-8.327030136555181983e+00,-5.588588686800804339e+00,-5.827167332422833468e+00,-5.847462881137342805e+00,-5.628516343680500356e+00,-7.532302643321141744e+00,-1.178628232649394469e+01,-1.727010848442045443e+01,-1.908631915104489352e+01,-1.963767027554391831e+01,-2.077683900684869656e+01,-1.556394898891448975e+01,-1.226605464530592293e+01,-1.332883609443151585e+01,-1.293038066244926831e+01,-8.321183680987157771e+00,-3.015168983685909243e+00,1.427038153853588398e-01,1.736507463120237071e-01,-2.210162056439033851e+00,-2.639167263719425449e+00,-4.709163512537616114e+00,-5.777598568747023933e+00,-7.292486074842324584e+00,-9.879645730767931511e+00,-1.284828769259092240e+01,-1.462670934100110998e+01,-1.145592489062237185e+01
-1.852441871266405116e+01,-1.777891248414496417e+01,-1.675924822863410668e+01,-1.557796870760557084e+01,-8.529383640329376348e+00,-6.616509094709107863e+00,-8.272465459939812860e+00,-1.016319413595840793e+01,-8.003275945407001046e+00,-1.056283137227306845e+01,-1.600948808874402829e+01,-1.558431301998490959e+01,-1.649883026034892097e+01,-1.839799204393595033e+01,-1.498563096703601438e+01,-8.676142423593697472e+00,-5.387834433247061128e+00,-4.838959638686740838e+00,-6.766823776805883206e+00,-3.213260767816080499e+00,-1.195732907631763098e+00,-3.258081282387260469e+00,-8.156755748009230089e+00,-8.197486447068635940e+00,-8.530935053251871736e+00,-1.006002303457059810e+01,-1.584036916544457441e+01,-1.886105242296427065e+01,-1.808405684122518409e+01,-1.358052920493759075e+01,-1.055069918392085171e+01
-1.950829995279552520e+01,-1.609206025139624430e+01,-1.609266510530679994e+01,-1.464773752308693311e+01,-9.501575821588019721e+00,-7.092758543100677215e+00,-7.452818524687230273e+00,-7.862634476493386870e+00,-7.563906350055662919e+00,-9.146675120882626686e+00,-1.170234098153955848e+01,-1.059689824721392526e+01,-1.178239633656349561e+01,-1.534344841953085314e+01,-1.491590678491512278e+01,-9.311319588613109488e+00,-7.621990050087456225e+00,-8.500134972816317358e+00,-4.024510697821671812e+00,-2.089973665748433351e+00,-2.800042093765702678e+00,-6.919088094792633648e+00,-1.327961976037305902e+01,-1.470942512680502468e+01,-1.758433900059772270e+01,-1.798515694782513563e+01,-1.816798303207429655e+01,-2.153344579905020950e+01,-2.059228921437463811e+01,-1.558128726983270695e+01,-1.171973772710111028e+01
-2.037134653379937177e+01,-1.893317941457283737e+01,-1.893755614156482636e+01,-1.765862219473894967e+01,-1.084605625697544617e+01,-8.671077055089613239e+00,-1.087684464755178482e+01,-1.024625412355951859e+01,-8.754666864871978760e+00,-1.108187016519177881e+01,-1.155871034770452610e+01,-8.651978429626016265e+00,-9.218596262090345661e+00,-1.406426226391511847e+01,-1.655810024357643329e+01,-1.148494105980175917e+01,-1.095567019446557389e+01,-1.319841834376840062e+01,-1.000649093210446772e+01,-5.348133593406371844e+00,-4.908530396291450160e+00,-8.744946609212069788e+00,-1.581869585574174053e+01,-1.582995688364285414e+01,-1.713270830156422520e+01,-1.674896371064065903e+01,-1.812743860633433357e+01,-2.189796603126686136e+01,-2.125877788988482209e+01,-1.809549420821566557e+01,-1.522717086808020248e+01
-2.159845519266208669e+01,-2.052903513046873840e+01,-2.130042148037117045e+01,-1.978851721066386915e+01,-1.457444520156924384e+01,-7.790650541041078014e+00,-4.697839451186797355e+00,-4.785076322362703749e+00,-7.925954116242272640e+00,-1.164332983523857656e+01,-9.289497361463659786e+00,-8.186609454515600959e+00,-1.015400875616474252e+01,-1.428129284221585138e+01,-1.711976488197550950e+01,-1.149820765827884195e+01,-7.210006086766219013e+00,-6.985577992656651247e+00,-6.490536768826804526e+00,-3.927304387749994685e+00,-4.181212816246542729e+00,-5.042066417571876791e+00,-4.845011458051304842e+00,-5.237279578918168532e+00,-6.070136705507375829e+00,-8.094413804156440406e+00,-1.384030411373667313e+01,-1.796251932312460653e+01,-1.718082075559792443e+01,-1.887650724619376419e+01,-2.096582980917281347e+01
-2.227923267829318021e+01,-2.099248425900435322e+01,-2.081277601859148874e+01,-2.141237206619326727e+01,-1.810961235571308237e+01,-8.185580832617622704e+00,-3.749362348719742499e+00,-2.353325546953921155e+00,-3.950610428610268787e+00,-7.524636768242892515e+00,-1.231086812800719876e+01,-1.454319065158106739e+01,-1.383106607348979011e+01,-1.637465085502432061e+01,-1.642358882888024496e+01,-1.338432896938644490e+01,-1.224842864274978638e+01,-7.025286351682758834e+00,-4.738912484131190261e+00,-5.130543812592866182e+00,-8.758562456409469732e+00,-1.044269849522775040e+01,-7.359006764257655320e+00,-7.217798419641096253e+00,-5.293063952407541350e+00,-3.590589265432991617e+00,-4.868139396319870471e+00,-8.344480638994889787e+00,-1.379716482282686663e+01,-1.892110006248249832e+01,-2.010509994851441107e+01
-2.292912798568982069e+01,-2.103389692506870290e+01,-2.018160811592550985e+01,-2.042425575376558555e+01,-1.790379056710155226e+01,-8.563072615811805122e+00,-5.524679301541392640e+00,-6.616489987225592451e+00,-8.352861520419477159e+00,-6.290375570539667116e+00,-8.539179539981008205e+00,-1.260875116175964017e+01,-1.734405712219847473e+01,-1.884208029157975162e+01,-1.556574175137431659e+01,-1.456576533177319632e+01,-1.433076954689346394e+01,-1.223466829542352308e+01,-1.359446941303605705e+01,-1.293729401085557029e+01,-1.390897249123629464e+01,-1.568136685034808053e+01,-1.454093459724378157e+01,-1.625961531410698058e+01,-1.229971887283966403e+01,-7.027018654997609026e+00,-5.057889417846913815e+00,-5.908538148433220449e+00,-1.112969640623621537e+01,-1.595171114677140700e+01,-1.807057247442357806e+01
-2.244391092733174986e+01,-2.010006649654452460e+01,-1.859260608669088555e+01,-1.944687969744706280e+01,-1.444552265395637392e+01,-8.549266981477497751e+00,-5.388859443303917196e+00,-4.550595163688564426e+00,-4.389545535496553796e+00,-4.018865530809559772e+00,-6.144727633279912560e+00,-1.443671424048287477e+01,-1.992087012078581765e+01,-2.015300877955781189e+01,-1.401683060161205852e+01,-9.789620373429370304e+00,-9.009660782433357440e+00,-1.146354901990970632e+01,-1.599186672883875282e+01,-1.589919332295906607e+01,-1.611678976972563859e+01,-1.738484268629250451e+01,-1.869701739319232203e+01,-1.851277410583335836e+01,-1.654535052455774036e+01,-1.615723916061785914e+01,-1.250116007618543534e+01,-1.017075450280133353e+01,-1.020826288030928986e+01,-1.140793137890952025e+01,-1.419943793481137639e+01
-2.116508926664079837e+01,-1.784825685444999976e+01,-1.671959642101736776e+01,-1.730518152733810666e+01,-1.218860086873799808e+01,-9.466457983024982425e+00,-1.029359752340477030e+01,-5.745890824640748740e+00,-2.053323453151378430e+00,-2.111584867992508663e+00,-6.632846036878954799e+00,-1.436651777219371695e+01,-1.873012788355851299e+01,-1.743592043684310156e+01,-1.291014054492742069e+01,-1.093501813071114626e+01,-9.693448655745562803e+00,-1.184647795532931802e+01,-1.614464800698416624e+01,-1.565271862014001236e+01,-1.484543598900322081e+01,-1.439449804370142871e+01,-1.645882690353553812e+01,-1.845633868910685393e+01,-2.022412826133375319e+01,-1.944559992461645237e+01,-1.748892830800609488e+01,-1.694674456420064956e+01,-1.880140568829384051e+01,-1.796926229941744779e+01,-1.644537381063990367e+01
-2.086342272638272988e+01,-1.781097457388869998e+01,-1.679860138592599839e+01,-1.820515446302269780e+01,-1.445572666460726374e+01,-9.392713477631577490e+00,-5.468437340705334826e+00,-2.961743231213205707e+00,-2.678007541052183083e+00,-5.689628670708190228e+00,-9.098154256323805811e+00,-1.251750250022952216e+01,-1.079576674629660182e+01,-1.020771286116928600e+01,-1.217542514981341917e+01,-1.466518942949150706e+01,-1.126659442897604357e+01,-1.204096926761274666e+01,-1.337426784258930645e+01,-1.321441635063716369e+01,-1.406388424574828022e+01,-1.410930553855014402e+01,-1.293467096771512637e+01,-1.414349449782812229e+01,-1.321380887211871702e+01,-1.143210805664543273e+01,-9.438619346428318124e+00,-8.729409377114111024e+00,-1.089240451720582392e+01,-1.391586424823568713e+01,-1.499664410923709390e+01
-2.229198119920842913e+01,-1.950098157930774789e+01,-1.813708167316532993e+01,-1.895428493042953733e+01,-1.857083876894301611e+01,-1.125814700777791089e+01,-5.875382359789199427e+00,-4.968354166187972432e+00,-6.807791768878447947e+00,-1.435349639724282689e+01,-1.656729389338934055e+01,-1.354730910413405454e+01,-1.073771835675760400e+01,-1.174571708370657497e+01,-1.293669297214315783e+01,-9.588102655751365333e+00,-8.804260845945663050e+00,-1.070402964523860412e+01,-1.235199956583375602e+01,-6.886328278719878071e+00,-3.613792718051612063e+00,-2.761899397975545956e+00,-3.978027419502501605e+00,-8.417203411479487585e+00,-8.465412539171696338e+00,-4.559626114531224239e+00,-3.804459631192584013e+00,-6.037573691363594897e+00,-9.095245599997143771e+00,-1.158485953747725361e+01,-1.563354275707437147e+01
-2.229783464880550525e+01,-2.064713991790258518e+01,-1.974500654124412335e+01,-2.023463374626736666e+01,-1.946418707611180210e+01,-1.263307196452837999e+01,-1.214338590668029205e+01,-1.327511545489816136e+01,-1.223863184151529282e+01,-1.169247215435284559e+01,-1.330567308934796777e+01,-1.284023985542169122e+01,-1.308580480854050521e+01,-1.555343275811491921e+01,-1.708038879542791477e+01,-1.034697859928387587e+01,-7.862236133643558667e+00,-9.532172283204664254e+00,-1.117489765321507100e+01,-7.289121963396794079e+00,-7.063095459616703486e+00,-2.257499400398130351e+00,1.214815038373740809e-02,-4.643992453739203552e-01,-3.163085480748887068e+00,-7.401042087363595812e+00,-7.915008669139957931e+00,-1.005142821935044672e+01,-1.420953421131903305e+01,-1.543832604524468088e+01,-1.715417806541218582e+01
-2.238943621290831842e+01,-2.131718225038352088e+01,-2.123353120559403706e+01,-2.093917612869198663e+01,-1.988130041731505671e+01,-1.271304849616619670e+01,-9.983435949858497693e+00,-1.001389391056629741e+01,-9.625938354420060961e+00,-1.174596486923073435e+01,-1.222240593453415336e+01,-8.767125469295917739e+00,-7.969238986488149656e+00,-1.026347258211183977e+01,-1.263506659139104293e+01,-1.361895996883135851e+01,-9.140397991953777890e+00,-6.527429048003268619e+00,-6.378259993275674056e+00,-8.019571276272044358e+00,-9.384561616332591782e+00,-5.310663081517740025e+00,-3.600389628490127780e+00,-4.169629689894945201e+00,-5.737955616841859730e+00,-7.271536370034978880e+00,-6.289779789057098114e+00,-5.511125398032805656e+00,-8.193449017630905828e+00,-1.436987238521335541e+01,-1.456047142653905979e+01
-2.079487548555646725e+01,-1.686801957182523637e+01,-1.657494564817733007e+01,-1.676302648892923486e+01,-1.702567139593493195e+01,-9.475925892841916109e+00,-4.396281936494515818e+00,-3.022785146395918332e+00,-4.709261982380843037e+00,-9.329764887565323406e+00,-1.028716001390409041e+01,-1.005993957980340348e+01,-1.191951755816195124e+01,-1.059550053332032249e+01,-1.169801958268430120e+01,-1.640818745849513149e+01,-1.498546135726095230e+01,-9.199545520193437298e+00,-8.534536507450232179e+00,-9.289816097802475525e+00,-5.507872702835612699e+00,-6.098601155444791644e+00,-8.614777549169957638e+00,-7.032525313932041833e+00,-7.607079851023573980e+00,-4.812673446941463595e+00,-3.680977295238931468e+00,-6.967610740110654177e+00,-1.139854928124852584e+01,-9.315868808441802429e+00,-8.738870000138001970e+00
-1.932470140136590686e+01,-1.224396049475469539e+01,-7.819795113651692553e+00,-5.698342826686987550e+00,-5.186194423617434879e+00,-5.417568767271122354e+00,-6.652868721821979747e+00,-4.226490452948238108e+00,-4.951265254065770449e+00,-8.965719527807555878e+00,-1.035002465608741140e+01,-1.155942889622279601e+01,-1.606002530931424843e+01,-1.737586471012660283e+01,-1.365077317161720316e+01,-1.348916649718244543e+01,-1.389120694168475545e+01,-1.111736532920548903e+01,-5.453315560557260966e+00,-3.057034764182680497e+00,-2.754828397359233350e+00,-2.019395156257723034e+00,-3.408772653059744528e-01,3.535126522750820510e-01,-5.950205489604718512e-01,-3.494456091342971416e+00,-9.924394785105681294e+00,-1.410284311831498272e+01,-1.760745935279782159e+01,-1.601040350589431682e+01,-1.369719102903574459e+01
-1.928975378465251822e+01,-1.715163322657096145e+01,-8.550741499712486871e+00,-4.309603653535121204e+00,-4.212966107771176638e+00,-7.544794010014093111e+00,-1.310560957173339425e+01,-9.750316609855460115e+00,-7.578862770765769419e+00,-8.124243692064485600e+00,-9.171390867533803615e+00,-1.050238448531687752e+01,-1.288706782385080807e+01,-1.514706809881354665e+01,-1.276262862241568641e+01,-9.336228557995386979e+00,-9.120585149326243979e+00,-8.384354101697436334e+00,-4.685167739120852382e+00,-5.634998668642604791e+00,-1.081870235377500045e+01,-8.942701916108612537e+00,-3.720390575953579138e+00,-3.826812709837236426e+00,-6.831152839445266522e+00,-7.273061643565903012e+00,-1.079878821793724519e+01,-1.452894750863564077e+01,-1.419262662054110002e+01,-1.684617696189079084e+01,-1.934107454884953725e+01
-1.992541393812965111e+01,-1.647605928352900762e+01,-8.075247596041494447e+00,-4.335756150113434515e+00,-4.013842723700178361e+00,-7.902375584890862115e+00,-1.745140514453920133e+01,-1.876322517174632765e+01,-1.712641610818750593e+01,-1.617978564931565089e+01,-1.474854235188299789e+01,-1.351913459861979838e+01,-1.378935604836760476e+01,-1.467976564719897326e+01,-1.474256335186357170e+01,-1.399803644669156100e+01,-6.950867090655975744e+00,-2.632299442348039253e+00,-1.249403634225629833e+00,-2.348556026172782030e+00,-5.646926834019089014e+00,-3.594546945480935118e+00,-2.669878612089258585e+00,-6.006664883814940126e+00,-9.785754753511492154e+00,-6.242106091927642986e+00,-3.325492253245300400e+00,-3.691279276870895298e+00,-7.464057705482514571e+00,-1.521637768404824342e+01,-2.167750728831571649e+01
-1.896494422940646984e+01,-1.058466142916879704e+01,-3.763214194098440490e+00,-1.100844205152123445e+00,-1.778783987170601932e+00,-5.799535366667418756e+00,-1.680928696904863529e+01,-2.138359783877845643e+01,-2.084625281406049879e+01,-1.504620861706613510e+01,-1.129109952630115110e+01,-9.245255921568189095e+00,-8.660876513529224496e+00,-9.341979178060002553e+00,-1.124669759213423603e+01,-1.196064745177741884e+01,-1.276362326766262534e+01,-1.149931713916799580e+01,-4.349657565104861234e+00,-2.559281908879115441e+00,-4.209428017868507510e+00,-3.595086244547332832e+00,-3.726097518561540811e-01,-7.573887662318370406e-01,-2.930956389560332997e+00,-1.278359690748356536e+00,-5.096132861298191541e-01,-2.174993338112273467e+00,-7.118223310268225745e+00,-1.387801809371018535e+01,-1.507736523712382670e+01
-2.005614098280417679e+01,-1.219257441037843215e+01,-5.928783001331221492e+00,-2.163828807630568285e+00,-1.193212543865259878e+00,-2.595929928233518424e+00,-7.698480264330673783e+00,-9.866474014871259968e+00,-9.547110565319782083e+00,-9.320739681981191183e+00,-1.182276755320925687e+01,-1.442711232990777859e+01,-1.299159092562539186e+01,-1.489392224279772314e+01,-1.817175159033607201e+01,-1.749748510573090599e+01,-1.566994236196790347e+01,-1.672153710116859315e+01,-9.758976306734966855e+00,-6.442028076708817608e+00,-5.962191760289568876e+00,-5.753081552371257068e+00,-3.622360649805060007e+00,-1.918447917313588880e+00,-3.189971412527873973e+00,-8.162476898736453990e+00,-7.366757276464065640e+00,-5.165870551301651403e+00,-6.435658618432133160e+00,-1.018351199997573353e+01,-9.810974949047345461e+00
-2.047137353400222537e+01,-1.407942066873822817e+01,-8.813919129491853965e+00,-9.670562267303466797e+00,-7.701899512960505234e+00,-4.321618932620191700e+00,-4.673697400532913271e+00,-4.310232192653567829e+00,-3.075040673007484404e+00,-4.718916448725371637e+00,-9.891736672705963684e+00,-1.713891815137462515e+01,-1.576734842272365711e+01,-1.704256418973458054e+01,-1.967772002180083390e+01,-1.976564171935330094e+01,-1.497653623689122604e+01,-1.342418382348132688e+01,-9.393577064285759448e+00,-5.624605510916028450e+00,-4.947848652841663863e+00,-7.897921592498025944e+00,-1.131115582359939076e+01,-1.068030732269046723e+01,-1.012391875421299581e+01,-1.175576206816344715e+01,-1.388356832195730739e+01,-1.160951811976793380e+01,-1.179091650798541124e+01,-1.346763915174147641e+01,-1.667836032194249896e+01
-1.784480689353301841e+01,-9.734836810777167670e+00,-7.078265131521625619e+00,-5.272759995540650557e+00,-3.434131607444597112e+00,-2.848143520483261693e+00,-4.563343942579186852e+00,-3.489373904866158504e+00,-2.108906859985920423e+00,-4.664379923533992667e+00,-1.164403728176565700e+01,-1.948471106100483041e+01,-1.696059824438655994e+01,-1.817749255645174955e+01,-2.031051308768136110e+01,-2.075754580778234271e+01,-1.593764233989875834e+01,-1.241772628131032974e+01,-1.346104385973024797e+01,-7.245271433301332387e+00,-4.233671650040049528e+00,-5.050638312552155895e+00,-9.932069413802203428e+00,-1.598688465406914716e+01,-1.583713735652571053e+01,-1.733734013353075198e+01,-2.000401725889253868e+01,-1.661784406369473643e+01,-1.401156471757327893e+01,-1.550432835506791740e+01,-1.787885114725898461e+01
-1.741246444838387575e+01,-1.129096371686759070e+01,-1.125056732402128290e+01,-1.191195945278936996e+01,-7.608823634746696207e+00,-5.818930073445584661e+00,-6.644115409107502757e+00,-4.032709625819619781e+00,-2.770449181541236872e+00,-5.117878203632450607e+00,-1.018076236508473542e+01,-1.567688760336707610e+01,-1.473717501484045478e+01,-1.640974424566541501e+01,-1.753981832796786122e+01,-1.598395432744707456e+01,-1.162087712568395226e+01,-7.205200798120818817e+00,-3.946748976493958505e+00,-2.497659516573625282e+00,-3.180327938067406102e+00,-7.084475933503703970e+00,-9.877239047980108211e+00,-6.628540825067448239e+00,-6.794204151743099551e+00,-8.981998368972488933e+00,-1.502125907745681843e+01,-1.482973901564333552e+01,-1.109262689822862136e+01,-1.141600861869940253e+01,-1.562642580120503411e+01
-1.907121573275878745e+01,-1.745495114406617887e+01,-1.133754940293416169e+01,-7.165462212402279540e+00,-7.156939238309860229e+00,-1.111373810119488681e+01,-1.428891183223043093e+01,-8.673238036011447605e+00,-4.442429891325721414e+00,-4.599611382837555773e+00,-9.510840268195176250e+00,-1.413508118801758151e+01,-1.493082517335394854e+01,-1.804723839198841873e+01,-1.695799074854169675e+01,-1.062696858814784484e+01,-7.213693054283366379e+00,-6.871301244286930121e+00,-9.695976780743158940e+00,-1.171692344433620114e+01,-7.207540892878500749e+00,-3.847495663065870097e+00,-3.333794433576594773e+00,-4.725729635783603833e+00,-6.319837679131691921e+00,-4.446331052469606249e+00,-4.560213382003688309e+00,-5.792332232248883273e+00,-6.836908015383391657e+00,-9.407464120067468016e+00,-1.007253879959843701e+01
-2.220356080912742414e+01,-1.840926092612643217e+01,-9.608021190186509131e+00,-5.208398557260256467e+00,-3.337669309698233278e+00,-4.457751099677646600e+00,-3.702739774679937312e+00,-1.594191287293738712e+00,-5.322595691169463850e-01,-2.124569337064705632e+00,-5.743653545860483156e+00,-1.484423253015309818e+01,-1.877753668873249993e+01,-1.752383999964770211e+01,-1.683008435293405824e+01,-1.086360247095091935e+01,-9.219875272582559234e+00,-1.107285284595329244e+01,-1.478982566585059999e+01,-1.082753425435859640e+01,-7.659983832044761520e+00,-6.056461403349868711e+00,-6.530229769302766663e+00,-9.192513871593636310e+00,-1.580477563523444751e+01,-8.911034302551206210e+00,-3.233422895463168079e+00,-2.466023420993269877e+00,-6.189907799122714493e+00,-1.263525195382222321e+01,-1.550599267502792777e+01
-2.234749236227083458e+01,-1.518161246756545601e+01,-7.362258668957638363e+00,-3.951070065132709974e+00,-4.830938592177479229e+00,-9.116540236382924434e+00,-8.853677317875774833e+00,-7.255499976867136880e+00,-4.627929919234969880e+00,-6.232421168697481306e+00,-1.271453573423273475e+01,-1.369418074904369753e+01,-1.284804764314859860e+01,-1.205252975275536542e+01,-1.099603530439008203e+01,-1.146846186914363841e+01,-1.236737585568628361e+01,-1.562092721161722153e+01,-1.092218269320095203e+01,-6.862786134251025238e+00,-5.950068286487034008e+00,-9.087948927608858085e+00,-8.236903174584652376e+00,-4.856701153291373529e+00,-4.772329571461226827e+00,-3.066231563416340844e+00,-1.142307322597003461e-01,1.142095676975465601e-01,-2.712557450359483813e+00,-1.076149680083539373e+01,-2.159584802238881096e+01
-2.307996706101073059e+01,-2.015356459437298042e+01,-1.147884040419794971e+01,-5.611215130120766226e+00,-3.026157604170446547e+00,-3.535620839092410872e+00,-7.544460343463080143e+00,-8.253513097262182185e+00,-6.740572228652088604e+00,-8.348645098570013801e+00,-1.260559217869734638e+01,-2.066690679157481370e+01,-1.933541003996584706e+01,-1.491078702441784465e+01,-1.381370727855618341e+01,-1.619262560776301640e+01,-1.725909434046064206e+01,-1.436605672375494613e+01,-1.080672558215485957e+01,-8.098197399067277757e+00,-9.133244674245849737e+00,-8.354393603921938194e+00,-4.339057963184949962e+00,-3.939400844589000972e+00,-7.765527282004096143e+00,-6.271891125951338353e+00,-1.371302221335046090e+00,-6.111999138890243932e-01,-3.445154779164136372e+00,-1.134761396225760954e+01,-1.900736605219480424e+01
-2.233971163204737920e+01,-1.536677987735812323e+01,-1.214435983806097141e+01,-1.253446949830576074e+01,-7.764871036305146745e+00,-5.343231988679461253e+00,-7.528408580717920628e+00,-9.118682645949997223e+00,-6.592615960525865404e+00,-9.288997789390949222e+00,-1.601969850764555048e+01,-1.955989164264262214e+01,-2.076003055211876713e+01,-1.981122690689663912e+01,-1.547708917665882211e+01,-1.257420556685503854e+01,-1.238891158584787000e+01,-1.659599929697373355e+01,-1.675379634704910359e+01,-1.220136321993435047e+01,-7.345764641250882576e+00,-3.993727647785504153e+00,-1.258748618232383709e+00,-1.795580951126190650e+00,-5.948871232749221249e+00,-7.498807172584465164e+00,-2.561172183258693558e+00,-1.830818700369353458e+00,-5.220508078316680844e+00,-1.364959484489024177e+01,-2.258467206434041685e+01
-2.144665085968851059e+01,-1.221550119123538991e+01,-8.618574179020248138e+00,-6.292500308581760571e+00,-4.312160143080880026e+00,-3.649708280167659691e+00,-5.245994639622063360e+00,-5.523898445508059751e+00,-4.968327902069612279e+00,-6.227000866617474983e+00,-1.140975872057826557e+01,-1.971839759429963834e+01,-2.174168456903024804e+01,-2.181831762970996635e+01,-1.746396213619648918e+01,-1.466359088601184446e+01,-1.501366204373976743e+01,-1.530812620515582978e+01,-1.871383003427201075e+01,-1.687255881012988823e+01,-8.126669981399503584e+00,-2.696891851552973396e+00,-8.495011217385910474e-01,-6.537458290866411392e-01,-1.550362422260134876e+00,-2.660453891234879187e+00,-3.847402578656084149e+00,-4.807295523180838082e+00,-7.959733327897656530e+00,-1.269014209158280337e+01,-1.987190554522666730e+01
-2.083522715087698174e+01,-1.762985214065102824e+01,-1.065725236680327370e+01,-5.771991562442619461e+00,-4.587054689641759886e+00,-6.810050597461331456e+00,-1.413458990474708976e+01,-1.353283349881652953e+01,-7.827282617572977053e+00,-5.708564882518864181e+00,-6.741527008409259558e+00,-1.212817721006249094e+01,-1.686517446782408669e+01,-1.616212871595590883e+01,-1.454821824025707144e+01,-1.812279772758483887e+01,-2.120971452889322251e+01,-2.094984366312748136e+01,-1.856833223735585037e+01,-1.731751933017698519e+01,-1.200755174520636892e+01,-8.209053605043587609e+00,-7.984279987691831337e+00,-1.095001253936471031e+01,-8.982519514170013153e+00,-8.795715388129739409e+00,-1.175681720010372722e+01,-9.945336410979262354e+00,-1.250012379734456047e+01,-1.724652120646308617e+01,-1.493873125164448723e+01
-2.171788917669729102e+01,-1.806373468266815863e+01,-1.281847709367255206e+01,-1.139913245008773224e+01,-1.380843166042776637e+01,-1.332276851790291872e+01,-1.093758884397875342e+01,-1.114941012558816880e+01,-7.148709047742250355e+00,-5.328107484248506331e+00,-7.805320007961337403e+00,-1.386417016562293547e+01,-1.186142577744331739e+01,-1.054301660501656457e+01,-1.244988967290445459e+01,-1.597677965124114152e+01,-2.079091299782280089e+01,-1.594276783746831505e+01,-1.055585888554068141e+01,-8.627689217819886736e+00,-6.282649256664664783e+00,-6.376483509050948406e+00,-9.519476309043017892e+00,-1.279453268572062008e+01,-7.355459527809078857e+00,-4.382718971046078771e+00,-3.978242412960829810e+00,-6.625578954690644728e+00,-1.270249803777502429e+01,-1.889086785336502317e+01,-1.778906141709880728e+01
-2.242701796523663305e+01,-1.667102455692131002e+01,-1.291598917656586032e+01,-1.432895002445252963e+01,-1.718935844828100912e+01,-9.774074062329379586e+00,-4.822685736268680579e+00,-2.003537897000034373e+00,-2.606326414401322289e+00,-5.811320025880797324e+00,-9.620767403049629962e+00,-1.225343408103750598e+01,-1.653417958832588397e+01,-1.857750124991440899e+01,-1.425787734584648092e+01,-1.412203094939223824e+01,-1.582125764734604800e+01,-1.624476971696404703e+01,-7.750212269983872915e+00,-2.677779574123281492e+00,-1.421502575684268299e+00,-2.739569884267079924e+00,-6.748451242176424891e+00,-1.191908495766775999e+01,-1.243298194688909142e+01,-1.107438241784312183e+01,-6.988281951606774456e+00,-5.186843491902871861e+00,-6.646667818562323582e+00,-1.180002690012715405e+01,-1.452570010734205574e+01
-2.281628387314932738e+01,-2.209199534143720456e+01,-1.388062054670157508e+01,-5.899834760347334672e+00,-2.687406558707794879e+00,-9.145294541936708210e-01,-2.049510097219667593e+00,-5.317118720039471391e+00,-5.409029373100826099e+00,-9.094585073344847004e+00,-1.053156332408680562e+01,-1.045268397571659946e+01,-1.585943789041342811e+01,-2.215203413242051411e+01,-1.797358193117029401e+01,-9.801631059967169435e+00,-6.234799985374722908e+00,-3.696500139201388535e+00,-2.581403021665462205e+00,-3.586130993562053781e+00,-8.479246850117664991e+00,-1.000293937193996818e+01,-9.657223115448189787e+00,-1.477335373794331197e+01,-1.928450028134995264e+01,-1.930229673165233351e+01,-1.420651739485123599e+01,-9.711406267490707123e+00,-8.491017528942652604e+00,-9.321021726151474951e+00,-1.671581372092751749e+01
-2.378454220294952393e+01,-1.955229517892629332e+01,-1.479798657553536501e+01,-5.762466950326406767e+00,-1.240907947435249126e-01,1.145529941541236774e+00,-7.067110429591539900e-01,-4.330286954939483124e+00,-3.720383242273531010e+00,-5.150781244603025222e+00,-8.481996527739934066e+00,-1.291650833001657617e+01,-1.579277437474547341e+01,-2.068455142534079627e+01,-1.982376436826561772e+01,-1.066318985293893284e+01,-7.684367806971573955e+00,-9.512667335131588686e+00,-1.000903115496665485e+01,-7.502512421803314346e+00,-9.104322802619773114e+00,-1.136369284361350473e+01,-9.335905872473196254e+00,-1.046707219536564892e+01,-1.220374071698228846e+01,-1.127899933812998867e+01,-1.469298916403986865e+01,-1.466144638903000796e+01,-1.342685584360811824e+01,-1.507826561487021522e+01,-1.867814764455587095e+01
-2.331981419114505627e+01,-1.743204379081726074e+01,-1.748792898554761877e+01,-7.362234564889378774e+00,-2.674623608777002115e+00,-9.337642507983699991e-01,-1.926236988935448924e+00,-3.720617798042577640e+00,-8.727954199083713505e+00,-1.747509229784252227e+01,-1.710776916271498393e+01,-1.857491240581544645e+01,-1.772599682086655903e+01,-1.717038116435043094e+01,-1.857075386287785435e+01,-1.223702068889842387e+01,-8.013852350852069151e+00,-6.256907664176796224e+00,-5.634911794371965321e+00,-4.782579160037160548e+00,-5.770083874213595365e+00,-6.401027973263021309e+00,-3.067497616183763931e+00,-3.298282267784057975e+00,-6.127993641781205980e+00,-5.814784824096856042e+00,-4.707526286610034028e+00,-6.461850111114502582e+00,-1.082808938472210869e+01,-1.558953146373524312e+01,-1.876920089401117053e+01
-2.314644438278775240e+01,-1.603595629359493913e+01,-9.875775183950151970e+00,-7.452893779558293907e+00,-9.414705029555729965e+00,-1.524171753565804366e+01,-1.777605648150964868e+01,-1.474516576278109525e+01,-1.363670137850176367e+01,-1.921249514968455330e+01,-2.165243617927326980e+01,-1.863807987165050406e+01,-1.389754487185918919e+01,-1.138474354473482641e+01,-1.047792926956625514e+01,-1.316057261499036279e+01,-1.167590635564146950e+01,-6.912562745959818677e+00,-6.587984321748509231e+00,-1.006315983994668350e+01,-5.161077722531406842e+00,-1.944066568847135246e+00,-1.574316731994793495e+00,-3.546299468870705240e+00,-8.556807893164018353e+00,-5.884720902483002725e+00,-1.205788545285551239e+00,9.650461153643784262e-03,-1.843469688571997445e+00,-6.612846991094220250e+00,-1.267603871802321969e+01
-2.375330400066215475e+01,-1.761879029895077409e+01,-9.095034416984109527e+00,-7.655074921475739202e+00,-9.169544639206733905e+00,-1.441976166572891316e+01,-1.514566911368810764e+01,-1.633269723122861095e+01,-2.001771971758674340e+01,-2.029329904187627065e+01,-2.286025893588026037e+01,-2.056495101411803361e+01,-1.591050865469860476e+01,-1.338465728779800834e+01,-1.324378652332209683e+01,-1.531676017336484819e+01,-9.229245025570653738e+00,-4.224065744651661625e+00,-2.669966167178956074e+00,-3.590823545664580063e+00,-7.499071404713542499e+00,-1.400588378560643221e+01,-9.114613362721033951e+00,-4.337397246676332863e+00,-4.912588606729414664e+00,-1.652468598158169266e+00,1.462795315073615265e+00,4.725913697229541799e-01,-4.372809813697353221e+00,-1.162616501986479634e+01,-1.499493484436964863e+01
-2.283114817362873339e+01,-2.070769053046442920e+01,-1.007623859213179962e+01,-4.961288943010218055e+00,-3.894509918299041917e+00,-6.087072179597966759e+00,-1.267386581617243202e+01,-2.070874007008656648e+01,-2.206924606772030018e+01,-2.267145381454660225e+01,-1.938910234174808522e+01,-1.661868921848906311e+01,-1.680759720642025812e+01,-2.012538023555979905e+01,-1.998952867003048084e+01,-1.461758021647188777e+01,-6.168766808422172510e+00,-8.686904459076487672e-01,1.425347725321742143e+00,8.168303679397032058e-01,-2.038309189800966426e+00,-6.740374112329563516e+00,-8.533248476871923671e+00,-2.826344464756861630e+00,-2.241112098689415910e-01,-2.554243146872320347e-01,-9.168802890809205630e-01,-2.131623332575795171e+00,-6.147176791139009389e+00,-1.310272447301560028e+01,-1.424914803725330792e+01
-2.274195438072461073e+01,-1.756855944625469945e+01,-8.251333479119949743e+00,-3.350855646764530960e+00,-2.725036744372684616e+00,-5.242468619546970743e+00,-1.379912730325169967e+01,-2.242786785233922231e+01,-2.158220937071727974e+01,-2.254518210787733068e+01,-1.856942981231112455e+01,-1.760266455982913314e+01,-1.790093814925987203e+01,-2.074441644724677758e+01,-1.969955030008524233e+01,-1.031319777504736557e+01,-5.123976683165846424e+00,-4.023771128550704290e+00,-5.106308561568774884e+00,-6.927444699848415155e+00,-8.849478107933816062e+00,-1.063352374745016427e+01,-8.032973754556239854e+00,-5.689077223705894859e+00,-7.188091856357054610e+00,-1.453970490546286598e+01,-1.371516449035716612e+01,-9.266390708063831028e+00,-9.158085808533581229e+00,-1.188240961367342585e+01,-1.919979897467028351e+01
-2.263741003565427690e+01,-1.546399714566078565e+01,-8.688258566275363748e+00,-5.794425945012916301e+00,-4.067975607364117785e+00,-5.129607608338363711e+00,-9.855208716472658281e+00,-1.777170339552294465e+01,-1.863753707268658744e+01,-2.004443778911558383e+01,-2.047937293713833995e+01,-1.825424887552982511e+01,-1.961536344560254364e+01,-2.075136795564859682e+01,-1.758886193227367301e+01,-8.791051611179062419e+00,-7.430686500893921576e+00,-9.068790805439988389e+00,-1.148016778561247442e+01,-1.049887525985220904e+01,-1.105378394467490111e+01,-1.254376139159963977e+01,-8.666889043916173208e+00,-1.039971782379791598e+01,-1.208437065717552805e+01,-1.523904385987450105e+01,-1.221348071999910445e+01,-9.148359075313857502e+00,-9.608781446428860562e+00,-1.219697138942590264e+01,-1.594398968760706836e+01
-2.314991215898209376e+01,-1.947005821376287571e+01,-1.471655458161810870e+01,-1.295166412221283458e+01,-1.366240828728475520e+01,-7.286304708288497523e+00,-4.543380677199163387e+00,-5.975893001846906749e+00,-8.767198000635419319e+00,-1.498246396589679819e+01,-2.046537179706477261e+01,-1.923312506755861051e+01,-1.829204309687894892e+01,-2.162057805862747273e+01,-1.895078480544210464e+01,-1.304792360898827219e+01,-7.738454172340762049e+00,-5.780042567673851828e+00,-6.645349391994356480e+00,-9.021853222065612243e+00,-5.673304773178420746e+00,-3.337395679205656052e+00,-6.131791749108238321e+00,-1.259150991670223796e+01,-1.501825525354938407e+01,-8.761812654081262863e+00,-5.089628814009386382e+00,-5.892065204249522736e+00,-1.048223151128832953e+01,-1.221090700496144699e+01,-1.161203094640699796e+01
-2.199009990191259334e+01,-1.713198366285372032e+01,-1.672959306460468554e+01,-1.544030675667674579e+01,-8.826021529045425140e+00,-4.414231808370902677e+00,-4.009794677130314788e+00,-7.169488240941231716e+00,-1.042662482552167802e+01,-8.792218875985184923e+00,-1.091959810256958008e+01,-1.521675939018986767e+01,-2.133504539577900871e+01,-2.059256642405726367e+01,-2.091965297290257197e+01,-1.656463466071281232e+01,-8.804916347776140739e+00,-8.092573132835516603e+00,-1.021838650432955298e+01,-1.469387724619953595e+01,-8.857868450028556495e+00,-4.922593806846802700e+00,-2.352274616777176863e+00,-7.875754081961080511e-01,3.284435166953867391e-01,2.714905319187570942e+00,3.377885898708232748e+00,2.214097460125147077e+00,-1.078775450872930364e+00,-5.950313155703685020e+00,-1.257147529545952302e+01
-2.069555897472285366e+01,-1.729769350400491845e+01,-1.645547474332216353e+01,-1.766317583633070143e+01,-1.049860970513159408e+01,-6.597977427123975502e+00,-4.033483011381966854e+00,-4.301495740143191249e+00,-4.645748780054204552e+00,-4.897831390134427032e+00,-6.069587970731639359e+00,-1.163625045433765770e+01,-1.734643101792375575e+01,-1.987578537083473407e+01,-1.878673667667292690e+01,-1.449346669782109664e+01,-1.031230578252247376e+01,-4.974908513431789636e+00,-4.419788438294615318e+00,-5.106872387516053990e+00,-4.136812907119257865e+00,-5.922559115065245905e+00,-7.638801055670786155e+00,-1.762159454031454242e+00,2.600668829537051696e-01,-1.131204745254847266e+00,-3.700462609858197194e-01,6.614606467686092728e-01,-2.154750165975155785e+00,-1.037055890099341049e+01,-1.939382927858529015e+01
-2.290001349088524663e+01,-2.027179917668093978e+01,-1.859489385220183166e+01,-1.808437005411677134e+01,-1.468067885146421503e+01,-1.034329048124681982e+01,-1.001745923777588310e+01,-1.121011268040713205e+01,-8.950102886732887342e+00,-9.166287528867481882e+00,-1.171470423756527346e+01,-1.125451353217373374e+01,-1.409920315882738961e+01,-1.724992748669215459e+01,-1.805322971263853304e+01,-1.842287550954257824e+01,-1.511047969245109179e+01,-5.020343116351535961e+00,-1.834827180333071572e+00,-2.237743733419465197e+00,-6.413199220263563483e+00,-6.833317493440723922e+00,-4.741917826548344372e+00,-7.042353269683212957e+00,-1.339421285723312494e+01,-9.797221659862694665e+00,-5.510740846396470438e+00,-2.109609042763898046e+00,-2.322722761038721995e+00,-7.314802047084359771e+00,-1.886488648823329228e+01
-2.126714582102639284e+01,-1.932823796332383282e+01,-1.756351395314480968e+01,-1.752079925216546741e+01,-9.695470982990345377e+00,-5.244099629902038373e+00,-4.535227304246244984e+00,-4.603794087914108601e+00,-5.873397829402394521e+00,-8.571394068854194970e+00,-1.015109109177308966e+01,-1.170803228246063732e+01,-1.296898140226091733e+01,-1.093382891787200428e+01,-1.012586766431311602e+01,-8.602440848070031620e+00,-6.561211458775175309e+00,-8.798528072479015805e+00,-7.094720223308110363e+00,-3.081562607572609469e+00,-3.758478546624674621e+00,-5.873461103489418633e+00,-9.800588459026913668e+00,-1.650264201344562309e+01,-1.269141017288720974e+01,-4.395623397301225310e+00,-7.087137839842995168e-01,6.936638313690148827e-01,-1.882880317832797301e+00,-6.453014327573175279e+00,-1.507717247169558661e+01
-1.750477175752655867e+01,-1.338381564717332850e+01,-1.329731775231721969e+01,-1.405771080085209412e+01,-6.941384495055975989e+00,-3.392517719042150937e+00,-2.406536680555015906e+00,-4.148081927771578137e+00,-6.935275305719936334e+00,-1.222554411106750827e+01,-1.175094901914356171e+01,-1.206449763314062729e+01,-1.102685783440325373e+01,-8.676462352776727727e+00,-1.017187740822800102e+01,-1.439514568072407208e+01,-9.566464368034811372e+00,-4.206172782293825740e+00,-1.460566720224822923e+00,5.632923209370591655e-01,-2.657381946430346087e-01,-4.109979731328158969e+00,-9.753112609146022294e+00,-1.442536036131762600e+01,-1.182335450318681147e+01,-3.860355310016820418e+00,-1.996205199582251844e+00,-3.308397596940924501e+00,-6.865628294864896120e+00,-1.335077163852563409e+01,-1.616511729384670915e+01
-1.891673564109481731e+01,-1.168489563164590805e+01,-8.171624132565089127e+00,-6.277580523440818183e+00,-3.728911635254611667e+00,-4.152468620353386264e+00,-9.067350799296082897e+00,-1.177287090125204116e+01,-9.273295891385117784e+00,-1.143276317580407486e+01,-1.341461886277719628e+01,-1.431870238520518157e+01,-1.230146365907011941e+01,-1.344403202193123903e+01,-1.666311035937621909e+01,-1.688963161997434526e+01,-1.058964364218110710e+01,-4.370350438702319096e+00,-4.766972531308224514e-01,1.743571348832685386e+00,8.983111585981502500e-01,-3.735740497418749584e+00,-3.963631478369141981e+00,-2.445599728474245005e+00,-4.048528569648746966e+00,-9.257319721354155817e+00,-1.201974687856786339e+01,-8.032798155516134742e+00,-8.786668697325120903e+00,-1.405671919994995456e+01,-1.382651487418583436e+01
-2.290185798316442600e+01,-1.572751995194859909e+01,-8.528288842249317270e+00,-5.327868463518488973e+00,-5.063728544454114022e+00,-8.304439368869076077e+00,-8.102311683302165335e+00,-5.163210511332800401e+00,-6.516402105072967466e+00,-1.047245387419932960e+01,-1.474143188540675098e+01,-1.318610581129538950e+01,-1.554339360289213090e+01,-1.704564296397842327e+01,-2.090337819812678433e+01,-2.056123164321194352e+01,-1.563723699786082122e+01,-1.550882163368353339e+01,-1.296028203924162980e+01,-4.328778248667685347e+00,-6.999388343958817815e-01,-5.730598749340504172e-02,-2.595408462372680969e+00,-8.505243613979457606e+00,-1.008814753178788770e+01,-1.209555178530075992e+01,-1.137202452912050177e+01,-8.655278681706981558e+00,-8.331290346734663288e+00,-9.029606181032518109e+00,-1.234954653367274879e+01
-2.233977829909124324e+01,-1.958335060732705202e+01,-1.616941497406038053e+01,-1.510774434013526957e+01,-1.544614278719204847e+01,-1.197466186815950984e+01,-5.982813530922436840e+00,-1.893656866848977494e+00,-5.409642742959155370e-01,-2.501905852701796551e+00,-8.058444791856933520e+00,-1.487916483899124565e+01,-1.756488813171867491e+01,-1.909639537835321477e+01,-2.126973900073716450e+01,-1.980979150082884743e+01,-1.821608488499617451e+01,-1.668375251473499077e+01,-1.162472901624791710e+01,-1.086755480285452258e+01,-1.113847877097730965e+01,-1.033805736448584511e+01,-7.997293305998089075e+00,-1.177582204842767766e+01,-1.674182209648004260e+01,-1.514513998372214232e+01,-1.657758337509732272e+01,-1.956095799878865904e+01,-1.780251011527887073e+01,-1.694534672408544651e+01,-1.579827358542370241e+01
-2.249254232294419253e+01,-2.161447507994515504e+01,-2.088463739286951792e+01,-1.863307649848841763e+01,-1.802528321442483872e+01,-1.176869785384971578e+01,-7.787919821608968007e+00,-4.342296496458975419e+00,-1.600419813162804239e+00,-1.194721122101740418e+00,-3.539856803916519912e+00,-9.239143130659055458e+00,-1.649623066437344576e+01,-2.154227545081066353e+01,-2.230964322250430243e+01,-1.537207913799446146e+01,-1.457689006488864081e+01,-1.352824797700433201e+01,-9.733500722075710598e+00,-9.055356969853409765e+00,-9.384782048834471979e+00,-1.136455221737132426e+01,-1.296226185660402308e+01,-9.009350376970628460e+00,-6.624778841223035286e+00,-1.167908028694761846e+01,-1.563077926635742188e+01,-1.371690582127130398e+01,-1.441686495312121785e+01,-1.632030873238539570e+01,-1.577220542991862651e+01
-2.163595523553735944e+01,-1.970692507158808482e+01,-1.903573238148408819e+01,-2.099912347412910663e+01,-1.919302087471264784e+01,-1.651962430937951254e+01,-1.664813219799714972e+01,-1.391264620147833320e+01,-7.574231036570894027e+00,-6.350003067435336490e+00,-8.872855991375546481e+00,-1.625820364070539625e+01,-2.033499222442883436e+01,-2.300164619213392925e+01,-2.277713647309471412e+01,-1.344447636504133214e+01,-8.472630063525768307e+00,-5.617959645365466770e+00,-6.323984299512470209e+00,-7.290343827560167966e+00,-3.353638742729520672e+00,-2.193643470087378144e+00,-3.276595653621714455e+00,-4.839027027122113189e+00,-6.098197952038099778e+00,-6.740485452303365932e+00,-9.920742297372898477e+00,-8.914822694634189304e+00,-7.105782788090345470e+00,-7.693236930029732967e+00,-8.945503658607226072e+00
-2.063819058903125025e+01,-1.903706040903299623e+01,-1.954020036168459029e+01,-1.729542685356460652e+01,-1.396452782735103249e+01,-1.525874584362286512e+01,-1.544433280600219227e+01,-1.152566491455591091e+01,-9.315089609442638974e+00,-7.692117305362925705e+00,-9.579812151544233600e+00,-1.418689973614796784e+01,-1.874566881396189544e+01,-2.118830876791176721e+01,-2.297412558563616969e+01,-1.158143519453641801e+01,-4.848468455446868219e+00,-2.820411598951626075e+00,-4.436143499451783434e+00,-6.936597976113567654e+00,-6.387451141571798274e+00,-2.294560192610692884e+00,-2.322267131537527618e+00,-5.849336115832190153e+00,-4.208356954290398910e+00,-4.708479331195855266e+00,-7.524971445318029417e+00,-9.032408438810781703e+00,-1.215389159146477205e+01,-1.543663477997819911e+01,-1.762406328245371157e+01
-1.971279714989061205e+01,-1.211910505254729387e+01,-8.673598296001177488e+00,-5.517729732168822565e+00,-5.077672454990258544e+00,-6.105638958325906529e+00,-1.083101225500347198e+01,-1.767948375930305360e+01,-1.723876601006804421e+01,-1.677473523336298200e+01,-1.221246169294629702e+01,-1.099727529437602058e+01,-1.421454735062703278e+01,-2.061441227868825621e+01,-2.278260537556239385e+01,-1.150903552670438756e+01,-3.832739064422975961e+00,-1.191562572546976284e+00,-1.828297254830469676e+00,-3.965534399584436542e+00,-4.748301882234190252e+00,-1.105827469231967841e+00,-2.173472829720694000e-01,-3.360403583298961827e+00,-7.036831710229337844e+00,-2.944846711731946343e+00,-3.546013593798925889e+00,-8.426382617289279509e+00,-1.433845280098313957e+01,-1.483408285589779041e+01,-1.607670192257696939e+01
-1.930790157879100022e+01,-1.192778906000762440e+01,-6.706612530876608247e+00,-5.953100145614447669e+00,-7.610817282640633508e+00,-8.781720658811201119e+00,-1.144210834963982926e+01,-1.509671974783184112e+01,-1.349684494934162160e+01,-1.139954005770322709e+01,-9.223148524260320613e+00,-1.097915382745887136e+01,-1.580372303173321669e+01,-2.298093306517400691e+01,-2.150527800231420628e+01,-1.130718912797815712e+01,-5.793663685812669328e+00,-3.297116711735725403e+00,-3.576590436909879767e+00,-5.952908331485261328e+00,-9.080354798029512953e-01,7.788785219338268950e-01,-1.762183795397428199e+00,-8.855372902725925144e+00,-1.094459860965985243e+01,-6.302442080583892547e+00,-3.852158459232133847e+00,-3.573375701614725841e+00,-6.113753780597398269e+00,-8.717127632193204079e+00,-8.842071285768717814e+00
-2.076660852271969659e+01,-1.920863054379695711e+01,-1.048702677758801904e+01,-6.966523446956602861e+00,-7.889637663083918007e+00,-6.470359218209011054e+00,-5.002675116563043645e+00,-5.201450855737285828e+00,-5.108512079014497331e+00,-5.824932227114669736e+00,-7.352006208996813008e+00,-9.704165303406595555e+00,-1.457321322865846724e+01,-2.118630282317890945e+01,-2.005782749572721713e+01,-1.402466136367381111e+01,-1.531226785042706595e+01,-1.400724166331171006e+01,-7.969360932332127057e+00,-2.949324888397328870e+00,-4.084227098075735585e-01,-2.834106519146930570e-01,-3.459770890751055372e+00,-9.731133480532831115e+00,-9.972802538831695429e+00,-9.981060678718471024e+00,-1.281790029651978458e+01,-8.505507112551136117e+00,-7.334989423010529919e+00,-1.032337568838055475e+01,-9.094056034288486856e+00
-2.233560512747083493e+01,-1.464820851848906891e+01,-8.713969547708495966e+00,-5.108945128171384020e+00,-3.505611207054442513e+00,-3.739292960402657684e+00,-5.016693408812294308e+00,-7.122434475592204883e+00,-9.689755106172642130e+00,-1.497688690654369914e+01,-1.669113650442171348e+01,-1.265127435151268465e+01,-1.271880783754236610e+01,-1.652196281897921537e+01,-2.139488643558085457e+01,-1.830610917596256115e+01,-1.324987853474977584e+01,-1.100264788976236474e+01,-1.100701431667103414e+01,-1.053344483636006501e+01,-6.046307944199618589e+00,-4.371522832035767969e+00,-5.579905407769339298e+00,-8.892985726604942798e+00,-7.818287034495537746e+00,-3.931642609734494975e+00,-2.488475259060838329e+00,-2.929461298244340206e+00,-6.303454044251506794e+00,-1.282231367836479308e+01,-1.353548462451005108e+01
-2.362440974572125540e+01,-1.519155479479236703e+01,-1.197973071627256303e+01,-1.271895352782321531e+01,-1.520420126804784644e+01,-1.241758875285877828e+01,-1.174726211022930045e+01,-1.399922440432700732e+01,-1.158820155989222123e+01,-1.388182934392400192e+01,-2.101099351073513688e+01,-1.685159700057085885e+01,-1.268195316571147480e+01,-1.163447644730575981e+01,-1.380193814810584563e+01,-1.539185759199767567e+01,-9.271411589714659840e+00,-4.807572982641828752e+00,-3.731808164070884892e+00,-6.807918811295213146e+00,-1.176210524004046576e+01,-8.475565428994283224e+00,-9.676302790641784668e+00,-1.420338271445586820e+01,-1.142521751728378376e+01,-8.311955990113254700e+00,-4.728096052145335015e+00,-3.223172518260338570e+00,-5.265792953241772878e+00,-1.140010242402052754e+01,-1.993875970459785663e+01
-2.295930818750077052e+01,-2.010126957372457213e+01,-2.146475254187063086e+01,-1.780968146364228133e+01,-1.283928328201550428e+01,-8.015472606450570581e+00,-5.397013403537894938e+00,-5.053288511869285848e+00,-8.560141423670183158e+00,-1.441159687322728722e+01,-1.484650504689256678e+01,-1.556055911248471624e+01,-1.596958643949332313e+01,-1.166614741738102978e+01,-1.173661550153203414e+01,-1.535591637887874583e+01,-9.869174159875436558e+00,-3.299932404382138529e+00,-6.329327343083612778e-01,-5.822707791381663833e-01,-2.621156764693632457e+00,-6.623563172937441124e+00,-1.214072227177499741e+01,-1.526268265427661497e+01,-1.687333018439156618e+01,-1.447460629859892300e+01,-1.192302669597273201e+01,-9.008001689149551794e+00,-8.707731946175838900e+00,-1.096129531619929409e+01,-1.895511584722695275e+01
-2.265369599206107054e+01,-2.153783259872628975e+01,-2.204670729757356895e+01,-1.893262511842391049e+01,-1.291503800664629331e+01,-1.255925516721581126e+01,-1.270661840869598969e+01,-5.796409174424259625e+00,-3.284758782937747146e+00,-3.575107168625383025e+00,-5.961453392726032696e+00,-8.580859918053411306e+00,-9.348116524079266298e+00,-9.388108731317920785e+00,-1.164474292162085867e+01,-1.666329870905195065e+01,-1.243085880439822333e+01,-5.906642524635090652e+00,-2.417328889677379244e+00,-2.669664344964832736e+00,-6.932865483420235897e+00,-1.011432316473552184e+01,-7.096450208615856070e+00,-7.269122879607837540e+00,-7.766819845978953474e+00,-1.159864575822814103e+01,-1.735292783304422670e+01,-1.756145535396928636e+01,-1.796196101493194419e+01,-1.556869300273286250e+01,-1.590829019386227472e+01
-2.367565410077071064e+01,-1.572461826260350293e+01,-1.012163779314826506e+01,-7.141749149611015923e+00,-6.681050603630161788e+00,-8.411325985644044323e+00,-1.272556909392861790e+01,-1.118412227490368949e+01,-7.606212449173967549e+00,-7.538454474521284254e+00,-9.279207913815474384e+00,-1.641968683234783910e+01,-1.724714225580712323e+01,-1.550868926228595335e+01,-1.566840935254297307e+01,-1.374573559119921740e+01,-1.251233929846467063e+01,-7.425197070386229115e+00,-9.319393997933683949e+00,-1.036804396965924369e+01,-3.631281859116206157e+00,-5.412700769018006230e-01,3.513993218246683203e-01,-6.724894175154573217e-01,-4.405853793150236619e+00,-1.193963571756827768e+01,-1.683076117419395246e+01,-1.434809764092709905e+01,-1.263986961681301935e+01,-1.159825479683755844e+01,-1.384211027221519430e+01
-2.297800569774723911e+01,-1.424327657703591932e+01,-6.315703331672844811e+00,-2.718286160504868043e+00,-2.014007280670701228e+00,-5.511153631914062601e+00,-1.285743260433693891e+01,-1.518710847361749039e+01,-1.153057753538885066e+01,-1.094036683314988601e+01,-1.561034035482326487e+01,-1.848215460576930980e+01,-1.570014191875938536e+01,-1.779441045111968833e+01,-1.947415090408645710e+01,-1.490110888100471875e+01,-8.306433238903013105e+00,-6.957984045273115647e+00,-6.340068745262482430e+00,-3.242663518314351734e+00,-1.829016196913234582e+00,-3.905451133265160024e+00,-5.886350419470148587e+00,-4.292143329113189409e+00,-6.682104781144807326e+00,-1.741373877465224140e+01,-1.781415885837138191e+01,-1.474112020821130642e+01,-1.305514398342421067e+01,-1.304662249268603880e+01,-1.445461506502968874e+01
-2.232571359442061620e+01,-1.642989530082510186e+01,-1.439126523703086313e+01,-5.773949243942229081e+00,-2.423007252555684943e+00,-2.066854295950821374e+00,-3.314175482917608218e+00,-4.691486136502578397e+00,-5.744382750086423961e+00,-9.554808881102490048e+00,-1.765864200351618862e+01,-1.571245697967144572e+01,-1.693488175528390016e+01,-1.962775809524439907e+01,-1.842516220517519088e+01,-1.323754401968306915e+01,-6.365728559363789785e+00,-4.940127053431102588e+00,-6.666463447819334753e+00,-2.413352637712162796e+00,-7.119745599050192331e-01,-1.307103761507026007e+00,-2.414127568636058374e+00,-3.162752380743309555e+00,-5.641786649071869775e+00,-1.381424168178013367e+01,-2.167802350060278727e+01,-2.275109693182616510e+01,-2.039374639006221912e+01,-1.990529772614230453e+01,-2.117626259707603253e+01
-2.375609250830001073e+01,-2.003732740177827765e+01,-1.118063360001860573e+01,-4.988733268585525238e+00,-2.193669011268545521e+00,-4.424340462053836021e+00,-7.024003073972250988e+00,-3.749882283205745459e+00,-4.581513316941862257e+00,-9.013921798778181227e+00,-1.374713037995731213e+01,-1.136782501324885963e+01,-1.072763375274273479e+01,-1.134123124745713618e+01,-1.357583792670434342e+01,-1.351833195345742311e+01,-5.087351155506462774e+00,-5.166864783391591498e-01,3.156865388091395497e-01,-2.351595897516118416e+00,-8.562182438418957986e+00,-4.835030992609300249e+00,-3.547178262803594162e+00,-5.861561282627879343e+00,-7.003767753348631331e+00,-6.366505207634773456e+00,-9.298213345663887353e+00,-1.041320197572227357e+01,-1.451838968882039893e+01,-1.895690264421350690e+01,-1.879581828478003658e+01
-2.490179283879384187e+01,-2.210137695324521090e+01,-1.014587084886406565e+01,-4.299119176734395253e+00,-3.042464549989760236e+00,-4.378956712430202458e+00,-3.515462732366618770e+00,-3.140862374120399814e+00,-6.145546144297142632e+00,-1.460004955680430427e+01,-1.812310363865699969e+01,-1.336499172899903343e+01,-1.147955980721642000e+01,-1.114267274411786524e+01,-1.086293982758241583e+01,-1.059201855619414445e+01,-8.913670057509126110e+00,-4.184333547339344150e+00,-1.859762998207808771e+00,-3.078522408772416341e+00,-8.915770970973648346e+00,-1.154399383368612320e+01,-8.110960201055062768e+00,-7.158108266962676325e+00,-7.270563831850259895e+00,-4.517743971042272655e+00,-3.405847258302344027e+00,-4.719188150237588530e+00,-8.456970384140976904e+00,-1.270228481793603947e+01,-1.253125644231042912e+01
-2.379579535051554018e+01,-1.645288276972890884e+01,-8.955483895389972915e+00,-5.546209371390462550e+00,-4.978600613209379411e+00,-6.285966089543173929e+00,-4.971822213225004283e+00,-3.532837341062160963e+00,-4.779947831350214393e+00,-8.529362754160617399e+00,-1.136399556308233372e+01,-1.443478365906146443e+01,-1.821718148223492406e+01,-1.851819373579586170e+01,-1.754331287015385854e+01,-1.722959720988233556e+01,-1.458154258106936929e+01,-1.147035049490568070e+01,-7.045068091078966255e+00,-4.497723651909026898e+00,-3.504201904753176056e+00,-5.695269393570282723e+00,-7.735963530400219668e+00,-1.174539307686461065e+01,-7.634875727300884485e+00,-9.113284257279724798e+00,-1.143857409172699313e+01,-7.416527216174021220e+00,-7.251869034366447586e+00,-1.187808996889771507e+01,-1.087429162133641647e+01
-2.079135876142678185e+01,-1.209713381378590569e+01,-8.183513924354263835e+00,-9.933230179698528062e+00,-1.012731612379811352e+01,-4.387203796571042425e+00,-3.952354260602918945e+00,-9.710779831189068290e+00,-1.277977126335897395e+01,-8.305304258811373685e+00,-6.164455486946747165e+00,-7.109234528381283447e+00,-9.635398376889590111e+00,-1.412670852957653445e+01,-1.756969694329911036e+01,-1.021711169170732170e+01,-9.730570727536658637e+00,-1.277170840982629407e+01,-1.028811021512296087e+01,-1.153194049151003853e+01,-5.386233607322728822e+00,-2.367504756115063724e+00,-4.262000004784399998e+00,-1.008633708452978084e+01,-6.488687695074482065e+00,-3.232948996799708485e+00,-2.733410480244382601e+00,-4.637108132117936599e+00,-1.058660792002157081e+01,-1.696585194303208155e+01,-1.228399809468694137e+01
-2.003821180047107475e+01,-1.666813381479567724e+01,-1.129267379917016534e+01,-4.551703317075216582e+00,-1.541011166634593810e+00,-1.742685227326172148e+00,-4.606275711991205668e+00,-1.084873276898840899e+01,-1.790017351382920552e+01,-1.727746659567376142e+01,-1.874846807247450542e+01,-1.435736340134083733e+01,-1.230160402249889273e+01,-1.359525690759931216e+01,-1.653324532408674230e+01,-1.216957057123424590e+01,-4.568175842656808427e+00,-1.312751918972446252e-01,1.026179833349403880e+00,1.293968676350728986e+00,-2.157954593989293846e-01,-4.196963053516566511e+00,-8.419392193565849780e+00,-1.133243726381734717e+01,-7.470358450372679648e+00,-2.683126624642299785e+00,-1.984850910390500323e+00,-4.897945743022846798e+00,-1.453644703616615175e+01,-1.683654811201976997e+01,-1.584749662775953283e+01
-2.166795402214306776e+01,-1.847791571176352576e+01,-1.167218311794665730e+01,-5.130755400707741387e+00,-3.710992012079022295e+00,-4.005795768192116135e+00,-7.413094746966321757e+00,-1.317225141084494666e+01,-2.280032601276365511e+01,-2.442713749108194321e+01,-2.251036990991159570e+01,-1.779386062782351630e+01,-1.430875418166152535e+01,-1.442360503232779578e+01,-1.820436727800289134e+01,-1.994304186957223024e+01,-7.770240844798689039e+00,-3.695436911540058711e-01,3.279584301878236463e+00,3.006706776238289081e+00,-6.804951895264362838e-01,-9.487565552667096114e+00,-9.371432425094251784e+00,-9.649389926625900671e+00,-7.892020499505916220e+00,-4.368458216681199602e+00,-4.034900608182955040e+00,-6.709553601611562001e+00,-1.380957484345476161e+01,-1.829939207710138049e+01,-1.866974684170314092e+01
-2.373060628546386042e+01,-1.701336428297667780e+01,-9.757708110729184980e+00,-9.340304788421182280e+00,-1.284111994254488920e+01,-1.869233394069831888e+01,-1.709529429423708891e+01,-1.346105272629681693e+01,-1.577921293362849831e+01,-1.602290111028847619e+01,-1.764548383640642015e+01,-1.359241590079139250e+01,-9.694616290701537409e+00,-8.855019795794447646e+00,-1.088630178195087872e+01,-1.074231647243018983e+01,-9.657419922972927395e+00,-9.220797619993696514e+00,-5.061841341310783449e+00,-6.878838282931564185e-01,8.344253999916758646e-01,-5.521033591437476407e-01,-5.454858043864995842e+00,-1.301714973389601582e+01,-1.513312250125308012e+01,-1.372493742544110162e+01,-1.052178920317096811e+01,-9.308009483233218972e+00,-1.058480306933907933e+01,-1.373530743001889753e+01,-1.619506524691060889e+01
-2.431371984561952360e+01,-2.210471760926126450e+01,-1.277268014435006727e+01,-7.679087152000234617e+00,-5.717124503825893100e+00,-6.737864571752637310e+00,-8.508045563646474463e+00,-6.484381097830643981e+00,-6.748572968635238922e+00,-1.111798719097586208e+01,-1.674826942972776322e+01,-1.302228245514781513e+01,-1.050789432866232787e+01,-9.801171739562219543e+00,-9.906070326556678296e+00,-9.093684652773271537e+00,-8.355701136488875136e+00,-6.521218294856929276e+00,-7.991833682320699239e+00,-8.838985477926350143e+00,-2.586125338371811910e+00,-5.643045931321788444e-01,-2.261334860540863634e+00,-9.851546502664309202e+00,-1.636752595520820819e+01,-1.494878441546143577e+01,-1.324750654537136896e+01,-8.772936229946232345e+00,-7.926021512816934234e+00,-1.075889875307804466e+01,-1.817562287795443510e+01
-2.389555235069338934e+01,-1.896359639007504327e+01,-1.191273195503138638e+01,-9.634719802551909851e+00,-7.147611974918541833e+00,-2.582165106497078977e+00,-1.288212022818468472e-01,-1.089995111540319916e+00,-5.072537958747198594e+00,-1.413619704006098843e+01,-1.183548262339680157e+01,-1.279486022276036827e+01,-1.608806293651837294e+01,-1.467855645227832895e+01,-1.401959681611101161e+01,-7.682276210364173075e+00,-3.373989877831034434e+00,-3.453472299610867324e+00,-4.991107240068812345e+00,-6.145992947225811243e+00,-6.021313423275196364e+00,-7.041643312686130862e+00,-5.774855586974060095e+00,-3.539591502429557668e+00,-4.987590766003151543e+00,-9.375600939037418868e+00,-1.522637164592742920e+01,-1.064269899821081111e+01,-6.298370216573987435e+00,-5.469227049531054874e+00,-7.662306754528975361e+00
-2.092208489249734171e+01,-1.520656799268321890e+01,-1.595657919635291933e+01,-1.868635708243906990e+01,-1.390650573197533113e+01,-5.979964697561344522e+00,-4.036807900466838461e+00,-5.403239849532226913e+00,-6.150859156075646261e+00,-5.760291161406941640e+00,-7.703685192500843826e+00,-9.099250539511190894e+00,-1.266163219924734484e+01,-1.687974901159270402e+01,-1.514134405340467104e+01,-9.513516796737157222e+00,-8.028797793789070880e+00,-9.892728304662623984e+00,-1.497301609175545778e+01,-1.500304067936264119e+01,-1.256535434422372788e+01,-1.122588440249947972e+01,-8.903548820679928255e+00,-8.011207764389133956e+00,-7.552941133495138182e+00,-1.057434518998410589e+01,-1.619516216406301368e+01,-1.083218261774848479e+01,-7.469276026016523851e+00,-7.409829257416124193e+00,-9.434728883895553864e+00
-1.741918155926616407e+01,-1.112604083333696714e+01,-7.166213425768523493e+00,-6.225130837880263002e+00,-2.812580385717891929e+00,-1.360580210151354219e+00,-2.708999789605590180e+00,-7.371143372619853196e+00,-9.786292082622271238e+00,-1.245099410289475905e+01,-1.453900418461871702e+01,-2.045460165448549361e+01,-2.061607130435334412e+01,-2.382865694991680883e+01,-1.682235723783989911e+01,-1.220326547061695699e+01,-1.093882534984780897e+01,-1.266368446630590050e+01,-1.475208722142612316e+01,-1.268055504410206780e+01,-7.599654595391089451e+00,-7.894763061479360466e+00,-1.262060356440664322e+01,-1.513645247351221634e+01,-1.555613229154538679e+01,-1.243039769685568885e+01,-1.012267005844276468e+01,-1.297398360036000398e+01,-1.494343912501295080e+01,-1.230675571205235386e+01,-1.475559411629909157e+01
-1.863312256436388026e+01,-1.110223510786264889e+01,-8.243662751021505031e+00,-5.299515883500899527e+00,-2.133121268903594991e+00,7.235347253868176787e-02,-7.860442355383743251e-01,-5.831641251550001570e+00,-1.296741048578454603e+01,-1.171805543358586377e+01,-1.160919999475238740e+01,-1.632506246727053778e+01,-1.733944145571284068e+01,-2.180709206957777013e+01,-1.910600726344004485e+01,-1.959284130064379426e+01,-1.716449436420151997e+01,-1.701441177800924009e+01,-1.717648590011756937e+01,-1.232238454377951697e+01,-1.365442550683221867e+01,-9.278787094004014691e+00,-3.586086119345130996e+00,-2.078979462762793773e+00,-2.491878555669887696e+00,-1.989932097244162534e+00,-2.424404989556260936e+00,-3.667901398410566838e+00,-6.698229811271699141e+00,-1.159391388171861159e+01,-1.810064189774649535e+01
-2.259499114401200259e+01,-1.398717214480167748e+01,-1.243464858291529751e+01,-1.019628507700286946e+01,-7.516641228138899677e+00,-1.019397603513813877e+01,-6.824186615583275106e+00,-3.926156819117169405e+00,-5.360274778694665621e+00,-6.841902247497013256e+00,-5.551268505449054480e+00,-6.256631345308127479e+00,-1.089752780389385123e+01,-1.792085713699084337e+01,-1.868545239111956491e+01,-1.474668558906106419e+01,-1.170821885401461238e+01,-8.723415954273287198e+00,-6.727090523022563495e+00,-9.005760483882006895e+00,-1.345358042957402134e+01,-6.630129322785289325e+00,-9.681417561354342949e-01,1.089597991875083327e+00,-1.062877394186583224e-01,-4.367150783261475766e+00,-9.687386073485141580e+00,-1.180157536418498054e+01,-9.559975274470673412e+00,-1.274010899587839596e+01,-2.158731467182896679e+01
-2.339599798106345929e+01,-1.405715628732152389e+01,-6.845077703479959474e+00,-3.604309095554993014e+00,-3.164566588501970479e+00,-3.422051081199104949e+00,-2.459901200998730886e+00,-2.549337658999847545e+00,-4.501552037742114543e+00,-5.836788463367133417e+00,-4.741541841701299553e+00,-6.315363516827591006e+00,-1.060983414008837755e+01,-1.595794979664457891e+01,-1.733356711644084669e+01,-1.239627449953255578e+01,-7.567889932824783727e+00,-4.640363042845445207e+00,-4.994244211862067573e+00,-6.583419990890166495e+00,-6.819567154936430065e+00,-3.162985103971817757e+00,-1.804166412327175451e+00,-3.439965338639777048e+00,-7.968319279556514978e+00,-1.605753125162685535e+01,-1.786773401148179019e+01,-1.436017665542474298e+01,-1.255387197522556164e+01,-1.159417986268756806e+01,-1.367356999180897859e+01
-1.828581233385230220e+01,-8.827003551130534476e+00,-5.308728147955501520e+00,-5.747204802116425704e+00,-9.819362635872945333e+00,-1.260971491577244663e+01,-6.650895255954325513e+00,-2.662486209698459838e+00,-3.594073337115378575e+00,-7.569829929776552113e+00,-1.411321374598671419e+01,-1.182254401375265651e+01,-1.234692337432829312e+01,-1.584532638056939469e+01,-1.571955986483758316e+01,-1.473378414366425559e+01,-1.171565503432971056e+01,-1.389291751585086843e+01,-1.127432236050357339e+01,-1.278557523959825026e+01,-7.269339250917194128e+00,-5.976298060236858944e+00,-9.022057564819560227e+00,-1.309205973298609749e+01,-1.273048218759168115e+01,-1.591372992711908729e+01,-1.384773012469796605e+01,-1.515181691806857245e+01,-1.679348535197121706e+01,-1.630304509651761080e+01,-1.508145451245187729e+01
-1.574124282348055814e+01,-7.905557315389649453e+00,-5.144258000770537187e+00,-5.476802420716325948e+00,-9.220105251594752360e+00,-5.401643276465039278e+00,-3.023913049146908616e+00,-5.700023649620408861e+00,-1.186647258486066470e+01,-1.024333533419280506e+01,-7.677685429569051756e+00,-8.134989767515358849e+00,-1.078820689285502787e+01,-1.047169757390222600e+01,-1.095925175843118637e+01,-1.337518106288268704e+01,-1.568917694011656216e+01,-1.743495874044274174e+01,-1.303082067024807955e+01,-6.641413095618496243e+00,-3.704664514220061378e+00,-3.392318255134991301e+00,-6.743300330238182205e+00,-1.246847934382302370e+01,-1.110294705479084953e+01,-6.166952988430231208e+00,-5.004696237314648855e+00,-5.782917979134230890e+00,-1.007680251217689893e+01,-1.787025134202812993e+01,-2.165940050317459864e+01
-1.635826048330098814e+01,-1.506365343903293130e+01,-1.088336719635154104e+01,-5.813839464878835628e+00,-3.695223705858743379e+00,-5.555002466720693199e+00,-1.168207707224773806e+01,-7.336347652834002808e+00,-4.179370266299287984e+00,-3.151532471305181993e+00,-5.393196208637301758e+00,-9.941868053764856938e+00,-2.068148251942225713e+01,-2.040252372998149610e+01,-2.085552056296532797e+01,-2.405439799573241189e+01,-2.111880866219015829e+01,-2.110940254636171431e+01,-1.671147853987557497e+01,-1.299926868005960934e+01,-1.064505941927933819e+01,-9.633238289035668700e+00,-5.910678159288999645e+00,-5.005837213310624811e+00,-3.735971231232671386e+00,-2.358327000726703204e+00,-3.595941246933295865e+00,-5.797305915786438391e+00,-8.297136001226281365e+00,-1.281909440144771217e+01,-1.303039280606918915e+01
-1.882598429968377118e+01,-1.733273860386439580e+01,-1.348359566476164773e+01,-8.620604892738727543e+00,-9.036472816427215449e+00,-1.048182596779671094e+01,-1.779407274823228846e+01,-1.220573975458866478e+01,-6.069191009056668307e+00,-5.180369631082069937e+00,-7.894294956652056605e+00,-1.654907772120307641e+01,-1.640842068095167150e+01,-1.894639318931002592e+01,-1.947652977454562162e+01,-1.611089869106517014e+01,-1.662921271805002021e+01,-1.603997919639619596e+01,-1.407220915686182572e+01,-1.360564138608820350e+01,-1.113885190481899201e+01,-1.364896145963869145e+01,-7.452829680773390031e+00,-4.985903649144813876e+00,-5.876923497484511927e+00,-7.713147659762566555e+00,-1.138311150695095542e+01,-1.565659064605456408e+01,-1.151671660146793386e+01,-1.099107251848493227e+01,-1.633686429712952659e+01
-2.249007948907483367e+01,-1.325747830727521048e+01,-1.167284886877076033e+01,-1.533281299546987064e+01,-1.554515062861081987e+01,-1.676244600279992270e+01,-1.602452798049990790e+01,-9.332742171127256015e+00,-5.429947042164682713e+00,-4.503146515673949857e+00,-6.960261457106646787e+00,-1.133245467338241497e+01,-1.770119018915320552e+01,-2.036686118109887289e+01,-1.796423489706856813e+01,-1.098748030782747698e+01,-7.613686474932341852e+00,-7.468178008909986509e+00,-4.274989057952506499e+00,-1.355934128646558934e+00,-6.633754247142110982e-02,-6.606030735214624139e-01,-3.680379098265611937e+00,-8.799631469389971983e+00,-1.388651302982779079e+01,-1.145404216421752430e+01,-1.517624677329504124e+01,-1.947615130809174744e+01,-1.645527854486673647e+01,-1.559923721561912657e+01,-1.331337200293020118e+01
-2.350335625239781123e+01,-2.007148750088795808e+01,-1.385863765247729695e+01,-7.761767797610339414e+00,-5.872240871441464449e+00,-5.299292774135325068e+00,-5.795185454753267074e+00,-7.257961379880664587e+00,-1.115112052494738215e+01,-8.810252074433975622e+00,-9.034065190483541841e+00,-1.451065535004399365e+01,-2.018988217626299075e+01,-2.057721843438989850e+01,-1.648598730864645034e+01,-1.207376562647458940e+01,-1.119281878791937324e+01,-5.130280165236537293e+00,-5.507790882682365163e-01,1.309410323392787623e+00,-4.411979505974220062e-01,-5.981759713227007502e+00,-8.022980650933851265e+00,-3.929383495525151648e+00,-4.439330979806034527e+00,-9.045179210791067348e+00,-1.497128541529679424e+01,-2.169389822102394305e+01,-2.648959583795371131e+01,-2.267148290762380469e+01,-1.579480622395747780e+01
-2.209072063349876203e+01,-1.546044002561008313e+01,-1.067501872828026777e+01,-6.050605550032703839e+00,-4.549278238490850335e+00,-3.817987799143590877e+00,-4.069628817221039974e+00,-4.719502894317402664e+00,-6.302282748603019513e+00,-6.357009732923588174e+00,-7.834066878346836127e+00,-1.183430582435191170e+01,-1.853310103977427659e+01,-1.988045144481819193e+01,-1.662851500110465963e+01,-1.515084775956738916e+01,-1.424617365628731314e+01,-6.131787612157709511e+00,-2.961291772602987038e+00,-4.346556956402394256e+00,-8.343946095274276331e+00,-4.601575791084465905e+00,-2.983528854341066072e+00,-7.507603810114019005e+00,-1.139187188659395567e+01,-1.287565465133731024e+01,-1.846127813804049467e+01,-2.295921172614858818e+01,-2.497852028117460321e+01,-2.029242545015671695e+01,-1.635650185176304561e+01
-1.994620921030765714e+01,-9.943700225413346416e+00,-6.231840281927285119e+00,-8.302858622134232647e+00,-1.087727088462404801e+01,-8.775084679868040638e+00,-1.108500910055737521e+01,-1.019437755757019382e+01,-9.113096198114027047e+00,-1.042321584855808858e+01,-9.754003913462662823e+00,-1.058740659821935104e+01,-1.351840500971850290e+01,-1.234305671483528677e+01,-1.519218353864525461e+01,-1.354352737875545643e+01,-1.222163746937984108e+01,-1.080104115530222408e+01,-3.392132850481244244e+00,-1.465497644754623630e-01,7.791593727291789007e-01,-4.767837650882434386e-01,-3.924900130814864774e+00,-1.059292523400122299e+01,-1.772329387344232288e+01,-1.596167925826641643e+01,-2.007814659992185824e+01,-1.580193495850603114e+01,-1.388353896641931584e+01,-1.413030169190478880e+01,-1.851295719827924557e+01
-1.946936292007189806e+01,-1.055092246692721503e+01,-5.536670518272063468e+00,-1.909638697940840624e+00,-8.699505358941800326e-01,-1.805879287578228132e+00,-5.131586168180493956e+00,-1.139337610296842485e+01,-2.096991391943282323e+01,-2.129779118249396319e+01,-1.598143431118556457e+01,-1.036428761582414637e+01,-7.547636963239236607e+00,-7.296414382317486513e+00,-8.879888970310949148e+00,-1.284807225235370076e+01,-1.436761030229199854e+01,-5.350641309213237662e+00,-1.819575028092416558e+00,5.969333015587728608e-02,-7.730977824212154070e-01,-3.787284608294467336e+00,-1.112497016286649654e+01,-7.543324205053954401e+00,-7.879962473857302641e+00,-1.495733138994008549e+01,-1.892908122759907030e+01,-1.402107154922325094e+01,-1.198073549430911200e+01,-1.146706416126058947e+01,-1.337798282579213627e+01
-2.110390772939729942e+01,-1.833649342801390603e+01,-1.548884584823576382e+01,-1.006551313250004753e+01,-6.029972445094535338e+00,-4.117820112958174406e+00,-5.679221979209354565e+00,-1.266492573754126205e+01,-1.877126251148576586e+01,-1.986475322627219953e+01,-1.782991018615850720e+01,-1.960371515831025846e+01,-1.844249882617918246e+01,-1.471966393354560232e+01,-1.493188482573052411e+01,-1.926759158062333910e+01,-1.665421580066200136e+01,-7.219102418222346884e+00,-5.138067324121458945e+00,-7.918137845309341394e+00,-5.554687377493906730e+00,-1.894445175211094012e+00,-1.394190839165772688e+00,-3.890315714319620088e+00,-8.678397292349519176e+00,-1.862548644001744336e+01,-1.936521786401251788e+01,-2.198699605565111170e+01,-2.236993699514565392e+01,-2.047327589588005026e+01,-1.750918700514721138e+01
-2.294226166380553522e+01,-2.075518425572819936e+01,-1.748945962481138139e+01,-1.692740132628368599e+01,-1.888194346427917480e+01,-1.085020438462746206e+01,-6.383753015714533241e+00,-5.349533147170763669e+00,-8.513445823132490986e+00,-1.439959627940875109e+01,-2.282696815298384863e+01,-2.249222497980133895e+01,-2.040870950402332085e+01,-1.945446938827258165e+01,-2.015073075414705528e+01,-1.930720098679806895e+01,-1.364467587691395245e+01,-1.450361465305841335e+01,-9.266378137744775145e+00,-3.812044288493504851e+00,6.256579427361491641e-01,2.937939664521137306e+00,2.319537254566905737e+00,-8.609093049728945291e-01,-8.791013717400927518e+00,-1.857052112026374857e+01,-2.093592104390889830e+01,-2.269873076326706851e+01,-2.137685472023587252e+01,-1.742864977111335634e+01,-1.454628054935391290e+01
-2.613936655260935638e+01,-1.770927285146312613e+01,-1.445599974303686253e+01,-1.470848385326000773e+01,-1.765573176115500686e+01,-1.147580067951138361e+01,-6.979042420868112551e+00,-6.981507278290115082e+00,-9.255704577229604268e+00,-1.454758583898303925e+01,-2.071074849817933128e+01,-2.242421960429985006e+01,-2.213273211086497483e+01,-1.896345424652099609e+01,-1.782522571788114618e+01,-1.705142213717228117e+01,-1.839299354833715228e+01,-2.070117649310776997e+01,-1.504362260694263398e+01,-8.646908638857993878e+00,-9.622893847857735494e+00,-2.456849196722277195e+00,1.471937670567960321e+00,6.360727276647181183e-01,-4.404871375057377136e+00,-1.742600552574927164e+01,-2.085955061832395785e+01,-1.569378609517041312e+01,-1.317591696025944614e+01,-1.041229040582640764e+01,-9.843627025099362271e+00
-2.743172725509194620e+01,-1.900584142749049121e+01,-9.770706341046246024e+00,-6.141160543726272181e+00,-5.598418759197747896e+00,-7.666015316207869468e+00,-1.344808147935306408e+01,-1.108513395626004083e+01,-1.139530252608932415e+01,-1.728133909141316238e+01,-2.153523791938268772e+01,-2.272123933840198617e+01,-1.854381104076609788e+01,-1.417918974812291211e+01,-1.223717784280536591e+01,-1.000917052421249309e+01,-6.857189468976829794e+00,-4.640251660735166261e+00,-2.625869849571535575e+00,-2.861631975023999352e+00,-2.943201498762399115e+00,-3.171747559078914147e+00,-2.705378194365008593e+00,-2.870075821427617857e+00,-3.549041466771805098e+00,-8.475614393458647200e+00,-1.497128598730103377e+01,-1.403445602565252415e+01,-1.118358867609200402e+01,-1.507758948382209319e+01,-1.649681442725558256e+01
-2.545200446874153855e+01,-1.688420921814541842e+01,-6.565208029346305985e+00,-2.302799624492641417e+00,-7.059544520115111910e-01,-1.528824282615719898e+00,-3.449275364880175943e+00,-5.730670759156972771e+00,-8.326363258001183709e+00,-1.431489996749813898e+01,-2.198175753865923099e+01,-2.031394189546088214e+01,-1.566878662389867394e+01,-1.278478987477406648e+01,-1.443038460587253091e+01,-1.284793108250914528e+01,-7.125426912508091348e+00,-6.390535868516488804e+00,-7.544479836357616875e+00,-3.559746802846500913e+00,-4.492639393616123300e+00,-8.662201264575749349e+00,-6.201329090515105058e+00,-7.230842601351377574e+00,-7.743492226609411944e+00,-3.506132525372311015e+00,-2.874152346785638024e+00,-6.233445345854558894e+00,-1.603081588685011738e+01,-1.597088126274717901e+01,-1.259556746182321518e+01
-1.981982973844063523e+01,-1.529852170303088243e+01,-8.722113239164112741e+00,-4.416678241446238218e+00,-4.739647414848334073e+00,-9.482320386321605454e+00,-1.334094740913695709e+01,-1.190590292666138694e+01,-1.325785656035447246e+01,-1.313624164837749042e+01,-1.708663103360088087e+01,-1.584058077996518499e+01,-1.474296413549856055e+01,-1.753476369280775060e+01,-1.573641809695909011e+01,-9.960082724314776925e+00,-9.736637086427512244e+00,-1.202057761404694602e+01,-1.379908284219373193e+01,-1.031688632985123100e+01,-5.510330199443993493e+00,-4.735385682778198380e+00,-7.141918411274917666e+00,-6.606638508183615421e+00,-1.937192091167177610e+00,1.418624319265275602e-01,-1.248667687777099244e+00,-4.735221358157005511e+00,-1.199292665870249763e+01,-1.889285869157614783e+01,-1.743033150664898656e+01
-1.662548773228621357e+01,-1.437733187294807813e+01,-1.012360395052853690e+01,-4.911195002433632162e+00,-2.416867143458866884e+00,-3.296426396316089580e+00,-6.625728862407076925e+00,-9.688158981189006980e+00,-1.224980362473415774e+01,-1.408547858230206096e+01,-2.057129984543103163e+01,-1.877489125027376105e+01,-1.648928404255073588e+01,-1.664839692476416744e+01,-1.658389768079549498e+01,-1.386894479919882350e+01,-1.189635852405003114e+01,-1.489979522568838988e+01,-1.647443562796135907e+01,-1.698452439027673933e+01,-1.396072219199493070e+01,-7.883634275248070367e+00,-4.863782007403734120e+00,-2.028135840355481445e+00,-1.069908493391970472e+00,-3.757590958238148815e+00,-8.748945943259892388e+00,-5.590890093761331947e+00,-5.622978894900874991e+00,-1.231290606590880010e+01,-2.293809765727580086e+01
-1.846337597410218123e+01,-1.115400582301516508e+01,-5.750757650918319364e+00,-3.526906560010769631e+00,-5.222032387279162080e+00,-9.605858228834611268e+00,-6.201852175868859618e+00,-5.164752245450220158e+00,-7.628242815242094466e+00,-1.580106839612752445e+01,-1.620136889089055288e+01,-1.406994243529664423e+01,-1.068909507639267886e+01,-1.077548360123353888e+01,-1.139188815665846199e+01,-1.105157947139579733e+01,-1.211439918469982047e+01,-1.763433418354066617e+01,-1.749534366711849032e+01,-1.126290979806114656e+01,-8.667782422875156101e+00,-9.190908031804221778e+00,-9.376058575485934909e+00,-1.110609755120357534e+01,-5.386303546914768425e+00,-7.978481301375921486e-01,4.571365348553527719e-01,-4.317621929383202994e-02,-2.470099485605982359e+00,-7.509675288400730508e+00,-1.546206080813367834e+01
-2.223553827029316210e+01,-1.465490097759150601e+01,-1.398415043674597236e+01,-1.611409908583184247e+01,-9.469400563159910078e+00,-6.349353654544894532e+00,-5.547350375592207783e+00,-7.501208157599473125e+00,-1.358281187049480998e+01,-1.675673021088127257e+01,-1.449867806214244403e+01,-1.256139242348550766e+01,-1.478390725119775162e+01,-1.175965434863787706e+01,-1.272271827789915655e+01,-1.714017836186064514e+01,-1.708727878081698393e+01,-1.622842997663161313e+01,-1.644103119653814105e+01,-1.169963024544114738e+01,-1.169164050627155405e+01,-1.439659500923477253e+01,-1.987488611405636973e+01,-1.813488975893549693e+01,-1.002887312003544373e+01,-5.617924780905747539e+00,-4.219447264895860528e+00,-4.910187862422160876e+00,-9.475765744678112057e+00,-1.186614243423237447e+01,-1.208929559763740080e+01
-2.247153470095466332e+01,-2.074487764695111380e+01,-2.011583292784811050e+01,-1.941616574255358429e+01,-1.052651124040619735e+01,-4.020768782671759745e+00,-1.418019954944733874e+00,-1.653976177626378385e+00,-3.784997197854168327e+00,-5.516290540454768632e+00,-7.771886186439449951e+00,-1.297514028008244580e+01,-2.055862682606993630e+01,-1.930183563913617917e+01,-1.401547029940020117e+01,-1.260257069203032110e+01,-1.339855530181852750e+01,-1.504033733816707752e+01,-1.813960156921579170e+01,-2.090335977778715204e+01,-1.152119398016889562e+01,-9.449726430307917369e+00,-1.192550905912864145e+01,-1.439266172377001318e+01,-1.196562776445340681e+01,-1.554879037171852652e+01,-1.650725207208585488e+01,-1.565855660658924542e+01,-1.552330532394537421e+01,-1.464899848088496803e+01,-1.280090595894501071e+01
-2.428138265489530312e+01,-2.321606311277181334e+01,-2.387440152528906978e+01,-2.293860574329600510e+01,-1.533631899477053118e+01,-8.218745910820841161e+00,-3.181189545438069199e+00,-2.656984247775951768e+00,-5.253659329056239002e+00,-1.190700610896118583e+01,-1.330346919408365380e+01,-1.234438547266631581e+01,-1.109485450512220872e+01,-9.606942071634179570e+00,-7.978595291866975359e+00,-8.577006031485165494e+00,-9.195464163267311974e+00,-1.101175405999191703e+01,-1.533871358783305183e+01,-1.536927214690617127e+01,-6.762226836270644803e+00,-2.838538869321268088e+00,-1.502553467236717566e+00,-2.577322271292512568e+00,-5.487429865768977955e+00,-1.074729456821409634e+01,-1.862965895548587980e+01,-2.287697195606071432e+01,-2.485679683364740100e+01,-2.295282751772584007e+01,-1.948600328669828485e+01
-2.635942940351342045e+01,-2.503908952544717081e+01,-2.541102800649755267e+01,-2.574150381769452878e+01,-2.078963268504423212e+01,-1.302981544142009795e+01,-8.929783436430602350e+00,-7.828856616961855863e+00,-9.988499592332278354e+00,-1.816644868630321241e+01,-1.934825833504941173e+01,-2.110088705716012925e+01,-1.467432168151150229e+01,-8.850274392536707779e+00,-8.349901419727741470e+00,-1.087779808996104336e+01,-1.219955049041940320e+01,-7.158283604293310454e+00,-4.857026189064779231e+00,-3.443301977761903832e+00,-2.973779615233926421e+00,-4.327080887006673926e+00,-6.504588745675292216e+00,-7.349403964872119666e+00,-7.995201702378377462e+00,-1.117433367256356824e+01,-1.821736096935111959e+01,-2.371740605450477801e+01,-2.415263161739381559e+01,-2.362417636198156146e+01,-2.274659571727784879e+01
-2.392303238596235104e+01,-2.142310021304282941e+01,-2.185974239701984345e+01,-2.077788598998253988e+01,-1.879432224425949016e+01,-1.309691696407414341e+01,-1.363132900851113405e+01,-1.577842375410705067e+01,-1.042466019131556365e+01,-7.732240117397628509e+00,-7.887072102362368220e+00,-7.803980382550664174e+00,-7.374697855540683911e+00,-8.458429795353351821e+00,-1.245857425297007914e+01,-1.767421082288277390e+01,-1.222586293781504985e+01,-6.512875541919419753e+00,-5.036603645617220515e+00,-7.802671970689997849e+00,-1.374012692635800725e+01,-1.819237314953523565e+01,-1.986946688780263770e+01,-2.019438244915809832e+01,-1.877832156269490227e+01,-1.537672761308044933e+01,-2.125822056041044306e+01,-2.375547670716998994e+01,-2.042293172724106753e+01,-1.956795956707802020e+01,-1.604584523409354446e+01
-2.608223347904301548e+01,-1.765357789071667938e+01,-1.251971567378324579e+01,-1.216028347736647142e+01,-1.434705630971603973e+01,-1.174929762637915687e+01,-7.295068136533768843e+00,-4.758523712388607940e+00,-4.859742479664938664e+00,-6.837066050337142542e+00,-1.049501279121687425e+01,-1.428164745879774422e+01,-9.767308919369673603e+00,-9.175168217731123121e+00,-1.392650075720137970e+01,-1.756024467844923009e+01,-1.412558673710382351e+01,-1.663765109587116342e+01,-1.633685878044417095e+01,-9.744946382626766379e+00,-1.055346183616574152e+01,-1.207637160866200432e+01,-1.289084392886201869e+01,-1.613381528854370117e+01,-1.503709369747578606e+01,-1.297959368319070705e+01,-1.112298458363829567e+01,-1.348627745604314754e+01,-1.712628532257400593e+01,-1.909810392596140716e+01,-1.727349448805095733e+01
-2.637539499346949512e+01,-1.660715164056345117e+01,-8.992363569115390476e+00,-5.040267777292668505e+00,-3.781565630886734919e+00,-4.138588651388633188e+00,-5.019562403319262955e+00,-5.650123001397156841e+00,-9.027118142412490442e+00,-1.563148252703562591e+01,-1.522639430671178928e+01,-8.846408812939619892e+00,-6.480639787782140004e+00,-8.156917498392218135e+00,-1.405665854946905746e+01,-1.742966217153212583e+01,-1.540172908085734882e+01,-1.313580355423839130e+01,-1.283427424490952617e+01,-1.385989119425541283e+01,-9.788832042397570987e+00,-3.652939886527777791e+00,-1.423074859675771409e+00,-8.609993909055194683e-01,-5.058136898960660099e-01,-1.141092894337640967e-01,-1.464479142364638831e+00,-5.475604330710948986e+00,-1.202017602374573713e+01,-1.085256453421937373e+01,-1.092664835933877576e+01
-2.518635161584164806e+01,-1.564611434335468232e+01,-1.018459912107772247e+01,-8.842048403595676120e+00,-8.597068219625649377e+00,-7.190076253995173694e+00,-8.515740200626749967e+00,-4.891576813533902168e+00,-3.762664218409722761e+00,-6.060848950838842342e+00,-1.050573927715045031e+01,-8.281388203636938172e+00,-7.367699708758282284e+00,-6.836956263590259653e+00,-7.539158473495676027e+00,-8.593431057048444899e+00,-1.000116115708311071e+01,-9.449372676490735756e+00,-5.806651380194836065e+00,-5.224173721176486040e+00,-4.557169408357443885e+00,-5.116620354010026794e+00,-3.595893279035201839e+00,-3.520265051977661930e+00,-5.891025281358635901e+00,-9.301376383689998750e-01,1.334552675626972329e+00,3.673035877370598445e-01,-3.523772461898429409e+00,-1.075564972492827032e+01,-1.890575380185071097e+01
-2.339968175447287635e+01,-1.633175759155209406e+01,-1.676709887560676293e+01,-1.971097468929130514e+01,-1.651244867348871281e+01,-6.956249061752767915e+00,-2.591707153856253498e+00,-9.719361602905902675e-01,-1.960413448328393038e+00,-3.406204202404136350e+00,-6.634537736407849273e+00,-1.297276294231414795e+01,-1.290357268357477238e+01,-1.292213767416336978e+01,-1.674338623255240677e+01,-1.021552581045807884e+01,-5.371672524624512057e+00,-3.688826703975180532e+00,-3.418849434406191268e+00,-1.870864887105275542e+00,-2.833911275178068845e+00,-6.337698359907205869e+00,-6.563302132261901178e+00,-7.693997422687146148e+00,-7.132636136617980682e+00,-4.016662568480026785e+00,-3.699000149213967248e+00,-5.852262001938554725e+00,-1.052973970144736704e+01,-1.447779967604565066e+01,-1.948453917623567833e+01
-2.127773239231910907e+01,-1.828688070152987777e+01,-1.617573686407393652e+01,-1.719246994547483354e+01,-1.126476884489299835e+01,-4.593460769963865431e+00,-2.312050120920694063e+00,-4.432708332393350048e+00,-9.429453539873371426e+00,-7.719951671211659594e+00,-8.402466930762058084e+00,-1.404448512622288270e+01,-1.295576606978889345e+01,-1.497874960578790215e+01,-2.065925350710123354e+01,-1.561232373794587680e+01,-8.049183945695892461e+00,-6.876417608321213848e+00,-8.473250751234903788e+00,-5.196396077881340503e+00,-2.283242090855639006e+00,-2.787728028497149957e+00,-5.206227985750727427e+00,-1.202640233220172483e+01,-1.350071231457365606e+01,-1.508298023508376495e+01,-1.118652217828926965e+01,-1.364149391450801829e+01,-1.543915704118103527e+01,-1.721043265567106317e+01,-1.337286902275405964e+01
-2.142866491670368134e+01,-1.855241809973195899e+01,-1.943120768691311540e+01,-2.089457433764674121e+01,-1.156549303972420617e+01,-7.830102427666928655e+00,-7.160238617858967203e+00,-6.081163346767425537e+00,-4.140899624894647246e+00,-4.273475399037368838e+00,-7.504411998917074555e+00,-1.021049766280070159e+01,-1.147065578188214907e+01,-1.200368408595814351e+01,-1.547475582812012718e+01,-1.376616888687390272e+01,-8.266883533541895090e+00,-4.958898863121240730e+00,-4.629267351467068359e+00,-6.368495308301028501e+00,-1.211182251297125312e+01,-8.004955754059704276e+00,-5.788820077391231500e+00,-9.524165379900892958e+00,-1.615585598124175348e+01,-1.565759061564918397e+01,-1.521873434050744400e+01,-1.238882308447060510e+01,-1.260747525171071537e+01,-1.270676657632619388e+01,-9.340999537155408206e+00
-2.218519020280918141e+01,-1.852216187244703960e+01,-1.751303612083948025e+01,-1.945811829647096403e+01,-1.824040761514871889e+01,-1.660802827963308204e+01,-1.572952883784510547e+01,-1.245276489378023577e+01,-7.202271344281044207e+00,-5.283714404627054329e+00,-7.362070014997690315e+00,-1.256007097949500917e+01,-9.678452304431370834e+00,-9.161251858502877710e+00,-1.083973543483670099e+01,-1.741103226697745399e+01,-1.291475872632836008e+01,-9.605367518272720062e+00,-1.133932296368254278e+01,-1.496392105807777284e+01,-1.012158986901034829e+01,-4.999733426490752031e+00,-2.938127400118763610e+00,-2.665221020704557908e+00,-5.395420966028165566e+00,-1.044305052576946657e+01,-1.468667789567418502e+01,-9.839311817113090441e+00,-8.508604729876799055e+00,-9.672256557881331318e+00,-1.490719869757900717e+01
-2.203476400134944058e+01,-1.835207373154263522e+01,-1.938799059290845861e+01,-2.201231846488824573e+01,-1.868910093267424699e+01,-1.414544977460588804e+01,-1.314072172080769185e+01,-1.216118353705446253e+01,-5.935412794602017428e+00,-4.221354097378354098e+00,-7.048813644577474946e+00,-1.358254831177847777e+01,-1.570968633940239911e+01,-1.717999627910742078e+01,-1.776660533512339768e+01,-1.647295032629445899e+01,-1.822992496530548934e+01,-1.379927477616221942e+01,-1.002343349496857527e+01,-1.055692599801456311e+01,-1.531028785324898145e+01,-1.238678524774663536e+01,-6.444713744295745173e+00,-4.191581081818132049e+00,-5.399606913829050114e+00,-1.099778974156419764e+01,-1.633301098206463919e+01,-1.405089934733735468e+01,-1.470932034785006159e+01,-1.802835115064091909e+01,-2.251466152647964236e+01
-2.076266793243023656e+01,-2.207444633756364993e+01,-2.343373140968194690e+01,-1.990635108547050436e+01,-1.461644530095973948e+01,-9.067625010714811751e+00,-6.367257363655987490e+00,-4.527306906565898181e+00,-4.827263037948047675e+00,-5.149487343655914984e+00,-6.426158671619511153e+00,-1.008642501790984269e+01,-1.334383229448013886e+01,-1.531288498790324226e+01,-1.580775590303565359e+01,-1.686806686585690684e+01,-1.960450571124293262e+01,-1.834443340882533846e+01,-1.006719130227545733e+01,-6.098595452909710168e+00,-5.542742084555265514e+00,-1.021362120013277064e+01,-6.814440916362805467e+00,-4.634520717873042095e+00,-6.104619973847846381e+00,-1.294329497693967390e+01,-1.918189898058145815e+01,-2.090260905378005063e+01,-1.978553027866267300e+01,-2.569845528161826209e+01,-2.360121135751740340e+01
-1.901307837902998799e+01,-1.383786974133563596e+01,-1.193503425201448032e+01,-1.239104201963969665e+01,-1.558945367416413852e+01,-9.866570707128829554e+00,-8.120387219581283844e+00,-1.025699849339092395e+01,-1.503451943698049575e+01,-1.316282223453040956e+01,-1.181230516393645402e+01,-1.169456663852980149e+01,-1.159151047618449226e+01,-1.538849488025953782e+01,-1.843378719962945667e+01,-1.116899221584576551e+01,-8.087242067361078313e+00,-7.729997844255271033e+00,-9.537513039693111594e+00,-8.860607420196052075e+00,-3.241547240179126099e+00,-7.025715479453117362e-01,-9.346413382158703653e-01,-1.549704338463528064e+00,-4.412037016964760028e+00,-9.990686534833507437e+00,-1.104660236484864200e+01,-1.131786271904696939e+01,-1.489136444520549674e+01,-2.322836017207939108e+01,-2.411463822837637139e+01
-2.226525171063527253e+01,-1.330626948240424490e+01,-7.583700212109990346e+00,-4.381036158118929436e+00,-3.568777334539830370e+00,-6.295490982151832782e+00,-1.302548368437951432e+01,-1.126961365066656562e+01,-1.118803095517038315e+01,-1.610946827175236606e+01,-2.139850371825594877e+01,-1.985562342355231280e+01,-1.545170432178914055e+01,-1.232238158358245350e+01,-1.431553518271245906e+01,-1.514150863234736377e+01,-7.494222736659169826e+00,-4.726452329829961663e+00,-4.856290060181577495e+00,-6.002533821999525898e+00,-8.774244443208230493e+00,-8.186352598003479031e+00,-7.351376713574433452e+00,-8.405386091781263502e+00,-2.485739133653364075e+00,-5.863283431145730473e-01,-2.293784517247988930e+00,-6.965748886100384674e+00,-1.617038995778861121e+01,-2.305339325976972731e+01,-2.009505947097008871e+01
-2.536478590764919261e+01,-1.706309153953520052e+01,-1.304728273784412984e+01,-1.022874688150502109e+01,-7.121547421236999575e+00,-4.146537205752204081e+00,-3.848826927046816060e+00,-5.678423751302125844e+00,-9.935497994182490800e+00,-1.390934084744012722e+01,-1.349937850086628899e+01,-1.326383593903870128e+01,-1.556570310853108552e+01,-1.413797710322532275e+01,-1.094131814531919389e+01,-9.907415694549303709e+00,-1.226006008897508970e+01,-1.076280950698532024e+01,-6.541839702790524846e+00,-4.988223871513574714e+00,-5.375996419111220170e+00,-5.738145877082808433e+00,-5.626077226981395007e+00,-7.939635042946378896e+00,-3.094429954596865429e+00,-8.953593008669226139e-01,-1.936520287234868354e+00,-7.560901898796818621e+00,-2.063001995126740340e+01,-2.207452346497223061e+01,-2.165379976224498648e+01
-2.528998367125246816e+01,-2.163858837640585975e+01,-2.306806730623004853e+01,-1.903031045248528486e+01,-1.442741248086720951e+01,-1.379994411428435441e+01,-1.409999633536619257e+01,-8.837535274128953233e+00,-7.966491360624297080e+00,-1.011010887492604660e+01,-8.890153032391010512e+00,-9.564501801458726860e+00,-1.329194393278170061e+01,-1.577320287407947141e+01,-1.405760558312680608e+01,-1.381360246554142357e+01,-1.570454522341239390e+01,-1.808477751747900797e+01,-1.622591788127642687e+01,-1.147294063978836398e+01,-1.158756609924701131e+01,-6.545051954624031332e+00,-6.422663330030040640e+00,-9.104612870376650235e+00,-8.035422825512766209e+00,-3.690960795313370291e+00,-2.657464724628865405e+00,-4.739617258560757662e+00,-1.400405396633789401e+01,-2.083841210253098453e+01,-2.204543988844927682e+01
-2.671400427617946605e+01,-2.197985879914099527e+01,-1.914367878537218104e+01,-1.536632076131195568e+01,-1.099043370946114884e+01,-1.049718089289024014e+01,-1.206142886296039940e+01,-1.405254548637806877e+01,-9.938449302641283012e+00,-7.014045716834669264e+00,-8.489065243416472839e+00,-1.505489612126550725e+01,-2.174715668213467623e+01,-2.110988118468212349e+01,-1.935839852765828795e+01,-1.403592675473509743e+01,-1.412466977824684022e+01,-1.388161132315627633e+01,-1.536136408813861287e+01,-1.891003620724718104e+01,-2.048393005282938972e+01,-1.273587090728663540e+01,-5.942500080882000546e+00,-5.399171842997815496e+00,-5.509227288010365875e+00,-2.887410164881153207e+00,-2.612344320080861149e+00,-5.565622858390086414e+00,-1.096356179834413958e+01,-1.951668689831966219e+01,-1.859904678128346589e+01
-2.705359978235068397e+01,-2.096711726749644455e+01,-1.159269064714928632e+01,-5.413591063323140773e+00,-2.192952065032069520e+00,-1.309317489700517090e+00,-2.339632325171798310e+00,-4.519216639654977108e+00,-6.467298331881771389e+00,-1.014848421802039979e+01,-1.634593497003827878e+01,-2.042357591821366114e+01,-2.137487767724429943e+01,-2.445366446711436126e+01,-2.012447758081580318e+01,-1.460241848280449872e+01,-1.299219949606086111e+01,-1.676442094710694519e+01,-1.511215128517952344e+01,-9.729495463751945294e+00,-8.689854607612145898e+00,-6.867766311940024515e+00,-6.372730037244427770e+00,-7.653032236427319113e+00,-4.909181028369720146e+00,-4.783271761376316711e+00,-9.530896858507846403e+00,-1.726266891515555457e+01,-1.547779118914564123e+01,-1.974507970970217841e+01,-1.509396014443966472e+01
-2.618623115635719500e+01,-2.042521002312668088e+01,-9.905629717001394496e+00,-3.871349549781875510e+00,-2.443942795355976472e+00,-3.899583329102259022e+00,-9.984049177853814072e+00,-1.273750893258246997e+01,-1.007208626811243946e+01,-1.352596175870975514e+01,-2.004358278002057858e+01,-2.118310180030950818e+01,-2.124678252925392030e+01,-2.111281154135696170e+01,-1.968918752269584616e+01,-1.512702619228042522e+01,-1.369380486812912068e+01,-1.609326211143942587e+01,-1.160136383621632561e+01,-7.388127293907293947e+00,-5.984978409624901019e+00,-5.361132281668045785e+00,-5.376052277428763126e+00,-5.833368031167182721e+00,-5.762377790543211198e+00,-7.505566584462878943e+00,-1.414057053938633324e+01,-2.068115016392298955e+01,-2.331115335476498629e+01,-2.483016454672613094e+01,-1.916025905448849542e+01
-2.287548269544328861e+01,-2.192479690483638066e+01,-1.461650824747165700e+01,-9.612962863024543836e+00,-6.730734737981267202e+00,-8.105016816563967552e+00,-1.386777552085764320e+01,-1.993304565473764711e+01,-1.522664414634223817e+01,-1.357580288618552622e+01,-1.635573518576742202e+01,-1.745854717142441714e+01,-1.802213452643707114e+01,-2.218636744563319141e+01,-2.085383626392909306e+01,-1.686316309255712298e+01,-1.534064174600008101e+01,-1.466227876038110622e+01,-1.133613890159029935e+01,-1.257236195011299174e+01,-1.602263204290085596e+01,-1.699646752121067905e+01,-6.959863722825250676e+00,-3.994677321249697322e+00,-4.612549762265021336e+00,-1.144209868366978711e+01,-1.806617905312225503e+01,-1.922729764164996880e+01,-1.604713320131061494e+01,-1.627640958293145346e+01,-1.360956888940154030e+01
-2.051875378905224068e+01,-1.456783471588327039e+01,-9.697266977374292551e+00,-9.488736785760446324e+00,-1.197829302118605987e+01,-8.670871133063020153e+00,-6.242950978868899270e+00,-7.865707943419448789e+00,-1.084926746234673445e+01,-1.538337292490887087e+01,-1.132117061955588255e+01,-1.259564132249655799e+01,-1.886084076937507348e+01,-2.620655202064193645e+01,-2.429719665671597184e+01,-2.007183571522977061e+01,-1.806792662424199847e+01,-1.957404396513931033e+01,-1.499223163849165452e+01,-8.768403571192957102e+00,-8.879068120187069368e+00,-7.774537433843723200e+00,-2.633148862682908931e+00,-2.270537493991851452e+00,-4.998146968228476261e+00,-1.235115238999118326e+01,-1.455689192319116643e+01,-1.080565905070104549e+01,-1.024190623920504706e+01,-1.191090794070428238e+01,-1.124619942052023802e+01
-2.292655309108124939e+01,-1.425393377031598696e+01,-8.050265170946842019e+00,-4.381175760461502477e+00,-3.277916682868444731e+00,-2.025191501123408067e+00,-6.543724160754422758e-01,-2.082892261607427742e-01,-2.197769604016784228e+00,-5.745429408650438496e+00,-9.470372294177527905e+00,-1.148268232726249316e+01,-1.609155022196409135e+01,-2.328161346211152960e+01,-2.701025439711177967e+01,-2.443670814578272754e+01,-2.257591139769353816e+01,-1.569989130476943551e+01,-1.373820142986393833e+01,-1.282581816100272754e+01,-6.330988762258481728e+00,-1.570602305193002257e+00,-1.120086811997695664e+00,-3.405135461653606033e+00,-6.813232341734301478e+00,-1.110203867249128251e+01,-8.847772527392171682e+00,-8.457651743367939901e+00,-1.304757546476957231e+01,-2.169508929012202358e+01,-2.033397760711797986e+01
-2.691556472137194689e+01,-1.817867861274911689e+01,-9.690750822299667888e+00,-7.613625412227726486e+00,-9.894848081244139948e+00,-1.310503458951701639e+01,-6.793634252857510880e+00,-3.364894336934725949e+00,-3.272782325306359485e+00,-7.558052086529611913e+00,-1.219337744772935039e+01,-1.062017212495082497e+01,-1.247522399806174853e+01,-2.285966295755209998e+01,-2.732011843328716338e+01,-2.538798267500741090e+01,-2.316021590873974745e+01,-1.869894353682253652e+01,-1.235415308215037200e+01,-1.067136566904412653e+01,-4.988257817360532975e+00,-3.170615901419219895e+00,-4.436145086624041056e+00,-7.728866449925077653e+00,-7.028221762293026309e+00,-2.597074379393157884e+00,-2.512190934959329436e+00,-4.735080012002913286e+00,-1.010566530007274189e+01,-1.465761275251372453e+01,-1.398324134770561677e+01
-2.793908569592387892e+01,-1.741900091712214405e+01,-9.504427264718447788e+00,-6.949213320467652721e+00,-8.290980236870902687e+00,-1.065639843284582966e+01,-5.433946725951523504e+00,-5.228664088649909836e+00,-9.838142936470127609e+00,-8.590828117202310210e+00,-5.404241837373300328e+00,-7.433577316147940373e+00,-1.362116824979541718e+01,-2.576190435585855454e+01,-2.662463912442952818e+01,-2.386628366117717803e+01,-2.117482292952657730e+01,-1.586827602506685686e+01,-7.650781522278024660e+00,-2.326416490538859794e+00,-1.203526816324980375e+00,-3.280823449752911625e+00,-9.351150393986902287e+00,-6.423654694016240008e+00,-2.599616570601693599e+00,-2.722884250601299794e+00,-5.691704203351204860e+00,-1.251761521211191308e+01,-1.428360687534348372e+01,-1.938366855693464430e+01,-1.418773057480820121e+01
-2.564925089403360658e+01,-1.740479192012498189e+01,-1.021969113329879342e+01,-6.211237975529262378e+00,-4.560868121746207926e+00,-4.763828921969197161e+00,-7.464974759506578295e+00,-6.192235531927156700e+00,-3.548965854805056885e+00,-2.602405537702456417e+00,-4.316600450698067526e+00,-7.890614613765428054e+00,-1.526562672903557782e+01,-2.528227143528080845e+01,-2.724441431350066978e+01,-2.181768135263138575e+01,-1.950176206356337261e+01,-1.587198015020675079e+01,-6.445319983638635009e+00,-3.589826612068073963e+00,-3.401953855494209478e+00,-4.586916381227118755e+00,-6.158471370444578596e+00,-9.505071891131303019e+00,-4.761386295357922904e+00,-3.937444906400031197e+00,-7.877681124110181621e+00,-1.532287979626855901e+01,-1.595741003501315092e+01,-1.558981075006372841e+01,-2.066288528923227119e+01
-2.610200473440795221e+01,-2.139971290716604102e+01,-1.709740171111932483e+01,-1.497417480705165005e+01,-1.583729954527205841e+01,-1.496331415657235731e+01,-1.332931152411869569e+01,-1.075705820271948809e+01,-7.193713834305770938e+00,-6.748423395787968460e+00,-8.234961879854441946e+00,-1.393958448762653290e+01,-2.090705644383150030e+01,-2.171189391312478989e+01,-2.195283201762608272e+01,-1.781079341784244718e+01,-1.747400398414675848e+01,-1.774274215578031288e+01,-8.356395798570970257e+00,-5.069648876911451829e+00,-6.173494588348920509e+00,-7.764201387136924204e+00,-3.239084356937933062e+00,2.438105433443639447e-02,1.079483496098086581e+00,-2.927000507665406537e-01,-4.783503257016016974e+00,-9.459516055913281818e+00,-9.069068620184889795e+00,-1.267451871693635113e+01,-1.952596408779881543e+01
-2.637308765659813048e+01,-2.510966550802984187e+01,-1.933712861517898318e+01,-1.474209673264447318e+01,-1.145579128931550450e+01,-9.698496551072897987e+00,-9.540118152228723503e+00,-1.234708327155153285e+01,-1.215878941531942736e+01,-1.177250153777979946e+01,-1.696463736365823038e+01,-2.100331644050213598e+01,-1.487546518369883053e+01,-1.304085614400751503e+01,-1.290258688285571154e+01,-1.687046502818580507e+01,-1.446842730345846206e+01,-1.055139640349299945e+01,-8.403301598645057879e+00,-8.193586928002973835e+00,-3.865431449712574796e+00,-2.531036007053711678e+00,-5.203977681805982414e+00,-3.762219403128867601e+00,1.262283915004246859e+00,2.112037043384581647e+00,1.359204497577685133e-01,-4.660702668693887496e+00,-1.095931115871717942e+01,-1.311275434293666819e+01,-1.206701238015118705e+01
-2.120992735854717992e+01,-1.631263571626999820e+01,-1.071870351839466196e+01,-6.482941896474661903e+00,-3.845113258652326227e+00,-3.586774960911574439e+00,-3.850022516769020520e+00,-3.885898054397406653e+00,-4.717412410663957445e+00,-7.838151893194983622e+00,-1.316354340966008252e+01,-1.221490914080323265e+01,-1.198114440020392912e+01,-1.239323935488692818e+01,-1.159094581183265227e+01,-1.230913989884512816e+01,-1.249030533858707948e+01,-5.801680705627473067e+00,-3.745161507149547653e+00,-3.945302498593394436e+00,-1.520497989263253524e+00,-1.841046002804998194e+00,-5.080677189159612084e+00,-2.769459007433106912e+00,-8.568212686169172088e-01,-3.457365537649255138e+00,-1.048805230971770186e+01,-1.001509023814642063e+01,-1.218575545920043446e+01,-1.352234610088733113e+01,-1.195025887809881660e+01
-1.869629409934292497e+01,-1.089164661760089814e+01,-6.519320782493142730e+00,-5.677090925328871940e+00,-8.647998974603765987e+00,-1.575217166167347393e+01,-1.782763049983176984e+01,-1.002529681880934831e+01,-4.950723534622111899e+00,-4.331829868444875942e+00,-7.942309343514322606e+00,-1.679925488824603974e+01,-1.654957126970050751e+01,-1.749025873176190160e+01,-1.387288427553257009e+01,-1.551579418903639329e+01,-1.627470355073944930e+01,-6.638387305145504236e+00,-1.477323756852586323e+00,9.252012021799997654e-02,-1.545695083186432672e+00,-5.932698520166533207e+00,-7.435606932940602931e+00,-3.351796507240593748e+00,-1.576168401876049785e+00,-2.454449736943640659e+00,-6.870666492886903676e+00,-1.637037907528276293e+01,-2.066806312569049098e+01,-2.357773033911440663e+01,-2.274541949825126608e+01
-1.989982052610701757e+01,-1.202063006112555499e+01,-1.011390308973168040e+01,-1.157284706680714592e+01,-1.691901365047743511e+01,-2.021467275579436418e+01,-1.476884670017146206e+01,-7.717602510913079250e+00,-4.411115549191706897e+00,-5.069390023956779956e+00,-8.806386300996571492e+00,-1.610698411845359601e+01,-1.383790272223849271e+01,-1.183004616288577893e+01,-1.184845856458199087e+01,-1.015823862031728275e+01,-8.041469362853955971e+00,-2.987720097876897185e+00,-1.852869821634112180e+00,-5.229653843373310629e+00,-1.151165896553953161e+01,-8.647286120082149807e+00,-5.512480511510071679e+00,-2.167316135347765904e+00,-1.272870468119542853e+00,-4.139053045263310082e+00,-1.004111385345458984e+01,-2.093049741793079477e+01,-2.488084815730567811e+01,-2.265685885894198393e+01,-1.878816288859904304e+01
-2.421600857301920229e+01,-1.667216779304151686e+01,-1.464606673176549023e+01,-1.495750095062897067e+01,-1.590849670241860814e+01,-2.077430622517561787e+01,-1.505045697869372923e+01,-7.268372657419252647e+00,-4.824771329384891949e+00,-5.720076521404650727e+00,-9.673828602838916879e+00,-1.352346385226530145e+01,-1.344423163638395380e+01,-1.715226498571764679e+01,-2.269826950546072197e+01,-1.600090030561976207e+01,-4.192481392071027102e+00,-1.433250671358262451e+00,-2.189121655055454863e+00,-7.270802761827196647e+00,-7.280341991356441333e+00,-4.946249637283196776e+00,-6.580554842823693740e+00,-8.076317324232654471e+00,-8.103659445498170300e+00,-1.145453675805019778e+01,-1.263686064211260351e+01,-1.719705020980674703e+01,-1.760861447378366762e+01,-1.726060265052218412e+01,-1.717191138187376254e+01
-2.653006416208603824e+01,-1.887674545640705048e+01,-1.384547918684342349e+01,-1.453491000668341293e+01,-1.344775282735584199e+01,-8.770482024224866890e+00,-5.948326123361828088e+00,-5.540056242662317665e+00,-9.467760042983945468e+00,-1.585756021086909229e+01,-1.730453846935464668e+01,-1.778951770618182238e+01,-1.245409869246122270e+01,-1.081053631145413263e+01,-1.097383064482392356e+01,-8.872734047785526101e+00,-6.440601660924799354e+00,-2.925446815913965715e+00,-1.754536226344834748e+00,-3.072269872180186212e+00,-3.054338475110150330e+00,-3.814354906813437029e+00,-7.129199923086567026e+00,-9.476444655105847659e+00,-7.829101003518625035e+00,-7.691714516457389017e+00,-6.404006434087993860e+00,-5.539372338467285495e+00,-8.114485849352444546e+00,-1.349068533071950782e+01,-1.508618493841475861e+01
-2.630053334276215438e+01,-2.033172208721898144e+01,-1.274878756038281047e+01,-6.454207832572841141e+00,-4.257691570941140036e+00,-3.945715463461996197e+00,-6.293987638309221921e+00,-7.259410285148300446e+00,-1.037912909223251923e+01,-1.487191065219270136e+01,-1.497532989297594419e+01,-1.299444964252600165e+01,-1.465677882442955138e+01,-1.671051657500387222e+01,-1.312281166705764690e+01,-1.277839830542812827e+01,-1.277918726656617210e+01,-6.208616463577046218e+00,-4.163382706897599483e+00,-7.119754825178690183e+00,-7.241313785126729741e+00,-4.628148388962785909e+00,-7.323806960041783221e+00,-1.203004753188926657e+01,-7.028097981164435737e+00,-4.190697894251647071e+00,-3.996026129782700664e+00,-6.538930364516603255e+00,-1.091733676295320521e+01,-1.011448050947750232e+01,-9.151378585510894226e+00
-2.469278993726778282e+01,-1.742719106513913019e+01,-1.111146071578274253e+01,-7.239926387281978570e+00,-6.819497261227679630e+00,-7.024865045266992958e+00,-1.143920658366018905e+01,-9.616736637944935495e+00,-9.859825764884467603e+00,-1.566540311765270133e+01,-1.600907813601133256e+01,-1.686956841404698437e+01,-1.360495777691111918e+01,-1.292403581563164217e+01,-1.409514144288391613e+01,-1.648057239897110904e+01,-1.000586356836206825e+01,-4.986017201628003548e+00,-3.112582765957888409e+00,-3.408071442186331623e+00,-4.257718200568391786e+00,-6.780953648711452786e+00,-1.177333673008349813e+01,-1.565771255172601251e+01,-1.423336798002739911e+01,-1.431359257718094291e+01,-1.551573056032677655e+01,-1.564786339507383417e+01,-1.731523454489828140e+01,-1.585208478895556006e+01,-1.406127648293471211e+01
-2.386487689739515972e+01,-1.264311301307517965e+01,-7.813981047197549934e+00,-7.183280758497093466e+00,-1.115005690911236869e+01,-7.244646363398608457e+00,-4.193367514540167207e+00,-3.510610616006771156e+00,-3.950470614333112529e+00,-6.089635555984592941e+00,-1.052957921669262831e+01,-1.412562065965989078e+01,-1.545625373696078775e+01,-1.337724042840364547e+01,-1.183065595546690396e+01,-1.293320545028237767e+01,-1.494362815087582952e+01,-1.413265745329255729e+01,-7.905543239802873323e+00,-5.349952317586465611e+00,-6.214320449268116775e+00,-1.204026707380759653e+01,-2.052242549928296356e+01,-1.987639726109865279e+01,-2.329104931013924684e+01,-2.512841556452903546e+01,-2.551129737821947785e+01,-2.424419784345546702e+01,-2.580254202129460239e+01,-2.338252608515635345e+01,-2.222095143494485825e+01
-2.300683042983047244e+01,-1.622821436609540768e+01,-7.072431403548777418e+00,-3.871585477550490761e+00,-3.560544032133927672e+00,-7.020464094747014272e+00,-1.473844220157431018e+01,-1.249396464403937834e+01,-1.063021505730492677e+01,-1.021681625151834538e+01,-8.457699762672937993e+00,-1.014105766160147581e+01,-1.413567973786041598e+01,-1.583579581324793750e+01,-2.200697633599032699e+01,-2.360814734266585546e+01,-2.472813580016128299e+01,-1.975266893370812582e+01,-1.249033502971424703e+01,-1.052654371441913206e+01,-1.274257385830919276e+01,-1.398284889269275766e+01,-1.762423491077262838e+01,-2.125916680167702921e+01,-2.411367589285393720e+01,-2.675492875115210367e+01,-2.526230151312691774e+01,-2.548015194780686343e+01,-2.466583814540830843e+01,-2.514897163375085043e+01,-2.268623128458231264e+01
-2.023751187925579131e+01,-1.108252138550541943e+01,-4.430031123156306982e+00,-1.254402691361439670e+00,-2.247099137273881109e+00,-7.006678905784144540e+00,-1.039441704599797234e+01,-8.200116710502561190e+00,-1.010431840890595900e+01,-1.221885356782865095e+01,-1.050261445606456157e+01,-9.279722336961441442e+00,-1.088009631032703339e+01,-1.639620409091981657e+01,-2.391965148228557325e+01,-2.229528355197746237e+01,-2.237237538409834059e+01,-1.931033887983370079e+01,-1.411437759880258191e+01,-1.135261928935010900e+01,-1.378457870503433647e+01,-1.501931976570802618e+01,-1.485183833627139904e+01,-1.918112177408042029e+01,-2.360141051917516819e+01,-2.487096109710821423e+01,-2.099762409875372882e+01,-1.858541067908791788e+01,-1.914102378813158722e+01,-2.006077383546268322e+01,-2.251373887062072754e+01
-1.860665255033669396e+01,-1.065511755883192890e+01,-6.775814378336698418e+00,-4.252108205884632675e+00,-1.414038404066139121e+00,5.511067173492159021e-01,2.188800975148166850e-01,-2.211564979713582346e+00,-7.636749372011473191e+00,-2.045572380558783365e+01,-1.752855007688538436e+01,-1.403765390099597532e+01,-1.438048417227608766e+01,-1.869050236910331009e+01,-1.931298863186555792e+01,-1.740952596343866077e+01,-1.529906663974793979e+01,-1.622303350432580160e+01,-1.215709635690480717e+01,-7.792469951285033503e+00,-6.504150158216972955e+00,-7.756704786244561056e+00,-1.295504742610354398e+01,-1.958690808400386629e+01,-2.042291543664050835e+01,-2.111714212233279042e+01,-1.735255996720129801e+01,-1.212287051337105837e+01,-1.069603615949133868e+01,-1.176618126059780600e+01,-1.345559626967967048e+01
-2.052567392036694471e+01,-1.926239597296514461e+01,-1.430757183587851600e+01,-1.465392383707671620e+01,-9.204302993642182074e+00,-2.746223557352561961e+00,-1.363268650107539726e+00,-3.681769524286148787e+00,-9.088058237268143102e+00,-1.658915827454639214e+01,-1.464533587163236028e+01,-1.207979248351409574e+01,-1.272834397163711628e+01,-1.573643727462832587e+01,-1.788545218034952455e+01,-1.515515992020358560e+01,-1.373928392935199838e+01,-1.564481015866544134e+01,-1.292292570867458323e+01,-9.502095261541734672e+00,-8.793032811469391419e+00,-1.020814208623741770e+01,-1.460220886278553110e+01,-1.218598790028515921e+01,-8.673556152011165921e+00,-7.726609769864242416e+00,-6.326722739123496808e+00,-7.505497373953587292e+00,-1.353119591604761673e+01,-1.724368184354124978e+01,-1.764867876357391197e+01
-2.532095320485219148e+01,-1.629518461628120463e+01,-9.055652566316748420e+00,-5.933866534037750107e+00,-6.034076846009042150e+00,-8.820355143758053629e+00,-4.261427982377687051e+00,-3.352997821059171990e+00,-6.776394607514894197e+00,-7.752393462577788164e+00,-7.937885406137514366e+00,-1.253715461642802254e+01,-1.598359266649775101e+01,-1.209944316319056945e+01,-1.172906485725851589e+01,-1.045622866794842665e+01,-7.290501172302150223e+00,-6.266518166085250918e+00,-8.492620549782985861e+00,-1.561292019210943671e+01,-1.899170924535318505e+01,-1.397798018796103392e+01,-9.511736937430725902e+00,-5.150579514936739933e+00,-3.014461495083983866e+00,-2.746581896204313367e+00,-3.531681133301130426e+00,-5.585132659483356576e+00,-1.059941385774051525e+01,-1.604298938422643772e+01,-1.639278200894844773e+01
-2.597145954500727427e+01,-1.591725517521385314e+01,-7.522716615380359073e+00,-2.480455493703171310e+00,-3.179147949981788734e-01,1.643251413274008643e-01,8.876066261554184378e-02,-1.468498491490369373e+00,-4.921777807489163159e+00,-9.222587668344754519e+00,-9.524406081488152154e+00,-1.083861499974707598e+01,-1.436067248392505746e+01,-1.548411833939432114e+01,-1.606231383115303757e+01,-1.459901092132600375e+01,-8.816204486273917951e+00,-5.335271490221264123e+00,-4.541245593994605478e+00,-6.421789807431838248e+00,-8.574920712899761099e+00,-7.094486600711565671e+00,-3.841251040331455702e+00,-3.976315868126244268e+00,-7.474569450030807971e+00,-1.455367469286718318e+01,-1.216969674875756269e+01,-1.180137368961542599e+01,-1.365179705219108541e+01,-2.287221633887090633e+01,-2.430547137621070064e+01
-2.407280682315345643e+01,-1.653931016280871447e+01,-1.466280481795302926e+01,-6.141863498241961317e+00,-2.189152961227056604e+00,-3.209898826278777317e+00,-7.542406959639189168e+00,-8.966728869575161909e+00,-1.283213517946355431e+01,-1.596766748949259274e+01,-1.479744127618164562e+01,-1.456063208860509484e+01,-1.860322681595297567e+01,-2.407490114805077397e+01,-2.457967101225332129e+01,-2.042397046089172363e+01,-1.712658263655269764e+01,-1.281606290620915978e+01,-8.869441377515553171e+00,-8.382550404352301143e+00,-1.213819202855855472e+01,-9.266664402825492530e+00,-8.289808364976353872e+00,-8.442227690660653039e+00,-9.434885872512303706e+00,-1.548816550729655361e+01,-1.483371393319939280e+01,-1.314234996342859318e+01,-1.495199366978236633e+01,-2.093902969961406768e+01,-2.135147660519896462e+01
-2.591055026575296694e+01,-1.640382923599050713e+01,-1.071632335967376370e+01,-4.675884702125517656e+00,-3.756975728462786712e+00,-6.010788638301256093e+00,-1.299021097391593393e+01,-1.859428952922340272e+01,-1.927605949329728929e+01,-1.700664685553863364e+01,-1.330767025166199069e+01,-1.121861375780666492e+01,-1.247838229491931017e+01,-1.666447506431772041e+01,-1.812277585518460299e+01,-1.704726583216370628e+01,-1.915927614684866143e+01,-1.767281684354573912e+01,-1.326995394009501972e+01,-1.063474617685590395e+01,-1.073447984507103925e+01,-1.139258086681365967e+01,-1.072447007543900455e+01,-9.390924002443041374e+00,-5.354940355450165335e+00,-3.604951789724922140e+00,-3.618841200026080784e+00,-5.706697917034645684e+00,-9.575762199754475290e+00,-1.905629231248583011e+01,-1.678624092230275977e+01
-2.244303048558595748e+01,-1.354314446950159123e+01,-5.992525387711885365e+00,-2.917488805761858206e+00,-1.862625867449247963e+00,-3.923506032644199504e+00,-9.176536869351602732e+00,-1.484670278254677278e+01,-1.559589759141457144e+01,-1.578395317983226676e+01,-1.211463418928514990e+01,-1.057936950190728531e+01,-1.177656156275452659e+01,-1.607457764809872813e+01,-1.882223013669502976e+01,-1.400652529011253478e+01,-1.136129376467536467e+01,-1.149807129687621732e+01,-8.459259361279110934e+00,-7.095756952251706551e+00,-9.679695027215140968e+00,-1.146614378840983406e+01,-6.220516928604671314e+00,-3.586120126628074445e+00,-3.826841739014166688e+00,-5.181999813593110460e+00,-4.358298621602168410e+00,-6.429131040553085263e+00,-9.818656865288229341e+00,-1.080909033182288503e+01,-1.137012083490355607e+01
-2.016820560984250932e+01,-1.302633650062464810e+01,-1.032450454375323190e+01,-1.123130326661743084e+01,-1.285030689535020798e+01,-7.897055137307703809e+00,-5.278917138816929366e+00,-5.871808954647609546e+00,-8.540744416853961241e+00,-1.441401556359619640e+01,-1.582208885866053016e+01,-1.288673470601314186e+01,-1.488177112170628114e+01,-1.901181119630316729e+01,-1.607576618575248517e+01,-1.719616415420500033e+01,-1.224750361522706577e+01,-6.200996888284923791e+00,-4.634392177357392839e+00,-5.548677124896971513e+00,-6.210889954026005633e+00,-8.071897183411888221e+00,-3.449230174749244426e+00,-1.096756076910767819e+00,-2.398061172717775413e+00,-4.206589024942690713e+00,-3.993446494836141003e+00,-6.939902883743037876e+00,-9.760843511389083460e+00,-1.076598863140875473e+01,-1.715433136354975474e+01
-2.190593592259062561e+01,-1.631445542503805868e+01,-1.585381833845827693e+01,-2.005389051277096613e+01,-2.135658047980621177e+01,-1.382183445601904026e+01,-1.047637814433634773e+01,-9.926080527425813926e+00,-1.093488600374269915e+01,-1.371027398009260168e+01,-1.611193846654491324e+01,-1.822875817683564392e+01,-1.506400815378717972e+01,-1.244056051919440264e+01,-1.290188899661312583e+01,-1.423713354202879522e+01,-1.073277911118098693e+01,-8.290260869414867173e+00,-9.015770074700107273e+00,-1.283670690881104015e+01,-9.155807664915293742e+00,-2.796713018382922744e+00,-2.476064677036195205e-01,-9.671174990553252360e-02,-2.712786219542564492e+00,-4.849720980969117079e+00,-3.350747865444722251e+00,-4.763401602496619702e+00,-8.869665464934181287e+00,-1.390500613621303039e+01,-1.274680655142840280e+01
-2.425200504815878944e+01,-1.491942074218717984e+01,-1.235127414074264607e+01,-1.312499024286991478e+01,-1.649233026364270316e+01,-2.034695861119182325e+01,-1.894088773166432205e+01,-2.241832882215996747e+01,-2.254223651044508969e+01,-2.091043853359062155e+01,-1.763111552671224302e+01,-1.582331896228950541e+01,-1.254219443557643032e+01,-1.143965036728802787e+01,-1.318902613335296969e+01,-1.620962419630098594e+01,-1.375906918429526904e+01,-1.346181952151931682e+01,-1.579555504462298288e+01,-1.972873580155252426e+01,-1.372662550361216560e+01,-8.777409315610132268e+00,-7.193322925735460949e+00,-8.369810701981812429e+00,-1.312841165817084388e+01,-1.563826142038617739e+01,-1.077229703023654039e+01,-8.161729616277357380e+00,-9.545127013150382922e+00,-1.401961541676721623e+01,-1.792483341393350571e+01
-2.561495731457942782e+01,-1.287463235153871466e+01,-8.069670823441834173e+00,-6.609157812445103808e+00,-8.743877651811647667e+00,-1.260900839136428253e+01,-1.681501124285850324e+01,-2.497736895985963912e+01,-2.460334568464455529e+01,-2.143930141465002848e+01,-1.408995809074209582e+01,-1.019904091778923494e+01,-9.751673317756972992e+00,-1.266417448660906686e+01,-1.932756169904179799e+01,-1.605458982451623129e+01,-1.419334917208727731e+01,-1.538557940471072172e+01,-2.085000451272275157e+01,-2.053054801155539266e+01,-1.809466956743673194e+01,-1.499250071489510461e+01,-1.280821768075478140e+01,-1.503264869862243991e+01,-2.294239104294977238e+01,-2.135339910643441286e+01,-1.526916484672482355e+01,-1.033323436424511854e+01,-9.612428479835767092e+00,-1.120317431558080123e+01,-1.746746601377214603e+01
-2.657711310346587297e+01,-1.263953240779267695e+01,-5.529783679657623630e+00,-3.065139123371669161e+00,-3.737726609246069476e+00,-8.009803849108079632e+00,-1.797019208178800653e+01,-2.540093317552774721e+01,-2.480523634157260915e+01,-2.279562409985966909e+01,-1.652832415925354681e+01,-1.325376097895518157e+01,-1.122562025675252784e+01,-1.312390134915584206e+01,-1.833636949843719322e+01,-1.548786490704832985e+01,-1.381279683914505085e+01,-1.586822211041170050e+01,-1.615346046155240245e+01,-1.183006923639473840e+01,-8.619433036371439982e+00,-8.060033328392925966e+00,-9.820904528393464616e+00,-1.610765549715827660e+01,-2.391752315769676329e+01,-2.251669050264759164e+01,-1.910950794540533337e+01,-1.776193865207062927e+01,-1.741524313678260683e+01,-1.935066809173391533e+01,-1.966184667979969802e+01
-2.410376013026517938e+01,-1.137340709542026040e+01,-5.657066184432566480e+00,-3.439200795999094229e+00,-4.674469358279925046e+00,-9.721243811254741019e+00,-1.874674074689881209e+01,-2.087251321007223837e+01,-1.963158779585060998e+01,-1.938241110128515032e+01,-2.516504344218919087e+01,-2.208412932548202434e+01,-1.430557199085460063e+01,-1.184544536346147048e+01,-1.285015603173680709e+01,-1.735108836959389933e+01,-1.698231079297907087e+01,-1.724243780344474075e+01,-1.495076009105233616e+01,-8.883453205853951928e+00,-5.363102872331602988e+00,-5.428970098996362736e+00,-8.867099721892541808e+00,-1.807985326823066430e+01,-2.441490753157799887e+01,-2.609119547114652704e+01,-2.601182553748122928e+01,-2.720720853124345950e+01,-2.551952444004411547e+01,-2.641519976263286651e+01,-2.063776898384094238e+01
-2.388744549991703892e+01,-1.386283636093139648e+01,-1.174627825492570388e+01,-1.134431207781078399e+01,-8.725824799858221681e+00,-7.207988008731553542e+00,-9.465888735126046782e+00,-8.890251320951124470e+00,-1.050381032859577779e+01,-1.457149358957755503e+01,-2.137275383051704125e+01,-2.042621757603492938e+01,-1.816499218820523964e+01,-1.435859073510690820e+01,-1.230473774521290764e+01,-1.328486917900437980e+01,-1.375552120729654781e+01,-1.555940331130468479e+01,-1.562407613802356821e+01,-8.735360103494981487e+00,-6.348310713507547831e+00,-7.700446453415045411e+00,-1.324791722938794081e+01,-2.135525449584512003e+01,-2.460573496738401644e+01,-2.668697074681771042e+01,-2.500387213610801496e+01,-2.447954359976183625e+01,-2.303524075235639401e+01,-2.231931847283820147e+01,-1.826575023587010449e+01
-2.496240492027346747e+01,-1.986525907436338656e+01,-1.864945252001786358e+01,-1.604607731354336764e+01,-1.314169163964375642e+01,-8.643511933438917438e+00,-6.451406185366526103e+00,-5.903466298299677284e+00,-9.180957580814842700e+00,-1.513817581609517582e+01,-2.062709264995671177e+01,-1.984328031539916992e+01,-2.146356065333390362e+01,-1.979610125758066985e+01,-1.499896625510784709e+01,-1.166191958479520707e+01,-1.126479576916253933e+01,-1.452084884322991876e+01,-1.620467930681565250e+01,-9.015327256266809641e+00,-6.754728975917110745e+00,-8.151688759066477274e+00,-1.412619548485058729e+01,-2.208819793853439251e+01,-2.432614019938877803e+01,-2.632938992075559526e+01,-2.132913834307374046e+01,-1.631987012734933984e+01,-1.402319753670892766e+01,-1.409090302371177295e+01,-1.757089956668244568e+01
-2.315702885940295275e+01,-2.325370794985474632e+01,-2.036107804594921333e+01,-1.901943362059713394e+01,-1.503820199325305040e+01,-1.473612287465263826e+01,-1.086022770479947575e+01,-7.382881011031255269e+00,-8.070783109725022442e+00,-1.473797997707078444e+01,-2.039785786837088821e+01,-1.733266288292508150e+01,-1.696221789592454243e+01,-1.970786528226708256e+01,-1.910084926781534165e+01,-1.472499683724731945e+01,-1.398632293989678388e+01,-1.650887801066166105e+01,-1.858476939722269350e+01,-1.117436791968946785e+01,-6.277297187252204758e+00,-5.815790649973044069e+00,-8.628678918385705998e+00,-1.586468299497075485e+01,-2.362119987632046403e+01,-2.551914572515407542e+01,-2.141282570061563462e+01,-1.484956041704706742e+01,-1.128444866372757538e+01,-1.169910650694069787e+01,-1.519483056288807354e+01
-1.936621889547139830e+01,-1.353861790244318897e+01,-1.031743193574312301e+01,-9.201605534478396464e+00,-9.956351968248476680e+00,-5.396519625696408085e+00,-2.180687416145801194e+00,-1.697806401541060328e+00,-4.350917596150846833e+00,-1.162151296499396658e+01,-2.102825476942943794e+01,-1.960304574205094141e+01,-1.863641058296716579e+01,-2.078058266239006002e+01,-2.118357875567524218e+01,-1.747109376883306453e+01,-1.747245834855472424e+01,-2.074075575435862717e+01,-2.241943706985281182e+01,-1.553028785280820756e+01,-8.564319264988938585e+00,-5.121292856060156495e+00,-5.481152198394807051e+00,-9.885351041785808590e+00,-1.597467105328535908e+01,-1.800179132693955708e+01,-2.098168248689475135e+01,-1.732955413305458947e+01,-1.189851502210152212e+01,-1.028374849748210806e+01,-1.282049865983113435e+01
-1.761165864928429770e+01,-1.442807527650304245e+01,-9.471274492119540866e+00,-4.062364829078066286e+00,1.555086257187610344e-01,2.435548118620860514e+00,2.459649530658106986e+00,-7.547134942836872251e-02,-6.588620040096154540e+00,-1.457773167445879992e+01,-2.429193071758045974e+01,-2.515673651815462364e+01,-2.283684982371931227e+01,-2.313132407685287717e+01,-2.039277099561290640e+01,-1.833497594584937929e+01,-2.020581013014336591e+01,-2.471146465950653237e+01,-2.389528215031663905e+01,-1.405317843260885269e+01,-1.100570936964339630e+01,-1.145530495723756381e+01,-6.893886726944386645e+00,-5.157852005307414167e+00,-8.228644056652649752e+00,-1.512367731457998765e+01,-1.794060419437264287e+01,-1.390653024200631727e+01,-1.190534067254106532e+01,-1.530098404603845985e+01,-1.471759858652323238e+01
-1.771987108823632084e+01,-1.613531163259714418e+01,-1.184515225286243378e+01,-1.005716685237002928e+01,-5.384675988982267292e+00,-9.435363767038592586e-01,-4.891020963105427999e-01,-4.678440951643914936e+00,-1.314359912551751641e+01,-1.722812489301216843e+01,-2.138001510275512018e+01,-2.211472592233609902e+01,-1.981124973697822611e+01,-2.130217680209824849e+01,-1.891864843528811591e+01,-1.696136186503562726e+01,-1.743990556732947184e+01,-2.117930763509093239e+01,-2.096499118083665181e+01,-1.292598077028739390e+01,-1.026837793919218633e+01,-1.005310577404599215e+01,-7.095508229331810135e+00,-3.786034441858279642e+00,-1.526727222873031531e+00,-2.015793428912821650e+00,-2.950547377948704142e+00,-5.909980784882517213e+00,-1.326132126716004755e+01,-2.284426575949212079e+01,-1.926285331990538552e+01
-2.086889036963967570e+01,-1.430169304378894246e+01,-8.508410218383083645e+00,-5.817123651880176105e+00,-2.566713654153937263e+00,-3.262437534028452268e-01,-1.162417862853896144e+00,-5.012920099897544723e+00,-1.283640134434740077e+01,-1.448771913111710674e+01,-1.808035982757055393e+01,-1.484901686075354910e+01,-1.458145871282625627e+01,-1.760014575068690235e+01,-1.985864367605257286e+01,-1.592624041613410490e+01,-1.520407321072426221e+01,-1.751880213192530888e+01,-1.859597997304772221e+01,-1.241309553735396420e+01,-8.975684976377406699e+00,-9.583713114762506535e+00,-1.397836578493358672e+01,-1.220210244675644340e+01,-3.346662644056227709e+00,7.858155159134918577e-01,1.150620756356560248e+00,-1.684979366815547275e+00,-8.410848258673643940e+00,-1.612870623784906599e+01,-1.747692757494309390e+01
-2.723019936906189642e+01,-2.054601877476988747e+01,-1.348312711515346507e+01,-6.261031974263551625e+00,-3.939791736470832806e+00,-4.924084623250327475e+00,-6.618202075596992806e+00,-7.133332856813399125e+00,-8.917272751070871806e+00,-1.403409671983799001e+01,-1.368779235927998528e+01,-1.213804841542444279e+01,-1.082681931667969089e+01,-1.111824712833436557e+01,-1.381781516756330142e+01,-1.615295736328894449e+01,-1.270434565453970066e+01,-1.290465150811091277e+01,-1.383346012910874911e+01,-1.015234976005153555e+01,-1.004169368042665411e+01,-1.471114453648318765e+01,-1.763879032896346288e+01,-1.584313353069690145e+01,-6.978858711964943673e+00,-3.024663313436752432e+00,-2.187307754883194288e+00,-2.744212096549194957e+00,-6.541426894794993174e+00,-1.386528841086796326e+01,-1.678284620838005026e+01
-2.751202581109119194e+01,-1.968162725552791414e+01,-1.123390425453666808e+01,-6.883064940446565139e+00,-7.396152747153234230e+00,-1.286855129753591598e+01,-1.331250096402843219e+01,-1.037195108312831771e+01,-8.368025149398741647e+00,-1.253484213302115435e+01,-1.201506570808025920e+01,-1.458964729609609634e+01,-1.378285725978242304e+01,-1.331261202066886362e+01,-1.306123560316422427e+01,-9.092612980794505972e+00,-6.516953671679777571e+00,-5.592280348809826940e+00,-5.782988683015358511e+00,-7.348776810309466612e+00,-1.110670575073787170e+01,-1.379872904104344933e+01,-1.128869179341973350e+01,-7.855841886753044179e+00,-7.150988141779138552e+00,-1.150596098814691892e+01,-1.616434462894411794e+01,-1.073670026509701714e+01,-9.617358036401892463e+00,-1.363014477641642586e+01,-1.952567065864050022e+01
-2.776261667844628178e+01,-2.067316958984407194e+01,-7.637806377240589306e+00,-2.636150304681989187e+00,-7.737703543125080685e-01,-1.537548284805497101e+00,-1.521469351110735113e+00,-8.591396759397217364e-01,-1.440269153913436018e+00,-3.675038224258342812e+00,-9.676866018471597997e+00,-1.153849383963256336e+01,-1.149267715065419182e+01,-1.385369748027384773e+01,-1.608361306310701622e+01,-1.547555209207935434e+01,-1.177721244096755981e+01,-9.144274506749225040e+00,-1.150628083393353407e+01,-1.486471279528962519e+01,-1.096755538567775368e+01,-7.256263612057356482e+00,-2.607100912040596352e+00,-9.896029106971314659e-01,-2.488722432103446458e+00,-7.640136435440841645e+00,-8.889350924820897504e+00,-7.228526589750241982e+00,-9.449522801807948014e+00,-1.439609669637279410e+01,-2.015511437223738866e+01
-2.907731440888733587e+01,-2.057173594106145131e+01,-8.521374824167299522e+00,-2.709185128804577847e+00,-3.146135845718545099e-01,-1.094110925619523611e+00,-5.910349620530134906e+00,-4.525820738455953673e+00,-2.653338332425708934e+00,-4.157479197851249531e+00,-9.212920613148632754e+00,-1.246686151348242255e+01,-1.484410724920384972e+01,-1.784948433847988269e+01,-1.449400395505568540e+01,-1.125358413247501232e+01,-9.304529148991369070e+00,-1.066252888000311927e+01,-1.516025096228142743e+01,-1.333800717462010788e+01,-9.338292120885448355e+00,-4.650311381955232193e+00,-6.937090830296325228e-01,5.159478674296920087e-01,-8.240682416118118025e-01,-2.815711457777314575e+00,-4.021704014296791918e+00,-6.058742750843031821e+00,-9.867579438105350320e+00,-1.645124992202309855e+01,-2.244225606798124062e+01
-2.798499496844636170e+01,-2.093516860489084053e+01,-1.086788678469778091e+01,-1.046101561138609881e+01,-8.105918531760009316e+00,-3.888202457054823480e+00,-3.932228509368015157e+00,-6.568826398428748270e+00,-1.288553223840328776e+01,-1.144882472122416850e+01,-9.705246986461286696e+00,-1.092966236687508008e+01,-1.773339163255290885e+01,-2.052477971145085078e+01,-1.441846459553021376e+01,-1.140362621655985009e+01,-8.483066587388014668e+00,-4.661069879386605663e+00,-3.528187931112225062e+00,-3.628151788367895314e+00,-6.168792098486686193e+00,-5.629296135251261823e+00,-6.686731465047365930e+00,-9.962198189279737548e+00,-1.113571068707133627e+01,-1.489463096675502207e+01,-1.701105247450475844e+01,-1.546261836150113211e+01,-1.485080276918010611e+01,-1.612383647526011643e+01,-2.125064529491071852e+01
-2.846528229392877307e+01,-2.169668383758608954e+01,-1.228883179396140513e+01,-1.005771880039647925e+01,-6.541409990867646407e+00,-3.170269573623893500e+00,-3.355728073280398682e+00,-6.024874124206414550e+00,-1.266778307502009326e+01,-2.030943573823495996e+01,-1.723573637008666992e+01,-1.094045155589320117e+01,-9.358518474242266905e+00,-9.864402689853635664e+00,-1.198297617515595981e+01,-1.641405096975695344e+01,-1.452845338312517676e+01,-1.038098333788519234e+01,-3.055442720917718624e+00,-7.292289165109826499e-01,-1.502411998689033856e+00,-4.200377582314134273e+00,-9.553424948403815620e+00,-1.452557620193277010e+01,-1.346043984905010582e+01,-1.324152145390750945e+01,-1.334217002512026262e+01,-1.153279645953859678e+01,-1.198000023845864881e+01,-1.497471976280212402e+01,-2.107095789909362793e+01
-2.966793224791518924e+01,-2.077483213849428267e+01,-1.097972652691752948e+01,-4.394229809025756772e+00,-3.168296716418586900e+00,-5.632700704100753519e+00,-8.656015303831139818e+00,-8.608852674981125830e+00,-1.150597999676936745e+01,-2.251915230470545026e+01,-1.889716694535327690e+01,-1.193419981603862823e+01,-8.603705426224140140e+00,-9.352951890280266412e+00,-1.412710356011110235e+01,-1.640866988847235675e+01,-1.663773761777316906e+01,-1.074576170755033822e+01,-2.741562820036265613e+00,-3.156181097435647454e-01,-2.182359298315494023e+00,-4.681061471370244753e+00,-2.429071385036281505e+00,-3.271491466479438781e+00,-5.602653946915344463e+00,-3.771206885938211961e+00,-1.893824717084712894e+00,-2.772876176902899115e+00,-6.450845616204397892e+00,-1.685863224298012497e+01,-2.032123216460732706e+01
-2.934414502752929010e+01,-1.903420564907939649e+01,-1.072687439658060882e+01,-4.591485100383517981e+00,-2.246262379053260094e+00,-2.555454091065976208e+00,-4.954992154667676729e+00,-6.422415748614223041e+00,-1.130176950202268671e+01,-2.112442099146482377e+01,-1.936077173617707459e+01,-1.427847456431188533e+01,-9.207834342948528317e+00,-8.040433546074298832e+00,-1.005909936969019824e+01,-1.230044598940039968e+01,-1.184701827994915568e+01,-6.186625733658545734e+00,-1.781687205153548725e-01,2.067523949881311385e+00,1.676953798066042056e+00,6.636937027953627721e-01,3.875328464985789978e-01,-2.658543457691910028e+00,-4.072247560350508166e+00,5.485752292775681882e-01,1.551081215817982084e+00,-9.082978513197457193e-01,-7.742156624543566679e+00,-2.021901225442645966e+01,-1.980425276676145785e+01
-2.873296220362687237e+01,-1.742493736343223532e+01,-1.147433624347718784e+01,-1.168872416570406969e+01,-5.197276772633821373e+00,-1.788403046743500591e+00,-1.534367501075470486e+00,-4.279890500948209109e+00,-8.397614919838785497e+00,-1.591642292006677017e+01,-1.631000469913001893e+01,-1.049821099914422540e+01,-8.245639888178400767e+00,-9.314408007790060395e+00,-1.479039203519580781e+01,-2.035427635457335427e+01,-1.363312786366759255e+01,-3.999970529885853221e+00,-1.020373961591834799e+00,-1.092558968508960504e+00,-4.665879879178608469e+00,-7.181445077312092806e+00,-2.848317214594997537e+00,-2.849685615241652759e+00,-4.925593555519482969e+00,-1.038276678785689633e+00,6.742422618774086551e-01,-1.162418363248098441e+00,-7.799428083315617322e+00,-2.098035744158159943e+01,-2.329213624441323205e+01
-2.773061231004090033e+01,-1.452899872956155747e+01,-8.340285155202160183e+00,-6.069611369882624174e+00,-2.376840348912602430e+00,-1.791113937316665794e+00,-4.801923771240129923e+00,-9.209454843523998235e+00,-7.357280951337654251e+00,-9.296126410740765067e+00,-1.326363275131257602e+01,-1.398785184711969265e+01,-1.198433449188200406e+01,-1.085739488160910682e+01,-1.403012704548715561e+01,-1.810864842639249872e+01,-1.732065470078412162e+01,-7.090153603493666523e+00,-3.853744592486309184e+00,-4.020882098489448886e+00,-7.777418796630466424e+00,-7.225861985017271394e+00,-4.938237190497021700e+00,-7.934213786315517325e+00,-7.277213072576442343e+00,-3.837261714710376470e+00,-2.210857026751481769e+00,-3.218796279026000740e+00,-6.779554818357739876e+00,-1.677452647385477036e+01,-2.215210841884132265e+01
-2.751975333590467443e+01,-1.279310965237497300e+01,-6.034952522075476722e+00,-2.182184851689248362e+00,-2.583945558778648177e+00,-5.718350372699816830e+00,-3.767394450031408937e+00,-3.115707691617998876e+00,-4.132687045120391645e+00,-7.472297372437324725e+00,-1.316989431761893847e+01,-1.306889793502182506e+01,-1.138969246479643438e+01,-9.270334856850761085e+00,-1.081764432161796030e+01,-1.274506437177417695e+01,-1.083932503732312647e+01,-9.766869769877747132e+00,-8.323713395274987548e+00,-3.956805161818736760e+00,-2.757388436001678489e+00,-3.298616910384608136e+00,-5.730931726824335826e+00,-1.003228492546482187e+01,-9.969090743225160978e+00,-1.168003081649291452e+01,-1.200965657567276601e+01,-1.096685737872324040e+01,-1.249903016230639352e+01,-1.745634569240217360e+01,-2.200379242616541120e+01
-2.549177153571313070e+01,-1.290527817381530262e+01,-7.979592536176953743e+00,-7.230234067480103555e+00,-5.943244912293779159e+00,-5.691343626054394811e+00,-3.788174807767094254e+00,-4.294366604515484021e+00,-8.073372795238714872e+00,-6.610516585722691296e+00,-6.276234155442534046e+00,-7.416854390577108269e+00,-7.602442808010998476e+00,-9.464682332607878834e+00,-1.595721027630717792e+01,-1.939745657283718927e+01,-1.086344345577624715e+01,-9.030311911546883508e+00,-7.334798692655162711e+00,-3.536246821159074294e+00,-3.927582852229350774e+00,-7.514592826366424561e+00,-8.017353162044235759e+00,-5.461197243017308800e+00,-6.917805307051715147e+00,-1.174412781250576998e+01,-1.797874214669235471e+01,-2.338550348842845139e+01,-2.229560897129924513e+01,-2.097320802472218659e+01,-2.249978347986685989e+01
-2.433385263170514889e+01,-1.807313239273904770e+01,-1.104709266013457913e+01,-9.992284888980769608e+00,-7.446777152668434319e+00,-2.825068722540676980e+00,-2.441123931829136673e+00,-4.940852871587296136e+00,-8.818992792057390062e+00,-1.107812463836509664e+01,-1.197174109480961945e+01,-1.242348382653308470e+01,-1.072733849036593412e+01,-8.462605973251728031e+00,-1.029146024058846898e+01,-1.146341009801175481e+01,-8.682299986606887288e+00,-5.401269328443944140e+00,-3.544261960046632076e+00,-4.684995327176165958e+00,-9.178810292432288520e+00,-8.330070974947023643e+00,-5.805490882456803448e+00,-5.358828651804883769e+00,-7.012433450512525646e+00,-1.082296083754851956e+01,-1.841156816482543945e+01,-2.755722046900196176e+01,-2.541054148032885607e+01,-2.411231303014675120e+01,-1.963067396147912191e+01
-2.408627152643283864e+01,-2.006950545912029327e+01,-1.076415632352107643e+01,-4.344856834978241267e+00,-1.012866775450460999e+00,-6.793731683288004586e-01,-4.216843828631314572e+00,-7.531224043679838331e+00,-5.951361223049618232e+00,-9.264594067545498746e+00,-1.217014985024428242e+01,-1.076308841364724245e+01,-8.129140030436154518e+00,-7.924053465618806413e+00,-1.049018966350234905e+01,-1.225854364563437038e+01,-1.156366151871801407e+01,-9.502928166830239221e+00,-5.755211668355124210e+00,-5.368160258321201361e+00,-8.993452978234330430e+00,-9.675546888543777868e+00,-9.894997437961963627e+00,-1.241270069965795386e+01,-1.684429120416400849e+01,-1.696461476197763574e+01,-1.927315360157429680e+01,-2.851648191844715896e+01,-2.568301945173439904e+01,-2.210794861777489828e+01,-1.637967310232274798e+01
-2.307701169342553982e+01,-1.473941306707237864e+01,-1.133293845924008814e+01,-6.799501330568259228e+00,-3.055188645705083861e+00,-2.392702898733560346e+00,-3.124986812095705613e+00,-1.627314392869808835e+00,-1.444097014632713893e+00,-3.466405267725471528e+00,-9.912331368742870907e+00,-1.598449999244273201e+01,-1.329401873039598136e+01,-1.264643889715691571e+01,-1.405035454285244967e+01,-1.008704471187431295e+01,-6.581406079921402252e+00,-4.443536588875185878e+00,-4.398614589406662390e+00,-7.452575214269782755e+00,-1.222998964235562269e+01,-1.390459443440958154e+01,-1.234759328345290719e+01,-1.633969514510210885e+01,-2.096192498567725337e+01,-2.080247747196870733e+01,-1.995185185079814971e+01,-2.845154985860616392e+01,-2.577237049070727082e+01,-2.150118750083346342e+01,-1.941194242188910479e+01
-2.234099993986242083e+01,-1.265383483181480528e+01,-1.090388030014118215e+01,-8.801135751379637995e+00,-4.629447978334266800e+00,-4.718012287085797674e+00,-6.531032470501020093e+00,-3.280367661265478407e+00,-2.752696782158308153e+00,-4.239383225869230998e+00,-9.131801573669209304e+00,-1.846208772338739124e+01,-1.847848657199314815e+01,-1.911812682712779221e+01,-2.122656487416820426e+01,-1.442335442434839798e+01,-6.255674406760880935e+00,-5.018977631540859186e+00,-7.291303249968200006e+00,-1.496686620572033988e+01,-1.647559689373529324e+01,-1.000732648272474279e+01,-7.951123264907788979e+00,-8.923813111641827334e+00,-1.162443356203431755e+01,-1.302524300282742864e+01,-1.835129780128222521e+01,-2.836779401482654350e+01,-2.622970553406146266e+01,-2.226214781328409487e+01,-2.058822202882846852e+01
-2.351627284138142571e+01,-1.568582063362378065e+01,-9.023404969888574101e+00,-5.509181028153715687e+00,-4.841741406366605105e+00,-6.590153145564704218e+00,-6.754638628298494929e+00,-6.925459736034650149e+00,-1.035145332157111042e+01,-7.672426035424240176e+00,-7.231713560448975286e+00,-1.197253815266264532e+01,-1.434168320243098194e+01,-1.130037957680325533e+01,-1.143102531072472239e+01,-9.736807447521625747e+00,-7.484352308161118295e+00,-5.345186383283438758e+00,-6.040391335467330869e+00,-1.039005890563756473e+01,-1.155986371260731183e+01,-8.615594393064995415e+00,-5.301652592270314379e+00,-4.369862587512040264e+00,-5.680852413177490234e+00,-9.938771102608752628e+00,-1.763744347836790993e+01,-2.741989003510034451e+01,-2.585887262600810743e+01,-2.408915451194058122e+01,-1.879566425435683286e+01
-2.669445201929877953e+01,-2.104637424585198247e+01,-1.402162456512451172e+01,-1.140526440514235951e+01,-1.018089144019519665e+01,-1.286577053831405060e+01,-1.500255676027105700e+01,-1.118351025541289445e+01,-7.010482356828801720e+00,-5.170785465160338212e+00,-6.932656966337637172e+00,-9.979059150238999365e+00,-8.404553077301057940e+00,-7.743127078569235877e+00,-1.029421857625496450e+01,-1.507547657529847029e+01,-1.596394542385550075e+01,-1.003034974546993396e+01,-5.643941906820826304e+00,-5.186403895125669905e+00,-9.061680593911338732e+00,-1.421094830396796560e+01,-1.303953739825417024e+01,-1.068668542889987805e+01,-1.076198824513860153e+01,-1.354460943746967416e+01,-1.964271928081993224e+01,-2.616307511049158308e+01,-2.539983948338933217e+01,-2.460602300507681761e+01,-2.208874603079146581e+01
-2.600199775936222935e+01,-1.886067425703802058e+01,-1.613693098861630304e+01,-1.646859677298730062e+01,-1.146881067652662267e+01,-7.739812098881778013e+00,-7.605296250902304322e+00,-7.945449445678406164e+00,-4.574362177808745322e+00,-3.505150523005413188e+00,-5.335759488474421275e+00,-8.431987962802919512e+00,-8.314698583939495791e+00,-9.887899412828332402e+00,-1.477882524097667094e+01,-2.004237517188576945e+01,-1.896626035706335855e+01,-1.582578370250573663e+01,-7.915346642001336086e+00,-5.083993017172613094e+00,-5.673983446690214372e+00,-1.018510448832471837e+01,-1.652378009247178881e+01,-1.534550388320153580e+01,-1.551712557648410318e+01,-1.675358091883298783e+01,-1.807459565871903706e+01,-1.889538734199620151e+01,-1.909188572098227255e+01,-2.247966677601597851e+01,-2.579276207515171748e+01
-2.212192975372827419e+01,-1.749549832664617810e+01,-1.677185930324201735e+01,-1.471617171944690305e+01,-7.971195313109069147e+00,-4.323396893859911216e+00,-3.952793677564428787e+00,-6.587636879011362190e+00,-7.263473103276822052e+00,-5.176747526942181210e+00,-7.480740079859725888e+00,-1.195340622573339573e+01,-1.106603394436235099e+01,-1.452623839839166031e+01,-1.938676207806883767e+01,-1.834180788432850662e+01,-2.194286689437738147e+01,-1.805247393175333315e+01,-9.012839752085069378e+00,-5.038064483083596556e+00,-4.728292703127660701e+00,-7.399119483322656343e+00,-1.473634622678035377e+01,-1.459834971748480292e+01,-9.267701856729363641e+00,-7.248072881783757637e+00,-6.982683745627643823e+00,-8.625462059714212870e+00,-1.301367255018538849e+01,-2.085968172249673813e+01,-2.312430238523403148e+01
-1.964259488442364798e+01,-1.719158069826975677e+01,-1.691242585663034248e+01,-1.545482977197951691e+01,-7.636826721560053599e+00,-5.570991193046088696e+00,-7.017194857116506590e+00,-6.041551632039687370e+00,-4.005906141793527553e+00,-3.032079821217711135e+00,-4.941169302503602090e+00,-1.014391985861193213e+01,-1.634690176839588105e+01,-1.478413227626255555e+01,-1.555227340970720640e+01,-1.673535214953061967e+01,-1.746189493491869982e+01,-1.758149901558371297e+01,-1.112568114885763038e+01,-6.963367254794144756e+00,-6.889154349054608772e+00,-1.032564444401684867e+01,-1.918007148514274718e+01,-1.697097994099144103e+01,-6.936445397990090633e+00,-2.778414580304671588e+00,-1.843712239375557171e+00,-4.279884734574486593e+00,-1.022701566610015789e+01,-1.478278076849063893e+01,-1.413977733379652513e+01
-1.941642935937192149e+01,-1.376082119721324482e+01,-1.247440191777814356e+01,-1.166025767456583573e+01,-6.030367407979083438e+00,-4.823610465410125947e+00,-6.891694715543954963e+00,-6.518258185947642502e+00,-4.195953677917103164e+00,-4.086828373458643249e+00,-6.608322307342240798e+00,-1.157585947754002476e+01,-1.394554824789031144e+01,-1.284902447612345711e+01,-1.433374812723207903e+01,-1.531997646103386046e+01,-1.372640046151746240e+01,-1.435310783907145016e+01,-1.310435785165353906e+01,-1.034006044644267597e+01,-9.901700227200484150e+00,-1.027199908464896616e+01,-1.395786451241549386e+01,-1.407190759893225085e+01,-9.101509378236883663e+00,-3.386421720422960746e+00,-1.907428882640449963e+00,-4.128726045248889420e+00,-1.065958901713876195e+01,-1.662592918231707628e+01,-1.572899209952154109e+01
-2.106881758545626937e+01,-1.178708060849614547e+01,-7.900078552610733773e+00,-5.435656952069086501e+00,-4.617341501591336161e+00,-5.971362458808081364e+00,-9.888516520251746655e+00,-1.499416211172312252e+01,-1.410813870650379620e+01,-1.311502722481719552e+01,-1.176848121651080525e+01,-1.450300482842100713e+01,-1.525505072830103970e+01,-1.412624344004302479e+01,-1.268850619051636741e+01,-1.183012775713656062e+01,-9.695026698232698692e+00,-9.195173756915982821e+00,-1.092419485610072272e+01,-8.913238140715270319e+00,-9.643952601847528783e+00,-8.215775543401221626e+00,-5.181480693716962627e+00,-5.502760378643870354e+00,-4.839230955742737983e+00,-3.149864601738312508e+00,-4.046016458703689977e+00,-7.360250291203250583e+00,-1.449282871474738954e+01,-2.262368545812719134e+01,-2.177300914395756948e+01
-2.437103480651598986e+01,-1.391768734595354928e+01,-9.998399434971208422e+00,-1.050561784846442137e+01,-1.244302786799038074e+01,-1.077821438803392340e+01,-1.379315555496376078e+01,-1.879590472353606501e+01,-1.553107994644581780e+01,-1.234028119199416196e+01,-9.651254208148026592e+00,-1.014873522369801506e+01,-1.567578856884932392e+01,-1.932327669007437621e+01,-1.555929331418846751e+01,-1.536477177583870812e+01,-1.095000649099590362e+01,-5.669228565292198319e+00,-3.759602058334510666e+00,-3.677204170585179455e+00,-4.889890624319805923e+00,-6.234939265401423292e+00,-8.140238643193445256e+00,-7.645829609665675264e+00,-7.105465445964902038e+00,-8.303496711394366514e+00,-1.102931497627947444e+01,-9.035629512883033954e+00,-1.051054649192746027e+01,-1.529219916387766354e+01,-1.748159796049614911e+01
-2.298717116307811636e+01,-1.381810605425794591e+01,-7.864217391034133975e+00,-6.807571309047336428e+00,-7.717151762879485233e+00,-7.793530790104937545e+00,-1.144048928600900261e+01,-1.327291324909995573e+01,-8.306261346370233056e+00,-6.590800432097010386e+00,-8.390326856064195482e+00,-1.425871569469195421e+01,-1.611544838472574526e+01,-2.155716593726342367e+01,-1.705892329456425571e+01,-1.307115656387906100e+01,-1.035344143374627457e+01,-1.003489464571496015e+01,-1.061459146527683117e+01,-1.081578230382013750e+01,-1.311419117550889979e+01,-1.238342128431095723e+01,-1.310190863819683216e+01,-1.510826048730802107e+01,-1.597729498899283485e+01,-1.210527333892694024e+01,-1.099575122715044451e+01,-8.781170861059878874e+00,-9.279081936643905237e+00,-1.313566000521683819e+01,-1.652758673659893773e+01
-1.765173361682090558e+01,-1.092492656046602839e+01,-6.693670509242210187e+00,-2.488891484444283986e+00,-7.944342980299247126e-01,-1.769891957766551505e+00,-4.946145102874758948e+00,-4.902734495214178700e+00,-3.023716189374192620e+00,-4.156275635851280903e+00,-9.248727026105928672e+00,-1.784893828880887057e+01,-1.921321226969486418e+01,-2.229711525380110615e+01,-1.867146984268637411e+01,-1.381413470797178178e+01,-1.488075710645242822e+01,-1.772062904794676896e+01,-1.771696334726670230e+01,-1.462988351373111584e+01,-1.235672525498045538e+01,-1.000840866265176743e+01,-8.215767444181842905e+00,-8.038382527958445323e+00,-8.997757165997969153e+00,-9.347226625230131702e+00,-1.303419589896162023e+01,-1.097883068914173066e+01,-1.127053628548854469e+01,-1.421812147553227490e+01,-1.619795276738014422e+01
-1.632125946854342757e+01,-1.190015390540371421e+01,-1.127888860872813659e+01,-5.438686862717061921e+00,-2.234068826927574580e+00,-2.997665445057196898e+00,-6.876481207549383967e+00,-4.860149741298010362e+00,-3.234031925686173370e+00,-4.288773548828453741e+00,-8.086475124880045939e+00,-1.453695867943162590e+01,-1.898271106271182873e+01,-2.184524101169169441e+01,-2.321024903129128703e+01,-1.719781417005202329e+01,-1.092990457911451330e+01,-9.787279841278781589e+00,-8.767240683571630555e+00,-8.787260283942984529e+00,-9.979091254602961314e+00,-1.150854446908005180e+01,-7.667123692376272892e+00,-2.864773509465353474e+00,-2.273546257666742676e+00,-4.616558296465072431e+00,-1.040228658664126371e+01,-1.667291178222463799e+01,-1.762356092448995781e+01,-1.545997511238611111e+01,-1.387277418124575590e+01
-1.878583204045015265e+01,-1.420741134731709465e+01,-9.566173474327856141e+00,-6.136696552529054216e+00,-4.429778688845514623e+00,-5.468255374361486787e+00,-8.498547690756181439e+00,-1.194281249537187506e+01,-1.317143484874933712e+01,-1.267680962120785360e+01,-1.276224333648922027e+01,-1.667544986620670500e+01,-1.796857570900636603e+01,-1.869991583583735562e+01,-2.025417661266166647e+01,-1.491904109566151604e+01,-8.141071106706347038e+00,-5.303963552503025092e+00,-5.516055898005221003e+00,-9.132593117842153774e+00,-1.317210518812932918e+01,-8.688039142544530691e+00,-5.337938352292325384e+00,-4.288333496692230185e+00,-2.923167523348844998e+00,-3.739688928450355832e+00,-8.862029981400285195e+00,-1.705229523803005875e+01,-1.705391488506012720e+01,-1.677461488407199042e+01,-1.457729571506756727e+01
-2.380189609727939626e+01,-2.008291122893325564e+01,-1.720352293964193535e+01,-1.631091141650656695e+01,-1.528383350121874784e+01,-1.333024653767337320e+01,-1.534456751076113257e+01,-1.916681740864986239e+01,-2.249607909026266128e+01,-2.170145990067169350e+01,-1.561051314418055469e+01,-1.326093179939173794e+01,-1.369393346690330127e+01,-1.644274201312986605e+01,-1.702788711195232452e+01,-1.205803100101086223e+01,-1.042813563346862793e+01,-1.134737039213420928e+01,-9.494284188547053915e+00,-9.944612803579378379e+00,-1.327931316059176581e+01,-1.084847743370953665e+01,-8.532558499264116136e+00,-9.009568592470859727e+00,-5.702848036123924658e+00,-2.800000516181232690e+00,-3.208605661362159189e+00,-7.219907226682710899e+00,-1.158603953012899268e+01,-1.883739055705671461e+01,-1.779069244961778651e+01
-2.676846012948941933e+01,-2.461902749237894028e+01,-2.397242373578688657e+01,-2.269784395233923746e+01,-2.287965106162704387e+01,-2.061867254922369952e+01,-2.084071679876631933e+01,-2.073720676558358278e+01,-2.237332105636596680e+01,-2.139705748718325751e+01,-1.529620765036895413e+01,-1.233542242270557843e+01,-1.236661345818463431e+01,-1.596662795844198257e+01,-1.703436480750556825e+01,-1.527970904362301852e+01,-1.567513372116730075e+01,-1.789425995069391462e+01,-1.343000093428026709e+01,-1.131817007465522806e+01,-1.275681747107946507e+01,-1.165120478938607640e+01,-7.721429538826982686e+00,-5.847270887939870043e+00,-6.378079205782723804e+00,-3.948744569036389596e+00,-2.554996465434547392e+00,-4.595564139991247465e+00,-1.224856633799416628e+01,-2.153109187438708361e+01,-1.895376028533743096e+01
-2.506814907979564566e+01,-2.416816081519888115e+01,-2.364701405893854869e+01,-2.284448004169624369e+01,-1.904477372490057263e+01,-1.759132233587633820e+01,-1.575584205358970102e+01,-1.285079942581032419e+01,-1.289898436961053818e+01,-1.310403247841266072e+01,-1.292861571732689363e+01,-1.514744935716901431e+01,-1.534561490912397375e+01,-1.618367861699657340e+01,-1.897876105388673551e+01,-1.955470887753142151e+01,-1.881749835334905896e+01,-1.827753604860866687e+01,-1.352182791914258608e+01,-9.264979861363643820e+00,-8.127474369622078143e+00,-7.072361005955383639e+00,-6.133306620000791298e+00,-5.190159319078221145e+00,-5.413027274508436015e+00,-3.380594140247386914e+00,-2.519765200359480595e+00,-4.871219400097341889e+00,-1.208833455238021770e+01,-2.104601545093440151e+01,-1.957466356093142323e+01
-2.153360421717667705e+01,-1.933699788666572772e+01,-1.835895220972910735e+01,-1.849840959280478714e+01,-1.748227428087667334e+01,-1.166864550088634012e+01,-7.510135652888722646e+00,-6.137063619970273720e+00,-6.959156715068496979e+00,-6.342302996571324236e+00,-7.696948353482895300e+00,-1.162432583440251754e+01,-1.297913744870354158e+01,-1.498058022971914660e+01,-1.970871482175939349e+01,-1.955387023717415573e+01,-1.848063828564491473e+01,-1.746041670166143689e+01,-1.333288987794844083e+01,-1.248432410965446593e+01,-9.161840590108342397e+00,-7.227129772806367924e+00,-8.756177526170841219e+00,-7.119055201150789713e+00,-5.552001310324593319e+00,-6.510433798358470803e+00,-7.517448849287353241e+00,-8.720086430802064470e+00,-1.111380493240196188e+01,-1.850777895610873358e+01,-2.284700633898502531e+01
-2.068123669784609930e+01,-1.283475126338606209e+01,-8.966449036317712284e+00,-7.185206354415717200e+00,-7.011120606558162827e+00,-5.242640403263709281e+00,-4.777947335073552182e+00,-7.185532873668590170e+00,-1.039897044616587074e+01,-8.074220904282160660e+00,-8.439226448535919189e+00,-1.105191389452509476e+01,-1.052020602566855345e+01,-1.127237752105007651e+01,-1.413052953792219490e+01,-1.427137183341659465e+01,-1.101400433067514051e+01,-9.874054495526962683e+00,-7.403025349210791362e+00,-7.485693927711470685e+00,-6.133333361073701973e+00,-4.395842883579370586e+00,-3.934257695275288569e+00,-4.047954303155723466e+00,-7.957207287700862608e+00,-1.162777707591152065e+01,-1.148230386941748549e+01,-1.212572481802531676e+01,-1.268777184125755930e+01,-1.926185995590786959e+01,-2.482046292609527427e+01
-2.101629110143965917e+01,-1.152271740877327844e+01,-7.698860893229476865e+00,-6.872814629759107063e+00,-9.191398921039175107e+00,-7.530986069819005202e+00,-6.685916289311497174e+00,-9.544081733757709074e+00,-7.153437602795472472e+00,-5.695071177071883817e+00,-7.824515642238264235e+00,-1.242907951358987440e+01,-1.511382535726082388e+01,-1.390186134306322607e+01,-1.429120011590108064e+01,-1.571271283786837714e+01,-1.009800844883718440e+01,-6.129609373687696205e+00,-5.470231277852499296e+00,-7.610417474718654596e+00,-9.021216023118556748e+00,-9.175757451468154358e+00,-8.698847357833273009e+00,-3.544892722885554903e+00,-2.082644691225141287e+00,-2.396079066267213786e+00,-3.695543422339975237e+00,-7.153326515390091345e+00,-1.581104182595966279e+01,-2.266964094378367278e+01,-2.452496278185804357e+01
-2.242170365718232361e+01,-1.608871220941303193e+01,-1.170054111059974211e+01,-1.112279447587598291e+01,-1.447378239661705557e+01,-1.141124566362685577e+01,-6.175978245354500018e+00,-4.978711659996574390e+00,-3.559571792128957579e+00,-4.097291904337265755e+00,-7.385988436827139125e+00,-1.522698765642502750e+01,-1.849452435068723588e+01,-1.699821902323169809e+01,-1.549823566444781697e+01,-1.619360488603095050e+01,-1.383828749075657250e+01,-1.059584279721524602e+01,-1.002320073282017354e+01,-1.061774452894675669e+01,-1.127114328917335051e+01,-1.122016637265181416e+01,-1.259073759327415587e+01,-6.713549071343756225e+00,-2.285532887318727280e+00,-1.254509223603541779e+00,-2.547371548788324613e+00,-6.933013353027215331e+00,-1.682820922486922299e+01,-2.271430990475566603e+01,-2.182335277565386988e+01
-2.297865029142684179e+01,-1.820037761856528036e+01,-1.191531841895159616e+01,-8.712604726562981128e+00,-9.587986397142170603e+00,-8.241117504464478216e+00,-7.245154510025217043e+00,-9.232538344604629188e+00,-9.162300837601872416e+00,-1.024297068599893201e+01,-1.119212568106771499e+01,-1.293563656346136703e+01,-1.446544257733000372e+01,-1.617275271195323683e+01,-1.578933701595338412e+01,-1.394330132708829950e+01,-1.227382485906617049e+01,-1.282844054298240621e+01,-1.408780274070611505e+01,-9.499800863386202110e+00,-6.120277493941683744e+00,-6.471719884321469607e+00,-9.538806193015155088e+00,-1.057246281118953846e+01,-9.231014289517549543e+00,-1.013082484611380529e+01,-1.263652879204757618e+01,-1.269141533244557785e+01,-1.627919274117766335e+01,-1.987240435796625349e+01,-2.043576594160384374e+01
-2.222967370818642863e+01,-1.456414400629636674e+01,-9.443486727586313023e+00,-6.696689438920061299e+00,-5.916278697863346814e+00,-6.818813680851159020e+00,-1.117130813328157934e+01,-1.802470309744361998e+01,-1.931996474346193082e+01,-1.951549437466789527e+01,-1.754249600702975087e+01,-1.450721829077776803e+01,-1.366793112895068063e+01,-1.664959397035486433e+01,-1.596191742740759345e+01,-1.075809709865506036e+01,-9.838552960828572225e+00,-1.195505728942005597e+01,-1.355791902542114258e+01,-7.827605404773680497e+00,-4.717536626242790021e+00,-5.306955823878280576e+00,-7.824671425989696338e+00,-1.073196356887576997e+01,-1.058408967884523477e+01,-1.236198920584401151e+01,-1.482464657448420020e+01,-1.486022102682530388e+01,-1.558892673003573393e+01,-1.814009582495489070e+01,-2.036605452088748791e+01
-2.172317927023943795e+01,-1.715488950545046620e+01,-1.606621674930348220e+01,-1.594429447270241162e+01,-1.551753268572462652e+01,-1.511455116302025381e+01,-1.544659894554554924e+01,-1.934509307596863792e+01,-2.301747896090274992e+01,-2.240252110136657038e+01,-2.191297936840217631e+01,-1.898754000062702119e+01,-1.648430211203438844e+01,-1.730153432814013215e+01,-1.558349009922572570e+01,-1.089113796658876510e+01,-9.420620659820171383e+00,-1.181690052978130900e+01,-1.220893237270226983e+01,-6.661289129938397835e+00,-4.859576937531222995e+00,-6.855698372886962488e+00,-7.220557018488395151e+00,-4.570014171396233671e+00,-3.556287814629706556e+00,-3.741463342807725301e+00,-4.823783458046176698e+00,-6.751400782030169800e+00,-1.069856311543649063e+01,-1.736445635406910881e+01,-2.065377227398527893e+01
-2.258931980413549212e+01,-2.154656262558047430e+01,-2.234452098758280769e+01,-2.423772732350004944e+01,-2.399407985831509293e+01,-2.318065230786299580e+01,-2.063388494884266677e+01,-1.736291349234701187e+01,-1.760810265921745099e+01,-1.681429309404196815e+01,-1.698834738410821643e+01,-1.477137094185131971e+01,-1.410730522019522581e+01,-1.653440339124503211e+01,-1.669781754397544660e+01,-1.234610758108251183e+01,-1.082565118084434630e+01,-1.304575697514189336e+01,-1.364351977821157824e+01,-9.228176669914182284e+00,-6.712312380305859527e+00,-5.985467813157734795e+00,-5.906766610360946856e+00,-6.982842447752712012e+00,-1.009289497704472183e+01,-8.391057515952212498e+00,-6.633455005513519964e+00,-7.285630610810608587e+00,-1.079741716985942901e+01,-1.769763720736784052e+01,-1.907879928580853246e+01
-2.389887014557333700e+01,-2.265364662939760976e+01,-2.305525098928884375e+01,-2.451905430064481806e+01,-2.527658387192157008e+01,-2.505613258305717750e+01,-2.129221934030035968e+01,-1.448760118204004677e+01,-1.007201285923228617e+01,-8.266769853960566294e+00,-8.265429172195306151e+00,-9.939469434633975808e+00,-1.211899887613889604e+01,-1.647630723584599721e+01,-1.846756908472846703e+01,-1.475347274692118660e+01,-1.290638873857610314e+01,-1.444000293827858350e+01,-1.641963864174209675e+01,-1.658687844096111519e+01,-1.487033213437104351e+01,-1.366115959802595548e+01,-1.387533468909624190e+01,-1.474633492041034799e+01,-1.855530829589907782e+01,-1.786449901697014653e+01,-1.631832071612862833e+01,-1.601707217172414488e+01,-1.658803580288125801e+01,-1.927719995154052057e+01,-1.846611171209511681e+01
-2.505477092847102938e+01,-2.363990810939244014e+01,-2.317870659587763882e+01,-2.404795069654448625e+01,-2.516518156668719186e+01,-2.512052350685376112e+01,-2.114572463115724332e+01,-1.512612045011600514e+01,-1.183484111212882617e+01,-1.046750813922962209e+01,-1.111525195837020874e+01,-1.470863721951717018e+01,-1.688219792201739367e+01,-1.795997293856965271e+01,-2.028945512531184292e+01,-1.706129104950848685e+01,-1.499828225023606265e+01,-1.659755442322803276e+01,-1.718165500023785697e+01,-1.641528595896328113e+01,-1.542942295054427682e+01,-1.738392746047813375e+01,-1.976977687022265329e+01,-1.973303466083622837e+01,-2.269796814638025495e+01,-2.423758503569274225e+01,-2.335442934316747454e+01,-2.304617584052206070e+01,-2.289037631539737561e+01,-2.179606071840815318e+01,-1.953906203518394591e+01
