-1.948291737765010367e+01,-1.722762134272581491e+01,-1.135896133313513090e+01,-6.836088318543828812e+00,-3.827660300818623185e+00,-3.194754093584867505e+00,-8.361782799860474569e+00,-9.689432830314474998e+00,-1.324136131887982692e+01,-9.766914981692206510e+00,-7.430224943597605325e+00,-1.120720596551388937e+01,-1.973669596993999065e+01,-2.063307369337466568e+01,-1.697446893380199384e+01,-1.254690514299267079e+01,-8.287789888948898565e+00,-8.851693745125125190e+00,-9.341679423098351975e+00,-7.522439149502988975e+00,-6.311379415720637986e+00,-6.523654600712144536e+00,-8.436327911755208575e+00,-7.475899057458856412e+00,-3.505743006264075312e+00,-3.073686165491913869e+00,-6.580717636015258165e+00,-1.068383628142614050e+01,-1.513571038215783027e+01,-1.545026599070069118e+01
-1.892285991170603765e+01,-1.477265112668339064e+01,-1.354289308070124065e+01,-1.224475953938348560e+01,-6.732785465104817568e+00,-3.018271553067138679e+00,-4.914180158429844347e+00,-7.337623193765142382e+00,-7.104393252201235853e+00,-5.234257499123834201e+00,-4.641238875030648359e+00,-8.278677084390272611e+00,-1.700226989470722927e+01,-2.038355266465756088e+01,-1.662744314959094893e+01,-9.274656197068038566e+00,-7.156755458524019176e+00,-9.287901924927016495e+00,-5.722129854869943522e+00,-3.717568625369743973e+00,-6.415161027926990833e+00,-5.608156880488393448e+00,-4.572783417444114207e+00,-4.940236363073537973e+00,-2.740892194933208348e+00,-3.818685150529295580e+00,-9.639862254926352847e+00,-1.044241423616996478e+01,-1.305733817904365068e+01,-1.677447327737342420e+01
-1.884987413402322431e+01,-1.527115437837669631e+01,-1.555720006938699385e+01,-1.187552567905174961e+01,-5.411130376587248492e+00,-3.043190181081335322e+00,-6.508276766114680534e+00,-1.110885519055044490e+01,-7.641342712562301465e+00,-6.983497750607265964e+00,-8.380468747924593842e+00,-1.046205655278167335e+01,-1.639169263029807055e+01,-1.962210715044835396e+01,-1.735352049258610663e+01,-1.202151396067026035e+01,-8.144413030577819512e+00,-8.835651609731735689e+00,-7.026832283484391262e+00,-2.643851546885054304e+00,-3.240524314917355042e+00,-6.504128919313256318e+00,-4.082769957749961875e+00,-2.838239269578263890e+00,-1.192833930605947446e+00,-4.600085355240590701e+00,-1.053386777639389038e+01,-1.151063837974694160e+01,-1.482944213154462787e+01,-1.623053588279999460e+01
-1.785346019748922686e+01,-1.467410497300943817e+01,-1.301216678558641249e+01,-1.138205754377280066e+01,-6.295287214773222395e+00,-3.067054618594895032e+00,-5.404355010029616935e+00,-1.154509863478869214e+01,-1.098903790806002867e+01,-1.332641471925561305e+01,-1.614780512078805685e+01,-1.651107063617422810e+01,-1.770494395658974796e+01,-1.994954837912460377e+01,-1.954703798921751101e+01,-1.375482976613783848e+01,-9.289504411114249294e+00,-9.924817868747656036e+00,-9.640786569763267977e+00,-5.130211608804715162e+00,-7.412434377547377551e+00,-1.142031136009596892e+01,-7.760913596095046607e+00,-7.473077545713657344e+00,-2.177883376618511058e+00,-2.503311513744160166e+00,-7.287317070255803664e+00,-1.084844578805749293e+01,-1.898066097510594830e+01,-1.756505342653602497e+01
-1.523534419126571393e+01,-1.266859213865486744e+01,-1.076399600936095879e+01,-7.504330631021228548e+00,-6.190970860334655157e+00,-6.417013622314180488e+00,-1.076385465954013121e+01,-1.302415623786343168e+01,-9.866644386526379762e+00,-8.972870768761685767e+00,-1.151555868976941355e+01,-1.465696599478427942e+01,-1.847284850142817092e+01,-2.063510255752855116e+01,-1.898284100372573491e+01,-1.435328533188805800e+01,-6.670203909246279039e+00,-4.564682347324307443e+00,-4.432481710662479202e+00,-4.239658361599063063e+00,-8.218731801930445613e+00,-7.783090383769457610e+00,-3.787338300868735352e+00,-2.255627392925670271e+00,-1.543701258363427531e+00,-8.407331417147129171e-01,-3.298640563463171471e+00,-1.140747833049474558e+01,-1.987052288176906956e+01,-1.720762937995278818e+01
-1.457910781099031894e+01,-7.664644965194086446e+00,-5.721326729041502190e+00,-8.292948324336114396e+00,-1.352778835205515406e+01,-1.397276539762055592e+01,-1.689543738840998088e+01,-1.634529688289970295e+01,-1.077319923100198196e+01,-9.353049803185108146e+00,-1.059508464189598342e+01,-1.299187761304737876e+01,-1.736915369094556993e+01,-1.986903610047261282e+01,-1.729553995820873524e+01,-1.389055637138917376e+01,-5.958906116347657544e+00,-2.087182359732371317e+00,-2.867859888285983594e+00,-2.691186290457765473e+00,-4.205362993333046084e+00,-1.995388262710984906e+00,-2.241518684567472164e+00,-7.493053061041324625e+00,-1.076485509718442124e+01,-8.554400763600954249e+00,-6.814161474759158565e+00,-1.066983593598546065e+01,-1.682515648114959816e+01,-1.440313518123262249e+01
-1.685385629983970901e+01,-8.181387322470387247e+00,-5.941862804558120104e+00,-9.946747488783170610e+00,-1.580766197475911206e+01,-1.509460613530152884e+01,-1.612673091129132885e+01,-1.485301129985007584e+01,-1.370823499807126922e+01,-1.472792646181305010e+01,-1.759174197393364736e+01,-1.690147430172897813e+01,-1.807474250854200548e+01,-1.795916346936721908e+01,-1.432533252720114092e+01,-1.036522466210043270e+01,-5.113245958323944684e+00,-4.689560640721944118e+00,-8.969702453257598407e+00,-8.241004908228028114e+00,-8.524909298550614523e+00,-5.625999921721241748e+00,-6.364468078198200374e+00,-1.060746261610347041e+01,-1.218869496923881179e+01,-1.209033143083760642e+01,-8.802715229127564101e+00,-1.041926540943720703e+01,-1.331632217581358191e+01,-1.283185235203704444e+01
-1.806111647166517287e+01,-1.136253886364574406e+01,-5.133800291837906649e+00,-4.598962343098188299e+00,-7.925850963212091038e+00,-9.654807220464237005e+00,-8.719190035996099652e+00,-1.053382835284096863e+01,-1.325983071884025755e+01,-1.410587728200697910e+01,-1.651206059364756129e+01,-1.698986623747839886e+01,-1.879622629898621966e+01,-1.557601624891763059e+01,-1.123025582449198190e+01,-1.029953856680803170e+01,-5.863474105320665153e+00,-5.557563400603910075e+00,-1.041797559681465124e+01,-1.196973308231167543e+01,-1.006139433232082681e+01,-7.594017015141286464e+00,-8.988807074630715377e+00,-5.025001352965325907e+00,-3.520592156341872947e+00,-3.903329462870844591e+00,-8.555744421709874814e+00,-1.580811479137202014e+01,-1.559763027098022015e+01,-1.425833506898009340e+01
-1.875084848970870866e+01,-1.660588955221155771e+01,-6.680219179758853265e+00,-1.991902471877903480e+00,-3.018238878899872635e+00,-4.716283324418289347e+00,-2.666365777518038715e+00,-4.495505983023034169e+00,-7.747074685152422369e+00,-1.142070118636842047e+01,-1.158691819103913190e+01,-1.223766058367022502e+01,-1.505110912616592067e+01,-1.424136833324553919e+01,-1.019618458302410779e+01,-6.919329902675247723e+00,-6.971802477624006400e+00,-7.606555089069779285e+00,-1.145299176299141664e+01,-1.394415410359700580e+01,-1.132601528537248115e+01,-5.829901385838818229e+00,-4.784091711764059340e+00,-2.955953429005209632e+00,-2.964333159784660943e+00,-5.062168354694503769e+00,-1.258677416445090280e+01,-1.931492072002143701e+01,-1.665426040455034595e+01,-1.321748945313147949e+01
-1.877228148272083175e+01,-1.643743103375607006e+01,-8.800478725170126637e+00,-3.352577474094816434e+00,-3.527383265837892523e+00,-6.490501132793847994e+00,-6.844957787409076566e+00,-8.774818956441910345e+00,-1.113561979145001501e+01,-1.203007161769138023e+01,-1.188978267779016207e+01,-1.054434334902753179e+01,-1.092806806179621582e+01,-1.301443304833333237e+01,-1.227022001140942820e+01,-1.038791102816344747e+01,-1.337855085040859926e+01,-1.078542545494759963e+01,-9.626684270466968840e+00,-1.076782188265566553e+01,-7.720849459085242117e+00,-6.234529964744475627e+00,-3.648125435251370785e+00,-6.263706948236421823e+00,-1.099229897269998979e+01,-1.012601568035765531e+01,-1.210034222157391248e+01,-1.743591211404010721e+01,-1.630225697039545452e+01,-1.353201941370710948e+01
-1.695363366882259371e+01,-1.478320369801450518e+01,-9.334294869625770374e+00,-5.240834449253770622e+00,-7.163689314061478797e+00,-1.116287889323669802e+01,-1.021306719603274082e+01,-7.283126371546852162e+00,-7.546424383159149762e+00,-9.624530400313641820e+00,-1.445223739547081543e+01,-1.547315966500851303e+01,-1.590561822316196050e+01,-1.388044892450806422e+01,-1.088231030922786502e+01,-1.083009242385056403e+01,-1.443072063477429090e+01,-1.002091256625586446e+01,-6.039819270688763453e+00,-6.538903706139566729e+00,-1.012435773350377488e+01,-1.015411339494579579e+01,-5.393498982783335727e+00,-5.200208366518314307e+00,-9.229195733370769261e+00,-9.754116806887770608e+00,-7.872714515988993966e+00,-1.029138064106052397e+01,-1.327186833521363063e+01,-1.406875733053608357e+01
-1.615690572398483482e+01,-1.175408248056018934e+01,-9.454576037238863861e+00,-8.604005282851540315e+00,-8.266486911257361569e+00,-6.802592375855536666e+00,-4.370698115944609441e+00,-4.008048218526657713e+00,-7.478543953752568640e+00,-1.300075126064431075e+01,-1.629843167286769656e+01,-1.723263902686963434e+01,-1.830973336802925999e+01,-1.707480875954759725e+01,-1.241585091990270406e+01,-1.097528082610062405e+01,-1.417524438552289467e+01,-8.287221696979173657e+00,-5.047451614732448633e+00,-8.029827187166029390e+00,-1.366092454994813110e+01,-9.124782058084086600e+00,-5.730597982028866610e+00,-7.364531329641169854e+00,-7.374089747619856361e+00,-5.986276925242883351e+00,-7.465562481282876028e+00,-9.712042135291291345e+00,-1.401653748257145082e+01,-1.463578916747605518e+01
-1.662841432818435194e+01,-1.316896761197699561e+01,-1.415804836122346799e+01,-1.553430669651922358e+01,-1.552886540963138451e+01,-1.053158571234174623e+01,-8.426532207764763527e+00,-8.710783976531585537e+00,-1.123190578938542927e+01,-1.344262794881363021e+01,-1.323916078676843355e+01,-1.435748610678751724e+01,-1.734672405461596867e+01,-1.760960474895064110e+01,-1.210162172449116014e+01,-1.080783936628110808e+01,-1.288918363225434760e+01,-7.378426292772759076e+00,-3.823195398201861384e+00,-3.565375759913892662e+00,-6.551544372822828421e+00,-7.216997890335739463e+00,-9.897390102378375687e+00,-1.319909240384516913e+01,-1.348393588309075497e+01,-1.092701440707893212e+01,-1.156754318923707281e+01,-1.230110249119452881e+01,-1.184142819129231050e+01,-1.484632370881973529e+01
-1.812600736183978611e+01,-1.276294145340815689e+01,-1.029199406060127231e+01,-1.199581851296110990e+01,-1.179485832759023012e+01,-9.588452528996072033e+00,-9.467815742735018247e+00,-8.433797407189420170e+00,-7.236937796740521733e+00,-1.091398437159835844e+01,-1.318206271953137332e+01,-1.508642911252955265e+01,-1.841005430403788523e+01,-1.596802249481217295e+01,-9.435470063721805190e+00,-5.995907444071870707e+00,-6.827633018136784138e+00,-6.491843119674933327e+00,-8.059452836538197218e+00,-5.618688682461999484e+00,-3.980325837202386197e+00,-7.357333059839888278e+00,-9.486027336519235575e+00,-9.848705878809505876e+00,-9.767012482196598455e+00,-1.094807568553147092e+01,-1.121032006042018736e+01,-1.290286287178152946e+01,-1.487544563064656167e+01,-1.691432869712764742e+01
-1.814108991015488925e+01,-1.236000682910283466e+01,-6.182333363216140576e+00,-4.591814621699669807e+00,-7.595254165478319663e+00,-1.226135112879888744e+01,-4.998844654190565784e+00,-2.158743090997796266e+00,-4.074094169134483856e+00,-9.957486785608175239e+00,-1.336933319887537941e+01,-1.621538091363927236e+01,-1.622655725124788262e+01,-1.224834010150528840e+01,-7.946021856522611060e+00,-6.960970863478451953e+00,-8.912647516690116234e+00,-1.116765826813987417e+01,-1.228672045064326745e+01,-8.303600119367526844e+00,-5.256748908549357502e+00,-5.329211109065420615e+00,-3.626022545181461165e+00,-3.368394072881391477e+00,-3.475067749144924889e+00,-5.772105990005400145e+00,-1.205460575431775183e+01,-1.596839774388922706e+01,-1.594444780643325466e+01,-1.682525551300139810e+01
-1.775249350126318504e+01,-1.375451500906812718e+01,-6.403560514785270108e+00,-5.017794243896463335e+00,-8.003337288579869480e+00,-9.530595351192475917e+00,-3.731622473346642987e+00,-3.593161781976936808e+00,-6.729207796639824046e+00,-6.962137267721674405e+00,-8.791788773678417712e+00,-1.140026588399445728e+01,-1.197668163440409828e+01,-1.063334642549988551e+01,-1.199548781558776334e+01,-1.159026051326921802e+01,-1.303705184677350815e+01,-1.094022962849610892e+01,-1.079635439177227596e+01,-1.047538548707962036e+01,-9.589137201096601615e+00,-5.571034123113619785e+00,-3.307390247537870920e+00,-5.851396537415540777e+00,-4.679201969370688552e+00,-3.596442672366675808e+00,-7.681622296508456849e+00,-1.286992159188426399e+01,-1.264207639258884797e+01,-1.446997190027986058e+01
-1.787265827448251798e+01,-1.362197136083289628e+01,-9.943873642704541993e+00,-9.780946351413767559e+00,-9.156930813617261578e+00,-3.979045795692000453e+00,-3.378454883545320975e+00,-8.502799922556887324e+00,-1.428101750316133867e+01,-1.323953893154290107e+01,-1.192761723537812735e+01,-1.217255367164652391e+01,-1.281599141858249169e+01,-9.998676926783442553e+00,-1.056664598019765933e+01,-1.077053014960954691e+01,-8.725194272215452074e+00,-7.729924132489854216e+00,-1.031790297249067123e+01,-1.052921461160522121e+01,-1.076410371171124680e+01,-1.267905746435157255e+01,-8.414836422146759531e+00,-5.655753583016542407e+00,-5.464889840837845014e+00,-7.387366529103297275e+00,-9.606728679055621001e+00,-1.283742682479179642e+01,-1.131723831249143863e+01,-1.188295083946989372e+01
-1.768921572007950616e+01,-1.469579038365631263e+01,-1.390178108354536057e+01,-1.024349810780992875e+01,-7.170672301363175904e+00,-5.115628378857283387e+00,-3.530057772361295587e+00,-7.939174607617586865e+00,-1.139947196594469148e+01,-1.277264268411572523e+01,-1.366754123359728723e+01,-1.329431472209750886e+01,-1.128408022272359013e+01,-8.489520573288581673e+00,-5.251555271399248603e+00,-6.430504054044652307e+00,-6.071991303532271900e+00,-4.234563262077274182e+00,-5.223846210099583054e+00,-7.879174593021408768e+00,-9.671613332603893554e+00,-1.325167825837044155e+01,-1.344249582391888787e+01,-1.256097132739494349e+01,-1.275437773843226630e+01,-1.314979855295452538e+01,-1.447050785404608320e+01,-1.362149912542851382e+01,-1.325586144319258963e+01,-1.273852277270294842e+01
-1.641231786938989146e+01,-1.338199392755193529e+01,-8.237313385364736007e+00,-5.078065826409771333e+00,-6.610671433792182583e+00,-7.923899035355088216e+00,-5.552674469769380394e+00,-4.785341948061200945e+00,-5.754201815259937902e+00,-8.162139981225797314e+00,-8.296316856664709860e+00,-8.797113608687546105e+00,-1.322797386095149186e+01,-1.368563700758905455e+01,-8.037659615088420750e+00,-6.157074429711718366e+00,-8.024141504601308483e+00,-9.092913250753264620e+00,-8.862215349063150782e+00,-1.125686911789348343e+01,-1.147647936185011197e+01,-1.300576150904542061e+01,-1.543510398844498255e+01,-1.191095446477270414e+01,-9.646959310646648689e+00,-8.273550819376218612e+00,-1.094066148604050781e+01,-1.457203708392925812e+01,-1.602739789911136370e+01,-1.549193474239098300e+01
-1.634218214463339791e+01,-1.369549874540600243e+01,-8.313079725025565025e+00,-2.884038733163227786e+00,-2.686688383080207743e+00,-7.383670955580004858e+00,-1.256058924339885685e+01,-1.052659511653164692e+01,-8.266064626902277723e+00,-9.221756740123224105e+00,-6.748176063669967917e+00,-7.960127616384227167e+00,-1.368588339478853122e+01,-1.644143996003327146e+01,-1.282490283219171445e+01,-9.363211951944226286e+00,-9.910607094059830757e+00,-1.291566004026720726e+01,-1.328247425168942542e+01,-8.624462502128633190e+00,-8.438624880575197551e+00,-1.151548463387727317e+01,-1.252131529918015573e+01,-7.758615516078699592e+00,-3.309261771620423342e+00,-2.289151777415447508e+00,-6.241737420107148715e+00,-1.266081738636498777e+01,-1.393858231012482030e+01,-1.483481433032171459e+01
-1.687008337432918026e+01,-1.529302026480910826e+01,-1.162787243049995212e+01,-5.553805296880740983e+00,-3.868889670577809969e+00,-6.836209157027004046e+00,-1.156073967210806153e+01,-1.196235640315366666e+01,-1.080697757360029065e+01,-8.196519847492629296e+00,-7.539943860214986415e+00,-1.004789602816611094e+01,-1.409619064695516144e+01,-1.427281457929221453e+01,-1.372491841223842357e+01,-1.069626580188228893e+01,-6.845492365799701773e+00,-7.467530091666871428e+00,-9.993669984636792236e+00,-5.724066565402500473e+00,-2.991291194421465516e+00,-4.618869885303981349e+00,-5.798082934854643433e+00,-4.802161635265481898e+00,-5.628219603820883599e+00,-2.146801360528876490e+00,-3.488939751146547419e+00,-1.008041008835512109e+01,-1.230086815768492947e+01,-1.118136305034540179e+01
-1.582729435175847144e+01,-1.140367486119871465e+01,-8.091567830611692713e+00,-8.868654109917248007e+00,-6.627913808687382335e+00,-7.128461925087461459e+00,-8.946731820417817005e+00,-8.857025846364392052e+00,-1.141425794712613850e+01,-1.260530689890217637e+01,-1.286170216219503715e+01,-1.134532861939914206e+01,-1.035491515221489500e+01,-1.158851391899611016e+01,-1.320126761701709484e+01,-1.013926030034219217e+01,-5.274262421264168665e+00,-3.728625019794753026e+00,-6.635625136735396445e+00,-5.130782422880521665e+00,-2.305666895413221784e+00,-4.226898234009331290e+00,-6.841720089094907031e+00,-4.899793069153201230e+00,-4.760903949538866975e+00,-3.651929138437894462e+00,-6.778255840332391813e+00,-1.052387978253597467e+01,-1.125615566402610490e+01,-1.040341893300382381e+01
-1.604456233902737594e+01,-9.897009482840569916e+00,-6.284611280177049508e+00,-5.842310145687145351e+00,-4.977167430308087503e+00,-4.945958043304282015e+00,-6.900377950470918620e+00,-6.121304269247310970e+00,-6.250884193294304225e+00,-9.512985046642521425e+00,-1.087267690998227287e+01,-9.438447682720839893e+00,-8.380971294742733946e+00,-1.094777616409232834e+01,-9.450038391946481653e+00,-6.342723531454738328e+00,-6.371114417713831912e+00,-5.490443492582119056e+00,-6.577395090536707123e+00,-8.026006704271472003e+00,-7.756316694444848281e+00,-6.020255813873403028e+00,-6.216349149110969918e+00,-7.999040483226188769e+00,-6.504530955754584731e+00,-7.603878476346532800e+00,-1.173220733358601819e+01,-1.388618837635481640e+01,-1.331588445423514955e+01,-1.385137651375427659e+01
-1.670548869701074679e+01,-1.206433558666528860e+01,-8.448183255527176527e+00,-9.457025868035140448e+00,-1.136610358659249265e+01,-1.095574094991015812e+01,-1.052217038934397841e+01,-7.150886961324199653e+00,-5.776042004279998032e+00,-9.217629669704761497e+00,-1.038334128387161570e+01,-9.278191606583362727e+00,-9.269042646492616555e+00,-1.226144487839864361e+01,-1.006207972220807534e+01,-5.800304739330667481e+00,-7.145696889350068304e+00,-6.864054054356004464e+00,-8.518331185568543518e+00,-8.054258100672639031e+00,-9.040871626877418521e+00,-9.489007455690302351e+00,-6.763386300675998442e+00,-5.806390386483100130e+00,-6.691888070362768559e+00,-1.021332328228750619e+01,-1.163681910055711199e+01,-1.304668390921726306e+01,-1.380287613654845380e+01,-1.306352036743327893e+01
-1.542742150360738229e+01,-1.027951595073293056e+01,-7.940876871948535864e+00,-9.995222011339828683e+00,-1.478324166762854119e+01,-1.523403815162662767e+01,-1.190459965571223222e+01,-6.772326546628225863e+00,-6.015403544162489347e+00,-1.019501731688682611e+01,-1.419453396823359981e+01,-1.396821165337937209e+01,-1.274703752959736391e+01,-1.219755447891614075e+01,-1.245368682112220426e+01,-5.878181936287552922e+00,-4.474115053875443171e-01,-3.779751183010337384e-02,-2.505782968434294933e+00,-5.783123063686800513e+00,-6.670719142710580307e+00,-3.514362203574199484e+00,-2.140207047235109794e+00,-3.925790342818668677e+00,-5.295532362132220783e+00,-5.758579818875926293e+00,-9.619428164576776297e+00,-1.315432665745417218e+01,-1.309809238908144025e+01,-1.370273983370979387e+01
-1.220401551496561865e+01,-7.523531510287029711e+00,-5.525824782116271372e+00,-5.737900707392207700e+00,-9.472274581346098898e+00,-9.846104189190240774e+00,-8.973559437284045259e+00,-6.458903788207316587e+00,-7.614997865604493654e+00,-1.113698491998285789e+01,-1.465770717202478224e+01,-1.453491664299792774e+01,-1.409159082617223113e+01,-1.238712657308660781e+01,-1.279334044550602911e+01,-9.993222672341989465e+00,-3.394341623719046019e+00,1.193681457184745609e+00,-1.242936721136852773e-01,-8.103611823902618028e+00,-9.022329058901519261e+00,-3.027493529310430365e+00,-4.120169972678579207e+00,-1.042555551215088805e+01,-9.496808176998627005e+00,-6.804744651185194115e+00,-9.214045768176578832e+00,-1.208924296681794885e+01,-1.400477476357907491e+01,-1.440162282943282612e+01
-1.185076810460688002e+01,-9.186730398367418005e+00,-8.589990722826206238e+00,-3.104615964477925427e+00,-2.572936924060136299e+00,-3.031239709174240904e+00,-3.910325489147326916e+00,-8.673177176473499728e+00,-1.455105199459485377e+01,-1.360314514771135563e+01,-1.426603436242243284e+01,-1.382694131880998611e+01,-1.206283811664884986e+01,-1.150016683330581380e+01,-1.389926968739544044e+01,-1.334900463582856922e+01,-9.844864978453029991e+00,-2.573983270110786759e+00,-1.402428884339971572e-02,-1.829901979004790125e+00,-3.799498594451039324e+00,-3.507355471689356907e+00,-5.018588792153034994e+00,-5.523917747558650504e+00,-4.209604484420625958e+00,-6.730220440498329459e+00,-1.358129394826362635e+01,-1.576411388697391303e+01,-1.615131813249770332e+01,-1.514604497281735540e+01
-1.592375120014395229e+01,-8.712071641805065880e+00,-3.163492932413445757e+00,-1.833946681696122738e+00,-6.140034057120861810e+00,-7.725090572938734468e+00,-9.257688151802986098e+00,-1.373187835473416918e+01,-1.586446948934765544e+01,-1.377564430084957436e+01,-9.522999549146163645e+00,-9.070483145756833565e+00,-8.605730168632135246e+00,-1.178606789177896630e+01,-1.533046657418053194e+01,-1.396964750609769901e+01,-1.132688367493339854e+01,-7.285947732520615894e+00,-6.159070634137544076e+00,-6.831467343126512937e+00,-8.918345260178776712e+00,-7.757754640677457125e+00,-8.168865933508124400e+00,-2.753828997460773476e+00,-2.459547570018758123e+00,-5.693712702240486756e+00,-1.135632901017073593e+01,-1.430299449625035457e+01,-1.530030206788623914e+01,-1.601866834178851562e+01
-1.786413248417990118e+01,-9.989436415603458741e+00,-4.351235071218902739e+00,-1.382050839116828467e+00,-2.932421781388635296e+00,-8.405123069787480361e+00,-1.316008136733069200e+01,-1.290050241749757376e+01,-1.337814435837375093e+01,-1.245936237854562734e+01,-7.588166507123129456e+00,-6.375353153470721956e+00,-8.049045184346393711e+00,-1.461217576214715486e+01,-1.691939237517662775e+01,-1.347527647322150557e+01,-9.163182393317516272e+00,-6.627861152361532504e+00,-8.644677804007873334e+00,-8.123141500893229505e+00,-9.223010940663121104e+00,-7.087708142168835934e+00,-4.050445403181996973e+00,-4.664198736214294705e+00,-9.277556475034407057e+00,-9.628486691766484640e+00,-1.259446288420642723e+01,-1.086767736640452320e+01,-1.221921354544896765e+01,-1.551788731691310907e+01
-1.828503381016401264e+01,-1.420935635961544818e+01,-1.300895552890822060e+01,-6.563139234141559086e+00,-3.288603178585331577e+00,-5.566296626111757462e+00,-7.879561479367521493e+00,-4.761328895307380904e+00,-6.437891164474236483e+00,-9.047476144859492919e+00,-1.149542268674085044e+01,-1.299323312340268721e+01,-1.045880306956621197e+01,-1.134679372295452460e+01,-1.336887745745875478e+01,-1.313003730622066811e+01,-5.929045377833069175e+00,-1.434315781352246688e+00,-2.913328616530387327e-01,-1.689507954362176712e+00,-6.427219180581545288e+00,-1.040203673621904557e+01,-8.998709847593003630e+00,-5.751478372710201015e+00,-7.092156826832871630e+00,-7.061591780742515922e+00,-9.983694136016181275e+00,-1.349508612778536154e+01,-1.106559405192701107e+01,-1.259591545547396230e+01
-1.740286797626762549e+01,-1.219699121533938602e+01,-1.200592484291951401e+01,-9.175818971767547794e+00,-5.232205816989491609e+00,-4.471476740227525504e+00,-4.723316451983483155e+00,-1.094524734570484714e+00,-2.063481009575180547e+00,-8.719122235942037946e+00,-1.623907415072123328e+01,-1.377803592570521474e+01,-1.110306341936633778e+01,-1.203918440883579777e+01,-1.105336777509176294e+01,-8.997151007381466670e+00,-5.269520574251304268e+00,-5.381503581785203494e+00,-5.900673948932288582e+00,-1.219799466723785697e+00,-2.613605935945157999e+00,-1.015676687914095133e+01,-1.083075838382583278e+01,-9.160783199241459229e+00,-1.011217441560103403e+01,-8.369713968975021956e+00,-8.707597664460507758e+00,-1.163435581231572868e+01,-1.495767266811079210e+01,-1.542547630630987143e+01
-1.558993049892903393e+01,-8.158024764111594607e+00,-4.261103300864149901e+00,-5.723467552333955766e+00,-4.017156399630757768e+00,-2.393874734343521826e+00,-3.907306241602913843e+00,-5.325979973093632580e+00,-5.730206703407306534e+00,-9.105238831093863894e+00,-1.653748809861023261e+01,-1.513018067981533754e+01,-1.378855472277936833e+01,-1.644822173583026625e+01,-1.400056784066931215e+01,-7.849064157520383667e+00,-8.594787691302613553e+00,-1.256241671231648560e+01,-9.708052966625068336e+00,-4.347430454513687259e+00,-2.750276090703793752e+00,-4.467259608835946416e+00,-6.237096083328729001e+00,-9.358925993022392475e+00,-1.492244351087355625e+01,-1.642761655623239747e+01,-1.519171470542875291e+01,-1.549855206372125416e+01,-1.524904265727713337e+01,-1.324850129068783566e+01
-1.664985147048966496e+01,-1.199299362219569609e+01,-6.894262546550822712e+00,-1.140844356015051630e+00,-1.401756720857659122e+00,-8.149085038058823116e+00,-1.444101920401214834e+01,-1.240944809063224952e+01,-9.128375185902710243e+00,-8.953743741517360633e+00,-1.404136696211092072e+01,-1.297401851453598809e+01,-1.449697428549424316e+01,-1.813058654872222064e+01,-1.786228940643828977e+01,-1.160155834108907413e+01,-8.824624940847895616e+00,-1.146757647641904754e+01,-1.273390842651599897e+01,-1.130618513105021883e+01,-1.104872475029809742e+01,-9.945176960975564029e+00,-8.542659037432093427e+00,-1.058976734165426592e+01,-1.547036768878847646e+01,-1.849621652595050136e+01,-1.813292428136124812e+01,-1.864197252763557699e+01,-1.485365357064897118e+01,-1.073706584270339626e+01
-1.925909186219460523e+01,-1.672865547040465373e+01,-9.680318438576538398e+00,-4.298895496250211501e+00,-4.722967573585910017e+00,-6.909035273924502008e+00,-1.234007749942204590e+01,-1.000203173125119172e+01,-8.926927835571790482e+00,-1.046165544876627074e+01,-9.305068693279967107e+00,-8.315374359709947427e+00,-9.800888910415066491e+00,-1.332111878000247174e+01,-1.616440982271911153e+01,-1.245351323225948725e+01,-7.827067739391529777e+00,-5.374508994265663198e+00,-6.144753047306636518e+00,-7.392028587006206131e+00,-1.081166762885520960e+01,-1.418024080396964060e+01,-1.566488963479448948e+01,-1.778450460849041193e+01,-1.469569691224715768e+01,-1.289617706914363104e+01,-1.141952062488361541e+01,-1.227282734256388075e+01,-1.100149842381730458e+01,-1.049445344839885763e+01
-2.036467391417031436e+01,-1.288876090788790663e+01,-6.212480251133568387e+00,-6.405636318676537933e+00,-1.109823033624900113e+01,-8.450276209796816929e+00,-5.644452243094232102e+00,-6.819364663901602341e+00,-1.346185097522290164e+01,-1.838004562961068089e+01,-1.538064107368453115e+01,-1.174655687328103681e+01,-1.239414717639833974e+01,-1.379486847278165662e+01,-1.017338341411258540e+01,-9.947737171391771938e+00,-1.148735381033263714e+01,-5.599356316963325142e+00,-4.363276124878484374e+00,-5.322586576618459908e+00,-7.700720024589773338e+00,-6.690717904810693284e+00,-8.787885611983620393e+00,-1.031022244881672378e+01,-7.885734980653046122e+00,-6.417327624977014366e+00,-9.611024820627427800e+00,-1.453205549286682441e+01,-1.448810273016587402e+01,-1.564679750515397139e+01
-2.027947639963429438e+01,-1.235871770579344187e+01,-4.821975211871910361e+00,-3.537925629795483307e+00,-7.494306460054563246e+00,-1.245311637441064079e+01,-4.987626112696977643e+00,-3.105087021195711561e+00,-6.627201197712411229e+00,-1.250914482807151273e+01,-1.520860195261151482e+01,-1.520664023846830837e+01,-1.453447583779660945e+01,-1.390831078085929740e+01,-1.469836462809528221e+01,-1.004455689968829901e+01,-7.087013801951317582e+00,-8.548849871457255389e+00,-1.436721992973562578e+01,-1.472588718519595474e+01,-1.433317477839767484e+01,-8.315497673747392682e+00,-4.253568395877340258e+00,-4.751426169067431537e+00,-6.700521881919504708e+00,-6.897579219943652085e+00,-1.279364743911030367e+01,-2.034753246469356114e+01,-2.140720728147308449e+01,-2.083153013666724007e+01
-1.860623658741102560e+01,-1.006940016802202642e+01,-5.489257399190510256e+00,-5.123573444894417683e+00,-8.170238879582431224e+00,-9.259419285314605119e+00,-3.156789944738529474e+00,-2.473216785375036864e+00,-6.552570090583682116e+00,-8.945920543306192130e+00,-9.499820085594356200e+00,-1.368234892762137633e+01,-1.615207315149327627e+01,-1.406315329322895913e+01,-1.445726594600960979e+01,-1.331251486243715654e+01,-1.158279723321303223e+01,-6.891704204482384633e+00,-8.584166570588346090e+00,-1.239809041974903892e+01,-1.092430061443596045e+01,-1.183978519368829829e+01,-6.435655910656204348e+00,-5.407310445296663381e+00,-7.888685055472541841e+00,-7.935127761966357163e+00,-1.444550110478816229e+01,-2.043787756796348987e+01,-2.137315892059585209e+01,-2.192356118325721326e+01
-2.066223262880005507e+01,-1.611187190867786612e+01,-1.492967060999252737e+01,-1.393003161090194730e+01,-1.390610679446258935e+01,-5.798090311625454518e+00,-3.942322074228031603e+00,-7.254692750973053883e+00,-1.593696086573752702e+01,-1.612513556956232463e+01,-1.255111761457601105e+01,-1.095275295970293072e+01,-1.450463028521041764e+01,-1.388623263020930487e+01,-1.196394426200040506e+01,-1.425616858314303670e+01,-1.396989037985508020e+01,-5.590600659876998613e+00,-5.890355280174373043e-01,-2.254741736079690639e-01,-3.681921245209920368e+00,-9.383304656833219681e+00,-3.754263723761460003e+00,-3.625459448002366081e-01,-1.635005093500959239e+00,-9.603235324223836855e+00,-1.536287114169693879e+01,-1.786775840568947515e+01,-2.070817194470934197e+01,-2.000793807319268680e+01
-2.152849587766481321e+01,-2.103548709399634475e+01,-2.125924081255675802e+01,-1.841461074225715322e+01,-1.276780251839105240e+01,-1.139766238145767474e+01,-8.186239190162366341e+00,-9.106348784359649784e+00,-1.623363703830986182e+01,-1.647781802742344581e+01,-1.645879144931801363e+01,-1.335226597502479606e+01,-1.081641937263958475e+01,-1.231076193159552901e+01,-1.195727515878697567e+01,-7.076299841236916244e+00,-5.227386309336198522e+00,-5.976952788259858096e+00,-3.886192314275043636e+00,-3.031328846552189815e-01,-5.462559450441485387e-01,-3.899396903666562775e+00,-4.728038439863300191e+00,-4.680809271884583289e+00,-2.161982634151008220e+00,-5.305162195887440646e+00,-1.109505086213413527e+01,-1.617647270336272669e+01,-1.624226643325416930e+01,-1.636031262586071122e+01
-2.171062068777225917e+01,-1.928304841817057991e+01,-1.758502141280285613e+01,-1.551773703326085574e+01,-9.863431585822135972e+00,-9.331674101499489282e+00,-6.697247945325895735e+00,-6.889287232340268297e+00,-9.773878925671748874e+00,-9.708213888156185689e+00,-1.035959016137821642e+01,-1.337595897014480251e+01,-1.793190505803264045e+01,-1.577436360583943120e+01,-1.206759102329326971e+01,-9.223501930317807407e+00,-1.092751855708484676e+01,-1.276009711996511875e+01,-1.244677647562290268e+01,-6.576975083362208707e+00,-7.599797631174943113e+00,-1.000270434695191213e+01,-9.916376291313495628e+00,-8.630755662886453905e+00,-2.864435768850353448e+00,-1.270138488261863596e+00,-5.324392339353095416e+00,-1.143931078100913190e+01,-1.429778271673085044e+01,-1.805713392164550157e+01
-1.738449135656822619e+01,-1.258347593801542885e+01,-8.328081361807075922e+00,-5.900344118191178211e+00,-6.608222886002494079e+00,-7.943784667301582836e+00,-5.964754047667145009e+00,-9.781870975109676181e+00,-1.155434656446906416e+01,-1.097131108731474392e+01,-1.369379789409111048e+01,-1.858457721216157310e+01,-2.251852689325935941e+01,-1.798297968740929065e+01,-1.383036855730028414e+01,-1.456787499348828696e+01,-1.865835886750757666e+01,-1.137477350791801634e+01,-8.203370408077908849e+00,-3.828433283598749348e+00,-4.656148987443575749e+00,-4.822022805314692739e+00,-4.162914745715267095e+00,-5.722527879106390714e+00,-2.407175489684523217e+00,-3.170421787183692164e+00,-9.509266346471578757e+00,-1.514769227438924659e+01,-1.360865801205807202e+01,-1.580721340462913460e+01
-1.676749056311929209e+01,-1.471521292319976126e+01,-1.215119035330041442e+01,-7.828154930643215437e+00,-6.433243191419387053e+00,-7.105290025662464259e+00,-6.919988503628222709e+00,-7.640823432088151179e+00,-1.176596107806875935e+01,-1.823333854938515231e+01,-1.871519444095101292e+01,-1.976840448075798662e+01,-2.228479460394306599e+01,-1.816009709688255569e+01,-1.273672344325201244e+01,-1.230143010590992603e+01,-1.312972133706329814e+01,-9.981560402615055949e+00,-3.542573015164037997e+00,-8.595109501267306218e-02,-1.295181302062083484e+00,-4.052373682017509360e+00,-4.064391592189258162e+00,-6.945131728477032418e+00,-7.454386467133864436e+00,-9.568194600174129150e+00,-1.246869898449843106e+01,-1.855069873287419568e+01,-1.311679920978100711e+01,-1.109227239604715010e+01
-1.844790796413543177e+01,-1.730766430630045960e+01,-1.751558455691975524e+01,-1.479827499794605750e+01,-7.435624716388192113e+00,-7.336153040266340852e+00,-1.085377544658199156e+01,-8.075044991357565038e+00,-9.760043305196580476e+00,-1.646302952128610642e+01,-1.446138950011785873e+01,-1.516557606618115805e+01,-1.897208278801790371e+01,-1.791066610231014877e+01,-1.009568370881860133e+01,-6.063181153022052960e+00,-5.657139902661560527e+00,-6.320705236871025257e+00,-2.944679443354692783e+00,-1.951433640668186476e+00,-6.774945417921317770e+00,-1.165004243769716474e+01,-1.072673902061081819e+01,-1.087201671893935817e+01,-1.447475393157602674e+01,-2.012845890992765874e+01,-2.009361182656257938e+01,-1.823594315441803815e+01,-1.259671768565086758e+01,-1.066266009964507688e+01
-1.962029601257065181e+01,-1.697652660863920815e+01,-1.826064333034928566e+01,-1.545367383349473300e+01,-8.772932895935770858e+00,-8.255552061044486578e+00,-1.038816585358540756e+01,-8.246174566305366938e+00,-9.669818742513150767e+00,-1.323004897030548932e+01,-9.995199137685657931e+00,-1.043802674408930820e+01,-1.661602650883344623e+01,-1.916645601803077170e+01,-1.093942221866291753e+01,-9.444027673919743293e+00,-1.317170435174382170e+01,-7.932028470019119482e+00,-3.580891314510358914e+00,-4.941445045220624444e+00,-1.280700010858523541e+01,-1.397736749730039385e+01,-2.012167196921735268e+01,-1.819125437483413066e+01,-1.761214653853398104e+01,-2.229371602975638922e+01,-2.186708472792509994e+01,-2.073611812024612533e+01,-1.529713505342001589e+01,-1.237495691457371727e+01
-2.152774516488336332e+01,-2.037216583786496571e+01,-2.214978170496136656e+01,-1.888633852146739756e+01,-1.121681301710205680e+01,-7.719077784544343679e+00,-8.220767932775926212e+00,-7.777815958243772698e+00,-1.310139467863013962e+01,-1.267274164900405076e+01,-8.708848567019096265e+00,-9.708353207622616665e+00,-1.550363480918220205e+01,-2.048588126480199634e+01,-1.300854911115771984e+01,-8.827888514079358373e+00,-9.707569558655887221e+00,-9.735569493026490662e+00,-4.943016759117950798e+00,-4.907897609687408291e+00,-7.363208654579842971e+00,-8.351856355454511771e+00,-9.939959509863721010e+00,-9.931899021385580895e+00,-1.353016168600434632e+01,-1.940697213697332302e+01,-1.974891621696974298e+01,-2.036290338743011574e+01,-2.019223951432861952e+01,-1.837829016930485082e+01
-2.272479495880710232e+01,-2.116530422243090115e+01,-2.169586049017126683e+01,-2.178317355704662006e+01,-1.641729839592223072e+01,-6.059888336056103775e+00,-3.058847092677326795e+00,-4.619854058010499642e+00,-9.401068234899241816e+00,-1.127951928966870554e+01,-1.402992336410878771e+01,-1.298570999015921501e+01,-1.671935825185917324e+01,-1.904004033102857463e+01,-1.402994126929345953e+01,-1.156865490925539852e+01,-7.267821779170106744e+00,-4.696741463652082338e+00,-5.596444227386685455e+00,-1.112413512723967202e+01,-9.932500623593664812e+00,-6.357425429006037909e+00,-6.659786604771948504e+00,-4.930922331956794302e+00,-5.277689529452354478e+00,-8.469829865068893682e+00,-1.281842558550986588e+01,-1.943692129382155898e+01,-2.112947029672610455e+01,-2.109708742072880838e+01
-2.373664157810737763e+01,-2.084864253349871177e+01,-2.075172432213072682e+01,-2.151956199637896816e+01,-1.657662145651070063e+01,-6.719028366092916649e+00,-5.226311608864243397e+00,-8.206334925001593561e+00,-6.204513312398501235e+00,-8.185585791391424948e+00,-1.485846097707242208e+01,-1.757881105224544527e+01,-1.942926328703602934e+01,-1.710295228492428876e+01,-1.383179351579864580e+01,-1.478918761255381753e+01,-1.273881107176438476e+01,-1.424819191651232941e+01,-1.230397939530147866e+01,-1.460819507202018919e+01,-1.491229974843893835e+01,-1.582497682794137539e+01,-1.715193587402375996e+01,-1.166023454038453977e+01,-6.982082409463870043e+00,-5.809854638551197326e+00,-9.576327263169988058e+00,-1.519680839789647742e+01,-1.702752211848135389e+01,-2.108870784289771194e+01
-2.263459273862737575e+01,-1.920248674283361723e+01,-1.856633820503380505e+01,-1.996528283096929002e+01,-1.241977675249622060e+01,-7.724465515962831930e+00,-6.743621144957856473e+00,-4.301898002814334987e+00,-3.374610086060633396e+00,-6.259544541881342461e+00,-1.658456685031801925e+01,-2.090686111693169735e+01,-2.137036785198624855e+01,-1.618634998216244369e+01,-1.043424445960172342e+01,-9.156750610173380878e+00,-1.290732588940112180e+01,-1.789176774075583154e+01,-1.581050322769553773e+01,-1.601336308396292907e+01,-1.724570052233977435e+01,-1.968870745899824115e+01,-1.863804846052910946e+01,-1.805798047464617895e+01,-1.744993477211889399e+01,-1.292633053603445603e+01,-1.204188983253106393e+01,-1.320033995107986868e+01,-1.429429617859502244e+01,-1.718987322157355635e+01
-2.086451415651163543e+01,-1.754436817189437292e+01,-1.769271741652438124e+01,-1.956666353756202170e+01,-1.170523640051515812e+01,-8.927318570973261203e+00,-9.046474877816097049e+00,-3.192410797988026960e+00,-2.942868254572596154e+00,-7.954509769528788077e+00,-1.559998220293891436e+01,-1.499822391724637072e+01,-1.504230874865424639e+01,-1.397610764695833652e+01,-1.409619576358997683e+01,-1.075310805699374761e+01,-1.278790369762736567e+01,-1.675355909432575174e+01,-1.462093050363463753e+01,-1.585729040967937209e+01,-1.532024616496578062e+01,-1.587930569881593179e+01,-1.848743124170161778e+01,-1.722926426237555830e+01,-1.662701423962910852e+01,-1.320158298455985424e+01,-1.503915783908463411e+01,-1.739310636945590716e+01,-1.798469298052939536e+01,-1.577743561758863500e+01
-2.217932705565369389e+01,-1.864560220398467649e+01,-1.827532466961320168e+01,-2.011877443633514773e+01,-1.675345716354953396e+01,-8.414278734514921254e+00,-4.216431996862220366e+00,-4.792426820267031040e+00,-1.087739394627305778e+01,-1.391941344408978765e+01,-1.300727072895965186e+01,-1.064176580708497610e+01,-1.067201997064481134e+01,-1.334517025087036579e+01,-1.199905248609571196e+01,-9.990505788483185157e+00,-1.267603210380375955e+01,-1.452726211770577969e+01,-8.861297357866972035e+00,-6.718235667533935640e+00,-6.168148020847904256e+00,-7.927639591207059411e+00,-1.272044211967735450e+01,-9.506047852226629402e+00,-5.962762952103989100e+00,-5.444291494454548186e+00,-7.900771012984516339e+00,-1.070834798266173848e+01,-1.411062988759099568e+01,-1.740239011659237534e+01
-2.323912130951122279e+01,-2.048556018331248296e+01,-1.994062974245431974e+01,-2.190344419499617956e+01,-1.921892354341575881e+01,-1.073636861465032943e+01,-1.078342278342844374e+01,-1.159859489230340124e+01,-1.236140464673376371e+01,-1.592660133499501818e+01,-1.481233293590019251e+01,-1.221288656429120678e+01,-1.574546804448348425e+01,-1.943598863071190408e+01,-1.178236339046696912e+01,-7.971864622869309080e+00,-1.083357522998898936e+01,-1.185654339466378460e+01,-7.422531710561926843e+00,-6.572375463325760059e+00,-1.978166837482999929e+00,-9.800865956366600074e-01,-3.301840564716937987e+00,-5.762470091477574385e+00,-7.642612555414248554e+00,-7.535821577925591264e+00,-1.301351879964208891e+01,-1.458622403964874792e+01,-1.724843489086045878e+01,-2.013045690014104139e+01
-2.310732985454000499e+01,-2.104953682751665767e+01,-2.081108562202210521e+01,-2.153024007914678961e+01,-1.915222797778508124e+01,-1.104790013003501237e+01,-9.571183179182865430e+00,-9.282556802350750758e+00,-1.067579458321735331e+01,-1.440737969303333621e+01,-9.896184993144560238e+00,-8.548060884900912981e+00,-1.119871931217784855e+01,-1.403824359748014139e+01,-1.499238114346870709e+01,-1.125100594872881565e+01,-7.088952021487452626e+00,-7.395827375399838921e+00,-1.004983011223454881e+01,-1.025506999032006483e+01,-6.153898188516086165e+00,-3.973934316324493121e+00,-4.575976210835166036e+00,-7.743354401011376176e+00,-8.705126674058837111e+00,-5.729105809438507002e+00,-7.551948731112632096e+00,-1.328223983193658775e+01,-1.544430337083820604e+01,-1.312275478439979004e+01
-2.025217904457367624e+01,-1.471073957107122787e+01,-1.299793790707922270e+01,-1.394214237065325435e+01,-1.309113220095381358e+01,-6.762669449142178379e+00,-3.423874049528547570e+00,-4.408378771409360297e+00,-1.044210442767781011e+01,-1.116660613365740318e+01,-1.097234052305768337e+01,-1.454217474475787775e+01,-1.249065452624278549e+01,-1.304521599646080254e+01,-1.728824591181080805e+01,-1.819437944813139296e+01,-9.975355682858996431e+00,-7.546943648352491429e+00,-9.213759443815598971e+00,-4.118018780133020584e+00,-5.952726055618826173e+00,-6.073985236160053702e+00,-4.336563035735026439e+00,-5.922648476298321363e+00,-4.523353988704155171e+00,-7.140952542202740894e+00,-1.313942580415438144e+01,-1.294622112788465707e+01,-1.023474115576207488e+01,-1.065285530515537182e+01
-1.928705816511895321e+01,-1.356551560221710595e+01,-6.681209801615170640e+00,-4.240576687891771890e+00,-5.601918655342863040e+00,-1.105841382951999741e+01,-8.781552306152958565e+00,-5.744825735972945324e+00,-7.246225248729600388e+00,-8.876179809529816112e+00,-1.032314390184519937e+01,-1.448703893633152084e+01,-1.833724063622217670e+01,-1.533385101042988374e+01,-1.154577723784558074e+01,-1.293297245952986785e+01,-1.244693119713202201e+01,-5.825892455005848625e+00,-4.615987750501895803e+00,-8.094385752948733526e+00,-4.773756163162149235e+00,-1.192034305301949759e+00,-1.571096674730949827e+00,-4.175355438568140620e+00,-8.735519915629344823e+00,-1.485952543706144802e+01,-1.581115433010579174e+01,-1.829594952893105386e+01,-1.681065917166934653e+01,-1.685532230227363115e+01
-2.023719552317495740e+01,-1.764796829021154068e+01,-7.626858639615862856e+00,-3.843024798125155073e+00,-6.391777672838506952e+00,-1.638746726588838243e+01,-1.624290019134553731e+01,-1.408192546605557638e+01,-1.305796489594088960e+01,-1.382786160821367893e+01,-1.286360866603324915e+01,-1.377778338069875197e+01,-1.659094144027450923e+01,-1.387391126839218636e+01,-1.334587241535227342e+01,-8.337461527239238279e+00,-4.374254096592054886e+00,-2.449608635738681706e+00,-5.657129538658761447e+00,-1.167093827123031957e+01,-6.584867972999242092e+00,-3.980927899645591239e+00,-8.409631629563440569e+00,-1.306603627852826577e+01,-6.291403158107128135e+00,-6.085098911179604997e+00,-8.251855752523789889e+00,-1.451613178070943100e+01,-2.153617743878860580e+01,-2.259624289048958090e+01
-1.956697644195232755e+01,-1.108463264726529474e+01,-3.585081560707269244e+00,-1.624819474103969208e+00,-4.789228492924615388e+00,-1.594106769511147981e+01,-2.099342970230523520e+01,-2.160675019468724756e+01,-1.847340554441869287e+01,-1.353816952472532797e+01,-1.101711758737098457e+01,-9.825080330964107489e+00,-1.075723824733888101e+01,-1.289921301236324780e+01,-1.392183051544643035e+01,-1.185565767723537078e+01,-1.039420861682821062e+01,-4.125893891352029108e+00,-2.407079423885029268e+00,-4.286702042611636010e+00,-3.000440548763822157e+00,-8.833860202906000936e-01,-3.841045249201112011e+00,-5.914428792008042279e+00,-1.997617017855420896e+00,-1.547646266277760807e+00,-5.329144061687392409e+00,-1.379227986102903891e+01,-1.661447942332856798e+01,-1.674138543256528777e+01
-1.998959626868019157e+01,-1.186694446149145676e+01,-4.985065542145646234e+00,-2.703022348210057491e+00,-2.767047142020709227e+00,-6.472840575718828759e+00,-8.962687364049777727e+00,-8.927093492318617152e+00,-9.228472952630109916e+00,-1.159827349292244847e+01,-1.647084823535506004e+01,-1.281350209201723622e+01,-1.462361069646863676e+01,-1.944478384248769842e+01,-1.825588005515420420e+01,-1.623084162855856860e+01,-1.752965887640691989e+01,-1.127660177720833268e+01,-5.924269046499976987e+00,-6.690440389507641861e+00,-7.641863448098460410e+00,-3.986057454421562785e+00,-2.481827472123038447e+00,-5.348964126329797786e+00,-1.070487307809340649e+01,-6.332835422864385500e+00,-6.179832000388207902e+00,-1.091009008808500447e+01,-1.146375838966126715e+01,-1.113700898184644750e+01
-1.956619338321078416e+01,-1.236276060861640147e+01,-7.616194840449436398e+00,-9.771196256017988802e+00,-4.987069436445864312e+00,-4.261073236252851615e+00,-6.946196065839941980e+00,-3.131663759169811545e+00,-4.316577760024181920e+00,-1.166462188060622829e+01,-1.956689046547923994e+01,-1.659567317739919901e+01,-1.730486639188859499e+01,-2.149618931991026471e+01,-2.231248300394434736e+01,-1.533929921512644334e+01,-1.357190341605249273e+01,-1.221972556934235143e+01,-6.414024048297015668e+00,-5.099355623220941602e+00,-1.003241242218422613e+01,-1.354387928219611048e+01,-1.308689980344914083e+01,-1.162086086769265947e+01,-1.662125422747018888e+01,-1.624927412324650433e+01,-1.247379194045016249e+01,-1.316858861198344322e+01,-1.776347388431524621e+01,-1.692097625914652781e+01
-1.730886998854878200e+01,-9.503291370003086769e+00,-8.777518619144544232e+00,-6.904461771313045837e+00,-3.954079400328820437e+00,-3.700307361386131255e+00,-3.494931680539864249e+00,-2.189466561608000461e+00,-4.477637761717389253e+00,-1.304948628480267381e+01,-1.862245615374004259e+01,-1.617332289831400516e+01,-1.779869990136213431e+01,-2.043302469192796522e+01,-1.950415307549154775e+01,-1.740674183677462850e+01,-9.988545842990752988e+00,-9.467404324537628924e+00,-5.247583102964798130e+00,-4.042891427210181909e+00,-8.466213556864712331e+00,-1.182422472615657050e+01,-1.211409436239052262e+01,-1.226610192523640386e+01,-1.762964147215436128e+01,-1.902282775789815616e+01,-1.480167301951446923e+01,-1.321637579741751267e+01,-1.674585205734155835e+01,-2.149741500400940097e+01
-1.825379350585289728e+01,-1.444434491034019707e+01,-1.220941606144996250e+01,-8.971760553918826986e+00,-8.568677099393937624e+00,-1.111859836750475949e+01,-1.190215466584369608e+01,-5.196995011370653117e+00,-4.325749624053890408e+00,-1.127734432200211145e+01,-1.621783679103648979e+01,-1.469863221903515438e+01,-1.835363046075128324e+01,-1.983082970945192258e+01,-1.371534988581501580e+01,-8.661025122219337291e+00,-6.577410314240020206e+00,-6.181843176009548912e+00,-6.986296877233339586e+00,-5.344412240632779643e+00,-6.913241134074589844e+00,-6.421513570848290442e+00,-5.359926624662556982e+00,-5.567309207217708611e+00,-6.814388346014002451e+00,-1.006109143398116856e+01,-9.252386236899470262e+00,-8.939173858383405502e+00,-1.115931919122197868e+01,-1.372785396029235372e+01
-2.123430861333373088e+01,-1.887769204036445458e+01,-8.803381600957008501e+00,-4.550964429879644335e+00,-4.928834411685381056e+00,-6.835368510011401888e+00,-4.488800919486205743e+00,-1.822052639812199448e+00,-2.383989667088869169e+00,-6.561364743360288188e+00,-1.500485212787700995e+01,-1.910024691134248442e+01,-1.748351570198237326e+01,-1.918110772454814494e+01,-1.223013272457568235e+01,-8.888688767791553147e+00,-1.234263245163449874e+01,-1.403324350834905232e+01,-1.226122905342442237e+01,-8.495353120147802528e+00,-6.049316022553008487e+00,-6.068859526053103082e+00,-1.140914631092371145e+01,-1.420849814182127524e+01,-6.768317783967198409e+00,-2.503181671274869569e+00,-4.762714841436682001e+00,-1.260953878394610861e+01,-1.438947992264085585e+01,-1.547069924247239570e+01
-2.236579482165618060e+01,-1.538232893042756722e+01,-6.984818171543680343e+00,-3.806791093319084940e+00,-7.036194208827494911e+00,-1.085916461509251008e+01,-9.113095889425581575e+00,-4.712479521894151091e+00,-5.492748508344536873e+00,-1.253262779059683396e+01,-1.484119273750645362e+01,-1.517808253294343324e+01,-1.309165816803140459e+01,-1.241891045681736827e+01,-1.313741582113213369e+01,-1.305444847499742167e+01,-1.529071124394734760e+01,-1.320773211153196414e+01,-7.055065959881824611e+00,-6.803519104696382769e+00,-1.094621399203176892e+01,-7.565774439752988023e+00,-5.046580880057786267e+00,-6.135323864892283652e+00,-2.879481113253303803e+00,-1.222302698957360156e-01,-1.674984599437689292e+00,-9.624270293869537696e+00,-2.173663320561629675e+01,-2.146499917664092649e+01
-2.262237833310591029e+01,-1.955546664989171646e+01,-1.079855464218528383e+01,-6.369311915651248768e+00,-3.923050682762372787e+00,-6.125977711059991115e+00,-9.630762539598340055e+00,-7.296271176854515872e+00,-8.186747179922278406e+00,-1.467491517299806070e+01,-2.053636724427500582e+01,-2.164861054228116544e+01,-1.732753358626315077e+01,-1.422138011227747434e+01,-1.634489035960721992e+01,-1.612775348250273666e+01,-1.576706082653847396e+01,-1.363051493355169974e+01,-8.943212230747166203e+00,-9.459867957291329787e+00,-8.357254256567504314e+00,-3.284945162554961495e+00,-5.179451151310036749e+00,-1.330075205005151773e+01,-6.093434844639117109e+00,-1.039905388722386137e+00,-2.582576185717957440e+00,-1.170298037458124263e+01,-1.997487919396402489e+01,-2.046467314556146277e+01
-2.175635787737090965e+01,-1.275291906445902157e+01,-1.024229400983028881e+01,-1.084282323180237206e+01,-5.430125610337388942e+00,-5.713998844162927249e+00,-1.002740317494499678e+01,-6.208475817540648478e+00,-7.377031705688265717e+00,-1.561836242979499190e+01,-2.087264045788224465e+01,-2.170185104702182244e+01,-2.288029236803642164e+01,-1.958042914194159678e+01,-1.358363730639156053e+01,-1.319584118788409377e+01,-1.732449995433702128e+01,-1.879724781983976811e+01,-1.722679223528333381e+01,-8.223024675041246567e+00,-2.468791147009835374e+00,-3.864913225293084564e-01,-1.503727997839055419e+00,-5.952070296000522731e+00,-4.514464558309810194e+00,-2.471029754941630685e+00,-4.725509541429532057e+00,-1.198211987610835116e+01,-2.231457194755537898e+01,-2.379558826454632481e+01
-2.071194306351323533e+01,-1.475465443686062095e+01,-8.426820300946570086e+00,-4.465388839918084329e+00,-4.492306222834657525e+00,-9.240186966148911551e+00,-1.225747312203587569e+01,-8.329161226875969604e+00,-5.841458977154612597e+00,-8.456036014415149182e+00,-1.571944648191933958e+01,-2.055194950204998960e+01,-1.983110455798495408e+01,-1.618525862238209712e+01,-1.851447548025985768e+01,-2.021992072330159118e+01,-1.963036995986970723e+01,-1.937818249218529587e+01,-1.914838231951314640e+01,-1.147119863271207052e+01,-5.525587112549890101e+00,-5.759014189235407422e+00,-8.759136555265564894e+00,-5.309308005492904492e+00,-9.370312171124096423e+00,-8.529513484100373688e+00,-9.613565878250543761e+00,-1.629732049852925968e+01,-1.661662204199788917e+01,-1.621716435750325402e+01
-2.146810240654428981e+01,-1.856060805796564495e+01,-1.159312944958923808e+01,-1.100650101305319772e+01,-1.364039744541143939e+01,-1.208465984773737034e+01,-1.396798438226088379e+01,-1.174286172597524747e+01,-5.894608082538450589e+00,-7.016683881702949321e+00,-1.439571925586449375e+01,-1.329146774660503283e+01,-1.173714873137747361e+01,-1.310557736864515199e+01,-1.772640571978947577e+01,-2.162075105492982630e+01,-1.893537503341707051e+01,-1.272827679741407891e+01,-9.913418948017614696e+00,-8.468129344252897539e+00,-7.129851351751137045e+00,-1.290356020006151461e+01,-1.291075021597989725e+01,-7.404227739686419341e+00,-5.102839396764265345e+00,-6.259385038586432692e+00,-1.067683609326680561e+01,-1.850972874655591838e+01,-1.962286668319864091e+01,-1.620032802103937541e+01
-2.214230237543709379e+01,-1.704943909817187375e+01,-1.264949139617304397e+01,-1.477001484336367021e+01,-1.359455421788424268e+01,-7.326180600499903939e+00,-3.275256507889606983e+00,-3.076486294531518340e+00,-6.393764735280581313e+00,-1.026974581659725949e+01,-1.346095378839286205e+01,-1.734861915329206283e+01,-1.967540657343125332e+01,-1.598169133820098509e+01,-1.416587826552664353e+01,-1.477875947851031135e+01,-1.461892112096150775e+01,-8.677574739587788244e+00,-3.047380842410834845e+00,-2.439858799914961907e+00,-5.081784977401643921e+00,-1.042866090503214771e+01,-1.526919938348660821e+01,-1.279513198554895403e+01,-1.077582516386756950e+01,-6.668037504147571681e+00,-6.343010334958442797e+00,-1.059524326314338971e+01,-1.518851216026678763e+01,-1.706454547246297082e+01
-2.420304383036943463e+01,-2.195029095327778279e+01,-1.275595303857402385e+01,-4.368570285008908094e+00,-8.480119367323879498e-01,-1.407671440987908973e+00,-6.881476451771337821e+00,-5.128680256521626291e+00,-7.149490331641681351e+00,-1.007624224239600430e+01,-1.050081940466684394e+01,-1.658354536692301551e+01,-2.346331144037267080e+01,-2.298576848420874086e+01,-1.211172595196215696e+01,-6.997584999999675759e+00,-5.200699607784327938e+00,-4.090770992630353042e+00,-5.742694110311013844e+00,-1.063180292943480687e+01,-9.858795294589551617e+00,-1.147347228137297748e+01,-1.848268134021961373e+01,-1.807877795812683885e+01,-1.688624261645501434e+01,-1.485203785906425189e+01,-1.058258131658955037e+01,-9.867492821059661523e+00,-1.620705050571708838e+01,-2.158686049273059737e+01
-2.415463874800696331e+01,-1.811965161524001289e+01,-1.669111615280183614e+01,-5.530246764864385156e+00,-1.487325380488067617e-01,2.438306907395043355e-01,-2.289207795904771192e+00,-5.127468942583493394e+00,-9.321923783883420356e+00,-1.140579975638419974e+01,-1.747651954213525016e+01,-1.733253357213014212e+01,-2.035583590448788627e+01,-2.334671498762321207e+01,-1.481843311568987076e+01,-7.803915057212683415e+00,-9.745570129649653524e+00,-9.449226390024659139e+00,-6.298836596199408611e+00,-1.087469810639723633e+01,-9.872261936877183786e+00,-6.107690388989296615e+00,-7.288812145938792675e+00,-7.548470449548871031e+00,-9.083559743411475651e+00,-1.137863578158579081e+01,-1.212449219778591392e+01,-1.668689749448415682e+01,-1.924139044087403860e+01,-2.146394672312807472e+01
-2.381151263526544071e+01,-1.577214716650118476e+01,-1.115032066256124210e+01,-6.534170859938214448e+00,-8.029162627441172262e+00,-1.003338305554066068e+01,-1.011946467014381668e+01,-1.154102962285343459e+01,-2.127265452123751288e+01,-2.140125788548949259e+01,-1.969219174455938415e+01,-1.630510450776215592e+01,-1.326173261573613260e+01,-1.405523486147514056e+01,-1.297382295511330774e+01,-1.310765008460690773e+01,-6.416873087042709756e+00,-5.776395171564349340e+00,-8.405898617078291224e+00,-4.861922589330410105e+00,-2.378441978582119809e+00,-2.030792725052993131e+00,-5.745386271213523521e+00,-1.303919536141073543e+01,-5.023263970188274641e+00,-1.772004621401488400e+00,-3.306234961162042296e+00,-8.098320756748224269e+00,-1.356551798842768264e+01,-1.688638647245500124e+01
-2.444625962210815118e+01,-1.771372200627742188e+01,-8.210612506623480300e+00,-8.524108531368765895e+00,-1.486492759153848020e+01,-1.679231083620885201e+01,-1.734948470182479596e+01,-1.854823073814375789e+01,-2.065022168898531874e+01,-2.280736933341704642e+01,-2.331464691324092442e+01,-1.803336259513903528e+01,-1.347908543325533515e+01,-1.294839038464167480e+01,-1.581998394401210106e+01,-1.404466253734191739e+01,-4.850639123540775088e+00,-3.784403110071304699e+00,-6.602648552381107372e+00,-9.765779509159663974e+00,-1.111631791834618710e+01,-7.108041340884636128e+00,-4.550167783525339793e+00,-8.100422513277731440e+00,-1.482430837853691008e+00,9.503910698738053942e-01,-2.007645716131397862e+00,-9.915442537856456795e+00,-1.366221535636108086e+01,-1.850604010336970973e+01
-2.360865353829288793e+01,-2.077648062209921065e+01,-8.706189601031585568e+00,-4.222057319623902849e+00,-5.227043872932466861e+00,-1.197413775369113687e+01,-2.082234453091955473e+01,-2.253304067235083963e+01,-2.455195874013718438e+01,-2.185032217467160365e+01,-1.827041969481547312e+01,-1.705461622549976397e+01,-2.057074355674144428e+01,-2.318948957722657767e+01,-1.522056099917984895e+01,-9.109333390642882833e+00,-1.746181750759425944e+00,6.412182134623597429e-01,-7.307980981261930076e-01,-4.804829599244832217e+00,-8.958668550361746696e+00,-8.360308704609071384e+00,-2.893299886707667135e+00,-1.183183419502972011e+00,-2.085669836542033195e+00,-2.101492899649968216e+00,-5.072126828608618965e+00,-1.309114858805500603e+01,-1.678255742370702563e+01,-1.422452707857589616e+01
-2.274991082841423662e+01,-1.668361620791651845e+01,-7.073157606863924585e+00,-3.045731066660896325e+00,-4.202105509500848157e+00,-1.184881154341809051e+01,-2.214274247892343439e+01,-2.213731288403715425e+01,-2.293682135847217296e+01,-2.129557001211081513e+01,-1.808663961284985788e+01,-1.845258236133875229e+01,-2.189454518457886678e+01,-2.364102026054560568e+01,-1.276076493597334327e+01,-6.109296624068242032e+00,-6.731505770876908379e+00,-7.486042562181094873e+00,-8.114168577671303950e+00,-1.077798324177978984e+01,-1.164786079937232266e+01,-8.403856238488685904e+00,-6.859287037844364221e+00,-1.238099630521867489e+01,-1.809096091061893929e+01,-1.258875492575821653e+01,-8.738444664422621244e+00,-1.119005071939682949e+01,-2.284471612877653257e+01,-1.718697094158002514e+01
-2.321009931949040350e+01,-1.718346455142756213e+01,-1.011877141990985507e+01,-8.973978023620167832e+00,-7.828934272636526970e+00,-6.719761060048567103e+00,-1.107451099245917803e+01,-1.345307229785149694e+01,-1.804720523048611369e+01,-2.162947403853106820e+01,-1.999524629596945147e+01,-1.870165401912292324e+01,-2.208553476596840426e+01,-2.127130722847713784e+01,-1.254878784643363510e+01,-7.721746806632688198e+00,-7.331505644852947867e+00,-8.981463906618186499e+00,-8.252726978050928253e+00,-7.734257503426505309e+00,-6.961751228178635564e+00,-9.185074309634554623e+00,-1.501493156943351615e+01,-1.506172129859843345e+01,-1.162486842863119385e+01,-8.470033285154658032e+00,-9.592931964088650787e+00,-1.404262263506587693e+01,-1.376603447758214926e+01,-1.439014556099148479e+01
-2.270335121114289478e+01,-1.875979904004722698e+01,-1.584146147827180862e+01,-1.433957422867955245e+01,-9.487800290883219745e+00,-4.496588281512007512e+00,-5.018091023094841674e+00,-9.393302204249517118e+00,-1.071508897489802870e+01,-1.444049929965073886e+01,-1.686206986797843044e+01,-2.096344626481365836e+01,-2.256696888949967317e+01,-2.087150285198430311e+01,-1.990128861971974672e+01,-1.026589952355483959e+01,-7.299476632140497578e+00,-1.084232208531373587e+01,-1.653854422457911610e+01,-8.058285706109048263e+00,-3.793281721461350564e+00,-3.689684207715299813e+00,-5.439682233843343262e+00,-3.699726126490916034e+00,-1.985379088583012763e-01,7.139294277046136505e-01,-2.560030662724075867e+00,-7.066109638558325301e+00,-1.160294097446838535e+01,-1.801571755905313310e+01
-2.060343438045234521e+01,-1.688222312117331469e+01,-1.773502457065946913e+01,-1.856425720465917095e+01,-9.075280602570552801e+00,-4.937888522942860625e+00,-5.265013159207224902e+00,-7.698318958282470703e+00,-5.850489726744892316e+00,-6.776184973443389659e+00,-1.304867778664688061e+01,-1.923170418142007065e+01,-2.149150001420590073e+01,-2.135756881576181598e+01,-1.697468484384492271e+01,-1.119238317898630797e+01,-5.946123808052889537e+00,-5.974515331525457995e+00,-8.349339451901851561e+00,-5.337865849968734366e+00,-8.146863390685647133e+00,-7.575458054076841030e+00,-1.075260306120382481e+00,6.980254085303304601e-01,-2.579984643759558050e-01,1.344073606038074686e+00,-3.230199838005750057e-01,-8.246236352530761593e+00,-1.751317774009299555e+01,-1.880644618275312396e+01
-2.304407767682571517e+01,-1.952876886541929480e+01,-1.877190925209385597e+01,-1.922295869636940679e+01,-1.257340405498593761e+01,-8.351987861017764914e+00,-1.069256614879438061e+01,-7.766458369111306048e+00,-8.736103306910035116e+00,-1.116361723229637093e+01,-1.119253384333001122e+01,-1.563760751371930446e+01,-1.631759386406835688e+01,-1.902745549390270341e+01,-1.556749765432564381e+01,-1.550904796077946912e+01,-7.140856141750473007e+00,-2.405599258183610534e+00,-2.874912534435052347e+00,-9.220534898925992096e+00,-6.723515364268276784e+00,-6.168767127514898085e+00,-1.005728278443565316e+01,-1.326352060372662400e+01,-9.157928530830739433e+00,-3.463994517060285272e+00,-1.386903589358059019e+00,-6.480922693912643417e+00,-1.987298864012311128e+01,-1.984130103319819938e+01
-2.002877116658885015e+01,-1.736034096071927735e+01,-1.671250952175974547e+01,-1.529007245223739808e+01,-7.049090944784208723e+00,-3.794062542561006612e+00,-3.510279387083386826e+00,-5.234049140109884313e+00,-8.083095974729825883e+00,-1.036001845378025266e+01,-1.085845837623450372e+01,-1.181664399938725118e+01,-1.018324182291699032e+01,-1.000500909133068816e+01,-1.091355934264553618e+01,-7.494767118158360830e+00,-8.048938876251252594e+00,-7.064516782349335777e+00,-2.430365621934856613e+00,-2.942588342449602212e+00,-6.927519023671524501e+00,-1.572316733236778497e+01,-1.765781070320469581e+01,-1.288419432346481663e+01,-3.520288752164541624e+00,-3.065322449118714210e-01,-1.623281424684200891e+00,-6.446362089452723154e+00,-1.489359509615887944e+01,-1.482551533705109925e+01
-1.799414870997143368e+01,-1.152021473076692892e+01,-1.219710665903273750e+01,-1.194125383067282975e+01,-4.569572350654885540e+00,-5.028155205988833032e+00,-9.634861923200562117e+00,-7.803200525842654223e+00,-1.404011730631445687e+01,-1.283643878948916317e+01,-1.535347810571107630e+01,-1.419364221435190565e+01,-1.050258587474782423e+01,-1.346091312967288189e+01,-1.821055908770065201e+01,-1.209895072013709161e+01,-4.820778925359375577e+00,-1.902368067167580779e-01,1.503249657916739590e+00,-1.737990952426722968e+00,-8.789587546685698527e+00,-7.274864411910881401e+00,-8.090580893296850817e+00,-7.106821578019743235e+00,-7.724962954680314908e+00,-5.457846588294977153e+00,-7.012314139151522241e+00,-1.507987480912745148e+01,-1.670776121378451151e+01,-1.702412902220545732e+01
-2.168799609692486641e+01,-1.331287270847652593e+01,-7.026920751401573462e+00,-4.115417297795066709e+00,-5.191409713270305204e+00,-8.789496691616729862e+00,-8.228327298113747190e+00,-7.439680590624515588e+00,-1.051974140104467992e+01,-1.662598020812761490e+01,-1.332166021897787722e+01,-1.370352385656595651e+01,-1.607577132976232193e+01,-2.110749278503871551e+01,-2.164456733776505715e+01,-1.636900891265545255e+01,-9.738016997679530107e+00,-8.127905247412670064e+00,-2.257446260354630141e+00,2.233431018243104971e-01,-8.679366469662043171e-01,-3.502115435787573450e+00,-6.090456996120971134e+00,-9.075039108847356317e+00,-1.338478919553655544e+01,-1.118960294905741470e+01,-8.309798740783820747e+00,-9.067115950736271301e+00,-1.216743098702400339e+01,-1.238101611673958402e+01
-2.329371626665637862e+01,-1.883238330970650765e+01,-1.331256717633289810e+01,-1.245233429009747361e+01,-1.349618642193496676e+01,-1.221438926243225254e+01,-4.919726538683452333e+00,-1.588342771100200723e+00,-3.356447501039832471e+00,-8.854682831247901120e+00,-1.630055600468013921e+01,-1.784304830223132043e+01,-2.043415575371679438e+01,-2.363044899335079663e+01,-2.050157924619702854e+01,-1.928568397813542035e+01,-1.847304165591100045e+01,-1.340623778446464698e+01,-9.287605561521655062e+00,-8.936654980921220570e+00,-7.688903123954995422e+00,-9.402205300938550891e+00,-1.560854805097964615e+01,-1.456188878385377805e+01,-1.784072804197890605e+01,-1.592022240187205639e+01,-1.636134360955272626e+01,-1.601010796573258332e+01,-1.554121427677745793e+01,-1.765262702468094602e+01
-2.293622865393409782e+01,-2.131386662946891519e+01,-2.050108741650915434e+01,-1.994424904987310754e+01,-1.868629253087782871e+01,-1.075192820393102622e+01,-7.628667973915229439e+00,-3.412375940280846010e+00,-1.695863806591181300e+00,-4.071853197683953596e+00,-1.092876245616094799e+01,-1.787968261378586021e+01,-2.268042671705760327e+01,-2.427935910478012715e+01,-1.802769016156530668e+01,-1.414550399780273438e+01,-1.370425808758745845e+01,-9.307095920963652347e+00,-7.656669412195808988e+00,-1.034308951928610476e+01,-1.094063132279997497e+01,-1.087451958048875156e+01,-7.190936102735514979e+00,-8.676926023135013821e+00,-1.452992646253792408e+01,-1.395130379893470973e+01,-1.312913048191435017e+01,-1.475140545676974568e+01,-1.760638324875234417e+01,-1.273752339579750270e+01
-2.133519902603894636e+01,-2.054118889203243725e+01,-2.083382314329693941e+01,-2.135676170863416701e+01,-1.737814241052939224e+01,-1.723481027842074198e+01,-1.936154718156073429e+01,-1.074003389585296553e+01,-6.468003312493585177e+00,-8.993847176274423205e+00,-1.826744455187690264e+01,-2.025278003959898854e+01,-2.473535107250173226e+01,-2.476781912923112117e+01,-1.774550794188384018e+01,-8.105133946027978098e+00,-5.090657891994322171e+00,-8.120260260413912690e+00,-9.903280819550694503e+00,-3.570187806070736602e+00,-2.247245115091561551e+00,-5.210427492034409802e+00,-7.990497017615413533e+00,-5.614286031186454196e+00,-9.540989859088970348e+00,-1.255646579382019645e+01,-8.326328574219074241e+00,-8.817642452863625024e+00,-1.065161696867325247e+01,-1.127880760666671023e+01
-2.070519497541358689e+01,-1.504208451775228816e+01,-1.400173784770277230e+01,-1.023184041156890345e+01,-9.428412156499874186e+00,-1.217573655689344747e+01,-1.560586244032388059e+01,-1.403230677643146151e+01,-1.155767356969748327e+01,-1.054625806180787961e+01,-1.208706236290577429e+01,-1.648975593826067154e+01,-2.288726171161465217e+01,-2.436199190054729513e+01,-1.713342365742742146e+01,-5.562600240585910072e+00,-2.015550416107279474e+00,-2.822761405884206987e+00,-7.848503760471465363e+00,-8.512605537021741497e+00,-1.912179359478081153e+00,-1.596903280711450046e+00,-4.398033615035616073e+00,-3.823346294035577575e+00,-4.083946116790650116e+00,-8.234943898113922245e+00,-1.436167390483200101e+01,-1.515364138487797696e+01,-1.879439968667971783e+01,-2.044533580731434341e+01
-1.866132177365053835e+01,-1.077346091614660395e+01,-6.139466886054685268e+00,-5.330166272043928899e+00,-6.667277084540915943e+00,-9.981732621567518393e+00,-1.619282710830623628e+01,-1.617697004755591195e+01,-1.624679033822061669e+01,-1.290031484535039041e+01,-1.087959871778062926e+01,-1.657387792583230635e+01,-2.325025816024488634e+01,-2.429351464451751497e+01,-1.591849446144832925e+01,-6.146315737388190037e+00,-2.445123703518562230e+00,-4.445803107251610875e+00,-8.613895218336910631e+00,-1.801788074968900810e+00,1.694991047990423438e-01,-3.806191493175239859e+00,-1.351043260521443301e+01,-1.034618483278148915e+01,-4.483842575879107173e+00,-3.797123981888886668e+00,-6.975573239053130870e+00,-9.307163414681793867e+00,-1.063628875120936357e+01,-1.180878451422268149e+01
-2.044045844553888713e+01,-1.765015690190017494e+01,-8.488008199983342550e+00,-7.426833115818647357e+00,-1.008688799388342794e+01,-5.977992960095658503e+00,-7.666853325508708572e+00,-7.363576768057108701e+00,-6.781321928506191199e+00,-7.587353750905160510e+00,-9.990213949968859808e+00,-1.652877204838325653e+01,-2.257874995837039478e+01,-2.336537262740408494e+01,-1.559840092284411206e+01,-1.233604347123715073e+01,-1.231036097532624574e+01,-6.884245517653771351e+00,-3.384497357125051842e+00,-4.685302673949763297e-01,-7.562967702813621074e-01,-6.817881114290525346e+00,-1.532464544433950060e+01,-9.351872232562669751e+00,-9.844990583488643310e+00,-9.994578876313131133e+00,-6.350044096351429523e+00,-1.118440757435598165e+01,-1.244072851456401274e+01,-8.055281613789293971e+00
-2.278193017834058054e+01,-1.454769376787157320e+01,-8.122932226541442091e+00,-5.566194341440868776e+00,-4.687952155520202169e+00,-5.334165121339689009e+00,-8.018607248672759980e+00,-8.585719504427251181e+00,-1.468123294239084764e+01,-1.890012969990950964e+01,-1.486651000247639409e+01,-1.270620127797379872e+01,-1.723113322612333320e+01,-2.248062651121945521e+01,-1.962960583996621011e+01,-1.356025495954379956e+01,-1.107627673057993434e+01,-1.020941535429336966e+01,-1.171957780449253761e+01,-6.278114460614330206e+00,-4.786698527396864300e+00,-8.117182536236546397e+00,-1.241549966188499710e+01,-7.308535794037416267e+00,-4.054562187625091241e+00,-3.223476370049130235e+00,-4.935537531497372399e+00,-1.138918614843089117e+01,-1.693374883850162504e+01,-1.221119647927091911e+01
-2.420816924668168468e+01,-1.577699785779236308e+01,-1.374577857784911039e+01,-1.511041148706100046e+01,-1.403257794187833341e+01,-9.705378331955831328e+00,-1.155967059611261760e+01,-1.098001516042494785e+01,-1.527127196682486598e+01,-2.176862474510371115e+01,-1.934277913727325071e+01,-1.562656635438307617e+01,-1.231396905024340249e+01,-1.349407636030970536e+01,-1.797562459471878782e+01,-1.351633152890863521e+01,-4.803135707879522265e+00,-2.912591758587510515e+00,-6.677361085061814805e+00,-1.035880509961689100e+01,-7.986533123469909512e+00,-1.243681343649602944e+01,-1.481164231472460813e+01,-1.301938317738267692e+01,-1.014912044521096846e+01,-5.296298078290975653e+00,-4.912116491743966584e+00,-9.984785857473967852e+00,-2.078047628868410968e+01,-1.936876609624064827e+01
-2.283490502707770986e+01,-2.249781697469658681e+01,-2.313998649580969769e+01,-1.900415167231468772e+01,-1.201763438166073605e+01,-8.853272639009350797e+00,-6.462092504379855384e+00,-5.269396286101857285e+00,-8.195936379412430028e+00,-9.630089901055500334e+00,-1.124945287238766944e+01,-1.341052979471324136e+01,-1.052338951054145788e+01,-1.203902112248090717e+01,-1.985755029099255964e+01,-1.467490857017014960e+01,-4.976581753629027993e+00,-1.097831130462289417e+00,-1.690931504479591618e+00,-6.820104033324368764e+00,-8.813893563175403401e+00,-1.453218991488155076e+01,-1.221151773995401513e+01,-1.278313532503294070e+01,-1.713522187615655668e+01,-1.378051467660632667e+01,-1.317895421050409865e+01,-1.247734602646716340e+01,-1.798505061852198139e+01,-2.251054042767567154e+01
-2.368231036961711311e+01,-1.700750130655406167e+01,-1.291461619703126829e+01,-9.800893348746491540e+00,-9.344860040458144113e+00,-1.421038033957187707e+01,-1.243754205987205452e+01,-6.879179281540483970e+00,-5.098786015419443984e+00,-7.625400814028049368e+00,-1.526821873496798787e+01,-1.503941670395512986e+01,-1.259233793938995127e+01,-1.398370312834494733e+01,-1.579793477311508987e+01,-1.736489241897680103e+01,-7.542898892343930406e+00,-7.121825140246413888e+00,-8.721005048151988959e+00,-5.544819562678124925e+00,-4.033347079792848788e+00,-1.583263343749785390e+00,-3.316293789552339000e+00,-8.155666269820713410e+00,-1.593792539948870335e+01,-1.634701485036538315e+01,-1.702564912945854658e+01,-1.505331117484220194e+01,-1.331939213645432929e+01,-1.830871838774144678e+01
-2.362244985058049451e+01,-1.388885942791171324e+01,-5.835234652152739621e+00,-2.840311528201315827e+00,-4.465835173102195021e+00,-1.263559125689690710e+01,-1.626997148206026367e+01,-1.281314779897151190e+01,-1.013096082185230884e+01,-1.527092505614975160e+01,-1.958147500072568192e+01,-1.606135305781273459e+01,-1.794246147746999398e+01,-2.182134763754097406e+01,-1.850620464762305062e+01,-9.233885632452185632e+00,-7.187221528112002211e+00,-8.008856076849999894e+00,-5.229915623831900895e+00,-2.222007359904009771e+00,-3.921906030852537306e+00,-3.328398148756624320e+00,-4.003247032689440488e+00,-1.319711699759124990e+01,-2.123202524772368704e+01,-1.818766180876713534e+01,-1.420938673647092898e+01,-1.256032099389726220e+01,-1.408433683156460958e+01,-1.874822355379724215e+01
-2.252398424492773188e+01,-1.594181688677226916e+01,-1.284483049376501818e+01,-3.992314364120459036e+00,-2.372303720176093478e+00,-5.360180021091631275e+00,-5.743041625701191144e+00,-5.611411572768177258e+00,-9.482740154185366421e+00,-1.890500260614285821e+01,-1.550252768644102019e+01,-1.603716003110201171e+01,-1.976525825856850815e+01,-1.786964323768696872e+01,-1.589891507418039218e+01,-7.186818986941295506e+00,-4.398998087149453617e+00,-6.392803404173732496e+00,-2.962885017346614358e+00,-1.659690721284038606e+00,-3.231405751309071039e+00,-3.380002321592372017e+00,-4.009976239973825685e+00,-1.026651610285360050e+01,-1.982044631609744556e+01,-1.936534821455645883e+01,-2.009513642782871301e+01,-2.042893644806685671e+01,-1.999431084270436898e+01,-2.295638021440769094e+01
-2.451577403844035530e+01,-2.058057883641269470e+01,-9.943087780804644282e+00,-3.605946788362636823e+00,-2.565444021325582025e+00,-5.839219780389670156e+00,-4.162627182695262995e+00,-4.408707290951107360e+00,-1.108836156800547457e+01,-1.871044452833268679e+01,-1.341901299300467088e+01,-1.052519813970901907e+01,-1.077935056726897045e+01,-1.335704964639781167e+01,-1.698246438336220621e+01,-7.551013160409947744e+00,-1.441398388373832606e+00,-4.525155951265263377e-01,-5.177043956765735366e+00,-1.176938975692554656e+01,-5.925781979808887989e+00,-4.896414921415333410e+00,-1.048931339920959083e+01,-7.260458053803494849e+00,-6.213234975332920129e+00,-7.329374429273504354e+00,-1.079431605592148635e+01,-1.612964539112811835e+01,-1.809784219624383539e+01,-1.535897429075463805e+01
-2.538834453590862950e+01,-2.038294617841198075e+01,-8.840125344614566671e+00,-3.920319478476376407e+00,-6.044785755455114540e+00,-8.811090977834794558e+00,-3.493993921138172087e+00,-5.021116299487476731e+00,-1.376315173525719082e+01,-1.667603521488780771e+01,-1.512804496262989673e+01,-1.710522622515441427e+01,-1.445029791753003501e+01,-1.513759171228753075e+01,-1.353916170541394770e+01,-1.576727763963606144e+01,-7.562201320745383093e+00,-3.879206822793574982e+00,-4.129999689868554036e+00,-9.920172922170845453e+00,-9.279819748204225505e+00,-9.624896548609317648e+00,-9.445371924438800804e+00,-6.797881162343764494e+00,-8.455359384765543496e+00,-6.620293966017963605e+00,-6.891871444232397614e+00,-1.408830211724445292e+01,-1.463732163212608128e+01,-1.117370079733004218e+01
-2.177745018086362450e+01,-1.256466844380534553e+01,-7.881790768568682992e+00,-1.080686616543245471e+01,-7.053100785885140667e+00,-3.835054173337932415e+00,-6.605429107216512996e+00,-1.172557483357229025e+01,-7.802927284483697434e+00,-7.448301869086652260e+00,-9.100058114705824153e+00,-1.215503746182548994e+01,-1.626548844234199365e+01,-1.855258291491530898e+01,-1.343121070213884849e+01,-1.113332164869693131e+01,-1.474212519580897762e+01,-1.011420265833536725e+01,-1.019405062259382433e+01,-4.338961934334659709e+00,-3.600600234642150177e+00,-8.519408738790296809e+00,-1.027360199970804189e+01,-6.169686805417329722e+00,-6.069761814838255276e+00,-5.862737122361574293e+00,-7.672392068648287378e+00,-1.529591903463797031e+01,-1.302820414646415870e+01,-1.066990196426456450e+01
-1.985233711842012383e+01,-1.527485488073587838e+01,-9.380302577008613696e+00,-4.806912303223984217e+00,-2.509825586794129926e+00,-3.761051405260770419e+00,-9.930264403106301430e+00,-1.753963255831643409e+01,-1.643564487971570998e+01,-1.500270744493812458e+01,-1.367246994698882823e+01,-1.139093010491373192e+01,-1.512333863049808791e+01,-1.917557272536486224e+01,-1.410656085186450071e+01,-7.062639991442362764e+00,-1.578014046591933894e+00,-5.711585788042412570e-01,-1.143667333816710041e+00,-2.202161032911152727e+00,-5.287954995634069455e+00,-9.710524379321217481e+00,-1.656796274772368704e+01,-6.966975784858574272e+00,-2.122642757786307399e+00,-3.210496243777548386e+00,-1.191282666463507667e+01,-1.965111593987531791e+01,-1.666705883738847760e+01,-1.566082156236004685e+01
-2.141859450208659865e+01,-1.823800980918220205e+01,-1.007950685383661060e+01,-4.719545695685530617e+00,-4.607845059752211370e+00,-6.870805443978360572e+00,-1.259247260286043613e+01,-2.295910748605262341e+01,-2.343239728559101209e+01,-2.459528533870753719e+01,-2.230192496062843688e+01,-1.424760900080330472e+01,-1.332064525640694264e+01,-1.681878464591477851e+01,-1.724467393142149518e+01,-1.243869741960189401e+01,-1.716592267511566794e+00,2.448208758718237288e+00,2.253182440413846077e+00,-4.063851662386987584e+00,-9.532445936445977708e+00,-9.086852437118562165e+00,-1.425082444233499501e+01,-7.815784281732677030e+00,-4.448579277708778257e+00,-5.463535591295570093e+00,-1.259875870257173069e+01,-1.823034634559776990e+01,-1.784343415157050927e+01,-2.202291835290864341e+01
-2.397017333765698055e+01,-1.818849874605798433e+01,-9.742995800739134182e+00,-9.626920306252319648e+00,-1.496156800223510430e+01,-1.521026535601119889e+01,-1.491479098771534595e+01,-1.244404123188836842e+01,-1.461326373762385877e+01,-2.186012156703163356e+01,-1.653819368447467753e+01,-1.055558030114305446e+01,-8.791891104096819731e+00,-1.224787373654148936e+01,-1.390877453182406676e+01,-9.617068969013837787e+00,-1.101967040444635337e+01,-5.847509128518102450e+00,-4.261592081423667189e+00,-3.470446038412843826e-01,-1.885312798402357215e+00,-8.979769155478022569e+00,-1.922970125275305975e+01,-1.523608292034983336e+01,-1.501628019349084120e+01,-1.126324379165714262e+01,-9.057615941244073099e+00,-1.233814039351833891e+01,-1.615353548653312998e+01,-2.342593017302754177e+01
-2.461670264671309383e+01,-2.145401837618234708e+01,-1.134620003487653861e+01,-7.051021898374941976e+00,-4.363850518839627490e+00,-3.070274429447205300e+00,-3.035765264580726264e+00,-5.012155171918768026e+00,-1.194975423104190959e+01,-1.544996062762671407e+01,-1.360859530949035801e+01,-1.621610162718787151e+01,-1.279945777783727934e+01,-1.069009955319123151e+01,-7.810748402480107266e+00,-5.362784984005484645e+00,-4.191705197665341665e+00,-6.060043179052397200e+00,-7.038865473619692281e+00,-3.382308512103532117e+00,-2.547147181458502274e+00,-4.051237899422519106e+00,-8.516775472908262756e+00,-1.005096982897213742e+01,-1.399030629135747361e+01,-1.640241826719539020e+01,-8.560307853034601067e+00,-7.319410072516990162e+00,-1.269054197607020207e+01,-1.571945974325678108e+01
-2.293112806858783514e+01,-1.611448863003157683e+01,-1.472081601594410571e+01,-1.660687096306219601e+01,-1.132900235455506888e+01,-3.366831718342904622e+00,-2.403693409018700766e+00,-5.138877015774417245e+00,-9.662701920592354554e+00,-9.763090745152435801e+00,-9.759748319152054208e+00,-1.307680818634681152e+01,-1.649442560151377535e+01,-2.025769811780083174e+01,-1.118024196341285759e+01,-6.124419937214780951e+00,-7.927574095452667002e+00,-1.391954211469921532e+01,-1.351216131258922104e+01,-9.731738359811705763e+00,-1.367414469425339085e+01,-8.623747428258260683e+00,-5.606265583109197870e+00,-8.146791292097411485e+00,-1.669077315401372985e+01,-1.612505146399172062e+01,-9.297928795946125646e+00,-6.261241858172568620e+00,-7.292465917623726313e+00,-1.319300510118974579e+01
-1.824604060847288522e+01,-1.100686275275649528e+01,-8.565371509317126097e+00,-7.970757170910541589e+00,-3.300460955915051287e+00,-2.484734577791183785e+00,-7.782328786364026918e+00,-1.130609301953811752e+01,-9.881400956216637610e+00,-1.268246509973157465e+01,-1.707487456307542928e+01,-1.891980526958554520e+01,-2.295826917595670835e+01,-2.061335011905418924e+01,-1.256343307717843594e+01,-1.081361697231381847e+01,-1.372823447634459981e+01,-1.941600005236907123e+01,-1.271261904042237845e+01,-8.685026723614670985e+00,-8.839588202741747835e+00,-1.362304468620608056e+01,-1.277978831997849163e+01,-1.360829061864541067e+01,-1.210146631657950778e+01,-1.165596347148757594e+01,-1.468201703681054937e+01,-1.177706956762163948e+01,-1.291128462590988946e+01,-1.924810295955390771e+01
-1.896530120590436752e+01,-1.036858988415663418e+01,-8.842981076797356010e+00,-5.216678701704981158e+00,-1.720244556920990542e+00,-9.445139286029221592e-01,-4.449905864878571649e+00,-1.239595748613847626e+01,-1.040829610520867021e+01,-1.086114986383231518e+01,-1.515039803571761823e+01,-1.704328606234993870e+01,-2.294086514815150224e+01,-2.036402712860431308e+01,-1.865734592162373318e+01,-1.800436312681550532e+01,-1.603616127289530979e+01,-1.665914814335525307e+01,-1.177689053298561461e+01,-1.426655615363151419e+01,-9.231499015905296091e+00,-3.302744226549967799e+00,-2.268290568002738983e+00,-2.806294795250294793e+00,-3.161986057118625570e+00,-4.002401155524446530e+00,-6.492092721274956624e+00,-1.075113551226897357e+01,-1.902758934037194294e+01,-2.298949388637664271e+01
-2.394644741495703499e+01,-1.339829024337153029e+01,-1.034261025795258249e+01,-6.850713245428291742e+00,-6.719633539264622257e+00,-9.394485913011425993e+00,-3.824615721743071628e+00,-5.718118227211532734e+00,-1.071430844308970620e+01,-5.781552121391215771e+00,-5.780981148377598799e+00,-1.103500054596336000e+01,-2.151823614003045648e+01,-2.085055730499786009e+01,-1.484586902181054313e+01,-1.067558843871843521e+01,-7.094075078417541036e+00,-6.031289300088416461e+00,-9.693225593323919753e+00,-1.573938647551647918e+01,-6.423436963127929999e+00,-7.270688540376366582e-01,-4.310698129989072314e-01,-4.838446394931881223e+00,-9.670344516476754748e+00,-1.475709135112236048e+01,-1.170182888472409211e+01,-1.114219829433789499e+01,-1.935116666846467837e+01,-2.039077258059426612e+01
-2.131115108133627700e+01,-1.053182339010218449e+01,-5.088336631244408714e+00,-4.467168408088117104e+00,-7.392354123911280439e+00,-7.098959363822977764e+00,-2.853496004315192014e+00,-2.640792682039256878e+00,-5.426784688500082332e+00,-7.941795168915119163e+00,-8.637408707045699074e+00,-1.308605881709202023e+01,-1.845940882688874751e+01,-1.765709093219408743e+01,-1.783942583007164728e+01,-1.003610730626780523e+01,-7.372595762244708695e+00,-7.746163849111828092e+00,-1.249356795572171563e+01,-7.597702942076762334e+00,-4.086645016245022077e+00,-6.172426323855252583e+00,-8.447569476571052505e+00,-1.449193702483126600e+01,-2.160168523241759786e+01,-1.610662370021682221e+01,-1.510964934638604440e+01,-1.605170608731085480e+01,-1.326113341669621271e+01,-1.704951926148368102e+01
-1.634127004080770362e+01,-7.126339096425698294e+00,-5.346068163586270572e+00,-1.042213520021701889e+01,-1.271604537660149248e+01,-7.045377193489398948e+00,-4.411323412968094715e+00,-9.112003692902323593e+00,-1.114550111248234998e+01,-1.281095431564719789e+01,-1.040890797333605988e+01,-1.018939395467187126e+01,-1.149420016586400983e+01,-1.204095749338721077e+01,-1.269714531422673787e+01,-1.490563734828033837e+01,-1.925184391815444584e+01,-1.540387079518312063e+01,-8.301949663526693612e+00,-4.653617480757889169e+00,-5.585548990597897223e+00,-1.207616397782748940e+01,-1.568100540298818224e+01,-1.083735608447129550e+01,-9.380084928686704515e+00,-7.700601728099166543e+00,-1.057306299290586260e+01,-1.612807842627199406e+01,-1.862430115515512696e+01,-2.106347091537119098e+01
-1.604383635470315284e+01,-1.300687652332767641e+01,-8.372461959814570420e+00,-4.784344926761214367e+00,-4.507489303874361752e+00,-8.175496662245182122e+00,-8.947811979650186487e+00,-6.021562697274922549e+00,-4.895883952736094891e+00,-5.329889294448172166e+00,-1.082353706319367603e+01,-2.087192087112718397e+01,-1.830595802096551239e+01,-1.894810542331379821e+01,-2.232096448926662546e+01,-2.118332659767944648e+01,-2.138484078911459463e+01,-1.685099130375370180e+01,-1.110193939067249325e+01,-8.416852934345318005e+00,-7.304815893213713274e+00,-6.415795874949979272e+00,-7.999872234976216134e+00,-4.928328578639182389e+00,-3.388045147219534314e+00,-5.041271052036568889e+00,-7.843602714012130050e+00,-1.438567053841430976e+01,-1.505971597562170317e+01,-1.481292415626995584e+01
-1.826921998163697225e+01,-1.668919061348949384e+01,-1.263131488204761688e+01,-8.876617929738038981e+00,-1.039061655360422343e+01,-1.684875510958855926e+01,-2.135882158947598342e+01,-8.666118609171258313e+00,-4.684391776973781063e+00,-7.540971751931873079e+00,-1.647863782186163917e+01,-1.630068914854855677e+01,-2.118674538444308553e+01,-2.104860930837643451e+01,-1.636724720487169549e+01,-1.565442207461962454e+01,-1.795818409545153216e+01,-1.310436441032749855e+01,-1.332744259743174098e+01,-8.721388405042596048e+00,-9.620429759192617780e+00,-6.907494360727362448e+00,-6.765700271428263690e+00,-6.927672990315026702e+00,-9.207352322884172935e+00,-1.802423310634183906e+01,-1.422496866218097189e+01,-1.067858677355853381e+01,-1.451482298014776440e+01,-1.884869513744508041e+01
-2.182878571407050927e+01,-1.415498904614944564e+01,-1.188485026106459763e+01,-1.589349582493937874e+01,-1.227100857149516955e+01,-1.397235125847429771e+01,-1.562619073831351635e+01,-7.148185779587731936e+00,-5.441820575426591589e+00,-7.346557683499248981e+00,-1.335974394946088140e+01,-1.884551099505900496e+01,-2.083692599659006461e+01,-2.114193068947761844e+01,-1.233636977465036288e+01,-8.465095825762253057e+00,-5.699686004604250122e+00,-2.823637608189586423e+00,-7.495879790016041211e-02,-7.560048886795277534e-01,-5.077764233831324248e+00,-5.638701267809372197e+00,-9.305251987623307741e+00,-1.016986635941102435e+01,-1.259685833135228172e+01,-2.215340937879687999e+01,-1.886460066752828624e+01,-1.989235133274345557e+01,-1.655409523585293030e+01,-1.351125570163605261e+01
-2.277321189426819004e+01,-1.942008592723028571e+01,-1.165786369388523624e+01,-5.584339030988656916e+00,-3.752110551876627120e+00,-3.859867142011152552e+00,-5.331978025203550686e+00,-1.231835727732146069e+01,-9.477631707100352187e+00,-8.153410902448520403e+00,-1.421296733098931142e+01,-1.942943338122843855e+01,-2.168050902664281665e+01,-2.147845055242000001e+01,-1.349875772075288616e+01,-1.420807418398037036e+01,-9.835273669783477501e+00,-1.705195608056464751e+00,-1.528070149039777892e+00,-4.311398241688960020e+00,-7.337560443614951744e+00,-5.407300288763268625e+00,-5.308382805328096588e+00,-8.119648378366118635e+00,-1.463587700485423859e+01,-2.293238059932765438e+01,-2.736589743984732692e+01,-2.618874360345731134e+01,-2.029877534489722635e+01,-1.457328405805454175e+01
-2.065166622007981445e+01,-1.057389913141853910e+01,-7.068612596285064775e+00,-1.077350955708011782e+01,-8.201488471081809450e+00,-8.057592148487229267e+00,-1.125833397711411621e+01,-6.882487420063869266e+00,-7.355951612922036809e+00,-8.614251075023805271e+00,-1.264549444891085273e+01,-1.769040801823771858e+01,-1.482435061217872985e+01,-1.836693715542997651e+01,-1.633751226939466505e+01,-1.265675044920287640e+01,-1.135663621997630734e+01,-3.622387502983117624e+00,-2.313953190531300663e+00,-4.116863665557040974e+00,-2.416377539499297011e+00,-6.762270131688208785e+00,-1.680681834757454496e+01,-1.511552584905280128e+01,-2.235020754949808719e+01,-1.961505770227711665e+01,-1.797951633915020508e+01,-1.756132155416371177e+01,-1.758071997211237658e+01,-2.114835645590618185e+01
-1.988757396301139835e+01,-9.637757721473709793e+00,-4.862391212690154951e+00,-2.456244819799553003e+00,-2.638862200130781765e+00,-5.005527298668134506e+00,-1.062213996615885669e+01,-1.875445467347552153e+01,-2.027391701797517598e+01,-1.960777654870553732e+01,-1.178467271788611193e+01,-8.564021774664553277e+00,-8.234198291843357609e+00,-9.579629924393509910e+00,-1.321680094583272513e+01,-1.504994087462212704e+01,-8.045464309157839722e+00,-2.715889756629073393e+00,-1.158394723628388551e-01,-6.964477310955698997e-01,-5.977959467125799620e+00,-8.640181479180695234e+00,-8.093398906116526348e+00,-1.224447981820238063e+01,-2.133165502649456968e+01,-1.873404846879833485e+01,-1.359793112384285863e+01,-1.181237001986007584e+01,-1.365717994078455888e+01,-1.762012617552609584e+01
-2.140239462680371219e+01,-1.752789674544283827e+01,-1.413553717688137290e+01,-8.365587266893649954e+00,-5.627646832076353967e+00,-5.151271911183739505e+00,-1.117925058352719425e+01,-1.678282545984677299e+01,-1.882670262816605344e+01,-1.881595374064840342e+01,-1.897528510691000747e+01,-1.963258825694932597e+01,-1.455929919463560651e+01,-1.483827861048866481e+01,-2.200613906884649040e+01,-2.072929195031492000e+01,-8.875432421447365883e+00,-4.896966861058698939e+00,-7.680587056336129592e+00,-4.084947099118254599e+00,-1.169334171643142462e+00,-2.474237823411980397e+00,-6.371472526760871169e+00,-1.630577711846418509e+01,-1.848224757127701068e+01,-2.153383487450342670e+01,-2.220166743130694087e+01,-2.250058761523787254e+01,-1.807755397788531582e+01,-1.704826728857246820e+01
-2.405018347843437354e+01,-1.894294481419200693e+01,-1.690528836219933240e+01,-1.882785608409063727e+01,-1.978332178759726645e+01,-8.945256888233679149e+00,-5.454614021722425043e+00,-8.086875331376514708e+00,-1.463546240355052319e+01,-2.553601040809776990e+01,-2.362307569175768762e+01,-2.371587403210358502e+01,-2.025904907947386491e+01,-2.169217438707939039e+01,-2.069579935985006358e+01,-1.722145426804852164e+01,-1.593203151403212559e+01,-1.347158520489994338e+01,-5.653899055630791537e+00,-1.308530038370970372e+00,1.874424882968771522e+00,1.582866041510536004e+00,-4.324990886886408425e+00,-1.562403571074175979e+01,-2.122082416267151928e+01,-2.217808593255952232e+01,-1.921299931552506379e+01,-1.757155517003085876e+01,-1.325553212297443650e+01,-1.220105434729541649e+01
-2.758902867432612638e+01,-1.838280189012013111e+01,-1.120161674179595579e+01,-1.171090196196440658e+01,-1.330890271111911538e+01,-1.048541421647284366e+01,-9.984108576602491070e+00,-9.685001949342700200e+00,-1.823414241685482651e+01,-2.145094458869561649e+01,-2.235442905871478203e+01,-2.104792378460019364e+01,-1.702078080025448159e+01,-1.447902387671662972e+01,-1.204978895997292376e+01,-1.248685049757582810e+01,-1.138839821046071954e+01,-9.337601410861733342e+00,-6.150504452660838339e+00,-9.331701236166011881e+00,-2.685558682909698014e+00,-1.157422903766994020e-02,-1.569321974737998726e+00,-1.020034235348873608e+01,-1.893323227807468001e+01,-2.055998663689680228e+01,-1.501921766933109126e+01,-1.227059241819280544e+01,-1.551803665201628490e+01,-1.175739780251893762e+01
-2.730203080227926904e+01,-1.840191088411205556e+01,-6.573043881960987989e+00,-2.498129936034006349e+00,-2.610312626536959169e+00,-6.055553817445305853e+00,-7.875574000575233491e+00,-8.820043831114556809e+00,-1.540140209278989580e+01,-2.404168350478899185e+01,-2.301320665606521132e+01,-2.077746206433403486e+01,-1.426902783954725606e+01,-1.408890282576251174e+01,-1.629741242281190949e+01,-7.616209386513744128e+00,-4.913374573561795522e+00,-3.869543227673589492e+00,-2.628298822228822385e+00,-5.437073750354175949e+00,-9.645809168522019306e+00,-4.982960911566538087e+00,-8.454097800700274945e+00,-6.906466672374944160e+00,-5.237808846744003155e+00,-6.755475630932299858e+00,-1.232324459092126112e+01,-1.742192954166679542e+01,-1.448817340786036922e+01,-1.231578714528660790e+01
-2.050252403777622590e+01,-1.487999300845362782e+01,-7.130375442484634618e+00,-3.147182507752865899e+00,-5.686624666181592680e+00,-1.025333054050518378e+01,-9.263975371727264374e+00,-1.172287093201007480e+01,-1.262215159653098695e+01,-1.892599520916138900e+01,-1.757720260053176986e+01,-1.485917623483451244e+01,-1.654332824877113239e+01,-1.746911410920938934e+01,-1.081115428049852945e+01,-9.187638694819877827e+00,-1.334507127020768991e+01,-1.641159985981676073e+01,-9.604758095589412292e+00,-5.596981447466872872e+00,-5.144481173239948468e+00,-8.886383310245101086e+00,-5.739071781215141499e+00,-1.789299230524309170e+00,-9.337130793164664100e-01,-3.696021571597222888e+00,-1.138341645728757179e+01,-1.873682289164030834e+01,-1.946524148078481176e+01,-1.651367998021929751e+01
-1.668947252245212454e+01,-1.365448955669524622e+01,-8.669819694668877474e+00,-3.720212356047012836e+00,-3.323695865279803208e+00,-6.018624690434482005e+00,-8.924676909315104822e+00,-1.153016652878682358e+01,-1.360566228615503626e+01,-2.278742278356207862e+01,-2.197750230453070230e+01,-1.596231348600610289e+01,-1.611248421922104512e+01,-1.967707186089452875e+01,-1.361437549611312292e+01,-1.199444472460736577e+01,-1.727214916294041203e+01,-1.687447461656704206e+01,-1.500860464901934321e+01,-1.372253283320465478e+01,-7.390794278709751808e+00,-5.485277183749366792e+00,-2.972158597651750611e+00,-1.533671088026334228e+00,-6.796995840634510344e+00,-6.364044492791412821e+00,-4.471641732628937937e+00,-1.069688668979960688e+01,-2.158905924454869307e+01,-2.298012798860068173e+01
-1.945126540797531334e+01,-1.099502476208275858e+01,-6.530456777337756868e+00,-5.300344825297151452e+00,-9.359312849692731362e+00,-9.486556284493447677e+00,-5.658380709889081928e+00,-8.183311930127963763e+00,-1.743119911631201546e+01,-1.967957089053597386e+01,-1.502153330598414094e+01,-1.129032846215930519e+01,-1.076254472104860227e+01,-1.139801630801709109e+01,-1.192444946912696579e+01,-1.349567425478795535e+01,-1.826704509192464698e+01,-1.738998579928323096e+01,-1.123212620356533442e+01,-9.795316923955443400e+00,-1.237239734179907735e+01,-1.190410028141774923e+01,-1.309612574420410525e+01,-6.201555029949817666e+00,-1.334433108316576355e+00,-4.283516292526518554e-01,-2.473886744429667939e+00,-6.558871720500306424e+00,-1.366583298219490494e+01,-2.118134959032581222e+01
-2.295446548137948284e+01,-1.683199251583933531e+01,-1.880361163388392143e+01,-1.991371198520538854e+01,-8.468134826409082550e+00,-3.497883114655306436e+00,-4.269274663899860656e+00,-1.047741771351759610e+01,-1.060579982279718791e+01,-1.033603139946162131e+01,-1.393717530325466392e+01,-2.076274057052191324e+01,-1.681671553204773417e+01,-1.381129845945192258e+01,-1.811791389408638153e+01,-1.761817369035854597e+01,-1.767232420085089117e+01,-1.974110227532194273e+01,-1.601576835081582217e+01,-1.204070192385631088e+01,-1.352783638656518939e+01,-1.933950794325259537e+01,-1.760198175223769823e+01,-1.068959418780737813e+01,-1.014937156147764519e+01,-8.602682674007050778e+00,-1.090523326574110996e+01,-1.710041919939077459e+01,-1.290770346850093553e+01,-1.336990132807672893e+01
-2.364020201608127181e+01,-2.278854628074953936e+01,-2.357726579411014711e+01,-2.160574077800580639e+01,-1.150752507754445375e+01,-4.421487208511166500e+00,-1.560946488068804872e+00,-3.013546705405146575e+00,-7.570165452936905126e+00,-1.010127384849920951e+01,-1.151659858100227041e+01,-1.416445700934991159e+01,-1.443539509196190274e+01,-1.063991869483024466e+01,-9.123890550779435671e+00,-9.986964502152364531e+00,-1.283235153777331128e+01,-1.929863841670334068e+01,-1.892743331763395176e+01,-9.688353654432194872e+00,-4.738854109608190868e+00,-4.691072301595074379e+00,-6.172505584302221848e+00,-1.049545417368538480e+01,-1.739617532985225523e+01,-2.063822432637467585e+01,-2.209746863938188000e+01,-2.038736486131218584e+01,-1.860730415190354492e+01,-1.498916526154601137e+01
-2.615951062868608190e+01,-2.511394462868919319e+01,-2.581484906182420858e+01,-2.472746499581954538e+01,-1.944962318485203312e+01,-1.044484815273568401e+01,-7.133948234742360839e+00,-8.975548784191188290e+00,-1.927393147494889192e+01,-2.096753887613867562e+01,-1.738189480208540516e+01,-1.690191152698168509e+01,-9.707428436117313097e+00,-8.143106982966138219e+00,-1.266111359221667065e+01,-1.514386721123049462e+01,-7.889009459509717992e+00,-6.605508095139910552e+00,-5.683329939589126134e+00,-3.985209183581568837e+00,-3.965377444484431191e+00,-5.299950325185326605e+00,-6.208965699384166648e+00,-9.204200103277866418e+00,-1.568498969229922935e+01,-2.358167070846395674e+01,-2.557543860878914188e+01,-2.429782560474047415e+01,-2.651738849769478890e+01,-2.061910632512119079e+01
-2.469604452096732672e+01,-2.064108651965034014e+01,-2.108834499310535904e+01,-2.120064319926462204e+01,-1.791174214357023686e+01,-1.248183483075184341e+01,-1.441592943288718054e+01,-1.178357964412422021e+01,-7.991064526725979889e+00,-9.476251195190817711e+00,-9.999676258953765995e+00,-8.586675442454668072e+00,-8.735300506502706952e+00,-1.387862644175308802e+01,-2.190320867591096743e+01,-1.320501793215482422e+01,-7.501325677154929927e+00,-5.774946101911508478e+00,-8.669233290253171020e+00,-1.513672199725092327e+01,-1.662210074301231799e+01,-2.288855927866229223e+01,-1.876196822796151409e+01,-1.583714876255918291e+01,-1.828717752120550699e+01,-2.312209613054927360e+01,-2.145251298001364404e+01,-2.232918155370497715e+01,-1.923460938318013547e+01,-1.632109463442662545e+01
-2.734876433046506961e+01,-1.703286366958780107e+01,-1.048125377784615608e+01,-9.795758498955178695e+00,-1.186846157446535344e+01,-7.169592692846958215e+00,-5.116735828656805651e+00,-5.658566244595117034e+00,-9.546225773554192884e+00,-1.105039133691484032e+01,-1.356109954748943380e+01,-9.387159037741886536e+00,-9.044836660858932120e+00,-1.571550337068594239e+01,-2.197184370125934549e+01,-1.404662123151645581e+01,-1.679062866709034907e+01,-1.682163731965795961e+01,-1.091803878229388225e+01,-9.047375807590039898e+00,-8.178131602625430929e+00,-9.471425523930040669e+00,-1.261020106317637612e+01,-1.047557877172417307e+01,-7.665177405070346950e+00,-9.898887769684924010e+00,-1.626734196608233773e+01,-2.193888764877481279e+01,-1.595908051792476812e+01,-1.550317836364616575e+01
-2.636611099607625519e+01,-1.532729019480905741e+01,-8.153952824841638858e+00,-5.313997411930383663e+00,-4.773369242937448576e+00,-9.288058991138596454e+00,-7.435426616871179561e+00,-6.387363140243886406e+00,-1.256742414193042023e+01,-1.677188009213490005e+01,-1.191745704804762696e+01,-6.688833797560122640e+00,-7.204724083533965207e+00,-1.216693007819465322e+01,-1.255316074436131046e+01,-1.471721611205179947e+01,-1.477168189188477321e+01,-9.788251976551777034e+00,-1.143774116469543145e+01,-9.774455786763736498e+00,-3.335427398198222981e+00,-1.351145400989982592e+00,-1.319611975994364528e+00,-7.608117582162766679e-01,5.157641098890680675e-01,-7.117964795554816426e-01,-4.954111439098787706e+00,-8.797113093094713676e+00,-1.250082852227925834e+01,-1.420807497668418229e+01
-2.454697850909709089e+01,-1.538389177990567092e+01,-1.434278820527840104e+01,-1.791387668637966257e+01,-1.416092352755763173e+01,-5.631417533394637687e+00,-2.729485219213993119e+00,-1.830510646041538125e+00,-3.264232499584271086e+00,-7.046900910683245201e+00,-1.320208669873053431e+01,-1.226848550662872839e+01,-1.020225157909838742e+01,-1.458831630492159803e+01,-1.130522299825259402e+01,-6.512788320043284784e+00,-4.752205693544602205e+00,-3.334400634856740542e+00,-2.153430257664870950e+00,-4.595179408851955749e+00,-9.771672192652513189e+00,-6.060538500484134339e+00,-8.248760366136101752e+00,-9.577433764554893258e+00,-2.511222451039433867e+00,-1.672082124374467682e+00,-5.510837696824863130e+00,-1.199858543219839646e+01,-2.059327118057607464e+01,-2.452395981790660073e+01
-2.156091874521502660e+01,-1.734893918492991460e+01,-1.767309149156963244e+01,-1.923675283403659719e+01,-1.065264793667317456e+01,-3.484192760253914223e+00,-2.922332769588047441e+00,-9.011484000586653664e+00,-7.325157120982046521e+00,-7.404991532080745564e+00,-1.380289330553350347e+01,-1.320834230921071040e+01,-1.494037511141183749e+01,-1.910110700003913564e+01,-1.753160734237379259e+01,-8.364424788015410783e+00,-6.203497618879735498e+00,-1.042198792384688311e+01,-4.961532091006098710e+00,-2.480329757758006792e+00,-3.538972607843435370e+00,-7.947912110391442297e+00,-1.598546763944524685e+01,-1.257202798900077845e+01,-1.016806941984059165e+01,-1.103916810171366158e+01,-1.450196185689063633e+01,-2.118275793646551364e+01,-1.569230920747080660e+01,-1.519307567612633925e+01
-2.151406945797541681e+01,-1.824380142471086685e+01,-2.080541677333240713e+01,-2.075798405608806974e+01,-1.032236244217858534e+01,-7.466761723698577491e+00,-8.282461267114950232e+00,-5.787422761542528882e+00,-4.586524374672309001e+00,-7.839028329100072412e+00,-1.316767285381406261e+01,-1.195254722623561783e+01,-1.199952098113462995e+01,-1.578391328536274507e+01,-1.674687145216956097e+01,-9.911060314016483019e+00,-5.944625501166989956e+00,-5.312404380735571863e+00,-8.287518415734519195e+00,-1.372802108412335720e+01,-6.683240600452301727e+00,-5.775171679296311034e+00,-1.228282228903152884e+01,-1.397280828613637560e+01,-1.570200553821150713e+01,-1.386277138655352736e+01,-1.170547615545317299e+01,-1.409261008382096669e+01,-1.098755132772360632e+01,-1.063677385253258301e+01
-2.180899768270504779e+01,-1.810161342944815388e+01,-1.966027085492565263e+01,-2.327326112694547788e+01,-1.761595684707544507e+01,-1.516682538965958216e+01,-1.790100947054075320e+01,-1.041553490632658630e+01,-5.484946317733473187e+00,-6.397263688899403000e+00,-1.299063981819557867e+01,-1.146457330537702823e+01,-1.047765378587564911e+01,-1.257858663405076172e+01,-1.813221779193594685e+01,-1.587813899269023032e+01,-1.012227942432314443e+01,-1.218127491215991398e+01,-1.727741196403584567e+01,-1.167140784334478276e+01,-7.133989054685945241e+00,-3.534647560676444922e+00,-3.764235567008866745e+00,-8.266797021189566053e+00,-1.883886629153209213e+01,-1.408306098136172935e+01,-9.922637308732213057e+00,-1.041524258287595828e+01,-1.566937833429648386e+01,-2.284822727008989673e+01
-2.115561329179508832e+01,-2.052798127014419194e+01,-2.161457122916122486e+01,-2.130286534222321393e+01,-1.487692682910117448e+01,-9.850450754671845388e+00,-9.744819421423974504e+00,-6.084296260416634183e+00,-4.051160438298673228e+00,-6.958279771156878013e+00,-1.508128907877928171e+01,-1.492671106626020538e+01,-2.021174676554977623e+01,-1.721621302586452273e+01,-1.828543395145683448e+01,-2.188407268848135701e+01,-1.889092677414037524e+01,-1.069676687054320219e+01,-8.476534692598249876e+00,-1.387901593368271058e+01,-1.461876092594899923e+01,-7.410112306064355003e+00,-4.759929628129217605e+00,-9.200216080732406709e+00,-2.032833236645740982e+01,-1.702128051142277343e+01,-1.721024224510111722e+01,-2.144793057694809590e+01,-2.274966269288599463e+01,-2.607495423335178586e+01
-1.885967374303538335e+01,-1.668264079043313330e+01,-1.629829064650646941e+01,-1.575791452594117281e+01,-1.662082078451816614e+01,-8.513552494616012822e+00,-7.195694845952805174e+00,-1.147873309362213057e+01,-1.241266710692403663e+01,-8.589039399618808801e+00,-9.262234756647908185e+00,-1.155334045021397316e+01,-1.574735776735212589e+01,-2.087967787983564349e+01,-1.411810480105649113e+01,-1.121660934132375509e+01,-1.172806015844810723e+01,-1.008631978875259350e+01,-7.655049110420696579e+00,-3.439556559939293212e+00,-2.789251562484763358e+00,-2.220408704487760954e+00,-3.307522697860648009e+00,-9.672432380117427897e+00,-1.584555727559796345e+01,-1.402917768393352560e+01,-1.561178545536762030e+01,-2.412814235889734604e+01,-2.636949415065174307e+01,-2.409375711307404089e+01
-2.179487573417129198e+01,-1.227082550854693110e+01,-7.089033731229745783e+00,-5.276552989984014452e+00,-5.865076327779490839e+00,-1.121612686462969322e+01,-1.446846938690056028e+01,-1.068225249515217534e+01,-1.618675765464766414e+01,-1.924994394986745760e+01,-1.898080335402438124e+01,-1.750413115313098800e+01,-1.279622224536417896e+01,-1.527010361657274196e+01,-1.681051444703606279e+01,-8.519134216754046918e+00,-5.240212642210051008e+00,-7.670412285312725231e+00,-8.292932755881308182e+00,-8.479349870084451624e+00,-5.237515070635801351e+00,-7.186141314526778956e+00,-7.705559772923747275e+00,-2.080389961521210473e+00,-2.383358581541323407e+00,-5.839499602904997921e+00,-1.478261890735342732e+01,-2.508821992610923246e+01,-2.303386717186864985e+01,-1.975566562725480324e+01
-2.642925146025963556e+01,-1.636386138972709503e+01,-1.263565544160814547e+01,-9.669746907147125370e+00,-6.161584200373121156e+00,-4.976813495032599732e+00,-5.796047713346542452e+00,-9.441213830514572081e+00,-1.574069398527692165e+01,-1.466620259578567165e+01,-1.322246197479798724e+01,-1.649951100703763984e+01,-1.602841132967841631e+01,-1.171541678981416545e+01,-1.124067808159344217e+01,-1.352368387193943100e+01,-1.213513045604568141e+01,-7.032811814812338191e+00,-5.800208586289877566e+00,-6.765512139427687366e+00,-6.070873569277947190e+00,-7.159853568755390363e+00,-9.504019176377864753e+00,-2.680463220773861899e+00,-1.086701138063201455e+00,-5.333398824980810637e+00,-1.898394956305275016e+01,-2.309261045030727644e+01,-2.247896065681603162e+01,-2.102285430284569046e+01
-2.616591482506689204e+01,-2.178757860098674826e+01,-2.341007852858039229e+01,-1.806390230417757792e+01,-1.320042405867526014e+01,-1.597423130083995346e+01,-1.250124962314678534e+01,-9.081738612707505709e+00,-9.192770712441445724e+00,-8.628881998122876595e+00,-1.043935130254984323e+01,-1.463444342684087651e+01,-1.817072182957027593e+01,-1.739308016264767787e+01,-1.421565944728324915e+01,-1.605482063779405877e+01,-2.067955491902215570e+01,-1.568257103249778694e+01,-1.452734656344047259e+01,-1.452023230793622943e+01,-8.001306429536985121e+00,-7.247009686350569524e+00,-1.062861276989023729e+01,-9.773266467319173145e+00,-3.039277886256037675e+00,-3.262508859933055394e+00,-1.106138656093816053e+01,-2.033659836592947556e+01,-2.450567935530547103e+01,-1.968485924342128968e+01
-2.805502214654489279e+01,-2.141757772328240961e+01,-1.401011022134444772e+01,-8.882161961239614101e+00,-5.436664630652992436e+00,-5.604157748369147818e+00,-9.630801289451097702e+00,-1.138162679631745533e+01,-8.106640309538304834e+00,-1.126204807135709451e+01,-1.791362475943919819e+01,-2.456926891707563954e+01,-2.315897145240929333e+01,-2.096921302001694087e+01,-1.501526487152034761e+01,-1.379129491186445655e+01,-1.683403278358929356e+01,-1.643020663494263900e+01,-1.511435833604978640e+01,-1.654998100183571808e+01,-1.106106035876426041e+01,-5.994791885849776847e+00,-4.913943215287162047e+00,-3.771936533557381566e+00,-3.861473104977810156e+00,-7.916355284662509817e+00,-1.097382835116862232e+01,-2.090759293137082508e+01,-2.139344988051493601e+01,-1.496221262026744370e+01
-2.747900591281315741e+01,-1.997360578160376932e+01,-9.059535029081276392e+00,-2.952119138463540793e+00,-1.849525049609337835e+00,-4.771458308281665950e+00,-7.327662319134754298e+00,-7.785074695153854307e+00,-1.179298465368347770e+01,-2.098622443772172375e+01,-2.366238488361334191e+01,-2.103796078343806641e+01,-2.336245316102499814e+01,-2.300361767949065950e+01,-1.582825547520015874e+01,-1.358772474337535385e+01,-1.534972760226822786e+01,-1.319352794452837330e+01,-7.845735498800905816e+00,-5.770163089100216247e+00,-5.015768493563252939e+00,-8.509736753066887260e+00,-8.812272334554393183e+00,-5.825101816477036287e+00,-1.047431030394924711e+01,-2.054128857833311628e+01,-2.197182083737318692e+01,-2.143998764831802006e+01,-2.167810067300330701e+01,-1.510900002578767776e+01
-2.419672840264192715e+01,-2.182818636317162131e+01,-1.232577317839215603e+01,-7.076658881647065691e+00,-6.600551800110284084e+00,-1.298325085083137331e+01,-2.239911743334144489e+01,-1.712729420631554333e+01,-1.367446863575346150e+01,-1.943488604551667720e+01,-1.813740237655153820e+01,-1.875479325418006482e+01,-2.419359476652368102e+01,-2.456672348135849049e+01,-1.734202296060614756e+01,-1.516062205814758457e+01,-1.713203626580045835e+01,-1.338172772786166753e+01,-1.131465058519075839e+01,-1.604054538257056350e+01,-1.634506032623809446e+01,-6.133553661358583931e+00,-3.712209507411705633e+00,-7.651456577762676403e+00,-1.691449901252795129e+01,-2.084211058930480220e+01,-1.840398057099360685e+01,-1.788331868238509870e+01,-1.807907911673219914e+01,-1.341603695916015937e+01
-2.037230350308104576e+01,-1.397195756106366460e+01,-8.943415305670152193e+00,-9.613753859910742605e+00,-1.143683798044856736e+01,-5.961634018998236861e+00,-6.587292194445548255e+00,-8.691161903099901664e+00,-1.507459958698086488e+01,-1.120299431219728703e+01,-1.273382500933993455e+01,-2.013499454530687771e+01,-2.737651082259581159e+01,-2.662279536617789333e+01,-2.117972740853668157e+01,-1.856109868189331991e+01,-1.985541168747434071e+01,-1.460300990224137685e+01,-9.508602738633531004e+00,-8.650471133537859458e+00,-6.832249070618562570e+00,-2.504784347888897145e+00,-3.432856643908595906e+00,-1.001467837801404848e+01,-1.825714832354503159e+01,-1.319855009269309321e+01,-1.082477211800350503e+01,-1.319502010163228256e+01,-1.287460742229615640e+01,-1.163692778690605323e+01
-2.368335982239676696e+01,-1.549665866232222022e+01,-7.529411090660500072e+00,-4.668900941334459098e+00,-5.213233781721434923e+00,-3.593798175802149775e+00,-1.216027078956549490e+00,-1.982231697728046749e+00,-7.070782789505718036e+00,-1.213866732429293904e+01,-1.137213963611869971e+01,-1.548155472182417647e+01,-2.577542882866666929e+01,-2.864520842963216651e+01,-2.686033895213133249e+01,-2.243298049084446788e+01,-2.030206119837021816e+01,-1.329157946013594405e+01,-1.426812070089287587e+01,-7.833193287474840893e+00,-1.825127940848390695e+00,-2.750712758618270470e+00,-8.728317086737121144e+00,-8.470004779771128867e+00,-8.885313718182265674e+00,-6.455522291473015706e+00,-1.092172869704584670e+01,-2.357173375820151762e+01,-2.023312151356108046e+01,-1.738739791898464304e+01
-2.799784913235156125e+01,-1.791645911392892287e+01,-8.536248553330731070e+00,-8.926573123648415375e+00,-1.708933850812810817e+01,-1.358401866019910997e+01,-5.219927695146791891e+00,-5.782516775110977392e+00,-8.405837183039153615e+00,-9.221478129648099653e+00,-8.878243509118471266e+00,-1.441814840320822100e+01,-2.684646277012592108e+01,-2.864184658188222699e+01,-2.579647987309028778e+01,-2.252934744808577605e+01,-1.932001541323975502e+01,-1.019693872022527614e+01,-5.550382857110090384e+00,-2.953737137996395923e+00,-5.281998062715914877e+00,-1.044942035037241190e+01,-7.247549026635042857e+00,-3.607817644273146662e+00,-2.465273270814535067e+00,-5.338867908070801249e+00,-9.729973293919979227e+00,-1.545780560924748670e+01,-1.529928993419477123e+01,-1.306292293127428472e+01
-2.727729618979613946e+01,-1.723862538469318650e+01,-8.804325716257601186e+00,-5.372567416756016456e+00,-5.683229555243393349e+00,-5.945056549809287993e+00,-5.628115699549389284e+00,-6.098660838578663146e+00,-6.474173706048612864e+00,-4.440663480961145382e+00,-7.612840492507707779e+00,-1.663993058437501205e+01,-2.861079306511362574e+01,-2.968138633007203353e+01,-2.346464201042353537e+01,-2.093178567056190076e+01,-1.998266345427041202e+01,-8.757842585792460000e+00,-2.846376298940612060e+00,-2.368850443488473179e+00,-4.726949155457207397e+00,-1.045076044147434757e+01,-8.677376521241132679e+00,-3.528132483458063184e+00,-5.854126354185132719e+00,-1.594994014893874024e+01,-1.622609524919222324e+01,-1.757910523546222947e+01,-2.103863975703083611e+01,-1.671895160796535862e+01
-2.597880315679400454e+01,-1.972235988406365692e+01,-1.437349757419270269e+01,-1.207372586843567497e+01,-1.263639235850858533e+01,-1.233873614232251548e+01,-1.473920784583770072e+01,-8.302510484262130674e+00,-5.370330700449123640e+00,-7.206202435139132056e+00,-1.291227397291017454e+01,-2.094236996118177174e+01,-2.364404031425524622e+01,-2.465795738884344601e+01,-2.004250228784646026e+01,-1.731754658530978475e+01,-1.869324327780689288e+01,-9.412282511433724963e+00,-4.719248715479662515e+00,-7.478481495203232576e+00,-8.440285370354946082e+00,-3.759321253976118271e+00,-1.172058886563283719e+00,-7.148600376142888457e-02,-3.401855547459610385e+00,-1.153571833371512945e+01,-9.909021805299568442e+00,-1.210197674595373130e+01,-2.053530140287557160e+01,-1.927944079275597034e+01
-2.612299353808101188e+01,-2.443275113520855157e+01,-1.851287157824085128e+01,-1.235349736041577273e+01,-1.046144799644526913e+01,-7.796986892724492968e+00,-1.035208812640730791e+01,-1.180201565991541379e+01,-1.113493015001787079e+01,-1.730077012987399954e+01,-2.185868908746480344e+01,-1.627251885651023500e+01,-1.337741477221187303e+01,-1.287212620267442809e+01,-1.836119624054862243e+01,-1.548880999052853547e+01,-1.076874295161787920e+01,-8.214883907079190806e+00,-9.812539400315335669e+00,-3.928366815967924364e+00,-2.625347622134376557e+00,-7.935392655890964875e+00,-2.458708658950835346e+00,1.499929460790799141e+00,4.478124631153549973e-01,-3.637944254783949116e+00,-9.521717795394282646e+00,-1.515654871266358938e+01,-1.312761201473811035e+01,-1.210619447995649445e+01
-2.006678490729848363e+01,-1.338926750940375499e+01,-8.209880302919197348e+00,-5.241246130815737203e+00,-5.325554072730353639e+00,-6.490364068632672456e+00,-6.354978728952428213e+00,-4.871538552508991593e+00,-6.216205171718718780e+00,-1.027798305803043810e+01,-1.271210972569297581e+01,-1.406745670504883883e+01,-1.605349104773972968e+01,-1.273515713442662722e+01,-1.377222353131401533e+01,-1.756363506074164249e+01,-7.660885849322989216e+00,-3.142368435124113457e+00,-2.324773474305773302e+00,-1.345876635732465409e+00,-3.984510668776850117e+00,-8.471894821796700725e+00,-2.705777385689302150e+00,-1.622080086206427962e+00,-7.750782660301577032e+00,-1.198602585276221077e+01,-1.219054181003773074e+01,-1.612095537813352664e+01,-1.555919652987437729e+01,-1.347509826267347677e+01
-1.891967307534187626e+01,-1.013149769088518326e+01,-7.538657346348853316e+00,-1.047768597896438258e+01,-1.724894155818185837e+01,-2.056836923570896047e+01,-1.618196217522752889e+01,-6.870730472471556993e+00,-4.399348877544362324e+00,-8.583302982293876227e+00,-1.968563576716526242e+01,-1.686917075584395320e+01,-1.485932127432205618e+01,-1.242569979386218293e+01,-1.305743383500732868e+01,-1.723358637005913252e+01,-7.032379786426600887e+00,-1.718610061702344094e+00,-3.446716193133973150e+00,-6.597355611661880559e+00,-1.112211107245929220e+01,-8.276598736485604846e+00,-2.206602030154910743e+00,-1.522841223422882750e+00,-5.853433540672253521e+00,-1.614332490564657974e+01,-2.328495228923303628e+01,-2.393817626240400287e+01,-2.564010237027632044e+01,-2.069164051169296314e+01
-2.303352774480345744e+01,-1.421924006103709992e+01,-1.303880518004140043e+01,-1.611164701060884141e+01,-2.140864583438622049e+01,-2.139160626810321020e+01,-1.147898745283705857e+01,-5.301722047182152231e+00,-5.002812128917426548e+00,-9.734664072656327605e+00,-1.870195487198556350e+01,-1.388488067537862491e+01,-1.546355550405579216e+01,-1.827002876022565658e+01,-1.710353112878819815e+01,-6.553498880372178981e+00,-1.770416189277754127e+00,-2.878052054064035747e+00,-9.215386567854830346e+00,-1.025669418474671168e+01,-6.140149307352215757e+00,-5.306070118952709080e+00,-4.701310229465966550e+00,-6.155687660168689845e+00,-1.087321165412854285e+01,-1.856750051838577065e+01,-2.307014704054328291e+01,-2.064683504165357775e+01,-1.828137865896690784e+01,-1.633820972523618309e+01
-2.705464899464018202e+01,-1.835348400998773499e+01,-1.361879461636715405e+01,-1.695095798366894968e+01,-1.193179099271251964e+01,-9.924490037237761797e+00,-6.528053638028997518e+00,-7.815286493605109186e+00,-1.339884155419222189e+01,-1.400791804501964855e+01,-1.712238686757988759e+01,-1.355189780217067508e+01,-1.233248192995723436e+01,-1.325501333022067030e+01,-1.187385119703418468e+01,-6.726560756152855980e+00,-2.981055189216719192e+00,-2.320149502873167791e+00,-6.433174250738383115e+00,-4.207105881342715570e+00,-5.048754843936603898e+00,-1.122475005917235258e+01,-1.045183211020856362e+01,-8.493383912776938161e+00,-1.022734347169313196e+01,-6.874819591040317590e+00,-8.165722942656012506e+00,-1.349273799483183822e+01,-1.700944703804712788e+01,-1.583099363614545929e+01
-2.739428103096672373e+01,-2.049985561451840965e+01,-1.145021287347101158e+01,-5.891536271243085210e+00,-4.566608189017909325e+00,-6.625258426504276876e+00,-7.851608604382557033e+00,-9.955042536344750559e+00,-1.705269547784404338e+01,-1.762640520164667990e+01,-1.389376833281952273e+01,-1.470161020274881025e+01,-1.712217760288538315e+01,-1.300510366605851864e+01,-1.325768730139276741e+01,-1.570891076389644780e+01,-6.894402852230517631e+00,-3.848485683939259605e+00,-7.710172116629889771e+00,-5.934013431745476908e+00,-4.944667598497589189e+00,-1.143845430503731819e+01,-1.336379220683103952e+01,-6.724456554258957830e+00,-4.696508875065295463e+00,-5.758565184923241098e+00,-9.982771388537818424e+00,-1.237879707352624159e+01,-1.009036117197348581e+01,-1.086950582050720371e+01
-2.423831775487101936e+01,-1.564580476866153091e+01,-9.127085249388546373e+00,-8.470307973792850831e+00,-9.937175966878353250e+00,-9.114389011561238263e+00,-8.413999200120347410e+00,-7.091358134700993965e+00,-1.305970723107615328e+01,-1.475676492014761365e+01,-1.969450717772141601e+01,-1.404247625921941811e+01,-1.260920130776245429e+01,-1.291121386469296262e+01,-1.581174261453551644e+01,-1.216940828999642932e+01,-6.956013194568090974e+00,-4.058247231121022480e+00,-3.712972502293353738e+00,-5.826574689010652897e+00,-1.103250592731872715e+01,-1.597864052191408391e+01,-1.747782951201096679e+01,-1.643327010614350669e+01,-1.749672201383392434e+01,-1.833407248053580929e+01,-1.875061027462062313e+01,-1.990312182877979907e+01,-1.741404565377852975e+01,-1.522383991775998702e+01
-2.327464148041548953e+01,-1.384346943954500198e+01,-6.529241672240497785e+00,-5.941825717371234106e+00,-7.782073923989718978e+00,-7.356414943743663670e+00,-7.234418969751669870e+00,-5.969622709189250642e+00,-6.353723833262288068e+00,-8.764611996409746197e+00,-1.271680768128413241e+01,-1.843915951682250665e+01,-1.529644567242600139e+01,-1.563575746248735321e+01,-1.784727577444347801e+01,-1.946074003879684966e+01,-2.098328488748797582e+01,-1.084369971291527968e+01,-7.739092263446491593e+00,-9.234059460350408699e+00,-1.846832992974866627e+01,-2.121253150891346451e+01,-2.203843514833227601e+01,-2.497253158593633415e+01,-2.655185225662911819e+01,-2.514297346653705389e+01,-2.626732447597884246e+01,-2.577859551942019323e+01,-2.467181531537616834e+01,-2.243658612488181703e+01
-2.059433099823645819e+01,-1.360464208040014711e+01,-4.392392963867025379e+00,-2.104148501296964735e+00,-7.013214837862554063e+00,-1.375650243420003527e+01,-1.388234915298008332e+01,-1.038951873981775442e+01,-1.506917909755828333e+01,-1.145606690506013869e+01,-9.002894563533191175e+00,-1.150887405492697546e+01,-1.758125306593131754e+01,-2.531402122999705639e+01,-2.600359816865050533e+01,-2.257272578399399166e+01,-2.238281434660504488e+01,-1.355593292374013537e+01,-1.144786089392984074e+01,-1.614407802083689702e+01,-1.640481349515813747e+01,-1.705058186929949926e+01,-2.324196374289802236e+01,-2.538201771875855428e+01,-2.517107563261773251e+01,-2.216919943127156145e+01,-2.165914092499232879e+01,-2.320258013204910696e+01,-2.394093739657391851e+01,-2.218445731930419029e+01
-1.846526805407935257e+01,-9.813651027699691554e+00,-5.086308871611414872e+00,-2.833067924405137550e+00,-9.048300232212286298e-01,-9.775569392852643258e-01,-2.250895988053766672e+00,-7.579869849413570115e+00,-1.892854114905031437e+01,-1.892737452796563602e+01,-1.335702520115360414e+01,-1.308800274956251641e+01,-2.025412222179890520e+01,-2.292635941556051904e+01,-1.803723247390390583e+01,-1.699657904873987846e+01,-2.019438870140448117e+01,-1.380337909325925594e+01,-8.523556188919489074e+00,-7.639055471764502059e+00,-1.039012023901483772e+01,-1.689938464438079890e+01,-2.154567907418415018e+01,-2.174768682953658328e+01,-2.270728363454215426e+01,-1.644637798503705639e+01,-1.228351652748771983e+01,-1.243417000618709878e+01,-1.527363735045090820e+01,-1.552654818719106622e+01
-2.071756704496476686e+01,-1.887094044128547665e+01,-1.180050090720952127e+01,-1.299901893235062822e+01,-6.748728793960721006e+00,-1.974272971811670718e+00,-2.761747231232417832e+00,-9.484789397306503389e+00,-1.700863064120023438e+01,-1.597787362704104908e+01,-1.285454952539658535e+01,-1.349507082394480406e+01,-1.696474713125046563e+01,-1.808571473909285032e+01,-1.724056260297252763e+01,-1.283336043813426031e+01,-1.484321897551259184e+01,-1.378806651777522596e+01,-1.041103077643489705e+01,-9.638582605212103971e+00,-1.132796220921153996e+01,-1.734229098358478183e+01,-1.156213153547542127e+01,-7.738481836460704422e+00,-6.700540162448923809e+00,-6.676092665666227610e+00,-1.132274536570166390e+01,-1.736705485827857132e+01,-1.610757499338461685e+01,-2.136951381132607608e+01
-2.631854996407867375e+01,-1.596067537927323876e+01,-7.320068189292956440e+00,-3.957887012299917462e+00,-6.295451415785748850e+00,-5.911638447346517999e+00,-2.166186302338752423e+00,-4.762246306155137887e+00,-7.423864717949220982e+00,-7.925455469994028945e+00,-1.218376078676519292e+01,-1.750064465346609666e+01,-1.271357432849341329e+01,-1.209065173082290912e+01,-1.123422542802847168e+01,-7.492765156326780307e+00,-5.781169305688003135e+00,-8.679949738670559967e+00,-1.540813707748542605e+01,-1.562210034412942861e+01,-1.325000918949232442e+01,-7.401909356410842911e+00,-4.408768635646552525e+00,-5.029254681238955804e+00,-5.465914606668387243e+00,-5.716505722888209462e+00,-9.853553043049611659e+00,-1.733215444001928773e+01,-1.938986729866886449e+01,-1.751711726138039893e+01
-2.526519730237891892e+01,-1.568823062588960937e+01,-8.938587458523468143e+00,-2.625153436331422618e+00,-2.982787430581029797e-01,-1.198924399505027383e+00,-3.257882004992474378e+00,-7.333353413391518139e+00,-1.473538582593265822e+01,-1.285996798497096805e+01,-1.236280640826863042e+01,-1.830521709498832550e+01,-1.996573447978673599e+01,-2.052362998225380153e+01,-2.073701762545640293e+01,-1.313205669083160032e+01,-8.520174108493099752e+00,-5.860882458919679294e+00,-7.281041492575546670e+00,-9.992273750831619950e+00,-7.002602161622098365e+00,-4.970549229603664187e+00,-6.655678143167191863e+00,-1.431447263280297477e+01,-1.827534858031384246e+01,-1.332354012973242696e+01,-1.365975979685530284e+01,-2.355573677257367748e+01,-2.427635225470152136e+01,-2.473156137122217046e+01
-2.575552783245240462e+01,-1.575968128860376360e+01,-1.298404163312000748e+01,-4.619399066690173861e+00,-4.444108024271177015e+00,-1.193223860435931272e+01,-1.597053543524124564e+01,-1.588551553495370605e+01,-1.981205368244470932e+01,-1.553798533599594300e+01,-1.268431980797186576e+01,-1.461956108502268492e+01,-1.958343108798794319e+01,-2.262190559816461644e+01,-1.773867914681728308e+01,-2.003469518390177839e+01,-1.966265435633892267e+01,-1.204090480439981903e+01,-1.048413357663812739e+01,-1.394316022107555675e+01,-1.031225539367416566e+01,-1.142033225664920337e+01,-1.083139499889057866e+01,-7.257406213734054035e+00,-7.809671167102336220e+00,-7.172274197995536227e+00,-1.022805264446639129e+01,-2.016331815213407808e+01,-2.016306754231705867e+01,-1.738832190689767287e+01
-2.382502850858522336e+01,-1.342864236102741948e+01,-5.616930093987985373e+00,-2.632844521614649658e+00,-3.335184864177825226e+00,-9.020913472853901993e+00,-1.643985009446518575e+01,-1.559783185768532476e+01,-1.815123817217071434e+01,-1.525433890227299649e+01,-1.083995031247473051e+01,-1.178752944525133550e+01,-1.833929507545098758e+01,-2.198811490571169713e+01,-1.571210669256319648e+01,-1.228157181243734541e+01,-1.389635516529123827e+01,-9.920131428732739565e+00,-7.926277682533183544e+00,-1.236517981814730760e+01,-1.403188070572612212e+01,-6.587565264377877483e+00,-4.018207842377340633e+00,-4.745244829518020957e+00,-3.939422470369156937e+00,-4.594717120921789189e+00,-9.141769179366450615e+00,-1.235928727309921449e+01,-1.304437217185957998e+01,-1.292864545895035810e+01
-2.064927610166513361e+01,-1.248007749650635212e+01,-1.062379481483669963e+01,-1.208603039567384485e+01,-1.194693459776050304e+01,-6.848868009138006308e+00,-6.260078499018513654e+00,-8.481843567704446585e+00,-1.429797068776092139e+01,-1.839009544753218250e+01,-1.329669636323446902e+01,-1.453965471757698502e+01,-1.934499436275214990e+01,-1.607415485787037213e+01,-1.722829860233703769e+01,-1.423900560006467586e+01,-6.851922547994399260e+00,-5.310464412543423940e+00,-7.210050530241300493e+00,-7.383661365812750788e+00,-9.762660837477179498e+00,-2.745965348417235941e+00,-1.011024027481485232e+00,-4.186058124338994268e+00,-3.753795193116756135e+00,-5.183661344704354690e+00,-1.045915379746957363e+01,-9.969620351325680474e+00,-1.611035831921166306e+01,-1.665615089886254196e+01
-2.297568240641535198e+01,-1.517958614325067757e+01,-1.644847970909879820e+01,-2.209243931132516892e+01,-1.991771397114812459e+01,-1.359871810155815908e+01,-1.245512371913642724e+01,-1.254049238480327055e+01,-1.570933498698435038e+01,-1.692042046646150411e+01,-1.900974901162894781e+01,-1.805730372426869224e+01,-1.253544353679486889e+01,-1.274277676138908255e+01,-1.727554520932985227e+01,-1.315637805963018181e+01,-9.278082240159344352e+00,-1.104252570348687001e+01,-1.647796098644313290e+01,-1.049413297636999864e+01,-3.714020025578274264e+00,-1.407588997343151904e+00,-2.772166478023231573e+00,-7.525597484434327633e+00,-7.081295387253892848e+00,-4.979129630289260255e+00,-8.058106292837997842e+00,-1.615204715627520571e+01,-1.384210632308020372e+01,-1.487964773279339958e+01
-2.573535379178964533e+01,-1.308338736070442643e+01,-9.799818941995090071e+00,-1.178823249962679220e+01,-1.762280026312340198e+01,-1.782237227454053752e+01,-2.457859285520646608e+01,-2.480971517583114050e+01,-2.342703317735352186e+01,-1.919062498420666785e+01,-1.333439701327346150e+01,-1.122573977265894563e+01,-1.232369072523339781e+01,-1.799268078449678399e+01,-1.708338453714002370e+01,-1.392830851731027053e+01,-1.581284446473334171e+01,-2.080232172963978599e+01,-2.178007753740703478e+01,-1.839740644341567943e+01,-1.145292580507363489e+01,-1.004327697004735320e+01,-1.423058622506014181e+01,-1.903957884073763651e+01,-1.843025688406261864e+01,-1.151637300766704008e+01,-8.671716087689571140e+00,-1.128112151718949541e+01,-1.709502826982243207e+01,-2.414947310324181018e+01
-2.649716430915135845e+01,-1.241513431350643160e+01,-5.332913767000672323e+00,-4.230930321029290120e+00,-7.671282111206378929e+00,-1.618408725114891311e+01,-2.561521104136343396e+01,-2.585793241674986120e+01,-2.677997926440714949e+01,-1.976165935492059944e+01,-1.266748130194953603e+01,-1.069338411890017682e+01,-1.412268809705276595e+01,-2.268274234358672103e+01,-1.745271510632428047e+01,-1.418825210684677174e+01,-1.666446179290739238e+01,-1.827070416209550885e+01,-1.404144360406636771e+01,-1.300241263808718095e+01,-1.053539423831202626e+01,-1.266074058609656738e+01,-2.154707297347406936e+01,-2.640560342906134039e+01,-2.125478455164882874e+01,-1.629771503420139211e+01,-1.381202072094959732e+01,-1.451841085073547966e+01,-1.799288798897129737e+01,-2.510794232200412068e+01
-2.460037356982059009e+01,-1.108706545070478100e+01,-4.715274811044113612e+00,-3.646254447868169102e+00,-8.052591854852728659e+00,-1.903639321823282060e+01,-2.230414834093389587e+01,-2.115475108314724650e+01,-2.151095878495785385e+01,-2.346614341168899642e+01,-2.399167029670342899e+01,-1.589648701532125052e+01,-1.224692522441758769e+01,-1.432794526478793706e+01,-1.839828656231015458e+01,-1.586784612449111442e+01,-1.740365146223906478e+01,-1.913342616411278030e+01,-9.643139835122790160e+00,-5.513661493920976042e+00,-6.642111041237088287e+00,-1.333551186361130547e+01,-2.293641255008187230e+01,-2.598514741140312978e+01,-2.606195186606890957e+01,-2.563014014865688850e+01,-2.431942049459793509e+01,-2.694157486609845620e+01,-2.409733035660600109e+01,-1.982788036532715736e+01
-2.434851333391387840e+01,-1.323867268066244307e+01,-1.130641836927701505e+01,-1.095989464448009620e+01,-8.291175292555694298e+00,-9.711464659170486513e+00,-8.835253470009805099e+00,-1.000531128662660052e+01,-1.472965989244465135e+01,-2.310206704230824926e+01,-2.212789554150494453e+01,-2.008783412941448887e+01,-1.598597845859082156e+01,-1.277998880519988489e+01,-1.424996482035157008e+01,-1.399622386073863645e+01,-1.686673580663725502e+01,-2.045561897577500332e+01,-9.071713282550723179e+00,-6.428065606742907612e+00,-9.574165006098979802e+00,-1.896421508019643554e+01,-2.305920620531539811e+01,-2.679171447389444793e+01,-2.699833333568208360e+01,-2.476176636082351479e+01,-2.312797061247936981e+01,-2.333293767592962809e+01,-2.047657950213001143e+01,-1.841236587694496052e+01
-2.531369319640400661e+01,-2.114322416544466776e+01,-1.943995818970309841e+01,-1.588213264967479077e+01,-1.223515635893349973e+01,-1.051911394408807077e+01,-6.722932461720363406e+00,-8.367094712146021962e+00,-1.740073447622311420e+01,-2.445797058275550739e+01,-1.986089646487225835e+01,-2.094779041517059426e+01,-2.095700138642783017e+01,-1.893887673517701131e+01,-1.299328652359624314e+01,-1.203966769645674795e+01,-1.656623103512320583e+01,-2.082740119359042907e+01,-9.787896912568694319e+00,-6.541791159129699551e+00,-9.231075613868211960e+00,-1.842196811991891892e+01,-2.207131481170654297e+01,-2.609636871273097469e+01,-2.602660984193190430e+01,-2.084984845365941553e+01,-1.457675823891998057e+01,-1.301478175954960470e+01,-1.592660987149378293e+01,-2.426091812117590862e+01
-2.148232304518390023e+01,-1.824543626647592731e+01,-1.510730965426013661e+01,-1.512995935600021546e+01,-1.338476289883888626e+01,-1.156557078605750988e+01,-5.738864450938920392e+00,-5.474596363597108883e+00,-1.398824926141467628e+01,-2.147840233821018430e+01,-1.859541644766578727e+01,-1.734865104974961270e+01,-2.122174556189535011e+01,-2.209436131131117520e+01,-1.631293201041576069e+01,-1.570051193439783255e+01,-1.973870229214872651e+01,-2.230958642574885431e+01,-1.476982762302309560e+01,-7.120805102548781740e+00,-5.663285620906044038e+00,-9.780812169842405979e+00,-1.844359683990478516e+01,-2.222560828506566821e+01,-2.232831150508483731e+01,-2.292131759052317008e+01,-1.419081927459457582e+01,-1.091852477047347136e+01,-1.332613112820181911e+01,-2.306315667462197183e+01
-1.737051055487047435e+01,-1.242459579435376860e+01,-7.665544314495823741e+00,-3.484908542392138653e+00,-8.395719549118396685e-01,1.282374021504272044e+00,4.534417038304917047e-01,-4.925970642109680497e+00,-1.353785964739044267e+01,-2.593090445727046500e+01,-2.459263774442571560e+01,-2.138888793386471576e+01,-2.269597678781821060e+01,-2.174106387525100814e+01,-1.854809369453705514e+01,-2.001703755364549764e+01,-2.631632093765679770e+01,-2.432831095029341029e+01,-1.705016300177118538e+01,-1.000271848306028133e+01,-8.555912553378224317e+00,-6.193141932700090280e+00,-8.249610650058510686e+00,-1.418555825885440669e+01,-1.921519896533585481e+01,-2.031963768228097678e+01,-1.486570544151743434e+01,-1.263938497737714428e+01,-1.286794852198056027e+01,-1.598677656655605261e+01
-1.694065512112497984e+01,-1.640582316291306952e+01,-1.057792425965554095e+01,-8.608530093838645314e+00,-2.145392529441008111e+00,6.377927138106284088e-01,-2.878802018568331178e+00,-1.159500228624688134e+01,-1.805857570915465260e+01,-2.231105773666608627e+01,-2.439526044031617147e+01,-2.108015753914089885e+01,-2.197623771416407124e+01,-2.142747759970889732e+01,-1.736887253317863156e+01,-1.853749445896999148e+01,-2.507299438403670067e+01,-2.386425302185577024e+01,-1.354862155630836540e+01,-1.057209534857683053e+01,-1.213386747943367894e+01,-7.458640649819829882e+00,-3.735035658072514142e+00,-3.339187024914582302e+00,-4.202221245020469453e+00,-5.599097447252324500e+00,-1.143362510837060952e+01,-2.327020972347057182e+01,-2.076439787222827960e+01,-1.744232021218398998e+01
-2.059393769565914312e+01,-1.426965199812708818e+01,-8.197211521699424353e+00,-5.680605368249735498e+00,-1.951868552823339487e+00,-8.966972702358317893e-01,-4.415671537003446723e+00,-1.252884088352227643e+01,-1.405819288889566998e+01,-2.157879292838386220e+01,-1.577335050910901160e+01,-1.399517500932049607e+01,-1.813948213168263734e+01,-2.166168902735294921e+01,-1.680784401215312229e+01,-1.553862397382213878e+01,-1.834412189046288688e+01,-2.214384913596378013e+01,-1.257085676253980822e+01,-9.325824753747118834e+00,-1.139904893482313497e+01,-1.631085733547332239e+01,-1.199051721789528102e+01,-2.801893697539443284e+00,7.989919786588655093e-01,-5.340972642271903936e-01,-6.645418363581796939e+00,-1.607248250187835481e+01,-1.972761360095564598e+01,-1.669109181284651555e+01
-2.770635099471754259e+01,-1.998532588213618766e+01,-1.267359688833767173e+01,-5.633021121824875799e+00,-6.168294816829596350e+00,-8.926528881768637902e+00,-8.904501405744289499e+00,-8.793491618648456409e+00,-1.533829474803495252e+01,-1.488551209484189464e+01,-1.417348904012368216e+01,-1.246684470146325019e+01,-1.135889920358192207e+01,-1.329221711999038646e+01,-1.482543607881873982e+01,-1.049412243634525588e+01,-1.068379787224366595e+01,-1.280853481809045036e+01,-9.231543640169116216e+00,-1.158390949131830006e+01,-1.778208555233706178e+01,-1.554591434320826515e+01,-1.565540873067900307e+01,-6.489498780791167043e+00,-4.866040127466565224e+00,-4.519739653353605391e+00,-5.903090890299235838e+00,-1.246834360110531925e+01,-1.856880868316455846e+01,-1.737925513281690471e+01
-2.730039486206767307e+01,-1.903704710674893263e+01,-8.198586170840414411e+00,-4.256605470497675014e+00,-6.265035416290753112e+00,-8.618934871420025345e+00,-6.475086262675037396e+00,-4.611247776287772382e+00,-6.999572921457311026e+00,-9.813917548793137158e+00,-1.424078304246226168e+01,-1.334443278221567653e+01,-1.478635485663282445e+01,-1.657402576053724630e+01,-1.252653013419699946e+01,-8.614216198080917763e+00,-6.596232288202662275e+00,-8.107772009134798452e+00,-1.142876318103441946e+01,-1.288231846329512820e+01,-1.232512541105792714e+01,-6.489155534279163362e+00,-4.489966163364774943e+00,-8.741267281566646119e+00,-1.388981677974611806e+01,-1.321430179875367728e+01,-9.285590859228891603e+00,-1.292232340612229180e+01,-2.144861242371253240e+01,-1.911482759747029192e+01
-2.906919222627222510e+01,-2.176733973071833361e+01,-7.107549659259253083e+00,-1.185016582836644128e+00,-4.701636937266955377e-03,-2.795269725331318789e+00,-4.199108116121096579e+00,-1.584655904441462981e+00,-3.427360916765299859e+00,-1.119311769449027416e+01,-1.362729482994970454e+01,-1.289676197521752421e+01,-1.545823385356085033e+01,-1.472272544301998920e+01,-1.605730518616435276e+01,-1.095955775092868123e+01,-1.136314280473502514e+01,-1.625970157594943899e+01,-1.743564855065315555e+01,-1.048104199431757522e+01,-4.657405104227127168e+00,-4.503703812471415158e-01,3.631166460807188079e-01,-1.576020196287827524e+00,-3.710855360623377841e+00,-5.013198080589310379e+00,-8.031087405615805253e+00,-1.509691847661498265e+01,-2.236025183772838432e+01,-2.258842891037084399e+01
-2.869531413197770320e+01,-2.058455152572340197e+01,-9.322642079331059151e+00,-8.393162704648295502e+00,-4.751925394165422922e+00,-4.296017706014548132e+00,-7.401671806971232392e+00,-1.088461029529571533e+01,-9.832613101683858048e+00,-9.179093299144899021e+00,-1.144081558948362876e+01,-1.802049783030386365e+01,-2.165324005402323948e+01,-1.733504189250322369e+01,-1.170862907057355251e+01,-8.733445759791477414e+00,-5.975632753848016954e+00,-5.547277826918664445e+00,-4.949760324295981562e+00,-9.101314784868002050e+00,-6.342149153383420668e+00,-6.101839992692278614e+00,-7.249005733803310036e+00,-1.035344785736624651e+01,-1.205578727377954351e+01,-1.275749955359537857e+01,-1.263066515446721638e+01,-1.538317493673595848e+01,-2.377233975606865712e+01,-2.027531281448979783e+01
-2.983975853484653840e+01,-2.206955274553562063e+01,-1.095892572706672041e+01,-9.164445955029465907e+00,-5.445543381059245291e+00,-3.633498397349298692e+00,-5.556425854658624708e+00,-1.302490756466130506e+01,-2.108542008815044611e+01,-2.205557956817043674e+01,-1.271035136488086437e+01,-9.954025314112378453e+00,-1.039779370605566022e+01,-1.287483121989385815e+01,-1.962028156774565346e+01,-1.533591523342578000e+01,-1.317942191486399217e+01,-3.484643253614442049e+00,-9.351702014482610181e-01,-3.141561578927589249e+00,-6.818705314030819586e+00,-1.192157854307482445e+01,-1.222083256401580442e+01,-1.314148626357886407e+01,-1.273190695882602874e+01,-1.133441996561746912e+01,-1.089838439846241336e+01,-1.410568671216377545e+01,-2.440412033793779401e+01,-1.959328344470629446e+01
-3.016545925828808095e+01,-2.069924772671580016e+01,-9.598331793604888418e+00,-3.260540319412883470e+00,-3.921977155527491377e+00,-9.240152802879896043e+00,-7.638212879245701359e+00,-1.205961975676745190e+01,-2.474424220447580680e+01,-2.286769984583439452e+01,-1.653249030103096118e+01,-9.665255406859573739e+00,-9.038667424722335753e+00,-1.497823806426580795e+01,-1.471456471420903611e+01,-1.627432473095612409e+01,-1.411947076133355417e+01,-2.867405105299156265e+00,4.781237864716575414e-01,-2.036467277612972193e+00,-2.760898952692699471e+00,-1.716500403414897624e+00,-5.622486739654703136e+00,-4.948943406849656945e+00,-1.696478288106604504e+00,-1.172844649515078608e+00,-5.178816857057645606e+00,-1.644497018154006440e+01,-2.392612233131554333e+01,-1.928891528994161320e+01
-2.982034526104127181e+01,-1.837893158412536465e+01,-1.007343113447703686e+01,-6.672029322626231718e+00,-2.537308947612272547e+00,-2.115246747196266597e+00,-4.290716109318844396e+00,-1.014520483462420763e+01,-2.013070476029835376e+01,-2.085263167622236224e+01,-1.675185063234560090e+01,-9.659065600919621630e+00,-8.346591956549643143e+00,-1.204650046415389752e+01,-1.601434382865889461e+01,-1.312593553223174681e+01,-6.321645580469422931e+00,-3.924005311753624436e-01,8.713259448281502895e-01,-2.739991685739400218e+00,-2.325786614812309416e+00,-1.171379688780185280e+00,-4.757371234286362771e+00,-3.649608782118862749e+00,9.141813976296684352e-01,3.264573915815079941e-01,-6.503726162222034368e+00,-2.147395782713677548e+01,-2.226024643073922249e+01,-2.067639786827589532e+01
-2.854817108591650765e+01,-1.565566910097806641e+01,-8.688223083054690932e+00,-8.763389057430366336e+00,-2.860518873161033149e+00,-2.951664567314040699e+00,-7.980164136856225277e+00,-7.506677541003864640e+00,-1.086060072661964782e+01,-1.645168846073677216e+01,-1.269090744796072556e+01,-1.073301298198173548e+01,-1.093921299446413720e+01,-1.682563350053856155e+01,-2.171031917685409596e+01,-2.003619524475875124e+01,-8.401472014732927818e+00,-2.823655150747697906e+00,-4.151911414087988916e+00,-1.118882456200391040e+01,-7.535483757654826142e+00,-4.657771667730529863e+00,-7.549564233504535871e+00,-8.205644591978401792e+00,-2.119588943515684942e+00,-1.271380685618460626e+00,-5.378072053257320739e+00,-1.733941923736766810e+01,-2.332971613979137260e+01,-2.469451709512439308e+01
-2.851392554629380527e+01,-1.256904416884080078e+01,-5.164196337863898201e+00,-2.161692248159058583e+00,-4.154166335639427388e+00,-5.423100507436537931e+00,-4.827846013057004448e+00,-4.672785890836371081e+00,-7.652713037093986870e+00,-1.406860656394067632e+01,-1.270624149124080660e+01,-1.400052236548907736e+01,-9.845689327094206078e+00,-1.142728409392565503e+01,-1.395585342273590612e+01,-1.316080503706719540e+01,-9.579803269380217756e+00,-7.958406369397594382e+00,-4.227123796560202429e+00,-4.792989171487763933e+00,-4.743373529926227405e+00,-8.252378376173112429e+00,-1.243511788252812345e+01,-9.057058896734963227e+00,-1.044735546122184466e+01,-8.700010385229836274e+00,-1.006003115637793321e+01,-1.646142769669777906e+01,-2.477627885215095205e+01,-2.133945301282684426e+01
-2.576480992635091027e+01,-1.273911759706566116e+01,-7.288941722007313828e+00,-7.720491721878132374e+00,-6.533668995409761315e+00,-5.437728668379175900e+00,-3.755222653127779697e+00,-8.488133138405542510e+00,-8.151484165475119781e+00,-6.952890461923717069e+00,-8.217905458624448656e+00,-8.564280559555992767e+00,-9.742299919168914357e+00,-1.589286510503975514e+01,-1.726394635704672353e+01,-1.228243190315878230e+01,-8.636174795733895238e+00,-8.218872468942290510e+00,-3.928569597550005454e+00,-5.151006993847540905e+00,-1.026963190212371302e+01,-7.450772723321448687e+00,-5.699750866859582210e+00,-9.731354822778397917e+00,-1.641498374534007709e+01,-2.269679691128417076e+01,-2.244723787935422976e+01,-2.079390523185648831e+01,-2.585154763199468064e+01,-2.032093209876123296e+01
-2.463232594184308510e+01,-1.897017107394596991e+01,-1.006471493694686004e+01,-8.772951892638408466e+00,-4.235043204496288460e+00,-2.784889857417205850e+00,-5.791597799637261623e+00,-8.021220097369702984e+00,-1.189099118461527915e+01,-1.313332989160169184e+01,-1.186583911284266435e+01,-1.161365497390682222e+01,-8.277423180339189557e+00,-1.076742963223953353e+01,-1.213930907725275432e+01,-9.912960970730791743e+00,-7.435744121575811327e+00,-4.129405326144710564e+00,-5.784961350657630952e+00,-1.217074923606435277e+01,-8.560375403952953377e+00,-6.471938131214959533e+00,-7.847087262795482410e+00,-1.031553257802489476e+01,-1.604999943953917096e+01,-2.675083919492749729e+01,-2.627373291226202667e+01,-2.623045575694673204e+01,-2.368184142912522461e+01,-1.674970868793009871e+01
-2.383076725492052361e+01,-1.749656199801499668e+01,-9.771121989389893514e+00,-3.406282355134907291e+00,-8.808196364131295475e-01,-2.473510194720103250e+00,-5.808656425739296303e+00,-3.886065535880071753e+00,-5.789200605512171194e+00,-1.151255319984095848e+01,-1.525657319415147128e+01,-1.051914680991203177e+01,-9.233333979442621242e+00,-1.199504484593741793e+01,-1.192157609700650411e+01,-9.377546964430758081e+00,-8.412037276158667254e+00,-5.253710741703170761e+00,-6.966076918721451960e+00,-1.276112643118370293e+01,-1.100396437756321788e+01,-1.241509167555790860e+01,-1.989722407699390416e+01,-1.955090647492945166e+01,-1.932160046449892121e+01,-2.766653633117675781e+01,-2.702724695306927671e+01,-2.561334001537088056e+01,-2.020385830873136968e+01,-1.631372265704371571e+01
-2.231411324033312127e+01,-1.228757647698598809e+01,-1.168998853821157091e+01,-7.661775232120684009e+00,-3.738695489942647665e+00,-6.622912480549257630e+00,-4.375957487495082177e+00,-1.609833213569885180e+00,-3.285846990005226065e+00,-1.020887288014600180e+01,-2.041631734447114610e+01,-1.739807713462035821e+01,-1.628951672738271483e+01,-1.982802341242504696e+01,-1.676250477505337599e+01,-7.085984174866078789e+00,-4.536405321898733689e+00,-7.684469008901317011e+00,-1.419241742723307098e+01,-1.543912869755123296e+01,-1.107977389783110134e+01,-1.015208925765537629e+01,-1.470464404019074323e+01,-1.508765600238889171e+01,-1.754482118136817093e+01,-2.727455742141496842e+01,-2.674812284092994119e+01,-2.599302797661718500e+01,-2.088907045619502867e+01,-2.127903973322258935e+01
-2.285809072263681330e+01,-1.407307426995279442e+01,-8.394974660468456307e+00,-5.202997524014450370e+00,-5.116804718718154454e+00,-6.316620772305061138e+00,-6.210402080207873432e+00,-9.953098525318877066e+00,-7.700637135536047673e+00,-7.607547842013608452e+00,-1.425200187071619951e+01,-1.751881992133559862e+01,-1.305871705138252992e+01,-1.273756860724933127e+01,-1.312561830694761511e+01,-7.771741694452403593e+00,-5.705386810748187543e+00,-7.927349755718450020e+00,-1.271102436940381430e+01,-1.325062250837905076e+01,-9.042937598663783660e+00,-5.447389721617324376e+00,-5.248947072687169424e+00,-8.365132322736606341e+00,-1.536730499429561014e+01,-2.636893312085712537e+01,-2.653767235466375851e+01,-2.583062416732690991e+01,-2.280280955328809611e+01,-1.776076614679551113e+01
-2.610826878638783910e+01,-2.059841530186355385e+01,-1.294870741959589999e+01,-1.115626892365214751e+01,-1.129960730526351043e+01,-1.340326064154347563e+01,-1.324341751207971285e+01,-9.667483061994969873e+00,-5.764811592117236927e+00,-6.275399782095744783e+00,-1.124072777389720734e+01,-9.524428585279267168e+00,-8.160921364073541184e+00,-1.183325981132037619e+01,-1.444270153612594498e+01,-1.715291396321258333e+01,-1.197244518982630090e+01,-5.874838742987112283e+00,-5.872026276942777123e+00,-1.172060616608637851e+01,-1.387637365446475357e+01,-1.324344358474585626e+01,-9.992463471276998632e+00,-1.166759353787529463e+01,-1.788748737707765812e+01,-2.511963312995408515e+01,-2.575324166858778341e+01,-2.470874628038669485e+01,-2.724534111468402031e+01,-2.084832665267263963e+01
-2.512108747113788709e+01,-1.796227041070375208e+01,-1.615318274649844810e+01,-1.605455336094914998e+01,-8.883029353087115609e+00,-6.203221824265336082e+00,-8.144626981893162920e+00,-6.803127528755528175e+00,-4.152512026440565940e+00,-5.761171406241738957e+00,-9.668648399871372590e+00,-9.105028247630773564e+00,-1.142896302743575632e+01,-1.726449341885350108e+01,-2.124824663231074240e+01,-2.034731321071616605e+01,-1.910699302527555332e+01,-9.333407925445815323e+00,-5.039843634688423890e+00,-6.399543694882888545e+00,-1.240560589018900650e+01,-2.063965678366885825e+01,-1.506905081115204226e+01,-1.383855679181983689e+01,-1.622738704661148645e+01,-1.491970102296007106e+01,-1.615045988180075653e+01,-2.138272791253027094e+01,-2.800751928665582113e+01,-2.504665812312164519e+01
-2.069669203748115649e+01,-1.699858582652551675e+01,-1.832504968177487470e+01,-1.459737020946105801e+01,-6.303759753071325633e+00,-4.607553752870822805e+00,-6.677224394115925499e+00,-8.831427239055592793e+00,-4.516730981521039467e+00,-6.376402932367507326e+00,-1.290917837948809321e+01,-1.377587516950700497e+01,-1.576679781490576993e+01,-1.870501554695663771e+01,-1.743497779263053005e+01,-2.266689531565218729e+01,-2.131326290300697224e+01,-1.099641706482873182e+01,-5.679183883525257492e+00,-6.401412949693684240e+00,-1.258034881968407070e+01,-1.867940161030763235e+01,-1.593429482210973269e+01,-7.042421103030000573e+00,-4.139163126358307743e+00,-5.163100412823339092e+00,-1.064443090716238416e+01,-1.925272123474477581e+01,-1.932249023656176945e+01,-1.901206472117430124e+01
-1.963279688079898833e+01,-1.455235083796669215e+01,-1.644441310210339324e+01,-1.225975957645732173e+01,-5.689210209370672011e+00,-6.508521008137178931e+00,-1.005001414657398406e+01,-4.595917262595676789e+00,-3.018389687290110590e+00,-5.074140154125837299e+00,-1.100553361929146412e+01,-1.767064225850844394e+01,-1.390387482754490733e+01,-1.496783963991071964e+01,-1.688506609720282725e+01,-1.533833816451378418e+01,-1.695539167124754343e+01,-1.342512348199346306e+01,-9.050323145151644155e+00,-9.177798318761675844e+00,-1.398610545419583673e+01,-1.809187197280284565e+01,-1.693592013725556100e+01,-8.046360018906320022e+00,-2.367127999568441332e+00,-2.510760619761837731e+00,-8.197135295078252781e+00,-1.450747316303779577e+01,-1.417657893680969394e+01,-1.488392713267332468e+01
-2.108291389886487721e+01,-1.139407340533667501e+01,-7.918921486334182802e+00,-5.882180046883358493e+00,-5.025087197621663115e+00,-7.904556801870876726e+00,-1.174046663316698336e+01,-1.151451624654660577e+01,-1.187269867010683555e+01,-1.056744443889382978e+01,-1.444627983757391654e+01,-1.497736498352828249e+01,-1.446085797550825092e+01,-1.354282896685752213e+01,-1.366147904082215270e+01,-1.062051698862873650e+01,-1.057791082266789395e+01,-1.252336055002394843e+01,-8.723496217383447160e+00,-1.090394791675980635e+01,-8.627455637966244595e+00,-6.409407919411193255e+00,-7.475215727103490693e+00,-6.051282117827429197e+00,-3.394065491396403900e+00,-5.265915759050162848e+00,-1.255464948261366231e+01,-2.198851666784590364e+01,-2.092705301620904379e+01,-2.140132128559606528e+01
-2.417885855454041888e+01,-1.341263635396451193e+01,-9.015076848858228686e+00,-1.149182701262698814e+01,-1.010599570871664987e+01,-1.220194382475186856e+01,-1.931518536059466484e+01,-1.698462716080327439e+01,-1.377265584544771038e+01,-1.024151760149913315e+01,-1.042665281316024206e+01,-1.655864014595177380e+01,-2.201892254458870823e+01,-1.621137947236403321e+01,-1.553919468209495491e+01,-1.252056672972984863e+01,-6.616187486932029849e+00,-4.419494989065101187e+00,-4.618284004002872756e+00,-6.259371125774019440e+00,-7.179331708106265530e+00,-9.550387841880700890e+00,-7.451310053499387465e+00,-7.528451601158028694e+00,-1.154626131209598228e+01,-9.848229591001118166e+00,-9.584619777217792347e+00,-1.475853869363254312e+01,-1.815603387836691240e+01,-1.855120824198307616e+01
-2.131015561948156645e+01,-1.240632624231326275e+01,-6.094128135536379887e+00,-5.183341863049063747e+00,-5.244276613925905828e+00,-8.364359452592845301e+00,-1.339766775726512726e+01,-9.093867884446607874e+00,-6.211663747542476521e+00,-9.058067691807028865e+00,-1.553832947575109458e+01,-1.741843758925257646e+01,-2.485465772997295275e+01,-1.968768706392583923e+01,-1.366324983584653019e+01,-1.191145361861858731e+01,-1.192270722358849433e+01,-1.272765591595076629e+01,-1.248079934089806464e+01,-1.438186591344780751e+01,-1.141560327019661081e+01,-1.359131941117045805e+01,-1.493852273673768316e+01,-1.393247138061847323e+01,-1.234763171262801862e+01,-1.122957153583534762e+01,-9.196440380849656648e+00,-1.219784190042256888e+01,-1.880971503612089180e+01,-1.480300731213482557e+01
-1.639802649471663543e+01,-1.058954734154314536e+01,-8.625529674967383542e+00,-2.593385838624683082e+00,-1.353652815726998915e+00,-5.315829539121842195e+00,-5.779928356725445582e+00,-2.828567636683741338e+00,-3.409934833424359546e+00,-8.699481479681221430e+00,-1.643982793317985269e+01,-1.939486998256351313e+01,-2.534454079646213742e+01,-2.210807235073891519e+01,-1.641807382425684736e+01,-1.410851473717173121e+01,-1.499517563396704922e+01,-1.389613349371908058e+01,-1.225010324081291380e+01,-1.043375287997494816e+01,-1.177612377276086519e+01,-7.964170897842213215e+00,-5.275705199435575032e+00,-5.686245568492103608e+00,-1.080726447277514524e+01,-1.391350922918623390e+01,-1.335015431989276991e+01,-1.472652954255446289e+01,-1.807214177085082696e+01,-1.418716655212855926e+01
-1.713879206023651491e+01,-1.262230547218565668e+01,-1.039609543634321476e+01,-4.775371755510884775e+00,-3.766330747167142778e+00,-7.601447282576510034e+00,-1.037398008303024710e+01,-8.655064373986990134e+00,-8.407804789057202299e+00,-1.058093874165966319e+01,-1.714778474131460584e+01,-1.868942337684064370e+01,-2.062632244458370678e+01,-2.282602498485783826e+01,-1.990202516000994848e+01,-1.035070636874804251e+01,-6.482574855192957841e+00,-6.530443297323401453e+00,-1.129507773393278747e+01,-1.334745056917712880e+01,-1.048602684490746562e+01,-5.960267527847532776e+00,-2.850528063193248141e+00,-2.786388628936181000e+00,-7.548578316745231831e+00,-1.641167304419661122e+01,-1.768550411556430291e+01,-1.912381766252456927e+01,-1.486987491980226750e+01,-1.325002816072694856e+01
-2.357874840738413980e+01,-1.819434921807291161e+01,-1.391723709146940990e+01,-1.255317084045167242e+01,-1.127193381730664790e+01,-1.282636291307501963e+01,-1.796832305053743184e+01,-2.159940874298160551e+01,-2.185095605425014753e+01,-1.822234673510185132e+01,-1.466553063807720392e+01,-1.470044787623573512e+01,-1.765017774302488718e+01,-2.093797592397961083e+01,-1.379349722224436015e+01,-9.939788795074333549e+00,-1.038523406891306422e+01,-8.862510536886324175e+00,-1.091828055594377389e+01,-1.682215613265958964e+01,-1.122699710264833683e+01,-7.368233119859310953e+00,-9.105054459935983502e+00,-4.844539845951549850e+00,-3.310524421734161837e+00,-7.111279414717558645e+00,-1.122582899334577533e+01,-1.959715857981623088e+01,-1.831903540455358481e+01,-1.792619756022329724e+01
-2.689397318449243102e+01,-2.455098814873178981e+01,-2.348465834048649725e+01,-2.279968518461644678e+01,-2.232517678773074010e+01,-2.032578929164100856e+01,-1.992418006726890667e+01,-2.307457702276306932e+01,-2.196500450284111494e+01,-1.891730887216620616e+01,-1.343702462777463680e+01,-1.256366629610648822e+01,-1.655864447696952979e+01,-1.980200448613257791e+01,-1.537715312730987627e+01,-1.580490992884220880e+01,-1.985568374382715717e+01,-1.381652992698037785e+01,-1.083460806382942643e+01,-1.538765255002712173e+01,-1.239183384293963108e+01,-7.076774555912948905e+00,-6.451352153360970121e+00,-7.557351815472742373e+00,-3.142553398183956403e+00,-3.302251330100300475e+00,-1.069814383654584233e+01,-2.227864558023505381e+01,-2.082984507007963515e+01,-1.912215094151263983e+01
-2.396264135356668135e+01,-2.402420930599204496e+01,-2.280009620002374149e+01,-2.157907169994022212e+01,-1.895352778566364549e+01,-1.508833199195294839e+01,-1.135909483235353079e+01,-9.965669289262937269e+00,-1.030529595990596015e+01,-1.219601153669337101e+01,-1.469905197949419673e+01,-1.560991224058114746e+01,-1.606697292894821061e+01,-2.157089828685590405e+01,-2.085584733035660676e+01,-1.913543416081973092e+01,-2.019365118921689017e+01,-1.446831788733253532e+01,-9.969423050080640891e+00,-8.583279677510514460e+00,-7.208241393864787128e+00,-7.958834153578286497e+00,-5.983311676422248482e+00,-5.836129494110268823e+00,-3.237206692275474751e+00,-4.340696727773945440e+00,-1.031466544813411268e+01,-2.075548093941560879e+01,-2.284524019812322848e+01,-1.921013559758536715e+01
-2.111813445202610851e+01,-1.547708303002035457e+01,-1.331981810187078530e+01,-1.211916725954432472e+01,-1.249635721214764139e+01,-7.342237802068138919e+00,-6.172598862091193794e+00,-9.679587483152968019e+00,-7.703908113916968503e+00,-7.322867134321014326e+00,-1.080588302085860342e+01,-1.157323354976192320e+01,-1.354690927051941074e+01,-1.972838073171627826e+01,-1.818306193787074676e+01,-1.475924445514719530e+01,-1.486594318229934508e+01,-1.112480249577014035e+01,-1.032615724591945572e+01,-9.020637790615138485e+00,-5.738587829211208913e+00,-8.235756010386594994e+00,-6.822052316554286122e+00,-9.028108512140383013e+00,-8.359705849437956360e+00,-1.097240661157417740e+01,-1.082564129394077668e+01,-1.782133328990571641e+01,-2.523422308636319045e+01,-2.434552228931661944e+01
-2.119175221105037110e+01,-1.095258663971206481e+01,-6.850626765795826856e+00,-6.516521061555089034e+00,-6.897903020214882552e+00,-5.633651096603166764e+00,-9.278431030848476979e+00,-1.084612522661812406e+01,-7.579498509692538022e+00,-7.703812622467170357e+00,-1.405952903318303981e+01,-1.355786628277691541e+01,-1.239313663089857442e+01,-1.366697433495977165e+01,-1.679585830016247527e+01,-1.126661551023997632e+01,-6.780430426769702201e+00,-5.568833932248903551e+00,-6.792197413758360725e+00,-6.396739455545024100e+00,-6.771806196295784730e+00,-6.077351834363998506e+00,-4.033074048302786707e+00,-5.789590173501782289e+00,-5.467897572675265216e+00,-7.971023422137946568e+00,-1.308261386907784107e+01,-2.087491265274663377e+01,-2.503629898063189785e+01,-2.530763878184518845e+01
-2.204775512193165454e+01,-1.448807399591822609e+01,-9.982678789495157190e+00,-1.219556942360669360e+01,-1.629753331621741097e+01,-8.835372909618790516e+00,-6.701624683134115301e+00,-5.721133675291786069e+00,-4.199248935766281221e+00,-7.615285572226133226e+00,-1.548335068595384101e+01,-1.862979627921070147e+01,-1.828402891381784201e+01,-1.515752790333612232e+01,-1.775983295116708049e+01,-1.499893294676600419e+01,-9.387509673011278366e+00,-9.441203673174426214e+00,-1.201672558116305467e+01,-1.048558485027078291e+01,-1.201964258894545701e+01,-1.400080347719212703e+01,-5.786466672332392314e+00,-1.580022354222707648e+00,-1.474762106889210278e+00,-5.177687890463826825e+00,-1.472791156951029556e+01,-2.350336360526439350e+01,-2.420491266554328291e+01,-2.220276865584581927e+01
-2.282811421396372964e+01,-1.777619021004678856e+01,-1.036919887202560453e+01,-8.630442060988926301e+00,-1.054550332678857671e+01,-8.139630566736695272e+00,-9.239701450250709769e+00,-9.117523049599553175e+00,-9.774728924352398707e+00,-1.190417550070776720e+01,-1.407467867006921480e+01,-1.490117563867265282e+01,-1.711377615230098570e+01,-1.727465501408667947e+01,-1.432790682118409720e+01,-1.315537803491969093e+01,-1.357473751845633103e+01,-1.751088668333244058e+01,-9.853050643977592671e+00,-6.236622074353973311e+00,-7.390077564113965103e+00,-1.280319970124846130e+01,-9.761118028320831641e+00,-8.456761113579549516e+00,-1.072879648344658499e+01,-1.129881762901435671e+01,-1.527229246212418623e+01,-2.042397784883049638e+01,-2.334853283665488988e+01,-1.890589517646028384e+01
-2.213612192198475981e+01,-1.415262518212547249e+01,-9.705205289674665892e+00,-7.669434873414900267e+00,-7.725547462511974217e+00,-1.098356557955407808e+01,-1.858611416968570396e+01,-2.168834154772910239e+01,-2.059880263334626704e+01,-2.058171192501254509e+01,-1.704814004796832094e+01,-1.462530247674119899e+01,-1.726610280298123712e+01,-1.808850354804101812e+01,-1.158628368883882054e+01,-9.747833521249694044e+00,-1.342205199567628782e+01,-1.654360065439957239e+01,-7.558081593483117366e+00,-4.925021536031346514e+00,-7.604265423084267006e+00,-1.006650417726763713e+01,-7.963705352916838898e+00,-8.314645342892648117e+00,-1.115635446024042210e+01,-1.193320285236253397e+01,-1.358138491798611369e+01,-1.729338051457820313e+01,-2.385498494960193838e+01,-1.923490835096679064e+01
-2.248659438641461250e+01,-1.906805285678547790e+01,-1.952523896851104368e+01,-1.997411818413218043e+01,-1.914170484887060297e+01,-1.826333576352226729e+01,-1.900842644150849381e+01,-2.097016051671054626e+01,-2.168136410703071704e+01,-2.038411534465295816e+01,-1.925561477778570563e+01,-1.631402770121385970e+01,-1.741612960224192008e+01,-1.929139989500592378e+01,-1.201087248958093667e+01,-1.003624770089572671e+01,-1.359404735403202658e+01,-1.503415000514619670e+01,-7.492860849749003904e+00,-5.416067181625690452e+00,-8.202870190270134643e+00,-6.554928116484559197e+00,-5.166020341739533173e+00,-5.156773268417188305e+00,-4.371986346892743569e+00,-5.208304281447343698e+00,-8.797661125280296091e+00,-1.647703469128618892e+01,-2.322333287686552339e+01,-1.852379528985155233e+01
-2.366652790401645134e+01,-2.288877025531355613e+01,-2.490255666032211934e+01,-2.599753345197932575e+01,-2.527878142921787941e+01,-2.530274096972876663e+01,-1.991545049906283182e+01,-1.353344637066948408e+01,-1.126822812896372206e+01,-1.056558430776980728e+01,-1.079169081527969176e+01,-1.227867566450892411e+01,-1.743576111965624875e+01,-2.069583482195617208e+01,-1.454807184101922779e+01,-1.206149327223467971e+01,-1.516454296557513537e+01,-1.600678469420997985e+01,-1.373216845680447307e+01,-1.132695861328432763e+01,-9.471938406332789384e+00,-1.027916903556532091e+01,-1.396337544335934311e+01,-1.663806203216504187e+01,-1.336451160679956907e+01,-1.199158587425377753e+01,-1.286940135874819013e+01,-1.836553050403635368e+01,-2.192581115406789749e+01,-1.746169225121759183e+01
-2.530619670479160987e+01,-2.359720143036730988e+01,-2.418121458567884474e+01,-2.515458858190321934e+01,-2.606859710920135598e+01,-2.495527014155296897e+01,-1.913130816886885555e+01,-1.284592289124831055e+01,-9.916197180494886965e+00,-1.006312017987488261e+01,-1.418784608557472282e+01,-1.612556279642060630e+01,-1.786648550458774309e+01,-2.243197546187479929e+01,-1.814841834957179501e+01,-1.473499407029202501e+01,-1.736591355309618123e+01,-1.751270996790276513e+01,-1.686811454534024435e+01,-1.621814142721220620e+01,-1.807506194590509807e+01,-1.984673687050043966e+01,-2.051984991085756960e+01,-2.330836202738897711e+01,-2.328579544059283535e+01,-2.260675785242878533e+01,-2.199698332262140354e+01,-2.284544010729293717e+01,-2.150833355039041805e+01,-1.783830719237115048e+01
-2.690198684093046211e+01,-2.632233485649092586e+01,-2.585502810387094996e+01,-2.621007777981444420e+01,-2.693620020669989756e+01,-2.591028510334638568e+01,-2.238201568789795814e+01,-2.050927541817829081e+01,-2.102803933797621738e+01,-1.872695386789406768e+01,-1.611418271317856465e+01,-1.655675036233954600e+01,-1.898793645522650309e+01,-2.369787093079520446e+01,-1.888944106496823139e+01,-1.557066465487146090e+01,-1.813888613787932513e+01,-1.955650309746938476e+01,-1.211437435514607941e+01,-1.025782874992192362e+01,-1.229853822876187053e+01,-1.638238760164588825e+01,-2.244218309366019781e+01,-2.548247654017875519e+01,-2.635070972078165497e+01,-2.642825058412653050e+01,-2.546447768484710750e+01,-2.580984082394091672e+01,-2.417445241316615068e+01,-2.170019895306564806e+01
-2.600365983149048787e+01,-2.539165357115921751e+01,-2.651021178462196559e+01,-2.704708208298733751e+01,-2.772323091470511969e+01,-2.640879052156095952e+01,-2.565796733054385825e+01,-2.628878548494569856e+01,-2.645659996648250001e+01,-2.351196968378281582e+01,-1.696118855324520425e+01,-1.496098357603555051e+01,-1.884091883252380839e+01,-2.171320737040979409e+01,-1.662690403203296086e+01,-1.459470685626797426e+01,-1.842192874795059154e+01,-2.137668241108045919e+01,-1.548106241124956917e+01,-7.933409978376579019e+00,-6.978620878450429998e+00,-1.147632914844844976e+01,-2.311425846245638027e+01,-2.697064934465282704e+01,-2.716851028717753636e+01,-2.688598199913203146e+01,-2.659983199012254218e+01,-2.687563127772823179e+01,-2.678760531399153777e+01,-2.553533342891944358e+01
-2.297356095486132688e+01,-2.303370515252374418e+01,-2.544094373415483190e+01,-2.764901928790309071e+01,-2.801832766846739986e+01,-2.751645028464606924e+01,-2.662831602278788523e+01,-2.677248745207574032e+01,-2.733123115369468792e+01,-2.501895240208652282e+01,-1.918563006637961976e+01,-1.689453256408626558e+01,-1.973729421125602457e+01,-2.013955717026048475e+01,-1.423842789716781354e+01,-1.316774945248970319e+01,-1.765606263033144074e+01,-2.022539870551690555e+01,-1.342207610885555269e+01,-6.626758566327914934e+00,-5.998437278589625166e+00,-1.082417258588624875e+01,-2.307527909612959505e+01,-2.703881162088641332e+01,-2.725035063020742498e+01,-2.715864603079048578e+01,-2.650581002286032373e+01,-2.694314454113095536e+01,-2.662342090161236641e+01,-2.500132025781457301e+01
-2.002410506797191303e+01,-1.873803463508622258e+01,-2.232921965815712184e+01,-2.684002316023387280e+01,-2.867251208886472469e+01,-2.789623835334858981e+01,-2.714580780685327710e+01,-2.801630422669104803e+01,-2.818595153460330494e+01,-2.493001463458796252e+01,-1.966768041436586145e+01,-1.824508930821833985e+01,-2.222354415925951443e+01,-1.975848253416154421e+01,-1.272019289304243195e+01,-1.177536251185552807e+01,-1.650971553178856155e+01,-1.763893005549275017e+01,-1.031068895020049681e+01,-8.270918947369683139e+00,-8.927285507226445205e+00,-1.315895970459956210e+01,-2.391755827521063082e+01,-2.792382101597553046e+01,-2.746437124183476541e+01,-2.772846955908838140e+01,-2.728203743126741543e+01,-2.743718591515931848e+01,-2.576496317634663669e+01,-2.608278316651686524e+01
-1.900466130898509931e+01,-1.711299016673094187e+01,-2.003952121127183261e+01,-2.626908637206772212e+01,-2.820528783818465612e+01,-2.807936222740545773e+01,-2.738756198437603828e+01,-2.804954605547991875e+01,-2.821801826452753303e+01,-2.441111582859306495e+01,-1.998881327473180747e+01,-2.004541517771986037e+01,-2.455837365168674680e+01,-1.968593633250825548e+01,-1.216226555688619193e+01,-1.098577131081032476e+01,-1.565752635639943868e+01,-1.691765859526940119e+01,-1.456939161912144698e+01,-1.713304035526931557e+01,-1.681786752101469062e+01,-1.913808100795543510e+01,-2.437950980435511283e+01,-2.757984861952990130e+01,-2.799831207137705036e+01,-2.785567088238499522e+01,-2.827280520177950507e+01,-2.698405755806374273e+01,-2.257202755468413002e+01,-2.017434023393440512e+01
-2.027885287582494556e+01,-1.764696641585882730e+01,-2.086192137116839262e+01,-2.732413379604396297e+01,-2.915604968182347179e+01,-2.904552584443628760e+01,-2.858578807077590156e+01,-2.898413907190796834e+01,-2.865940556252838078e+01,-2.402468373365462995e+01,-2.033849822892758041e+01,-2.130739824129011595e+01,-2.662292096974237054e+01,-2.077584618975402364e+01,-1.266240003306394968e+01,-1.104106851039165704e+01,-1.542219780964456533e+01,-1.739474345367172603e+01,-1.356142874330978287e+01,-1.451191251799306059e+01,-1.789181331869396629e+01,-2.381457203057161465e+01,-2.617399439032163855e+01,-2.802443364623245969e+01,-2.871024794892394283e+01,-2.891559444314102123e+01,-2.877157964524189993e+01,-2.785483758565979784e+01,-1.979964656181902427e+01,-1.493048447003536694e+01
-2.164114214255298663e+01,-1.927099327119799099e+01,-2.195689860625378387e+01,-2.818177967314507626e+01,-2.906255184262674618e+01,-2.895730943943031832e+01,-2.889829099254243516e+01,-2.937517589318018452e+01,-2.922659734657109354e+01,-2.479026486666086271e+01,-2.127431960217259288e+01,-2.240591548911578457e+01,-2.649254023598511054e+01,-2.246466106163721577e+01,-1.426167823402744972e+01,-1.198271698759366544e+01,-1.546875523609720204e+01,-1.848442698031221099e+01,-1.327309276192051612e+01,-1.196737101731027053e+01,-1.387575315568603962e+01,-1.992034465441531665e+01,-2.687530729775722449e+01,-2.864091718070319814e+01,-2.848570640021322120e+01,-2.850108661773098362e+01,-2.889691868354813664e+01,-2.745418971966785904e+01,-1.850376509810202563e+01,-1.371433581819959535e+01
-2.250526040273613759e+01,-2.038310286446994368e+01,-2.357368623931949614e+01,-2.861698605806711271e+01,-2.920590010721971908e+01,-2.929955373346932035e+01,-2.872963930036864610e+01,-2.918924131008723322e+01,-2.887463620665726438e+01,-2.507589443474059010e+01,-2.275371602943242166e+01,-2.441313802917545317e+01,-2.761745822809304229e+01,-2.426390405926228411e+01,-1.603915381785917305e+01,-1.315055081596293540e+01,-1.619745162388828064e+01,-1.866144212694431204e+01,-1.802429832571884205e+01,-1.447787452908331751e+01,-1.267219576764764888e+01,-1.665604699290735269e+01,-2.636860360107097989e+01,-2.900043368896354679e+01,-2.873081523547000415e+01,-2.924401571188762716e+01,-2.911323553640118433e+01,-2.632146218577261365e+01,-2.029252086323537796e+01,-1.721936147531885908e+01
-2.379332200635517225e+01,-2.166711026088447412e+01,-2.438849396513272794e+01,-2.893377751554906396e+01,-3.011422052606149435e+01,-2.938760855243464221e+01,-2.925619711946783141e+01,-2.985035349608986266e+01,-2.987590431812715508e+01,-2.360813808036204975e+01,-2.111978703193097573e+01,-2.317033424498928440e+01,-2.678514883118323553e+01,-2.453526341586102788e+01,-1.707501582532425033e+01,-1.417105707545189297e+01,-1.713568243200865027e+01,-1.671519473859459026e+01,-1.272089849156179220e+01,-1.074462298071308552e+01,-1.275821517531279525e+01,-1.995891846213370968e+01,-2.538468870539574240e+01,-2.909430606299398292e+01,-2.955703842260275849e+01,-2.965202814049528257e+01,-2.970259614810822058e+01,-2.598508048614372257e+01,-2.343251170018675822e+01,-2.256515773846085793e+01
-2.768429592359344582e+01,-2.598948084067893305e+01,-2.643257215625414602e+01,-2.849311937749259371e+01,-3.031411417375957384e+01,-3.005211026299025079e+01,-2.953632204902146796e+01,-2.964120297118103764e+01,-2.976270488973888817e+01,-2.234045356296936191e+01,-1.678605023766778714e+01,-1.643926355641358938e+01,-2.112389870661838742e+01,-2.377213654649738572e+01,-1.708289734623740941e+01,-1.465776369576747840e+01,-1.804881861052948366e+01,-1.534030767712117260e+01,-8.478260855259662776e+00,-7.845017993019897773e+00,-1.310187675795990359e+01,-2.317895384300539874e+01,-2.509498436638250851e+01,-2.962566478996519947e+01,-3.006633317141522710e+01,-3.039904437905410717e+01,-3.010901378016056640e+01,-2.455872766531197016e+01,-1.924356457534109666e+01,-1.656941565535883498e+01
-3.027852062662695687e+01,-2.943185606023055456e+01,-2.879733604180078999e+01,-2.930702746243487056e+01,-3.085832207876152822e+01,-3.078098900910395841e+01,-3.056728603176756920e+01,-3.031622245205435817e+01,-2.994473636327528965e+01,-2.105066705408116690e+01,-1.382837637923578811e+01,-1.264487441684536684e+01,-1.698662053855361620e+01,-2.308314287586576796e+01,-1.767078067593260826e+01,-1.582868118853073014e+01,-1.971576023304285386e+01,-1.606157094708420274e+01,-9.715138542677440370e+00,-8.048184111366353477e+00,-1.019495843980469196e+01,-1.766800464136079185e+01,-2.490955332332862326e+01,-2.996360447553565720e+01,-3.014557213185952378e+01,-3.057576001525684362e+01,-3.050990799581928670e+01,-2.347918844324261656e+01,-1.595104143624599402e+01,-1.396906321215781510e+01
-2.845751373023743724e+01,-2.660094773845307969e+01,-2.811016018780426862e+01,-3.034903510107862346e+01,-3.168933646694110351e+01,-3.150956844929170586e+01,-3.123744948198840987e+01,-3.133975072727081823e+01,-3.140891472397336415e+01,-2.170710874059397710e+01,-1.363426329375831969e+01,-1.210482439417747891e+01,-1.603717975859429501e+01,-2.348665859441089054e+01,-1.958437891674649123e+01,-1.786898739322735352e+01,-2.178504221403927943e+01,-1.739394105113489175e+01,-1.351850531207528050e+01,-1.404808936351930093e+01,-1.111534148214222739e+01,-1.360810638840790787e+01,-2.483853738424378221e+01,-3.077686898217332967e+01,-3.153327814130519968e+01,-3.115648005823673827e+01,-3.080361204896509619e+01,-2.326568265578802652e+01,-1.717159877663711498e+01,-1.710532339869537566e+01
-2.523155995589659284e+01,-2.298242482511354368e+01,-2.552875453195754218e+01,-3.058628374654522730e+01,-3.177979963752114756e+01,-3.166980322657623503e+01,-3.128017127488575611e+01,-3.179119000364007874e+01,-3.168353450880435318e+01,-2.382094578631617665e+01,-1.623184058316953582e+01,-1.399793282689056007e+01,-1.724528671475226105e+01,-2.452106927964844374e+01,-2.244123774323999854e+01,-2.075811730119579579e+01,-2.377502681343418800e+01,-1.921344208160530087e+01,-1.242881254026085003e+01,-1.090414409475468283e+01,-9.225176263513585440e+00,-1.227198254935554189e+01,-2.471902101966226084e+01,-3.104676693918345620e+01,-3.128144737211255588e+01,-3.139917337413552900e+01,-3.110690902499383270e+01,-2.327984804003608232e+01,-1.877940102797911237e+01,-1.911269889110718978e+01
