-2.232606204127835525e+01,-1.593518651603898384e+01,-1.664400057264597166e+01,-1.838079203725500932e+01,-2.179713718315211679e+01,-2.211536543562305113e+01,-2.057108974899406562e+01,-2.707408836629297966e+01,-2.165297448858297358e+01,-1.687217625986025737e+01,-1.787306220707194271e+01,-3.489539229294449285e+01,-1.080948278747461977e+01,-2.406215439655987964e+01,-1.389289245647369242e+01,-2.700997142309035226e+01,-1.713868631572205814e+01,-2.721397224671419224e+01,-1.554327232405053927e+01,-1.909518848836232152e+01,-2.972096578479885665e+01,-1.806089128602260629e+01,-2.351343880450344059e+01,-2.668236503404643045e+01,-1.672367346520276499e+01,-1.911838316628378465e+01,-2.148136145065553393e+01,-1.834035515762099067e+01,-1.608560714945263470e+01,-1.100763394636489245e+01,-2.167681177337605192e+01,-2.112862431245582684e+01,-1.720267689517570631e+01,-1.741683150816293590e+01,-1.799164824902126369e+01,-2.462973347040114902e+01,-1.665865773340234313e+01,-2.315539889777567950e+01,-2.046232935247887497e+01,-1.804362207243662652e+01,-1.134377767440418516e+01,-1.369582850297656051e+01,-2.132267907531540274e+01,-2.448623856354604555e+01,-1.656850867941044925e+01,-2.409826693608781056e+01,-1.501187090323171347e+01
-3.050816161690063666e+01,-2.075232455102420204e+01,-2.228332644935850482e+01,-1.311705623421363498e+01,-2.431267901941283327e+01,-1.629734489200684067e+01,-1.802682044608396339e+01,-2.008347418415095476e+01,-1.496569571458605807e+01,-1.658324188391634735e+01,-1.950149042528331123e+01,-1.989569338934745346e+01,-1.530253209994005559e+01,-2.660236530490418616e+01,-1.237025031741864822e+01,-2.115588081647452157e+01,-2.432017824887944357e+01,-1.961160887625615246e+01,-2.500576077670329411e+01,-1.998937306048830820e+01,-2.688327646343361010e+01,-1.805958385332053240e+01,-2.614703465584305775e+01,-2.666939998590343919e+01,-2.466008603555093259e+01,-2.100994398925389106e+01,-2.541761730495866800e+01,-1.586909762353802655e+01,-2.773417711812067310e+01,-1.214692236209690890e+01,-1.557515862551325192e+01,-2.182638382412952183e+01,-1.454361529003370457e+01,-1.552873866422407367e+01,-2.218437522355357316e+01,-1.652952373373413053e+01,-2.625890007789168834e+01,-2.256654030180901316e+01,-1.999015154358848179e+01,-2.073709564059217669e+01,-1.242739593422966493e+01,-1.899052421779223465e+01,-2.978607510438600414e+01,-1.833736139331583814e+01,-1.442740440674900171e+01,-2.029101669156308674e+01,-3.345419691302055298e+01
-3.234912736097784602e+01,-2.493464441771235940e+01,-2.384144465178624728e+01,-1.895945170801109114e+01,-2.356113926754716204e+01,-1.719018960522048900e+01,-1.891378037463749706e+01,-1.732825879208142439e+01,-1.697090943983190670e+01,-1.869819537074540250e+01,-2.390719139623133316e+01,-2.492852941601875116e+01,-2.196079109873480917e+01,-2.641646903855892603e+01,-1.113809185874840502e+01,-1.894816788078760439e+01,-1.960297259263912650e+01,-2.179386155398791658e+01,-2.342381902613865563e+01,-3.269820609466491135e+01,-2.415217352231421089e+01,-2.012317363887714095e+01,-2.684896472118640531e+01,-1.881527046341009068e+01,-2.018777465231127621e+01,-1.791855677700143445e+01,-2.517268848959121286e+01,-1.233490088952037311e+01,-3.248096375782450451e+01,-2.063375416946020025e+01,-1.179623506740103700e+01,-2.394201264980305410e+01,-2.015076753838739165e+01,-2.726668121527371014e+01,-1.124824493199568920e+01,-1.481081286131757579e+01,-1.271095520799216949e+01,-2.142838449905931242e+01,-2.054273830460406458e+01,-1.832261602086090591e+01,-1.394498217468701107e+01,-2.226642884953413315e+01,-2.179165724402168181e+01,-1.582278777208370180e+01,-1.234683834806029168e+01,-2.009293261189299074e+01,-1.728777017524975079e+01
-2.176816561878264977e+01,-2.333814022322639659e+01,-2.932511994471234118e+01,-1.564462442947464460e+01,-2.084477830816371835e+01,-1.838058614386319078e+01,-1.822171738396864882e+01,-1.552932910482109818e+01,-1.643309292812983458e+01,-2.214539621193012664e+01,-3.365803216254981578e+01,-2.440700535579927077e+01,-1.629791477644183217e+01,-2.362170128985768258e+01,-1.726492540289046929e+01,-1.470457893767348700e+01,-1.920994788951526289e+01,-2.552443387802171060e+01,-1.692491573259497528e+01,-2.158782284703465137e+01,-3.003791852068701118e+01,-2.838376322403934182e+01,-2.034021827399484295e+01,-1.388933405663245324e+01,-1.858987574227010242e+01,-3.191702594486833888e+01,-1.438614152671493507e+01,-1.490264743987713025e+01,-2.009398263021071784e+01,-1.349813710005675205e+01,-1.296010012149008084e+01,-1.810185858090815003e+01,-2.029596726932534523e+01,-2.509145874840479706e+01,-1.180648230942965426e+01,-2.356607128080799995e+01,-1.326935981983282531e+01,-1.593127924897132885e+01,-1.430251428788601054e+01,-2.072145193770453631e+01,-2.823511157503128288e+01,-1.745897710604739217e+01,-1.499035922194330794e+01,-1.828837813481450425e+01,-1.518161828820563741e+01,-2.902188878582813203e+01,-1.717428154296161935e+01
-2.286718477764395985e+01,-3.790074530886536053e+01,-2.059337417196553943e+01,-1.675380172420867098e+01,-1.850032641014784218e+01,-2.660255325586292940e+01,-1.555237568071930099e+01,-1.869982382392537090e+01,-2.336782803532996411e+01,-2.663532247705400735e+01,-2.056134993917772391e+01,-2.992485025288675971e+01,-1.789870406370096134e+01,-1.943929956026075700e+01,-2.649697590397837033e+01,-1.441169541371915663e+01,-2.162432293104050629e+01,-2.933969127018752943e+01,-2.022827522401982492e+01,-1.973368269703535915e+01,-2.576907046010447289e+01,-2.510026585976589075e+01,-2.485690947928947381e+01,-1.841891901624110162e+01,-2.984508362741255283e+01,-1.953940985503736627e+01,-1.876603697952731054e+01,-3.077176900478008292e+01,-3.171417529137226410e+01,-1.223466751466715685e+01,-1.448991819940384396e+01,-1.563403933745324714e+01,-1.835564600990592510e+01,-3.812401288858857384e+01,-2.460348543329141791e+01,-1.734199819187072222e+01,-1.953816335356950162e+01,-1.937500199076045249e+01,-1.193657057864364113e+01,-2.081784028598880099e+01,-2.483857431197792565e+01,-3.986477651089668939e+01,-1.373722970972875324e+01,-2.193527134543391099e+01,-1.965516098902120845e+01,-1.666931918881022412e+01,-1.811876111967385938e+01
-2.384850555887734913e+01,-2.755963240761523281e+01,-2.536329573410201732e+01,-2.354529017334330376e+01,-1.622111855035282701e+01,-1.773273691555389320e+01,-1.510860014593296441e+01,-2.429501784641737316e+01,-2.453996829137958002e+01,-2.356343325260792199e+01,-1.366144519666510071e+01,-2.205606651566901633e+01,-3.062870313610264716e+01,-1.814687917285848329e+01,-1.692398050289298439e+01,-1.628783139961180737e+01,-1.946986221206219270e+01,-2.191929413997830167e+01,-4.079069435318530878e+01,-2.512354519586567392e+01,-2.477788871809221050e+01,-1.967842727658791802e+01,-2.256021038550228042e+01,-2.092460533863667038e+01,-1.983627994172077891e+01,-2.654091692349927456e+01,-2.028477050306683438e+01,-2.418073898903124785e+01,-1.649596184729297832e+01,-2.026526410343777940e+01,-2.533775483737979428e+01,-2.906818816320377863e+01,-1.621579838559064513e+01,-2.579436855865792921e+01,-2.240699035122707272e+01,-1.686046798627105403e+01,-2.290780442996606681e+01,-1.753898030071045255e+01,-1.594318192669955003e+01,-1.970574080532781380e+01,-1.478075735641382771e+01,-1.705478673871894912e+01,-1.872275547214933411e+01,-2.072681267455845955e+01,-2.090018513785699028e+01,-1.663580045672818386e+01,-1.585145586309887555e+01
-2.308119187476539480e+01,-1.946510769122631501e+01,-2.417450028929141936e+01,-2.668908775100280906e+01,-1.805350907831674334e+01,-1.718948918881638832e+01,-1.496734742779353589e+01,-1.829087157740289982e+01,-2.007158892451377241e+01,-1.870909368798739791e+01,-1.430482986488841313e+01,-1.965151514499426355e+01,-2.233626385949859738e+01,-2.103346225113373080e+01,-1.920441521857660661e+01,-2.322916137232002498e+01,-1.881488127867994109e+01,-2.679656317259174969e+01,-2.481384562332079469e+01,-2.477454410251301553e+01,-2.273216881107120457e+01,-2.237162518609307682e+01,-2.149153248343601064e+01,-1.760998591981202566e+01,-2.214792678772008472e+01,-2.348971390990182329e+01,-1.901879886468019976e+01,-2.401842934282824160e+01,-1.736061154354571912e+01,-1.934806546528689353e+01,-3.561358967067705805e+01,-2.054482322284870932e+01,-1.323458337793061723e+01,-1.628997877216417223e+01,-3.135174800359116887e+01,-2.088916332398751408e+01,-2.569144967675090641e+01,-1.491261878993181078e+01,-2.377856200434947453e+01,-2.720298724417649083e+01,-1.227882459373851631e+01,-2.202014629235476662e+01,-1.585518443418922985e+01,-2.975754113507567666e+01,-1.853953753403252946e+01,-1.592105481924159527e+01,-1.486897732120652016e+01
-2.088791899702649246e+01,-2.097956615243039380e+01,-2.263792814814394205e+01,-1.980965795440510391e+01,-1.410387456675715612e+01,-1.940148137696125730e+01,-1.296073561586748646e+01,-1.375384093393572194e+01,-2.283339189977515105e+01,-1.826262335836109330e+01,-2.229390185123967427e+01,-2.553671289943171629e+01,-1.722941292577086614e+01,-1.758965838962833672e+01,-2.254587254854776646e+01,-3.109550591072794390e+01,-3.079782459739118039e+01,-2.179887102356041240e+01,-2.617424485853777583e+01,-2.411119265967912284e+01,-2.135166246118507161e+01,-2.481342947625356032e+01,-2.336819198433790135e+01,-2.190790370454402947e+01,-1.972430314076795455e+01,-2.234058219767841535e+01,-2.433123674861212749e+01,-2.299153628120691906e+01,-2.218149564072101398e+01,-1.390139974574589132e+01,-3.316743210656820651e+01,-2.172668168260584309e+01,-1.670751378567585732e+01,-2.180363548853625133e+01,-3.019002738356614657e+01,-2.508046849200390938e+01,-1.653138417060297982e+01,-2.219174734954214756e+01,-2.004670733218845413e+01,-2.980070018709494661e+01,-1.645658961818503840e+01,-1.897504158256463569e+01,-2.611588894614252254e+01,-2.205254289574742543e+01,-1.640021339254002086e+01,-1.465759848897265805e+01,-1.181518149160798004e+01
-1.872867614450201756e+01,-2.870153208235859310e+01,-2.180721422632788631e+01,-2.483767989334161896e+01,-1.317521415860565170e+01,-2.011977107035242796e+01,-1.348745717867943661e+01,-1.399766937952909807e+01,-2.105746524417875065e+01,-2.154004277031159376e+01,-2.588634365812608706e+01,-4.117743129582428452e+01,-2.286355791110482372e+01,-2.018492975882097085e+01,-2.328270717467721340e+01,-2.932908630222446433e+01,-2.107370614274287846e+01,-1.495218659614466361e+01,-2.634259615040970459e+01,-2.789014010830282686e+01,-2.755771530117777957e+01,-3.107302368640229417e+01,-2.541065984115107668e+01,-1.745661348774772392e+01,-2.611382126529026593e+01,-2.055277001870169329e+01,-4.031611178512160620e+01,-2.982152011022266436e+01,-1.452921037026744600e+01,-1.580483080019256548e+01,-2.407885835253901519e+01,-1.837120697269988767e+01,-2.827587590494646719e+01,-2.153361309291151571e+01,-2.482642911135702590e+01,-1.999976483558139151e+01,-1.626329509532684980e+01,-3.009072825301014120e+01,-3.750468507258175066e+01,-2.533176077257866510e+01,-1.494535695812855636e+01,-1.911575192924271249e+01,-1.967079649963734767e+01,-2.644133564822455540e+01,-2.246484447100616322e+01,-1.866647862247028300e+01,-1.499199265817202154e+01
-2.146717286246095568e+01,-3.425176491498512377e+01,-2.355979528054331951e+01,-1.435579081468985407e+01,-1.644119064040943101e+01,-1.907247797300298942e+01,-1.336667161270108650e+01,-2.196978413213413006e+01,-2.316356029983107945e+01,-1.766086858316580432e+01,-2.283499285552493063e+01,-4.230528884883106855e+01,-3.865917820912646619e+01,-2.380373513769326266e+01,-2.476572982680199075e+01,-1.971254694989182710e+01,-2.310923151823712018e+01,-1.417086508115852439e+01,-2.321913408120293454e+01,-2.311839505229004388e+01,-2.210235568923879867e+01,-2.596489894584238201e+01,-2.600656704817797404e+01,-1.293197769781030715e+01,-2.743805195176398115e+01,-2.849422719684795879e+01,-2.166677545855797504e+01,-2.335855063262806652e+01,-2.032867017409981258e+01,-1.439174240883339451e+01,-1.774623580051634875e+01,-1.451126936202782503e+01,-3.310486853287376618e+01,-1.817295139492395606e+01,-2.077129453767268075e+01,-1.776174707662044128e+01,-1.968548565990167987e+01,-2.197099429995312647e+01,-2.106920588270243400e+01,-2.621750272583136976e+01,-1.532722559903367454e+01,-1.520840105495632955e+01,-2.004215028268278687e+01,-3.021680961353268202e+01,-3.510845159891878353e+01,-2.139035475783836660e+01,-1.816838440848815139e+01
-3.038444744235654582e+01,-4.698267579824563001e+01,-2.725220298517965745e+01,-1.713342765736492979e+01,-1.252473322750152995e+01,-1.606673143803071113e+01,-1.500302278346599749e+01,-2.066752545480153458e+01,-2.381653977495444963e+01,-1.524725703564682000e+01,-2.252439506955139947e+01,-3.180108734427802730e+01,-2.402946415806837877e+01,-2.643943995611423503e+01,-2.036378690352719900e+01,-1.492830948112568379e+01,-1.653290508331166819e+01,-2.221277094087287196e+01,-3.329690663337165546e+01,-1.846718207304255799e+01,-2.032849017518889667e+01,-2.251099523959832283e+01,-1.991280485511796527e+01,-1.742886815906858189e+01,-2.464304304183999150e+01,-2.352753434415370037e+01,-2.855682790111119118e+01,-2.299064387203142346e+01,-2.072847331158538609e+01,-1.514506219532088416e+01,-2.090907527812931477e+01,-1.377358919736140308e+01,-2.291904564145745837e+01,-1.884380210121612009e+01,-1.825355816360447037e+01,-1.837871612242710739e+01,-2.116064247038654145e+01,-1.890158573835809719e+01,-2.457236133450020787e+01,-1.587654562641090727e+01,-3.617803126433228300e+01,-1.382175670628452657e+01,-2.444070483119891435e+01,-2.494208656302252791e+01,-2.680638063921330883e+01,-2.412007944969300866e+01,-1.590159494759509329e+01
-2.432929994936182538e+01,-2.931008705689653127e+01,-2.104179008271227147e+01,-2.144856909638879117e+01,-1.389355539227818070e+01,-1.362042974784138671e+01,-2.205908826059629035e+01,-1.874589293826199565e+01,-2.453592156723832574e+01,-1.899490199630828968e+01,-2.167905891424620535e+01,-2.618128872596669154e+01,-1.894082499356624893e+01,-2.364220046004839304e+01,-2.323107733541100828e+01,-1.727842565074388048e+01,-2.099975658434347636e+01,-1.773729946277878256e+01,-1.772239716750523186e+01,-2.364125877714828405e+01,-1.734843206645872726e+01,-2.611531469632025448e+01,-1.926114972723552654e+01,-2.808048206868862451e+01,-2.415571336272272518e+01,-2.903395318387648061e+01,-3.427131752595222025e+01,-1.777040933639139197e+01,-1.471252582557385580e+01,-1.891546208167813603e+01,-2.665009016377862139e+01,-1.578774700605282355e+01,-3.027304727894065195e+01,-1.538639820432718253e+01,-1.753327409494601952e+01,-1.924036110468226113e+01,-2.115498179836975723e+01,-2.092064973721254262e+01,-2.335937154208089339e+01,-2.334206218712095549e+01,-2.886568992233506492e+01,-1.900741402916973755e+01,-1.931761441532544410e+01,-2.763150347044231481e+01,-1.481063006803254112e+01,-2.274678869993559616e+01,-1.953476849969828422e+01
-2.877700842659385216e+01,-3.068769065724201184e+01,-2.610894384266962476e+01,-1.636570975720881194e+01,-1.555406111582377449e+01,-1.993875428165147312e+01,-1.279542153376946345e+01,-2.457608462742488697e+01,-2.187885906634954125e+01,-1.626513600262038750e+01,-2.259314595972312745e+01,-2.181558626129312373e+01,-2.013605015768689910e+01,-1.919589309021507617e+01,-2.155027249410632351e+01,-3.172595186258059385e+01,-3.259116750115921235e+01,-2.396685350333918052e+01,-1.877461135986514051e+01,-2.022241126811163525e+01,-2.142813134440875444e+01,-2.937201949996598316e+01,-1.884091804559698602e+01,-2.582336951241911649e+01,-2.801101895073187720e+01,-2.504723194777037421e+01,-2.950572343089953975e+01,-3.175573337208957270e+01,-1.572372196891374685e+01,-2.137567591946066159e+01,-2.377433745769426565e+01,-1.601450935567201839e+01,-3.247671224797831258e+01,-1.491608719102255876e+01,-1.863414066187882767e+01,-1.839423712384988363e+01,-2.020639242028553895e+01,-2.242301819633324200e+01,-2.268576205128748668e+01,-1.651662049040897884e+01,-1.665210048878225280e+01,-4.192329348855008675e+01,-1.725979229802220871e+01,-1.438045763233743912e+01,-1.356116706936817806e+01,-2.428530290056271213e+01,-2.738761503482464477e+01
-3.284111533155095231e+01,-3.512461997580115280e+01,-2.283746449037163373e+01,-1.950337438124455502e+01,-1.761058782599236849e+01,-2.251005041276178176e+01,-1.123984179909327352e+01,-2.383446529207435916e+01,-2.084594532707933467e+01,-1.839954053768021325e+01,-3.326433601720813726e+01,-2.571460978548977749e+01,-2.754297852708935324e+01,-1.840518542206532260e+01,-2.604324264358364616e+01,-2.880277630846761028e+01,-2.317433656965530631e+01,-2.816585859920212442e+01,-2.286599752210153724e+01,-2.243148568432185996e+01,-3.186584249003852065e+01,-2.703238348041281824e+01,-1.984875494927927519e+01,-2.041336394216150651e+01,-4.291762840051943328e+01,-2.414407942363133230e+01,-3.199352518339347995e+01,-1.908520877491882572e+01,-2.545730898379941465e+01,-2.638666095368648001e+01,-2.082478612766972859e+01,-1.683210076540990840e+01,-1.860479344580546268e+01,-1.673190999681393265e+01,-1.865494778888688288e+01,-1.369157996940677791e+01,-2.320164188095522917e+01,-3.691910079987461302e+01,-2.392485803359408436e+01,-1.345913780492822021e+01,-1.852524347533598359e+01,-3.208058385770865328e+01,-1.658641597598531092e+01,-1.660331770156036058e+01,-1.485541092349320280e+01,-2.179466043811587639e+01,-3.192719560899366371e+01
-3.239718719410580405e+01,-2.879746532694960948e+01,-2.350300369281175250e+01,-2.035060368468465697e+01,-1.452960746561201155e+01,-2.028734745494910285e+01,-1.052280040078299272e+01,-1.901192138683213884e+01,-1.971893502066574655e+01,-2.297401774099184735e+01,-2.088413874556166405e+01,-3.368842496327252434e+01,-2.381799556642038240e+01,-1.569609163360867576e+01,-2.266530456673772420e+01,-3.466930390598779610e+01,-2.865963119133654757e+01,-2.424165259891680435e+01,-2.355165678734553580e+01,-3.267968098503423846e+01,-2.341698343541750305e+01,-2.706908582834036991e+01,-2.108971270412703092e+01,-1.947693482261381348e+01,-2.366757219923684374e+01,-2.166068997854430478e+01,-2.217201476666786419e+01,-3.406580419087442380e+01,-1.333094403324053800e+01,-1.341293186455399145e+01,-1.705400731838713213e+01,-2.299595420659609957e+01,-1.562862784437816899e+01,-2.114821378592321111e+01,-2.521647321489174942e+01,-1.094839282518496049e+01,-1.648852991945586410e+01,-2.422202777596516654e+01,-1.994964915088952040e+01,-1.968015492985700376e+01,-1.371404988895151611e+01,-2.037021771417748539e+01,-2.572294295480782367e+01,-1.757474956039866854e+01,-1.105193291457713300e+01,-1.539224994089462584e+01,-3.463877895358000814e+01
-3.304500548891358847e+01,-3.708643864643228483e+01,-3.145834359476893738e+01,-2.518106825507455682e+01,-1.326123503245650070e+01,-2.227212901361845354e+01,-1.260534583988436452e+01,-1.952695834476394410e+01,-2.489806456568273063e+01,-1.905052591327079270e+01,-1.729863903822299775e+01,-2.148699506667064441e+01,-2.491703634052159444e+01,-2.579335035188098146e+01,-2.151206983935217565e+01,-2.173670461340720550e+01,-4.208916908383748989e+01,-3.093328166192227613e+01,-2.535994716160982421e+01,-1.981045273456636480e+01,-1.726328836102435105e+01,-2.380819133634932783e+01,-2.441773163232026178e+01,-2.454424817725644203e+01,-1.874773756126243995e+01,-1.743237515875243204e+01,-1.861995020545829504e+01,-2.553038561865854561e+01,-1.783401182809637575e+01,-1.195927451993936330e+01,-1.993372314528081546e+01,-2.408669068668637081e+01,-1.724926923004033341e+01,-1.759314118691465367e+01,-1.672826182844533349e+01,-1.278442191350487889e+01,-1.521453285630981256e+01,-2.473690191122605597e+01,-1.621921490593688020e+01,-2.203018972095504324e+01,-1.294118737769458605e+01,-1.623934375257859131e+01,-1.885728924098359371e+01,-1.657622847394950938e+01,-1.493928993998693500e+01,-1.539413137714524638e+01,-2.324632358855943437e+01
-2.343229201424898633e+01,-3.199214533330038535e+01,-2.355598890643735643e+01,-3.756787136337637634e+01,-1.405665868639483840e+01,-1.705924748141828928e+01,-1.288655993715042314e+01,-2.795273316450892764e+01,-1.936820066790802031e+01,-1.365957245142327992e+01,-2.481903219668355831e+01,-1.802026374980166423e+01,-2.683369305873490518e+01,-2.056653298652650008e+01,-1.822811191143616583e+01,-2.379603628466718845e+01,-2.749088963647682604e+01,-2.658087057234190098e+01,-3.085123704240374209e+01,-2.154820479038189163e+01,-1.926090628522040049e+01,-2.108944050777914470e+01,-3.142738890089062664e+01,-3.834456631182864328e+01,-2.343818272292823579e+01,-2.436551193441675167e+01,-1.772983149529903812e+01,-3.638015680517561634e+01,-2.269883000346466062e+01,-1.947515330854334792e+01,-2.364351826182049621e+01,-2.368200569380041998e+01,-1.993784425081968692e+01,-1.484321075938543011e+01,-3.184314320213536220e+01,-1.635194939495725919e+01,-1.748415046039237453e+01,-2.386970218086102236e+01,-1.878353575337488834e+01,-1.885416323695214302e+01,-2.029528632909869756e+01,-2.343538781458563136e+01,-1.518725664766262184e+01,-2.900226525612574591e+01,-1.982624267655334194e+01,-2.581044511607670700e+01,-2.352461581009605851e+01
-2.081670254434088818e+01,-2.081191282078118121e+01,-1.896165399647274796e+01,-2.313942797133361751e+01,-1.865815043661239514e+01,-2.757534458500351704e+01,-1.316752164106503642e+01,-4.140662384123761086e+01,-1.314450452355034216e+01,-2.497977005820348850e+01,-2.293953692677419554e+01,-1.598207106546664491e+01,-2.857093614967277517e+01,-2.006702603788512107e+01,-2.221201286603217540e+01,-2.554734739475478023e+01,-2.267280647373963376e+01,-2.393689034664230064e+01,-2.435206059645003052e+01,-2.739173333945659294e+01,-2.369056242487971886e+01,-3.335279037190013440e+01,-2.584552226163410893e+01,-2.223869290193043824e+01,-3.660440316205779965e+01,-3.522539406689094932e+01,-2.307403575532271844e+01,-3.076331222809077204e+01,-2.562309517976997242e+01,-2.095863194093001169e+01,-1.980340038421068272e+01,-3.106824485107247824e+01,-2.744913371213218056e+01,-1.506760993180300723e+01,-4.607576928026232110e+01,-2.674804678573499217e+01,-2.452954396631235312e+01,-1.953174963021620059e+01,-3.008330945972780057e+01,-1.974663432343604796e+01,-2.852912681363234526e+01,-2.098373980294466534e+01,-1.847175077314538427e+01,-1.894707495083323323e+01,-1.005122934165954440e+01,-2.537669447483381902e+01,-3.001416099132649862e+01
-2.096662285666746328e+01,-2.245590053011616760e+01,-1.902812699448169198e+01,-1.539162972883300995e+01,-1.912871183781140161e+01,-1.804615623928411594e+01,-1.776314537957403772e+01,-2.221299316871134977e+01,-1.590348542255823894e+01,-2.173654470988409315e+01,-2.736214016229090618e+01,-1.844334356302855227e+01,-1.985868991665526551e+01,-1.640057774109688893e+01,-2.496867405365147619e+01,-2.509211878138873431e+01,-2.296452680974805816e+01,-2.105703051063166598e+01,-2.743228965066163738e+01,-2.754693464291191773e+01,-1.710341091177276240e+01,-1.968399445433097128e+01,-2.575542077851439871e+01,-2.046115118193304383e+01,-2.136736123637450646e+01,-2.425782284076156614e+01,-2.368122769168643771e+01,-2.200276093755663354e+01,-1.376027914759391280e+01,-1.431733813704843072e+01,-1.846222791989761447e+01,-1.983042993680739485e+01,-1.904415725788654612e+01,-2.015656494373697072e+01,-3.117163157868140999e+01,-1.368853102166362312e+01,-2.540897175836249744e+01,-2.031380513263657406e+01,-2.136699221147794958e+01,-2.037970538922882824e+01,-2.395903925132734003e+01,-1.681256625829334084e+01,-1.913367763760750151e+01,-1.820213318055328955e+01,-8.819221729007285404e+00,-2.426608091915756305e+01,-1.956176369833897155e+01
-2.217182717403150960e+01,-2.488510899043325963e+01,-2.509316313305424018e+01,-1.235981379844182015e+01,-2.152274778451094761e+01,-1.609173912613176327e+01,-2.949774613072190022e+01,-2.010251705653365661e+01,-2.617087373501094660e+01,-2.389379395331656042e+01,-1.837616900215417814e+01,-2.178191233071283150e+01,-1.835400191595465458e+01,-1.737486359151268900e+01,-2.059662822917992742e+01,-3.202177688700471236e+01,-3.816899147765641231e+01,-2.333558967854909838e+01,-3.211807342601926507e+01,-2.641833764073046709e+01,-1.755341869470988314e+01,-2.127426117768169789e+01,-2.292961933646119022e+01,-2.837528989783188038e+01,-1.570050412005055307e+01,-2.530681052194725567e+01,-4.261557628850147950e+01,-2.104804887889354958e+01,-1.538725975157447401e+01,-2.116213151131051262e+01,-3.846066173406090627e+01,-2.178886437196353754e+01,-1.743187002247924156e+01,-2.370116071301449523e+01,-2.167571995932245343e+01,-1.345463786124061478e+01,-2.011539731688207411e+01,-1.465376703182764473e+01,-2.224116679865143809e+01,-2.157423192176868199e+01,-2.763178599345707198e+01,-2.293429657641537744e+01,-2.668211802479926575e+01,-2.600878151087232482e+01,-1.406979646614709978e+01,-2.074494976424023918e+01,-1.611735748901551446e+01
-2.414113688393919688e+01,-4.625098009613783034e+01,-2.606598047347272029e+01,-1.931073897340118606e+01,-1.409819646951046224e+01,-1.877436175317628653e+01,-2.783459224980519053e+01,-3.829691517146489588e+01,-1.894196745879290589e+01,-2.052660460652294461e+01,-1.568895940815123069e+01,-3.675676068202500346e+01,-3.216767818660459000e+01,-2.867942547054783020e+01,-1.723466283529713650e+01,-2.360243581005370217e+01,-2.762094710834022138e+01,-3.683970619950883219e+01,-3.072463097149819689e+01,-2.965160694976739109e+01,-3.218351508745907807e+01,-3.964909404727268338e+01,-1.956426052467959664e+01,-1.960367436455882029e+01,-1.732932113422264919e+01,-2.487679062816233611e+01,-2.346463314321152183e+01,-1.563107820474804299e+01,-2.737252359717799877e+01,-2.437424302998881132e+01,-2.279979692443248851e+01,-2.350711667898199053e+01,-1.672658628905361411e+01,-2.790597332308058753e+01,-2.388789989179835516e+01,-2.065040013450802903e+01,-1.530916177180980497e+01,-1.319799522018283966e+01,-1.574471065213295518e+01,-1.453544868256212830e+01,-2.322211733489130836e+01,-2.696208302683091063e+01,-2.400024762760203245e+01,-2.549531110764265307e+01,-2.005788476657179942e+01,-2.253038775044197806e+01,-1.521439406803057004e+01
-2.809547894744822116e+01,-2.589955056899102104e+01,-2.356927583258264036e+01,-2.108767925854552772e+01,-1.698119813270604794e+01,-2.527749944805489335e+01,-2.585600381492988120e+01,-2.043175373904055192e+01,-1.705546022363310499e+01,-1.546989264991657187e+01,-1.652505622990673118e+01,-1.964262670162702307e+01,-2.390009574541413073e+01,-2.060225504433711663e+01,-1.721517114602392695e+01,-2.482069706190236147e+01,-3.359637866626977143e+01,-3.122130789977936161e+01,-3.089845003192661110e+01,-2.930196927707534016e+01,-2.678708927886080815e+01,-2.427198709222406237e+01,-2.525519324485472339e+01,-2.744425210691840178e+01,-2.022123778651897652e+01,-2.539586718742652494e+01,-2.988691632759965700e+01,-1.791359004550520950e+01,-2.546245032335935576e+01,-2.084806570602009046e+01,-2.756676057689893611e+01,-1.629124869574870615e+01,-1.623007097966463519e+01,-2.216241388994550832e+01,-1.772775429588967455e+01,-2.067084268110967571e+01,-2.646087148207474016e+01,-1.844965317600413357e+01,-1.709691550438414609e+01,-1.529836632701495880e+01,-1.577642820428997616e+01,-2.047952591455644011e+01,-2.059489017320961324e+01,-2.112561625246501507e+01,-1.958847531934194564e+01,-2.365761660533390653e+01,-1.682195851575442802e+01
-2.435128426919135691e+01,-2.396269871346651925e+01,-1.936499980835755608e+01,-1.614356299541600848e+01,-1.974414785234813152e+01,-2.220006369109334088e+01,-2.278461751247589717e+01,-1.746206436770298609e+01,-2.244042983350410836e+01,-1.309809529844320863e+01,-2.677265784663497783e+01,-2.008273667713883270e+01,-1.933699000335361973e+01,-1.546437448323779051e+01,-1.800983299118639636e+01,-3.049533873298877751e+01,-2.364759262719071842e+01,-3.364241793911314460e+01,-3.563385489111303173e+01,-3.213774429194308624e+01,-2.154225194953744449e+01,-2.017869543543814004e+01,-2.448731081744833205e+01,-1.677743787470392789e+01,-1.965853827251184072e+01,-2.142380502504401463e+01,-2.163160832468804173e+01,-1.927833932495142477e+01,-2.166170570368534953e+01,-1.556778878607967798e+01,-1.787824525847123880e+01,-1.852306076608872942e+01,-2.384621131338857936e+01,-1.906352469932038929e+01,-1.990274270958299496e+01,-2.519249203470687348e+01,-2.384405985403972039e+01,-3.318384212804836153e+01,-2.079581633738515478e+01,-1.833285150327866475e+01,-1.388715979427940894e+01,-1.953069075747334438e+01,-2.120645996247171894e+01,-2.427299327557681607e+01,-1.853971491620679046e+01,-2.520965942956026851e+01,-1.764919679032032818e+01
-1.999664624110297240e+01,-2.542540571591467113e+01,-2.567785139661582150e+01,-2.161758177664402680e+01,-1.999411377707253479e+01,-2.434098864436705156e+01,-1.985198139866877298e+01,-1.630833818047382522e+01,-2.531827078589138935e+01,-2.015822901949281487e+01,-1.697549972012184938e+01,-2.597587719566946163e+01,-2.069131380667508679e+01,-1.734522462648042307e+01,-1.538058870836281500e+01,-3.434572529700433563e+01,-2.899553072225820571e+01,-2.794659513365401438e+01,-3.133575494114183257e+01,-2.985179286909731644e+01,-1.994857994591740535e+01,-2.716867457118308238e+01,-1.803414817515662705e+01,-1.770697192510082019e+01,-1.831501890616215533e+01,-2.193062359917841775e+01,-2.593520983207260855e+01,-1.785806806922158785e+01,-1.972099643021904569e+01,-1.563468842819112403e+01,-1.829253840198059677e+01,-3.043296693835623401e+01,-2.350419906137050674e+01,-2.172396658751001652e+01,-2.378430808088774029e+01,-1.618690048395281167e+01,-1.742614826674025963e+01,-2.599590920412524753e+01,-1.987804071046560139e+01,-1.991163815845733609e+01,-1.391857112462463064e+01,-1.659619502192839846e+01,-1.763540547733638064e+01,-1.582388709801470128e+01,-1.813043711591531348e+01,-1.826542285951653000e+01,-1.639308633524361269e+01
-2.044661126291791930e+01,-2.411631086576665695e+01,-3.385273267763523108e+01,-2.293659730738490055e+01,-1.956936153187866978e+01,-2.286326561739349117e+01,-1.932442918197665449e+01,-1.684730515219469993e+01,-2.105023572507418450e+01,-1.580017377845484283e+01,-2.065046992886409072e+01,-1.773210915048692726e+01,-1.812049313656090277e+01,-1.742871555455126753e+01,-1.492825611816252263e+01,-2.663085758836067996e+01,-3.418336046163936004e+01,-2.078448594911038327e+01,-2.592859315131810405e+01,-3.568126271362412183e+01,-2.049445472976486471e+01,-2.228665670053074876e+01,-2.919082115858934046e+01,-2.179415900051187904e+01,-2.110577331005680435e+01,-2.099484305714713983e+01,-2.443600181540949379e+01,-1.562209805135070795e+01,-3.095721283632786225e+01,-1.968465180906738254e+01,-2.119541778600318693e+01,-2.869826805410274773e+01,-2.090556088375840460e+01,-1.727462913997982596e+01,-1.788605920067471189e+01,-1.513422580374560233e+01,-1.662735428535101079e+01,-2.185984635484548733e+01,-2.550534478862656584e+01,-1.892519662567049465e+01,-1.363917056237815117e+01,-2.330390716139554641e+01,-1.256767963076177708e+01,-1.265418044976545531e+01,-2.113108485539246928e+01,-1.610068332138022029e+01,-2.885304507719517275e+01
-2.417872233743987920e+01,-2.671351212193642510e+01,-2.795875670650256239e+01,-2.058365906999290473e+01,-1.561191422761226733e+01,-2.795878171984660909e+01,-1.564593872073627168e+01,-1.686336065911469717e+01,-2.475334116714973831e+01,-1.289495568131419390e+01,-1.571233218115362007e+01,-1.105307394715949521e+01,-1.984818388499803987e+01,-1.832866575664708719e+01,-2.162193035984484979e+01,-2.470114812288802497e+01,-3.469964938880440997e+01,-1.714042909965100847e+01,-2.511611299731260871e+01,-2.923492211442100341e+01,-2.676146851966999307e+01,-2.231623811527767742e+01,-3.477012141068914985e+01,-2.526798806720096380e+01,-2.615625253669459838e+01,-2.274089418780128824e+01,-1.982302085990355778e+01,-1.998162135655184102e+01,-1.694979627757626517e+01,-1.542438816491239528e+01,-1.569671678667075909e+01,-1.900497131226680025e+01,-4.112553724810489086e+01,-1.739026328655747378e+01,-2.168443926122644783e+01,-1.529592063777180933e+01,-2.528944733384170007e+01,-3.442723155839075133e+01,-2.236225740619725855e+01,-1.651574819197653454e+01,-2.410976080603627736e+01,-1.754403631662243868e+01,-1.839624607708240944e+01,-1.414129270560012408e+01,-1.548035749348603574e+01,-2.373573033001531485e+01,-2.484074687336192611e+01
-2.503217396684064866e+01,-1.988706019185051943e+01,-2.561345128852784825e+01,-2.595919028528027894e+01,-1.979275799564928562e+01,-2.154909506375008732e+01,-1.499139574610369685e+01,-1.495452695440120294e+01,-2.826934459945536560e+01,-1.780823688536506921e+01,-2.795763346169376717e+01,-1.565381993614153089e+01,-2.329461568989117737e+01,-2.315333028142639904e+01,-2.636948296530063374e+01,-2.807668962188515138e+01,-3.463540123079521038e+01,-1.450927077372177187e+01,-2.056963393240508964e+01,-2.277502906289953799e+01,-2.829527442068715715e+01,-2.945204432840508346e+01,-3.653769266504360047e+01,-2.572502962976653862e+01,-3.696443866422705327e+01,-2.830726455169852684e+01,-2.103462251391327698e+01,-1.689613626475114572e+01,-2.215565580853286320e+01,-1.542494302257604488e+01,-1.477710716219862164e+01,-2.500784772005904699e+01,-3.789743955269480580e+01,-1.829419161487349399e+01,-1.662232598645968551e+01,-2.250409609968362901e+01,-2.204807548450384402e+01,-2.497104253316313560e+01,-1.403451882785508964e+01,-2.448371734396522115e+01,-2.019961064352800406e+01,-2.049353317479486947e+01,-2.130590527005805868e+01,-2.311465647023662484e+01,-1.514679142596294170e+01,-1.748589431398700711e+01,-1.811802415436410385e+01
-2.551686475624650541e+01,-2.463700797997716663e+01,-2.236475833455786244e+01,-2.367163941678829531e+01,-2.832757038516019676e+01,-2.175822077932306087e+01,-1.528007607507609400e+01,-1.466588973809307106e+01,-2.066039964899626824e+01,-2.101629539598500074e+01,-2.503454139883488239e+01,-2.427721276517914006e+01,-2.495400219696716704e+01,-2.462973119017895129e+01,-3.048068187437393917e+01,-2.770059905856884086e+01,-2.519750767286673465e+01,-1.466532520576933862e+01,-2.192545849933941327e+01,-3.066403811976552873e+01,-2.289750625976126486e+01,-2.861800320515058971e+01,-2.586294052744126759e+01,-2.429011263641529084e+01,-3.071944510413229068e+01,-2.714391659424968140e+01,-1.939096570377996542e+01,-2.427273576423112900e+01,-2.726883161579007009e+01,-1.968118180756418667e+01,-2.852586815631843464e+01,-2.460825035497881785e+01,-2.701361920557214091e+01,-3.047070671907287931e+01,-1.662053713085180462e+01,-1.805528287376309393e+01,-1.640687287419513041e+01,-2.591698549579609434e+01,-1.330054440467465504e+01,-1.834699686714145983e+01,-2.018035662939715991e+01,-2.706607583966253827e+01,-1.501865134068622254e+01,-2.033272987582606817e+01,-1.805591107061832545e+01,-1.673628653940010480e+01,-2.441602816667587206e+01
-2.966420957378977619e+01,-3.887852848618938850e+01,-3.008660934788919050e+01,-2.065732582051133903e+01,-2.090190988374839876e+01,-1.586711850376664756e+01,-1.752179287662283613e+01,-1.956805001209208683e+01,-1.700139645540455291e+01,-1.830163067893776230e+01,-2.222252002781533520e+01,-1.392590316498734637e+01,-2.299886932216501734e+01,-2.824216682827983860e+01,-2.232236243618252658e+01,-2.507771714436046295e+01,-2.656138836132214109e+01,-1.825743861982756755e+01,-2.497516736667394710e+01,-3.344048493687258627e+01,-2.052934135646813374e+01,-3.737263777923833175e+01,-2.164881072028169484e+01,-3.486907439360529537e+01,-3.981559774681837638e+01,-3.527241120221653148e+01,-4.023794428443579108e+01,-2.234522158761840771e+01,-2.254850508824979372e+01,-1.584295279562528336e+01,-1.758329791674623266e+01,-3.158035782998194563e+01,-2.891769737133440898e+01,-1.915832354821969474e+01,-1.344083363582073787e+01,-1.309252123250864663e+01,-1.643295305822331542e+01,-3.605284605783838003e+01,-1.519493567296525072e+01,-2.537551302661727348e+01,-2.091070280861120878e+01,-2.930699414690796800e+01,-1.784194618290817758e+01,-1.844913321275629414e+01,-1.447608021961985258e+01,-1.831213870757362727e+01,-1.839603456787586566e+01
-2.534392575665523850e+01,-4.200307835826059488e+01,-2.161136349234677567e+01,-2.740033809605091264e+01,-1.303327814273291629e+01,-1.515973488973157934e+01,-2.124398592596857682e+01,-2.008538009834466465e+01,-3.017534673204512075e+01,-2.125541565438425096e+01,-1.631396092717780277e+01,-1.284751548350336847e+01,-1.998413192335452493e+01,-3.370993175682414744e+01,-2.262749265545430433e+01,-3.453267975139574730e+01,-3.137821706187621373e+01,-2.342135661293924898e+01,-1.970309882919289635e+01,-4.491477246238717669e+01,-2.812961266675212357e+01,-3.066005883774493412e+01,-2.785866358566056533e+01,-2.510425871438685874e+01,-3.320424605353369429e+01,-2.773197343106554058e+01,-3.224221398761972779e+01,-3.004323308292281780e+01,-2.544542691685836644e+01,-1.600429135644444756e+01,-1.429192849118293296e+01,-1.996661781221280307e+01,-2.639617589613700943e+01,-1.717319741998258564e+01,-1.732168132234243529e+01,-1.670609697871407207e+01,-2.328306148168093870e+01,-3.615662683768879049e+01,-1.611082858718586408e+01,-1.675753439528093480e+01,-4.129566130989741168e+01,-1.650530113332153803e+01,-2.183524817344840585e+01,-1.650236699312813471e+01,-1.490699366699325346e+01,-2.200309751361990251e+01,-2.534461169394536739e+01
-1.728412553981629429e+01,-2.095500899951891682e+01,-2.351875960570719570e+01,-1.832956410069123621e+01,-1.501192827003470498e+01,-1.812587723124897110e+01,-1.806445932431639179e+01,-2.051045190839310450e+01,-2.164928147943327730e+01,-1.819077907584297193e+01,-1.524819908932408374e+01,-1.426876041074442014e+01,-1.712798866142357568e+01,-2.372785185655975937e+01,-2.626419988178485454e+01,-3.096707643546825039e+01,-2.380416890161026089e+01,-3.259666124558219735e+01,-2.233440677315542189e+01,-3.207308797911503007e+01,-1.788681685936418830e+01,-2.440293271930395136e+01,-2.995439377642403400e+01,-2.637582511858491685e+01,-2.454790855296623420e+01,-2.478977052505402767e+01,-2.832654531882195670e+01,-2.526531593800003606e+01,-1.642266600147486244e+01,-2.129976978704593549e+01,-1.637065494730023829e+01,-2.362968776820876116e+01,-2.281008605317327920e+01,-1.503474627521601192e+01,-1.960621286487256043e+01,-2.348245928004972782e+01,-2.257428191490700442e+01,-1.984148578949220010e+01,-2.081464479231819098e+01,-1.456589127327930910e+01,-1.933908044586362962e+01,-1.940194904652813435e+01,-2.135958004802628452e+01,-1.647122803489473242e+01,-1.797358395680937448e+01,-3.334097338609399230e+01,-2.181544676022941687e+01
-1.634634575558644087e+01,-2.234965268781395054e+01,-2.931233550971025181e+01,-1.490859004852946157e+01,-1.772227922189284754e+01,-1.740454670714431984e+01,-1.539818756453987447e+01,-2.243650198667685913e+01,-1.774837494531250215e+01,-2.635049127449793360e+01,-2.074725732967347724e+01,-1.453497168381911209e+01,-1.358798270753949922e+01,-1.637483016361170485e+01,-2.153950289206582625e+01,-2.092108421716259770e+01,-2.483101058853711862e+01,-2.381231491004782796e+01,-2.829302375925837509e+01,-3.698916750284756461e+01,-1.467615432317229818e+01,-2.129963846228026725e+01,-2.827824610593266286e+01,-3.268701501579307944e+01,-2.641304429227187356e+01,-3.153253398859644108e+01,-2.224996334606312587e+01,-2.462263111724874420e+01,-1.897872696910393486e+01,-1.851351980297051369e+01,-1.683519586164536719e+01,-2.643835893898616263e+01,-3.240725037817380638e+01,-1.973128746173266634e+01,-1.724300466254831576e+01,-1.925760713372539712e+01,-1.657248496440277563e+01,-1.275120010992572439e+01,-2.606990344480856692e+01,-1.333285552565326881e+01,-2.650560856890551520e+01,-2.132276141786053358e+01,-1.853274032684370809e+01,-1.861442404875079504e+01,-2.485235985152515781e+01,-2.717551709511921487e+01,-2.024708907088541565e+01
-2.170453161907310502e+01,-2.850924155705093455e+01,-2.830399630955642820e+01,-1.910728161911181644e+01,-1.658781016504310912e+01,-1.169981492759322350e+01,-2.450876750763327294e+01,-1.781158787563154178e+01,-2.176373142664786187e+01,-1.437031443924955809e+01,-2.592500881954923031e+01,-1.475719867563989318e+01,-1.585072152215650476e+01,-1.989912905762993134e+01,-1.764538429921203289e+01,-2.088987734426908816e+01,-2.807277223865677129e+01,-2.693544338586528397e+01,-2.110765070578352720e+01,-3.422879025448903434e+01,-1.890940720775141770e+01,-2.613206651092518840e+01,-2.865001655518788937e+01,-2.415112000929915936e+01,-3.769713742216081442e+01,-2.794547344067680683e+01,-2.216854583777772802e+01,-4.261272805069627623e+01,-2.432846803138662040e+01,-2.416811904683743606e+01,-2.047047011200031363e+01,-3.605002856889920793e+01,-2.316884367493532082e+01,-3.096447441146848689e+01,-2.540782428964806527e+01,-2.342653764003690853e+01,-1.597970454359585091e+01,-1.665433567968172568e+01,-1.988175964687824404e+01,-1.359116831368847400e+01,-1.982495625617859858e+01,-1.960155047624132152e+01,-1.559836706643486082e+01,-2.171828261161075346e+01,-2.359083069602004912e+01,-1.936762393920669822e+01,-1.887888283511385623e+01
-2.687643816455678802e+01,-3.558488931171297054e+01,-2.118295644026603242e+01,-2.311515072129041926e+01,-1.831377166138400980e+01,-1.459283356592638903e+01,-3.619475944329029460e+01,-1.694557315016930943e+01,-1.690451438583775001e+01,-1.575217001822228013e+01,-1.763622806819250144e+01,-2.113305754635000255e+01,-1.678935082422840708e+01,-1.964802067326166224e+01,-1.755698551899954651e+01,-2.496869421250018206e+01,-2.785076684961816085e+01,-2.222820295978111460e+01,-2.207755618144194187e+01,-3.436704475443320206e+01,-3.335411592484184951e+01,-2.750629283793118418e+01,-3.037393411235974483e+01,-2.031585010205143149e+01,-4.162678580349410140e+01,-2.767345889619066668e+01,-2.778954968222923227e+01,-3.004153110481332334e+01,-2.035878762439008938e+01,-2.183464172371017042e+01,-2.175415042121600351e+01,-2.236821570709304297e+01,-1.879156184057457679e+01,-2.022830210804606210e+01,-3.086978749727058968e+01,-3.297776583252151994e+01,-1.608492527164417396e+01,-2.930578466192541143e+01,-2.012416417153105286e+01,-2.843045282596514767e+01,-2.335304038859872833e+01,-1.821698097339007560e+01,-1.689558237825112030e+01,-1.813674475029838362e+01,-2.290208871698508730e+01,-1.998238966161059338e+01,-1.863000991896814895e+01
-2.016408205455629599e+01,-2.883387405944741033e+01,-2.391687738632181492e+01,-2.579158003350883632e+01,-2.448377241654125314e+01,-2.249358068966346735e+01,-2.232815948423134955e+01,-1.442637622429723265e+01,-1.572591975694627919e+01,-2.139832502766808275e+01,-1.830960610204402172e+01,-1.796449279751678318e+01,-1.332292099893751747e+01,-1.338872654850895394e+01,-1.741233442182306490e+01,-2.924465854597313452e+01,-2.397198078555847900e+01,-2.110003373120848380e+01,-3.006261152220560007e+01,-3.698475882417994143e+01,-2.027677406348205835e+01,-4.110955586621686564e+01,-2.816444438899660696e+01,-2.193795675244851395e+01,-3.156898808685838986e+01,-3.779924518312397907e+01,-3.234860432305774225e+01,-2.940437475238529075e+01,-2.127519827859156365e+01,-2.364072343395211817e+01,-1.827291029863087246e+01,-3.491247826436833890e+01,-2.100010928771888885e+01,-1.761231985375964726e+01,-2.097644879799038264e+01,-3.235687237825244011e+01,-1.917427144595325217e+01,-2.402490297394548335e+01,-2.061395445773152701e+01,-2.020167998465933579e+01,-1.369722174141870852e+01,-2.158551920687946435e+01,-2.047119681144660674e+01,-1.658339551018205071e+01,-3.174151336699990367e+01,-1.861961301199008645e+01,-3.461544794532758829e+01
-1.841687669057620980e+01,-3.032448015387133822e+01,-3.402583020505203848e+01,-3.499508200203638353e+01,-3.021810804790959182e+01,-3.354473681398818741e+01,-2.600128525542321256e+01,-2.155743337394878267e+01,-1.341818002298331791e+01,-1.923665875725296814e+01,-2.531833981104065145e+01,-2.434483134144205962e+01,-3.420239367957974252e+01,-1.361135306103751574e+01,-1.745910588384816364e+01,-2.510434849026879789e+01,-2.268811480728790286e+01,-3.391367411108477370e+01,-2.978680511797949748e+01,-2.715389103097437840e+01,-2.281387471838915815e+01,-4.165115321137964344e+01,-3.908809621775197485e+01,-2.935797319583124221e+01,-2.495754439879871711e+01,-2.499491470952704475e+01,-4.997664468766060963e+01,-3.100304009214279688e+01,-2.134563444667708509e+01,-2.334765589179117029e+01,-1.749236077487952201e+01,-2.067234988251065531e+01,-2.142836735963341965e+01,-1.678178260149774204e+01,-2.707591775341667173e+01,-2.028833240903328061e+01,-1.815438080155383105e+01,-1.467983074708469182e+01,-2.759436185365518668e+01,-1.810436054384680205e+01,-1.557466500655159969e+01,-2.666366290580371157e+01,-2.294086461540571520e+01,-3.242590664123309807e+01,-2.066427676605571051e+01,-1.454591345833950200e+01,-1.758536662760802827e+01
-2.027049716634179788e+01,-3.547012616153766373e+01,-2.924194889225802640e+01,-2.538749972576790981e+01,-1.681759740201961861e+01,-2.433713881793568135e+01,-1.657646369154312538e+01,-1.806376324423788304e+01,-1.530028097731483250e+01,-1.817801299969870144e+01,-1.825316407900041327e+01,-1.315212535113735726e+01,-1.698351715300199771e+01,-1.873171301246244624e+01,-1.876127509885110456e+01,-2.540688040454249119e+01,-2.286326949955050125e+01,-3.128826809454576363e+01,-5.036742683130925258e+01,-2.484586708235946872e+01,-3.626419801810060051e+01,-3.479069829214610365e+01,-4.045792329093227835e+01,-3.269980766649423742e+01,-3.335635910600751686e+01,-2.477889455066461721e+01,-3.172056155047915738e+01,-2.840636891797944230e+01,-2.485648218820340816e+01,-2.294702418778184594e+01,-1.446027658220178047e+01,-2.102715685285406977e+01,-1.876771972826033164e+01,-2.111805800778195419e+01,-1.937499747485119173e+01,-1.599627307859996606e+01,-2.615288393798914512e+01,-1.386966352006825787e+01,-2.086580369644414645e+01,-1.301426917491671631e+01,-1.819877322170718514e+01,-2.356612834508172938e+01,-1.859413604734540115e+01,-1.746769993610899974e+01,-1.748185781552548690e+01,-1.397277995666862616e+01,-1.634231958567912102e+01
-2.319302984486065355e+01,-3.476341263718144603e+01,-3.451183066621114648e+01,-3.042917157856789601e+01,-1.549669755606017318e+01,-3.009118764624457398e+01,-2.128980337175115167e+01,-1.132086296750579990e+01,-2.352017923441124125e+01,-1.905003868144287793e+01,-2.275599484246090043e+01,-1.551360067704180068e+01,-2.861460911725868073e+01,-2.632013846521144274e+01,-1.621251450678601458e+01,-4.257760439558511223e+01,-1.896582247057732928e+01,-1.879549508579088624e+01,-2.980516182700708328e+01,-2.382393277695823031e+01,-3.696009794501433277e+01,-4.273974653086115438e+01,-3.296483543032744734e+01,-3.789893005557728145e+01,-3.389953784741239673e+01,-4.027774516431611573e+01,-3.021960287185600080e+01,-2.979451023594457837e+01,-3.014900878022993425e+01,-1.798863243253436650e+01,-1.746469767883192503e+01,-2.375479653857291140e+01,-2.869989509573576569e+01,-2.185321519185625050e+01,-1.693904089262996493e+01,-1.258406437445266768e+01,-2.034103063621947172e+01,-1.991922108450731699e+01,-3.893626530757421733e+01,-1.318829533689555689e+01,-2.518064151362082725e+01,-2.464604506360813474e+01,-1.136301585243936785e+01,-2.126006975990953407e+01,-1.991001367592864568e+01,-1.182774550593009977e+01,-2.100216096572924585e+01
-2.203684494794796933e+01,-2.279250489251271006e+01,-1.999653250450044695e+01,-2.405719312134771570e+01,-1.596103240123546918e+01,-2.581121622788912617e+01,-2.227875678018671479e+01,-1.363256583809931755e+01,-2.491989376379920884e+01,-2.162196337224247955e+01,-2.947372180700181232e+01,-2.232201678352833341e+01,-3.467101325534193279e+01,-2.718749150352517319e+01,-1.605909099249146621e+01,-2.716684259984982930e+01,-2.316558355820436788e+01,-2.019270796181745098e+01,-3.506039507501314034e+01,-2.143827542496204330e+01,-3.415707932543910630e+01,-3.766249854364213689e+01,-3.852634473685548500e+01,-4.685048662131589481e+01,-3.858822159773047389e+01,-3.088379335250964886e+01,-2.346174860554237540e+01,-2.760456702725813471e+01,-3.126929451373171531e+01,-2.600747792283980431e+01,-1.462438337079871786e+01,-1.781306032352613755e+01,-2.043392676884914039e+01,-2.300425271197708810e+01,-1.655427233356966354e+01,-1.325857178173008855e+01,-1.864136724501274500e+01,-2.054255601370957862e+01,-2.005205837705588579e+01,-1.594114691510526605e+01,-2.379036064887624491e+01,-1.735996005690310184e+01,-1.588891410900406420e+01,-2.261626421392064046e+01,-1.653178655436875744e+01,-1.194574852752529992e+01,-1.879616367339269800e+01
-2.019525110142555846e+01,-2.533356343951157186e+01,-1.930315221388915603e+01,-1.998160785240279225e+01,-1.327559871630903565e+01,-1.817033673332577592e+01,-2.036144640216262758e+01,-2.631872131061610887e+01,-1.698850346663994060e+01,-2.106191156250870478e+01,-1.776633300692206419e+01,-2.011675818785180070e+01,-2.657506012956407559e+01,-2.560755901745389806e+01,-1.963497080910063630e+01,-2.514537549068526090e+01,-3.710511263636935553e+01,-2.549620672556891421e+01,-3.077274181081200766e+01,-1.991316197066733906e+01,-2.455790270914393858e+01,-2.892665789883448113e+01,-3.018520840065015776e+01,-3.369002701337245753e+01,-3.065868258479508768e+01,-2.971718387185923405e+01,-2.087055338763653367e+01,-1.953441188720340804e+01,-3.017666659105528737e+01,-2.518892388971174867e+01,-1.744542462739131139e+01,-1.860421920239515003e+01,-2.887667033574048858e+01,-2.106756471720883894e+01,-1.895964881413363656e+01,-1.812355213654348418e+01,-1.778876764248591513e+01,-2.590980779458107008e+01,-4.789132034283482398e+01,-1.529650493911333164e+01,-1.626345441282644799e+01,-1.750733695611334539e+01,-1.935062741988775059e+01,-1.942754237300398046e+01,-1.527531408354568399e+01,-1.418841120092880281e+01,-1.926413323077155937e+01
-2.182403227294768300e+01,-2.306795051500337834e+01,-2.822423194163591020e+01,-1.888234334290434546e+01,-2.215918614484488813e+01,-1.554313785743361009e+01,-2.981361486798728677e+01,-2.212956095120671307e+01,-1.475351692964882133e+01,-2.062437017307969711e+01,-1.419802691223848612e+01,-1.876710011597655736e+01,-1.625209921477285846e+01,-2.863950649797899928e+01,-2.207571335285353342e+01,-2.827918272629617746e+01,-2.958748356826291470e+01,-2.709029989539637739e+01,-3.012678250178947437e+01,-1.955939231860761041e+01,-2.447033463405475473e+01,-3.672407112865828083e+01,-3.107671019397543333e+01,-2.565745374449044292e+01,-2.334114924859251516e+01,-2.884612662710163988e+01,-2.453000505481736582e+01,-1.740873796259001693e+01,-2.664783518785151983e+01,-3.550016138443876201e+01,-2.608564651759231623e+01,-2.497032985754796286e+01,-2.238195321044418407e+01,-1.660867154235195997e+01,-2.330324028156236693e+01,-2.277496939895980788e+01,-1.585572081503632802e+01,-2.042958402932240958e+01,-2.080971743410111685e+01,-2.017178437115750000e+01,-1.583454556523010837e+01,-2.046275779191496369e+01,-1.322750003047782386e+01,-2.386326107109412931e+01,-2.540094952089214786e+01,-1.996966708820472292e+01,-2.549509045095856763e+01
-4.016464106453484817e+01,-2.874125122867914328e+01,-2.160731574192199389e+01,-1.690686740147434719e+01,-1.681680137871536473e+01,-1.750953840079821688e+01,-2.676046549840954825e+01,-2.449846666496349457e+01,-1.645376677027173073e+01,-1.748041733592470592e+01,-1.537265331698717574e+01,-2.483297089124006263e+01,-1.539442534750893365e+01,-2.275137852408121120e+01,-2.067652116339644408e+01,-2.546694032404017705e+01,-3.107758379419436068e+01,-2.028488367542296800e+01,-2.773461457179805478e+01,-2.036950224937177367e+01,-2.529418930080147021e+01,-3.034242447485794614e+01,-3.075488872009680463e+01,-2.524007821556635278e+01,-2.101412822647180789e+01,-3.895624738123703423e+01,-1.904755392506198319e+01,-1.813607317012611375e+01,-2.141715213666243045e+01,-3.145582908490804641e+01,-1.723757875017873431e+01,-2.090815740987868310e+01,-1.794828652359555221e+01,-3.056369069483265832e+01,-2.237771374152197623e+01,-2.504388859238457243e+01,-1.584581331078421584e+01,-1.412390814149594220e+01,-2.437610884608158557e+01,-3.199824283398872637e+01,-1.607827626165639145e+01,-2.074340943801797366e+01,-1.806579260317748137e+01,-3.478651970603473842e+01,-2.422620408242757861e+01,-1.718267565268162755e+01,-1.950514564272994633e+01
-3.027780606912174477e+01,-1.984827790282211879e+01,-2.645394080347300303e+01,-2.325969066065405144e+01,-1.625684184999366266e+01,-1.412214791877773834e+01,-1.947968064158006740e+01,-2.816333994238589966e+01,-1.801142089951223468e+01,-1.652192973436374146e+01,-1.884880919639383734e+01,-3.281866931725587477e+01,-1.546901183142203884e+01,-3.344267527846267285e+01,-2.204522859919103794e+01,-2.623763646669473815e+01,-3.367854000705687412e+01,-1.599291079370016178e+01,-1.996500376106819985e+01,-2.410803433221879999e+01,-2.491973986997269819e+01,-2.718646692063573056e+01,-2.822578375786694949e+01,-3.372563195193461638e+01,-2.180580749054156087e+01,-3.392552942734503318e+01,-1.892734275831442403e+01,-1.804296926682080482e+01,-1.765598637060323028e+01,-2.098069339767393160e+01,-1.524104289107198440e+01,-2.349186669808645433e+01,-2.114405559637523169e+01,-4.194512531586285320e+01,-2.147353129721864207e+01,-2.312586886150081256e+01,-1.671303979395104733e+01,-1.213953407311744925e+01,-1.839580225588942497e+01,-4.064393893939487157e+01,-3.576795568544956438e+01,-1.993199803625001110e+01,-2.248538479569857884e+01,-1.907176236780987821e+01,-2.358602481104295023e+01,-2.428211032535905289e+01,-1.767095726760775420e+01
-2.590077119179298393e+01,-1.460502836277355954e+01,-2.018227022619893773e+01,-1.927480406430311177e+01,-1.718377869454240070e+01,-1.840307787900129100e+01,-1.951712580203945535e+01,-2.573447376631012418e+01,-1.708997517051432524e+01,-1.659527277281821611e+01,-2.536137934231607716e+01,-2.619601879544780587e+01,-1.805810163107653565e+01,-1.973076230995544833e+01,-2.516407097655595493e+01,-2.688887549129116650e+01,-2.620755536375882855e+01,-1.904789342647333683e+01,-2.037702463631489991e+01,-2.278552627880012693e+01,-3.048671753955288111e+01,-4.189891643839057878e+01,-2.160539019324047416e+01,-2.784940855649975333e+01,-2.129925745405902049e+01,-2.547834349499290241e+01,-2.853886744822645127e+01,-1.843458764009331219e+01,-1.742560930906061145e+01,-1.932854996697092531e+01,-1.717674464168084825e+01,-1.174046265795962185e+01,-1.807105129559452195e+01,-1.818522211930893562e+01,-3.020928288545955098e+01,-1.574609901870251960e+01,-4.434022876400156576e+01,-1.677653403364445950e+01,-1.476032244764904533e+01,-1.879031600121653511e+01,-1.768167266929811632e+01,-1.451250685874020263e+01,-2.063634210002424751e+01,-2.115428071347600891e+01,-2.298675743479379108e+01,-1.490704940332896733e+01,-3.720099251052463529e+01
-2.166522549991485391e+01,-1.602642246889696054e+01,-2.195916039709838685e+01,-1.652717548610281995e+01,-1.323881625615286950e+01,-2.228517713658940025e+01,-1.848607747158022718e+01,-2.133658266095882183e+01,-1.484924338737663341e+01,-2.259488502033411450e+01,-2.413303208898422980e+01,-1.733036139404662990e+01,-2.405109195423516866e+01,-1.834463379488327917e+01,-2.153447736811794044e+01,-3.244323564342325028e+01,-2.664842967063353285e+01,-2.572531568495280396e+01,-2.296008144126268746e+01,-1.994575528914399243e+01,-2.923869782923308591e+01,-2.115601172840459299e+01,-2.689354143472780478e+01,-2.126893040352395658e+01,-2.685391398565754173e+01,-2.515927005750390322e+01,-3.383107376026536173e+01,-2.341530907713319465e+01,-2.917927970293174766e+01,-2.898336284597152712e+01,-1.842720737742064330e+01,-1.469023364352704242e+01,-1.332396225724962235e+01,-1.953694073400748010e+01,-1.890205170187753936e+01,-1.448160674379741053e+01,-1.880052211085627079e+01,-3.131469935464751586e+01,-1.923240632862192712e+01,-1.465293896379236749e+01,-2.148529605939419085e+01,-2.010645720310716555e+01,-2.150746046398090172e+01,-1.790951582876063242e+01,-3.009423445991805224e+01,-1.538990502571694385e+01,-1.665846495764704471e+01
-2.361819049969273010e+01,-2.332403793251671686e+01,-2.632856553621911644e+01,-2.471835145404651257e+01,-1.534387266461139809e+01,-1.801069981246488894e+01,-1.395151358582653245e+01,-2.518734174360425015e+01,-1.601935750883479770e+01,-2.171130106007862182e+01,-2.638297621349383348e+01,-1.406746994655323313e+01,-1.692819863892094290e+01,-1.769546787231991303e+01,-1.853739715568545776e+01,-4.616595333524990252e+01,-2.885705681048914784e+01,-2.791361396005234496e+01,-2.593838105039012376e+01,-2.033725688934015707e+01,-2.351870443619180406e+01,-2.466683892354052077e+01,-2.743548314292435464e+01,-2.310736413710882431e+01,-3.019669563340659124e+01,-4.043024920327343352e+01,-2.374522594502956707e+01,-3.055158657950048706e+01,-1.896690212898938555e+01,-2.343092668002617529e+01,-2.950346446995655825e+01,-1.342080920616707651e+01,-2.206938407827365012e+01,-1.881950659082719213e+01,-1.709321807466488252e+01,-1.530005474700535650e+01,-1.827276980749159918e+01,-1.844735796773060343e+01,-2.865160384650182124e+01,-2.479026422981940669e+01,-2.492351816633304651e+01,-2.280266273750652317e+01,-1.526730778641217690e+01,-2.182145712304947693e+01,-3.258226174522948781e+01,-1.802264865580441722e+01,-1.630083489146763043e+01
-3.052546508036185458e+01,-1.995641961331657654e+01,-2.059002910132308273e+01,-1.352140917664322650e+01,-2.127821599691878163e+01,-1.773575233964309916e+01,-1.873542675447213668e+01,-2.339717575680122152e+01,-1.954648053340119063e+01,-2.234610290177360881e+01,-1.607621167423389608e+01,-1.626475847372444861e+01,-1.892462498643790880e+01,-2.365943350196466355e+01,-1.834327002304075194e+01,-3.900418815612145806e+01,-2.682441118782552181e+01,-2.758763966480177032e+01,-3.201583815146768330e+01,-2.219223768296560451e+01,-2.542988187229387620e+01,-2.779882764941806172e+01,-3.157895505406673209e+01,-2.418131658050945276e+01,-2.213171115597539185e+01,-3.089505947964458699e+01,-2.491739827990333822e+01,-2.451306268172656289e+01,-1.826654686566349284e+01,-2.632207851425623346e+01,-2.412122039249858574e+01,-1.432486716835729368e+01,-2.399675915256793601e+01,-1.633547938985202563e+01,-1.564348344654040801e+01,-1.623928619248040306e+01,-1.595629602397966096e+01,-2.135994433537839399e+01,-4.707513269465152206e+01,-2.008449362212948586e+01,-2.056733348431833264e+01,-2.055802120477792627e+01,-1.282605049123096741e+01,-1.936207474223714442e+01,-2.621318346629470497e+01,-1.499835746348203536e+01,-2.406839714809802189e+01
-3.545543408760151749e+01,-2.326412805927337502e+01,-3.349069654393258588e+01,-1.749041981000040735e+01,-2.542458356931725660e+01,-1.985875189232057281e+01,-1.950968053844074035e+01,-2.503795336362625790e+01,-2.265748799171451111e+01,-2.279852701455273944e+01,-1.483669688166708767e+01,-2.292027998183729665e+01,-2.387236120356080349e+01,-2.717714736271379650e+01,-2.393227181445343632e+01,-3.132728877066778850e+01,-2.744910251344709806e+01,-2.225896081413802818e+01,-3.245222674243289163e+01,-2.328780960097380159e+01,-3.192705459505623367e+01,-2.789392614009015858e+01,-3.100045709535524807e+01,-2.497758229750814607e+01,-2.343642097760243459e+01,-3.640178720411432067e+01,-2.240013330657393453e+01,-2.418843874776499092e+01,-2.313621267999889142e+01,-2.028595346001010213e+01,-2.081345159047918969e+01,-1.789807267910612509e+01,-2.245832344816079029e+01,-1.811765180297330602e+01,-2.033865952500949348e+01,-1.248370519766255526e+01,-1.480687013117425899e+01,-2.651958576002727241e+01,-2.168035306140552976e+01,-1.724988343822848691e+01,-2.430615149015336129e+01,-1.744250901192619807e+01,-1.467556649385469569e+01,-1.726516274948111729e+01,-2.541588133510095915e+01,-1.338960744143086146e+01,-1.953717277273756281e+01
-3.079224549730791693e+01,-3.635789543495016574e+01,-2.677146930160929728e+01,-2.683489089569657793e+01,-2.679826174166500152e+01,-2.326900553265186389e+01,-1.932243171395521131e+01,-2.150977679070834014e+01,-1.964107920130329532e+01,-1.695336619685610913e+01,-2.152355439417890537e+01,-2.160997575938247195e+01,-2.035180049584280937e+01,-1.907107000056254975e+01,-2.216616264741906761e+01,-3.095323657483714186e+01,-3.271161924948305710e+01,-2.250805466614816908e+01,-2.476025064560669975e+01,-2.310740755672382107e+01,-4.332967415755991425e+01,-3.051213238238310765e+01,-3.073901336522807526e+01,-4.484488246158187508e+01,-3.208804721156910489e+01,-2.920482378783678001e+01,-2.237787423288293098e+01,-2.075646005569932129e+01,-2.154862546433995618e+01,-2.615614156659999168e+01,-1.924273855578134018e+01,-2.781681318162664240e+01,-2.461489480168955524e+01,-1.737681238919316584e+01,-1.502134521298207659e+01,-1.552016886217671043e+01,-1.724749943248800577e+01,-2.227997241950101426e+01,-2.426557797877584477e+01,-1.933663640281359974e+01,-2.121350468830896574e+01,-2.151153918583064595e+01,-2.306072379251055438e+01,-1.900800881236805395e+01,-2.986212148502844599e+01,-1.707246445341299790e+01,-1.732037925154526548e+01
-2.832545133141016436e+01,-3.336625679696797420e+01,-3.416016624798751167e+01,-3.902449786052385861e+01,-3.207329008214304622e+01,-3.442598785418098117e+01,-2.532085425052673955e+01,-2.767510997570214570e+01,-1.708628429704530305e+01,-1.815369174891699799e+01,-1.678207412499614293e+01,-2.153486473885710950e+01,-1.593394757894349922e+01,-1.716145970444365787e+01,-1.807454178129703237e+01,-3.153419770159008451e+01,-3.129022178463035786e+01,-2.697703430491397825e+01,-2.858299220292874665e+01,-2.184489599815414351e+01,-2.610916224723424861e+01,-2.861366765248640220e+01,-3.070742345459848366e+01,-3.277342683789289168e+01,-3.239707241495305823e+01,-3.036022544912376731e+01,-2.619447341069914970e+01,-2.220051015844125786e+01,-2.163252348946015502e+01,-2.908809767888318021e+01,-2.212082449941507889e+01,-3.081948860051327088e+01,-2.821902443543949701e+01,-1.608389549653505313e+01,-2.089567677604909690e+01,-2.635765331854964444e+01,-2.351130740017632448e+01,-1.682117878669598809e+01,-3.327551756666825611e+01,-1.996095789684071775e+01,-1.693604257223823950e+01,-2.567618613441873165e+01,-5.614547154835049980e+01,-2.011423234191347831e+01,-2.422234272658527843e+01,-1.802820309429451129e+01,-2.261305373689916465e+01
-2.542871615109134709e+01,-2.563984805565838343e+01,-2.928904024163158226e+01,-2.028426615442675995e+01,-2.050847093377316099e+01,-2.755426757906817414e+01,-2.945190817117843096e+01,-2.738519250060863897e+01,-2.307589234565661229e+01,-1.808367083622549032e+01,-1.984055860565610629e+01,-1.811571122804487644e+01,-1.869545685176199967e+01,-2.218436954284082674e+01,-1.841365195700133484e+01,-2.903832473876162368e+01,-2.575497028914235287e+01,-2.375045001884830498e+01,-2.821601800638118718e+01,-2.241856663433139474e+01,-2.384374798470323853e+01,-3.017289822519705211e+01,-2.832401008273297904e+01,-2.873025606875790672e+01,-2.767712694201554058e+01,-3.652204600562067327e+01,-3.429776627748074702e+01,-2.051725601440769964e+01,-2.082357953664735817e+01,-2.346898814535823163e+01,-3.165154975384727720e+01,-1.902875641195051770e+01,-2.137812949762081161e+01,-2.026358787316137011e+01,-1.846392054778725011e+01,-2.323476988017027622e+01,-1.929125663757640297e+01,-1.551679939880092896e+01,-2.157960361319496911e+01,-1.317304467826079062e+01,-1.568214110717601706e+01,-1.970873653476779452e+01,-2.289628719275214053e+01,-1.939247938546764516e+01,-2.022298143455760311e+01,-1.765826750131494194e+01,-1.864575164236991611e+01
-2.516434741600162539e+01,-2.246978425506902255e+01,-2.522987926360773159e+01,-1.568754876303046331e+01,-1.919600850863357877e+01,-2.123984624631717466e+01,-1.714511160683062485e+01,-2.412289042191618549e+01,-2.067622067426905019e+01,-2.258298554541514847e+01,-1.867886119878460249e+01,-2.783327579407001195e+01,-1.825907625980030247e+01,-2.188834995910629289e+01,-2.160267774079478897e+01,-2.809227381593201400e+01,-2.748202800800795842e+01,-2.539596357057348541e+01,-3.007182250784495992e+01,-2.373106107532007769e+01,-2.797828814770360850e+01,-2.908915711244339874e+01,-3.612230229712141494e+01,-2.969849219990871703e+01,-2.683225304525122823e+01,-3.765445534241437286e+01,-3.273182803916350281e+01,-2.578214733257492597e+01,-2.144077543016665288e+01,-2.237627739327435705e+01,-1.993034227296093874e+01,-1.816012568294042850e+01,-1.840130160503059287e+01,-1.775915841924874528e+01,-1.638002161019269920e+01,-3.364933661324349856e+01,-1.972862484329866817e+01,-2.429997689209566403e+01,-1.979700336023039142e+01,-1.160517416475016006e+01,-2.316389604671851643e+01,-1.588358655773823180e+01,-1.878444924734905541e+01,-3.338741212887216392e+01,-1.802293747357758846e+01,-1.833435729107398515e+01,-1.729375325665613161e+01
-2.713706050574925399e+01,-2.433931105693819319e+01,-1.942757543782361651e+01,-2.629731244050422490e+01,-1.941348499249961179e+01,-1.530647864238339295e+01,-1.652131916533704370e+01,-2.684159032025792868e+01,-1.874783176586279154e+01,-2.384755500683770535e+01,-2.306031568545218491e+01,-2.351084349228746362e+01,-1.131280141069380640e+01,-2.101607244647685135e+01,-2.422209850335546122e+01,-4.923632604462505213e+01,-2.760441607250794505e+01,-2.692782816706848337e+01,-4.563887004062114272e+01,-2.520751974188237199e+01,-2.411013403187190463e+01,-4.569429603152829600e+01,-3.177226891942061826e+01,-4.291663242857499938e+01,-3.644877277985989394e+01,-3.332734863634590283e+01,-3.099119704263121022e+01,-2.482293662441106363e+01,-2.167388647716151340e+01,-2.380405405791087503e+01,-2.041860752675045632e+01,-2.700214869855082611e+01,-1.950172459216494047e+01,-1.700446280983679870e+01,-1.914915815922515563e+01,-1.807584509022595398e+01,-2.484916488283764124e+01,-2.165858373894799271e+01,-2.321740695750735028e+01,-1.215023515538684329e+01,-2.119517294416430886e+01,-2.017314645069351897e+01,-1.996916817449869086e+01,-1.999525561630903425e+01,-2.368888554129771151e+01,-2.505447238634656060e+01,-1.656943954491583071e+01
-3.106570239357547081e+01,-2.999721452838185343e+01,-2.385202379140590523e+01,-1.755435959374385035e+01,-1.963554147621611179e+01,-1.412441766197426674e+01,-1.895347183674022418e+01,-1.833779390914529728e+01,-2.231669293435721357e+01,-3.013611733077007671e+01,-2.359355334035472396e+01,-2.040138486513708216e+01,-1.304035005113794732e+01,-3.140912678973037941e+01,-2.119856177372295747e+01,-2.485156056959925763e+01,-3.012505377893799263e+01,-3.612837482407964984e+01,-2.795667332669323457e+01,-3.036784934525433854e+01,-2.694989451220136800e+01,-3.056612744735986453e+01,-2.617368802075652212e+01,-3.595414400064650096e+01,-2.732120538185407810e+01,-3.208961499552016505e+01,-3.649493534651056592e+01,-2.926543138487337359e+01,-2.230957998637596162e+01,-2.976409188286245566e+01,-3.616086881668802988e+01,-3.463970429070934642e+01,-2.602893079577869528e+01,-2.643759826280606973e+01,-2.307712543671156169e+01,-2.441931645973224363e+01,-2.662157702308275731e+01,-1.704964940497227488e+01,-2.384025099310041185e+01,-1.329886179148420666e+01,-1.769291012541560804e+01,-2.241036178009633062e+01,-2.716880815603104082e+01,-1.595431269846253564e+01,-2.567946962587357973e+01,-3.025360163529145296e+01,-1.772349506552523124e+01
-3.475947922818070879e+01,-3.209058596936556285e+01,-2.230075953453449245e+01,-2.746618312793666306e+01,-1.937263063433927712e+01,-1.668879503250833451e+01,-1.621164660357664289e+01,-1.400991578750044653e+01,-2.021345029082763389e+01,-3.380647003677678697e+01,-1.773452817165561157e+01,-1.708490775578387399e+01,-1.771214027401121527e+01,-2.337455416763281590e+01,-2.221671114005363279e+01,-2.098231748885681469e+01,-2.974834758270997170e+01,-3.159458233537037941e+01,-2.402000461149176758e+01,-3.589236515627641211e+01,-2.974133399195795846e+01,-3.206066537695048169e+01,-2.563904372106587459e+01,-4.330985934737326915e+01,-2.559330619102235715e+01,-3.708028786724736392e+01,-2.503205487667917950e+01,-2.937050093219545488e+01,-2.109270981692503355e+01,-2.104465550012116637e+01,-2.509311626563010122e+01,-1.954449101966432778e+01,-2.122909979923814561e+01,-1.651513941820973486e+01,-2.647081628308436407e+01,-2.135084296669997173e+01,-1.849836469070102751e+01,-1.669946523499798374e+01,-2.645703367641516834e+01,-1.832091380601780273e+01,-1.639671955423527194e+01,-2.273735218299717076e+01,-2.307612557552783272e+01,-1.625786608314374959e+01,-2.486305776350160102e+01,-3.028669914881081127e+01,-1.573906349099647883e+01
-3.656667103534144303e+01,-2.903701788845512510e+01,-2.703518556801704520e+01,-1.976566723040485130e+01,-1.528485017146623903e+01,-2.811579245278947425e+01,-1.464454178041156673e+01,-1.771637321341963656e+01,-2.252843972431506003e+01,-2.793225015534895306e+01,-1.880439830941003265e+01,-2.317335385068745524e+01,-3.911856033858121862e+01,-5.045215168617329482e+01,-2.758532964665623410e+01,-2.586526412001850872e+01,-3.304633934348580482e+01,-3.947683202271542768e+01,-2.539988768900823146e+01,-3.264805502498420253e+01,-3.242595364504563804e+01,-3.532916945384432950e+01,-3.007111576965187538e+01,-3.468978527191970329e+01,-2.743062806815799348e+01,-3.281944099705972917e+01,-2.513796348788741852e+01,-3.097286850446172934e+01,-2.087722577861995887e+01,-1.594126869652799172e+01,-1.869496968031401707e+01,-1.506429231048489470e+01,-1.989568374974667009e+01,-1.710518288623121563e+01,-2.363953462913293890e+01,-2.233813923207280538e+01,-1.623412626096008182e+01,-2.359258676057065429e+01,-1.695164766507500076e+01,-2.436098889820081936e+01,-1.819366729477011546e+01,-1.655922138812146471e+01,-2.307494645033767355e+01,-1.593281853891084410e+01,-2.520336721261904245e+01,-1.522422916024200923e+01,-1.496541358730901905e+01
-2.914386613839690554e+01,-2.499610120025401372e+01,-3.676912975516766835e+01,-2.407236474061999942e+01,-2.108663860691014236e+01,-2.768155267998400859e+01,-2.096010900384354159e+01,-1.963030119079196467e+01,-1.547461093655206454e+01,-2.892263576093062483e+01,-2.052931045810851884e+01,-2.396872040153043315e+01,-2.159862765715804400e+01,-2.195122947401263502e+01,-2.534365363851852848e+01,-2.355278243153301787e+01,-2.405367768453894683e+01,-2.856890900894191532e+01,-2.870218262641657248e+01,-4.017950389984030579e+01,-2.962078049152614767e+01,-3.101250683289136134e+01,-3.185837124823033051e+01,-3.607236697613512888e+01,-4.246190064429519140e+01,-2.783048272891030450e+01,-2.873154068928169735e+01,-2.639518911888961128e+01,-2.078218354662327272e+01,-1.545624965782464066e+01,-1.823838171384447548e+01,-1.996673270275424983e+01,-1.412889835561497343e+01,-2.074577269596719020e+01,-3.012872650455464196e+01,-2.771639111948087475e+01,-1.682042538830706135e+01,-2.027140821881749133e+01,-2.208404360301798519e+01,-2.296404522132327131e+01,-1.949258338052451833e+01,-1.578722303897535362e+01,-1.849043799022072676e+01,-1.759185899786829310e+01,-1.784468083711545461e+01,-1.272114742622554218e+01,-2.031314330150939540e+01
-2.631836441410504079e+01,-2.419274646118873662e+01,-2.944620260220825969e+01,-2.234042376557910714e+01,-2.676491290296689129e+01,-1.944796700684399937e+01,-1.987195736419045744e+01,-1.893805939593242016e+01,-1.747311411628616895e+01,-5.142967347596311356e+01,-2.124121571481519766e+01,-1.545118136885210269e+01,-2.470393024368510027e+01,-1.693859056730481072e+01,-2.081875998912789072e+01,-2.149360961457121633e+01,-2.166504985282070805e+01,-2.664513632133699517e+01,-4.275218262646158962e+01,-3.082908937942863048e+01,-2.417952844505553145e+01,-2.588038871571962218e+01,-2.633513502120838723e+01,-2.979355477172427413e+01,-3.318366070587243399e+01,-2.717814586589292247e+01,-3.340312017236509945e+01,-2.828779895499404518e+01,-3.051783266669081485e+01,-1.532320832720167658e+01,-1.656495484608795721e+01,-2.549427139912659612e+01,-1.715719868454397101e+01,-1.243235288543246853e+01,-1.679043203062596135e+01,-1.947948659167776597e+01,-2.425701017286878169e+01,-1.613389137429347997e+01,-1.877564332960491811e+01,-2.387146474853437184e+01,-1.824794882117773653e+01,-2.031625902437741615e+01,-1.554014658075453426e+01,-2.353288808626786022e+01,-1.706278246472520976e+01,-1.732646047849394222e+01,-3.352150334638865559e+01
-2.758597664956733198e+01,-2.881384355109481277e+01,-3.016580598333284158e+01,-1.650324202360680204e+01,-2.381488558941516587e+01,-2.071012870118458693e+01,-2.258342145848322247e+01,-3.036249211409149851e+01,-2.376526297375585628e+01,-2.952648864209237090e+01,-2.106818601072852815e+01,-1.618344642473533668e+01,-2.168726015178655686e+01,-1.556875004722571632e+01,-2.100188873190634808e+01,-1.992207463369055631e+01,-2.442682230230761320e+01,-2.416491341970204232e+01,-4.504955502176753157e+01,-3.226796495835681355e+01,-2.911019823230240178e+01,-3.406408881948965472e+01,-3.079271946496616152e+01,-3.309945487215077264e+01,-3.283274091171907116e+01,-3.374502022172664795e+01,-3.482390503661045500e+01,-3.686931800055679531e+01,-1.987009951842636468e+01,-1.516834549846325864e+01,-1.586653583646892685e+01,-2.868696665835290105e+01,-2.899063502368287359e+01,-2.031937915065638833e+01,-1.691887219529726138e+01,-1.786668392612456557e+01,-1.409445589188402970e+01,-1.365268138075742499e+01,-1.594851009368523087e+01,-2.261933809999533551e+01,-2.791330871028522154e+01,-2.202927412646571526e+01,-1.661512812532301453e+01,-2.509841976409192199e+01,-1.747823532862391005e+01,-2.027162367642507590e+01,-2.542335362504208973e+01
-2.871955608529046344e+01,-3.142045430523182503e+01,-2.195166537198806722e+01,-1.786932412918961077e+01,-1.806153981929221430e+01,-2.399331610949803917e+01,-1.933131231137206640e+01,-1.822667246301388388e+01,-2.210919573891278134e+01,-2.975747683033223723e+01,-2.095275000444770441e+01,-1.938131909584341983e+01,-2.307892734618710762e+01,-1.759315819683751414e+01,-2.475454872083828661e+01,-2.098927953724483331e+01,-2.782863765748342644e+01,-2.293586173311762622e+01,-3.223643634693706872e+01,-3.598865670416785889e+01,-2.868970473796265352e+01,-2.434747647764359613e+01,-2.454815491020987750e+01,-2.755792960528870239e+01,-3.458380825962576921e+01,-3.182212348884750597e+01,-4.156529820420914945e+01,-3.232727340891132428e+01,-1.823156821211296119e+01,-1.844198156342310568e+01,-1.492707771694419705e+01,-1.503931988541548925e+01,-2.293324072517578571e+01,-2.322324365975412164e+01,-1.825599807546633002e+01,-1.577943234326767552e+01,-1.498883914335142897e+01,-1.406247394476677925e+01,-1.874226456119794193e+01,-1.868401428397148223e+01,-2.521986923035715478e+01,-2.898326007489382405e+01,-1.958445759643645090e+01,-2.824256076375948510e+01,-1.747638823683417186e+01,-1.978131962454738968e+01,-3.140546199252588622e+01
-2.963373558628570237e+01,-3.488174395269452788e+01,-2.056000704498864096e+01,-2.266614694685424070e+01,-1.529584573798375402e+01,-1.528827491347600365e+01,-2.946805549110633393e+01,-2.047829784259136332e+01,-2.295047885755179351e+01,-2.147440795370540201e+01,-1.633573013306882871e+01,-2.427731273516051758e+01,-2.174968982253776772e+01,-1.964776263311712867e+01,-2.830218701680859539e+01,-2.826159637083280529e+01,-2.858981422144898943e+01,-2.576712165159067425e+01,-4.616851867275556032e+01,-2.828248283747478098e+01,-2.489263544829230312e+01,-2.406060220809319716e+01,-2.447588948223771155e+01,-2.700371907377635949e+01,-3.240840982465077502e+01,-3.811025525547852055e+01,-3.060038613642136696e+01,-2.746248440998071061e+01,-2.254928380071698513e+01,-1.788197383952980601e+01,-1.487152126863016832e+01,-1.779602436260871912e+01,-2.006938313587608036e+01,-2.204414311045954378e+01,-1.940118025409748626e+01,-1.408384294389127689e+01,-2.119737652440479181e+01,-1.967816966860895889e+01,-1.925885933253954008e+01,-1.505923722075129589e+01,-1.724492001764763671e+01,-2.500014045592483569e+01,-2.722148386887830185e+01,-2.280325821239021167e+01,-2.523739426803091135e+01,-2.928077892891167977e+01,-2.032209404985172796e+01
-2.767517680270566416e+01,-3.491328746705819697e+01,-2.441051598420126822e+01,-1.882856795759501978e+01,-2.027061978245943408e+01,-1.513558982815332676e+01,-1.941726825602246720e+01,-1.718160412160368722e+01,-2.402975442313912779e+01,-2.083673393484216874e+01,-1.592017088333538055e+01,-2.001839770124634654e+01,-3.046867546136224902e+01,-2.399116031815771777e+01,-2.424419514268474529e+01,-2.789169843059205078e+01,-2.675188337477225176e+01,-2.282501306859799328e+01,-3.961743750141243225e+01,-2.982063208852175151e+01,-2.269653449442974136e+01,-4.162468304727984503e+01,-2.993662288044939856e+01,-2.956047258738960792e+01,-3.405362704413064989e+01,-3.663378202311434961e+01,-2.310986492604504861e+01,-3.792889440541576107e+01,-2.885229663488967944e+01,-1.485090253070439559e+01,-3.462644866882745021e+01,-1.189904229054398144e+01,-1.760321351642907572e+01,-1.735419445916470949e+01,-1.936168010070162637e+01,-2.248427560120588709e+01,-2.455217597430284115e+01,-1.525206204052844861e+01,-2.075673361671013595e+01,-2.002239800313387974e+01,-2.131273936935441426e+01,-3.012615870564163600e+01,-2.699821385026158538e+01,-2.163246276327568296e+01,-1.643531383182094174e+01,-2.273536258522865339e+01,-1.624092973813726815e+01
-2.689551785120022132e+01,-2.413989074255174216e+01,-2.683988014967765423e+01,-1.911539100643379285e+01,-1.877330043603998178e+01,-2.997878399643388292e+01,-2.649648691865361982e+01,-1.377347257657258517e+01,-1.725459693842179476e+01,-2.857426152649258810e+01,-1.552266325261384416e+01,-2.167987017445288345e+01,-2.665911207748475675e+01,-3.151925102526736211e+01,-1.991833676908760964e+01,-2.627253028064040308e+01,-2.581785759118094958e+01,-1.965546967961247660e+01,-3.266520077996229077e+01,-2.783472916428204513e+01,-2.521311834709680966e+01,-2.729237807618193301e+01,-2.834158649682732545e+01,-3.142488025991518086e+01,-3.759229085226435529e+01,-3.185053526268205815e+01,-2.285628193582734013e+01,-2.225011616561648253e+01,-1.701722830682517440e+01,-2.408287692235502675e+01,-1.957677576371876427e+01,-1.453121079206933786e+01,-1.771025924317576283e+01,-1.711253414706770570e+01,-1.651382628035744560e+01,-1.854686018401566727e+01,-1.635269335557676484e+01,-1.885844179017550104e+01,-1.989163152020705638e+01,-2.246142405765277772e+01,-2.218869194489453278e+01,-1.930516814179688367e+01,-2.623736126320930850e+01,-2.560794306515255059e+01,-2.448340887199251270e+01,-1.807744809302176492e+01,-1.690382887312254212e+01
-3.161582111769606129e+01,-1.918866455375300717e+01,-1.861686742666894290e+01,-2.322644982063557961e+01,-2.225034368934149853e+01,-1.460320094782149702e+01,-2.666973050010374990e+01,-1.641864664229089499e+01,-1.799811007453943645e+01,-1.790926228630868167e+01,-1.446339457687703600e+01,-3.103436760097907055e+01,-2.485229367537068867e+01,-2.936314477014111546e+01,-1.601522759118153871e+01,-3.062127182699129335e+01,-2.450243064046567198e+01,-1.884093546748238879e+01,-2.974131817027401326e+01,-3.625631361262464480e+01,-2.998864606048759640e+01,-3.190071357369699001e+01,-4.017074887053432519e+01,-2.985022367510334007e+01,-2.856613602815340869e+01,-3.387007281240526879e+01,-2.701784913462924820e+01,-2.436763895010750858e+01,-1.923924307584437798e+01,-2.586970081816435751e+01,-2.158892818242388500e+01,-2.997508272626260606e+01,-1.957103027299654840e+01,-2.663064699576329630e+01,-2.618326878976845506e+01,-3.022090617172244720e+01,-2.258471899807762995e+01,-2.219160192302921075e+01,-1.604751732231217076e+01,-1.797858401234283221e+01,-1.552638019389595847e+01,-1.686072755755402142e+01,-2.339322009584867246e+01,-2.312637500198169249e+01,-2.059958211405186645e+01,-2.051032302664241413e+01,-1.819017347767115567e+01
-2.677433186832785950e+01,-2.028911065835853478e+01,-1.951983778698408400e+01,-2.141295775287053971e+01,-3.204410086240675781e+01,-1.681512115274657759e+01,-2.310623481393763967e+01,-2.062867700716991948e+01,-2.699930039227190903e+01,-1.974349309393350183e+01,-1.767122132068367080e+01,-2.069526807680405867e+01,-4.574526095788898061e+01,-2.032607629613857014e+01,-1.454183060514488091e+01,-3.100965669126366819e+01,-2.530747908711120431e+01,-2.367495437834844552e+01,-3.613468129692977016e+01,-4.147916535950927397e+01,-2.464805848566841462e+01,-3.310110711627295643e+01,-3.924950131086220040e+01,-2.951263226197471923e+01,-2.779663484171194909e+01,-3.438744355230261363e+01,-3.067630072040736167e+01,-2.162968331044475079e+01,-3.431046436405058842e+01,-2.281759683921553972e+01,-2.819918039585165204e+01,-2.037276533880035956e+01,-1.294491911748607116e+01,-1.793031125889702082e+01,-3.486465568104009094e+01,-1.495623457616405538e+01,-2.258082663934996503e+01,-2.419602817077389645e+01,-1.752727862277026816e+01,-1.712025444043908351e+01,-1.777363807059781919e+01,-2.400983087119060500e+01,-1.901587944643684125e+01,-1.961382630426570373e+01,-2.057430305485611655e+01,-2.349168891769729228e+01,-2.170983952212998958e+01
-2.539777226459597159e+01,-2.188209962210996196e+01,-2.217910728894329608e+01,-1.714207651594034232e+01,-3.237941147323724067e+01,-1.869974182786761574e+01,-1.735662408313218563e+01,-1.786740935607504710e+01,-2.565470883958528248e+01,-1.884390795948646158e+01,-2.149623384184886632e+01,-2.161836488303792692e+01,-4.004807522586278878e+01,-2.348439003452485707e+01,-1.932060534195031920e+01,-2.736717875454168336e+01,-2.767768924801325170e+01,-2.986669015590270249e+01,-3.216526903629573297e+01,-3.206663517380112438e+01,-2.358665464608682427e+01,-2.810932126843007239e+01,-2.523594287100136668e+01,-3.590695345315644005e+01,-2.980166636653776990e+01,-3.441610686646692585e+01,-2.739375610761865332e+01,-2.579778876731161574e+01,-2.905345662161076348e+01,-3.090848326274312186e+01,-2.052195189239560236e+01,-1.861096005997641356e+01,-1.252182298809197114e+01,-1.672935106126763571e+01,-2.507945496094574622e+01,-1.384362772049232859e+01,-1.453177192534802131e+01,-2.156633531412655458e+01,-1.496201290360850678e+01,-1.738139494448874345e+01,-1.919071282764278763e+01,-2.321676831327550516e+01,-2.020378240871567499e+01,-2.324410232116079200e+01,-3.047073238297969766e+01,-3.097075166537198143e+01,-2.747983281753106866e+01
-2.553805056369652604e+01,-2.182727669402902393e+01,-3.178056679050186872e+01,-1.539406099202362377e+01,-1.820232997234890604e+01,-1.601546845185067269e+01,-2.771261324560839157e+01,-1.857148961702658596e+01,-2.307736193547420100e+01,-1.589649292490580024e+01,-2.185959592683218133e+01,-2.272178313728411325e+01,-2.475335427340809247e+01,-2.816185509850723889e+01,-3.922033839309224135e+01,-3.157002797734230981e+01,-3.671627142670755006e+01,-2.715440891083259700e+01,-4.273560677051838752e+01,-2.835296711281907633e+01,-2.348389782334141174e+01,-2.748697396392819314e+01,-2.558240763666753992e+01,-3.061241377381655226e+01,-3.226614742586257023e+01,-4.103220856344346146e+01,-3.589214966178089838e+01,-2.145715037243871137e+01,-2.502023487719922912e+01,-2.894625889277614306e+01,-1.887874706643788514e+01,-1.957207504598580883e+01,-2.189681184924500457e+01,-1.464806808590627085e+01,-2.032232888120660519e+01,-2.004512601924769299e+01,-1.359107574221519066e+01,-2.074237870751058566e+01,-1.184750083363523032e+01,-1.571499574364602303e+01,-1.940166301378410907e+01,-2.019472614954649003e+01,-2.137833168193044742e+01,-1.752331609014231972e+01,-1.694668302779932390e+01,-2.606009936761347845e+01,-2.017278366997739170e+01
-2.565581657757711653e+01,-2.291491368344958346e+01,-3.955893751599643338e+01,-1.911500731462851377e+01,-1.622597876651857618e+01,-1.935456925917793569e+01,-3.035573021447928710e+01,-3.497172590728626318e+01,-1.881990914422533834e+01,-1.392586596645786301e+01,-2.276015233884549716e+01,-2.706040578139182884e+01,-2.231277065227077472e+01,-2.597637878415653745e+01,-2.245241044659834273e+01,-3.697776505259200519e+01,-2.636004409593120457e+01,-2.884376255675385181e+01,-3.490830324891979330e+01,-2.552924755097601661e+01,-2.415325189963946428e+01,-2.636038822355927991e+01,-4.103484286015366678e+01,-2.166901796419030291e+01,-2.683961703863997883e+01,-3.721341620236179892e+01,-2.848862299511318241e+01,-2.252305329366444653e+01,-4.073975527607571934e+01,-3.076882159921846949e+01,-2.166117622891221828e+01,-2.238898755154810516e+01,-2.255022209783894027e+01,-1.738728728026600834e+01,-3.185909689854699778e+01,-3.409916065505520777e+01,-1.528881162747723010e+01,-2.737116468928283197e+01,-1.467119000295674169e+01,-2.295154560002911737e+01,-2.719203566587498599e+01,-1.886597398362281197e+01,-2.509981355888273669e+01,-1.484998754729627990e+01,-1.584924353783988238e+01,-2.693327850841624738e+01,-1.923431516029708988e+01
-3.184636206650288415e+01,-2.565998907059846346e+01,-2.829351260252528988e+01,-2.527231244739446936e+01,-2.144542983240965839e+01,-2.047420702797518288e+01,-2.777553153425970223e+01,-2.154411944524964184e+01,-1.782598974071715148e+01,-1.555389819682074304e+01,-2.434761957602170312e+01,-1.770890047206474449e+01,-3.336580294798008595e+01,-3.765711379218694077e+01,-1.698094573995088652e+01,-5.043725538125570296e+01,-2.564478043057668444e+01,-2.703962721396083069e+01,-3.302600252992106533e+01,-2.494124292124229925e+01,-1.972869729301882558e+01,-2.316731683129530950e+01,-3.608881648842459100e+01,-2.327356454147087916e+01,-2.890158734701242338e+01,-2.699786820141361687e+01,-3.924405108190698854e+01,-3.140229875187615249e+01,-2.317075639371740436e+01,-2.138114706856750402e+01,-2.232725998925703337e+01,-2.394521285940726329e+01,-1.804201736899079478e+01,-2.546214613579974895e+01,-2.094437988257222116e+01,-2.993909280236536929e+01,-1.554220977468144405e+01,-2.335889715783254417e+01,-1.692194927304406349e+01,-2.066761798911386450e+01,-2.165117543320004145e+01,-1.917585249350815246e+01,-2.948203222328718809e+01,-1.832011391130301448e+01,-1.644303846392368840e+01,-1.774305164330378659e+01,-1.968445836247911984e+01
-2.930693239605835032e+01,-2.524059676246885076e+01,-2.507847624325568603e+01,-2.588746168976613049e+01,-2.904691584804468008e+01,-2.593357592164495173e+01,-4.525187085880941140e+01,-2.233733728458427947e+01,-1.705079624252186932e+01,-2.185807044310899983e+01,-1.517961569271414568e+01,-2.117791826077327855e+01,-3.422218060847195886e+01,-1.802615870034749790e+01,-1.552955675181156536e+01,-3.458649882587954494e+01,-2.702810131647551373e+01,-2.903833784637627247e+01,-3.246113689172402417e+01,-3.937356350363387492e+01,-1.803223143298028930e+01,-2.714494040664039431e+01,-2.957387714538528556e+01,-2.751705956212616400e+01,-3.359748787775026813e+01,-2.892837662461296588e+01,-2.879057400440036218e+01,-2.451172689194260101e+01,-2.343326066785069273e+01,-1.721454920520745802e+01,-1.957284471831446382e+01,-3.850276442084185646e+01,-1.979534961608620236e+01,-1.825987503046428984e+01,-1.952920117298402403e+01,-1.996492983693871892e+01,-2.336237388568423867e+01,-1.890169212238230045e+01,-1.759638080902396595e+01,-2.118078355248642097e+01,-1.527463475974549212e+01,-3.374681333465719746e+01,-2.666707941992437725e+01,-4.037111601966809360e+01,-2.193879908880619567e+01,-1.888819473355862044e+01,-1.751933557813060105e+01
-2.853561405549614349e+01,-2.531891107776966265e+01,-2.315995354134356177e+01,-2.516616620420120398e+01,-2.219587136580842923e+01,-2.647024816884146503e+01,-1.873611791345901878e+01,-2.328374670838774918e+01,-2.107176064014954164e+01,-2.428449297447524202e+01,-1.719305483441622684e+01,-2.647212798044931148e+01,-2.730524278054911491e+01,-2.153254540104707715e+01,-1.737565531666225027e+01,-3.002525215540043035e+01,-2.427462756616381512e+01,-2.671310518189790884e+01,-3.805587835651173378e+01,-2.470244978025902682e+01,-2.507259894479386020e+01,-2.818119632994282853e+01,-2.454607346488610986e+01,-3.107902382507894146e+01,-2.724841435432925607e+01,-3.445177868814094779e+01,-2.600214396658579119e+01,-2.592350114507563319e+01,-2.426429991213062820e+01,-2.039856886914190071e+01,-2.031465482092201214e+01,-2.226449176753186521e+01,-2.558683878639885734e+01,-1.945542484917474013e+01,-2.010205377124729864e+01,-2.368052010678594144e+01,-2.304450223432684908e+01,-1.578777494978025153e+01,-2.187411755681205960e+01,-2.346449897670716922e+01,-1.655881771799948865e+01,-2.073078108472680370e+01,-2.227853676652525650e+01,-2.238797135023241225e+01,-1.735452330551017042e+01,-1.839179354862678650e+01,-2.913753622000602306e+01
-2.984468986887752351e+01,-2.767441342529299320e+01,-2.871197073093056673e+01,-2.235156898476092380e+01,-1.948903294555108445e+01,-1.940940440933758993e+01,-1.424857654499870740e+01,-3.164753717115659271e+01,-2.268096120699105711e+01,-1.597909735657308516e+01,-2.024773590404430479e+01,-2.006960662909093784e+01,-2.257269319701201127e+01,-2.631316341482378363e+01,-2.617085037680426041e+01,-3.030173920059468884e+01,-2.939038054374733733e+01,-2.405054213682902642e+01,-4.249144096374890722e+01,-2.861814411728831686e+01,-3.766209248483409056e+01,-3.004757377262121310e+01,-2.867029556670440016e+01,-3.244739300519333369e+01,-3.185169261608492519e+01,-3.295948304666001150e+01,-2.385772327058232634e+01,-3.053742657412886530e+01,-2.470503732592672463e+01,-2.732297155188003046e+01,-2.748829622617634882e+01,-2.852094800861659962e+01,-2.412646376866101861e+01,-1.886090715863068112e+01,-2.444332327936198013e+01,-2.723705313234972536e+01,-1.679435579065503958e+01,-1.791471643276925363e+01,-1.773109313840397405e+01,-1.836243728053066349e+01,-2.762452705351685012e+01,-2.205375859787745085e+01,-1.773139901850450784e+01,-3.679135282587150613e+01,-1.625217370958911545e+01,-1.569504982897269407e+01,-1.936226325679344740e+01
-3.488113275559278748e+01,-3.464081306497406132e+01,-2.539655558004633207e+01,-1.730127068193486295e+01,-2.525855788845444039e+01,-2.514173801371784833e+01,-1.782008460091754287e+01,-2.249388839412827323e+01,-2.762702729238602473e+01,-1.709654388798306357e+01,-1.634136462639275322e+01,-1.806674657088734293e+01,-3.311880970085121589e+01,-1.951072921862063225e+01,-2.578198344058661462e+01,-2.556396414180548504e+01,-2.104233570695853572e+01,-2.318306547096557324e+01,-4.386608509553535384e+01,-3.139781839687855580e+01,-3.328871430960978728e+01,-3.506636238221816626e+01,-3.575683712647228418e+01,-3.770394987226991645e+01,-3.417152225678576372e+01,-4.536311336798628702e+01,-2.885938027499463843e+01,-2.913020470160373776e+01,-3.847729259203497776e+01,-4.183387860403671255e+01,-3.362212466190348437e+01,-3.159115883006214887e+01,-2.854700404871974939e+01,-1.728955494326325493e+01,-2.055595365855252510e+01,-2.310473276419897104e+01,-1.649969017576086472e+01,-1.863701536248443702e+01,-2.843685321761147833e+01,-1.428205154057862458e+01,-2.442814863734186304e+01,-1.841884634077941385e+01,-1.508964678708921170e+01,-1.373793543738694467e+01,-2.885597450969071076e+01,-2.002933993946161095e+01,-1.790425621761050223e+01
-3.211277175136143569e+01,-2.591007744636969790e+01,-1.962229088976922853e+01,-2.236453393324696393e+01,-1.877673327793257840e+01,-2.573705505014112660e+01,-2.189053910860736352e+01,-1.822215027503796492e+01,-2.255149176985704429e+01,-3.371378112237526636e+01,-1.891632013168482374e+01,-2.914366672153458637e+01,-1.827869467700257999e+01,-1.609071033995167710e+01,-2.502032798310509065e+01,-2.144910391358349955e+01,-2.351173126730028073e+01,-2.687353021494772065e+01,-3.549392215307032217e+01,-2.888908450166630359e+01,-2.640150415276853835e+01,-4.023351302661464501e+01,-2.919461490458277808e+01,-2.749832744522288763e+01,-2.533330792425942235e+01,-4.132538383283303318e+01,-4.603673364758977016e+01,-3.237076406975477028e+01,-2.250742933615653030e+01,-2.900860366951615532e+01,-1.910189159497184619e+01,-1.624855417656817380e+01,-1.720108862920432813e+01,-2.543322440460489986e+01,-1.569115564933940732e+01,-1.565049725689916471e+01,-1.492510807533358630e+01,-1.854073351580130691e+01,-1.976694332387962305e+01,-2.183168216783279902e+01,-3.189788708821248875e+01,-2.163972889223803620e+01,-1.122863240671711793e+01,-1.220673526999758884e+01,-2.426431840238752358e+01,-2.139235617620964902e+01,-2.124612884846004590e+01
-2.843711115800044809e+01,-2.394553048296189246e+01,-1.983942763675830534e+01,-2.226730222295024575e+01,-2.268001656608066696e+01,-2.674428168066697964e+01,-2.034838089499536906e+01,-1.854613228840189620e+01,-2.707812686972540916e+01,-2.629423671609911750e+01,-1.779855357816769157e+01,-1.953705786397360811e+01,-1.930855671952535602e+01,-2.002356287352655073e+01,-2.376189076938916145e+01,-3.673548832733170855e+01,-4.444106259936003767e+01,-3.063466338244356280e+01,-2.925685162456412058e+01,-3.128334599805258875e+01,-2.336080038499028433e+01,-4.207857623151400617e+01,-2.772730385527882291e+01,-2.858744180252769240e+01,-2.361373646694281803e+01,-5.090489242996746100e+01,-3.318323600116478644e+01,-2.593839594023500439e+01,-2.092040162518560464e+01,-2.302550316266036390e+01,-1.431900252149135611e+01,-1.393789462632779141e+01,-1.988574494617645172e+01,-3.063992749416468797e+01,-1.933126629631268045e+01,-1.769601412506171201e+01,-1.648687620602370529e+01,-2.209731522943787496e+01,-2.695525311545964797e+01,-3.147738320167551862e+01,-2.622514969189772316e+01,-2.097890487726261455e+01,-1.317524277901963536e+01,-2.292905437844059335e+01,-2.413677832305785032e+01,-1.837055013440756568e+01,-3.045708102586313970e+01
-2.759939169863884345e+01,-2.810375875458398198e+01,-2.357119860242299225e+01,-1.309149081794704372e+01,-3.352843997564540501e+01,-1.691026300878700184e+01,-3.333359674086964475e+01,-1.871863022158376211e+01,-1.596098858327703773e+01,-2.009907656623267513e+01,-1.690847439352226189e+01,-1.869562583854110471e+01,-2.610095860922253763e+01,-2.432481553880050740e+01,-3.515323261842102198e+01,-2.176682990187505595e+01,-3.783313504055431054e+01,-2.278696838433183558e+01,-2.442007992975407404e+01,-3.282976244934617682e+01,-2.703812054520360419e+01,-3.175180043883465686e+01,-3.401827574953355793e+01,-2.459388239964388845e+01,-3.212344814451532216e+01,-4.247391986255033203e+01,-3.013146522114246295e+01,-2.996201059392961952e+01,-2.293548992203026415e+01,-3.323709145979093904e+01,-2.058179360532574975e+01,-1.835700410178590047e+01,-1.972798997828095580e+01,-2.103470769370153093e+01,-2.332748981388386156e+01,-1.896312644667601077e+01,-2.396476410268793344e+01,-2.060262653176692638e+01,-3.081134712492020356e+01,-2.960227244272722658e+01,-3.333227862462522495e+01,-2.544560736523056121e+01,-2.255915336895676404e+01,-3.874453743882754253e+01,-2.003090430686290446e+01,-2.066423882244397348e+01,-2.570222787109285889e+01
-3.478731613187038363e+01,-2.289435818283283908e+01,-1.991017286657309171e+01,-1.927693432390046269e+01,-1.760789061621533591e+01,-1.270063921570650223e+01,-2.228757202234329782e+01,-3.386214179294819360e+01,-1.297734725692192370e+01,-1.655281336683789561e+01,-2.006615436798872310e+01,-2.600284181485805846e+01,-2.625369117547576536e+01,-2.623245493252116489e+01,-2.764877600254511236e+01,-2.416440294869744676e+01,-2.959349491082950578e+01,-2.061467627732083585e+01,-2.543256270876985781e+01,-3.479216936008489824e+01,-2.948614795436552782e+01,-2.657916419285496801e+01,-3.412604929476731996e+01,-2.889027551685206063e+01,-2.876579396027813118e+01,-3.607800046476208422e+01,-4.101109900149381104e+01,-2.529781923230400764e+01,-2.229548205300633867e+01,-2.360828852625009233e+01,-2.318174064096358222e+01,-2.169903354296462084e+01,-1.932608074694607225e+01,-1.908812433224048632e+01,-2.696500077702019738e+01,-2.150583576429234967e+01,-2.949025500334277439e+01,-1.976362109900865960e+01,-3.011500146662206845e+01,-1.648163955213775722e+01,-3.214424844939382098e+01,-1.546590692062718198e+01,-2.584911186772158587e+01,-2.526517829233633705e+01,-1.714835168810544630e+01,-2.506425922827132169e+01,-1.595419176467154898e+01
-3.507179818757289524e+01,-2.099913375494298862e+01,-2.277268824485663856e+01,-1.982351200559599746e+01,-2.042300950344528943e+01,-1.623339248753040920e+01,-2.828690302170332416e+01,-2.633089150064127182e+01,-2.035316452306132362e+01,-2.600441782123439438e+01,-1.859739111438127779e+01,-3.118651087368496633e+01,-2.537879080049698644e+01,-3.972743397548783406e+01,-3.494576701228995574e+01,-3.522215236190846355e+01,-3.424232468305218902e+01,-2.196260121982760793e+01,-3.168958860323663629e+01,-2.658882530392187249e+01,-2.523129937368643283e+01,-2.541514497644350712e+01,-3.688047854044111062e+01,-2.890976820241223777e+01,-3.082054126573730102e+01,-3.713627652960035874e+01,-4.488801629471129928e+01,-2.939612883536985066e+01,-2.295984583642621146e+01,-2.167550205730959689e+01,-2.223882034176547151e+01,-2.432609714822305946e+01,-2.197414937035136262e+01,-2.261723396339479919e+01,-3.024666439799519324e+01,-1.857989980847676037e+01,-3.091775039499501787e+01,-1.995673004960653785e+01,-2.502403529212131161e+01,-1.544472778862680151e+01,-1.776449798662884305e+01,-1.568403491023727270e+01,-2.526561702205306759e+01,-3.147636990869816742e+01,-1.945237629933429702e+01,-1.834465807603438492e+01,-1.647956996569432420e+01
-2.864067426783001835e+01,-2.407336913179440430e+01,-1.830556501792675306e+01,-1.834969388488873321e+01,-1.880061156065328021e+01,-2.631639631519391997e+01,-2.332466694712547195e+01,-1.572908906301203658e+01,-2.321346966961741387e+01,-1.806820595274266594e+01,-1.720382737185147448e+01,-2.744885967548596284e+01,-3.091627601793224756e+01,-3.309777897509393085e+01,-4.196055518057072220e+01,-4.426346784150995006e+01,-4.963372834344689011e+01,-2.624431137012085102e+01,-3.924144648980111327e+01,-2.570719725771582631e+01,-2.669848808274676344e+01,-2.696754159089504910e+01,-3.342690512142774395e+01,-2.810983328583105845e+01,-3.491917247067480190e+01,-3.068813161343974727e+01,-2.829343852232958056e+01,-2.589148363261013230e+01,-2.923286948407063690e+01,-2.858372670452229514e+01,-3.058950623875882968e+01,-3.248997782940189438e+01,-3.542168625552555028e+01,-3.725288785042348394e+01,-2.355224029923586926e+01,-1.547370845112792637e+01,-2.565958553773945638e+01,-2.544070769018339462e+01,-2.142370996493800561e+01,-2.125856271341806192e+01,-2.115903114640792282e+01,-2.431073173956372813e+01,-3.396139600511639145e+01,-3.787646766084144900e+01,-2.515388616750319528e+01,-2.104854268565753017e+01,-2.385677085590650393e+01
-2.654816213268204805e+01,-3.394175495396529385e+01,-2.444177707391263610e+01,-1.946234360850966283e+01,-1.441271870516530740e+01,-2.088088214979077506e+01,-2.035250897697000738e+01,-1.026264677348765808e+01,-1.669310460340825841e+01,-1.669439494907798860e+01,-1.802953085165348668e+01,-2.235466720320954437e+01,-2.957098526786658610e+01,-2.948889020899943603e+01,-2.995710115524004991e+01,-3.439509186377583205e+01,-3.677117145818948529e+01,-2.613381177741825567e+01,-4.097771032079094056e+01,-2.516551667918371038e+01,-2.777197659016967179e+01,-2.890688884341285103e+01,-3.752784487700056104e+01,-3.900196405852673820e+01,-2.843833911131421388e+01,-2.885386273968659765e+01,-2.417102762934472082e+01,-3.890688910823730851e+01,-2.403918095395439636e+01,-2.868865098010516945e+01,-3.606323725577514239e+01,-3.108300390479656272e+01,-2.753375339095245522e+01,-3.834228887895839932e+01,-2.230331529215864350e+01,-1.801398612491830065e+01,-2.109967078842993260e+01,-3.239405134023546395e+01,-2.651730959924851661e+01,-1.987243177056084775e+01,-2.100754960202522170e+01,-1.961161608090952768e+01,-2.167401570270851252e+01,-2.060204537313636308e+01,-1.781635792384776096e+01,-1.546073256091971615e+01,-1.970855834818861752e+01
-3.065104471875879710e+01,-3.298704401170326861e+01,-2.590865439658917069e+01,-2.294441185230833824e+01,-1.406861278494960565e+01,-1.834830564609953996e+01,-2.102651402878507270e+01,-1.184749807533558474e+01,-2.074403173465912431e+01,-1.934563630349366647e+01,-1.989318194544453178e+01,-1.637703528898993710e+01,-1.964370360529571968e+01,-2.230493575879939883e+01,-2.301505791102749043e+01,-3.730538934146533592e+01,-3.081056258720516894e+01,-2.377771893851238971e+01,-3.231069025290346275e+01,-2.607414369845524504e+01,-2.052010534452272594e+01,-3.394421698751199301e+01,-3.124873393468448413e+01,-4.060797383808254324e+01,-2.450964162063971230e+01,-2.864089411916801353e+01,-2.835407080047260919e+01,-2.936803553869803096e+01,-1.900459147990553532e+01,-2.165285209829757562e+01,-3.462428592307360020e+01,-2.804978528680143413e+01,-1.581574901374589892e+01,-1.790276629756105109e+01,-1.886686598689729877e+01,-2.629553386533980586e+01,-3.061979073468094015e+01,-1.950650469969018275e+01,-1.817151928156864926e+01,-1.795730677040979373e+01,-1.466684785344291875e+01,-1.724675278105434728e+01,-2.133850768860533265e+01,-1.989672226861376814e+01,-1.759448809387222923e+01,-1.160164408709750461e+01,-1.953964248503511669e+01
-3.427310830811676823e+01,-3.182885700575414845e+01,-2.292078244032096279e+01,-1.412425339663135304e+01,-2.069502696501173133e+01,-2.191503195005360638e+01,-1.358405438805732324e+01,-2.681300509951080713e+01,-1.642902914121625102e+01,-2.188229656667100187e+01,-2.297678217892942598e+01,-2.012404333359027220e+01,-1.799348690343068569e+01,-2.487760223574135665e+01,-2.901390185276371625e+01,-3.658531236261742947e+01,-2.667912509553862321e+01,-2.150883482283178694e+01,-4.317873175483809689e+01,-2.911224744912296813e+01,-2.012326268769474069e+01,-2.271798303769118377e+01,-3.305690290176596591e+01,-3.927822011420835224e+01,-2.445105415959127271e+01,-3.299651056887246625e+01,-3.559787110763922158e+01,-2.902765186533017072e+01,-2.754106609043105536e+01,-2.581332970164221052e+01,-1.932869400151727746e+01,-2.618608671722243031e+01,-1.144810640477625441e+01,-1.287680483427510580e+01,-1.731057434908404602e+01,-1.975622843304171994e+01,-2.548489418493065273e+01,-1.648127638153256669e+01,-1.292571081082291862e+01,-1.771287692703565853e+01,-1.545878080849678682e+01,-1.832601461408789234e+01,-2.732857135277802030e+01,-2.191742749530653711e+01,-2.006077480999174512e+01,-1.227763974927916557e+01,-1.376715918532807770e+01
-2.852899579440451916e+01,-2.613864190004306920e+01,-1.974591747711584944e+01,-1.603192363409707255e+01,-2.694212125895198540e+01,-1.705052599496300303e+01,-1.577809722303172180e+01,-1.709610510702763975e+01,-1.520025267425248217e+01,-3.029100256588554529e+01,-1.545579588802464777e+01,-2.349242341797698330e+01,-1.680881005246053306e+01,-2.095451574357865354e+01,-2.398782729707507499e+01,-3.049690928000126533e+01,-2.249620820539348642e+01,-2.270662318255025625e+01,-3.084172259895385437e+01,-2.708251324747169875e+01,-2.305432854740768889e+01,-1.857827203399776295e+01,-3.982976908110851610e+01,-3.166944544630650782e+01,-2.655919256857928090e+01,-2.672099304256558838e+01,-2.985383156089552159e+01,-3.100824805874818324e+01,-1.911533642064748761e+01,-3.586508840551064736e+01,-1.591195349024492955e+01,-2.403816063322849672e+01,-1.320476294352999247e+01,-1.972227757340872856e+01,-2.245994620161294009e+01,-1.893484054624861912e+01,-2.592035416967000572e+01,-1.902593284982006239e+01,-1.539828814254627432e+01,-2.390284145174582875e+01,-2.221388960550089919e+01,-2.003780207983149708e+01,-2.216020106605952478e+01,-2.534303805624253059e+01,-2.442614836666371758e+01,-1.732059817008704883e+01,-1.688611749499612102e+01
-2.515602109877520576e+01,-2.437887465999166281e+01,-2.220927582739776440e+01,-3.058413808851466342e+01,-2.151269369527716080e+01,-1.793150620921769445e+01,-1.702530484024579849e+01,-1.619405714477472458e+01,-1.953255738603637326e+01,-2.515393930844258108e+01,-2.151492229442472137e+01,-1.794556741719755522e+01,-1.784007849878495122e+01,-1.659283092029625450e+01,-1.515176735653265006e+01,-4.850480425205810064e+01,-2.316217420580827735e+01,-2.908704238683981913e+01,-2.760766215665924150e+01,-2.415027484626526189e+01,-3.229009823756447872e+01,-1.938397107148225018e+01,-3.014345452515953738e+01,-2.649583244504339774e+01,-2.860359046086709967e+01,-2.492500567141910039e+01,-4.129305009858888553e+01,-2.498850806268128366e+01,-2.093550995459210640e+01,-2.235633053842722262e+01,-1.715295560435891176e+01,-2.591758618466141328e+01,-1.766432342177663628e+01,-2.066449708967936516e+01,-2.731449056280408172e+01,-3.412945833993479994e+01,-2.976270196258729683e+01,-2.454720933973532482e+01,-2.227257089430229087e+01,-2.427338857389971238e+01,-2.120007431087227445e+01,-2.372154839174072904e+01,-2.019774810286950739e+01,-3.091988849530221728e+01,-2.342117702872712215e+01,-2.079577094943577009e+01,-2.435102666029709795e+01
-2.842806969767940473e+01,-2.168592061236740776e+01,-2.344532602331553761e+01,-2.330307311469265841e+01,-2.876418298026504061e+01,-2.151790046627295538e+01,-1.745980222042675933e+01,-1.799446464357365727e+01,-2.637756091269117320e+01,-2.320437654965287422e+01,-2.454722700916084221e+01,-2.944413021543049069e+01,-1.904347971735026945e+01,-1.680194280728013823e+01,-1.420635283174796548e+01,-2.891455723865200156e+01,-2.505213501181740909e+01,-2.980172470344800928e+01,-2.441124852551290303e+01,-2.949908662041604757e+01,-2.431856044299534148e+01,-2.535266599844894841e+01,-2.792972502613793040e+01,-2.792897472966016892e+01,-2.925324098418808916e+01,-2.682576292827517861e+01,-2.853937985752876472e+01,-3.829017200036103930e+01,-2.702086346154276697e+01,-2.237320247834155751e+01,-1.854893097621109987e+01,-2.408757278236911858e+01,-2.806523413428467251e+01,-1.435361462689662559e+01,-2.255375210747195069e+01,-2.926704150110653657e+01,-2.081237553353208014e+01,-2.296331998738956059e+01,-2.860738302349838946e+01,-2.422021292864950226e+01,-1.858298769113039839e+01,-2.628628394286338121e+01,-1.994253910849148781e+01,-2.189000836464548172e+01,-2.014476550129558063e+01,-1.634453926736051699e+01,-1.680770618654821646e+01
-2.746476011736405098e+01,-2.079986801982529698e+01,-2.248102165172841183e+01,-1.971714198960918196e+01,-2.084695889462870610e+01,-1.346374140617052362e+01,-1.891835774562673222e+01,-2.602445803039153205e+01,-3.507200275044324655e+01,-2.607030208912349067e+01,-2.120317069336876870e+01,-2.507355065372124869e+01,-1.667438208059757443e+01,-2.206094834859242937e+01,-1.748492384438593206e+01,-2.669144641754916947e+01,-2.371341011235251273e+01,-3.149825757226996359e+01,-2.571416243369104038e+01,-3.262134220006355179e+01,-3.355812481236215206e+01,-3.112235746903440159e+01,-3.543836777643845437e+01,-3.553212937351070622e+01,-3.818787839848771171e+01,-2.495900800750541748e+01,-3.429925280974151747e+01,-2.527762439210732737e+01,-2.298221433902159561e+01,-2.648288721642426324e+01,-1.819750004294166956e+01,-2.568760920998701636e+01,-2.171745638444651050e+01,-2.289873517417632698e+01,-2.883012021300817906e+01,-4.086302242632784498e+01,-1.875748994284776217e+01,-2.543012232133435191e+01,-2.839501872530433602e+01,-2.867546445470134842e+01,-1.445383219743925096e+01,-2.319115926289089202e+01,-1.818115724576169612e+01,-1.721232984467073379e+01,-3.109493647787848758e+01,-2.425859987255039485e+01,-2.049894734375119043e+01
-2.393737584230961346e+01,-2.477526222673631651e+01,-2.612196002960860497e+01,-1.977482715217031028e+01,-2.661012571458977405e+01,-1.662542435324624179e+01,-2.058005894799428148e+01,-2.644038929642927727e+01,-2.075126381536012232e+01,-2.320605054283407753e+01,-2.547284477977498085e+01,-2.411074744736664499e+01,-2.113858393953997705e+01,-2.012733675329037197e+01,-1.791913656949360956e+01,-2.612177341273290665e+01,-2.751640880383652643e+01,-4.315178965830925506e+01,-3.234016820822134974e+01,-2.371407294401539545e+01,-2.873688943588745559e+01,-3.516915518520975326e+01,-3.664554170250654863e+01,-3.189316389468326918e+01,-3.190581188698709525e+01,-2.976903551997111919e+01,-3.969572834167090036e+01,-2.274234133567643923e+01,-3.343455773510653728e+01,-2.036864360291037457e+01,-2.398085872426297271e+01,-3.044661547016253778e+01,-1.968869855961384019e+01,-2.458439052943660741e+01,-2.471556555197359728e+01,-2.326672994082563406e+01,-1.734755536152835020e+01,-2.507576493140678409e+01,-1.969910447181502633e+01,-2.732341043642317757e+01,-1.447287042817158209e+01,-2.141807984386398545e+01,-1.988633162210280148e+01,-1.916251926498770786e+01,-1.556545512593318037e+01,-1.716315165802919651e+01,-1.773199220313515667e+01
-2.552452147362012624e+01,-2.928057155912053489e+01,-2.063380935716281428e+01,-1.930556379791819666e+01,-3.236528853297304664e+01,-2.022411912844033566e+01,-2.563588955952337400e+01,-2.274265022749152365e+01,-1.886461194934500440e+01,-2.229354241866606401e+01,-3.871233652613211973e+01,-2.069076216902457688e+01,-2.222742767923969609e+01,-1.999551450506052674e+01,-1.836888721495144949e+01,-3.067846093733168189e+01,-3.102219927069796057e+01,-3.485925010100343258e+01,-4.108764463644946119e+01,-2.170134437749913658e+01,-3.549964878218929698e+01,-3.552768174664866763e+01,-3.440315734651397861e+01,-3.014899571570065717e+01,-3.169538036176378171e+01,-5.245155343080496380e+01,-2.600567906483894021e+01,-2.787753939884728283e+01,-2.467165204918787325e+01,-2.285482874644066698e+01,-2.419746820808642696e+01,-2.603044024189160055e+01,-2.378076152217063566e+01,-2.175695005493232159e+01,-2.142396931377378522e+01,-1.680336836504729803e+01,-2.435040175311024768e+01,-2.606394931945712301e+01,-1.864403320440425205e+01,-3.583514644027279417e+01,-1.773838707060204811e+01,-2.186757853138593077e+01,-1.587173630240285149e+01,-2.001907584611803514e+01,-1.745265491727097285e+01,-1.696298619014563158e+01,-2.346495677918479927e+01
-3.044544234208652256e+01,-3.937972062856625399e+01,-2.874599032517503261e+01,-2.376797741568264399e+01,-3.005400070045176975e+01,-2.684496622001342203e+01,-2.829336214638674818e+01,-3.060400401681022586e+01,-2.943576539213939469e+01,-3.046067917864049690e+01,-4.529488225191958861e+01,-2.703617306597419301e+01,-2.519920226773823657e+01,-2.523524823115646853e+01,-2.362354562606676467e+01,-2.832595428107925883e+01,-2.553447690742189735e+01,-2.989482087817318501e+01,-3.813593876187903930e+01,-2.130553991812386272e+01,-3.491141220567203618e+01,-6.600683364179256785e+01,-4.119781477294892369e+01,-3.955907274304711052e+01,-4.734492719794808124e+01,-3.702418180624660238e+01,-3.389362222150709414e+01,-2.084569230917045601e+01,-3.230640725434207639e+01,-3.488927708149995510e+01,-3.365807570669756643e+01,-3.524807998193956138e+01,-3.302885496502074147e+01,-2.199390309859980519e+01,-2.186720379746087772e+01,-2.076987315972306547e+01,-2.085293659843129888e+01,-2.737730813107406647e+01,-2.287965846856582530e+01,-2.791495702762057363e+01,-2.453074799344992130e+01,-2.611211272446118414e+01,-1.871133185512412211e+01,-2.728252577136479573e+01,-2.509537050691909599e+01,-1.944451878977838533e+01,-2.614572586339667382e+01
