-2.163943491035834299e+01,-2.170283290228449147e+01,-2.144093412295319823e+01,-2.104860190430978051e+01,-2.187756592349002105e+01,-2.212259300310808996e+01,-2.110510715147606575e+01,-2.015014643597423571e+01,-1.778846319456745917e+01,-1.666603365338834664e+01,-1.697571548573056432e+01,-1.821661111555601309e+01,-1.891567699129420177e+01,-1.957726735548865449e+01,-1.925342446789705519e+01,-1.889139095822671166e+01,-1.825073462321346085e+01,-1.726221139090401735e+01,-1.775570215587329059e+01,-1.818818281915850932e+01,-1.942687564595301453e+01,-1.827004695566077075e+01,-1.794089993498378988e+01,-1.757119816496856401e+01,-1.840419311720625828e+01,-1.994704292053566874e+01,-2.058699976053453184e+01,-2.034864811207118862e+01,-1.889830415723915280e+01,-1.806748219809137623e+01,-1.915639704958836731e+01,-2.006428341578720165e+01,-2.040457686445766683e+01,-1.999971927018990314e+01,-1.964618708943962133e+01,-2.000574361023150161e+01,-2.004015505134611175e+01,-1.953274427768879207e+01,-1.945264143692819658e+01,-1.928701688831013783e+01,-1.892920281833275808e+01,-1.813822515208022068e+01,-1.727564338633888497e+01,-1.701288946723579443e+01,-1.789580167325815907e+01,-1.907297752226205745e+01,-2.147471045641074383e+01,-2.001617562770843506e+01,-1.864211501662892445e+01,-1.856646541276372631e+01,-1.940193656691931068e+01,-2.045169718910877066e+01,-2.049385612620447006e+01,-2.035437343353615702e+01,-2.018709187041547892e+01,-1.825336175036609632e+01,-1.747934053715010450e+01,-1.745629699785906652e+01,-1.880182365994704341e+01,-2.043655628727790941e+01,-1.943160096505530632e+01,-1.932669251036823255e+01,-1.938695580797984164e+01,-2.009725921046464947e+01,-2.005302060457100666e+01,-2.004437837654486643e+01,-1.932954141251126501e+01,-1.805782247665233342e+01,-1.796477391576408422e+01,-1.853420964667671456e+01,-2.062218330766921781e+01,-2.061017937767774555e+01,-2.115646730688281352e+01,-2.038220272476511852e+01,-1.971678867465571372e+01,-2.000823272708663225e+01,-2.045561390442955840e+01,-1.991309789607399239e+01,-2.019012231217291031e+01,-1.952426712136519527e+01,-1.868068139893668089e+01,-1.763290615906392844e+01,-1.840617783490876391e+01,-1.923962361920148822e+01,-1.984665561080875307e+01,-1.869376999812018525e+01,-1.794730739934103880e+01,-1.811997240019920241e+01,-1.948841636162951474e+01
-2.040073483330862913e+01,-1.998531388877925963e+01,-1.893994137936068611e+01,-1.843747581844042926e+01,-1.893160254973217960e+01,-1.994861850075255560e+01,-1.943842920145593922e+01,-1.786033011289467609e+01,-1.479510764699233150e+01,-1.435243454104975669e+01,-1.518154595848312916e+01,-1.625183318521743558e+01,-1.757058376029021929e+01,-1.697854930565769394e+01,-1.526777738960165642e+01,-1.607203307322093266e+01,-1.616763671089832144e+01,-1.363870716005339645e+01,-1.326745731938154194e+01,-1.277090313380822195e+01,-1.402091715210362466e+01,-1.424548496384369756e+01,-1.507568525640588142e+01,-1.348820106606734370e+01,-1.352666393303333336e+01,-1.533621167957334563e+01,-1.679526848721324939e+01,-1.681814637668150780e+01,-1.543524744053532238e+01,-1.555408051061002794e+01,-1.735503419001299719e+01,-1.857149447892841465e+01,-1.824166948006565292e+01,-1.747549876682740333e+01,-1.665700350578566358e+01,-1.554657824595171789e+01,-1.517193979674712168e+01,-1.383359818687116238e+01,-1.264903517874111749e+01,-1.294948235938423586e+01,-1.333851691968459008e+01,-1.187053495331814368e+01,-1.044760559532875455e+01,-1.144891259858482790e+01,-1.437069007283762900e+01,-1.528798705966848992e+01,-1.609798350325204552e+01,-1.517766895509303993e+01,-1.522048517187735150e+01,-1.685002191712085562e+01,-1.817337001624860093e+01,-1.818058372888349794e+01,-1.867007465201212923e+01,-1.915661292237446744e+01,-1.816761547820012268e+01,-1.505607881312979757e+01,-1.312395783295308682e+01,-1.244207994471815226e+01,-1.402340292482447737e+01,-1.657730488221448084e+01,-1.698508228305587053e+01,-1.668333834185636277e+01,-1.558378771910990146e+01,-1.678056918409533793e+01,-1.815603819444663714e+01,-1.781159453105209423e+01,-1.714523124874086335e+01,-1.477085158968330347e+01,-1.327875730910695573e+01,-1.373376669659090155e+01,-1.699296274799433348e+01,-1.706593746708747972e+01,-1.602604867372297548e+01,-1.518924028622476641e+01,-1.512668421886917258e+01,-1.445366605018314488e+01,-1.408910164001740917e+01,-1.340612449572610743e+01,-1.363476160824074768e+01,-1.421007833848322299e+01,-1.287094406324221652e+01,-1.113957056828907533e+01,-1.136275045764177349e+01,-1.220384461471908999e+01,-1.387377169840317848e+01,-1.320820197575074317e+01,-1.301940840706789437e+01,-1.456880210396042408e+01,-1.766659279425341467e+01
-1.904208471810907355e+01,-1.721969033542432115e+01,-1.522174913990766498e+01,-1.497826133858888653e+01,-1.651366470406826181e+01,-1.736856881209782344e+01,-1.620520067125334762e+01,-1.411804282037835456e+01,-1.311058255245811033e+01,-1.491262397550998742e+01,-1.634665044268271217e+01,-1.611626879344309060e+01,-1.652229067705627585e+01,-1.287470856869131097e+01,-1.073260137461181785e+01,-1.060091115433470677e+01,-1.128662451026134939e+01,-1.171418105973336843e+01,-1.120748445862217935e+01,-8.920932800698100351e+00,-8.491472177487567663e+00,-1.019938735719910206e+01,-1.245841520755810805e+01,-1.134259285559331509e+01,-1.209426522120497260e+01,-1.360564886067146695e+01,-1.560987014967696140e+01,-1.567193739754813109e+01,-1.417725543778641750e+01,-1.470375746802279870e+01,-1.724710073506921759e+01,-1.497614393198400506e+01,-1.319828336691497839e+01,-1.179856229926410549e+01,-1.116204898608358320e+01,-9.933939951142869873e+00,-8.089598982573900088e+00,-6.512606659890117555e+00,-6.693188030468790295e+00,-9.834020805089993544e+00,-1.015689114744501964e+01,-7.725065843503277740e+00,-7.721178009994048352e+00,-8.515719050751592079e+00,-1.024966020355547336e+01,-9.365565797888246280e+00,-8.748386581533384998e+00,-9.069210134390601752e+00,-1.256035112340311422e+01,-1.436748585183369542e+01,-1.463686220000561100e+01,-1.430188230912488123e+01,-1.569053457016335429e+01,-1.719688699568124690e+01,-1.613359577315194215e+01,-1.453949292037720120e+01,-1.284387434783734783e+01,-1.012803071647658371e+01,-1.084031925344825709e+01,-1.449228985551604687e+01,-1.709536019796715678e+01,-1.561066905269049165e+01,-1.357275745922461496e+01,-1.356111218068832791e+01,-1.303496201190733395e+01,-1.236940243369654624e+01,-1.249709788793908061e+01,-1.264210108908495478e+01,-9.105944074228181861e+00,-6.945358931860725171e+00,-8.338901844397327068e+00,-9.140022269078999173e+00,-9.935186487391479915e+00,-1.241357305982059067e+01,-1.424326393658057199e+01,-1.079649159558733551e+01,-7.003016323831520396e+00,-5.223073949261841875e+00,-5.372468921162023570e+00,-7.520889016632008151e+00,-7.055771525893220542e+00,-5.922878623849019419e+00,-7.828937646141626239e+00,-8.963906156837492034e+00,-8.809692269205150694e+00,-9.659645680646251620e+00,-1.236760894965408397e+01,-1.537406424651468662e+01,-1.777236058568595922e+01
-1.697808478201242366e+01,-1.438045501081567146e+01,-1.292431318715102684e+01,-1.285681946385175678e+01,-1.469189042794076983e+01,-1.429093062653577384e+01,-1.320994910665024413e+01,-1.102385298425990001e+01,-1.022477854463390834e+01,-1.129702840308497791e+01,-1.327388110510388763e+01,-1.276977624211992612e+01,-1.244851228930896347e+01,-1.013769177655528431e+01,-8.809548196039701295e+00,-5.991297178362545495e+00,-6.089655329074178169e+00,-9.734477717201821534e+00,-1.214999506616950953e+01,-8.717009950401191531e+00,-8.420533763734917798e+00,-1.129550374670416346e+01,-1.384663849584478257e+01,-1.300885924629699097e+01,-1.452315008461027190e+01,-1.461946372519758341e+01,-1.370371150516701775e+01,-1.223697930910533493e+01,-1.197341154258053919e+01,-1.354178453746594890e+01,-1.539829065566672384e+01,-1.292158234388308458e+01,-9.410046854861697341e+00,-7.169709300804407270e+00,-7.399337953901884646e+00,-6.558059212156480022e+00,-5.129913346897950532e+00,-6.918576541937943247e+00,-6.068695837393739190e+00,-8.064335993582144368e+00,-8.623353989052592539e+00,-9.669979188227115330e+00,-1.106468754917159103e+01,-9.713408398000817456e+00,-1.011518579867101231e+01,-8.399459547314204855e+00,-5.440160975784511521e+00,-5.294841595778339460e+00,-7.557537344389391620e+00,-8.137974136642046830e+00,-7.289573032596267765e+00,-7.968801943382206154e+00,-1.085295800562191815e+01,-1.532183003201520499e+01,-1.664267576099338442e+01,-1.526667622336767671e+01,-1.296745808142468448e+01,-9.493689194209594007e+00,-9.203292820014452147e+00,-1.266983702397884315e+01,-1.608800812704222594e+01,-1.537997673748803251e+01,-1.406825834306839340e+01,-1.317489727743362060e+01,-9.616028432230136147e+00,-7.935469009346308056e+00,-6.963315997804913948e+00,-6.897133809648702929e+00,-4.968402390005906888e+00,-3.609978513939207989e+00,-5.584341637797205493e+00,-4.706487792453035723e+00,-4.754555448042438570e+00,-8.430262521665571995e+00,-1.325952479993938482e+01,-1.184309552800386456e+01,-6.863586946145484369e+00,-2.169615535707129172e+00,-5.853492653660854472e-01,-2.232128721280233652e+00,-5.004284946722349581e+00,-7.151094776123089858e+00,-7.270174579316735830e+00,-7.793299783329318053e+00,-6.560599014555153374e+00,-8.157445877566374293e+00,-1.372435798322347722e+01,-1.727172173593277194e+01,-1.867179071186180295e+01
-1.473584929803260302e+01,-1.367626658194047096e+01,-1.419555045877184263e+01,-1.254457676276228462e+01,-1.119962009249773160e+01,-9.986457310560950873e+00,-9.797282398867427133e+00,-8.626486906879826222e+00,-6.612723636335896771e+00,-6.537275820970535278e+00,-9.323281995784071796e+00,-9.145690974212230984e+00,-8.223098096094632936e+00,-9.513077641340126789e+00,-7.685670740846404669e+00,-4.280458519333286915e+00,-4.113973267236374021e+00,-7.339789709090290160e+00,-1.168370643639026696e+01,-9.532853167756160317e+00,-9.993952462547703419e+00,-1.338030477305103894e+01,-1.637599771363394652e+01,-1.472535807476904246e+01,-1.475397184737642853e+01,-1.082485737892469935e+01,-7.212235671482083887e+00,-6.186003032511562694e+00,-8.484499809437227924e+00,-1.205402885007679004e+01,-1.137542533628026398e+01,-1.059015421401289103e+01,-7.154733004314558720e+00,-4.448621137438804496e+00,-4.599921741893977511e+00,-5.385714073239988409e+00,-6.865446921241910694e+00,-8.573988114980826580e+00,-6.016552182796754522e+00,-5.845046760836489774e+00,-7.826190087804220319e+00,-1.159686354407690523e+01,-1.202040068502713055e+01,-1.139625941609081394e+01,-1.281804127016461869e+01,-1.019709035944669751e+01,-6.891106459655259364e+00,-6.917553783023267400e+00,-7.424862018569295508e+00,-4.054812012268300236e+00,-3.071012351841576393e+00,-5.136106479891989096e+00,-7.714783694174952799e+00,-1.114235598117785386e+01,-1.359217023939118363e+01,-1.332853110750814984e+01,-1.242657890355676642e+01,-8.644177309552530275e+00,-7.730489695430698305e+00,-1.020163712331226868e+01,-1.141209755804305637e+01,-1.029112412493423889e+01,-9.103106594614725822e+00,-7.408615857268214810e+00,-5.232892435669016962e+00,-4.745096959790767954e+00,-3.225598852739221201e+00,-2.490127429503972145e+00,-4.404195121567585858e+00,-5.377124090685992286e+00,-7.033592068638365724e+00,-6.473222731542598751e+00,-5.567715972101778377e+00,-5.380970495865028624e+00,-7.453041440170061982e+00,-8.735434965293546128e+00,-8.291296633786725323e+00,-6.647181685215660885e+00,-1.851023387320994473e+00,-3.914613132944936291e-01,-2.428948772963070102e+00,-8.576395323507039592e+00,-9.596953938778181481e+00,-6.534287521993755732e+00,-5.115525068028976996e+00,-5.850618123223907396e+00,-1.011051201753150330e+01,-1.412720930576324463e+01,-1.615262446950252695e+01
-1.667948845096100641e+01,-1.692355052689860528e+01,-1.521055976923246966e+01,-1.230081341544488360e+01,-1.109723485726162906e+01,-7.879575195393168308e+00,-6.575383803450074893e+00,-6.802542793738683535e+00,-4.593139864043927822e+00,-4.146292955015918658e+00,-7.052729692954318175e+00,-9.289965555183869128e+00,-1.079781769944312941e+01,-1.112352461451874674e+01,-8.284774861837687965e+00,-4.416273609195885186e+00,-4.295864717047521708e+00,-7.074981129035017524e+00,-1.063075653838932055e+01,-9.704023436944288150e+00,-1.170766188148269116e+01,-1.452307468070123342e+01,-1.611589883996131789e+01,-1.415954057256081988e+01,-1.281288552373871781e+01,-6.923960252601961685e+00,-3.324103214714984045e+00,-2.303409171089375818e+00,-5.235488786491656832e+00,-8.865559507581524556e+00,-7.475773599979124384e+00,-7.162217587764773796e+00,-6.868481752357649128e+00,-3.670897446105368722e+00,-2.750662191946031676e+00,-5.583019305218717143e+00,-1.035272954930936429e+01,-1.055380423557489422e+01,-8.349296452855705652e+00,-7.120525649615696118e+00,-8.173580221439662452e+00,-1.073446696105980358e+01,-9.106086358687091931e+00,-8.780148728908200084e+00,-1.064102649916037002e+01,-8.377319199698311181e+00,-8.734649700777870507e+00,-1.109302469707073158e+01,-9.080307007732248081e+00,-5.190261531646601867e+00,-5.184657364971656079e+00,-6.552569734370266019e+00,-6.416058264896833840e+00,-6.423095638590647916e+00,-9.348569296804585704e+00,-1.047814244076721657e+01,-9.900694636473978960e+00,-7.235832895075244409e+00,-6.614770513504071303e+00,-9.601164433741031345e+00,-8.553739625932578861e+00,-5.251148222867072057e+00,-2.383720504307307309e+00,-5.516594743174045856e-01,-4.685848355066788984e-01,-7.139363490374184273e-01,-4.896401649225446961e-01,-7.873276024601680856e-01,-4.874676248311201832e+00,-8.532290949101062338e+00,-1.060346734523773193e+01,-9.645564276024810368e+00,-8.624994488587056196e+00,-5.339538602806151779e+00,-3.494585520383040489e+00,-5.296228848761858288e+00,-8.902615270668402303e+00,-7.631067007261895796e+00,-2.689158711206479424e+00,1.982990086036629240e-01,-2.895925695184247139e-01,-4.356319167923619062e+00,-8.655368610488292092e+00,-8.833298830385494682e+00,-6.511327803358995858e+00,-4.504204925513805691e+00,-5.889321649881233967e+00,-1.083462314767048795e+01,-1.435716816446834976e+01
-1.662704226128140661e+01,-1.564354212391645405e+01,-1.405147588253021240e+01,-1.465398874004980634e+01,-1.314259547039978493e+01,-8.215851743754587488e+00,-6.525624269829656932e+00,-6.936723102071879588e+00,-3.572409631367015503e+00,-2.317476580027338695e+00,-4.512362472755008014e+00,-1.040085624102363049e+01,-1.386623017590745022e+01,-1.194900001395017597e+01,-6.516431514229765298e+00,-3.851608895916400765e+00,-5.157370217872741414e+00,-9.327841148340612065e+00,-9.677820629195162283e+00,-8.184491772848859981e+00,-1.035693287580533095e+01,-1.222729405671134018e+01,-1.262143718434455764e+01,-1.264056357539686104e+01,-1.110630866145729101e+01,-8.795085334015968925e+00,-5.991662201382346176e+00,-2.016158019066473184e+00,-1.818437180220135563e+00,-3.843370286493975385e+00,-3.135412397923970307e+00,-3.312733165416481551e+00,-5.336902705271539205e+00,-4.288236499719384476e+00,-2.693309450543072359e+00,-4.959695626274311486e+00,-9.883288873541623332e+00,-9.487335957138609999e+00,-9.271779206910528259e+00,-7.982884818814079075e+00,-6.266959184850740883e+00,-6.356305274013009488e+00,-4.689250638694467455e+00,-3.660567935667993211e+00,-4.774831993827580057e+00,-6.429242096001043905e+00,-1.121538381244903171e+01,-1.200777161255814995e+01,-8.158967996450295246e+00,-6.564334307622192277e+00,-7.719392729012813703e+00,-6.698871525158559770e+00,-5.242449526883367739e+00,-5.426760604496541518e+00,-8.811904821852992953e+00,-1.068508622879372538e+01,-8.918850742112425678e+00,-6.598033484715716490e+00,-6.315321654529499895e+00,-1.001835739836656991e+01,-1.137112511369518764e+01,-6.741011168401604081e+00,-4.072745314758329016e+00,-3.980967615155110995e+00,-4.539145096114143740e+00,-1.869091779138906784e+00,-1.018270134557339723e+00,-3.076688798995254270e+00,-5.963696615447690696e+00,-8.958548372625408263e+00,-1.320664169779397490e+01,-1.286542662149085103e+01,-8.218599703919171162e+00,-5.393339706990952109e+00,-3.062316618538750479e+00,-4.228439274923245783e+00,-8.754403240250464791e+00,-6.484499805417835994e+00,-2.280863160883624285e+00,-4.792639533253876816e-01,-1.647786930662096694e+00,-3.738391156728498643e+00,-6.713294238783419132e+00,-9.530349418969082720e+00,-7.788275147179015256e+00,-5.161751008907654814e+00,-6.295957662557301049e+00,-1.068926931279046144e+01,-1.644695224260028965e+01
-1.369298690960819620e+01,-1.252371279861693942e+01,-1.413019117645751344e+01,-1.695894624864248357e+01,-1.471047259183754541e+01,-1.069324139040663724e+01,-9.033300732311449366e+00,-6.972014919273499700e+00,-3.487516948077967527e+00,-3.099056288712006779e+00,-6.315027568685381176e+00,-1.223507065387596704e+01,-1.397779848163289174e+01,-7.506322891416406407e+00,-3.452636007576676658e+00,-2.651082878680269594e+00,-5.330107592998590604e+00,-1.045871190222582392e+01,-7.254409499186322385e+00,-5.628318560134647264e+00,-7.380682615773346278e+00,-9.935438382222240961e+00,-1.248524269349593041e+01,-1.199486888978714383e+01,-9.379472819710136022e+00,-8.502863840052956590e+00,-6.730543477166640365e+00,-5.784710737960622851e+00,-2.401002478255378936e+00,-5.505794452737904354e-01,1.162024177357036218e-02,-1.561953108841982241e+00,-5.077316077159983898e+00,-4.690380712978093669e+00,-2.175748601366868318e+00,-3.018208833344812714e+00,-6.595754265077972356e+00,-7.038715040997455041e+00,-7.306142993663486962e+00,-8.806045019424947995e+00,-4.423307280196227431e+00,-1.907795636460716260e+00,-1.163312751063254158e+00,-2.584788882924607734e+00,-5.767736538225799237e+00,-6.230203043025238863e+00,-1.006611083593583622e+01,-1.083091841201136951e+01,-9.363677651586389317e+00,-6.010134645089983074e+00,-5.166724134572690197e+00,-3.239222876514882277e+00,-3.147336093698369197e+00,-5.530555342163022026e+00,-9.834712590041913671e+00,-9.887758946956548556e+00,-8.998879025725269543e+00,-6.096182947672021513e+00,-4.703482958509173528e+00,-7.068505181601845599e+00,-1.162804162793589668e+01,-1.093858482290927547e+01,-1.081770224995995200e+01,-1.072058157961731517e+01,-1.143284024482879957e+01,-8.510777114762749562e+00,-5.324634876130218686e+00,-5.680510193042989542e+00,-6.708792585452416191e+00,-7.265151196628584884e+00,-1.041278327878256427e+01,-1.268461383170539314e+01,-8.320959334030636256e+00,-4.228008107793398196e+00,-3.079139679073377156e+00,-5.924382998390977484e+00,-1.003741697087547813e+01,-7.461435488516226400e+00,-4.572350822958072492e+00,-4.797029439870205358e+00,-8.115402981824471951e+00,-1.055887985749072122e+01,-9.794275498535848001e+00,-1.087074394311223635e+01,-9.281344200498459429e+00,-6.697587604193310895e+00,-7.165743171048343463e+00,-1.078672148500170103e+01,-1.570919304413903106e+01
-1.265581634528654931e+01,-1.212304818540587448e+01,-1.377104130275267480e+01,-1.615572508295676002e+01,-1.508404805427207052e+01,-1.446385884284973145e+01,-1.187673305927362577e+01,-8.148117880624040410e+00,-5.450717535346074172e+00,-6.004207413447530506e+00,-1.043895259499549866e+01,-1.484683213198095331e+01,-1.275338780476634604e+01,-6.536390302702784538e+00,-4.099491388600667641e+00,-4.798924267011925870e+00,-6.274613255732937489e+00,-7.942507001242243625e+00,-6.771667969854254565e+00,-8.078022142157966101e+00,-1.054968195817524368e+01,-1.272718614563906137e+01,-1.353996121569683631e+01,-7.947370551750624124e+00,-4.677349830578480194e+00,-4.613042927480170086e+00,-6.999750029687819008e+00,-8.468152359464115264e+00,-3.179039883731927585e+00,-6.963984330997258221e-01,-1.979030347933390610e+00,-6.656634872072005216e+00,-9.371234245542297003e+00,-5.117565051155319011e+00,-1.568453903744151168e+00,-1.732975597643465093e+00,-4.782580240109245651e+00,-7.715060900644700403e+00,-8.635061088809393937e+00,-8.424925414243139343e+00,-4.944936663745657768e+00,-4.438825947925784554e+00,-3.943425210278579396e+00,-5.262236735902559026e+00,-6.914222072298757737e+00,-5.887583376769732979e+00,-8.464324628416084906e+00,-8.370735493901753088e+00,-7.363583346058551804e+00,-3.773550648455809231e+00,-3.051989679378842357e+00,-5.055658541173810860e+00,-7.623098289436499364e+00,-9.205668324590625673e+00,-8.817481803490704095e+00,-7.034387380052778305e+00,-6.926774016924594157e+00,-4.599702910851000581e+00,-3.212172022879761002e+00,-4.099187326584277535e+00,-7.223126095922705936e+00,-9.469580198253007453e+00,-1.242495558801268096e+01,-1.154897267234562364e+01,-9.424301039343490061e+00,-8.412236098756775249e+00,-4.787794835588026210e+00,-3.804492778803004960e+00,-4.892706687747732097e+00,-7.741808056159126927e+00,-1.035559475881264646e+01,-8.388282572472453680e+00,-5.957814835603664427e+00,-2.468077595596012586e+00,-1.747786157041931743e+00,-4.307457449227130475e+00,-8.791597469177629520e+00,-9.239596940521010993e+00,-7.500086118740246555e+00,-6.584560217713951502e+00,-9.241959764321046933e+00,-1.190406712351884977e+01,-1.118595371255300996e+01,-1.139778735897594864e+01,-1.290283594678219181e+01,-1.055740460282877891e+01,-7.792809479218676394e+00,-8.799413013727145128e+00,-1.312221354380586114e+01
-1.688227628854880535e+01,-1.522113613347361927e+01,-1.409091150581388519e+01,-1.433147544968397114e+01,-1.547281759663631995e+01,-1.553149613133050444e+01,-1.161755447638662275e+01,-1.065032601042797644e+01,-7.635772537356032785e+00,-6.715015393338705785e+00,-9.031906922431872431e+00,-1.092720586033467889e+01,-1.010650290716859701e+01,-6.695800253323146656e+00,-5.669518489572674902e+00,-6.801698512712815337e+00,-5.753097943513465040e+00,-6.245924265032872569e+00,-9.330632870806788048e+00,-1.448484992443170682e+01,-1.570520332702120392e+01,-1.568132667792470869e+01,-1.049716367802225570e+01,-4.870563699727303408e+00,-2.911607507474482492e+00,-3.167806032650291925e+00,-6.899394610546584872e+00,-7.890677014799942768e+00,-5.400106229661802537e+00,-2.821067827548901619e+00,-4.033531295240653236e+00,-8.463976070732998735e+00,-8.944574220288068034e+00,-6.029273957745837187e+00,-3.539799823961395919e+00,-3.752773800046626196e+00,-4.908493428210959131e+00,-6.772287254999006301e+00,-7.393408002613700347e+00,-6.682490684148064020e+00,-7.159681843859808659e+00,-1.140985435247421265e+01,-1.199603805964798653e+01,-1.171660590440707139e+01,-7.790795811907129220e+00,-5.020463372111544587e+00,-5.567548738158818900e+00,-4.920991335942977329e+00,-4.224437168701307144e+00,-6.510029247492775895e+00,-7.420141980878280918e+00,-9.692672052609740518e+00,-1.130744906735415611e+01,-1.016572817330969869e+01,-6.699177176992695770e+00,-5.862977827626063565e+00,-6.929670997216065054e+00,-6.369040461747269788e+00,-7.108956323152310297e+00,-6.942440782775191721e+00,-4.882745074563400678e+00,-4.818652584315522347e+00,-6.530643966132984701e+00,-5.778342312960745630e+00,-4.897678664951984118e+00,-5.961433450504524778e+00,-3.326614288161543698e+00,-1.086580315939171815e+00,-2.840222570604007402e+00,-8.286604465622650295e+00,-1.133580971794917147e+01,-7.905967675765654512e+00,-3.888477467250821107e+00,-9.166048222411374846e-01,-7.238276646703594164e-01,-3.310007097438954826e+00,-6.001100450113443507e+00,-7.503075657706511414e+00,-7.968039105709333825e+00,-6.549380059753145744e+00,-6.723224311506838191e+00,-8.979254369897054389e+00,-8.681701578143844245e+00,-7.642987003003744562e+00,-9.480736237131338839e+00,-1.043975587825017826e+01,-6.737610689847540968e+00,-6.029613258863301795e+00,-8.371328323407281502e+00
-1.847389543146119095e+01,-1.740345805928222944e+01,-1.642288190529758651e+01,-1.604731099990973675e+01,-1.559484985000208823e+01,-1.292628947191668587e+01,-1.091372386002002770e+01,-1.026641081956992529e+01,-7.434563222012125827e+00,-6.328992770481469243e+00,-6.738775411998867426e+00,-7.652198267218313532e+00,-8.639701763714166205e+00,-9.148700527230600343e+00,-7.450520202405471082e+00,-5.179475828518572911e+00,-3.792334358868953981e+00,-4.862906207816537041e+00,-8.936802749122891854e+00,-1.326730700991207534e+01,-1.528399777950200900e+01,-1.631069949695042354e+01,-9.345530129352907167e+00,-5.281472939101600872e+00,-5.195078119432511521e+00,-4.475509386737235751e+00,-4.278826728918330602e+00,-5.665186410989411669e+00,-5.802464352784541646e+00,-5.925426494974391112e+00,-4.710143695172286371e+00,-5.816573259469709711e+00,-7.160162102459068478e+00,-9.879927217288125618e+00,-9.502902377480850760e+00,-1.006725173356900882e+01,-9.058362556299320190e+00,-6.112585460136931381e+00,-4.218654364998683626e+00,-3.836443264471521175e+00,-7.211753283732367237e+00,-1.396470888978556602e+01,-1.533452983323792829e+01,-1.551240831299831946e+01,-1.058549038830556377e+01,-4.753833618015050888e+00,-3.127413683344983930e+00,-2.373295757318216737e+00,-3.922213761282986599e+00,-8.939805346218994586e+00,-1.191818064854557413e+01,-1.351978375499409779e+01,-1.304375228935614572e+01,-1.119862901111294384e+01,-8.425653398261033544e+00,-6.111100999484384566e+00,-6.992115180015115783e+00,-7.842397306422541625e+00,-8.874950049739135594e+00,-9.966331493837717659e+00,-6.625790249430258960e+00,-3.529321338631268734e+00,-4.278154743978880070e+00,-4.265633412219297149e+00,-2.813533060855531343e+00,-3.814042868330738578e+00,-2.290555353217239354e+00,-7.892116468580950839e-01,-2.832185005530613253e+00,-7.464562720822212505e+00,-9.042480134426202909e+00,-8.418010731724868023e+00,-6.450745342873540622e+00,-5.136254352720496463e+00,-7.118081992388794355e+00,-8.484731419782217898e+00,-8.562803340013159570e+00,-7.704963640386896628e+00,-7.999347499438694165e+00,-8.281784015378557129e+00,-7.429528311955833964e+00,-8.796276069568344624e+00,-1.095053339458273811e+01,-5.769325035463150009e+00,-4.073295360627143147e+00,-5.522347144474436753e+00,-6.796891249660262702e+00,-7.029142338810558499e+00,-8.525946263531993807e+00
-1.552196477678485387e+01,-1.521010302063217701e+01,-1.554249730594176171e+01,-1.509591126979741915e+01,-1.458126979797406264e+01,-1.421615631732725582e+01,-1.150321253820469458e+01,-9.218163453210564739e+00,-9.550365382343306564e+00,-1.096225372214514593e+01,-1.109771492830792816e+01,-1.091888499349579789e+01,-1.166723573051000962e+01,-1.265670450155000104e+01,-7.056134369812514073e+00,-3.951201147847998030e+00,-4.526361225740073380e+00,-7.623073293708432452e+00,-7.676978463741173542e+00,-9.670071924987592382e+00,-1.299848651146530187e+01,-1.193506924191811969e+01,-5.951071868895700057e+00,-3.944252662758055639e+00,-5.233989849178946940e+00,-3.710852074504241926e+00,-1.094564800841963059e+00,-1.940130010058165100e+00,-4.012383283532348521e+00,-6.587782091629180492e+00,-5.553552135377001875e+00,-7.131907241937136988e+00,-9.445587613976988095e+00,-1.224116858481464476e+01,-1.449014528129333890e+01,-1.536159026264247984e+01,-1.331379134045507762e+01,-1.037713910549654983e+01,-6.996010433014173913e+00,-5.449794063554670664e+00,-6.558487535755436859e+00,-9.007122699661474385e+00,-9.364686456053776809e+00,-1.042610923553768032e+01,-9.852253610030151876e+00,-9.259771788758891731e+00,-8.012797361624924619e+00,-5.508705120019026680e+00,-6.230943243740532544e+00,-9.577305875998691320e+00,-1.386886197283751976e+01,-1.455992767326813819e+01,-1.413711396912883167e+01,-1.477300901296443492e+01,-1.337193454297861628e+01,-8.185931936690682420e+00,-7.216781787630310419e+00,-8.188421800172418941e+00,-5.885957310872530712e+00,-4.722658507841905440e+00,-3.634279901195051288e+00,-2.205435397541080533e+00,-4.764967094003957904e+00,-7.671409805970532680e+00,-8.074627248619339781e+00,-7.908299836260091809e+00,-3.820176790723107896e+00,-1.888162486684942687e+00,-3.728969059000491804e+00,-7.980429650669483621e+00,-9.339032338526015664e+00,-9.969941549283221960e+00,-8.990664370750126366e+00,-9.140789793174070255e+00,-1.346162238955161605e+01,-1.337508078535696576e+01,-1.251038438350634507e+01,-1.050286667060134960e+01,-8.275911236391927162e+00,-6.627737193767513801e+00,-4.862647759757893873e+00,-5.571166521568057917e+00,-8.141345352864004070e+00,-5.744548093331487415e+00,-5.402039335977594448e+00,-5.145815066033904372e+00,-7.305352350850975007e+00,-1.019011990737197948e+01,-1.155992415480147706e+01
-1.424661207736883028e+01,-1.548951395830713729e+01,-1.486015432311180007e+01,-1.357430104160667383e+01,-1.456976014823841936e+01,-1.655278404852501595e+01,-1.401410801966387609e+01,-1.308897548824324630e+01,-1.105822953066431502e+01,-1.038024701816695128e+01,-9.953012364139233625e+00,-1.061769534949969440e+01,-1.238837038305469029e+01,-9.843130783030861863e+00,-5.766315900293507823e+00,-5.808855861873555071e+00,-9.168541732251195953e+00,-1.174204047419186736e+01,-9.971369249928265788e+00,-8.878220304510646699e+00,-8.733182792628841895e+00,-4.756514586270191636e+00,-2.115979183725207324e+00,-2.839679311315809862e+00,-5.373333413504008504e+00,-3.767780839708892771e+00,-1.379711494128100790e+00,-2.255307672009628117e+00,-5.881721596709711619e+00,-6.601452094485241062e+00,-5.674781492890272006e+00,-7.143874721377527770e+00,-7.218888185526195045e+00,-7.900404433411392979e+00,-1.019367688058182253e+01,-1.121122676963196696e+01,-1.097118564476644131e+01,-1.094317526880063518e+01,-9.011668913794640190e+00,-8.734325929243761166e+00,-8.601006195789441477e+00,-5.037926181926763114e+00,-4.454850817939504992e+00,-5.512812106793088418e+00,-9.512576325383401254e+00,-1.201557164980952841e+01,-1.140359348372409265e+01,-1.009278828986829346e+01,-1.048123277617352400e+01,-1.071219944351709863e+01,-1.144075312301572467e+01,-1.095489401028568643e+01,-1.193210163510831734e+01,-1.443691317300151233e+01,-1.546428590968139183e+01,-1.154113611825426666e+01,-7.880018526450135674e+00,-7.924925192630380977e+00,-6.586564155225467232e+00,-2.866250291626017965e+00,-1.298083950509842488e+00,-2.657771030209846508e+00,-6.111107345229308763e+00,-1.152368743347942370e+01,-1.429435602132987171e+01,-1.480990752353704032e+01,-9.352853816303712264e+00,-4.080447066456247107e+00,-3.243472306092822777e+00,-5.683194612299925730e+00,-8.181276536161513846e+00,-1.091486522488128053e+01,-1.089390421630744576e+01,-1.025205593628990997e+01,-1.307435189243546070e+01,-1.304928776464964280e+01,-1.179726996009511097e+01,-1.183945706464294290e+01,-9.715634096385841190e+00,-5.648056183917701034e+00,-3.481519993312334638e+00,-3.123512349686676348e+00,-3.000451275458886791e+00,-3.446720623613433343e+00,-6.134846104210929241e+00,-6.957284689621817897e+00,-7.698741210358483578e+00,-1.054615812418156118e+01,-1.423403156699990824e+01
-1.645631916092750657e+01,-1.721112481992047449e+01,-1.522351922128433621e+01,-1.434599753698908309e+01,-1.585218521078726361e+01,-1.706098771274537995e+01,-1.658886288879509152e+01,-1.348603205483658840e+01,-8.046781056357506401e+00,-5.976725182138887149e+00,-7.171989242161126654e+00,-9.934097805417570370e+00,-1.119708935165763819e+01,-6.677740186901020891e+00,-4.911398423961679249e+00,-5.876587667635509327e+00,-9.993047955824076567e+00,-1.192019446395841697e+01,-1.092053874946178382e+01,-7.970898089328206204e+00,-4.228270431581352184e+00,-1.269334351797973381e+00,-1.151967961339392055e+00,-5.334735721419740173e+00,-7.774429598136952002e+00,-5.058917120368223053e+00,-2.928035074550854322e+00,-4.119074375154205825e+00,-7.237355618646606814e+00,-8.795391086292895011e+00,-6.475620363684917002e+00,-4.821203512111608802e+00,-4.691424259355480686e+00,-3.756103243240719092e+00,-3.651416048768179490e+00,-5.421450674337775943e+00,-8.953054188477588937e+00,-1.044286039876366523e+01,-1.130500319196765524e+01,-1.154882211254951585e+01,-9.653726247916544878e+00,-7.222630865381736598e+00,-7.842681430784383068e+00,-7.858420611828341507e+00,-9.629768346933493817e+00,-1.050949379779342507e+01,-9.872511519749361142e+00,-7.126652922089162345e+00,-6.967030702985970159e+00,-6.258417892708316721e+00,-7.118881873774195235e+00,-8.067663653228516196e+00,-1.054060300400382566e+01,-1.335505908772461403e+01,-1.231396453855629325e+01,-9.191766650162994878e+00,-4.930033031404648547e+00,-4.557447948709262953e+00,-6.453851999834012254e+00,-7.040990628311726063e+00,-6.575816125386653610e+00,-8.385890106506002084e+00,-1.147942347441628463e+01,-1.390919035449063834e+01,-1.653807780303453256e+01,-1.597783332121999678e+01,-1.220723309642390220e+01,-7.607820256033634543e+00,-5.392068235147604582e+00,-4.152701415434913557e+00,-5.632585546632010498e+00,-9.384204302739380665e+00,-1.157608866377880652e+01,-9.816410021898441585e+00,-9.722514824073453354e+00,-1.087430676392146545e+01,-1.261737143365960456e+01,-1.215078553669434669e+01,-1.183676123439817474e+01,-1.039988647860691984e+01,-8.172378765883911100e+00,-8.071998550829695418e+00,-5.410095119197403157e+00,-3.276150856048036797e+00,-4.824575334605305521e+00,-8.112365541601539221e+00,-1.018289290267722080e+01,-1.154446030066425699e+01,-1.522679694792381788e+01
-1.680316170893217276e+01,-1.606825505454737524e+01,-1.445916904677125814e+01,-1.391404294519496077e+01,-1.629312782807457793e+01,-1.781035977915713531e+01,-1.597951811417601142e+01,-9.776074512224449009e+00,-5.610725296647252947e+00,-4.972272393056471174e+00,-8.189227521195448389e+00,-1.176456216806755961e+01,-9.308449474492467957e+00,-6.439733075804280560e+00,-6.064168433133596992e+00,-4.233152047562923848e+00,-5.253176277980411868e+00,-6.680333384648805328e+00,-8.632670513767385145e+00,-5.462327446690515842e+00,-2.682055915212188779e+00,-3.890252086154055711e+00,-3.825386647305703214e+00,-5.931800550732173605e+00,-7.672951602678101501e+00,-8.112567460556563859e+00,-6.545416400606806739e+00,-5.309551871304673654e+00,-7.298391932607593446e+00,-1.131835860327670495e+01,-8.227958965122251556e+00,-5.452894555404782295e+00,-5.932645941752751284e+00,-4.625453053519770208e+00,-3.683934703728585003e+00,-5.326501318190555168e+00,-8.919643293085851354e+00,-1.043104559676091547e+01,-1.149327437994175405e+01,-1.320132809608502455e+01,-1.319493066457877539e+01,-1.001549360805884348e+01,-9.326031950631536560e+00,-8.413944741108812408e+00,-8.422952525324671313e+00,-9.511012189576920406e+00,-7.629390791731648136e+00,-2.398954810480117938e+00,-8.483814758723916549e-01,-1.561591152396185178e+00,-5.188238162274255494e+00,-8.480530500299948926e+00,-8.937361268844819406e+00,-1.081495897214215418e+01,-9.548718416321097635e+00,-4.577344856021883679e+00,-1.916561861252464638e+00,-2.475689695758363840e+00,-5.852833740875349022e+00,-1.081834992564710518e+01,-1.193343087235339617e+01,-1.223802019285976428e+01,-1.283858269581893374e+01,-1.164439409433450834e+01,-1.134396065872414638e+01,-1.154469012046106791e+01,-1.030303794905763048e+01,-1.031321546905919107e+01,-1.213139972695730684e+01,-9.710987258590478177e+00,-8.992939500096149175e+00,-1.053018971045214514e+01,-1.302715408936479058e+01,-1.085248206746309307e+01,-8.345736370947127725e+00,-9.510951676314935099e+00,-1.332823153142642170e+01,-1.224806828158242311e+01,-1.093200980944741119e+01,-1.174020463721196528e+01,-1.139048578416494450e+01,-1.206742160907365324e+01,-1.007015408261826117e+01,-6.580040382025273082e+00,-6.570439527245392597e+00,-7.174006432630961605e+00,-9.629601052941236361e+00,-1.004902852188683759e+01,-1.183194564103632018e+01
-1.577847706644158698e+01,-1.544653757577551900e+01,-1.419447254462349761e+01,-1.342018227872991964e+01,-1.484900484049230585e+01,-1.729051704110955967e+01,-1.544766636428080098e+01,-7.266135521961333943e+00,-3.620760086445046877e+00,-3.302225336110345300e+00,-6.826420285605958149e+00,-9.613634877971239945e+00,-7.202028602809834368e+00,-6.836825084669473362e+00,-5.919036080934723110e+00,-2.473216624524360530e+00,-2.133826072176009614e+00,-4.811143567311206404e+00,-6.825796679824702728e+00,-3.498224961876001071e+00,-2.793917830515288969e+00,-4.921539053362899097e+00,-4.867346150499481716e+00,-7.342922985270143421e+00,-9.807824381984266537e+00,-1.150841066711827310e+01,-9.903602632252793470e+00,-6.536379196702089445e+00,-7.668678236523068570e+00,-1.097374367153734198e+01,-1.119466449566801636e+01,-8.049496104282544806e+00,-6.720506895295015326e+00,-4.825112866517856425e+00,-5.624007610251857692e+00,-8.156657479045199111e+00,-7.165749418668281301e+00,-7.275186571677712877e+00,-8.273296125345211749e+00,-1.210418487480260374e+01,-1.560808979703071486e+01,-1.097399796982456799e+01,-6.777334745637232594e+00,-4.021426931338706545e+00,-3.791062586793445988e+00,-4.180474261214074616e+00,-3.001523346641044920e+00,-1.833728312146438499e+00,-3.452218266350612907e+00,-4.269827586126905494e+00,-6.827404043042009540e+00,-9.684617286001829584e+00,-6.460307120884719367e+00,-6.196060006989908331e+00,-6.379081590953012082e+00,-3.269549120832899725e+00,-2.815263386454286199e+00,-5.804916597087429686e+00,-1.028564083511780147e+01,-1.311847251832933381e+01,-1.330967905288352071e+01,-1.298926803962628718e+01,-1.224872543399495228e+01,-1.137566653095689873e+01,-7.884427972081908820e+00,-5.218858937480788107e+00,-4.988445676308251642e+00,-7.630911257314054730e+00,-1.216339673381999020e+01,-1.242646023944804590e+01,-1.330225941381956467e+01,-1.466813871219642174e+01,-1.380083349459153297e+01,-1.097592212965613889e+01,-8.552556002722646156e+00,-9.545257678857646866e+00,-1.146607085009266491e+01,-1.032812968859995273e+01,-9.085949741359939935e+00,-1.000338711684807791e+01,-8.894138848591119029e+00,-8.788916382961819096e+00,-7.376386415346392944e+00,-6.550700767200328123e+00,-7.925147789754095839e+00,-6.957785000646472540e+00,-6.837512067981288411e+00,-5.491970315687638049e+00,-6.542722447138083375e+00
-1.608568884040180080e+01,-1.450175689530551892e+01,-1.269775426970388743e+01,-1.206499034390413705e+01,-1.398104886632216548e+01,-1.585339224495385757e+01,-1.412282419921760201e+01,-7.157068398830137568e+00,-2.121545348175288392e+00,-1.002350761471543894e+00,-3.457652233507750417e+00,-7.028609137113829064e+00,-1.092990534959879056e+01,-8.397956711681265674e+00,-5.346251538940670400e+00,-4.292685740334997391e+00,-6.490891220149604735e+00,-9.266193536764948391e+00,-7.864292553324896851e+00,-5.126387198782994759e+00,-1.089708105380877923e+00,-5.130766334985488175e-01,-1.817769020178295669e+00,-5.897488026359360092e+00,-7.356517830898607002e+00,-7.781175361904210774e+00,-6.463829598452587533e+00,-5.592039699893780913e+00,-7.675467205058811082e+00,-1.157988790641153720e+01,-1.335043011034341731e+01,-1.151916326481596897e+01,-9.109482635428806319e+00,-5.021247634426095452e+00,-4.308645029678324967e+00,-5.697630745680876352e+00,-6.697670868905156283e+00,-7.504255675311599205e+00,-6.681964882334372469e+00,-8.754641951755024465e+00,-1.095699067839554353e+01,-1.043874347980197292e+01,-5.480079090544827558e+00,-8.407887099311850410e-01,-1.636437427727820693e-01,-2.216222060452166520e+00,-5.536136746135320585e+00,-5.065992080322922142e+00,-7.533754735194230889e+00,-8.780121237739809459e+00,-7.279590896645882658e+00,-7.270496333844231884e+00,-5.761854466933169050e+00,-6.339140729008844843e+00,-5.806656018237379868e+00,-4.418181131318162258e+00,-7.559216044430053572e+00,-1.185619592165252278e+01,-1.369443927626860713e+01,-1.218595121946549931e+01,-9.457420115408144312e+00,-9.307374596707802539e+00,-9.092831848931492544e+00,-8.956012014635748031e+00,-8.182226211728906407e+00,-6.516020089310867291e+00,-5.154064940305294051e+00,-5.897471004074677836e+00,-9.150214651053337533e+00,-1.031961095870885714e+01,-1.264179782311719080e+01,-1.618039985438038642e+01,-1.287580759767302929e+01,-8.556346153966465806e+00,-7.264088970153851577e+00,-8.864840716683774602e+00,-9.224227808359870551e+00,-8.376259481324289879e+00,-1.002983696164941385e+01,-1.104095335271125400e+01,-7.899831284257702535e+00,-3.737917262139989205e+00,-1.953610636546850632e+00,-2.606141592487097647e+00,-4.842984458745156928e+00,-6.657036807191999195e+00,-7.617642308270236917e+00,-5.275040386946647786e+00,-5.998813687186491883e+00
-1.522207601654126208e+01,-1.384735522682505504e+01,-1.282815346726797578e+01,-1.146754897044117349e+01,-1.242405761901597394e+01,-1.320817924486963335e+01,-1.225882240883389862e+01,-6.456528959753818242e+00,-2.758582216880067328e+00,-2.076889662259377545e+00,-4.207598009766464919e+00,-9.122532913744926475e+00,-1.475632445783095292e+01,-9.762168047123385151e+00,-7.047484128210777854e+00,-7.119059326169185908e+00,-9.826942222010821126e+00,-1.020256973803043365e+01,-1.029226400341866565e+01,-7.917659992675989855e+00,-1.173776096855185136e+00,1.511476129814247171e+00,5.528944405259677009e-01,-3.703621466847178745e+00,-5.282723678065869954e+00,-5.613011392393618237e+00,-6.308659056803786136e+00,-6.713802323249497661e+00,-1.023754591130672509e+01,-1.180303515370627032e+01,-1.191037539656000988e+01,-1.077503160672976534e+01,-1.057067598245645890e+01,-7.959488289136635863e+00,-3.395278618765532830e+00,-2.577153274214378342e+00,-4.973908278170300790e+00,-7.974353662278867105e+00,-7.198122587195016742e+00,-8.895275755036145426e+00,-7.479759369052498386e+00,-5.445761975142544564e+00,-2.568788632873928890e+00,-1.167449772914195938e+00,-3.964475051934053695e+00,-6.000046909492659175e+00,-7.942265969722118513e+00,-7.116708379855057665e+00,-8.754074775914949313e+00,-1.140935175871490515e+01,-7.992394696907105356e+00,-4.721013625117397083e+00,-3.172027328112022815e+00,-4.405430751211094176e+00,-4.639315214013235433e+00,-4.910288729613885295e+00,-9.598775368211860837e+00,-1.391570512703935059e+01,-1.162484011975733189e+01,-8.718863429830767231e+00,-6.806917662655276757e+00,-9.077426925805726299e+00,-9.909282136568450028e+00,-9.279216386994024290e+00,-8.159951232205656879e+00,-8.402951481801114397e+00,-6.962381267345937985e+00,-6.785755967623309459e+00,-8.550851468024845303e+00,-8.697137339110661003e+00,-1.008904383370750857e+01,-1.415683030633998030e+01,-1.166913471998352669e+01,-7.404831328828420212e+00,-6.240021524936857134e+00,-7.282664955236521465e+00,-6.547319581333015392e+00,-5.327980223621234579e+00,-7.720087971678354144e+00,-1.000584183307014463e+01,-7.232670526307328096e+00,-4.427056979002864878e+00,-5.053551826985811957e+00,-4.450457714766761441e+00,-6.376797431278570905e+00,-6.759426645122300847e+00,-6.165838582175118709e+00,-5.053428876976993500e+00,-7.468483176894653575e+00
-1.416168490477970643e+01,-1.400865303394489736e+01,-1.337740797297398920e+01,-1.229970499268151762e+01,-1.325357544780673891e+01,-1.488757902607881967e+01,-1.364850553354822615e+01,-1.064523464469309211e+01,-8.057435251066472404e+00,-7.316033467713435101e+00,-1.014476758118410693e+01,-1.225997037098820108e+01,-1.371935549075890393e+01,-1.242022819003384448e+01,-9.510928231074398553e+00,-9.102028238594083831e+00,-1.112171211816314553e+01,-1.150642114810477601e+01,-1.054379170808128841e+01,-8.192849585716437844e+00,-1.958091517363077960e+00,8.089292092626052533e-01,5.311718255603560257e-01,-1.569600386296476024e+00,-3.851476630244992094e+00,-5.868339905354257091e+00,-6.553189949012367066e+00,-7.463933366165265149e+00,-8.199932301508024324e+00,-8.512810292323750971e+00,-9.627687268239215612e+00,-6.915168788634185049e+00,-7.513387268647215400e+00,-7.925436896068933201e+00,-3.985314454116571259e+00,-2.745573687025772980e+00,-4.899911585281413906e+00,-9.693340982625583635e+00,-1.001967587798161574e+01,-1.197462948484528411e+01,-7.795354427811794551e+00,-2.068444026944173064e+00,1.413593482586320560e-01,-7.984935840218909675e-01,-4.543536849977287240e+00,-6.148337442609936865e+00,-7.583938471888913568e+00,-7.275560550055558018e+00,-6.945138324976415589e+00,-9.079478975777563576e+00,-9.374817178997778555e+00,-4.539019770766222983e+00,-2.435160270931034709e+00,-3.625381310486814002e+00,-3.914762739721564078e+00,-3.438997249826228675e+00,-5.526774642484864941e+00,-7.835695877681745358e+00,-5.089913893487090668e+00,-3.344972975264107529e+00,-3.093444047017369414e+00,-5.886566927179928577e+00,-8.546597966133035129e+00,-8.383063301584101623e+00,-7.729319007955211873e+00,-9.231396588783963963e+00,-6.833143713190815483e+00,-5.939165623648498205e+00,-8.317506151588956342e+00,-1.028537949398720208e+01,-1.060907579779176757e+01,-1.226602850204571737e+01,-1.277541858898965899e+01,-9.750165739453825253e+00,-8.064939457559047398e+00,-8.119868918637136446e+00,-4.221072978402236053e+00,-1.896886208314795264e+00,-2.228906290987296313e+00,-3.645316561046901160e+00,-3.871054497767148828e+00,-4.537022554189582557e+00,-8.046724664229422785e+00,-8.946948231834239706e+00,-1.046192097977588098e+01,-8.117425216151808343e+00,-4.011718224804091903e+00,-3.474818283124805784e+00,-6.697108707705834441e+00
-1.109253400250485022e+01,-1.215701867135843806e+01,-1.173528941950403670e+01,-1.123014538135743656e+01,-1.289663899124116853e+01,-1.632717446994064403e+01,-1.735594082842195718e+01,-1.481577202789765479e+01,-1.121367890180501803e+01,-9.334760486855543604e+00,-1.025274771377724292e+01,-9.713721862889098446e+00,-1.093341894397386049e+01,-1.265020581479779516e+01,-1.191869532479379323e+01,-1.021998975431560552e+01,-1.014378576327983517e+01,-9.838527923659945884e+00,-1.046565726234164373e+01,-8.364287047625932559e+00,-4.076140615914701115e+00,-3.131691786512221132e+00,-3.588923827221589313e+00,-3.307343083197474831e-01,-3.466043876102404275e-01,-1.618303833235251288e+00,-3.415548019510294520e+00,-5.162405301487209996e+00,-2.959261249848886610e+00,-2.563632519857930170e+00,-3.777305026044999181e+00,-2.451277014930274056e+00,-3.985122167915403413e+00,-5.047017967009819195e+00,-3.749826285323299757e+00,-5.541124494543256951e+00,-7.301126198899140718e+00,-8.264049423872528166e+00,-8.772439625142212094e+00,-9.535133202133097896e+00,-8.538797278804494795e+00,-4.538450857718943965e+00,-1.695188748109315524e+00,-2.829958721065781724e+00,-5.738837608524871570e+00,-6.610515408434982199e+00,-6.107646997212747841e+00,-4.923005345198711247e+00,-4.625255426209895937e+00,-8.057049817160555349e+00,-1.111692527765618266e+01,-7.103219201186097287e+00,-4.444148560579781915e+00,-4.875150370876360384e+00,-4.823001484215063250e+00,-4.984937784577329722e+00,-5.418492286401289881e+00,-3.093653355872160393e+00,-2.413051371261323297e+00,-3.934278273068743115e+00,-2.183099016987480656e+00,-2.043525612716128759e+00,-4.248142260008220816e+00,-3.917405177956390983e+00,-4.167383537927110027e+00,-6.685446692287530190e+00,-6.449618122169285428e+00,-7.399733601908262237e+00,-1.057546199785363328e+01,-1.169227791361902824e+01,-1.296220813254664783e+01,-1.203159039994155499e+01,-1.132873303318550207e+01,-9.964408245308787215e+00,-8.555908767016310534e+00,-1.002469997270438817e+01,-6.652314766261138601e+00,-3.560095503822991336e+00,-4.319753679611433306e+00,-5.441609089793217002e+00,-5.000638368291800973e+00,-6.753780576776839517e+00,-8.046268877342232173e+00,-9.035684953506727624e+00,-1.185554890816372975e+01,-9.598726207152344259e+00,-5.358524374936924239e+00,-4.346492082545799995e+00,-6.654144796325748068e+00
-8.112940703455667091e+00,-8.391886908659024868e+00,-7.758897523710825972e+00,-8.687186049563544898e+00,-1.224475878757193570e+01,-1.544950535602139396e+01,-1.649694357577122972e+01,-1.433714435893790196e+01,-1.047525004807271465e+01,-8.709419790963481844e+00,-9.664630495628019347e+00,-1.030417350505975804e+01,-1.073444686146607019e+01,-1.277754909069018296e+01,-1.257093469619302795e+01,-9.006008389643989531e+00,-7.046689999702953955e+00,-7.730258051165960431e+00,-1.143489289058099345e+01,-9.696954896106364075e+00,-6.261086587037863360e+00,-5.261150960222278350e+00,-6.361788298199443581e+00,-4.588139755493799932e+00,-2.304770619633845552e+00,-3.036184429029997300e+00,-5.126162945544102456e+00,-5.145798288280042598e+00,-2.246628441453974556e+00,-2.693417565946999215e+00,-3.014780486219639677e+00,-5.181202354155571843e-01,-1.030437652710510132e+00,-2.715026530427631979e+00,-5.001619326798035559e+00,-9.437183208875637774e+00,-8.260861358920434938e+00,-5.775548885303332547e+00,-6.963780066964769588e+00,-7.302036975895552118e+00,-5.535918386572538097e+00,-3.667569739371188131e+00,-3.837388298091744865e+00,-8.820721513973120764e+00,-1.270131505160991559e+01,-1.031116988795592349e+01,-5.256120761380271844e+00,-3.258130610034681851e+00,-4.524906031913439541e+00,-9.289586638037423683e+00,-1.151672034220475815e+01,-8.983250452499641270e+00,-7.544565481000712559e+00,-4.214506842153973309e+00,-2.338011633191621641e+00,-3.761553793486097863e+00,-7.478005566550208982e+00,-4.618769380467054653e+00,-2.855415512835676850e+00,-4.558057337953828281e+00,-4.169559558293313373e+00,-3.543411286572288432e+00,-4.803230391334106564e+00,-3.595599007352493270e+00,-3.371280935230573927e+00,-6.104284353680292874e+00,-7.958330618105549092e+00,-6.822338221195552777e+00,-7.120472538543609176e+00,-5.619853794932736513e+00,-6.394485614834094278e+00,-7.295751147197789166e+00,-5.460798390598309737e+00,-4.395385655136301750e+00,-5.202898996934658626e+00,-9.547903497808409412e+00,-9.346139645442031352e+00,-5.636510152173669574e+00,-5.444345799561841837e+00,-7.742102253488860164e+00,-9.244828519292344282e+00,-1.130156272646964055e+01,-1.179189975234798915e+01,-1.218404618107286552e+01,-1.302522940986922784e+01,-1.078002129058192615e+01,-7.470280280742878531e+00,-6.661391228493442895e+00,-9.400275624952369569e+00
-6.763282937158767716e+00,-6.298121118452399969e+00,-8.779247609296239929e+00,-1.228309402183482568e+01,-1.418790620346938702e+01,-1.576437161117792130e+01,-1.562846413725300820e+01,-1.374193912699706566e+01,-1.169232850729074613e+01,-1.098135927274711143e+01,-1.119222654060537714e+01,-1.015309055474467748e+01,-1.073159734602261395e+01,-1.186825202640734211e+01,-1.214424939263135883e+01,-1.109846241346427398e+01,-9.227118066631089022e+00,-8.309430052967448077e+00,-9.765611068870788003e+00,-7.828053360062658506e+00,-4.843420924471788958e+00,-4.318402234688961450e+00,-7.066386849973071094e+00,-8.142908275631585369e+00,-7.341419874550424218e+00,-9.731970848816734687e+00,-1.028944309277081892e+01,-7.173260455628983401e+00,-4.236653176143317268e+00,-4.973619827531502224e+00,-6.088069458537615830e+00,-4.694409712830460712e+00,-5.914333252191606327e+00,-6.778694411650426410e+00,-7.646355137341004138e+00,-1.029341463324494832e+01,-8.090096713421880636e+00,-5.553018188790271203e+00,-5.522239513869425132e+00,-5.308631839232407224e+00,-3.053169405861596797e+00,-2.414522283050560603e+00,-2.928449675130930796e+00,-7.099933627022594784e+00,-1.048705290967276405e+01,-7.848211563647465638e+00,-5.060954474500920064e+00,-4.609779225606331465e+00,-6.638188212717833991e+00,-8.514376515905107468e+00,-6.108716458479586997e+00,-4.750921232066961153e+00,-5.331938223957514822e+00,-3.661831331462949368e+00,-1.642944700652698486e+00,-1.161623794676183374e+00,-4.308186049492595870e+00,-5.509970941573829606e+00,-5.930565998315307397e+00,-6.472043436493276403e+00,-6.867407809298737398e+00,-5.586455848789248613e+00,-3.747798747628142912e+00,-3.463700832326413348e+00,-5.853180276187963216e+00,-1.079305774121916350e+01,-1.175773168332818841e+01,-6.021313657346916592e+00,-1.932772698259432875e+00,-6.248666874283602679e-01,-2.073012067854520080e+00,-5.859582622972302701e+00,-6.348985158053184641e+00,-3.952709535161327281e+00,-3.442294032463481646e+00,-6.471873194959602671e+00,-9.682971771442351994e+00,-6.225914224611132752e+00,-4.785373892747145419e+00,-6.974125701499948704e+00,-1.133673173883803820e+01,-1.257946532919890892e+01,-1.201874197123194143e+01,-1.354567808823141917e+01,-1.363590255379676819e+01,-1.112898295557588568e+01,-8.265578740969635518e+00,-7.907139224217350382e+00,-1.148526871481672273e+01
-9.207022013744913025e+00,-9.053945602611042531e+00,-1.151899959034937737e+01,-1.277228820970267975e+01,-1.290715765527316528e+01,-1.274517502193164020e+01,-1.193753340689087317e+01,-1.175906845893626773e+01,-1.283959058801034381e+01,-1.118909309713408007e+01,-8.335869411776837268e+00,-7.153956455927818148e+00,-8.275610887858652731e+00,-1.114995422018201765e+01,-1.344143448288279430e+01,-1.314687362246047364e+01,-1.281649308982200175e+01,-1.012357762090413615e+01,-8.516358455909150749e+00,-7.235974456638770036e+00,-5.915813977669055923e+00,-6.802975364498569988e+00,-9.698659291224819512e+00,-9.848091994181164210e+00,-7.953545185464217404e+00,-8.991029510925754309e+00,-1.009057408341913842e+01,-6.824673825776891078e+00,-5.304416419083910483e+00,-6.450555612210576051e+00,-8.637000874612704493e+00,-9.193870045636829857e+00,-9.581112743964544265e+00,-1.004879978663267082e+01,-1.060039577981513048e+01,-1.142298354489266643e+01,-9.092823836868419107e+00,-7.626614802622032840e+00,-6.204779809827503101e+00,-5.271278822777050621e+00,-6.278263474515458853e+00,-5.056819185943699502e+00,-2.830798986892188118e+00,-3.672537309012578799e+00,-6.439223531346516260e+00,-5.959524254724243519e+00,-5.719559278269123581e+00,-7.653253507448527948e+00,-6.194595339574983761e+00,-4.830750390162509511e+00,-2.838039519241113862e+00,-4.023611819814484569e+00,-3.362271514878769185e+00,-4.288785213880946579e+00,-4.183127484746501423e+00,-2.316946797118403012e+00,-3.426212148482673303e+00,-4.054763780654709215e+00,-6.301156795177524472e+00,-6.773600244428962469e+00,-6.905657124754629450e+00,-8.322562183876682340e+00,-6.782780563311749056e+00,-5.285461053706502099e+00,-6.978764644929004390e+00,-1.147786997844066015e+01,-1.247817492193745537e+01,-9.049141682180247059e+00,-3.538368300282697554e+00,-1.476667901215273027e+00,-2.787415903910672288e+00,-6.757690075280747166e+00,-9.805553925916887792e+00,-7.741658223946964235e+00,-4.143973264006435286e+00,-3.974662516448170813e+00,-5.815081237899349276e+00,-4.799485173354737455e+00,-4.988034677170077202e+00,-8.476019562453142697e+00,-1.270059393559183469e+01,-1.126291935874107253e+01,-8.322890140956506144e+00,-8.079493246664453565e+00,-8.581340358221440923e+00,-8.767429550728039089e+00,-7.360741813506062492e+00,-6.641294513667996391e+00,-9.047462195101985571e+00
-1.229536433904466719e+01,-1.274143815107811584e+01,-1.275584623710553522e+01,-1.111129075735527394e+01,-1.075032622442769892e+01,-1.032050127776241588e+01,-8.758054132748366527e+00,-9.533001794934945039e+00,-1.277443626794011777e+01,-1.147519382117386222e+01,-8.687740259936877152e+00,-7.116157340025879741e+00,-8.709365189019450781e+00,-1.250330023333094154e+01,-1.339587015837879136e+01,-1.204152978528150975e+01,-1.083590650715325943e+01,-1.040477923712784225e+01,-1.148065249358576878e+01,-1.212775083424005373e+01,-1.166566873280177496e+01,-1.210155511448594012e+01,-1.118692453284012700e+01,-9.269912351398987838e+00,-8.289766104597793728e+00,-8.508734653003624970e+00,-6.624469324639171930e+00,-5.346363342185049383e+00,-7.044316361945374361e+00,-9.123793345168792257e+00,-7.938514050600447902e+00,-5.980555950012758082e+00,-5.652667050571110963e+00,-7.683971157129433571e+00,-9.184837745922736829e+00,-8.094331812463645193e+00,-7.359568712742705188e+00,-8.582272451511002487e+00,-9.070141633034200623e+00,-8.497289068380693422e+00,-9.806529980264883761e+00,-7.153695398871612099e+00,-4.254684360085152939e+00,-4.927273758158396078e+00,-7.912882871491680348e+00,-9.398677610421090733e+00,-7.110535099242876633e+00,-6.724377521684855807e+00,-3.674751056324464304e+00,-3.055763254493573111e+00,-3.337226819609820705e+00,-5.534248099053152181e+00,-4.838590594995906713e+00,-4.584885599875920370e+00,-4.679552165955949583e+00,-4.985317637233581678e+00,-7.807212165780925694e+00,-7.011363832463415768e+00,-4.885680306937433492e+00,-3.599630300848415843e+00,-4.530869559129105717e+00,-8.323835892355090138e+00,-1.172163021766153435e+01,-8.124102286602321144e+00,-7.146876915042898126e+00,-8.486042300729375043e+00,-9.037274864033088662e+00,-7.791609414155320046e+00,-4.481045009806416068e+00,-4.385700636452302348e+00,-7.407718024813549462e+00,-7.347715546496044858e+00,-8.164305079784384134e+00,-9.762293345764055275e+00,-7.356366735415645230e+00,-3.888499002224464540e+00,-2.578922449029050767e+00,-2.546041490576629318e+00,-5.081334982039336978e+00,-1.047249313505520441e+01,-1.297082296730880380e+01,-1.072906018297811137e+01,-9.044201506371784660e+00,-6.274335128696341357e+00,-4.862193523305712972e+00,-5.863141488760037490e+00,-8.035315626770033859e+00,-6.545527060845292233e+00,-7.332801865623857829e+00
-1.411337299734578110e+01,-1.440302237819292053e+01,-1.195914638428983778e+01,-1.122262484871579247e+01,-1.226706220778195444e+01,-1.011314763072738110e+01,-7.298703579526198304e+00,-7.360746912994330593e+00,-9.752295734352060208e+00,-1.124057404021207240e+01,-9.356527441706424142e+00,-6.288869534528121363e+00,-5.928588822479639475e+00,-7.979487514806713477e+00,-9.178987238440607044e+00,-8.843881997174786846e+00,-6.770651975716639015e+00,-6.971758285929498200e+00,-1.024260850497469022e+01,-1.280237735494186957e+01,-1.332307388594275999e+01,-1.330389426626209115e+01,-1.071076713600441010e+01,-9.916354968583673823e+00,-1.205186749147986447e+01,-1.320794173436505403e+01,-1.001278869281137851e+01,-6.951870856740113069e+00,-6.888215455912837903e+00,-8.149909166016973572e+00,-5.630824496878549468e+00,-2.248473378353493146e+00,-2.661206602434893931e+00,-6.293868908688875941e+00,-5.983074495148725802e+00,-2.944118930433029302e+00,-2.897401938431973356e+00,-5.253280219558934760e+00,-7.946076506048552979e+00,-7.301738989966592541e+00,-6.639556000224503762e+00,-4.837294829930564255e+00,-2.758350612449720352e+00,-3.104217161726437801e+00,-5.725342463260810533e+00,-9.566016929826341553e+00,-7.412173646285121542e+00,-4.494674056505826520e+00,-4.572491578685824010e+00,-6.104272781253294866e+00,-4.000813499978862708e+00,-4.289958090685952463e+00,-5.840975239487798731e+00,-5.335833427114621941e+00,-4.191186312372495060e+00,-6.449957309700408814e+00,-1.068478901622662924e+01,-1.081402564642572806e+01,-8.123942429802022858e+00,-4.587411129293977652e+00,-3.536140876165696056e+00,-4.980477858952744086e+00,-6.850126456968220090e+00,-6.254943554506714243e+00,-8.006342311172669923e+00,-7.685513093759467118e+00,-6.316154531126183969e+00,-5.718728707581618664e+00,-5.553187613004356038e+00,-7.494019245812879149e+00,-9.794232820685868646e+00,-7.216647230718929329e+00,-5.454145644567346629e+00,-6.959307126686873346e+00,-8.079161406759018504e+00,-6.278663793368671087e+00,-2.942454938847690826e+00,-2.330509592698452703e+00,-5.663570295543150834e+00,-1.241618507562723295e+01,-1.277988460850446728e+01,-1.156020454647845774e+01,-1.207485156629892842e+01,-1.130417548733434252e+01,-8.323637499452981814e+00,-6.850260823530922139e+00,-8.197766978545745431e+00,-7.196759343147277832e+00,-7.095781729857724152e+00
-1.096082218461915048e+01,-1.098040128768162660e+01,-1.067534078097433081e+01,-1.088529541715979576e+01,-1.248064906110889005e+01,-1.147755513665147298e+01,-9.586461713663616990e+00,-7.448308020446771316e+00,-7.335978708363005474e+00,-9.338565021445203840e+00,-9.195082063818196261e+00,-3.925787286020647304e+00,-1.697912756222321295e+00,-1.868341850712055052e+00,-4.658819913972672921e+00,-7.251842929708554486e+00,-6.321446562507994749e+00,-6.484629069521490763e+00,-5.989726191299050484e+00,-6.837451725851576789e+00,-8.133146995128361922e+00,-7.844735037223821372e+00,-7.571593959752778602e+00,-9.429094732024783099e+00,-1.330362024331899562e+01,-1.514021027695975796e+01,-1.436129711513736673e+01,-1.138537206796971191e+01,-7.499269259414334421e+00,-5.858970460592229479e+00,-2.974332413005492004e+00,-1.252489888592434042e+00,-2.839196796091343344e+00,-8.089078071884307164e+00,-7.384781448982823626e+00,-3.985576770236869848e+00,-3.370083478139363375e+00,-5.572790995492298727e+00,-5.610122076207701980e+00,-4.313158360751051745e+00,-5.407261254647536930e+00,-6.507517635796912003e+00,-6.566005207958834688e+00,-4.889569008332515843e+00,-3.828775400817534091e+00,-5.750324847656337113e+00,-7.323977203325445551e+00,-5.471947297761986739e+00,-5.726739891764490942e+00,-6.649588850774991400e+00,-6.664707117770007017e+00,-6.537345761549659073e+00,-5.942507621937227924e+00,-5.779775466118707961e+00,-5.576104629077577535e+00,-6.677810628681366545e+00,-9.677525469178991813e+00,-9.904940077964973000e+00,-1.111504135163206719e+01,-1.025499286237032770e+01,-8.393781031033766382e+00,-8.024214612740211194e+00,-6.664828702499320023e+00,-4.523449577928583487e+00,-5.469404210028399937e+00,-6.450071064769325346e+00,-7.469497321691727976e+00,-9.845485430126799997e+00,-8.290389402468401059e+00,-7.197957894925896660e+00,-6.047908065439712821e+00,-3.315548601245458915e+00,-3.085264253278641178e+00,-5.663943232506289505e+00,-7.019316701036422579e+00,-6.956265819805176776e+00,-3.959580543760649718e+00,-2.438468719347681279e+00,-3.846326983036627567e+00,-8.431233943391003294e+00,-1.161443827284458052e+01,-1.045090138074710850e+01,-9.709790724427683983e+00,-9.752380266190415981e+00,-7.907411473095977250e+00,-7.026887553386893970e+00,-8.334075821745663859e+00,-8.177121781358929198e+00,-8.883175617386761758e+00
-7.038042805115587441e+00,-1.112919819500661411e+01,-1.211053515909085654e+01,-1.199718064607534274e+01,-1.128371057933882682e+01,-1.168536261536348952e+01,-1.126219144843770792e+01,-1.112614679829518671e+01,-1.001014531891148707e+01,-9.404518730210181587e+00,-8.891385699573316259e+00,-7.549205171220928712e+00,-5.734718667560334104e+00,-4.327384569542132020e+00,-4.662528973123534648e+00,-6.174816653622608342e+00,-9.586610044947915910e+00,-9.614141108902325428e+00,-3.626383618958674226e+00,-1.260302788318665268e+00,-1.961122675313915487e+00,-3.945952609865891247e+00,-5.455239343926086448e+00,-8.006663269552408480e+00,-1.232750122641262180e+01,-1.395844376710754631e+01,-1.411343140866523349e+01,-1.426175109243818717e+01,-1.025454899360586758e+01,-4.762883886615255413e+00,-2.149270697780429451e+00,-2.913711934422205996e+00,-6.871302455600659442e+00,-1.101702918586342150e+01,-9.270620085859208714e+00,-5.112242237972865588e+00,-3.180756160030071555e+00,-4.529373484578159470e+00,-4.876034892846907276e+00,-5.935921859692894209e+00,-8.822089632325351261e+00,-1.111496532167819140e+01,-1.055843553515641275e+01,-8.087776707498447237e+00,-7.064132056570143092e+00,-6.218059022531996050e+00,-4.949571173259974088e+00,-4.791083188783517244e+00,-7.186107507325653287e+00,-6.661979002906079472e+00,-7.435377627695189062e+00,-8.146286966405192231e+00,-7.962337214128583085e+00,-8.814439766515130614e+00,-7.261608923658907422e+00,-4.505257361918632242e+00,-4.760931221668912805e+00,-7.152383528201651686e+00,-1.194158607956610219e+01,-1.488678236518587461e+01,-1.370392867956394589e+01,-1.213025798273265821e+01,-9.430957176505511796e+00,-4.174021811133489024e+00,-2.578369375463589019e+00,-3.589724980763866924e+00,-7.456707676690547792e+00,-9.528241853348742296e+00,-7.479355781272586157e+00,-6.732533036404695359e+00,-6.871480380406072008e+00,-4.189462466819274589e+00,-3.322364310278816291e+00,-6.331763978865473597e+00,-8.868826748397117044e+00,-1.034778237337232554e+01,-9.115210601471757101e+00,-6.765616243691148668e+00,-5.163602015262651612e+00,-6.230321955187876348e+00,-1.032365348736258426e+01,-9.663546721598034850e+00,-6.927557183870751700e+00,-6.556791352724334665e+00,-6.272454649411296046e+00,-4.759985372364605283e+00,-5.808907961563900102e+00,-8.038225855258174235e+00,-1.140986366889306503e+01
-5.705088780965319906e+00,-1.044124372283879154e+01,-1.289364031158891777e+01,-1.058695471045890280e+01,-9.317116263091453021e+00,-9.232239736398135221e+00,-1.001508705233944951e+01,-1.135945125708454562e+01,-1.045736071391773336e+01,-9.038987287229165446e+00,-9.768083947549637713e+00,-1.154965458266941170e+01,-1.184476336122392404e+01,-9.486038864483440136e+00,-8.932195260490578548e+00,-9.694914722409015084e+00,-1.093974897848036143e+01,-7.601509568274469331e+00,-2.607333503026319388e+00,-1.067345112690739617e+00,-2.251632738462824523e+00,-5.888079122710216495e+00,-7.142971924835241460e+00,-8.159413493161363107e+00,-1.263576329561104394e+01,-1.297588729264592722e+01,-1.239420407433483007e+01,-1.356224199703761535e+01,-1.155078101191753781e+01,-5.299525659918239207e+00,-3.055422156365129815e+00,-4.244701169895120252e+00,-9.027721744618917299e+00,-1.247030553888333415e+01,-1.057466964891418471e+01,-6.042402848888440481e+00,-3.846388977399109788e+00,-5.129543340154853581e+00,-8.587557465793858924e+00,-1.085306987561341430e+01,-1.151971205435973289e+01,-1.181599935385069422e+01,-1.124018833276472584e+01,-9.582925543749242436e+00,-8.784384564881710489e+00,-7.031668065647993515e+00,-4.401359214146334686e+00,-4.870473045510891552e+00,-6.621422623418958153e+00,-6.512057121703050733e+00,-7.491938108508300331e+00,-7.463441990455087272e+00,-8.722457811691539220e+00,-9.142561333085922115e+00,-6.579031459812322069e+00,-4.207494935265889247e+00,-2.671526291523184771e+00,-3.999011866364950318e+00,-8.883207853001199084e+00,-1.320289236598445015e+01,-1.066872490925672423e+01,-7.842128486474065241e+00,-5.740171510288561763e+00,-5.476584416471030003e+00,-7.077649085474361890e+00,-6.746829665448040636e+00,-7.658690602602646891e+00,-6.842368144682027697e+00,-5.664043698641926916e+00,-7.767968004247300051e+00,-1.133662950118681501e+01,-8.259361821233778045e+00,-5.862849189374680137e+00,-7.296923099916351241e+00,-9.267777728883171307e+00,-1.186498874449696395e+01,-1.222799595053258770e+01,-1.111481047712994652e+01,-9.205613280233359674e+00,-9.902822416891952528e+00,-1.144487781728006404e+01,-1.097959698854308463e+01,-9.951514831737132027e+00,-9.973478263664178556e+00,-9.824615857150769571e+00,-5.768210835243694490e+00,-3.641062108309645495e+00,-4.666296582956118932e+00,-9.678368838209854275e+00
-5.008868539859926194e+00,-8.536211814839896661e+00,-8.940283233173808242e+00,-8.437852706597361419e+00,-9.723721635107763106e+00,-9.812585053251201117e+00,-8.762787315252243303e+00,-9.932830068737940721e+00,-9.163590173692183427e+00,-8.782056926588591494e+00,-1.063327779773538673e+01,-1.087448250068897870e+01,-9.909413606243530737e+00,-1.050646543418778478e+01,-1.247671590899502370e+01,-1.197847723137391185e+01,-6.922343322559070700e+00,-3.150908417913527160e+00,-2.573156815358346616e+00,-5.023372299268515917e+00,-4.008438137142841917e+00,-5.544415271441851090e+00,-7.138351768724396251e+00,-8.598083974695519771e+00,-1.121592769976285098e+01,-1.050394184607312198e+01,-1.029573828920273826e+01,-1.084945430127637778e+01,-8.046461634253873285e+00,-3.379671494199901538e+00,-1.705629686996974481e+00,-3.517405208557339957e+00,-8.677723996481276458e+00,-1.394645601735079232e+01,-1.210969641493787385e+01,-7.109586317302253100e+00,-5.195822497378138394e+00,-6.448471054203696262e+00,-1.064339182027300446e+01,-1.398225755891517608e+01,-1.383367166558938877e+01,-1.127717572086511666e+01,-1.015738061176879015e+01,-9.015531167738084051e+00,-9.389318917450824031e+00,-6.097544559004499654e+00,-4.231640091639220280e+00,-5.472001756149294849e+00,-6.158011424208157614e+00,-6.104160031044673751e+00,-6.792311133118346334e+00,-5.376029153599550803e+00,-4.427461865301597577e+00,-5.303755962267986845e+00,-7.505139658792133517e+00,-8.877133610578695766e+00,-5.163626541726682895e+00,-3.111715161472671021e+00,-4.430862544221747967e+00,-7.690441190412170336e+00,-6.739236252984606601e+00,-6.470921363814601257e+00,-6.520880005616498387e+00,-7.213388034079532218e+00,-9.470621901571302459e+00,-1.045564870217016740e+01,-1.108847180430434243e+01,-8.291566673526190812e+00,-5.664395066769443154e+00,-6.006154693323503047e+00,-7.737773811710732197e+00,-6.699481238856127341e+00,-6.005509916209804899e+00,-8.572680058644005285e+00,-9.261305036485419251e+00,-8.904623036419874182e+00,-7.338290472616462168e+00,-6.193058025534790012e+00,-5.817809435257100148e+00,-8.263870643899965174e+00,-1.050034220813584440e+01,-1.101856618593061832e+01,-1.095293315859245453e+01,-1.125648576725638428e+01,-9.677012547122355812e+00,-6.499492567263655651e+00,-5.141956418822694275e+00,-5.558842849819676246e+00,-7.469804638114414530e+00
-6.684008181102125690e+00,-6.610529162921011448e+00,-5.969977817785246721e+00,-7.776893342712095425e+00,-1.135670657545552231e+01,-1.136078688020544902e+01,-9.068551995420365941e+00,-7.461778472885804980e+00,-5.423602762015858225e+00,-5.303311447886911445e+00,-7.395482385771338762e+00,-6.740264585399352804e+00,-6.953969927714731547e+00,-9.355298886677823944e+00,-1.128294274026766075e+01,-7.792563344919143375e+00,-2.078000267055515771e+00,-2.722159178135534763e-01,-1.490458002718361596e+00,-3.965009348729364724e+00,-4.122739325175972525e+00,-6.160067854253084896e+00,-8.215260677907924247e+00,-6.399868928512236543e+00,-5.351071915344188135e+00,-5.240615942081282341e+00,-7.233482301257956770e+00,-1.088323534750624688e+01,-8.641482399692549166e+00,-4.997430540995910775e+00,-2.949523614286234885e+00,-3.660871123114278536e+00,-6.782213389740458176e+00,-1.076399065028259905e+01,-8.240942965310654955e+00,-5.387330541714563381e+00,-4.842972200770015334e+00,-6.297982510438370873e+00,-9.329341831175904431e+00,-1.299541973611129819e+01,-1.309680472723299438e+01,-9.444113009644294010e+00,-7.784521342094119056e+00,-7.205184146537816581e+00,-8.646540736191367316e+00,-7.796692671632408533e+00,-4.557832632605967049e+00,-2.526909456959456346e+00,-2.715445831088157735e+00,-4.508602900844578265e+00,-5.934495170975342404e+00,-2.314911347488291415e+00,-1.451629674491660582e+00,-3.787383417437847566e+00,-9.574284552799579018e+00,-1.109819039948900787e+01,-8.778600394929526374e+00,-6.507978345561576283e+00,-4.566806873423923108e+00,-4.478714917882702373e+00,-6.327386718814057787e+00,-1.081061264239531639e+01,-1.275408522193705174e+01,-1.110860647625268882e+01,-9.257954616295663186e+00,-9.814128335096166111e+00,-1.125111946418769371e+01,-9.990400360161928006e+00,-9.346858476225595069e+00,-8.550096143135114346e+00,-8.471571176431904604e+00,-6.477011592512516458e+00,-5.166763872076246322e+00,-6.464786689182309587e+00,-7.204299205241688320e+00,-5.982449173437137446e+00,-4.691341343948519871e+00,-1.968815360239922985e+00,-1.383808362572559014e+00,-3.868715148415640570e+00,-8.869576803667653664e+00,-1.216893146388736824e+01,-1.198606217041947808e+01,-1.165679551280082649e+01,-8.177456409803458115e+00,-7.289696558702936535e+00,-8.540595414414582365e+00,-9.910604334191271292e+00,-1.019246502803232524e+01
-1.176779978391819448e+01,-9.373967708165483970e+00,-8.644079772027250641e+00,-1.060406145005035228e+01,-1.310898468671436667e+01,-1.313659976072665359e+01,-1.076978342699349156e+01,-8.780929839273536430e+00,-4.971127186672537945e+00,-3.466448133352695748e+00,-5.446203288564430700e+00,-8.377086332389959367e+00,-8.563286153837703196e+00,-9.104641570352521640e+00,-8.184228583326548900e+00,-2.602156348292771870e+00,-4.999665627168505266e-01,-1.595720937107934834e+00,-4.751342035069382241e+00,-5.716282350065438500e+00,-7.126284946733035142e+00,-8.337411236914253010e+00,-9.109495691944585971e+00,-6.368865294697084956e+00,-3.968596380435042370e+00,-4.563278916670023833e+00,-6.852729831866419374e+00,-1.018769510992263427e+01,-8.632854285026740015e+00,-6.645603415969395300e+00,-7.344513431583580498e+00,-6.963461965630600936e+00,-7.286210224536576519e+00,-7.586318488603920329e+00,-5.007449472302052840e+00,-4.829403372323035626e+00,-7.292089460543672352e+00,-8.638558954280570745e+00,-9.010407093226126207e+00,-9.758152090517201671e+00,-8.833838583978550929e+00,-8.799821492200507578e+00,-9.088146562075340995e+00,-6.812534554182250623e+00,-6.363502463542495491e+00,-7.347034116786785418e+00,-3.589504636125639081e+00,-7.255468743424809963e-01,-1.082676245069439380e+00,-5.275032568271306843e+00,-5.674378895845012316e+00,-2.004730050184210910e+00,-9.250544035468947213e-01,-1.922192045628387191e+00,-6.168936229107859326e+00,-9.386438732630663750e+00,-9.357158597292643876e+00,-8.497708611330367034e+00,-6.698970978414373612e+00,-6.172635113304004939e+00,-8.675364705308558300e+00,-1.296214418013097003e+01,-1.381492795850783928e+01,-1.253801951273099391e+01,-9.865475411831464925e+00,-7.998822804512386142e+00,-7.309156425773425170e+00,-7.874814363322536259e+00,-9.697599705924888625e+00,-1.113814177483152257e+01,-1.068594483471006384e+01,-7.129530617873371945e+00,-4.872528943653337663e+00,-5.583051037494989544e+00,-7.451621554417297233e+00,-7.860450399003195088e+00,-8.537839206219633326e+00,-4.230792071524993148e+00,-1.133336241714261616e+00,-1.801530846940787578e+00,-6.488634422703302818e+00,-1.064050595730427595e+01,-1.038386666410448633e+01,-9.332136895913714980e+00,-7.767011972970532696e+00,-7.957619949783149238e+00,-7.695419466816225018e+00,-9.209001757232542218e+00,-1.209108009799978767e+01
-1.389975114988821403e+01,-1.192290739698293578e+01,-1.139590353255433186e+01,-1.196656436770033949e+01,-1.244293926516197679e+01,-1.184683799113433977e+01,-1.170374697911784168e+01,-8.666774990345190943e+00,-4.173837312250363141e+00,-2.471344858453052407e+00,-3.905160114711808905e+00,-6.089052835433863109e+00,-7.653307999830860631e+00,-6.243458755495975510e+00,-3.442676088833985570e+00,-2.500218524842670043e+00,-4.514751610599976317e+00,-4.928700334854648091e+00,-5.943463510859939625e+00,-5.212278628215470277e+00,-4.953037431092470300e+00,-4.837429778752047937e+00,-6.065574657322517105e+00,-6.893898313100050856e+00,-7.889616261397425667e+00,-7.935531066926686528e+00,-7.270159206647229588e+00,-4.920535279119289562e+00,-3.309815676546746577e+00,-4.132746955572410563e+00,-8.005916691336192770e+00,-8.677019097331099218e+00,-8.577890113332218291e+00,-5.769403219061966404e+00,-3.537545702108567003e+00,-4.071614413417147915e+00,-7.964698052285869245e+00,-7.336787816907341941e+00,-5.649793568795504761e+00,-6.519073425417527545e+00,-8.942190876776786368e+00,-8.921631314959796555e+00,-6.721033433711338212e+00,-5.390597432729248517e+00,-7.044038702250647432e+00,-8.054466486691421068e+00,-4.619549754457338508e+00,-1.991358394436958390e+00,-1.953526360337176859e+00,-4.448483757832248919e+00,-4.459492460814920456e+00,-4.843654118772399819e+00,-5.140143696130432538e+00,-2.763230477762583792e+00,-3.708110709664152793e+00,-7.425699565025690951e+00,-1.033875917872988204e+01,-7.671719562290306271e+00,-5.858548923066460468e+00,-6.614747868416676724e+00,-1.060573665419579470e+01,-1.417739947521148736e+01,-1.223023393464491804e+01,-1.029588571089999149e+01,-1.031052424809090162e+01,-9.340931060072735548e+00,-5.809559871464498926e+00,-5.156319062078469351e+00,-6.610822936449956444e+00,-1.035651599515327526e+01,-1.108531105176622766e+01,-9.268368823803905698e+00,-5.685862456879025473e+00,-3.420973815125871731e+00,-3.986585121878197135e+00,-6.922923862527971650e+00,-9.166736666860646920e+00,-5.181318731288796720e+00,-2.730102966575996160e+00,-2.614169229003618256e+00,-2.909087393817988865e+00,-4.694662594585679471e+00,-4.443957903523950037e+00,-3.292465246323000638e+00,-3.483502983721323165e+00,-5.302963146848404641e+00,-4.638256505884877257e+00,-5.574482212914504409e+00,-1.018616451545709545e+01
-1.388929752602164847e+01,-1.038229745802910742e+01,-8.534253397522340023e+00,-8.990419601615434075e+00,-9.889311821332999131e+00,-1.285171214911274440e+01,-1.222790888280964872e+01,-7.966744927633413909e+00,-3.847561194629695702e+00,-3.004866309854362871e+00,-5.199264475277492359e+00,-4.322103690867193038e+00,-4.677421949689602343e+00,-6.249065947141655641e+00,-5.656699958038551301e+00,-6.606533735493352211e+00,-6.889915293695307419e+00,-3.097738233037797162e+00,-2.326466922774294677e+00,-4.083392958944537021e+00,-2.971346287096630068e+00,-1.106009700503620463e+00,-1.847646206930713797e+00,-5.172167565911672149e+00,-8.220841045470390185e+00,-7.960773187388379135e+00,-6.171353473797216438e+00,-4.006077399623811708e+00,-2.756408706034316758e+00,-3.881851596818931327e+00,-7.463510091208215513e+00,-9.465892866561960162e+00,-9.317971590206138188e+00,-5.205239165392248957e+00,-1.676306936815923798e+00,-1.558310717746923535e+00,-4.657893874066272311e+00,-5.393704698372044248e+00,-5.206669550861715123e+00,-6.571940852735275840e+00,-1.044683942267814736e+01,-7.678528109355304387e+00,-4.984684929083612381e+00,-5.623941136370027571e+00,-8.748256065357560729e+00,-9.572704154521899156e+00,-8.677831407349303916e+00,-6.206956763216119555e+00,-5.772906252210920464e+00,-7.986231210813122594e+00,-8.455791229424171718e+00,-6.825041058508301006e+00,-5.526172869579684566e+00,-4.315880055693363637e+00,-7.272648756630820444e+00,-7.545240395033689929e+00,-8.718537211250094288e+00,-8.268157037591238989e+00,-8.693047134947956778e+00,-8.103976707051234740e+00,-1.084341570443676872e+01,-1.498594560703836898e+01,-1.228982365131378174e+01,-9.715414908875647626e+00,-8.816653987854943253e+00,-9.868604703827347890e+00,-9.907257838356763102e+00,-8.611557021246929011e+00,-7.975043441399496835e+00,-1.021340680766598652e+01,-1.056579598885281612e+01,-1.031399926700090042e+01,-6.872842232371099591e+00,-3.484133108227323028e+00,-3.835078005321828076e+00,-6.991463060133662921e+00,-9.633432478952061118e+00,-6.901266019007093355e+00,-5.845677831196191221e+00,-7.016374815351468008e+00,-7.206751180041574223e+00,-7.515004111874911352e+00,-8.674864482876838423e+00,-5.802765538905488185e+00,-2.058573230264027387e+00,-1.452130141002791364e+00,-1.792936691944312377e+00,-3.781299840056694617e+00,-8.139320795921454632e+00
-1.370086148022708983e+01,-8.647665922354935475e+00,-5.981763382421288355e+00,-6.769277552100724904e+00,-1.060633794943753117e+01,-1.525392431222406486e+01,-1.387440153743539462e+01,-7.046107634327801961e+00,-3.535333141218870878e+00,-2.984434396412776636e+00,-3.347663767789438083e+00,-1.582852702878443596e+00,-2.897080365061599050e+00,-5.211456432826537366e+00,-5.473956764728194813e+00,-5.464579599384302711e+00,-2.637042444696495735e+00,-1.528041001897711304e+00,-3.843777696915405162e+00,-5.614014838545590358e+00,-3.557721067028281059e+00,-3.656006647687041422e+00,-6.122550145488344420e+00,-5.947043150110184584e+00,-7.431790403700941461e+00,-9.593783324654388878e+00,-8.605413396107522317e+00,-7.967139507994000169e+00,-5.580932968457166687e+00,-4.034756901064761259e+00,-6.285878180346103683e+00,-9.696267666673302088e+00,-1.113322884810710356e+01,-8.284683469654922305e+00,-3.126034765760764333e+00,-9.462043004215163755e-01,-1.583507188742882432e+00,-4.739121044796884341e+00,-6.298291875609665524e+00,-5.390067725048463210e+00,-6.325623203891757029e+00,-5.188967470191698794e+00,-5.484610562737946893e+00,-6.665838482204992310e+00,-6.139638663542673847e+00,-4.735838921499067489e+00,-4.330984573923331027e+00,-4.489514943618411635e+00,-6.192958091322640968e+00,-1.018502154548589367e+01,-1.083840984803855534e+01,-8.115707885473966599e+00,-6.792379898124170978e+00,-5.900463026922014187e+00,-7.329957747747911867e+00,-6.229434567421352931e+00,-5.227106845888652487e+00,-6.055310742173316108e+00,-7.842297649781282409e+00,-7.526836928253278991e+00,-9.783279432782105545e+00,-1.464366897374839738e+01,-1.312845008833424920e+01,-1.039793872597970470e+01,-9.008947448216771292e+00,-1.010283912572645626e+01,-1.043003548096333155e+01,-8.424780955558285100e+00,-6.795327256101050928e+00,-7.415217703530438520e+00,-9.887982798502184423e+00,-7.889999143695249018e+00,-4.122064298761070056e+00,-2.900619077996903883e+00,-5.377727535532269343e+00,-9.534039954997991728e+00,-1.005099621997740122e+01,-9.951034720943754408e+00,-9.750197720958999170e+00,-6.516926807568485636e+00,-5.300260576132433066e+00,-6.284295780412656462e+00,-7.886279724796541046e+00,-6.730696915125446544e+00,-5.081410112965824233e+00,-7.390630887527215087e+00,-7.302691629559109998e+00,-7.364090139367985621e+00,-1.069535167392035113e+01
-1.033656703397855736e+01,-6.288924871894874258e+00,-5.616964802384040389e+00,-7.973306357647209630e+00,-1.184029581644257156e+01,-1.176368468058736738e+01,-9.344065107293147321e+00,-7.006149913135327978e+00,-5.841706424072748760e+00,-5.885838024611882879e+00,-2.185849315246140012e+00,9.938919992593473474e-01,7.773617876105403113e-01,-2.485361422030683887e+00,-6.188932824144630196e+00,-5.152268165066011818e+00,-3.308907881370825699e+00,-2.048704197091974599e+00,-4.259453521040968305e+00,-3.689222752214654566e+00,-4.031958723318223470e+00,-5.788359627491773907e+00,-7.572695197075381301e+00,-8.035273998534600892e+00,-1.020908883656550259e+01,-1.175355752255011410e+01,-8.124936758754143895e+00,-5.332255521183046021e+00,-3.275351321954924178e+00,-3.988788941819080947e+00,-8.447392562124177218e+00,-1.225643032747215777e+01,-1.304586326182448808e+01,-1.121377086213656860e+01,-7.339506186935280674e+00,-6.553604260189423769e+00,-4.671569310877948134e+00,-4.546036269884255354e+00,-5.489210859812880372e+00,-6.720615441172166804e+00,-7.125743808935543377e+00,-7.248180887738900680e+00,-9.697776712294050583e+00,-8.849017124216919328e+00,-6.130517724316734807e+00,-2.261893129721983975e+00,-5.922647279632956563e-01,-1.667112397257766165e+00,-5.428143659298469537e+00,-7.630352628102204271e+00,-7.537114602002434438e+00,-8.753243249511919899e+00,-9.800497114189193226e+00,-9.876868319422888121e+00,-7.117027667126989421e+00,-5.907161383308414671e+00,-6.412954370442189855e+00,-4.664058319933684693e+00,-2.912613000901927318e+00,-3.431967843716081656e+00,-6.048962362138624371e+00,-9.969753902195428452e+00,-1.054671109691822473e+01,-8.657016844425658775e+00,-7.699503723840067870e+00,-8.715863615102870554e+00,-6.975891948513917917e+00,-4.952894351291084796e+00,-5.023150947813252998e+00,-5.585058620624958614e+00,-6.647376752409495992e+00,-6.933284353898992336e+00,-4.645558236061798851e+00,-4.161243175499532931e+00,-5.029920410221316196e+00,-5.639025416729369411e+00,-6.321418067289838127e+00,-7.792601652443408966e+00,-1.155351072068053142e+01,-7.610524224845650387e+00,-2.258844156112326029e+00,-6.372072736006597626e-01,-1.788093357337323663e+00,-4.885269060019750142e+00,-6.475716142386506391e+00,-9.516919922391723574e+00,-1.122825234680247419e+01,-1.139962342639166692e+01,-1.252990798719395293e+01
-8.078370121937888726e+00,-5.397729266182820673e+00,-6.388693767998899986e+00,-1.042324480067070347e+01,-1.290795963128706525e+01,-9.935128270123238181e+00,-8.782662753905064790e+00,-9.561116318071359643e+00,-9.181135230445603312e+00,-6.496532731486442280e+00,-2.394496016333901967e+00,4.675834968570563577e-01,-3.776777716024421472e-01,-4.544054316111693304e+00,-8.007551127918681289e+00,-7.963240929676177693e+00,-4.321693865789356437e+00,-6.136261672080237650e-01,-6.690110826586491699e-01,-2.702019358606557287e+00,-7.398256932836922317e+00,-5.852602952832174132e+00,-5.621807013008099041e+00,-7.793551071525964602e+00,-9.569930548282494343e+00,-7.718377272017244550e+00,-5.591371606867340027e+00,-4.578905402019898041e+00,-4.018468102416604459e+00,-4.855760218663126793e+00,-6.931661506330496714e+00,-7.824276542928266132e+00,-8.300492920942563302e+00,-7.942513733766133122e+00,-9.291504163042942466e+00,-1.033143804417012745e+01,-8.184695322486691182e+00,-7.688812218515440833e+00,-9.004805167086590956e+00,-1.087425305276997101e+01,-1.163220149756206112e+01,-1.125870591826400791e+01,-1.018007506687838415e+01,-1.137767650175811696e+01,-1.192689642448090304e+01,-7.551672490861588649e+00,-3.969356375359982536e+00,-4.146501192935090785e+00,-7.723017516861060194e+00,-1.117973645496413226e+01,-7.117398312616448841e+00,-5.350014971779253337e+00,-5.562928120276533939e+00,-7.131218016399700765e+00,-6.546078509714146065e+00,-5.147827484623942240e+00,-5.329197793994387311e+00,-4.911058370164014697e+00,-5.896677383041373233e+00,-6.351699398039259314e+00,-4.833994417409307687e+00,-6.259885821433710085e+00,-9.533853470999046564e+00,-9.085642127631778919e+00,-6.364280656484284648e+00,-7.136012107928640269e+00,-5.300090516539276209e+00,-3.396640678146447989e+00,-4.889192399540846168e+00,-5.663071787418951786e+00,-5.333872686896500959e+00,-6.877858279286918730e+00,-7.709784974680190750e+00,-7.015749871261641957e+00,-6.972505151283668212e+00,-4.059992037625121952e+00,-3.217320318590268347e+00,-4.995946575712440385e+00,-8.728883258438200343e+00,-1.031901637481567491e+01,-4.821373464462620717e+00,-1.157913537507376134e+00,-1.341189442678613730e+00,-4.759331634765993080e+00,-7.414052246155959480e+00,-8.342999400889599571e+00,-1.203949646898230164e+01,-1.322324689124759800e+01,-1.465613013304265877e+01
-5.059603074218910201e+00,-2.671421979238888245e+00,-3.428255781015561610e+00,-6.585220321188365311e+00,-9.744117613517699894e+00,-1.007200052919692546e+01,-9.833920764743833587e+00,-1.122981980487816323e+01,-8.898654435740265711e+00,-7.143354591038217904e+00,-4.734906496242024865e+00,-1.489455557181464940e+00,-2.195008780478142629e+00,-7.076684242737640851e+00,-1.039158311032486992e+01,-7.560236232901425879e+00,-1.832005873853795874e+00,8.557138453633020836e-01,-3.664469474373399649e-02,-4.558058257328513996e+00,-8.901443451642990112e+00,-5.458709808836753830e+00,-3.654941467354704265e+00,-4.485935815645003544e+00,-6.322181690477282956e+00,-8.294633255851335818e+00,-8.943897503183075415e+00,-1.039949785005778260e+01,-1.008721443741841384e+01,-9.672377407494792578e+00,-5.311744173379488565e+00,-3.190059822578117821e+00,-3.022773583165783151e+00,-5.149385189665551366e+00,-7.907201413541359969e+00,-6.983463919812574972e+00,-7.555443327229721895e+00,-1.062750222808436362e+01,-1.112325561147435238e+01,-1.010550336909473401e+01,-9.640130527569612084e+00,-8.194991895018663541e+00,-7.160309800071575026e+00,-9.250518607942009197e+00,-1.161222915208541373e+01,-1.125287260977845527e+01,-8.334556446823858877e+00,-7.399384273846346893e+00,-7.897193834017541825e+00,-9.701088912056800240e+00,-5.744915541604552978e+00,-3.044985316266634712e+00,-3.425327357717026455e+00,-7.224584395451037366e+00,-1.008854872949554426e+01,-1.001393546889487141e+01,-9.698759188739009218e+00,-8.782034550747953361e+00,-7.686397077333658068e+00,-7.076243611983954906e+00,-5.948985700264461052e+00,-8.125312589585108825e+00,-8.604668620329603002e+00,-6.768249796243048344e+00,-3.803764027371806744e+00,-4.016771990257924863e+00,-4.627181224251442515e+00,-3.423617829920555966e+00,-4.089325189246788561e+00,-5.491176549696251463e+00,-6.874154522258760558e+00,-5.919707884493851324e+00,-5.377338607494432487e+00,-4.881843979517697996e+00,-7.271594925314412095e+00,-7.517987173911940602e+00,-6.453401173344161634e+00,-7.641545789332051974e+00,-7.215291243984847114e+00,-7.070179172168324477e+00,-5.370720641123817529e+00,-4.549254415514774053e+00,-5.529094379340102172e+00,-3.487294280025372561e+00,-3.417919800574786393e+00,-4.528126405166895907e+00,-7.580559901753090024e+00,-1.219903120046999589e+01,-1.428473075816085647e+01
-4.173227008936324367e+00,-3.515461846568999960e+00,-5.646000115866107727e+00,-7.414623576279421258e+00,-9.224442700470300238e+00,-1.382463075898419724e+01,-1.239835435958733179e+01,-1.025550209702853799e+01,-6.118882649021461617e+00,-4.085385252220058661e+00,-2.011321296911035450e+00,-2.798167637162456978e-01,-1.908771385740719806e+00,-6.731020689493787401e+00,-1.058275543858780310e+01,-6.452657431868233928e+00,-2.067723480784999346e+00,1.106142473544512311e-01,-1.265860098060500594e+00,-6.158081997297983889e+00,-1.101143814245224917e+01,-9.879954408574148417e+00,-9.715587495497070236e+00,-7.692322050186252369e+00,-7.619265259208535923e+00,-9.077737686693444275e+00,-8.229260268186996186e+00,-1.001594856011688250e+01,-1.171470310634240164e+01,-1.044913660180299786e+01,-9.427246386619438923e+00,-7.498193058458373805e+00,-5.625925309917560568e+00,-6.588009394387560391e+00,-5.112518559551370245e+00,-3.588304679651737494e+00,-4.783864323279113151e+00,-7.734567547875239590e+00,-9.569332784239581002e+00,-7.702491965102858273e+00,-7.447203085446184367e+00,-5.620107680855010557e+00,-3.549449975084149500e+00,-4.567582432044095420e+00,-8.048051211352747814e+00,-9.778649622910565498e+00,-9.187515829710807935e+00,-1.037310622352406497e+01,-1.039693692713079543e+01,-9.059683711138463380e+00,-6.486646052740542068e+00,-6.311214915047840712e+00,-6.495983787560205336e+00,-8.771960215159881002e+00,-1.203354506306630256e+01,-1.626709428564049986e+01,-1.667170974231304115e+01,-1.622907198640637105e+01,-9.999765432866892567e+00,-5.240569524354953046e+00,-3.796196865497325046e+00,-5.536938633671717014e+00,-6.010161250880464046e+00,-3.547667091523727834e+00,-2.699691390224795651e+00,-5.078027968778085821e+00,-9.387977654862750043e+00,-9.762167203672495575e+00,-1.114570443099714758e+01,-1.014431173845607503e+01,-8.091331360007362861e+00,-4.535385594972412449e+00,-2.793425400768320799e+00,-4.744534328238534826e+00,-8.736340446411666960e+00,-8.312475938181904667e+00,-5.332865784692234712e+00,-5.151190584949112861e+00,-4.874895463685358088e+00,-4.419432874578156145e+00,-3.347158477144470012e+00,-3.768059699438879750e+00,-6.106969577995569942e+00,-6.325161869980786555e+00,-6.491353367860897450e+00,-3.648631234030078385e+00,-3.432911718198574214e+00,-6.480235711020186251e+00,-1.007304213789844916e+01
-7.498924137618308450e+00,-7.843188636133156422e+00,-1.092044685803409720e+01,-1.245486446923779411e+01,-1.438994848907442048e+01,-1.541581580916741778e+01,-1.153014948583187049e+01,-5.115737030611730241e+00,-2.054821530448472267e+00,-1.380820631581757718e+00,-2.838542072515132908e+00,9.900386983885857417e-02,-4.176404670474322400e-01,-4.523478253592239540e+00,-6.847994190605735554e+00,-8.587163347120684520e+00,-5.207528561997906813e+00,-1.767540223075469097e+00,-2.347757403274010723e+00,-6.560886028537848524e+00,-1.484280770070346733e+01,-1.677339560622559489e+01,-1.760154490497775370e+01,-1.279420473140881498e+01,-6.134885319543624149e+00,-3.541924534635128019e+00,-3.235295383266656444e+00,-6.053773168670503857e+00,-8.200991043778962819e+00,-8.337933891823977817e+00,-1.013972633976237248e+01,-1.029787275682490488e+01,-1.090915039019253108e+01,-1.137797138508198280e+01,-8.064375460764070525e+00,-7.406603642616812699e+00,-8.068608254176753647e+00,-5.832910597103794892e+00,-4.595773216491019220e+00,-2.656206818285688609e+00,-2.340471361292862262e+00,-1.826699793531342264e+00,-2.272989836187518708e+00,-3.601955641890854931e+00,-4.983642215416871579e+00,-5.047848527724119627e+00,-3.917290793323917164e+00,-5.144066846854214781e+00,-7.031744610994381972e+00,-9.103216182328480954e+00,-7.832171437929251745e+00,-8.950426396610971835e+00,-8.194662717161385501e+00,-9.055751472039331063e+00,-1.268064057199578620e+01,-1.744046689424299501e+01,-1.775476985318320189e+01,-1.660259959168900323e+01,-1.051118824154810838e+01,-6.093595196710045236e+00,-5.090984733134535922e+00,-6.839864373781290752e+00,-1.074990207658506414e+01,-9.046672419479460103e+00,-6.055230108268307099e+00,-6.604361405610141844e+00,-1.014754660761586003e+01,-1.285737111716342085e+01,-1.281834247439427443e+01,-8.268848102767355712e+00,-3.833126863699294340e+00,-1.413469383093927556e+00,-2.282532135010661989e+00,-5.948068126621200769e+00,-8.607665888460955372e+00,-6.066665889093077801e+00,-4.797622641415467903e+00,-4.912800993178655595e+00,-6.042146945088625820e+00,-1.021213361607423309e+01,-1.056038426440139055e+01,-7.219032187963646763e+00,-4.716065171867945160e+00,-4.126003301923016231e+00,-4.963357576497312351e+00,-4.151794385784691066e+00,-5.634487805516927850e+00,-9.583684151011862440e+00,-1.040310395077655237e+01
-5.903312757807342770e+00,-5.707743185775396633e+00,-8.755700123727432782e+00,-1.430619275883624475e+01,-1.561645877630190782e+01,-1.495120174678644709e+01,-1.117144200886438732e+01,-6.851434112388178121e+00,-3.916162247340088776e+00,-3.022877132148951151e+00,-9.407046840559425416e-01,2.500132891153426407e+00,2.752132716649947408e+00,2.250775593241914896e-01,-5.455512080649683959e+00,-8.062782689736442521e+00,-3.279821562012692482e+00,-5.415495034229339533e-01,-1.387446849139519323e+00,-5.918215022705971329e+00,-1.468190460276782972e+01,-1.476845418913920049e+01,-1.495670054908981861e+01,-1.061186475197511569e+01,-6.576675328923235142e+00,-4.674067636180661900e+00,-3.114640221233314410e+00,-4.201770155749310121e+00,-8.685942289083355305e+00,-8.978657536376687176e+00,-1.015934390098528795e+01,-1.169161435233471025e+01,-1.123341635609031641e+01,-1.123503101723534670e+01,-9.048560795815367541e+00,-8.815445124486783968e+00,-1.008388861296768546e+01,-9.812285218135754050e+00,-7.144985534152702655e+00,-6.949192834138359309e+00,-4.941532853547889736e+00,-2.862113876405775859e+00,-3.986360967936102728e+00,-6.168914184723525373e+00,-5.984319743105118938e+00,-4.485352691627086941e+00,-1.894042769485920097e+00,-1.967934848542878479e+00,-4.310715602976935124e+00,-6.737249423308592000e+00,-3.491709440842417855e+00,-2.493732028601418182e+00,-3.165237564092880262e+00,-6.813630258279355090e+00,-1.258085400768016449e+01,-1.535780314821049686e+01,-1.419074825600798029e+01,-1.071694333431191914e+01,-8.218397149466033724e+00,-9.018791201083283582e+00,-1.142027119906353150e+01,-1.194692650549393775e+01,-1.151042312974656490e+01,-1.003650747732560511e+01,-6.020330366251387844e+00,-5.876542760269310328e+00,-8.318318119139544109e+00,-9.432088242437606240e+00,-8.128524871809142738e+00,-5.524921891096580495e+00,-3.496494334164824913e+00,-2.545092402992391811e+00,-4.602955028113622227e+00,-1.044337420193548560e+01,-1.227401109633589193e+01,-1.079923074720497489e+01,-1.061716169085269534e+01,-1.119581365708569898e+01,-8.422730378638533466e+00,-7.889720336317007643e+00,-9.496800912792718208e+00,-8.756014504778038443e+00,-8.636809536164864909e+00,-8.559545522793792216e+00,-7.004933057216352843e+00,-6.510235846980958030e+00,-6.144103136361765749e+00,-9.170917193580390148e+00,-1.139371438335655284e+01
-3.787064155969852575e+00,-2.323848839418912515e+00,-4.173516647116442435e+00,-8.739777244802535705e+00,-1.235178239184214632e+01,-1.458398869521635888e+01,-1.573290806202063941e+01,-1.075016290487203463e+01,-7.109700684442668006e+00,-4.199303094582996110e+00,1.180480964659517129e+00,3.517193893446846076e+00,1.928514616681206828e+00,-3.442925168168065930e+00,-4.351815361116445402e+00,-5.279492617332677717e+00,-2.424652776845826807e+00,-2.181746074537041225e-01,-1.337628055615980749e+00,-5.477566450092017369e+00,-1.044273281136625720e+01,-9.367242764597548899e+00,-6.933920115848681398e+00,-4.802282383161267987e+00,-5.832838777869351787e+00,-6.239094801415178360e+00,-5.322214754816508631e+00,-7.699641468045406612e+00,-9.999997771828246229e+00,-8.751615424801531873e+00,-8.985985468708930668e+00,-9.635171257799729716e+00,-9.333564149930065668e+00,-6.723660404520823697e+00,-4.658337848613745891e+00,-4.474988208688039037e+00,-7.528089322765967317e+00,-9.307782801470361633e+00,-7.815257489569205518e+00,-7.618450397895158765e+00,-6.908887900300044294e+00,-5.931851415873918398e+00,-5.215661155046803721e+00,-2.946868484455402282e+00,-1.724206171972726187e+00,-2.082871554627064192e+00,-4.672190630481109608e+00,-7.311725451509447637e+00,-7.492514354239840912e+00,-7.541364111034269513e+00,-3.781845167319507262e+00,-2.305955743224576970e+00,-1.694658469293210512e+00,-3.836944674152208634e+00,-8.314601102269682187e+00,-7.989704041930854039e+00,-5.996356930468175861e+00,-4.574397507816889252e+00,-6.116211730678727143e+00,-1.138334683592158214e+01,-1.637166591694480644e+01,-1.694989170391756872e+01,-1.119627056713391156e+01,-4.619361736846709476e+00,-1.024033678051336382e+00,-7.439760074467587359e-01,-3.258557528903343936e+00,-8.831117140136210963e+00,-1.113563513677371120e+01,-9.502353380721315190e+00,-8.613317643061169093e+00,-4.981403904091706636e+00,-4.065962719058799912e+00,-6.975405604320339847e+00,-1.003046575047362765e+01,-1.017736790446858741e+01,-1.106002855995543932e+01,-9.961476676547690090e+00,-5.701981964220006027e+00,-3.391894220255483372e+00,-3.521324204770704736e+00,-4.408749980172772531e+00,-5.596243383895073364e+00,-7.680440481444050782e+00,-8.140926838369297869e+00,-9.164083526994948770e+00,-6.938837298381149488e+00,-7.210958522261309511e+00,-9.798831463532339470e+00
-5.846031737772054981e+00,-2.596058834669761506e+00,-2.707798486818818517e+00,-5.606992675726742981e+00,-1.051733899295778230e+01,-1.539729623418105220e+01,-1.526490489925656924e+01,-1.075498751007524589e+01,-5.119493626296184097e+00,-3.046868860807367962e-01,3.256433918620494694e+00,4.355055699972226080e+00,2.047488917591386404e+00,-2.736713327278375907e+00,-5.297191159715666231e+00,-6.844217418784037221e+00,-5.003518964346022280e+00,-4.374809977118822246e+00,-6.424189718762286283e+00,-1.025106961924330662e+01,-1.083218961461146002e+01,-1.226514714732205924e+01,-7.553779301114547984e+00,-3.128333630248610220e+00,-1.786491517673414631e+00,-2.987901296541646268e+00,-7.441701692241923460e+00,-1.215426711390789372e+01,-1.222016617969462793e+01,-8.513617856631096714e+00,-6.396854910635410008e+00,-7.440435051946039380e+00,-8.427482732648687858e+00,-6.007425607577722815e+00,-5.232125953736161961e+00,-4.495534759434990590e+00,-7.149733385365260041e+00,-7.054669019727638712e+00,-6.296703485729999272e+00,-7.582053223974947187e+00,-1.003581103996226709e+01,-1.351240778159826306e+01,-1.251515757669239548e+01,-5.368129796216341454e+00,-2.109623363702619159e+00,-1.494524016790792276e+00,-4.485718504483706681e+00,-8.038858131806653873e+00,-1.068949208951982399e+01,-1.006943897309159830e+01,-9.794228778731890017e+00,-1.078000732254993110e+01,-7.963679719014317371e+00,-6.285960647144487545e+00,-6.459845726721380466e+00,-6.874229332740257270e+00,-3.487862466470359468e+00,-2.267000203952193260e+00,-4.603306976752706170e+00,-1.009166436087816265e+01,-1.235046304661528538e+01,-1.233607246054518569e+01,-7.394785918262122060e+00,-1.293263170921989502e+00,1.008119551606714293e+00,2.357474239122934745e-01,-3.213514255310752077e+00,-9.253440306708391461e+00,-1.347231637624869727e+01,-1.045409710111474588e+01,-9.028676985181812498e+00,-5.004613676325495142e+00,-2.153152465190969700e+00,-2.378429520136459807e+00,-4.957664041875671224e+00,-6.983507050383360060e+00,-7.504483909955374621e+00,-8.951442992776856400e+00,-8.162238633008042754e+00,-6.366164994479465378e+00,-6.867581296226366483e+00,-7.918442040937427429e+00,-7.731844704206052299e+00,-8.198253618147139932e+00,-6.761146469538877213e+00,-6.350371683954744384e+00,-8.528597932065741460e+00,-1.103349597864133003e+01,-1.164227941789125076e+01
-8.046334770389069746e+00,-6.161138550077278175e+00,-7.838274552598875289e+00,-1.178874171116298264e+01,-1.345882842639335131e+01,-1.425250550141011807e+01,-1.345634854915446788e+01,-7.526706458818643419e+00,-3.250476053670833032e+00,-2.713746004405298340e+00,1.028297516994162580e-01,3.790472276130677276e+00,3.046083959813853159e+00,-1.563526695669467559e+00,-4.925084860682053645e+00,-5.547701577718992638e+00,-8.788646393924727462e+00,-8.827417377914700936e+00,-8.956189346044583388e+00,-1.055364283000616155e+01,-9.823727184892597109e+00,-1.039347945276955976e+01,-8.308481040529738237e+00,-2.965670796050829949e+00,-1.651020337473005917e+00,-3.830787436959606662e+00,-8.500881561827391408e+00,-8.602594595206412009e+00,-7.981448987540893825e+00,-6.860150991385816965e+00,-8.038672575250940255e+00,-6.757170408459982625e+00,-4.535209517246742372e+00,-5.296054036426532718e+00,-6.843494568216173413e+00,-4.681460195242014066e+00,-4.312599541423352001e+00,-5.669711918535089268e+00,-9.810160291934371557e+00,-1.318365586991597027e+01,-1.414092976840815119e+01,-1.482906449871851962e+01,-1.172275486521254884e+01,-8.492273121624064558e+00,-8.017753081611546762e+00,-5.210778677756407795e+00,-5.279084439977611787e+00,-8.151370229476125218e+00,-1.125606224747528650e+01,-9.864075989875578543e+00,-8.349874840335065329e+00,-8.865769301814244940e+00,-9.145200023469620021e+00,-7.933217325755499871e+00,-5.844551269376836444e+00,-6.022661208157616741e+00,-5.549702185829331391e+00,-6.954975707650786987e+00,-4.518698706396651943e+00,-4.718306276373061436e+00,-5.035778864805019239e+00,-5.703302811446102183e+00,-3.911565785958865948e+00,-2.465296265899371786e+00,-3.888860203070160004e+00,-6.166915610658453062e+00,-8.258320068649044998e+00,-7.798163628513763435e+00,-8.455136938972916738e+00,-7.822332814339324258e+00,-1.084630779507464915e+01,-9.538152989476246901e+00,-4.794349582400172949e+00,-4.354299237727558669e+00,-7.300532381533455961e+00,-1.243204459917724591e+01,-1.298518873972440169e+01,-1.517226276249813921e+01,-1.340114896010635448e+01,-9.211997484830312999e+00,-6.500864287712295742e+00,-7.547036870809874287e+00,-8.541584028001118156e+00,-5.741975340964202701e+00,-3.830945901471223713e+00,-2.970204646054907194e+00,-5.329834176371000432e+00,-9.358007439321145426e+00,-1.098039240821411688e+01
-1.196524885285617756e+01,-1.153440847746411713e+01,-1.177065580948851142e+01,-1.248406118199341286e+01,-1.396038181710063952e+01,-1.614788609608671877e+01,-1.465340693014904971e+01,-9.454240142626870735e+00,-7.926164162058131346e+00,-6.137640843497014664e+00,-1.273314020739994279e-01,3.613162655047231997e+00,3.842671026384695931e+00,6.861218491821248211e-01,-4.129583896978065383e+00,-8.221320734436350364e+00,-9.014049966756562782e+00,-7.582692681398606638e+00,-9.625637715808430528e+00,-1.243955690071995157e+01,-1.108689089578793485e+01,-7.871230630218086333e+00,-4.214013180897668853e+00,-2.327480474912344555e+00,-3.808368874283129202e+00,-8.771684458269213280e+00,-8.600482581813531979e+00,-5.378577154549889272e+00,-5.672415476859567818e+00,-7.841532097100035514e+00,-6.866653729237140347e+00,-3.772481156218992826e+00,-2.235729645727608350e+00,-2.093536866662874640e+00,-3.925362318950264218e+00,-6.816732337544286757e+00,-6.102347186409440738e+00,-5.753741758210318302e+00,-8.677326832274745883e+00,-9.179638540610335795e+00,-8.787500092969800392e+00,-8.703265734296993017e+00,-7.890440947579262065e+00,-5.887324400727560025e+00,-5.251997951765656758e+00,-4.173258334972468120e+00,-5.814291394769067089e+00,-9.187359392530936475e+00,-8.577127054893880498e+00,-8.449678860660782220e+00,-9.950508302203694200e+00,-6.661303693246572344e+00,-3.454799279668613554e+00,-2.580054122555031082e+00,-3.479513552053866476e+00,-5.881572262629082282e+00,-8.472839608284315815e+00,-1.396123756647558167e+01,-6.928395503165578617e+00,-3.113987263589677479e+00,-3.576410739933826743e+00,-6.158372337819616682e+00,-7.840733424431287624e+00,-8.750280072919576213e+00,-8.829868294551610930e+00,-8.310201303546730145e+00,-5.314700520696307606e+00,-2.604072494635838009e+00,-1.351067698796986960e+00,-2.774337543009192331e+00,-6.281446093721385182e+00,-8.995045785617111989e+00,-6.843340282377443629e+00,-7.009054525398221713e+00,-7.365085217149410113e+00,-1.090436211441244474e+01,-1.405247191087643976e+01,-1.387633520051052649e+01,-1.123153975740411248e+01,-6.068967239181966455e+00,-3.404176303428856798e+00,-4.194098245086414600e+00,-7.370458799225271029e+00,-5.246726958214172676e+00,-1.886398281357855033e+00,-1.823893122012471890e+00,-5.476419185897461794e+00,-9.477129481564787739e+00,-9.481159315570572232e+00
-1.516831441481310705e+01,-1.336362443068870043e+01,-1.001144740545660028e+01,-9.087535165306320550e+00,-1.141380658768173362e+01,-1.420959154286778947e+01,-1.361638399084707807e+01,-1.485705026827360520e+01,-1.491752165242245276e+01,-9.135767784711898543e+00,-8.789042930794473962e-01,2.558951190938906883e+00,2.209408850592904372e+00,-1.661120391324778733e+00,-8.711141332927951453e+00,-8.472373631271652883e+00,-4.739703938477020984e+00,-3.954065171915939647e+00,-6.760237275565890158e+00,-1.067367782314917157e+01,-1.232194781527483407e+01,-1.182389271752278681e+01,-7.174357034763167107e+00,-3.921259198001676882e+00,-4.594532569100086228e+00,-7.247930476988168280e+00,-4.841464004906496754e+00,-2.851899503165666871e+00,-3.319615637925120932e+00,-4.078150150346433023e+00,-1.775136008203625604e+00,-2.226868778415097783e+00,-6.076484060988505576e+00,-5.297355205476234730e+00,-4.113482661265179807e+00,-5.596529474243857827e+00,-5.940938626465044337e+00,-8.130249394061870305e+00,-9.873443127350698845e+00,-5.616447547100539950e+00,-3.511121208109031500e+00,-3.710250593560810994e+00,-5.854305117727165886e+00,-1.773602150345599204e+00,-3.603558593562671275e-01,-1.489687998950677494e+00,-4.787710760632544194e+00,-8.411805401059021747e+00,-1.073688442937861787e+01,-1.302571357506558414e+01,-9.616965639187878168e+00,-5.139674701622890751e+00,-2.600668656978414983e+00,-4.272778363305816285e+00,-1.004901350079510358e+01,-1.288892983145577631e+01,-9.817229654443892173e+00,-8.570480762093321658e+00,-3.189602992198468545e+00,-6.118278881969084759e-01,-1.367948459847340148e+00,-4.797786952911953229e+00,-6.741026408130064596e+00,-7.134578723600484729e+00,-4.617210437811532842e+00,-2.244325825766856131e+00,-1.305137850931509469e+00,-2.639861384718293902e+00,-5.768639346087505615e+00,-7.677644017875050686e+00,-9.105844041710733805e+00,-9.167285052681327429e+00,-8.864496182615315689e+00,-1.188132678297229283e+01,-1.222513820264572537e+01,-8.517869136009112552e+00,-6.735093804958619756e+00,-6.628779775596091106e+00,-8.220590159766151928e+00,-5.260933515370676439e+00,-1.870169290477984081e+00,-1.599582004016422809e+00,-4.229176197691183248e+00,-7.132025359492552674e+00,-5.341074452784500437e+00,-5.508124878511000411e+00,-6.552607968897747881e+00,-9.278801495755525153e+00,-9.909800219356565520e+00
-1.060056197643280029e+01,-7.960288930656318485e+00,-7.478151706824625045e+00,-9.515456275384229556e+00,-1.276278205518435627e+01,-1.108844666261422063e+01,-1.044084393798856780e+01,-1.196552574231212240e+01,-1.259485253624450074e+01,-8.018257760687879099e+00,-4.018281166882891497e+00,-4.521090802456483315e-01,-4.042565583249665973e-01,-4.205047265549463731e+00,-9.785413392840471403e+00,-4.609314292315673356e+00,-8.897754551249352772e-01,2.133883687118733608e-01,-1.829128140281901072e+00,-6.985254495887827986e+00,-1.282632367951529417e+01,-9.765214298676728077e+00,-5.688391987430422070e+00,-3.955073920463708870e+00,-6.139490262766305939e+00,-1.019844243132082084e+01,-8.164865806194624653e+00,-7.175060184364368432e+00,-8.629018236731557323e+00,-9.176031529585676694e+00,-6.497859427654639752e+00,-3.551680266766115590e+00,-4.966710773961884762e+00,-6.786947702722890163e+00,-7.412911345523998996e+00,-5.380694939649867337e+00,-7.329549962640705019e+00,-1.019173582923367505e+01,-8.951909960436641001e+00,-8.830959834998711955e+00,-7.252920324767106131e+00,-3.302380814952942334e+00,-2.717337348522912421e+00,-4.729969474493134207e+00,-5.480989410735174872e+00,-5.264907988443046527e+00,-8.861912295278301599e+00,-1.099925812384239698e+01,-1.133523171576426236e+01,-1.129797111081547634e+01,-5.520288850874044861e+00,-3.627568462093297530e+00,-5.642054747594030140e+00,-8.127688412155423592e+00,-9.552686741701641893e+00,-9.413271486146911116e+00,-5.687658047535512296e+00,-2.028488203735463458e+00,3.383642060934264895e-01,4.044316364583538381e-01,-2.638199208271024609e+00,-1.031431834147612925e+01,-1.268635438595499387e+01,-7.689341049109186699e+00,-3.856290217756846772e+00,-3.954718329479805838e+00,-7.386598449048088710e+00,-9.352033162592819693e+00,-1.143697975626341368e+01,-1.372303153764932659e+01,-1.392874260168326472e+01,-1.465309432597088701e+01,-1.017456377135183665e+01,-8.088371770946602979e+00,-8.986822844910106411e+00,-7.679994050623442980e+00,-3.220393474553396640e+00,-2.032551952777780446e+00,-4.538321052488863749e+00,-7.769778006444020058e+00,-5.998174898176720227e+00,-5.896921560400002704e+00,-5.025650859005133420e+00,-5.393891090317104009e+00,-7.752552691931114737e+00,-1.169583126700910469e+01,-1.271924708021762740e+01,-1.195123566598876508e+01,-1.189290111315877851e+01
-9.595430931650605899e+00,-7.757537654467991040e+00,-9.377118100797323663e+00,-1.362141942753827628e+01,-1.224464740251239903e+01,-8.819425733017741464e+00,-7.478404446652061388e+00,-8.995651735174924113e+00,-8.292251992438520958e+00,-7.495389921681717027e+00,-4.732739194180322961e+00,-1.127367412568160976e+00,-2.008850409012748361e+00,-6.566816232482293181e+00,-1.248246926741492402e+01,-9.182398545086607911e+00,-2.929557790392305350e+00,-6.835062163978240513e-01,-1.924646265543927370e+00,-7.219869122063195199e+00,-1.260631668029871122e+01,-5.945482906878442719e+00,-3.306315318940389325e+00,-4.042304861044189401e+00,-9.284528530629954091e+00,-1.281082046054359580e+01,-1.268841000338245983e+01,-1.413198339513369994e+01,-1.356523396550936766e+01,-1.451034676692539627e+01,-9.506223802279709645e+00,-4.564803221480066675e+00,-3.734201080873048362e+00,-6.348189974553827497e+00,-5.429291598981988543e+00,-2.396257627521875211e+00,-2.800122123776192851e+00,-5.647260664184963197e+00,-1.072979750377791319e+01,-1.058207523486668045e+01,-8.755922456657080133e+00,-6.735944061238963165e+00,-7.000413492612568511e+00,-1.014710042580850136e+01,-1.156599144066186824e+01,-8.432662051871307796e+00,-7.749048849357698110e+00,-5.555810099866773655e+00,-3.945160789973683801e+00,-2.805643824809248343e+00,-2.373746720387747366e+00,-4.545361895058164237e+00,-8.429935221413249025e+00,-9.165616426350814194e+00,-6.503472413092193705e+00,-1.836669573218988827e+00,-1.217700518482133676e+00,-2.329904271059501486e+00,-4.787850956365998223e-01,2.144518356448165408e-01,-2.878509339286956070e+00,-1.017126492483723510e+01,-9.510906127554582312e+00,-6.106786287879865327e+00,-5.269839494751724196e+00,-8.987062331947280214e+00,-1.081773080077386417e+01,-8.308239932795215665e+00,-6.561407578842980648e+00,-6.126014982735304315e+00,-6.918464745121791104e+00,-7.907791732621372027e+00,-6.310645961811892413e+00,-5.750343137609779554e+00,-7.231221857935862474e+00,-3.466719885097634624e+00,-6.021592589656522554e-01,-8.807771508144284223e-01,-4.517784426962130340e+00,-1.156506045509997982e+01,-1.386735925055984353e+01,-1.549894792356885453e+01,-1.295965120969410300e+01,-6.899777790741588923e+00,-4.771403790302784387e+00,-6.798390652557232627e+00,-1.012869089595357330e+01,-1.456086137016913007e+01,-1.585424860975796157e+01
-8.469927595522170449e+00,-7.674420271600995491e+00,-9.031410175158566034e+00,-1.217623513399210111e+01,-1.365359788102314909e+01,-1.118940764127817289e+01,-1.011395515647149601e+01,-5.401720672425694758e+00,-2.268330424817898816e+00,-9.903246322970599147e-01,-7.474219851590574448e-01,-1.930102391126460593e-01,-2.499118828883436727e+00,-8.415535834694939155e+00,-1.352685752623063209e+01,-1.165103729775077390e+01,-6.654405476175304202e+00,-3.988319996556203950e+00,-5.341369600651463934e+00,-7.039211426910600977e+00,-7.190166847038089948e+00,-5.141238498851601335e+00,-2.997922527752606481e+00,-3.082019889631389287e+00,-5.620385727662194242e+00,-6.085416849562547803e+00,-5.560701691402871738e+00,-6.000828450648953982e+00,-5.004005033465074526e+00,-6.115805912958948376e+00,-7.612200719633496426e+00,-8.552466452765957072e+00,-4.515813530163657497e+00,-4.318300520734251968e+00,-1.217470370270259394e+00,1.411553845723348743e+00,1.090499406876751509e+00,-2.307326961938935828e+00,-7.791565512468044297e+00,-6.513210106501005292e+00,-7.671026512868422742e+00,-8.589770826902345391e+00,-6.787605304074914692e+00,-8.089356382594520056e+00,-1.126003905388533610e+01,-1.056095134500498212e+01,-1.242703355882400906e+01,-7.872237191080374785e+00,-3.906974892312077952e+00,-3.826708458017239245e+00,-7.429972194002142594e+00,-1.020503480773055038e+01,-5.768656632603895495e+00,-2.184418060515719962e+00,-1.063677358932975242e-01,3.408433332718922570e-01,6.492457062888302710e-01,1.682900663303330324e+00,2.073850826824195970e+00,2.020098920071259352e-01,-4.307864701870157909e+00,-6.792872474717914777e+00,-5.290359575210377585e+00,-2.811168840014519166e+00,-1.672396609024844993e+00,-3.876481863911634740e+00,-5.783280520658778734e+00,-6.818011260402381701e+00,-6.218498576194384064e+00,-4.780080134448196461e+00,-6.907779083720275715e+00,-1.128105643500846966e+01,-1.042660402820298593e+01,-7.012097375397395638e+00,-7.330119114621241216e+00,-5.354718275368213654e+00,-4.402516766444296792e+00,-3.683627169828291414e+00,-6.288695675355935322e+00,-1.282876078728446423e+01,-1.494657542293233021e+01,-1.240865815358054292e+01,-1.008735673004215094e+01,-5.015196253258483061e+00,-2.038459978823959684e+00,-1.688054613694653705e+00,-3.994462721606478528e+00,-9.495093338919762260e+00,-1.342758804425261054e+01
-1.439083203471692940e+01,-1.113447387326032612e+01,-8.096363660760392378e+00,-8.348756301671938829e+00,-9.521745271700664759e+00,-1.160744272676625677e+01,-1.253049126513918488e+01,-4.785159475726768363e+00,-1.113013711171504827e+00,-1.516695750520137498e+00,-3.330676545466023430e+00,-5.625668658110789533e-01,-9.189496987458376509e-01,-4.698018995649356100e+00,-1.017658665328097456e+01,-1.286898972575825795e+01,-9.589654651799596863e+00,-7.294722396180145729e+00,-8.662008048000192417e+00,-8.412719080770822089e+00,-8.895615623409586448e+00,-1.008559291916234102e+01,-7.667411512471175250e+00,-8.286427348726114417e+00,-1.035805289528535766e+01,-9.591068052606223304e+00,-3.908780819680401919e+00,-1.469767383049431331e+00,-2.555386724636742990e+00,-7.602918624093658373e+00,-9.364253782114028368e+00,-7.690796742313786183e+00,-3.569728850352024807e+00,-3.096984470375162335e+00,-3.938680314590202070e+00,-3.000590182364659242e+00,-2.169145490219019923e+00,-3.410798000893030313e+00,-5.930258393211069290e+00,-3.858042691057001594e+00,-4.574654487654902901e+00,-6.488393492227300996e+00,-4.517957801139332652e+00,-3.283298449238984951e+00,-4.013066121236127159e+00,-5.415470993146300316e+00,-7.647749189483492138e+00,-6.822270648592480669e+00,-4.034843825448052534e+00,-3.953824343047755985e+00,-7.070462669855110072e+00,-1.066921500004547951e+01,-6.257892452824608931e+00,-1.888877772521297516e+00,-8.067970830042097141e-01,-2.918638126742570726e+00,-3.378004021223116382e+00,2.011224000445125948e-01,1.019939922085171924e+00,-1.893800912295377170e+00,-1.067805032689768652e+01,-1.144460164447476025e+01,-1.038588510767409723e+01,-5.963988716896147402e+00,-1.808150843129829433e+00,-1.754116910100560922e+00,-2.949153292473384536e+00,-4.019181926251578219e+00,-4.369483138525620092e+00,-3.877853949536758549e+00,-5.378161357995822733e+00,-8.992980128168163390e+00,-1.013107775325389781e+01,-6.742109291647610192e+00,-6.090052492182642219e+00,-8.152082041676219859e+00,-1.221278976206492572e+01,-9.318263614648266469e+00,-7.201872305104270566e+00,-9.411855961646029556e+00,-1.053906151681396253e+01,-6.415116484753115245e+00,-5.476081662468220479e+00,-7.515092275297983626e+00,-7.434433593057599765e+00,-7.079139285170318985e+00,-6.350223052964889092e+00,-5.549055895074865852e+00,-7.838332322979331579e+00
-1.742912400216984636e+01,-1.273357414930386611e+01,-1.040178281427326112e+01,-1.152976428790200103e+01,-1.295805664752658970e+01,-1.208926193023982876e+01,-1.218535922344465838e+01,-5.365281141005960208e+00,-1.929198440953851179e+00,-6.191863724489212739e-01,-1.187207361662242278e+00,-2.029479476314254960e+00,-5.254044734292551588e+00,-8.358682016176837593e+00,-1.040234480675001727e+01,-1.403890267619513033e+01,-1.227848921772232593e+01,-8.075095493094364585e+00,-6.760513953472438331e+00,-7.042544579819629114e+00,-9.164098659180160311e+00,-1.229949861003044020e+01,-1.143765221771440999e+01,-1.353879350020473105e+01,-1.624008427616348982e+01,-1.419201951681223051e+01,-6.179904666722269013e+00,-2.671366814306860071e+00,-2.746582571228027625e+00,-6.704116879101086113e+00,-8.916563270235419836e+00,-4.463004498245348728e+00,-3.336467719846930358e+00,-6.163871611219907898e+00,-9.511192346481900373e+00,-8.910852214672928540e+00,-4.944150297657439630e+00,-2.214622589236097561e+00,-2.674839381404707783e+00,-5.238463085195087743e+00,-9.749162898658026322e+00,-1.301738652855830125e+01,-8.845951840421534484e+00,-6.372277640030348245e+00,-7.063404043108799435e+00,-6.147029331192038093e+00,-2.463251357176866385e+00,-2.504591878944713912e+00,-5.647479200670916022e+00,-6.043149379645718966e+00,-4.816284199686426959e+00,-6.232499346473162838e+00,-8.869233733841351608e+00,-8.816341629181813744e+00,-3.577560341244745423e+00,-2.560312116672669891e+00,-3.980516120296013760e+00,-8.543691850018764189e-01,9.308193812664962152e-01,-6.745905280945851956e-01,-7.217508371247160603e+00,-1.365578068781616139e+01,-7.321329942323211881e+00,-2.759617817221835967e+00,-1.393980376663223053e+00,-3.830757700809701127e+00,-7.411728703661968787e+00,-6.957477534147805898e+00,-5.229044783238979477e+00,-6.394364854586975788e+00,-8.516145817067165780e+00,-5.339448629185221229e+00,-5.426232871564483418e+00,-6.542659706191012781e+00,-1.073844260828835573e+01,-1.111607926187658713e+01,-1.171933991277128229e+01,-1.077774354813032254e+01,-4.731339615284766431e+00,-2.170736286786334013e+00,-2.175908656027587984e+00,-2.926965757086260389e+00,-6.510928867006660070e+00,-1.370894708557236541e+01,-1.633293051244621097e+01,-1.450231562521224582e+01,-1.177268210972162166e+01,-8.482873754841941505e+00,-8.105098953372554149e+00
-1.666167910027324695e+01,-1.398314174046193692e+01,-1.450265175417849939e+01,-1.816708893973128269e+01,-1.775125725466505955e+01,-1.238248750455397484e+01,-8.041828618910079385e+00,-7.765883797093441565e+00,-7.556246166001949760e+00,-6.208026254068205851e+00,-7.991385628910441241e+00,-1.110249681996279669e+01,-1.281030724864256953e+01,-1.509497646147147165e+01,-1.535890255297037044e+01,-1.653716453394495289e+01,-1.620515735615465047e+01,-1.497074038821055453e+01,-1.467047590622328279e+01,-1.459965099517564191e+01,-1.464947790758950319e+01,-1.344983470977697237e+01,-7.958083484405861441e+00,-6.563330009565653711e+00,-7.102959094005392160e+00,-8.435132434877875340e+00,-5.624128508388547942e+00,-5.381137668218155312e+00,-5.326333111166057677e+00,-8.325806593312357506e+00,-1.089878795245536303e+01,-5.584117894642110613e+00,-2.432658423487572996e+00,-2.878046607136502288e+00,-6.500724740746550268e+00,-7.279636862274623255e+00,-3.947097353133043995e+00,-4.266748495329927948e+00,-8.454358343003471887e+00,-1.014653397233862542e+01,-1.499467497391808379e+01,-1.570855009645447709e+01,-1.577029409265159643e+01,-1.371098305901190351e+01,-9.028420128320393090e+00,-5.219682002692182188e+00,-1.943627541866398634e+00,-2.116889318568575984e+00,-5.954487052431008287e+00,-1.012774772874842988e+01,-7.889659927751784707e+00,-7.701965587143611458e+00,-9.222664570428879216e+00,-6.141221964614521411e+00,-2.291720464251869149e+00,-3.909319858381846702e-01,4.007385521987102961e-02,4.647949245807371788e-01,4.525602501081793017e-04,-9.236022947352603429e-01,-4.230668906316599198e+00,-1.369875429251364274e+01,-6.654301295310776965e+00,-1.415836808443265538e+00,5.140108347343477213e-01,-9.561609935323546194e-01,-3.891217588965432572e+00,-6.981729720123952099e+00,-4.560712054637925839e+00,-3.914302387836746444e+00,-6.166094917888031546e+00,-8.517141827403154508e+00,-8.929632750388822870e+00,-7.751345589028713512e+00,-1.096877996685137369e+01,-9.988878828830513257e+00,-5.210603937366626859e+00,-3.124717555050405604e+00,-2.562875964959358654e+00,-5.558881014209990035e+00,-5.066902312847498813e+00,-5.748134239780921639e+00,-1.014386790228965651e+01,-1.646931830205415537e+01,-1.821644049210656036e+01,-1.477729399939228649e+01,-1.247399224733051426e+01,-1.172793464329009616e+01,-1.245773766408289340e+01
-1.496558319177842655e+01,-1.157663202196135543e+01,-1.097056315447154873e+01,-1.384718326249516984e+01,-1.427769562893344002e+01,-1.002902719176801583e+01,-6.640537770170914733e+00,-6.991070735441823558e+00,-7.083459819001810764e+00,-7.136437216423507479e+00,-1.080846276677640816e+01,-1.295664527183188497e+01,-1.195796115237071078e+01,-1.170354953789173180e+01,-1.422844438221221530e+01,-1.660155144490693857e+01,-1.624580606123558724e+01,-1.993469816222226854e+01,-2.113213352780593013e+01,-2.136655427100963323e+01,-1.897530903135027103e+01,-1.408133997415241367e+01,-6.756213174726729775e+00,-2.117066833493475020e+00,-5.621187065297359453e-01,-1.558057516126985842e+00,-5.829894425669558622e+00,-1.036432435705249411e+01,-1.039093919961076118e+01,-1.321363606668056434e+01,-9.875141954959783419e+00,-6.504623267827625455e+00,-6.178885821078000440e+00,-4.097646442187260263e+00,-3.738850685185096445e+00,-2.992953509449454597e+00,-2.852330811297226987e+00,-6.329195289235365784e+00,-1.309827871026849344e+01,-1.472057556299338721e+01,-1.724867210173069054e+01,-1.873515656119898765e+01,-2.025490893098644918e+01,-1.776102209539341814e+01,-1.037477631273126200e+01,-7.087727869629747879e+00,-6.569399031508044828e+00,-6.821304236227100581e+00,-4.174576323871550088e+00,-4.964605707095768317e+00,-4.165063041722847359e+00,-3.273197989060046442e+00,-4.015313846388257168e+00,-4.729794407403447032e+00,-8.216097416511571438e+00,-8.198547423970614645e+00,-8.451907151672793717e+00,-9.087422393261510578e+00,-9.970098952468680054e+00,-4.787164493656500319e+00,-2.205784026752191096e+00,-4.479542283702350858e+00,-3.453732081629857564e+00,-1.603086879363115447e+00,-2.633074174901204323e+00,-7.176287630588670474e+00,-9.411831810440224544e+00,-6.933143903063680114e+00,-2.235676705385593266e+00,-1.120765387212342867e+00,-3.393545816904564028e+00,-6.864582848251986391e+00,-5.061644678795359731e+00,-3.054842374801786331e+00,-3.982668365287958423e+00,-5.123594116974495627e+00,-1.824022857919142870e+00,-5.631586948391732461e-01,-2.386842760048444312e+00,-8.544800508515278281e+00,-1.118620206270002804e+01,-7.984178848732683242e+00,-8.773651338805604993e+00,-1.203968237304037636e+01,-1.326461573135583905e+01,-1.349246832526716133e+01,-1.263859330711508200e+01,-1.441651533420820819e+01,-1.488738210398451756e+01
-1.251499883572857996e+01,-9.789566628466872089e+00,-6.748970132125051258e+00,-7.043186952072875151e+00,-9.298091340333895616e+00,-7.935632887191342633e+00,-5.338431275876841298e+00,-6.267884452988330857e+00,-7.869753196723479505e+00,-6.149049519372165484e+00,-7.970839133836273405e+00,-1.000454306042284003e+01,-7.149910447516835355e+00,-5.233283499801965277e+00,-6.667496768155491971e+00,-1.032607594602986367e+01,-1.662944939351619666e+01,-1.797546282119320793e+01,-2.053402357621300567e+01,-2.001413818678461354e+01,-1.855060012358471866e+01,-1.339577248849366775e+01,-1.097731680058895165e+01,-7.229355824099419792e+00,-1.546406948690379757e+00,-2.565342172178530777e-01,-2.736095506054545101e+00,-8.855845266939105898e+00,-1.210166404771625537e+01,-1.024139832072239997e+01,-4.835875179205453733e+00,-4.181814101195537425e+00,-6.040037818813233983e+00,-3.161257439940691860e+00,-1.182850465735182599e+00,-2.429629194471220277e+00,-3.645796887915322415e+00,-3.853363564707114719e+00,-8.151596627361842096e+00,-1.360106404540234060e+01,-1.690305062702723760e+01,-1.778318325469368233e+01,-1.925486223679736142e+01,-1.693508347174278938e+01,-1.511991649283502248e+01,-1.612696405012804846e+01,-1.516924241700566789e+01,-9.883476388073505703e+00,-3.412651169705519738e+00,-8.357254695151652424e-01,-1.893668831000454578e+00,-6.906654110395426649e+00,-1.131491225280035628e+01,-1.094374309917141552e+01,-1.540208290931873769e+01,-1.604965341539311297e+01,-1.552922721554462093e+01,-1.543900422897553959e+01,-1.079721034603907626e+01,-4.460464538670236401e+00,-1.041848510878836231e+00,1.256733107620401912e-01,-1.241812445830791756e+00,-5.458222532395406112e+00,-4.662339422688994262e+00,-4.545916551619915147e+00,-6.129188366783992592e+00,-5.846683456121306577e+00,-3.591447209967370213e+00,-4.364073917349359455e+00,-6.120226772207963073e+00,-6.684493747636101268e+00,-2.324741645001883406e+00,-1.611914991480350723e-01,-1.776611479885063849e+00,-6.120011896924360428e+00,-6.119606362417676415e+00,-4.765022464475990205e+00,-5.939562380475804204e+00,-8.516541265007248285e+00,-1.190887787602001602e+01,-5.907438117758672114e+00,-2.813084947346198295e+00,-2.495339597777712193e+00,-5.011209982408812991e+00,-9.870786635947407461e+00,-9.015359004637351958e+00,-8.482047476266560082e+00,-1.020833300244539288e+01
-9.833866312539667476e+00,-8.603374073379917775e+00,-6.824259526747510129e+00,-7.578439706698396172e+00,-1.015615527074139735e+01,-7.391629091779091887e+00,-4.682774822486746480e+00,-5.327274684696213569e+00,-5.179736460930199016e+00,-5.040346275258781539e+00,-8.342716385099224752e+00,-1.113624399004125998e+01,-5.210521221497880440e+00,-2.516207081119572031e+00,-3.326634176782703456e+00,-8.261988591465790677e+00,-1.458763601367634877e+01,-1.245428126467797902e+01,-1.165794728236987154e+01,-1.138672675399627821e+01,-1.097060896176144595e+01,-1.237897159013533077e+01,-1.441962793447021340e+01,-7.252061432969749255e+00,-2.031485310658949217e+00,-6.809650383712645416e-01,-2.404961283288938212e+00,-7.233076291326853813e+00,-6.487722880858227903e+00,-3.430200924550680153e+00,-2.974382126311722718e+00,-5.587036149170165444e+00,-8.867945542236915557e+00,-6.742150542385135559e+00,-5.884863108123435715e+00,-5.575667113566392885e+00,-3.943813399476072679e+00,-8.736002523727982583e-01,-1.737117601072991624e+00,-5.948931986348759082e+00,-1.112206804078716615e+01,-1.037659021762472733e+01,-9.988810820743106333e+00,-1.156674092783963737e+01,-1.700778796081256061e+01,-1.936974876805355805e+01,-1.619770699067223418e+01,-6.936252455626215507e+00,-2.054241055500154456e+00,-1.034306299732319578e+00,-3.242985033668241535e+00,-8.952310782626160091e+00,-9.928005368959970767e+00,-8.522479978747162122e+00,-9.479996979901832432e+00,-1.011964429452791236e+01,-1.083609275799944882e+01,-1.109144657133217216e+01,-6.127131430950379709e+00,-5.249141977749820498e+00,-6.911417773553639066e+00,-3.648148539071706775e+00,-4.068810406428082338e+00,-7.109876969633133648e+00,-2.777883229329061621e+00,6.341639424786251755e-01,8.255016870203224499e-01,-2.342560745094057317e+00,-8.548564904334401859e+00,-1.481609451777784869e+01,-1.560661470172996879e+01,-1.153889608654872845e+01,-3.710911651702135661e+00,-7.660065540505347492e-01,-1.062567166202435631e+00,-4.692870444681187081e+00,-1.177404505395351464e+01,-1.230712901470356435e+01,-1.273983992356106754e+01,-1.356059475590411800e+01,-1.471312446791426609e+01,-7.168303456745650060e+00,-1.321266658022943741e+00,2.963136105089845818e-01,-1.439538498224403495e+00,-6.797398502693364541e+00,-8.045869764080620712e+00,-7.112755431716603738e+00,-9.792132871491569190e+00
-1.042692937035309697e+01,-1.277466411832580029e+01,-1.239952469275410074e+01,-1.581213008685219634e+01,-1.450857755788286774e+01,-9.571144635067845741e+00,-6.158902205845438793e+00,-5.734927604234028031e+00,-6.359765826911784714e+00,-7.938029931564080321e+00,-1.180725889098375347e+01,-1.346159389144495933e+01,-5.850594592161644236e+00,-1.187367420217514180e+00,-6.901361591649185501e-01,-3.793189841175987453e+00,-8.618990969613083308e+00,-6.797818491217869408e+00,-3.741923874034021047e+00,-3.225721980091245555e+00,-5.560137533631763773e+00,-1.088879260712100105e+01,-1.190750173563347758e+01,-8.284736366788472139e+00,-6.423375020713958605e+00,-6.186258014186051035e+00,-7.937587206283430064e+00,-1.024599954362650500e+01,-9.442591524437853323e+00,-8.138153199078445255e+00,-8.398681542002840672e+00,-1.048097667075637673e+01,-1.468370269922385596e+01,-1.437325516589602081e+01,-1.368997404360233361e+01,-5.239781762383128871e+00,3.564736164412181385e-02,1.298853762432953918e+00,-1.137581521587199607e+00,-4.218733036246402612e+00,-2.815196013368256533e+00,-2.221740227534008572e+00,-3.467095025860585267e+00,-7.839650129689309743e+00,-1.507286231354215111e+01,-1.785138042797719748e+01,-1.513535640114232095e+01,-8.851804320077251376e+00,-6.831795719133592293e+00,-4.605664196197920113e+00,-6.217609354259824528e+00,-8.206860006863909263e+00,-3.601204847617606841e+00,-2.121517224275836222e-01,1.352818316703004176e-01,-2.090072917794201235e+00,-7.561555143809856716e+00,-9.952337470269741360e+00,-5.305957802270252266e+00,-3.262388678025645028e+00,-3.879989994449113855e+00,-3.176756008793827579e+00,-4.605153185644543790e+00,-5.497066716805338871e+00,-1.671468868948820408e+00,-1.098504610704538198e-01,-1.634100460391351595e+00,-6.167446077493180745e+00,-1.469067221745512519e+01,-1.970164941262481761e+01,-1.776276601391627352e+01,-1.524358570127558821e+01,-5.634697139438213931e+00,-8.183255356220763277e-01,-7.671829860646950383e-01,-4.055067639463560525e+00,-8.932956792463423668e+00,-9.087890047299906016e+00,-9.779248577311523860e+00,-1.338837283087852370e+01,-1.324595196982075329e+01,-6.344870785035935157e+00,-1.451942341375914047e+00,-2.246987839217150784e-01,-2.210893005189569660e+00,-7.269663954276199824e+00,-8.687166595369353317e+00,-7.854826519363804493e+00,-1.092809671432452134e+01
-1.236215578613424704e+01,-1.619533249041191780e+01,-1.749356721218367383e+01,-1.976677876128290023e+01,-1.585970240159142364e+01,-1.458521764887902883e+01,-1.592214928018419329e+01,-1.587135057252152492e+01,-1.694282284446228815e+01,-1.693415818133748729e+01,-1.871564331000908865e+01,-1.366765354943454724e+01,-6.808857648808481322e+00,-3.217033470432445696e+00,-5.905385988771467698e-01,-4.565044332838781860e-01,-4.477951834962135891e+00,-5.692952199509941913e+00,-4.430088833184506747e+00,-5.004791435008322686e+00,-6.969993185055883167e+00,-1.397165167062802382e+01,-1.543905185174224926e+01,-1.541560736052075775e+01,-1.537270121108320353e+01,-1.696505298605539025e+01,-1.512007667337145200e+01,-1.484943091331567899e+01,-1.580074950268394041e+01,-1.818296413224442531e+01,-1.862907329000028511e+01,-1.817888474554047562e+01,-1.404194339594446639e+01,-1.034922906823624267e+01,-6.671243983229860675e+00,-1.192035025088081568e+00,8.906000480300894084e-01,3.393524398964206656e-01,-2.245260152731202830e+00,-4.642197822913863625e+00,-5.484148836925737847e+00,-9.231171501494062070e+00,-4.885084247405647950e+00,-3.589670679945134779e+00,-5.664131302628543807e+00,-7.899573189358724434e+00,-9.504964992067867158e+00,-1.293733690914354817e+01,-1.458659542144689425e+01,-8.677084207982945330e+00,-5.799046297102494307e+00,-4.412856876468495670e+00,7.199363222939166029e-02,1.205428252516566490e+00,-1.793253172497103962e-02,-2.613371921283073718e+00,-7.873207499210099769e+00,-1.264779709873342917e+01,-8.720258125237055680e+00,-6.782145188156781579e+00,-6.523950297642793217e+00,-6.613698847839588169e+00,-8.929581071313162255e+00,-8.835749083555731076e+00,-8.699190328771001290e+00,-8.986385781801116579e+00,-7.534990375441379840e+00,-8.939926782945045503e+00,-1.402183297298904563e+01,-1.539413549995778041e+01,-1.607337708232041962e+01,-1.190313755278650731e+01,-3.438168306478747382e+00,9.659138952488696139e-01,1.626457524848261560e+00,-3.303693117550005054e-01,-1.698654576773773739e+00,-2.234416280893251727e+00,-4.997193771365441961e+00,-1.056044887241564290e+01,-1.082911168543019720e+01,-6.530171331830490367e+00,-5.960963942802028015e+00,-6.808649607860532527e+00,-6.663274073166268963e+00,-9.311340443397822852e+00,-9.633396735316829051e+00,-9.012641386878222249e+00,-1.170438225376874897e+01
-1.035034919771036677e+01,-1.225858777627012763e+01,-1.150874953072770168e+01,-1.035656957429154446e+01,-1.099872088028972250e+01,-1.313274956152851480e+01,-1.631477934704687272e+01,-1.660690678331188863e+01,-1.674664215216959207e+01,-1.749004670014058860e+01,-1.826179106163799304e+01,-1.184357180989774605e+01,-9.974419060506319212e+00,-9.974621829009594265e+00,-3.408120425586952607e+00,4.096607014346232978e-01,7.347735755626528809e-01,-2.417576538962557198e+00,-7.655585130466554311e+00,-6.292528453177975933e+00,-5.248814999679089155e+00,-8.932383822473255464e+00,-8.734158095259472177e+00,-1.088949350127600191e+01,-1.673401205342515041e+01,-1.978573433080114086e+01,-1.988633939198085088e+01,-1.679552539578057946e+01,-1.528863839233728328e+01,-1.719388484977241660e+01,-1.794338461779113914e+01,-1.788677922765115014e+01,-1.244968291019138462e+01,-6.559790304392800309e+00,-1.698172889175453726e+00,-4.193807551083662544e-01,-1.915443044607054945e+00,-3.231790511027289980e+00,-3.561387274297666550e-01,-1.253875881217286992e+00,-7.399219908856583316e+00,-1.275644702212254877e+01,-6.986205815484649584e+00,-1.432669484599876863e+00,4.457114168805598742e-01,-9.056947954899291497e-01,-6.120114466035388112e+00,-1.525332445354390032e+01,-1.369927312086399418e+01,-6.074958788589889913e+00,-2.322777275889945425e+00,-1.957177697689205909e+00,-3.971250289936437916e+00,-4.995459951698443923e+00,-8.886054360779541028e+00,-9.549921644709765900e+00,-1.062422203143736432e+01,-1.517860315527234683e+01,-1.611511744950946934e+01,-1.787950964036740586e+01,-1.805869586664931248e+01,-1.660817998647689819e+01,-1.262739350204180866e+01,-8.942276533384967863e+00,-8.934377234905285903e+00,-9.790073769433158546e+00,-1.004585451339336544e+01,-1.032280949159364347e+01,-6.122798739568350967e+00,-4.348065485764658789e+00,-4.152622961257019796e+00,-2.421822465203450570e+00,1.265042420774278087e+00,2.202414227078871800e+00,-2.005924913039627000e-01,-5.996166978758281196e+00,-5.379304976476298350e+00,-4.781255031393182975e+00,-7.630360503337885625e+00,-9.155093132175112558e+00,-7.069741083830734851e+00,-4.242197428414636207e+00,-5.233954525377629174e+00,-7.730523475018658885e+00,-8.667440035737547177e+00,-1.108070927455012900e+01,-1.138576878909777790e+01,-1.001497777781092147e+01,-1.299217527029209585e+01
-6.246122737128035673e+00,-6.142286729319651251e+00,-8.401647656931913843e+00,-1.184870008956220744e+01,-1.269177492041336919e+01,-1.382472069371015522e+01,-1.429777207903395997e+01,-1.617966524998944422e+01,-1.207781360606501941e+01,-9.370292415632341942e+00,-8.458241810686045525e+00,-9.654515873077080812e+00,-1.046545900438064969e+01,-6.272071685782052874e+00,-4.400770388281014966e+00,-2.481877848601163006e+00,5.423831101349393391e-01,-9.999156287736505125e-03,-4.735589213838233391e+00,-3.307190644370979982e+00,-7.774589637546498733e-02,1.396491346544677103e-01,-2.684494879100247644e+00,-8.527113152625865666e+00,-1.678993536027750721e+01,-1.764619564113760219e+01,-1.734624551068571208e+01,-1.025759117943900023e+01,-7.003488040874060516e+00,-6.450540859311734820e+00,-6.900518695249649781e+00,-1.042073550607476840e+01,-1.463705063986598987e+01,-1.033173627490387858e+01,-6.444074933522177417e+00,-5.771243266357788393e+00,-5.874312620321148870e+00,-1.690014345380582705e+00,1.096612673923303305e+00,1.394354514094923836e+00,-4.823323146622151558e-01,-4.092204891103214948e+00,-6.239188764594439718e+00,-1.581134397905894051e+00,-3.222428195721634414e-01,-1.394575374735859796e+00,-5.246141837888810500e+00,-8.136039859594259127e+00,-4.900390147707684108e+00,-1.010029855626722872e+00,-2.230775348975189976e-01,-2.620187048096545901e+00,-6.525828178446824168e+00,-5.826485687068530872e+00,-8.257730624281373721e+00,-1.450597554490082253e+01,-1.631632142766077820e+01,-1.623852363833807289e+01,-1.543760562884180132e+01,-1.580378465298423230e+01,-1.649605256498308137e+01,-1.529630454388776251e+01,-1.315195020249015379e+01,-9.625143334381561999e+00,-5.157614506052849102e+00,-3.191137179140398850e+00,-2.489204389139326068e+00,-2.737373797196712921e+00,-1.400929698411592428e+00,-3.030606252435398940e+00,-6.145148629317396249e+00,-5.143434286546452405e+00,-4.307828973832582342e+00,-1.514962314992190695e+00,-2.137935212907850602e+00,-5.565124211902904960e+00,-1.091966595775202720e+01,-8.391350769444851920e+00,-5.670793628446141987e+00,-4.154890661133117113e+00,-1.291976705208399689e+00,-1.711436476703309451e+00,-4.406420641822396789e+00,-4.238311802862471112e+00,-5.851663521357944653e+00,-1.049865337959805878e+01,-1.038929125464948555e+01,-9.160158169896979174e+00,-1.148973123471539637e+01
-6.610725110410747618e+00,-8.613261207153922072e+00,-1.388929297691000997e+01,-1.601500321330880894e+01,-1.756489620979567334e+01,-1.900933956562128202e+01,-1.759301268247733319e+01,-1.547068615336167241e+01,-9.951144362750806494e+00,-4.948925720121627236e+00,-2.694865275512246416e+00,-2.527709428178097628e+00,-2.922528861442412751e+00,-4.164053853853304510e+00,-6.223281705513932671e+00,-4.064356847897284020e+00,-1.579444612693251537e+00,-1.898788558424247430e+00,-1.190430072503850578e+00,-3.730294909494529798e-01,-1.139807430597847615e+00,-3.423238514234570928e+00,-5.383879339832749800e+00,-9.155064914011417088e+00,-1.584331801421660302e+01,-1.243667117007692902e+01,-7.594316211676127359e+00,-3.405611023469652832e+00,-1.882404084231606545e+00,-1.708449418243384921e+00,-1.449545240247369637e+00,-4.419779942557171992e+00,-9.082914138489396549e+00,-7.559265181758349605e+00,-7.951735556573796160e+00,-1.157150614799413546e+01,-1.200418244223845576e+01,-4.088797784400351354e+00,-1.462943056116889018e+00,-3.362857100140886235e+00,-2.822230310848024892e+00,-5.643597631089396494e-01,-1.684028061661743347e+00,-3.849504939269946746e+00,-8.415231054183095694e+00,-8.641921756960647016e+00,-8.332905623025464337e+00,-6.393114157637259432e+00,-2.816321099457099741e+00,-2.831799144861664619e+00,-4.185344481474852607e+00,-2.056307561626098401e+00,-1.111948762543296443e+00,-3.620301481112277564e+00,-9.222167006784811605e+00,-1.660511974463785378e+01,-1.766877735557412876e+01,-1.122749434960515913e+01,-6.868654510034318150e+00,-4.872285095164094137e+00,-4.621447002889826905e+00,-5.309130817621988463e+00,-8.848070504297886885e+00,-1.127512278951200386e+01,-1.032309867788974422e+01,-1.090669401348533540e+01,-7.370840788645585562e+00,-2.001661917364532695e+00,-4.614571452757240122e-01,-2.744058054458713869e+00,-8.305407119256662085e+00,-1.264529685059884478e+01,-1.420330844606671938e+01,-1.132485022835601463e+01,-1.044808562266766394e+01,-1.138018535402484410e+01,-1.266768426554543581e+01,-8.991835271729563317e+00,-5.724096107527725685e+00,-4.413726967291142778e+00,-1.373260958180622771e+00,-1.393510458238608418e+00,-4.718103482676809790e+00,-4.320152528499974665e+00,-4.829069685863148997e+00,-9.244514621398586485e+00,-6.817419554036867169e+00,-6.039796045176069050e+00,-8.850633965847187312e+00
-7.260164692885894056e+00,-7.697679607491743958e+00,-1.101118361501765364e+01,-1.170870475034068470e+01,-1.202941606008916864e+01,-1.340418109140898117e+01,-1.508256895560070987e+01,-1.672442151818956546e+01,-1.321561059736667687e+01,-1.168937659420465103e+01,-7.331086627610336137e+00,-3.532765506363604757e+00,-3.607042210421671946e+00,-7.241781225526018773e+00,-5.434466260695423934e+00,-5.832336645517358420e+00,-9.038850232573659937e+00,-8.964627203118856968e+00,-4.884716464000004699e+00,-4.672859628579782765e+00,-9.127021000629529368e+00,-1.419972148179111571e+01,-1.251548310979864631e+01,-9.555005138305793011e+00,-1.137979422677728536e+01,-7.073307126112758247e+00,-1.025068044583698379e+00,2.853804620725095553e-01,-1.689732482556833171e+00,-2.275896950127711094e+00,-2.480655229590041921e-01,-1.271641450098895065e+00,-4.024056608098492305e+00,-4.978075847589879643e+00,-8.053755675939688885e+00,-1.091965353040766828e+01,-6.614015188460287575e+00,-2.406130163657043131e+00,-1.791367115434504331e+00,-4.013982125249414779e+00,-2.649911702671932989e+00,-1.972778134848230946e+00,-4.866374239269504187e+00,-6.382350230190370510e+00,-6.526252811959300182e+00,-6.880100132603394592e+00,-8.951258866410507054e+00,-7.429555337567975037e+00,-5.434155038144803385e+00,-7.051541759555501443e+00,-8.096956118442383499e+00,-2.745162253389073825e+00,-1.802068922949448815e-01,-1.312388350196266762e+00,-7.607657216100680131e+00,-1.394155727382889332e+01,-1.333222438249372921e+01,-6.767426535679741839e+00,-2.570192518083840749e+00,-1.952297769373990022e+00,-4.673936177996123931e+00,-3.637720555693779279e+00,-5.040056127326605129e+00,-1.002847211298189656e+01,-1.845596216585403226e+01,-1.773854554864697164e+01,-1.090366144198224063e+01,-6.032149032766657371e+00,-3.595565867293415874e+00,-3.942469024427648350e+00,-6.092752042569611781e+00,-1.299371916190125908e+01,-1.821016922212184852e+01,-1.703116760218053827e+01,-1.376106614277775186e+01,-1.510624785710098195e+01,-1.481581140438416888e+01,-1.306108035360063901e+01,-9.902720347382969024e+00,-9.066798413830591485e+00,-4.077392571381664332e+00,-9.068175088719261367e-01,-1.741405314154881534e+00,-5.463034175844036611e+00,-2.749387313592110971e+00,-1.902100951712809573e+00,-2.174618124132940977e+00,-4.069675816825234271e+00,-9.801089115160747767e+00
-5.622973902108974187e+00,-6.172901159866635901e+00,-8.607776814665561105e+00,-7.537327079508537864e+00,-8.797023002814530201e+00,-1.410600854669298521e+01,-1.581602797203494148e+01,-1.663864638930872886e+01,-1.974604729781473367e+01,-1.969706679824599505e+01,-1.325879053513806483e+01,-8.242328479325861323e+00,-4.542768592841195385e+00,-3.079501103903573789e+00,-3.036224467788395831e+00,-5.340357199348456874e+00,-6.954810662510195307e+00,-4.739113454755983668e+00,-5.833011372421021079e+00,-9.026259001260413584e+00,-6.775761101478920523e+00,-6.179123334747676388e+00,-4.679191808275794173e+00,-4.101364673213346634e+00,-5.993352211140011931e+00,-1.612234293877084168e+00,1.196598576395807356e+00,8.536593838370776233e-01,-2.024066791000715515e+00,-2.266141580172667425e+00,-3.563064086791023044e+00,-5.927048286180627734e+00,-6.717629211626095831e+00,-4.659313776316751365e+00,-6.252155914370502998e+00,-9.420662127995401036e+00,-4.821491046202949882e+00,-6.715571641673848680e-01,-4.776248883461899908e-01,-3.320205289373328483e+00,-6.635211864530101700e-01,1.412066316928826559e+00,9.875246127922949757e-01,1.516851663459932720e-01,-1.302027959794968437e+00,-5.623421409916608660e+00,-8.129063553379889839e+00,-3.709708232443107434e+00,-1.410719123075294235e+00,-1.902887602446992954e+00,-2.316511482333841521e+00,8.934520854311820415e-01,2.104408567420838594e+00,4.381134185320312846e-01,-4.222677052049036206e+00,-8.912873011334498941e+00,-4.845734024392370998e+00,-1.525591405532655376e+00,-3.364676431117271105e-01,-1.436659229786049430e+00,-4.704527557503670465e+00,-3.884330737705629755e+00,-5.201422527992635381e+00,-1.087966407779464184e+01,-2.003718251213991408e+01,-1.626120599857846472e+01,-1.400480679461830569e+01,-1.361247515857667878e+01,-1.398821581933731473e+01,-1.358682077473267569e+01,-1.421781479864192121e+01,-1.259359674525440198e+01,-1.299695338432053937e+01,-1.399947016221240048e+01,-1.322843847636665693e+01,-8.282546060257836018e+00,-7.544472958395411766e+00,-8.075428743997266068e+00,-8.838095212397270473e+00,-6.707814007549357527e+00,-3.853925837574988744e+00,-2.647940775355768661e+00,-2.312592761184936396e+00,-3.541747621966870874e+00,-3.192769091404340731e+00,-3.380533175436601478e+00,-4.354299801268747494e+00,-6.436672345644101512e+00,-1.131861315678833080e+01
-8.882366171232739305e+00,-6.086274098296811097e+00,-4.544715981846465525e+00,-5.590447293860571598e+00,-1.001025154178303822e+01,-1.614752864837646484e+01,-1.821459083180678462e+01,-2.049062459182022167e+01,-2.147796405168404377e+01,-1.758465376653169443e+01,-1.759851669637780347e+01,-1.344300311579740104e+01,-1.182617470678082050e+01,-8.714137249570200083e+00,-4.096843747604162367e+00,-3.378498718538146317e+00,-4.045760025750387179e+00,-5.133598228034220057e+00,-9.305482301945076529e+00,-1.304367904555528668e+01,-5.720659645540373539e+00,-9.146592360098145802e-01,2.501741206792928995e-01,-1.518525360169631355e+00,-4.427575034913922458e+00,-8.063256627375041674e-01,2.226765365350756865e-01,-2.137088559342100069e+00,-7.252628174155278273e+00,-7.643657553240768898e+00,-9.439045788426147610e+00,-6.493773726144230984e+00,-3.032206978730304314e+00,-1.387986045987240180e+00,-9.842672896399897731e-01,-2.430495257976051704e+00,-9.056036033496064341e-01,6.174868091532113024e-01,-1.582337030151830914e+00,-5.830185333242345891e+00,-5.526483389906081456e+00,-2.123598538656243928e+00,-7.682264010015791289e-01,-2.738600123166001765e+00,-5.870228473492723253e+00,-3.797553263798958412e+00,-2.136724980369462124e+00,-3.567259613200461921e-01,-2.060413375619529752e+00,-6.995157114482183580e+00,-8.591221021959222881e+00,-5.288299352175703127e+00,-2.612029980150352593e+00,-3.175583034877217159e+00,-7.036987015774431420e+00,-9.708993978966447003e+00,-6.221034816221187036e+00,-5.504366111584511501e+00,-8.175442923560627406e+00,-6.855279369479311491e+00,-4.493154046463576634e+00,-4.406288396987251943e+00,-7.005068412400726530e+00,-1.146068377109398462e+01,-1.893303588637731849e+01,-1.497578854937302495e+01,-1.237796414705147363e+01,-1.211314800600136188e+01,-1.344350269570582590e+01,-1.223868742528287434e+01,-1.279421268907704778e+01,-1.117425930522438193e+01,-7.008364411897229473e+00,-4.796067234723482287e+00,-5.421778698272380126e+00,-2.671268324400525973e+00,-2.975874994356269010e-01,-4.086882165892231911e-02,-2.497782810353078808e+00,-4.769568975138783529e+00,-6.488420238956472907e+00,-1.122351322967307041e+01,-1.034006862521619752e+01,-9.293939763421009914e+00,-9.286788783269003034e+00,-1.366384724788087723e+01,-1.525712554436877255e+01,-1.502456271020989753e+01,-1.615577704745127718e+01
-1.828497700942190107e+01,-1.347536303091766285e+01,-9.692634331328529029e+00,-8.879314298020268836e+00,-1.189987664115160015e+01,-1.763902640432343460e+01,-1.526883062921968559e+01,-1.429361682838963432e+01,-1.211927431547328027e+01,-1.137415726785372883e+01,-1.307512835620489255e+01,-1.402788510044714521e+01,-1.543233841568007492e+01,-9.339099368906783383e+00,-7.881676197276079598e+00,-1.085900419149407803e+01,-1.329574044942295608e+01,-1.274155587540533396e+01,-1.302429929891026994e+01,-1.443240337533162077e+01,-8.458169435424016669e+00,-4.093702455751485836e+00,-2.496672976397383170e+00,-4.830545744743142578e+00,-7.702248155158643250e+00,-5.700411249827918247e+00,-3.918832283968165520e+00,-4.724119669722442794e+00,-6.611507956470761727e+00,-1.127429932042172034e+01,-1.259527549707799920e+01,-9.060690817528200824e+00,-8.297477706398506569e+00,-1.098007278418854682e+01,-6.561402872631928673e+00,-3.537999451092157077e+00,-2.749711660867823149e+00,-1.409537215023896728e+00,-3.898994697713034085e+00,-1.056337889317507184e+01,-1.424180029374652356e+01,-9.928460903689824590e+00,-5.749243387749376488e+00,-5.070930328186867619e+00,-7.533500950363345439e+00,-5.128766086447941852e+00,-1.054453872281644777e+00,-6.985424498665164794e-01,-4.547325423281443513e+00,-1.248795191910033786e+01,-1.655808317033867993e+01,-1.282645193123279626e+01,-7.467780808308966733e+00,-7.482770902321751016e+00,-1.085491023352719786e+01,-1.096268039499234348e+01,-8.587791003230819342e+00,-9.442709754284162926e+00,-1.532135902490830937e+01,-1.654832584248449479e+01,-1.456203709329877505e+01,-1.366461520927741091e+01,-1.309369508485148792e+01,-1.027866587202463755e+01,-1.088362160540725121e+01,-9.454158624621017637e+00,-5.430053406303986918e+00,-3.570298280607632435e+00,-2.462948332820760644e+00,-2.123605578794245829e+00,-3.177165515794369899e+00,-7.537137909148140302e+00,-5.956738686203060240e+00,-2.451089788300048422e+00,-2.145309445057834719e+00,-3.424213471556567079e+00,-5.501266075816369394e+00,-1.657908162424214904e+00,9.314231479939167890e-01,7.331134698675819683e-01,-2.015362660862291655e+00,-6.745138503640847993e+00,-9.929373869462345681e+00,-1.031480146171455026e+01,-1.273769066297918329e+01,-1.538473651642189921e+01,-1.414033859744107779e+01,-1.492301224497027867e+01,-1.661001767968772924e+01
-2.046061474936349001e+01,-1.996688531664080912e+01,-1.603087916141165792e+01,-1.295506606155768381e+01,-1.295025068745577279e+01,-1.427315960970140019e+01,-8.452599347085881121e+00,-3.893272542056830599e+00,-1.646493391322034983e+00,-1.904966016930897288e+00,-5.469028103478686731e+00,-9.767710929302344525e+00,-6.720739949298532245e+00,-4.217569642679247721e+00,-4.861155472503260633e+00,-9.686612239625668863e+00,-1.611098315986923879e+01,-1.785332040813632304e+01,-1.748357967707447713e+01,-1.607050097011085654e+01,-1.466433092212318456e+01,-8.127844625509771603e+00,-5.777273892186918225e+00,-6.929938104521847109e+00,-1.224878945128810059e+01,-1.233052322022000702e+01,-1.369554844028071372e+01,-1.524294173157304755e+01,-1.555278261666907369e+01,-1.585020782176713361e+01,-1.586026411576378692e+01,-1.486485678898660723e+01,-1.437911294904866644e+01,-1.598785035592272763e+01,-1.372110858985355897e+01,-1.380811138843235142e+01,-1.303940080583823757e+01,-4.531824417076165012e+00,-1.446499328691813524e+00,-1.837199017215569219e+00,-5.032726909040081686e+00,-5.111655089508784222e+00,-1.418098606857485677e+00,-3.157053927582849639e-01,-2.189698549654488957e+00,-4.534490327644896901e+00,-4.204295973643604967e+00,-4.321692438203800890e+00,-7.228805396453778620e+00,-1.144669601612521248e+01,-1.668354128715687068e+01,-1.688357252823679033e+01,-9.783934377638020763e+00,-4.228292318032984554e+00,-2.934486045984199265e+00,-3.312890321345425715e+00,-5.636170707811090530e+00,-1.211131896963693144e+01,-1.963430966111950582e+01,-2.115193468645999175e+01,-2.073652186967376565e+01,-1.932733435827986668e+01,-1.260059379052398754e+01,-6.248123173608927772e+00,-1.996696624447087398e+00,-1.342873764160453343e+00,-3.766710820506305790e+00,-8.790134401246204376e+00,-8.687215565542754092e+00,-5.773525622694339887e+00,-2.112619025443673415e+00,-2.203820463747864444e+00,-3.864466242604237767e+00,-6.421671572372429360e+00,-1.094063486599125312e+01,-1.127557326231459989e+01,-9.448657737638717080e+00,-6.483601669283737934e+00,-4.143351650586757806e+00,-5.832225672967199515e+00,-5.016712583340196652e+00,-1.854083312732579758e+00,-2.489307965211486451e+00,-5.131172261123818856e+00,-1.137570583573857697e+01,-1.506982488381235186e+01,-1.236269409853712986e+01,-1.038662692568355972e+01,-1.284116160421443098e+01
-2.189529246584813293e+01,-2.012611915384020023e+01,-1.616314007285842180e+01,-1.356796558548633236e+01,-1.395677144097206224e+01,-1.338898245956664645e+01,-9.735756410691971396e+00,-4.831207885510634625e+00,-8.345666023464068384e-02,7.188721191990574688e-01,-1.895250808592899627e+00,-7.920702361830866955e+00,-4.915380196661611301e+00,-1.149744225758162042e+00,-3.504032218273855359e-01,-2.768672665064678462e+00,-6.211092922296479912e+00,-6.501295863332129166e+00,-6.210279816852152024e+00,-5.431443643367138918e+00,-5.091661985524509326e+00,-2.723788657623055887e+00,-1.999795119130863164e+00,-3.248838627391452683e+00,-6.940773771839440442e+00,-8.112391523677239036e+00,-1.161032031308439372e+01,-1.615917118241016226e+01,-2.111515252034466883e+01,-1.920300832726901774e+01,-1.425555507581036707e+01,-1.052089386685450201e+01,-1.082019557865490533e+01,-1.068723600990790246e+01,-1.197702169709635811e+01,-1.370117079225697942e+01,-1.116764273544899488e+01,-4.132709289431796051e+00,-7.758492896529404215e-01,-7.749159943843715315e-01,-4.027478907539165931e+00,-4.597148335902931038e+00,1.001073439762544953e-01,1.140063827224093274e+00,-9.985358600252609573e-01,-7.025539224890334111e+00,-1.053048216176212293e+01,-7.487572144520910022e+00,-8.518664835651117428e+00,-9.758520467271608823e+00,-8.675890098388929772e+00,-1.091111762989732625e+01,-1.176157148126372753e+01,-4.179847734647670343e+00,-3.097074234867345788e-01,-5.476067560467574868e-02,-3.800241852580058310e+00,-1.223979458817862032e+01,-1.968978523491020383e+01,-2.080792988780745745e+01,-1.872597365271776226e+01,-1.856852569884823723e+01,-1.168892266069139829e+01,-3.456259542606995083e+00,-6.279253168799104889e-01,-7.023882935015323126e-01,-1.891622131296058829e+00,-3.992061735552304924e+00,-5.343146653623579212e+00,-4.973391462714390698e+00,-6.207543473998854644e+00,-6.789084228326363046e+00,-4.780601146749984487e+00,-7.902563649838916682e+00,-9.059914551603107213e+00,-6.825176713025351560e+00,-7.889377902773089701e+00,-8.833291453078278010e+00,-5.654151729931284898e+00,-5.234640050728462057e+00,-6.672147460898062654e+00,-7.363130805467752893e+00,-3.497972774735584878e+00,-3.776410598154670062e+00,-8.814160346200591079e+00,-9.264691367904704933e+00,-7.884130877771771573e+00,-9.222303411118069505e+00,-1.544970903405569551e+01
-1.590348254469104283e+01,-1.637564082880665595e+01,-1.770278258072702471e+01,-1.527774772787452662e+01,-1.400456986212192589e+01,-1.232971944531103681e+01,-1.186966566573408244e+01,-5.062895336573509653e+00,-1.248464254426937953e-01,8.318924279072207328e-01,-1.815308645115535136e+00,-8.332896809716869413e+00,-9.017518768185063038e+00,-5.684783469249242494e+00,-3.197286471692999399e+00,-2.379957681145830506e+00,-1.965820992686715840e+00,-2.628131947782559319e+00,-3.464819433885325317e+00,-1.974552745760166372e+00,-2.178043688480703732e+00,-5.265387480762958816e+00,-9.718732437792871437e+00,-3.759216530006939117e+00,-2.076169745292850699e+00,-3.895895589955319149e+00,-9.257825015630936960e+00,-1.485271652121292973e+01,-1.860304042271205205e+01,-1.589176027308729289e+01,-1.098433725905597669e+01,-6.350178440486578424e+00,-4.081624662027435235e+00,-4.383716237276120253e+00,-6.966690414017977062e+00,-1.215082556950418535e+01,-1.205745436464037290e+01,-8.296774738377198588e+00,-7.971835109631047800e+00,-5.628865223624778480e+00,-5.351366907414188745e+00,-7.135303913874733617e+00,-5.063707608229802482e+00,-3.554978311924907874e+00,-5.223580643142524238e+00,-1.018436615583591909e+01,-1.366976724979572744e+01,-7.184303541156582540e+00,-3.197914824654747523e+00,-2.012349941435574774e+00,-3.326386920037273320e+00,-7.187069248212011097e+00,-1.431846733917867276e+01,-6.188434380085620745e+00,-4.295213863534265153e-01,1.033016840045872575e+00,-9.492225710916835091e-01,-7.533234358450076051e+00,-1.736118915296138709e+01,-2.018823346697298149e+01,-1.435289442180690855e+01,-1.102651787879771739e+01,-6.315712671091471719e+00,-1.878450440633271823e+00,-1.669740325004506643e+00,-4.729164655859532829e+00,-4.898839415918687656e+00,-3.541760083388614255e+00,-2.360688528635200178e+00,-1.055872356118433109e+00,-3.150486101356993363e+00,-7.422497991332433820e+00,-5.367799754499604781e+00,-1.141367829464073225e+00,4.326682070627304588e-01,-2.089679005198684936e-01,-3.555074891936790049e+00,-7.115742553298578521e+00,-3.045030990949852967e+00,-2.301752009856185666e+00,-4.556730107033162724e+00,-8.754578571122392461e+00,-4.807782971251167936e+00,-1.992087115164271893e-01,7.393496000674935065e-01,-6.364157855943111120e-01,-4.166615403173281607e+00,-1.100521729315133967e+01,-1.478584636512555583e+01
-1.038552280028063635e+01,-1.398080278697766765e+01,-1.632794191873163214e+01,-1.482182909940418369e+01,-1.617527333955119317e+01,-1.682045183683696621e+01,-9.847834603230756656e+00,-3.040939227565842895e+00,-6.234129255758318333e-01,-8.792860311726493627e-01,-4.299327575440581306e+00,-9.364024824889979115e+00,-1.497428984211799730e+01,-1.530692979312480873e+01,-1.382512058258840959e+01,-1.331571734833874210e+01,-1.053957856938775173e+01,-8.723838038462444544e+00,-5.943644963971626005e+00,-4.020133978296841271e+00,-4.760602134307916344e+00,-9.964259849343084952e+00,-1.221272296430472970e+01,-8.659681972480358425e+00,-4.467714663819038812e+00,-2.993022223188773090e+00,-6.960265632066700903e+00,-8.965080646882043425e+00,-9.203612714333642586e+00,-1.313508322454036659e+01,-1.323297214776949815e+01,-9.803511100604122674e+00,-1.057401740786276356e+01,-9.320976501540805259e+00,-7.800855037861300190e+00,-1.053548605908128621e+01,-1.362781297712397688e+01,-1.203226024405400629e+01,-1.155431924457836956e+01,-7.082567300227351481e+00,-5.630883720934503067e+00,-6.526539370270543650e+00,-6.728689490358828351e+00,-8.740540275896401923e+00,-9.646641919039245394e+00,-8.421824900167328209e+00,-1.108397562768226230e+01,-6.615761291823889501e+00,-4.070214078614585951e+00,-5.849163714266746084e+00,-8.027388637493315215e+00,-1.021711450994462922e+01,-1.183821563545922650e+01,-5.763119270422852658e+00,-1.347549267823517249e+00,1.649643625474107866e-01,-1.371086268727335078e+00,-5.917241388021555082e+00,-1.622612220631506119e+01,-2.102696197015002255e+01,-1.474814046818510960e+01,-6.013296541638839976e+00,-2.152642575984109907e+00,-2.051344668164436058e+00,-5.314259698742272775e+00,-2.580675835244810923e+00,-2.881014429591793324e-01,-1.362357248954783051e+00,-1.554269320726275661e+00,8.451114174289737768e-01,-2.474168433166261394e-01,-5.131353405833811721e+00,-7.415155968719854940e+00,-1.988817792567770137e+00,-2.448811904961397390e-01,8.764850565309363628e-02,8.937788019337537804e-02,-2.061006425028294231e+00,-5.088547457666031448e+00,-6.440319422523261395e+00,-5.131437627332551266e+00,-6.565264282285943054e+00,-5.724995360898792462e+00,-2.814179262480719590e+00,9.322905126369130935e-01,1.744919717406391957e+00,-1.253661666683856257e+00,-8.189821330508342712e+00,-1.248383932006090191e+01
-1.271192558815604734e+01,-1.302674431370613206e+01,-1.235938547607651294e+01,-1.160026531246371739e+01,-1.362429256412319667e+01,-1.594447627282680457e+01,-1.136343016705118636e+01,-1.009611782248839162e+01,-8.333634823065292352e+00,-8.395891852298737135e+00,-1.057658745247618626e+01,-1.033109104050729421e+01,-8.049072381024970468e+00,-7.221713706844003156e+00,-6.979809558310518192e+00,-6.696051314889577277e+00,-8.637340721429177748e+00,-5.905428666173291319e+00,-2.064966392418005725e+00,-9.487934684611969427e-01,-2.030321195243272925e+00,-3.866189493367070185e+00,-7.991612976178863015e+00,-1.131909627965966614e+01,-4.120956300810589390e+00,1.422192737673710350e-01,1.038979800366376383e+00,-1.506522645611014788e+00,-7.090657101762025682e+00,-1.378093526686044612e+01,-1.589375049189517419e+01,-1.845850368101794103e+01,-1.486348060647347857e+01,-9.530286096540608654e+00,-4.977805534454720515e+00,-3.955585580416461688e+00,-5.576257967205431321e+00,-7.948797585540695820e+00,-1.022500125828542217e+01,-4.656473985433760454e+00,-2.049032844037615764e+00,-1.817552644946293761e+00,-4.050982936604921925e+00,-8.546874976247773148e+00,-9.172938797931026400e+00,-3.635345069299403153e+00,-1.441131127083978614e+00,-2.164157780647081974e+00,-6.639459149954014094e+00,-1.458437504669777418e+01,-1.520770903458272549e+01,-1.605762696176543258e+01,-1.305972288515334689e+01,-1.152062920027209358e+01,-9.758385767489741625e+00,-7.576457564415290946e+00,-7.893958820972795110e+00,-1.025747455645324635e+01,-1.727386413122478359e+01,-2.160851134572710208e+01,-1.657574165942973821e+01,-6.299120805205259188e+00,-2.443118376776845846e+00,-2.539601222787024604e+00,-5.930247002946479107e+00,-3.442124773847565766e+00,6.143645907529451389e-01,1.330379679175863972e+00,-8.890634263739606302e-01,-9.107234023346852947e-01,-2.462598241245208985e+00,-6.895002005915892518e+00,-1.134219612259613896e+01,-9.934139716109834595e+00,-7.610570299507405601e+00,-7.827610419292871491e+00,-2.250266398514596311e+00,-4.879716395481867863e-01,-2.940660384789116399e+00,-7.836567399463147510e+00,-3.619980580137545534e+00,-1.208114560996794928e+00,-2.499921359853552794e+00,-5.449612166529479218e+00,-2.167968392723784277e+00,-2.944647495676868121e-01,-1.583185861429857733e+00,-6.015024557611660327e+00,-1.307540514863523384e+01
-1.653402942553498534e+01,-9.182263360435801047e+00,-6.433241260230989411e+00,-6.478065946048364054e+00,-9.472287152494702767e+00,-1.466109258160555306e+01,-1.633556127637848832e+01,-1.591137369996623008e+01,-1.393971455814246774e+01,-1.382029011106132543e+01,-1.162133108942132331e+01,-6.925264737435749218e+00,-5.226780464886722655e+00,-6.462675459140253764e+00,-3.012423927018670788e+00,-1.940039757425157996e+00,-3.161053205484916528e+00,-1.512891577967465429e+00,-7.602081991538678363e-01,-3.807871900436720303e+00,-2.789344439170537093e+00,1.077497337990321324e-01,-7.190208491007972214e-01,-3.407783296344805368e+00,-1.020851991606764181e-01,9.448595362351297489e-01,8.054574628844611839e-01,-1.696467928482040977e+00,-9.819141633864632013e+00,-1.638337271823022689e+01,-1.858947445216931627e+01,-2.037596264279874703e+01,-1.426407293628033024e+01,-6.558568953347385211e+00,-2.600956180594647726e+00,-1.212203440169324242e+00,-1.966572940843249739e+00,-4.916570991809878777e+00,-7.301396535751514705e+00,-8.121869890089321586e+00,-7.621328577385249048e+00,-4.233994479403179412e+00,-5.396552009544776318e+00,-1.109769793823746475e+01,-7.826886456587555330e+00,-1.136340016228802430e+00,1.135424847988135255e+00,7.918272466360262163e-01,-2.252855006112153280e+00,-6.761861394018790605e+00,-8.463092226386280004e+00,-1.178689407988598425e+01,-1.175123923479166166e+01,-1.372159523802592318e+01,-1.542192951180881089e+01,-1.712594481249501044e+01,-1.864820891394651170e+01,-1.746024787694888047e+01,-1.830766310279530629e+01,-2.056315537502891289e+01,-1.559121012553236518e+01,-7.005797582685499236e+00,-3.583978701563188096e+00,-2.439755531945230871e+00,-3.843388320289944371e+00,-2.964828824247163652e+00,-1.902860182875774298e+00,-4.380172601790706999e+00,-9.589326931464773551e+00,-9.921905792409315694e+00,-1.027958450774501209e+01,-9.300577891052217439e+00,-1.077371748520019423e+01,-1.411071160323637841e+01,-1.100042715108484259e+01,-6.882467610159314297e+00,-2.320425848574622751e+00,4.606127193192356417e-01,1.444293616659925394e+00,-2.956936730884183739e-01,1.152455227652606551e+00,1.768105767372316395e+00,-9.981133309382239638e-01,-7.334273175830091418e+00,-6.017795700411823212e+00,-4.990581768676918273e+00,-6.740826410010344993e+00,-1.137916429755382985e+01,-1.493606338554755197e+01
-1.764703366182800437e+01,-1.071503148804929850e+01,-7.043352805806281758e+00,-6.618133820537337897e+00,-9.663409592961906824e+00,-1.441689919708366752e+01,-1.036484115509162329e+01,-6.775216585599389774e+00,-5.864922706836035893e+00,-7.252807668725350432e+00,-9.403140527861458153e+00,-7.725693134885085023e+00,-6.722682331513641252e+00,-8.340480067003937847e+00,-5.949838894538413747e+00,-5.173508724528609548e+00,-3.530227460097556502e+00,-5.394503075472355746e+00,-2.764305162949039385e+00,1.977050081000460147e-01,5.862232193786692802e-01,-6.569253131992330852e-01,-2.543971405690185872e+00,-4.781024730513500631e-01,-2.148238377123931286e+00,-5.813604855588050846e+00,-3.148421691856662097e+00,-3.758233528892348740e+00,-6.371041100500221432e+00,-1.165590567965256596e+01,-1.774022135429812508e+01,-2.010401680774258537e+01,-1.352530323921289579e+01,-9.849741167591925972e+00,-1.036965229647948306e+01,-1.126303646173258066e+01,-1.071715890848659036e+01,-9.068127076428636357e+00,-7.506311052891993185e+00,-4.647010189309519923e+00,-3.069162323105908641e+00,-1.599632079763814163e+00,-2.225687235976741007e+00,-2.770170644184319020e+00,-1.706186767458334419e+00,-2.609202831818571600e+00,-6.697023962410797004e+00,-8.080596239727928065e+00,-3.763741412982500201e+00,-1.562290191217115654e+00,-3.034623223238736678e+00,-6.268892599399292997e+00,-5.908370011197701110e+00,-5.950239784063253268e+00,-1.026148955535171581e+01,-1.736150714508572790e+01,-2.067903599344698051e+01,-1.682573454720633421e+01,-1.417492955071585570e+01,-1.397294709736243234e+01,-1.385187513846203800e+01,-9.676417018910099088e+00,-7.819583062838790788e+00,-8.078243226093009710e+00,-4.780370616839841880e+00,-4.046769629673738322e+00,-7.371992305313286309e+00,-1.324370658308043502e+01,-1.488001180143284685e+01,-1.387462873656050633e+01,-1.213352356683042643e+01,-8.849100939754425355e+00,-3.892276527457787516e+00,-4.155718827830877871e+00,-6.262789363171065382e+00,-5.940604201591524358e+00,-7.014683150534020584e+00,-4.116404088108565951e+00,-2.472650668637203619e+00,-1.060657970710566556e+00,1.046585782776482620e+00,1.141724407128443530e-01,-2.624078331911705142e+00,-3.817963073628821480e+00,-7.712448170646688972e+00,-8.215206927906974599e+00,-5.646666130121040794e+00,-6.668780740714611355e+00,-1.268044609906978160e+01
-1.963536924616734680e+01,-1.800712075090049780e+01,-1.333426874293420461e+01,-1.011701936560465853e+01,-1.036816367932728333e+01,-9.778673150485619914e+00,-5.134269883898191722e+00,-2.712434712174187634e+00,-2.853677326855354579e+00,-5.978378361329100166e+00,-1.186776622345572996e+01,-8.937257426125663429e+00,-4.065018080903175068e+00,-2.939607880645452642e+00,-4.870260277771762070e+00,-4.569805358622102354e+00,-3.472041137999665850e+00,-4.652748654085330671e+00,-4.675016094098056740e+00,-2.730602184607283434e+00,-3.496059263907856707e+00,-8.092498732286092178e+00,-7.275539188631775289e+00,-2.167586193752608192e+00,-1.725043859575696448e-02,-1.652645100243573362e+00,-6.272675479321103253e+00,-1.316030048864676516e+01,-9.177217603402029411e+00,-8.926468108409553182e+00,-1.254856654900805424e+01,-1.362300138634846647e+01,-1.203023682949238271e+01,-1.147769345466355695e+01,-1.324743355015166735e+01,-1.369805773451252051e+01,-1.425667383661843779e+01,-9.415192168906219905e+00,-5.653389447487723096e+00,-5.476660466616398715e-01,4.079533824574594347e-01,-2.016970291786259750e+00,-5.738486430907965286e+00,-3.973756300845652678e+00,-4.415688349320938677e+00,-7.850197129567763277e+00,-1.568504437557736786e+01,-1.905561779764361674e+01,-1.260464223838390296e+01,-5.878082365626066341e+00,-2.455928320901493045e+00,-1.439110350937764515e+00,-2.116885925145098657e+00,-4.612058014741966083e+00,-9.487473686386767469e+00,-1.687065822647926439e+01,-2.020923460874342226e+01,-1.373223790548797751e+01,-7.399875339708830602e+00,-4.893414048978680597e+00,-5.447171053062700885e+00,-6.679346240860851047e+00,-8.598269478859085879e+00,-5.114203738500329166e+00,-1.913880124244807357e+00,-1.910037759912053268e+00,-4.935520619511537532e+00,-8.750439297603932687e+00,-9.205725311158099444e+00,-1.038967425881751971e+01,-5.954681617719002062e+00,-2.423019894681034181e+00,-1.322125586667500796e+00,-2.220536497105086049e+00,-6.385147728085434071e-01,8.176839727159113114e-02,-5.954463185700482608e-01,-7.058116747350852149e-01,-2.175694524532856278e+00,-3.097383657187622763e+00,-2.580123282275757823e+00,-4.985989474120753329e+00,-1.180988133343678825e+01,-9.658291377071151373e+00,-2.408702285876287430e+00,-1.015161200647095363e+00,-1.440422861066118942e+00,-5.247130850876184027e+00,-1.305872577115109046e+01
-2.206337187164708169e+01,-2.203244385145660544e+01,-1.830776398253620130e+01,-1.438445162145715095e+01,-1.438837689833533418e+01,-1.106715475213258770e+01,-8.065733778073376214e+00,-8.463935632202634451e+00,-7.393026174235164838e+00,-8.258548631003700180e+00,-1.294466296960844787e+01,-1.212846891207382427e+01,-6.095508237838521026e+00,-2.984185521819985976e+00,-4.807541590690774136e+00,-4.070264795567504201e+00,-1.388344888906239624e-02,-7.428029166159585417e-01,-3.026823328317780337e+00,-1.385225198091370125e+00,-1.198527050147680351e+00,-2.880804089473268714e+00,-1.802789232562317157e+00,-1.873556245963047262e-01,2.704775725505349504e-01,-1.429935279961839889e+00,-6.442924555846230916e+00,-7.546811312318015830e+00,-3.568360983914016238e+00,-1.944881974198659380e+00,-2.587923330414157785e+00,-5.846012998008189854e+00,-9.732514121030506615e+00,-5.718353575571699210e+00,-3.074144001476400323e+00,-3.029228347599597360e+00,-4.439935105029997331e+00,-9.578959007012215920e+00,-8.904693001195004953e+00,-3.458163534670532613e+00,-8.616608320840430935e-01,-1.766865918512589229e+00,-4.343874222311870703e+00,-8.742864426365471786e+00,-1.174097063980604538e+01,-9.733570344466015101e+00,-9.704866163264540546e+00,-1.373046795967826306e+01,-1.222971453926617080e+01,-1.370388749891654001e+01,-1.222843284098277472e+01,-1.315468510077860209e+01,-1.287920761070585307e+01,-1.323072928615978761e+01,-1.455558361953362478e+01,-1.850184889395434240e+01,-2.101122609654763451e+01,-1.341557542184241747e+01,-7.174257170885129042e+00,-3.619232349901257084e+00,-1.842793475075001686e+00,-1.875292371475326902e+00,-3.486567184825329679e+00,-5.487564793976962285e-01,5.255470274622846549e-01,1.108912944254514477e+00,5.883648107819612338e-01,-1.471103643531091798e+00,-1.457008408246753595e+00,-7.879243338676659159e-01,-2.426362124203417014e+00,-5.033944929136344726e+00,-3.090790097629721345e+00,-4.401998384113430696e+00,-3.098128809529283156e+00,-3.711723733388755608e+00,-7.800821360886881273e+00,-4.806575687376334116e+00,-3.375692661590804278e+00,-4.393172425168033968e+00,-4.451380857500848442e+00,-2.853240810761830559e+00,-4.021458035850060675e+00,-5.988525285462575454e+00,-4.563776667005753573e+00,-2.602390309949790481e+00,-7.641171675160767229e-01,-2.800341938248541496e+00,-9.386709035563288950e+00
-2.296077553132422722e+01,-2.336296282316509121e+01,-2.204259418365650447e+01,-1.683493724532593561e+01,-1.334691510254279123e+01,-1.238377842150236496e+01,-1.026310188519327227e+01,-7.660962514215169605e+00,-3.436268352894672695e+00,-1.386773981675973877e+00,-2.281153155263177190e+00,-4.114001578064368836e+00,-2.664139241484979603e+00,-1.646259037406653025e+00,-2.704812376644844196e+00,-2.810081327818088948e+00,-2.264394361672824818e+00,-2.493326498696202265e-01,-6.085568108630701190e-01,-2.945568895061969616e+00,-9.479270055166646003e+00,-7.593470001020784288e+00,-7.592053075225610570e+00,-6.077377554309323138e+00,-2.959473204363533227e+00,-4.854193728182576884e+00,-4.604255436961643966e+00,-9.180613434883231339e-01,-6.742096553240198853e-01,-4.407366832690243541e+00,-8.531928450194769198e+00,-7.631235276846060955e+00,-9.459890450301923437e+00,-4.035327890369677206e+00,-2.695374339242786021e+00,-3.892699907251320202e+00,-2.354926072824326422e+00,-4.527310076239693615e+00,-5.862666640170067112e+00,-4.314194551087860319e+00,-7.993103566961153206e+00,-1.150756763252324610e+01,-1.122414910165887214e+01,-1.431718097145396129e+01,-1.048581588044202384e+01,-5.859599899752695684e+00,-3.483438009270151792e+00,-3.941377455354633241e+00,-7.279827929529032460e+00,-1.416970856924702282e+01,-1.864726686029505842e+01,-2.084293675960454806e+01,-2.119344663440733001e+01,-2.142898740087236575e+01,-2.123809960193203850e+01,-2.032101134787824748e+01,-2.132222208044582601e+01,-1.663828393839355613e+01,-1.471861512185935617e+01,-1.370925188467914957e+01,-1.191587568012843512e+01,-3.683077988690955706e+00,-1.928307160612587889e+00,-3.883034577208074101e+00,-1.048847338945177654e+01,-9.316859028594922876e+00,-4.082555079925454855e+00,-3.193085248089269523e+00,-2.112657920909079223e+00,3.947506532851165484e-01,-5.362593086333105052e-01,-3.702045706694217397e+00,-1.339077681082666782e+00,1.822105896697708838e-01,-3.908894113851431040e-01,-3.905387774769819131e+00,-9.777971355986775137e+00,-1.487754599492352625e+01,-1.410397425137068161e+01,-1.324822644497218960e+01,-1.180490405846359181e+01,-5.703117697114558737e+00,-1.428750303762971852e+00,-5.741762619945255802e-02,-1.489176170175275482e+00,-2.360373360808602605e+00,-1.656075119262139239e-01,-1.259297998548972064e+00,-6.653811358531615205e+00
-2.236289573970593736e+01,-2.191053602569981607e+01,-2.206500429139101271e+01,-1.704562016985470052e+01,-1.234473181846446543e+01,-1.211880423027769993e+01,-6.802716998453426811e+00,-2.452962044353379945e+00,-8.594843284443591802e-01,-1.478786595696163220e-01,-1.134012745667942301e+00,-5.425880000297211403e+00,-5.917839885276174883e+00,-2.804653321259788168e+00,-4.961579792429097857e+00,-1.145622429565379541e+01,-1.106055276824119460e+01,-6.621163195608310126e+00,-4.889852263397516552e+00,-7.569549107461943649e+00,-1.599355402566436624e+01,-1.274602680457265791e+01,-7.324738793579259166e+00,-3.985306326446956593e+00,-1.963206586917718655e+00,-1.155787652792781950e+00,-6.821236744368995575e-02,3.210503449536600828e-01,-2.010638153495589275e+00,-8.635737739979548522e+00,-1.591076805268911443e+01,-1.127457580127214065e+01,-6.702429432281873822e+00,-2.927527407884813915e+00,-2.495688091216896165e+00,-3.304591169199185163e+00,7.211815627367074155e-01,2.388636859417437641e+00,1.234807408347163848e+00,-2.855709426817409913e+00,-1.136885221739460583e+01,-1.079114911122653631e+01,-8.147076224397055810e+00,-9.247226365561827421e+00,-9.621243329978236503e+00,-4.153569514155948106e+00,-2.806125409449485630e+00,-5.092668451896616766e+00,-9.238950051311263678e+00,-1.513003057196624290e+01,-2.034879479372411737e+01,-2.075997687461681096e+01,-1.869541258202459488e+01,-1.900122299230188361e+01,-2.018708150637777266e+01,-1.891627413348147613e+01,-1.996927927490463972e+01,-1.841076739390093664e+01,-2.044095966600833947e+01,-2.027467271976901131e+01,-1.587746849947405892e+01,-6.195701127213642856e+00,-2.452578145647386521e+00,-2.103133539410303676e+00,-5.565429889141841002e+00,-5.135261416393227307e+00,-2.490299428067838772e+00,-1.398366722213962188e+00,-1.036989161630924361e+00,-1.268118431704570448e-01,-2.535506386118170585e+00,-7.754948929050250683e+00,-7.425198169698224326e+00,-8.546266607169929586e+00,-7.004044413530701618e+00,-6.712980325004660465e+00,-1.008121033091294194e+01,-1.838595552014228929e+01,-1.940590613856351609e+01,-1.922582763657533889e+01,-1.734203042482074864e+01,-1.445870658956972221e+01,-8.568277879765158644e+00,-4.269189830018559562e+00,-4.037274972683268182e+00,-5.095205284614830354e+00,-1.813763681492324809e+00,-8.817056574463962848e-01,-3.276147726835696883e+00
-1.577950976845017017e+01,-1.493787811931810872e+01,-1.662607060070324749e+01,-1.561495248984573436e+01,-9.535091776596871682e+00,-4.907142032133905651e+00,-3.523144386736746014e+00,-6.584687850052924674e+00,-7.890123690693828351e+00,-7.259857993109039676e+00,-9.907918693539791377e+00,-6.233917885256889058e+00,-5.374999404849862827e+00,-6.529773313103985899e+00,-4.743323837792067010e+00,-3.691635382120126430e+00,-1.892992026868936639e+00,-1.943313670108318902e+00,-4.670482486388401355e+00,-1.117701509617324973e+01,-1.057780286826585403e+01,-1.127748844363635605e+01,-9.129339834100994366e+00,-6.962932198030062025e+00,-7.916741396128935015e+00,-5.806592255868403107e+00,-6.350268828651090658e+00,-4.488152431810792820e+00,-1.717087722844190978e+00,-2.517687326734815656e+00,-6.174138912387959088e+00,-7.867485311008374005e+00,-5.290010526832332971e+00,-1.477057660962245000e+00,-1.301692285871044019e+00,-4.231855220199891576e+00,-9.507134202141244439e-02,1.361919599396826053e+00,-1.410789773172761885e+00,-4.994638761231514401e+00,-5.095705428542359527e+00,-2.361097858208616618e+00,-4.657842824973001394e-01,-1.179880928172891030e+00,-1.517628943671680775e+00,-1.965932943138707145e+00,-5.284620614260211013e+00,-1.327147355518843064e+01,-1.469125077150818015e+01,-1.712809273264461751e+01,-2.039117742481088413e+01,-1.682324018155721745e+01,-1.006813436656966232e+01,-8.477271806091573936e+00,-8.519147903784931586e+00,-9.508846943186162193e+00,-1.459932934847149255e+01,-1.488617008375494066e+01,-1.191893440014437644e+01,-1.226220858455600649e+01,-1.038108314697007550e+01,-7.550830877365026339e+00,-3.807742362087452648e+00,-7.740104951557906787e-01,-9.436599431607366473e-01,-5.696495548916518104e+00,-8.920817952540080142e+00,-7.795914738333987515e+00,-1.079099157296429290e+01,-4.124946919185831007e+00,-9.902745368496578271e-01,-1.597275358067844708e+00,-5.872315974247858783e+00,-1.159051687466470781e+01,-1.576409594098428180e+01,-1.605818782175393977e+01,-1.450687804885376586e+01,-1.637234759241118454e+01,-1.989145292733844883e+01,-1.981432503148129243e+01,-2.011600426265171748e+01,-1.800866438033885686e+01,-1.501842048383296913e+01,-1.525134970102095089e+01,-1.158618593036680267e+01,-8.157657823392323593e+00,-4.324723604814450617e+00,-2.415691150895046935e+00,-3.942036137699072462e+00
-9.988069489934391143e+00,-7.224596309930758409e+00,-7.137202451999922204e+00,-9.448058035588802639e+00,-1.001910638181786872e+01,-4.623264817927116965e+00,-2.509109074123820005e+00,-2.972627884008102406e+00,-5.110454117781237926e+00,-6.642643529893760501e+00,-8.039131510974769412e+00,-9.919042546498147317e+00,-1.573299048314417270e+01,-1.289878521915665210e+01,-4.643888320745830356e+00,3.640899332061880989e-01,1.523531368397932573e+00,-2.898553734132319759e-01,-5.732189444958099678e+00,-8.443933724908900373e+00,-4.856783263889470348e+00,-3.093560293288393659e+00,-1.692550411887722595e+00,-1.353442101665821573e+00,-1.979569695884260350e+00,-2.332561305086863879e+00,-4.375139756016153569e+00,-5.948572672063246358e+00,-5.067458790753218700e+00,-2.333634006311150699e+00,-1.404512126572059039e+00,-1.229213504759022246e+00,-2.048207412445847808e+00,-4.426180809686359297e+00,-4.169774368485869687e+00,-1.906769600331860381e+00,-1.510630196758679100e-01,-1.127034496844228073e+00,-5.352980168802397465e+00,-7.108461412272059299e+00,-2.100639152896408568e+00,-3.183422032559878878e-01,-9.068645186927100088e-01,-4.446397732785741574e+00,-3.186540320948032523e+00,-8.555512756163506927e-01,-2.650319968828147132e+00,-9.353473225496429677e+00,-1.419611558172487698e+01,-1.418429105596518802e+01,-1.473776007368040197e+01,-9.944953301501341159e+00,-4.542232612049893703e+00,-1.641671372440563159e+00,-6.944113217429997986e-01,-8.999015364158702290e-01,-2.818175209461426078e+00,-2.938977208754391057e+00,-3.681917034837073999e+00,-7.494094566925239675e+00,-8.121360652614384890e+00,-8.056474999713717722e+00,-7.052780625291336314e+00,-2.442812197261377882e+00,-3.671258842473332229e-01,-1.530129246412476940e+00,-5.318243344289887986e+00,-9.647812221283302847e+00,-1.128315511771610780e+01,-5.714495560280362874e+00,-1.220628473261735403e+00,6.891688192210727593e-01,-3.552801577458368221e-01,-5.271111433256885803e+00,-1.323642763876377160e+01,-1.951513340329765356e+01,-1.835815669181651799e+01,-1.184741985618619964e+01,-9.637032100356611508e+00,-9.442808066655818067e+00,-1.000940425785720578e+01,-1.040985945203250473e+01,-1.365547815839150836e+01,-1.783734353413259299e+01,-1.553208102666793877e+01,-7.823248793308000160e+00,-5.755773486051344534e+00,-6.951505157564367821e+00,-1.020865854038331655e+01
-9.674926747056774801e+00,-6.681653568171020297e+00,-6.769934736696400890e+00,-9.586559097569688603e+00,-9.758055231176820499e+00,-4.852508157043528669e+00,-3.199738549614759453e+00,-5.939073720036592618e+00,-7.580666980741167293e+00,-5.245271485326881589e+00,-7.551415231442989651e+00,-1.528723258362676951e+01,-2.109119811810945322e+01,-1.300808881996269584e+01,-4.735475078606768307e+00,-7.998731954507284359e-01,-8.974594967159673642e-01,-4.828538701109784448e+00,-1.235026951302263143e+01,-9.853899805617512442e+00,-7.637021703379494930e+00,-8.473131670035366270e+00,-8.917859878461051437e+00,-4.862312262265985119e+00,-6.958600689650029647e-01,2.353064832802777978e-02,-2.813041058975565889e+00,-9.017216456115694001e+00,-7.129740630997750905e+00,-7.514469737397100779e+00,-7.098479243058402943e+00,-2.088524414072359559e+00,-1.475306629383791313e+00,-4.189672306383836364e+00,-3.208656846356571002e+00,-3.612936496661093511e+00,-6.542743290893565877e+00,-4.660347275133069900e+00,-5.570174657862241752e+00,-4.948198297002380563e+00,-3.799845418521672347e+00,-7.642150390333027232e+00,-6.156364751531553381e+00,-3.056049360680967997e+00,-2.709976480011583089e+00,-2.464673003571181464e+00,-7.479216690530061662e-01,-1.755166822547575389e+00,-3.068709673668096993e+00,-2.739565943386598423e+00,-2.696449371769453762e+00,-1.331342580951872856e+00,-1.605475210506798200e+00,-5.442907388038457306e+00,-3.353151206070683177e+00,-3.385399206215865764e+00,-3.007225399742365024e+00,1.601272058450875946e+00,2.545597744737996937e+00,1.126707450183864756e+00,-7.948166354864842909e-01,-3.517693185842686976e+00,-7.829883133558402264e+00,-4.349312421725712419e+00,-9.439009286584052472e-01,-1.227801541274002428e+00,-4.653173546061704080e+00,-8.868999661454104455e+00,-5.337806411703726717e+00,-5.871723233897211180e+00,-5.470765717257570770e+00,-4.257563399332592868e-01,7.527458874928446564e-01,-1.411788520614154496e+00,-7.760100568707724022e+00,-1.430108124241793099e+01,-1.572766829254035592e+01,-1.108726329737363869e+01,-5.010070932762963558e+00,-2.668178529019950673e+00,-3.257067628498924616e+00,-6.978224857185120200e+00,-1.322691088063376341e+01,-1.040151182780588535e+01,-6.690897859128794423e+00,-4.217348511393804955e+00,-5.800874915338100735e+00,-1.077539431779904433e+01,-1.658163697916762302e+01
-1.447205496730660990e+01,-1.187789016827604804e+01,-1.253615171030948083e+01,-1.585366855617752613e+01,-1.268323871067592101e+01,-9.760109701550993222e+00,-7.196631488159186851e+00,-5.143188796153194353e+00,-3.770445998015820699e+00,-3.988300022774172948e+00,-6.566083154732123006e+00,-1.300978689175799374e+01,-1.274608177977397006e+01,-1.191315982008310925e+01,-4.513006834362290220e+00,-2.210421278064412132e+00,-3.077357728713493223e+00,-5.977023766677182159e+00,-7.343196196474583104e+00,-5.837805805293688977e+00,-8.589795387104937063e+00,-1.255742882337785282e+01,-1.154406696513183128e+01,-5.725818339931337597e+00,-2.707619957254737475e+00,-3.927406444014715170e+00,-7.388139739968722530e+00,-9.125118730211616125e+00,-4.834010033118993910e+00,-2.382173251543593384e+00,-1.023910964589480166e+00,-1.051086957155266344e+00,-4.817793851469720501e+00,-5.923550230408913819e+00,-4.372307291968648535e+00,-6.852077928924918737e+00,-1.282820371263905557e+01,-5.359062402418121707e+00,-4.764493520077732747e-01,4.095094123044702439e-01,-1.702896054932599101e+00,-6.631596626867925615e+00,-1.137373170771993180e+01,-1.218457684458646639e+01,-1.466746271620119479e+01,-1.186801133142378184e+01,-4.313050135115819472e+00,-1.415325050591819345e+00,-2.508994902560270468e+00,-5.764643128307473496e+00,-1.239711928692527332e+00,-1.058763346899146862e+00,-4.337608704687870187e+00,-2.492047168480217678e+00,5.683215380527246730e-01,1.650624438812186012e+00,2.058935145266298061e+00,2.780092749352518045e+00,-4.840421734510788054e-01,-3.310958650079446564e+00,-1.023072484171690277e+00,-3.495233891055660180e+00,-9.081329177196760583e+00,-5.273354873397296139e+00,-5.031847404470121354e+00,-7.003309046135361093e+00,-3.057021663013033574e+00,-1.549928554572266526e+00,-2.215855458327673944e+00,-5.560861126708805280e+00,-4.259608658660847702e+00,-1.391251460015134889e+00,-8.939971990456202500e-01,-3.391051538019000056e+00,-8.048040276407299132e+00,-7.071234681552514445e+00,-6.905117470490977460e+00,-8.014334283727992059e+00,-4.479864082327182473e+00,-4.881613866391038670e+00,-7.745839794621543817e+00,-1.066772630833145286e+01,-1.379606530809761011e+01,-7.782650495718296035e+00,-2.177381049944928204e+00,-1.032708754181942634e+00,-3.258379843929796404e+00,-1.050215855532122688e+01,-1.626237293293601738e+01
-1.607047068086781749e+01,-1.237362039447727113e+01,-1.245596566056846655e+01,-1.256758569505877965e+01,-1.372122438778554532e+01,-1.492808569642834193e+01,-1.344031263114814401e+01,-1.583210730395819077e+01,-1.176141931251027550e+01,-6.397804459234825991e+00,-5.387190300719182368e+00,-7.323012112114662742e+00,-4.437474383207570483e+00,-1.283975688015422500e+00,-7.220595246195936623e-01,-2.774483178740479339e+00,-7.851288535205044994e+00,-4.595098078373427875e+00,-2.436570167664046327e+00,-2.857070516591849518e+00,-6.270275381050612218e+00,-1.302450437832595753e+01,-1.082718635546533648e+01,-3.006161536980259452e+00,-8.854009505125861601e-01,-2.586678030463005484e+00,-5.425617037453037028e+00,-2.895654774764622630e+00,-4.352463499873988617e+00,-9.336683142005949065e+00,-7.553333773211177160e+00,-3.022869265059497490e+00,-1.185566263400167797e+00,-1.224676225388674711e+00,-2.572417974370510674e+00,-6.144173925308356488e+00,-8.153016566333914028e+00,-5.594265331983342193e+00,-4.029983907043881430e+00,-7.690773765979176391e-01,-2.010283366282894058e+00,-7.927758418089672077e+00,-1.530481592694619586e+01,-1.553321503696585104e+01,-1.831846751933707296e+01,-1.729556381433529921e+01,-9.481469350649899042e+00,-4.782449374073429738e+00,-1.856694493167928561e+00,-1.603156951727884749e+00,-2.704058784473323485e+00,-7.534714903731487112e+00,-7.175877321966664724e+00,-3.345787780242972076e+00,-1.408040762935411472e+00,-1.683941813721496539e+00,-2.313163195546765305e+00,1.158094811638383126e+00,2.335967244632906059e+00,1.285887749060372176e+00,3.648986083392361662e-02,-3.825567141021216866e+00,-1.234587239009097104e+01,-8.688314301627022118e+00,-3.988952168060424519e+00,-1.587828889146055023e+00,1.497172089486165758e+00,2.333601890968620918e+00,3.971503568253886285e-01,-5.722939320552842268e+00,-1.203653721522567821e+01,-1.019302347907446382e+01,-9.033298081718385220e+00,-1.000262258532352000e+01,-6.886050166268097961e+00,-3.724041494183746526e+00,-1.709205908527513751e+00,-1.639150336477391168e+00,-4.515645426908101889e+00,-9.952801274625878492e+00,-1.505659394560003683e+01,-1.557498326158165014e+01,-1.353921514704711448e+01,-7.141841000800294381e+00,-2.164144106391341360e+00,-2.478206272257134912e-01,-9.805300895153559182e-01,-5.354921413438492372e+00,-1.099935240046422358e+01
-1.688355009179366206e+01,-1.075234974237312890e+01,-8.251787874035368731e+00,-9.196972189092994299e+00,-1.141293456814342910e+01,-1.115366076974940412e+01,-9.026583729830003122e+00,-9.659428346511747421e+00,-9.193017550715669728e+00,-4.129907783409720423e+00,-1.971690058075784346e+00,-3.919697855032028055e+00,-6.850635462461557523e+00,-3.040380711540101810e+00,-2.407036809313734427e+00,-5.077500351109450527e+00,-9.897478989416494954e+00,-1.128244244962706588e+01,-9.888944342312283808e+00,-9.057444519454374898e+00,-5.963062293547436887e+00,-7.796111162544466566e+00,-3.017939422818181505e+00,5.161752200849998307e-01,1.817812954033619866e+00,1.467082967356401424e+00,-5.808142192882338462e-01,-4.462422108204153304e+00,-5.592786721717145859e+00,-8.963577180652690046e+00,-1.364538080441324297e+01,-8.629635874041937882e+00,-2.708115045367687657e+00,-1.472904719613058466e+00,-4.233889361703417897e+00,-1.196618146891880841e+01,-1.047301315964388735e+01,-8.645132545969987703e+00,-7.084758442903595466e+00,-1.248405274573566537e+00,2.035530105494032793e-01,-1.286524523206272308e+00,-5.520234824525878992e+00,-1.048295068158242849e+01,-1.659581657101337271e+01,-1.374111531999774449e+01,-1.384936151423848649e+01,-1.010990072887642910e+01,-5.293710059633380816e+00,-5.922693590472515091e+00,-3.445666747447803324e+00,-4.394383070265692304e+00,-1.398353087524988547e+00,-1.508971891434218948e+00,-5.764320218911100469e+00,-8.233256139148279473e+00,-7.500285554873316052e+00,-3.791740701481336018e+00,-3.617977305858998127e-01,2.787674509209433493e-01,-1.660320947797972568e+00,-3.471378009843367085e+00,-7.218102936681948023e+00,-1.123366027084508367e+01,-9.650718977576808300e+00,-5.390743806202155319e+00,-1.609765191233359705e+00,6.195462169326996227e-01,-1.933182548157476033e-01,-4.500923385304448132e+00,-1.411409231908339379e+01,-1.461209667087497621e+01,-1.190531130303117635e+01,-1.344489349368819653e+01,-1.168613558962829124e+01,-1.274777211484156147e+01,-6.487875229024321122e+00,-3.515233023260208700e+00,-5.788185639748055777e+00,-8.444002408156157102e+00,-5.619136294043672208e+00,-4.845167419186940272e+00,-4.883603680626790400e+00,-8.306480541265100825e+00,-1.171251414458554407e+01,-8.140448032857332095e+00,-3.987727990575288928e+00,-3.037168377964876598e+00,-5.827941863944656298e+00
-1.231810106012157924e+01,-1.064667890932326877e+01,-1.427903971367312508e+01,-1.719071934187322626e+01,-1.718032561926017010e+01,-1.197352879836146933e+01,-6.094301488838698155e+00,-2.922844362102056781e+00,-6.965436990069981960e-01,5.069024752058733096e-02,-1.025764905755702117e+00,-3.880206110953752674e+00,-7.231729270148098188e+00,-9.822876997011944056e+00,-9.630514140864063322e+00,-1.182668634464866209e+01,-1.805734904368121008e+01,-1.800925728252955693e+01,-1.657598622311326864e+01,-1.196417740771645022e+01,-3.550400128855266679e+00,2.387022162644066581e-01,2.144119508236889959e-01,-3.775774614817504204e+00,-4.073969603845275067e+00,-2.863142364015942576e+00,-7.018616638279387310e+00,-1.093893781125097320e+01,-7.498368673173612997e+00,-6.136909743937647654e+00,-1.044200564355106309e+01,-1.038703153164763116e+01,-7.723571180849146955e+00,-3.356792598038463638e+00,-2.400284740308394227e+00,-4.733966139562277853e+00,-2.424737006607920797e+00,-5.179917386442395300e-01,-8.093076893889968870e-01,-5.138485240488956052e+00,-5.501086172378180983e+00,-2.958148349938682919e+00,-4.515134662753881756e+00,-9.489253643760108048e+00,-8.817980197139252851e+00,-5.473530061935123925e+00,-3.903911310738246598e+00,-3.122753522493631362e+00,-4.310235629667645618e+00,-8.329713878613945965e+00,-7.146214537154462754e+00,-1.843048767830924417e+00,1.663503291293028097e+00,2.561616465169236356e+00,1.304021318884272418e+00,-8.108292659797138313e-01,-4.865941966876835778e+00,-7.423446385259914848e+00,-4.232737533496937488e+00,-3.743258742767007874e+00,-6.630028659820948356e+00,-5.687024534158268807e+00,-5.993194778834967096e+00,-1.104958193284228329e+01,-1.476438692503405647e+01,-1.282795686650096911e+01,-1.018039011641552527e+01,-1.078573390701085444e+01,-9.231556556260658297e+00,-4.802578975943694317e+00,-5.454157790401950479e+00,-5.092187881427712171e+00,-5.847249922318090043e+00,-9.638448977604843648e+00,-1.234469291500579224e+01,-8.351727222530101358e+00,-2.980389065152083017e+00,3.415835259921666811e-01,6.978880746528169920e-01,-5.791707124473103319e-01,-2.086548579396562797e+00,-3.165347560608501087e+00,-1.337632995079572673e+00,-2.643785873308945877e+00,-6.391430917932106048e+00,-7.288034885365488158e+00,-5.791589118148150916e+00,-9.880263167664519841e+00,-1.262723912153028927e+01
-7.220540073133053127e+00,-1.195932453736326728e+01,-2.119092309564576126e+01,-2.362379996220868250e+01,-1.977719452506617515e+01,-1.538655729222118396e+01,-1.410812177156147129e+01,-1.214666354488161204e+01,-1.068862951740874578e+01,-9.509307163567948251e+00,-1.103360488943587647e+01,-1.359899279766512947e+01,-1.433650253589888202e+01,-1.590071168429869530e+01,-1.012748456001281738e+01,-6.941558342623083355e+00,-7.385704871795763182e+00,-9.159651144832212211e+00,-8.567381008414383103e+00,-3.586949456526890678e+00,-2.982634049800007681e+00,-3.861700053864221882e+00,-7.128906520249854717e-01,-8.081643760424891409e-01,-1.759493235250080723e+00,-1.904510149740109792e+00,-3.637210876001675253e+00,-3.364122161788767773e+00,-1.236655311326527285e+00,-1.039075455229197198e+00,-2.241464487292398555e+00,-5.210924065230708280e+00,-7.529826109626687192e+00,-3.355076482274422567e+00,-2.009413534659836298e+00,-3.338660181883838174e+00,-2.875961401548824625e+00,-8.458437977507062833e-01,-1.224287425087768444e+00,-4.844518480413677608e+00,-1.057937909259383780e+01,-7.706213180732009782e+00,-7.309880988938467716e+00,-1.183803565788986134e+01,-1.060221543975342406e+01,-6.003293800846974726e+00,-5.189254432608534806e+00,-4.855281629718672498e+00,-1.602100612027715032e+00,-1.792805726111297959e+00,-4.854401268418598647e+00,-3.944312454817494373e+00,-4.199818659241178587e+00,-4.405243827654153677e+00,-6.156348193652536160e+00,-4.782364566508449322e+00,-1.681514710250933797e+00,-3.740104243919932792e+00,-5.933527627112553660e+00,-1.061134933786382628e-01,1.820409266187991371e+00,1.022745059395236966e+00,-2.754947816877786781e+00,-7.028597898459188364e+00,-6.730208411224578136e+00,-9.483665376229394539e+00,-1.670807822575246604e+01,-1.963298122954547864e+01,-1.867245492182279776e+01,-7.415183022898390597e+00,-2.560984968725955824e+00,-1.342589839929242190e+00,-3.276999714581253720e+00,-5.532395714683864263e+00,-6.603573645521095159e+00,-8.603191474326571386e-01,2.480051369290742880e+00,2.032167767706726469e+00,-2.944737963921117530e+00,-1.013029733183268455e+01,-8.051125394943682068e+00,-8.879858634525671590e+00,-3.615996150152855915e+00,6.977223610764551331e-01,2.095955842171963734e+00,9.579690989844117377e-01,-2.228601250131842182e+00,-7.782032262785990362e+00,-1.308273909952407443e+01
-7.122694044184863849e+00,-1.035080781108454673e+01,-1.591801106436808233e+01,-1.700836239542280026e+01,-1.711261927005939754e+01,-1.993536744978194974e+01,-2.212157308607173078e+01,-2.037995076179504395e+01,-2.137131562806609963e+01,-2.038883909605499412e+01,-2.092496665079790930e+01,-2.081330971968801435e+01,-2.101496199019869593e+01,-1.920548412943244898e+01,-1.034165620355677717e+01,-2.797426658501775076e+00,6.600546377817785304e-01,1.713061879203423787e+00,9.640099483360956567e-01,-1.988886168148260136e+00,-7.830465234311899891e+00,-1.047066913645966579e+01,-4.542493361019734444e+00,-3.662783904317976624e+00,-4.804227397069457339e+00,-4.085551580029918028e-01,1.097060013621523833e+00,-1.309838033865093898e+00,-3.934973212622484340e+00,-1.033276471849316591e+00,-2.716005277875950696e+00,-6.719403638665501610e+00,-3.307588731099788237e+00,-2.028537378551900527e+00,-4.958086300375206257e+00,-9.764037183352879623e+00,-9.471535106126527381e+00,-3.675709159539739534e+00,-3.654335542350895527e-01,-3.780899821111890491e-01,-3.982990696028406941e+00,-4.092267216708426858e+00,-8.567127822709263540e+00,-1.449450799934846046e+01,-1.166753633286719882e+01,-8.435630601375622817e+00,-8.907517847261930299e+00,-1.046268197916504050e+01,-5.689726566349653680e+00,-3.223561002064104120e+00,-3.343449794100877615e+00,-5.219063173223259078e+00,-8.004939684294219759e+00,-6.217375687806677931e+00,-3.889032426727865754e+00,-2.990490277605901692e+00,-3.254530969648306904e+00,-7.885692692388031055e-01,8.336422209937784100e-02,-1.733215489801145370e+00,-2.309641364877833336e+00,4.234618827266464769e-01,1.649227063276601790e-01,-2.014414160732964199e+00,-5.633210952120616177e+00,-1.131159631739881632e+01,-1.783401626931097184e+01,-1.914546269940254319e+01,-1.884691017910949995e+01,-8.995676585382089030e+00,-3.093577296654273834e+00,-1.899362950067603029e+00,-3.787116458466411206e+00,-2.834163789450071747e+00,1.814588371907619901e+00,3.599270281045788611e+00,2.922306180833593725e+00,-5.059874465179636793e-01,-6.279234487255265229e+00,-1.625211783638574303e+01,-1.160959773942043860e+01,-8.687578631074805102e+00,-8.942553981683476039e+00,-3.419175989915357761e+00,-1.320950533303211660e+00,-3.114482181433840147e+00,-1.002820559944677470e+01,-1.271207263595179526e+01,-1.372171310822766443e+01
-1.513335282193090769e+01,-1.011506877716322528e+01,-8.387320472781819802e+00,-9.558093666582179182e+00,-1.305217248156554710e+01,-1.889568699661053941e+01,-2.107555599947621161e+01,-2.346080362527890273e+01,-2.342685983772564740e+01,-2.331308927571863165e+01,-2.370197805067650521e+01,-2.213248339810765941e+01,-2.248717804600421744e+01,-1.894073566099755013e+01,-1.102994574819292417e+01,-5.206563652188454405e+00,-2.881623610814322500e+00,-2.821334471268959199e+00,-5.275904797416712810e+00,-9.063272074985324167e+00,-1.034982324587671343e+01,-1.083340503689938039e+01,-8.981155203697376521e+00,-6.729004743964152269e+00,5.185621471977547824e-03,2.936658281710391005e+00,3.176626989015735258e+00,1.838472586733471026e+00,-1.346548432633070669e-01,-3.467839341521389063e+00,-5.308465180988598320e+00,-2.685730112130102487e+00,-2.887058058221425139e+00,-6.811700126093189311e+00,-4.748611080306196719e+00,-1.493242505522921038e+00,-1.017045763784693913e+00,-3.365625230943402268e+00,-1.755860003520578472e+00,1.948776179950319209e-01,-1.723840936511481070e+00,-3.953533993873752372e+00,-2.668911768173837462e+00,-3.780624158312811733e+00,-3.053987332239845198e+00,-4.576403933052057837e+00,-9.761113355034275685e+00,-1.440445981527629726e+01,-1.456015130765456078e+01,-1.412752412360413601e+01,-1.302954638945428911e+01,-1.335691692640906858e+01,-1.057039361519921172e+01,-6.157469068926975986e+00,-3.182002499733729284e+00,-3.183967838890122248e+00,-4.848738596841160486e+00,-2.326809008032454607e+00,-1.737675647397483703e+00,-3.961937248790846855e+00,-6.517185554692619398e+00,-7.081236989139334526e+00,-1.018948465597962816e+01,-1.492648250785397224e+01,-1.454674849788049151e+01,-1.302421693694322613e+01,-1.316231708194976413e+01,-1.215337273232022675e+01,-1.291040858385482260e+01,-9.518884084390517586e+00,-3.759531470617853532e+00,-2.135364880981414082e+00,-4.381630575072538392e+00,-2.472030582927916775e+00,-5.965542802869436972e-02,-1.533629627175335131e+00,-6.023602413214897311e+00,-5.309776958575318062e+00,-7.738444273633168002e+00,-1.184497394507988943e+01,-6.907331397210745294e+00,-3.939589786677642369e+00,-3.169565146719805604e+00,-2.981640282559691713e+00,-4.774574089039089309e+00,-8.915321369368330195e+00,-1.106964715530997800e+01,-1.705678678813733384e+01,-1.893876847647186423e+01
-1.745292131524336909e+01,-1.347808785994250158e+01,-1.232235808748948003e+01,-1.399294438308342947e+01,-1.608504725040349825e+01,-1.813947210813823574e+01,-2.206596294740088737e+01,-2.310625938006809932e+01,-2.366754348833758215e+01,-2.338277495714058674e+01,-2.252291699549309456e+01,-2.135613118078475736e+01,-2.134349134093836753e+01,-2.008253862804039969e+01,-1.421515889185711856e+01,-1.547795705329206584e+01,-1.495312734026657964e+01,-1.202787801825014213e+01,-1.319425940334348724e+01,-1.374922924203083952e+01,-6.193679791868181184e+00,-2.551320743001297409e+00,-2.296871968320941981e+00,-1.678143950473540036e+00,7.197508042594208399e-02,-2.145128095402606405e+00,-5.084130070995035666e+00,-7.678318094085775591e+00,-3.253093510307721647e+00,-3.580477953968128624e+00,-3.885303385534736975e+00,-3.994051744121116521e+00,-6.362572507750718920e+00,-1.041221385566811897e+01,-3.147136388940008356e+00,1.437250039828205983e+00,2.655763425549169998e+00,1.281516707659860144e+00,1.341351411135559113e+00,1.820524670893091779e+00,7.376616701826845812e-01,-1.286675712549743833e-01,1.436762776104575923e-01,-2.173409537706765704e+00,-3.594586580280998866e+00,-6.489291721716859307e+00,-1.196272120350285562e+01,-1.000875054490297345e+01,-8.640786132880283077e+00,-8.648281519145431417e+00,-7.905389689861383573e+00,-1.062295386889823412e+01,-1.396747632223860691e+01,-1.381605006698378979e+01,-1.176027854784090643e+01,-4.169284129361236602e+00,-3.371719929403660387e+00,-6.031632897521095771e+00,-5.603694354793183230e+00,-7.707273540752274776e+00,-1.037250600139001300e+01,-8.111598285965452959e+00,-1.181254015515621525e+01,-1.814084841703113682e+01,-2.093093139426152405e+01,-1.624060717830084144e+01,-8.487535431420893062e+00,-4.431333338239586972e+00,-2.821801014689210518e+00,-2.732804428980356803e+00,-5.256528359158594732e+00,-1.109971088196214062e+01,-7.698782361987838385e+00,-3.654532736830353734e+00,4.456723859267575638e-01,1.256851646363826180e+00,-7.324580512573256597e-01,-3.300557754524191978e+00,-6.889404399082400765e+00,-6.491380939883341306e+00,-3.653295119475097330e+00,-5.011719927135715125e+00,-8.131033081804661222e+00,-6.887550200370693432e+00,-8.411847928412875319e+00,-1.274186637616695350e+01,-1.130957105643767235e+01,-1.005101132751407533e+01,-1.335382999603013410e+01
-1.799059615637126797e+01,-1.474481632566093481e+01,-1.502777181083994762e+01,-1.731059001979971157e+01,-1.884079671443853243e+01,-1.944936902720229099e+01,-2.051571498239847102e+01,-2.040642098376625313e+01,-1.976165644746077632e+01,-1.839980648334761426e+01,-1.913280928583073504e+01,-1.884309581168612269e+01,-2.023999754826825281e+01,-1.500002493535665593e+01,-1.032015826289815053e+01,-8.111215276713657829e+00,-7.746125268392768604e+00,-7.934894960457668844e+00,-1.254147425719669862e+01,-1.433852626640993932e+01,-5.334018961155324590e+00,-9.092555994735120883e-01,8.106728995698538887e-01,-1.027441887914871010e+00,-5.774069111342576832e+00,-1.552556934751066109e+01,-1.031201927733600598e+01,-7.661515252482621996e+00,-5.808639698010638064e+00,-7.939615175164745686e+00,-5.959635454433080959e+00,-5.696331308748488809e+00,-1.057242043125898334e+01,-9.995838723684611793e+00,-6.245003563110345546e+00,-3.050765511805516805e+00,-7.586528338365873259e-01,-1.475735167671639259e+00,-4.918672072267005646e+00,-3.247437590939742158e+00,-2.108127649617906607e-02,-5.588209777930401856e-01,-4.804793651751417372e+00,-1.317277761419912885e+01,-1.290384052346523625e+01,-1.437038684563529145e+01,-9.943008960189676060e+00,-4.907748401193018140e+00,-1.813439251617808612e+00,-1.391308015507831453e+00,-3.359583999338398907e+00,-8.482705545828753912e+00,-1.185823485124996246e+01,-8.074063382930773969e+00,-4.501860039718309281e+00,-1.250064219680966593e+00,-1.186982926842581554e+00,-2.599373176377056449e+00,-1.676969631270442518e+00,-8.582226077899515193e-01,-1.545159422415238737e+00,-3.442073404319808461e+00,-7.694682067946383874e+00,-1.472525457959426021e+01,-2.138688442581578286e+01,-1.698878406940546171e+01,-1.078839307620112997e+01,-7.533949601022820630e+00,-7.298181443356145159e+00,-7.090508108979609148e+00,-7.994176228467683387e+00,-1.079030231963422892e+01,-8.953354891305579599e+00,-6.433689619680600380e+00,-3.718787947568090058e+00,5.503562183024823806e-01,2.372226597384122559e+00,1.461172667589332619e+00,-1.062491974096633207e+00,-8.325960061301611592e-01,-9.792119877660625527e-01,-3.660942062903834504e+00,-9.543278097658228987e+00,-1.385469363327313275e+01,-1.594574786577009640e+01,-1.159702268085981736e+01,-8.893275545952015193e+00,-1.139393109665777537e+01,-1.571375050490960135e+01
-1.792970934756716517e+01,-1.156290802561250786e+01,-7.835473459914214622e+00,-7.364847243728494419e+00,-9.440154268777460445e+00,-1.189141579050766850e+01,-1.273132754918327869e+01,-1.036926322085852981e+01,-7.675938283562436126e+00,-7.662919435568706916e+00,-9.918433770649414782e+00,-1.571909546403956526e+01,-1.849185326583403466e+01,-9.985092023709663422e+00,-5.627844732954986107e+00,-3.187105219531104261e+00,-3.146964840057018709e+00,-3.685665780720405849e+00,-6.300007785173287189e+00,-8.558590181339951641e+00,-1.041279316979243319e+01,-7.521618554211060292e+00,-5.128992009550836784e+00,-5.669960142078256382e+00,-1.159245974945842761e+01,-1.545771279998291625e+01,-1.320557734885610124e+01,-7.542278411714150366e+00,-6.012046401749568503e+00,-7.508527740801131500e+00,-6.301056055289070201e+00,-8.949090693678174446e+00,-1.592760423699716021e+01,-1.499375321990565268e+01,-1.588426285668423255e+01,-1.347429543061364043e+01,-1.347951107970754059e+01,-1.109946439409614527e+01,-1.053340324714667808e+01,-6.246911073089542299e+00,-6.224627333896276760e+00,-9.619742591410203048e+00,-1.092883328073903115e+01,-1.350470132352714181e+01,-1.219888019584175254e+01,-9.022780911058635667e+00,-4.739431921889851296e+00,-3.751420969325573118e+00,-7.199290695575703225e+00,-9.457779171241138982e+00,-8.016319552534504567e+00,-9.181844175758218540e+00,-8.155315359732261626e+00,-3.968856190660394301e+00,-1.514556508476456953e+00,-2.269220572868292152e+00,-6.338405493471799268e+00,-7.081224541120315408e+00,-3.179269535489786414e+00,-2.525626351797771285e+00,-4.192151328529532428e+00,-6.445212294837753930e+00,-9.843707678461433019e+00,-1.522582703515102942e+01,-2.176949009859472284e+01,-1.949076779085890720e+01,-1.857106379996564982e+01,-1.768175037462908605e+01,-1.834683385379332421e+01,-1.587834783245746273e+01,-1.693543314127097332e+01,-1.473627071721213255e+01,-1.638956234419256219e+01,-1.609722688950990488e+01,-1.487332428868551837e+01,-6.459482732474019606e+00,-1.480410010537703380e+00,-1.230867254777979536e+00,-3.938222886945901724e+00,-2.037458370589384948e+00,-3.196661259534355759e-01,-2.670523338294692905e+00,-9.238222992397789213e+00,-1.743596949433921850e+01,-1.683717685982696821e+01,-8.936343184259152750e+00,-6.068045454456898469e+00,-6.212991437384564719e+00,-9.778296467056847519e+00
-2.002118809420363377e+01,-1.075829923018476997e+01,-6.154218731966233591e+00,-5.021026217623760779e+00,-6.356948540679046467e+00,-7.167868458014681643e+00,-6.549149117299488232e+00,-2.824824671943749088e+00,-8.183490021865030828e-01,-1.526728044564247488e+00,-5.619584698874251494e+00,-1.475108950657952178e+01,-1.812629852079807335e+01,-8.850256346670308361e+00,-5.298303858229988172e+00,-6.422809088252540377e+00,-8.769072189618993818e+00,-5.657693810850255467e+00,-6.477091896130626303e+00,-1.115767881565524178e+01,-9.694831115410739386e+00,-6.183640747744226118e+00,-4.704365374226319396e+00,-7.826743063860033267e+00,-1.264781448177825318e+01,-9.437318172894025636e+00,-4.049264357827036420e+00,-3.392433585254195361e-01,2.034419622341402167e+00,1.881247050629550666e+00,-1.780492294425690958e-01,-4.824211382290481076e+00,-7.889045210319301837e+00,-7.177773600738299287e+00,-1.038269961418065890e+01,-1.513613682581966025e+01,-2.027156301369344504e+01,-1.954725403265845429e+01,-1.829061927293476231e+01,-9.664847196044778599e+00,-5.958600255779754384e+00,-6.591211919072328840e+00,-6.893854826736032670e+00,-5.925648813633094036e+00,-6.536305697676830562e+00,-3.649892609121796028e+00,-2.546111189669236108e+00,-3.543400962437902368e+00,-8.446922883055263398e+00,-1.398019288625932255e+01,-1.856039380668697447e+01,-1.952676193516953518e+01,-1.237147736190853209e+01,-6.420356523945815574e+00,-6.924490516907290782e+00,-9.928095605280390146e+00,-7.309540513824125618e+00,-7.720470795323862490e+00,-1.259036393463611603e+01,-1.304458973551155054e+01,-1.423536258622219641e+01,-1.675688894619619163e+01,-1.812674627178593667e+01,-1.949627681065322804e+01,-2.067790059756515575e+01,-2.111295550568659607e+01,-2.197966543355382640e+01,-1.967205158032869150e+01,-2.075350524429091692e+01,-1.326202350989320244e+01,-9.633935257232279170e+00,-9.788961282717913548e+00,-1.235993533607404338e+01,-1.077095253039431455e+01,-8.140525116277087747e+00,-3.672276019857919849e+00,-2.419052173817684448e+00,-5.366359169111776239e+00,-5.046026055979423219e+00,-3.745702620036374775e+00,-6.677905475953593850e+00,-9.415151343085712554e+00,-8.333931769643511345e+00,-8.010853450325198466e+00,-5.602012430222401029e+00,-2.382030408212362005e+00,-1.053874243763638585e+00,-2.309401652247021541e+00,-5.679196234260286857e+00
-1.673405251825662532e+01,-8.944670129987530416e+00,-6.685223854125890597e+00,-8.091641932501829615e+00,-1.128434790121881548e+01,-1.074908801890853738e+01,-8.766994068048949984e+00,-3.488530280418637997e+00,-1.403401693643448800e+00,-2.497692724059623171e+00,-6.363885263303168394e+00,-1.528905484819770777e+01,-1.675765104670273686e+01,-1.181431240157077234e+01,-6.492679698798889731e+00,-3.133070914755764491e+00,-2.561693310030364934e+00,-3.340250539537379382e+00,-6.022379274991221720e+00,-7.324988127763109702e+00,-4.099782468569009630e+00,-2.534481439543397663e+00,-3.049024574752701167e+00,-5.927194593488273711e+00,-9.334451218296710096e+00,-7.019805348009095169e+00,-3.843692644073844811e+00,-3.360694685219121958e+00,-3.149231605263272726e+00,-4.591362147434453256e+00,-5.856273166645367567e+00,-3.607315393612909205e+00,-2.622268560305728080e+00,-3.769306011273896750e+00,-7.124143436887210079e+00,-1.272055688119472450e+01,-1.588696729330191992e+01,-1.492898755458960913e+01,-1.607563787945231226e+01,-7.114384677170082938e+00,-1.130662144443608463e+00,8.470183139118975246e-01,-5.509694418467273591e-01,-6.342875090868849597e+00,-1.066483155094591240e+01,-7.721811961634714727e+00,-6.865820414645779302e+00,-1.092232422945194692e+01,-1.264671960898808045e+01,-1.657690817072875689e+01,-2.250662748795702939e+01,-2.095806711419184509e+01,-1.078286852603568136e+01,-5.277915931362798574e+00,-2.265312268063898848e+00,-1.921185998043441145e+00,-8.780784178332642353e-01,-1.827277841175997342e+00,-4.500069433805721886e+00,-7.004775939131141271e+00,-1.033704770597300104e+01,-1.332426590668527666e+01,-1.685885251912855409e+01,-1.629384094476699829e+01,-1.458762235928298878e+01,-1.372234284788146041e+01,-1.409389292745661848e+01,-1.411122916493200741e+01,-1.732252453177943252e+01,-1.039052490214379532e+01,-2.744879387759365574e+00,1.172546012138009491e-01,5.772314533955396065e-01,2.529595765369223037e-01,4.207037075394694237e-02,-5.822156071995517740e-02,-7.166416762404133056e-01,-3.467742311421613710e+00,-6.378571256659085087e+00,-9.619546045486192298e+00,-1.576677562195555637e+01,-1.580206405040913076e+01,-1.467428379757959966e+01,-7.040187256452732356e+00,-2.574269687014639096e+00,-2.393585265567482523e+00,-6.322147273150870994e+00,-1.160415889269539313e+01,-1.141127011471224861e+01
-1.452106461040955665e+01,-1.071220859369837264e+01,-9.223736994248584509e+00,-1.036125235494814412e+01,-1.142110983276725733e+01,-7.578839253662223996e+00,-7.328856485230581974e+00,-1.007139632755652414e+01,-9.133630775867548124e+00,-8.157763838319850080e+00,-1.044205381189073911e+01,-1.670197985046788247e+01,-1.768394186353324926e+01,-1.547803925392322988e+01,-8.656354688163986566e+00,-6.926240388836179207e+00,-8.779357623000789701e+00,-1.147737068386006243e+01,-1.094106982749207546e+01,-1.095661333001645943e+01,-1.123165084948217007e+01,-1.252106182882212160e+01,-1.312534570850823989e+01,-1.201592529537086129e+01,-1.357706805727535659e+01,-1.102267725127083864e+01,-1.219792132897484649e+01,-1.226235027510420750e+01,-9.709835583106018575e+00,-7.872850810002563371e+00,-8.557422447536504606e+00,-9.913138976317123152e+00,-6.635387575218394396e+00,-4.294554656049363039e+00,-6.650561870937060860e+00,-9.952065820756711645e+00,-5.197701798345809365e+00,-3.551420591108122693e+00,-2.707273615379747866e+00,-2.344071036312358025e+00,-9.136406799149874303e-01,1.054292114335987574e+00,2.433652158339045801e-01,-5.332729101783239223e+00,-6.284401590235643376e+00,-6.053004736066760927e+00,-1.003666565023866752e+01,-1.905635257412616568e+01,-2.026320984578670448e+01,-2.050185406835455737e+01,-2.138605212268972622e+01,-1.973604550487116782e+01,-9.161592068528770838e+00,-5.130725237659942373e+00,-3.522923397002706736e+00,-2.781967560042053034e+00,-2.535627664610414556e+00,-5.185493360141697039e+00,-5.154731875819440923e+00,-5.312036928601730601e+00,-9.770929256552143727e+00,-8.113600071435584482e+00,-3.823895345293195636e+00,-3.165780026675727221e+00,-3.917298582958449682e+00,-7.939612722461973249e+00,-8.063354469089999199e+00,-3.909492086672532007e+00,-2.135995071668429723e+00,-7.697192414915818848e-01,-3.558711254812997882e-01,-1.861773108114677555e+00,-1.254756293105070142e-01,-4.254135133027225346e-01,-4.897948343467835919e+00,-7.554145140839474415e+00,-4.060683632809344523e+00,-2.832149327005245798e+00,-4.237473285235324738e+00,-7.804848278599574307e+00,-6.071100814394037037e+00,-6.145220228652925165e+00,-6.790628095662494701e+00,-4.722937669612019107e+00,-4.522148010313959077e+00,-7.851186117507461759e+00,-1.289558795430606430e+01,-1.712197297318537537e+01,-1.769449735763377873e+01
-1.768934409062665125e+01,-1.841608477535104527e+01,-1.884722193022419745e+01,-1.969070580489653466e+01,-1.858328100433923424e+01,-1.238666329975415081e+01,-8.711569170306500354e+00,-7.832293121102161138e+00,-7.564975442140734252e+00,-1.009029442632458817e+01,-9.093705525509733434e+00,-6.999708751930778128e+00,-8.519536253204918808e+00,-1.257971138882457751e+01,-8.199616446530908931e+00,-4.869175327843741741e+00,-4.629504467759813835e+00,-5.597984888163724193e+00,-7.431389632081627283e+00,-1.098308814737133510e+01,-1.367437140430722842e+01,-1.559044865670060709e+01,-1.645109291593158929e+01,-1.157526705923833354e+01,-1.322157826190604268e+01,-1.442918653147561159e+01,-1.128842153585046759e+01,-1.379241516177815541e+01,-7.538018637133720112e+00,-3.492431638608301636e+00,-2.261304062378025392e+00,-1.293947574061068417e+00,2.491418763301930517e-01,-5.198101311572170813e-01,-4.046599336959337379e+00,-4.224925800394687236e+00,-2.279387655485897390e+00,-3.344688704373889099e+00,-2.840501287468898184e+00,-5.839261688796201000e+00,-7.348167979179468290e+00,-3.620491728134089371e+00,-9.936820662086869316e-01,-6.083779699546354447e-01,-2.064079653266887249e+00,-5.770098691147969028e+00,-1.135083425896508302e+01,-1.796108834635942486e+01,-2.030267490300916933e+01,-2.049961229733058232e+01,-1.910230189696290282e+01,-1.759882440692500083e+01,-1.292993008642268293e+01,-7.753846926796705397e+00,-7.254973255798108589e+00,-7.355222271937400969e+00,-4.227490031921927738e+00,-4.029512865356821294e+00,-4.470161480174392743e+00,-4.589211845084240515e+00,-7.531112434720634852e+00,-6.013777356398732898e+00,-6.115924723085743864e+00,-3.215939139801994973e+00,1.254143579696704314e-01,3.814075989537098477e-01,-1.685377417650437915e+00,-6.754703360874927398e+00,-6.348363673061052204e+00,-1.828660058760945617e+00,-1.182602224453121353e+00,-4.727763967362715647e+00,-4.844288100341432646e+00,-8.067034800754004920e+00,-7.831665967416046037e+00,-7.750969011532633068e+00,-1.389423927956057625e+01,-1.259350905830698863e+01,-7.767476123078425054e+00,-7.700400201477726192e+00,-5.033159313765459331e+00,-3.080340222695832075e+00,-4.085714156324081969e+00,-4.682804844930376298e+00,-8.159710861014243477e+00,-1.689151346683502197e+01,-1.932636585450710243e+01,-2.004225602365077918e+01,-1.846985013323618929e+01
-2.221561618675863059e+01,-2.340056751903734877e+01,-2.327864423102902336e+01,-2.212840240790431778e+01,-2.230448638406911144e+01,-1.861615617472426365e+01,-8.006797644876895603e+00,-2.146362826238645383e+00,3.849693159680004917e-01,5.162767166078363612e-01,-9.090704783386747145e-01,-3.698007011253043430e+00,-5.193046304964481052e+00,-8.673541706755646175e+00,-9.140318523224134850e+00,-3.760957885897697306e+00,-2.555719708344597940e+00,-4.519990698819546182e+00,-8.381050230865191963e+00,-9.667303825679578466e+00,-5.164236315771153052e+00,-2.895362167598161562e+00,-2.097613650491405135e+00,-3.645349504583676126e+00,-7.128685321686859311e+00,-1.033336098973912343e+01,-7.507843080992088858e+00,-5.745341575452427740e+00,-3.165749820397424585e+00,-4.828319938335203787e+00,-8.733736347435112179e+00,-7.410384727809998573e+00,-6.205851556859294682e+00,-1.383116428364379979e+00,1.801334521551161361e+00,1.764441017859748495e+00,-1.266850978296243158e+00,-3.991821546075034810e+00,-1.276747619379591914e+00,-1.516540014474025533e+00,-5.793459252622398914e+00,-4.554012572503587819e+00,-5.673018319315199953e+00,-8.503717712536314366e+00,-5.051987488102867907e+00,-6.423563144933011948e+00,-1.168516886861700677e+01,-1.338613544729419225e+01,-1.228858166036749289e+01,-1.014340737079011134e+01,-8.584180146338473705e+00,-8.508986949672067368e+00,-1.038880085653828544e+01,-6.899143595206446378e+00,-2.291035888469743043e+00,-1.272424628961935422e+00,-3.364967982703557237e+00,-7.655589777825832165e+00,-3.856375498152722958e+00,-3.692243289202451706e+00,-6.291563273043392357e+00,-7.965216708474589069e+00,-8.830002117425875596e+00,-4.957528356238639411e+00,-5.816258290945377496e-01,-3.735999233254382323e-01,-4.378257280313654576e+00,-1.235742135155469867e+01,-7.545584934042360636e+00,-1.919280487743794561e+00,9.698909259772390268e-01,4.494954194353641408e-01,-9.538774374089651342e-01,-2.561455280362029630e+00,-3.317569872954356125e+00,-4.482052226543874696e+00,-9.019891356167040186e+00,-1.305890792563445579e+01,-6.322207012332808240e+00,-1.345080922434764625e+00,8.352350703216529504e-02,-3.167681629267955490e+00,-6.866427042269449110e+00,-6.128998297469732570e+00,-9.449711438408471054e+00,-1.773063252563763470e+01,-2.024749953316566575e+01,-1.739473575039913911e+01,-1.510659598497519873e+01
-1.668977790577967468e+01,-1.741653151440441150e+01,-1.940909428883315968e+01,-2.140301364346554536e+01,-2.299250225196207253e+01,-1.767233372362036548e+01,-8.860204762534090506e+00,-4.069360085773102931e+00,-2.164353663594587918e+00,-2.976002969131131159e+00,-5.978018427617792341e+00,-9.405884046751753047e+00,-5.518210070473807072e+00,-3.479032387431794771e+00,-3.119110883766771369e+00,-4.538139440735480257e+00,-9.934214805301866846e+00,-1.557951370397008439e+01,-1.457519949154746186e+01,-8.479796192923883424e+00,-5.894357535623965916e+00,-7.259481727948265295e+00,-6.750803473566596047e+00,-3.017546418655131735e+00,-3.363700879258068710e+00,-4.411614256546853241e+00,-3.518341745495011885e+00,-4.835035180522450737e+00,-5.001295299108202919e+00,-6.075293905752942258e+00,-1.093762691442231549e+01,-8.339959830717932121e+00,-6.328623059023647635e+00,-7.204586779037875921e-01,1.475957961522806006e+00,-3.170870312951729053e-01,-5.033978122722399640e+00,-2.554048944820043854e+00,-2.878703861276766141e+00,-3.537050458735653269e+00,-9.389238703431755928e-01,-1.401602474401032694e+00,-2.811012115604896167e+00,-1.356986512768973308e+00,-8.985795438619194053e-01,-2.897053766954529319e+00,-7.688658322774825749e+00,-6.357242654056701525e+00,-2.578137225250860531e+00,-5.801608633126142944e-01,3.537618425583705095e-02,-4.476031451293484564e-01,-1.902410246004679673e+00,-1.435247902056426383e+00,-9.760166050120487879e-01,-3.277455456808727519e+00,-8.854552499333719240e+00,-1.873278112519056293e+01,-9.956261817673992098e+00,-3.209412721168649174e+00,-6.487378838303134998e-01,-1.463914631371372455e+00,-4.357087471938159595e+00,-7.388860227638497369e-01,1.428120967158277521e+00,3.069555238545767506e-01,-3.841618399674955331e+00,-9.857744074405584200e+00,-3.596320767501365534e+00,8.416957245610962035e-01,8.738716321409141230e-01,-3.287480177873784104e+00,-5.664790758908607060e+00,-4.788020714867992744e+00,-4.913614898413258381e+00,-2.834511932829408831e+00,-4.513440384732601451e+00,-9.602222296724418626e+00,-5.728046108779490275e+00,-9.352863718794056647e-01,5.688593954603271552e-01,4.321339800192351421e-01,-3.239036980431913570e-01,-2.153414508202673439e+00,-5.583671342049326469e+00,-1.023607011464305394e+01,-9.479653275998911610e+00,-7.900896017712757846e+00,-8.716923749536499955e+00
-8.267305821404420385e+00,-9.675450424502667346e+00,-1.338064273945371063e+01,-2.044689246855283926e+01,-2.304167839817534613e+01,-1.881723969323294554e+01,-1.754900494733251293e+01,-1.464361662255194041e+01,-1.011787576738156780e+01,-1.001579676310818812e+01,-1.154662922584920892e+01,-6.567104720979704879e+00,-5.731214179244256357e+00,-8.058021481257435781e+00,-8.067440092115473860e+00,-8.621605460805104926e+00,-1.233738432835815502e+01,-1.134923381330375314e+01,-7.619979698407022717e+00,-4.821076481026261185e+00,-5.808326304526088890e+00,-9.977511344127412585e+00,-1.381616523175647337e+01,-7.925643585006096892e+00,-3.277565676014331242e+00,-1.031452179614072096e+00,-3.103389754193778938e+00,-6.842840217962782745e+00,-5.592124262950698643e+00,-8.911943124649219783e+00,-1.358646850119855998e+01,-8.114104761216873740e+00,-2.364734089781033166e+00,-2.882076559099893687e-01,8.054522412121856156e-01,8.933412761705809002e-01,-1.487724318246083921e-01,-2.766971860207001033e+00,-6.768258927684080994e+00,-8.255810649771438747e+00,-4.510971562754838793e+00,-2.675851876479818703e+00,-3.509203799644877275e+00,5.607197195522599653e-01,1.363443497264925863e+00,-1.890280667356306399e+00,-1.005887943674299123e+01,-9.486105328663848368e+00,-5.562732042520678100e+00,-5.933540954797255296e+00,-9.683782830456257429e+00,-7.142482669692735264e+00,-4.135081065346003726e+00,-4.164914832000543576e+00,-7.964948785830904932e+00,-7.097898749256492223e+00,-7.286136822144787750e+00,-1.284772585978017290e+01,-6.173876622670743330e+00,-1.381673969492085208e+00,-1.188877209088821107e+00,-4.799438479797620616e+00,-2.789123696563905241e+00,-1.403839196437353554e+00,-4.485413150004061933e+00,-5.475347518234660704e+00,-5.005879776482295540e+00,-7.319975318681252396e+00,-1.746140317970368727e+00,1.668303326728116431e+00,1.860982022003123681e+00,-5.849049514502241420e-01,-5.003980617688380761e+00,-1.288484592545301410e+01,-1.388384867790050059e+01,-6.213017080847482276e+00,-1.974176029730728255e+00,-2.103182612816782093e+00,-6.242507114266815371e+00,-3.465804401775506971e+00,-1.492070079807374050e+00,-3.635186391783689075e+00,-3.196478443338861553e+00,-2.097026445643794368e+00,-6.086966979072282236e+00,-8.053838145015831174e+00,-6.447376776458625613e+00,-7.472231389884662178e+00,-8.992598811934765735e+00
-6.743909216464910372e+00,-7.305527184690747688e+00,-1.130311027594975037e+01,-2.002670617748920279e+01,-2.310457366391232270e+01,-2.279911507341198629e+01,-2.173172963203344210e+01,-1.800188263556114876e+01,-1.085339336646230635e+01,-6.715405041561987254e+00,-4.706802497904999605e+00,-7.241628695923583159e+00,-1.291322058842594522e+01,-1.514814946055412292e+01,-1.142738620611958034e+01,-8.633605901235924307e+00,-7.952784533787490950e+00,-4.963452832703303841e+00,-2.019149697924915277e+00,-1.126401516794895752e+00,-1.251562049569513002e+00,-1.551413281570377833e+00,-2.126477448721381336e+00,-4.007333022350606733e+00,-4.196282496028780784e+00,6.903835201926556975e-01,2.285417657108326228e+00,6.714740611032470330e-01,-4.687819362358939479e+00,-1.456450093016588632e+01,-1.568909235018536563e+01,-1.066160734300326496e+01,-1.101261125157650334e+01,-1.391901148743647454e+01,-1.119501467479070733e+01,-7.201138029772945259e+00,-5.929537647125430411e+00,-6.719898178487231810e+00,-1.352213784043950184e+01,-1.822224667914828089e+01,-1.289084725339609960e+01,-3.641479124049866289e+00,9.970845733043830483e-01,2.031746772452278638e+00,5.526537923702508071e-01,-3.076159209321912336e+00,-1.007280749389271612e+01,-8.203419568563314002e+00,-7.048295476606914356e+00,-9.242017795268754554e+00,-1.599460623945508608e+01,-1.610809458243219439e+01,-1.534576375681654881e+01,-1.306980477598376744e+01,-7.077083251081910831e+00,-3.479612918316799863e+00,-1.309746296812878130e+00,-1.249733410045986925e+00,-3.248727693174376263e+00,-1.205981356470366084e+00,-1.710942501402013538e-01,-1.780529204856243775e+00,-3.954611490179497313e+00,-7.581913501472401506e+00,-1.008021324917786110e+01,-9.038066993978686625e+00,-5.281355671864703005e+00,-2.361191132021857708e+00,-6.732826367391735456e-01,1.694700567776519229e-01,-2.589397798043287846e+00,-7.548471990804698883e+00,-5.372895956711661647e+00,-6.519304411527805598e+00,-8.714854216665253617e+00,-6.953289737938938231e+00,-6.798020857155210983e+00,-4.200168894414782805e+00,-3.469418053032963245e-01,-1.285400245587264567e-01,-1.013043585856606255e+00,1.103724820373047644e+00,2.458895556899172608e+00,1.799089199620039992e+00,-9.317888423386723462e-02,-3.358841253509325053e+00,-8.195775114504018077e+00,-1.320128149421591424e+01,-1.346909800776861665e+01
-6.888626005416526255e+00,-8.160694632315097508e+00,-1.379074955882882669e+01,-2.142219692603089598e+01,-2.429785919906501590e+01,-2.418524283394777541e+01,-2.234948728765760251e+01,-2.234617378478659688e+01,-1.366316414954967051e+01,-8.444800000441702537e+00,-7.822886402669706030e+00,-7.360494085468519465e+00,-3.560272953844159982e+00,-1.671634793877964764e+00,-1.252506713782038039e+00,-3.492116825206510011e+00,-1.010527304643975199e+01,-8.564782486822371865e+00,-8.580023083583752097e+00,-1.146104925243478156e+01,-1.353158019197390516e+01,-6.931790289551341466e+00,-3.560116085149452658e+00,-1.401590991402885233e+00,-1.203389256526068429e+00,-1.016444317915974116e+00,-1.409096742829629934e+00,-3.130815084417904348e+00,-6.795840994980101968e+00,-1.518241405038905256e+01,-1.557628532818385558e+01,-1.672394303809431193e+01,-1.816309536489329091e+01,-1.773383971264487968e+01,-1.728667597304609416e+01,-1.806299367345365425e+01,-1.516491848006284293e+01,-1.293475612841154465e+01,-1.379782165441297970e+01,-1.797492705610461527e+01,-1.294868114568237161e+01,-5.957452500112970561e+00,-5.250888984170707374e+00,-6.771621662640201933e+00,-9.079129032468548743e+00,-7.120026002645044372e+00,-1.758198296868319410e+00,-1.019055063535172279e+00,-2.537324611330404878e+00,-8.105395097033420981e+00,-1.790252212563851586e+01,-2.240974849865848739e+01,-2.177082015159435002e+01,-1.974322815407487752e+01,-8.050726508959792582e+00,-1.020543927050202582e+00,1.169425977402737793e+00,-8.591751823407690614e-01,-6.219056700338798649e+00,-7.636831739343199033e+00,-4.421643688941078842e+00,-4.479137289015702628e+00,-7.781149856129983000e+00,-1.753701987750548241e+01,-1.895570682134843565e+01,-1.448694458222927040e+01,-6.680824063326182838e+00,-6.753587904393224761e+00,-7.584801353409158509e+00,-3.086031963316114624e+00,-1.555413501530174880e+00,-2.646810135000150943e+00,-3.432748885475155110e+00,-5.658405409943788378e+00,-1.094814516637558377e+01,-1.453111337853553664e+01,-1.079045123802988115e+01,-6.588636039473515282e+00,-6.225990231123296192e-02,1.031359068425545811e+00,-1.033963568981288716e+00,-4.336975611320914026e-01,-1.395726837002045473e+00,-7.222971508041360345e+00,-8.258348321342575460e+00,-5.282214954687121100e+00,-6.296939549365437649e+00,-1.101554577332690243e+01,-1.765770188668616569e+01
-7.556430040893697964e+00,-1.192354393184633210e+01,-1.956245039280195996e+01,-2.296896771201513587e+01,-2.381239634707458208e+01,-2.379942023574857757e+01,-2.271737704778972500e+01,-2.247145261979640907e+01,-1.402140746977096164e+01,-8.638130114490824241e+00,-7.546670085841551412e+00,-5.571342216552536364e+00,-1.645217237854026404e+00,-1.388135867709332505e+00,-1.789276851089041109e+00,-3.071981369384697569e+00,-6.910534650311434213e+00,-1.505078023448026237e+01,-1.579337285335798846e+01,-1.641111949332674769e+01,-1.649499847745536840e+01,-1.419438802299642965e+01,-1.340881570299765180e+01,-1.546819672615904473e+01,-1.489080903135744194e+01,-1.513734271920713326e+01,-1.390576477875386807e+01,-1.222748443865238244e+01,-7.421281795752675770e+00,-8.332497098476142838e+00,-8.076061565591778901e+00,-8.360415035396590255e+00,-1.231346971424002312e+01,-1.704022997393644090e+01,-2.117808621270316038e+01,-1.551653258603318264e+01,-1.035277031014736515e+01,-8.545397383153886750e+00,-1.021535679810029151e+01,-1.369242383483657299e+01,-8.726642879860516899e+00,-6.335730548850015964e+00,-7.032130483621941153e+00,-1.112534626444479535e+01,-8.277256694951452332e+00,-4.242549147062560699e+00,-1.885210715936272763e+00,-1.011864798081359540e+00,-2.420364973730498637e+00,-6.866773618791336631e+00,-1.723985171855840548e+01,-2.286615928850675772e+01,-2.296795810792679049e+01,-1.986728096725349246e+01,-9.528266554488276086e+00,-2.885597401335345147e+00,-8.579121921918288207e-02,1.284621102714393059e-01,-1.206573921532363203e+00,-3.788302645980926808e+00,-2.124282381075865089e+00,-1.693416854853657005e+00,-3.735786734581259871e+00,-7.814112152932281674e+00,-8.848896560140122602e+00,-9.880822502132645013e+00,-7.253086272262988743e+00,-3.189724442836149088e+00,-1.815182532034586682e+00,-2.296713480813305175e+00,-4.811760073097044454e+00,-7.903507147168152613e+00,-4.600390469096184987e+00,-4.416547008530986140e+00,-9.144868631896219568e+00,-1.912085684215215764e+01,-1.198343863971251366e+01,-4.089991092401787931e+00,-1.744839671291971150e+00,4.085312666217411626e-01,2.723195583729381308e+00,2.786401684760094977e+00,-8.363955989313710537e-01,-8.428180160519099573e+00,-1.634256930638076710e+01,-1.500144150606671722e+01,-1.183540208133539728e+01,-9.969327616960482530e+00,-1.293354608958825125e+01
-1.017890323508054706e+01,-1.416527982761985349e+01,-2.035199132539275979e+01,-2.381388209547315427e+01,-2.374405875958894541e+01,-2.376924713841058434e+01,-2.288392726729686899e+01,-2.005167802473656380e+01,-1.169580647819920571e+01,-7.143641267504010628e+00,-4.907692712892715470e+00,-4.344455443301651343e+00,-4.717563660885382149e+00,-8.665944182895179537e+00,-6.405562867683575412e+00,-5.488159642855923614e+00,-9.143488429542770746e+00,-1.902753653114003285e+01,-1.776213585523734295e+01,-1.184017108167920718e+01,-7.268001205939099485e+00,-7.142472403670163672e+00,-7.598236288567234986e+00,-8.264662323141456213e+00,-1.174528510498821277e+01,-1.694145834177060195e+01,-1.534540362107126299e+01,-8.164309519574157292e+00,-4.498648719455962564e+00,-3.463339748771343096e+00,-3.412300507853129883e+00,-4.660649713268854022e+00,-7.904655610260210352e+00,-1.505814292914885399e+01,-2.086391462957052312e+01,-1.330297380103204397e+01,-6.696579248161244280e+00,-3.096916105804454755e+00,-1.693545047331297626e+00,-1.571817312328340988e+00,-7.766627088537932933e-01,-1.244297252600107484e+00,-4.312861793303399693e+00,-1.054440206782262202e+01,-7.420509860479741704e+00,-6.651972448467311949e+00,-8.807549335678716673e+00,-5.931670008997495636e+00,-4.681612078856704606e+00,-7.755324425105762032e+00,-1.774007352850490804e+01,-2.273778223095083462e+01,-2.302350383145468626e+01,-1.997792381003387163e+01,-1.545664623446930541e+01,-9.039204391321741028e+00,-6.143499286551224792e+00,-7.707814233895755152e+00,-7.282269366477665429e+00,-2.518161530286962879e+00,-1.552727262978792044e+00,-3.845399217629329236e+00,-4.489851129957285636e+00,-2.799875170930771873e+00,-5.029136699169201918e+00,-9.574168033617779017e+00,-1.045830779236958463e+01,-3.695510078186547531e+00,-3.083623379580956669e+00,-6.258824657676811398e+00,-6.099354996240901272e+00,-2.521727723461624660e+00,-1.050118339973190151e+00,-8.538978750491645897e-01,-2.696883334334033044e+00,-6.734115510366689428e+00,-6.413083162522854153e+00,-4.343108441456592139e+00,-5.098110672156501266e+00,-5.362511201590103305e+00,-2.054026490826635687e+00,-2.504515302406459476e+00,-2.538832623366252594e+00,-1.855064948949843862e+00,-3.263661703938810277e+00,-4.265617974803615375e+00,-4.318765402862563718e+00,-3.977950966377791442e+00,-5.879852809852227580e+00
-1.738832987699293398e+01,-1.865554287021321400e+01,-2.010130144958209186e+01,-2.198859198649126867e+01,-2.273337876617460296e+01,-2.214335114794566195e+01,-2.037826956662916444e+01,-1.747649247036840592e+01,-1.514396176571236552e+01,-1.386351251422910735e+01,-1.461625365296700885e+01,-1.385207968546931845e+01,-7.019603907389748265e+00,-4.074145125603317652e+00,-3.981855036004593451e+00,-6.536870553081197244e+00,-1.068815375629224285e+01,-1.798024970696384628e+01,-1.821669639770249560e+01,-1.011593976549636231e+01,-4.808560088725018389e+00,-2.246633786925191778e+00,-2.587232041613836131e+00,-6.381764777060737970e+00,-1.326257149079688524e+01,-2.054741543307340379e+01,-1.533458043758134259e+01,-7.585002632965719194e+00,-5.572686033141343920e+00,-8.204549968491232192e+00,-8.654581425557459795e+00,-5.669728625761835339e+00,-7.485085548762988594e+00,-1.574404353754860963e+01,-2.232052251987887459e+01,-1.580156052202210404e+01,-1.144429134874415510e+01,-9.161357190375937876e+00,-6.883010127525636790e+00,-5.371414758518856303e+00,-5.276496959129817199e+00,-7.543417682435321403e+00,-9.829031885790644907e+00,-1.032386147438135282e+01,-6.728454672752466337e+00,-4.010017920145414472e+00,-2.846605304348513776e+00,-3.294483850737337960e+00,-5.591174476801004545e+00,-1.072226342222744400e+01,-1.757417125630199450e+01,-2.153030301753739550e+01,-2.149848745102272929e+01,-2.009512212222680105e+01,-1.863476689238297368e+01,-1.051953476443326529e+01,-5.947218715024173541e+00,-5.036448606647047299e+00,-8.005737290892721347e+00,-6.203133258037269115e+00,-3.883437922427472877e+00,-5.102759617934208514e+00,-8.094383583032994878e+00,-1.138209506802092896e+01,-1.042400689277433834e+01,-1.194371559521309401e+01,-8.618453017975154395e+00,-4.375269769333806735e+00,-2.548211534092678754e+00,-2.675955863988125127e+00,-4.155578833756114143e+00,-8.159721889217992796e+00,-9.919282911863541941e+00,-3.716616739793785484e+00,-1.731116391147689892e+00,-3.329482819027218543e+00,-9.527313730322328311e+00,-7.855310786487464725e+00,-3.372894601840386031e+00,-3.339932503878958236e+00,-5.839225094681395944e+00,-1.364528921358567359e+01,-1.573532238042444220e+01,-7.525668246069348477e+00,-3.486488857488603266e+00,-2.999072314407221107e+00,-5.055886632026719063e+00,-6.537038672407319062e+00,-8.569143497854247116e+00
-2.312591770000027580e+01,-2.400247527065133823e+01,-2.307426217265595270e+01,-1.902557559120923969e+01,-1.415391844824740808e+01,-1.226688425702259977e+01,-1.203476824303318615e+01,-1.523383417523893257e+01,-1.888065840068616197e+01,-1.812827677475778643e+01,-1.853746081115608035e+01,-1.293972905775658155e+01,-8.316584048414588537e+00,-1.006136454451353046e+01,-1.295304336628519515e+01,-1.050751602470426604e+01,-1.388653086630025335e+01,-1.526795059397704613e+01,-1.429291777413590481e+01,-1.329045510740208513e+01,-8.825726831765999592e+00,-6.621281416120385899e+00,-7.621460174931619314e+00,-1.108334607871851496e+01,-1.562127861134091766e+01,-1.655432188690156892e+01,-1.680792424284425834e+01,-9.705574295574560750e+00,-4.935991954310495977e+00,-2.582140069244835523e+00,-2.812641697592641155e+00,-5.921995006557693841e+00,-1.198158118061553346e+01,-1.378495979846868380e+01,-1.570894551546053819e+01,-1.663181937637185825e+01,-1.982935591389362173e+01,-2.063337685470294147e+01,-1.927500577976829277e+01,-1.841115589787189322e+01,-1.858125496358799822e+01,-1.813255584239959717e+01,-1.907355863528144013e+01,-1.572763702833562860e+01,-1.274989238179716011e+01,-1.208671232228888570e+01,-1.227611893863606340e+01,-1.157725559231033863e+01,-1.095123178080508630e+01,-1.504874362981409064e+01,-1.521304458334929954e+01,-1.576984401439365513e+01,-1.683741706788988068e+01,-1.511807726110730776e+01,-1.513930373397984930e+01,-9.181890265834063314e+00,-3.872000488767722626e+00,-1.817550594729364422e+00,-8.665997900928307240e-01,-4.875728598453587526e-01,-4.850360542142770903e-01,-3.561382270067986244e+00,-9.482968584263234746e+00,-1.169346951071481122e+01,-1.072507986000606017e+01,-7.468471725632373825e+00,-7.938801533857682280e+00,-8.291033898081098030e+00,-1.028027016663909876e+01,-6.635266135173632840e+00,-6.339887720371659263e+00,-9.424958963983488758e+00,-5.380639678287439054e+00,-4.815167121197047706e+00,-8.640575592006955574e+00,-1.182761198864843699e+01,-1.115094670182780234e+01,-9.027177526986688960e+00,-1.207292615650291800e+01,-1.088874823437597605e+01,-8.444222320739488197e+00,-1.016442268324973952e+01,-1.431118426914501995e+01,-1.389263472341953332e+01,-1.180989665868587046e+01,-1.169516469392561397e+01,-1.419096009175580164e+01,-1.722874376289826515e+01,-1.805814657533975520e+01
-2.340358790419155355e+01,-2.418336489415706581e+01,-2.351504861322560558e+01,-1.833088969377646649e+01,-1.175826101912591604e+01,-7.204811272316408832e+00,-6.027240197237272668e+00,-8.134793325250310403e+00,-1.371668432440076479e+01,-1.472372283478428479e+01,-1.288669404409881736e+01,-9.218945357136259844e+00,-5.960737318248677141e+00,-5.165741485312469017e+00,-6.054653302507293056e+00,-7.963980870139329760e+00,-8.771553302169742494e+00,-6.502166442727124185e+00,-4.885411265509245204e+00,-4.529973791940207661e+00,-5.368831117966569089e+00,-1.014378941193559136e+01,-8.852941210556746654e+00,-6.411837653558056793e+00,-6.788986315509598413e+00,-8.602245401100892863e+00,-1.074553745312798370e+01,-9.438569470455771437e+00,-8.261533942437710110e+00,-1.017456890519400226e+01,-5.716910655785324202e+00,-4.023107892308468436e+00,-6.754539196988694094e+00,-6.286933199467515720e+00,-7.428858946140547204e+00,-1.114114286308001667e+01,-1.380541410840543648e+01,-1.414219702276072077e+01,-1.592436706078679975e+01,-1.507215306857474779e+01,-1.505864877539469759e+01,-1.739848143624183763e+01,-1.884576514340881204e+01,-1.421869767967023357e+01,-1.222422485244005230e+01,-1.395418648276113949e+01,-1.608062194276573109e+01,-1.527820929750463996e+01,-1.263715681187192352e+01,-1.005271862021514373e+01,-5.798266930351579695e+00,-2.996504835376543774e+00,-1.828904242638176525e+00,-2.803560265054562350e+00,-5.685493414409291013e+00,-1.087046223497928565e+01,-8.389633709774876991e+00,-7.427296881921085614e+00,-8.835189991763659378e+00,-8.787040344604003295e+00,-6.413485873924722469e+00,-3.329734788521339972e+00,-3.865045525224203526e+00,-2.616256867944179110e+00,-1.262722019055382061e+00,-3.455704197245545117e+00,-6.695733341032593877e+00,-4.226775844131519300e+00,-2.844640172268719347e+00,-1.221555343593201171e+00,-1.535723826141600912e-01,-3.481642133477528822e-01,-3.217669709182967797e+00,-7.933597353728194079e+00,-1.490709059220507626e+01,-1.922241448101244643e+01,-1.436121733654710653e+01,-9.474961169232102520e+00,-5.693682948393480991e+00,-4.700476250376664389e+00,-4.830706681187887597e+00,-7.680002924194909930e+00,-1.339871501115928076e+01,-1.470222236877097188e+01,-1.360827670644100529e+01,-1.210262439035831505e+01,-1.435701924428007636e+01,-1.752033991293799531e+01,-1.950409677871187952e+01
-2.389836407783336369e+01,-2.377159015038855827e+01,-2.259344044574221400e+01,-1.837581368496543632e+01,-1.628769022719304260e+01,-1.416264142667440495e+01,-6.989302649309760973e+00,-3.573782655725577850e+00,-3.671734676213192827e+00,-6.556834132151496242e+00,-9.832807763178545102e+00,-6.657954987502636257e+00,-5.142990958645827781e+00,-6.334817345765300090e+00,-7.774656856194474663e+00,-1.036285219156652460e+01,-1.194557227138289868e+01,-7.995488565219075916e+00,-5.778416710912733123e+00,-5.353763084494529423e+00,-4.471171443399629908e+00,-6.523411753258311130e+00,-9.348724331398654996e+00,-2.452466263236211752e+00,1.919542494887762629e-01,-5.828699299232348308e-01,-2.886976915655860676e+00,-3.518281945512328868e+00,-5.264237439161853160e+00,-8.624564567454775954e+00,-7.446680449453511486e+00,-5.672805712411277845e+00,-7.040029131352229186e+00,-6.720316634422406565e+00,-6.138433677809579159e+00,-9.292803460269942306e+00,-7.831395710545375088e+00,-4.361069495180495359e+00,-3.262481658677465646e+00,-4.281156642404489787e+00,-7.747905302092545021e+00,-1.227146148681640625e+01,-1.274785451938335079e+01,-1.005944771728569442e+01,-4.459564226809049181e+00,-1.896802763898832511e+00,-1.771675426035041134e+00,-3.850036119977432225e+00,-7.434244308256564793e+00,-1.057050843570465481e+01,-5.755251064728525101e+00,-3.918762163350120620e+00,-4.879328884991396720e+00,-3.144890423016832859e+00,-1.422263881804050056e+00,-2.563670392391530939e+00,-5.806202595787389065e+00,-1.191282875242089823e+01,-1.818922138034849212e+01,-1.737589839974740258e+01,-1.199985986455042486e+01,-6.278136160364724994e+00,-5.704505214511409683e+00,-6.502661858352699831e+00,-7.837408770782579026e+00,-1.952577900048695358e+00,5.317037167695886080e-01,-1.384610263889181070e+00,-5.811981487539561897e+00,-3.328642043495144698e+00,-3.978200753685962265e+00,-8.617086754684665451e+00,-9.539798549019304019e+00,-1.319760317551462236e+01,-1.918605550070454413e+01,-1.915728201453847035e+01,-1.636798090773417513e+01,-9.623965620994567871e+00,-5.529591111088157263e+00,-4.354471910520827826e+00,-4.425835309557168529e+00,-7.390236240356488295e+00,-8.799151589211664515e+00,-4.682768194214966151e+00,-3.202755536891071841e+00,-3.821453868299442558e+00,-7.207497547667725435e+00,-1.094044393883612010e+01,-1.337885042330376173e+01
-1.818556056255684794e+01,-1.846079577001414052e+01,-2.026268414267919837e+01,-2.153469590853927684e+01,-2.050363127808821773e+01,-1.480083996191956963e+01,-8.987043327854987496e+00,-6.040456755492920493e+00,-5.616596635035413954e+00,-7.463224529995954093e+00,-1.100981613747159393e+01,-7.365815543142476329e+00,-6.185827792138981707e+00,-7.686655396422287012e+00,-5.539652276970840283e+00,-5.826808996790935780e+00,-7.166927599763896595e+00,-4.694715823993941051e+00,-6.258820458581404900e+00,-6.379259919229530951e+00,-6.230437017473063221e+00,-8.865062320590915590e+00,-8.146038307731313211e+00,-2.623980641186489215e+00,-3.357948477421991984e-01,-3.979435402854464843e-01,-3.448071553926132626e+00,-5.770544672118766094e+00,-6.188114833114738644e+00,-8.342375238587084851e+00,-7.086625878524063005e+00,-5.704830635086934443e+00,-6.963267388200401697e+00,-5.985804765184123077e+00,-5.972031691916902751e+00,-9.784993725611752069e+00,-8.740607013379721124e+00,-5.926485429188811160e+00,-6.096076651122700696e+00,-4.124107499676931354e+00,-4.743407107665574607e+00,-6.773128584181344003e+00,-3.419133210817856927e+00,-6.196226981009840262e-01,4.582046474996670504e-01,-1.329741052795123668e+00,-7.097245853216145761e+00,-7.667650919967799794e+00,-8.115852399204010581e+00,-1.230942031001686132e+01,-1.513364501286270070e+01,-1.544517272397091467e+01,-1.265518638782931404e+01,-6.304901217761680776e+00,-1.604735628181652274e+00,-1.201549816773747059e+00,-4.754643433804350394e+00,-1.526857553478470386e+01,-2.002946681725351397e+01,-1.947002535923979494e+01,-1.618362533329124631e+01,-1.505132666207794045e+01,-1.156758902754102358e+01,-1.361788805714227202e+01,-1.452957655114114743e+01,-3.826189688736135519e+00,6.615664082092646003e-01,2.135102812426612928e+00,1.497948641829276728e-01,-4.758458794143638926e+00,-7.137338574219467269e+00,-7.864353732093888993e+00,-8.096715492611274101e+00,-7.702661536182311863e+00,-1.073534950580363834e+01,-1.260732273163652017e+01,-1.567721984664300372e+01,-1.220602153700993497e+01,-8.278763809598478574e+00,-8.879241719505840180e+00,-9.531822032190131466e+00,-6.166494368708559826e+00,-5.227179499462079271e+00,-3.202019798935257899e+00,-3.797764007069513781e+00,-4.940882612225036219e+00,-6.585425987279505122e+00,-1.226605126373749854e+01,-1.699389306136540156e+01
-1.040907109948925502e+01,-1.374482395774439780e+01,-1.874629327587615180e+01,-2.279567293654707072e+01,-2.150619645226270649e+01,-1.780502925510693402e+01,-1.735161195213633434e+01,-1.828604558715246498e+01,-1.804802696238783000e+01,-1.581415322759097641e+01,-1.208863421221424694e+01,-8.864698440060578832e+00,-5.809109325359638198e+00,-4.697491329667487392e+00,-1.768541642822258675e+00,1.310883237252053801e+00,2.200364179046617963e+00,1.157833880126910353e+00,-1.221114536225655689e+00,-2.328396778311265347e+00,-5.348794972482032506e+00,-1.164697725252997529e+01,-9.779854875310023843e+00,-8.839088352327060250e+00,-9.633804877113579579e+00,-9.090655828328957355e+00,-8.786620426895026981e+00,-1.159615412421692504e+01,-1.401271872592151624e+01,-1.695126434107472235e+01,-1.211869763431692526e+01,-6.973390654289632451e+00,-5.544951098718981619e+00,-5.779806423792265058e+00,-7.751287839018312198e+00,-1.097477628996497678e+01,-1.343395833861558941e+01,-1.460459633877402830e+01,-1.348574931684293254e+01,-6.763521500604045222e+00,-2.269674999611382304e+00,-2.402453080924530582e+00,-6.644315743115135398e+00,-2.137239426411635890e+00,-8.848765824993204410e-01,-3.216852333690775279e+00,-1.261530481334915699e+01,-1.395980567053744714e+01,-1.205396893463636765e+01,-1.215668420146282536e+01,-1.770262044533751222e+01,-1.920403795045121242e+01,-1.086028226403365515e+01,-3.358452989963142343e+00,-9.033169278501238519e-01,-1.409450342536237022e+00,-5.090940225953445974e+00,-1.429113938485769353e+01,-2.172381155114424800e+01,-2.111830335272882309e+01,-2.160291921106496105e+01,-2.106897153083543017e+01,-1.277804558976252203e+01,-6.114996950877340076e+00,-1.822592201469382056e+00,-7.503419819717291883e-01,-3.021619853767989916e+00,-6.951298880933510560e+00,-2.800940735508946844e+00,-2.463665146841947706e+00,-3.236850330231473283e+00,-1.155562169262817740e+00,-6.389959935357976406e-02,-1.108106138627570070e-01,-1.945084440053171049e+00,-6.486106125326281280e+00,-1.430653761472917118e+01,-1.484222513347640060e+01,-7.093512538680456281e+00,-3.637180971079751135e+00,-3.246078069384833231e+00,-2.375608565889323565e+00,-8.191301730092205302e-01,-1.740529427823043429e+00,-6.575359518758784994e+00,-9.775324161339522533e+00,-9.091839020413564398e+00,-1.089744641278919346e+01,-1.511056203053409952e+01
-1.464526578627134690e+01,-1.571793013587033805e+01,-1.977551009511589086e+01,-2.325374924419517697e+01,-2.192791800212143016e+01,-2.283560156642942474e+01,-2.202399165110480439e+01,-2.322351741252985136e+01,-2.313183442990582606e+01,-2.069812616549040030e+01,-1.972107161435865663e+01,-1.730104814884357722e+01,-1.734611432713673551e+01,-1.793598717764804107e+01,-8.701838730925455678e+00,-2.361410250897778340e+00,-7.489209850598826934e-01,-2.445067450185341329e+00,-7.219235548959638926e+00,-3.487248426317272276e+00,-1.416015063466537383e+00,-2.650442177049366688e+00,-1.945034398826861466e+00,-1.959153012133595606e+00,-3.415375427301812206e+00,-3.857319201538829567e+00,-6.292316325625082918e+00,-1.081729591654655565e+01,-2.061307400689089064e+01,-1.935741380103548792e+01,-1.727832236863616799e+01,-1.795395718660569884e+01,-1.900350810172862737e+01,-1.871082723947396076e+01,-1.797641977600585150e+01,-1.977705048439197810e+01,-2.069573751965859643e+01,-1.932604316123446253e+01,-1.218074505400836927e+01,-7.548348329345086150e+00,-6.171838877792644951e+00,-4.017200538997110826e+00,-1.507669187572572955e+00,-1.268108693862691094e+00,-8.836743156723257941e-01,-5.368263573194084204e-01,-2.711390335105807736e+00,-4.580469917793078771e+00,-6.493756386570464834e+00,-1.345332542487553162e+01,-1.921056032360048249e+01,-1.924373898291050011e+01,-9.455286129076677426e+00,-7.138457352869716388e+00,-6.103802044644839775e+00,-6.106053588148626865e+00,-7.862814598513724995e+00,-1.353908967344384529e+01,-2.160407471387906142e+01,-2.091669702888431459e+01,-2.201346825298510268e+01,-2.009846291416569741e+01,-1.116187654491653980e+01,-4.039238033718184795e+00,-8.841928474445778230e-01,-1.183522417735880961e+00,-4.922607152225603855e+00,-1.132541350404122760e+01,-6.249761436666760872e+00,-3.582458146217566419e+00,-4.511882104242178393e+00,-1.096111867491758041e+01,-1.362434487385129067e+01,-9.179767896020365470e+00,-2.514149385609460996e+00,-8.660272601796590308e-01,-2.678749071364115775e+00,-3.805542144092864287e+00,-3.091514069611500659e+00,-6.912831834160295230e+00,-9.348733888532882119e+00,-7.579340674334969385e+00,-2.362124647885207374e+00,-9.100265161959713023e-01,-3.568182143062367029e+00,-1.063998743107444334e+01,-1.872422261883441763e+01,-1.715534118960674448e+01,-1.423940364669140202e+01
-2.197433209239988372e+01,-2.203439075068423492e+01,-2.285800035197035740e+01,-2.384187814974247033e+01,-2.177424417492142439e+01,-1.996364749822401308e+01,-2.056554454789125685e+01,-2.118667436183843478e+01,-2.191208203753134498e+01,-1.989100722800520060e+01,-1.707923093953527172e+01,-1.678596602525926329e+01,-1.980442008757053429e+01,-1.867703647721082660e+01,-9.364705060657701807e+00,-7.164146079156632041e+00,-8.024830157315372858e+00,-6.198597957541172043e+00,-6.057505015851019081e+00,-6.725142780915462914e+00,-9.197681687021264096e-01,1.250735542603901518e+00,-3.191308359461451638e-01,-5.178468347498201396e+00,-7.019347293050329561e+00,-6.950805096894054458e+00,-8.915748293238474176e+00,-1.358921319649631876e+01,-2.072547746869854635e+01,-2.269110828234737198e+01,-2.257688630613169423e+01,-2.196785938650145553e+01,-2.345966434120235533e+01,-2.323180068166632495e+01,-2.184643972368168718e+01,-1.981334343888705973e+01,-1.948451316087765761e+01,-1.930047221201703067e+01,-1.552329308287541743e+01,-1.610533260133929545e+01,-1.780867379141929518e+01,-1.285170091901506773e+01,-5.599140125221776287e+00,-4.166228417883087509e+00,-4.450333577864348023e+00,7.632221198895476899e-01,1.794809387562642522e+00,-1.117187131485985807e+00,-9.314892893447016320e+00,-1.668753556559856577e+01,-1.074326083669088838e+01,-8.985812386399821605e+00,-5.954957678577954105e+00,-8.063089435710047326e+00,-1.066968933711374667e+01,-9.219806845923114835e+00,-1.271167384502582998e+01,-1.582443393397151965e+01,-1.865135578105324043e+01,-1.863273465095605985e+01,-1.958696428994486993e+01,-2.110082985584000781e+01,-1.244181065810354170e+01,-4.537632948473880212e+00,-3.799125176735390408e+00,-6.796796883155304947e+00,-6.132866971012680857e+00,-3.083458434013103489e+00,-2.485136075860897797e+00,-3.523243765745843969e+00,-9.227198107350140788e+00,-1.125743030605459616e+01,-1.104001457700715960e+01,-7.402744776884415678e+00,-4.936767978887808717e+00,-3.676234217224943812e+00,1.200327064676553368e+00,2.562278706277545393e+00,9.553003304522428296e-01,-2.265001172244048178e+00,-3.228264110829835332e+00,-2.303154086940519374e+00,-3.879245755783478078e+00,-4.874888221007645406e+00,-5.711846407979054518e+00,-9.905572961595721537e+00,-1.375707414903138748e+01,-1.204245034106691925e+01,-1.303683964560802799e+01
-2.418185616256599246e+01,-2.444116748365244618e+01,-2.481575807055136451e+01,-2.448083163741835833e+01,-2.070371820693625509e+01,-1.433934155711554048e+01,-9.951684470463515453e+00,-8.778745941873779657e+00,-8.558183793510709236e+00,-9.751854361448073050e+00,-1.398092897762929532e+01,-1.154605842981123409e+01,-7.964074775016397822e+00,-6.858788294756182680e+00,-2.964609580328057881e+00,-2.082554211569346059e+00,-2.789052683403593136e+00,-2.263123787312831592e+00,-1.088554572432189893e+00,3.517013109285608286e-01,-4.046862566674257478e-01,-3.923070531214160273e+00,-1.009232562976448122e+01,-1.315809081057856922e+01,-1.854582839532006133e+01,-1.965185739761008321e+01,-1.825677047636276029e+01,-1.888917481630368300e+01,-2.120748554495044047e+01,-2.286215204941598955e+01,-2.247216468197958861e+01,-2.316110199465787645e+01,-2.319804708581221675e+01,-2.354639223464449671e+01,-2.151514601348934264e+01,-1.552648227734673370e+01,-1.038270083674810884e+01,-8.014924202870606251e+00,-7.267193022079037945e+00,-7.727544570439739857e+00,-1.009768866417103261e+01,-8.018466456043988444e+00,-4.583842451018946385e+00,-1.271611877062351015e+00,6.468458787951254507e-01,1.822417355692224072e+00,6.955735489233271229e-01,-3.034591050892088138e+00,-1.155065253623446075e+01,-1.501370864165456709e+01,-7.443522270012619124e+00,-1.958154538348737317e+00,-1.011971642325380172e+00,-3.402918769060669035e+00,-8.213744934270144071e+00,-4.413243666539822918e+00,-2.624005330771473243e+00,-3.558600668003257361e+00,-4.934183717064587249e+00,-6.714345803113191735e+00,-9.979882497984663203e+00,-1.096798917270244544e+01,-7.072217955401069567e+00,-3.445695899721039179e+00,-1.959034863685667371e+00,-1.759075664235909109e+00,-9.135971497579108425e-01,-8.316250665846833812e-01,-3.087844525475258006e+00,-8.419064807936660344e+00,-7.055954915240294945e+00,-3.550096866128531925e+00,-8.620185307217227699e-02,1.118457047600980525e+00,1.334889452008152233e-01,-1.542663105059504991e+00,-6.089746982959463040e-01,-2.590041716737126354e+00,-6.540567092177338893e+00,-8.884493585073746758e+00,-6.949323100209432447e+00,-7.981041121694847362e+00,-9.470877337724642686e+00,-8.708751980523418368e+00,-6.528068420946373962e+00,-7.936296552083546452e+00,-1.104999754908389598e+01,-8.027027478119483916e+00,-8.124710003236183198e+00
-2.365511407708763159e+01,-2.234760483225485572e+01,-2.350183882211383946e+01,-2.477918787289382863e+01,-1.942703591074262448e+01,-1.165051829904541947e+01,-5.984553466614027428e+00,-3.513511067354365469e+00,-3.371881140073887284e+00,-5.580561961670567506e+00,-7.461834223198711591e+00,-6.144030231730382319e+00,-4.433573243537343167e+00,-4.267753035917220217e+00,-3.476140836031435200e+00,-1.940322489847947196e+00,-3.109741339437257501e+00,-7.116180459807689651e+00,-3.747759978905925493e+00,-1.184244037089393187e+00,-2.766373436598639213e+00,-1.044213370497065441e+01,-1.833306811357799404e+01,-1.917022891600329260e+01,-1.675558218830510171e+01,-1.730087190283868637e+01,-1.798506710762368144e+01,-1.951802033589298446e+01,-1.854034047556999099e+01,-1.793267468222997962e+01,-1.943416920550783900e+01,-2.315987955896477857e+01,-2.364947115209765727e+01,-2.410601264552066070e+01,-2.151419962796949648e+01,-1.412152730970454328e+01,-7.045205595798062603e+00,-3.550913656536573537e+00,-2.319233367513669375e+00,-3.956016746342630341e+00,-9.012905351761588690e+00,-1.218243264703822248e+01,-8.239334406709312830e+00,-1.079598702232640406e+01,-9.260823657890234983e+00,-3.808354880413936883e+00,-2.402816275955717007e+00,-5.900520884158804158e+00,-1.063704902891601911e+01,-9.303596724468961909e+00,-1.141327013153778935e+01,-3.147026056633856150e+00,9.015045585067018585e-01,2.044551467954503376e+00,1.565368950296949668e+00,4.505670200849540286e-01,-1.779695794156785693e+00,-4.398500178000518623e+00,-1.240711310818501056e+00,-7.326659376470852081e-01,-4.062446356343297538e+00,-7.406166332196601587e+00,-2.564120148656070519e+00,-3.118301809061435836e+00,-7.569400598835970051e+00,-5.512755029575717280e+00,-5.831780356726140369e+00,-6.436161799580419007e+00,-5.031945647601794747e+00,-6.806851167315826956e+00,-1.044007800194553859e+01,-6.869245847701130003e+00,-1.590791536994012434e+00,-7.065550777668359039e-01,-1.285461087830196636e+00,-3.474188952216584525e+00,-8.876755151330472771e+00,-1.178779824559849843e+01,-1.086321028103505704e+01,-1.297535852830212733e+01,-1.704585036837068657e+01,-1.826555655235634745e+01,-1.308889581475939146e+01,-5.684593726817826820e+00,-1.741921217098072461e+00,-3.439463503729346394e-01,-3.783058227902922344e-01,-2.065333997478001393e+00,-5.865831820252246587e+00
-1.365528925469047117e+01,-1.749687031874979226e+01,-2.272223530317607754e+01,-2.246517304011753779e+01,-1.648336007003497272e+01,-1.233652044328531794e+01,-1.357704329580292679e+01,-1.323957358939307127e+01,-1.001541915065363852e+01,-9.398690788369430393e+00,-9.955860585198365698e+00,-5.678416006547167605e+00,-5.680752035258407773e+00,-8.177253247763877297e+00,-8.004199565801405569e+00,-1.187034617151532778e+01,-1.056654343031402732e+01,-5.300905845229534563e+00,-1.575225391873347647e+00,6.720206462029766625e-02,-1.359424892605958002e+00,-5.387639138707540631e+00,-1.275293813701859058e+01,-1.691536647753607880e+01,-1.594969206645076376e+01,-9.137745760213164203e+00,-6.166347100658524205e+00,-5.537919164043535680e+00,-6.668869444526228207e+00,-1.003499533000745281e+01,-1.721829461692867369e+01,-2.317445117190368364e+01,-2.336170258020099766e+01,-2.367986101494695816e+01,-2.297031267424275214e+01,-1.579998749180843909e+01,-1.080861226329229829e+01,-1.040939032672939391e+01,-1.211907536530853235e+01,-9.159590088783350126e+00,-8.296318550755206189e+00,-1.319882374867460761e+01,-1.461400221254592502e+01,-9.629010168233312683e+00,-1.227889462386755071e+01,-1.106375690353544172e+01,-5.078959641375935696e+00,-2.730638763510194966e+00,-1.423119423535032846e+00,-1.670917664643611689e+00,-1.709913702885168529e+00,-5.112087735570127300e+00,-5.355834882181222056e+00,-9.650321389887441814e-01,-1.907307327177053535e+00,-7.501992287140521576e+00,-6.689468805503127946e+00,-5.666393029958681993e+00,-2.641367611083153211e+00,-1.516055096454631324e+00,-1.037050490273483172e+00,-1.104109209186670659e+00,-3.089794455470755263e+00,-5.649161141117618357e+00,-1.634409464409494417e+00,-1.042980409250944818e-01,-1.064025902287348391e+00,-2.300250591752662110e+00,-3.500420452921854331e+00,-2.420597248283543834e+00,-2.156733199704571557e+00,-3.939277079681116511e+00,-4.871965094280422015e+00,-6.931360025832839611e+00,-7.388904712271449071e+00,-3.844918520300109943e+00,-5.395447841779804854e+00,-1.312311867708550395e+01,-1.648347447599683591e+01,-1.640660237190418513e+01,-1.985682317905856209e+01,-1.989183738446773475e+01,-1.375426534243992371e+01,-1.058352061052967663e+01,-8.906263343261596077e+00,-5.874297491824464146e+00,-3.550533793320445053e+00,-3.538947929887283017e+00,-7.015441077096121525e+00
-1.023025945971783024e+01,-1.776780560590270852e+01,-1.731773224092067665e+01,-1.339738526021627507e+01,-1.426016153428787625e+01,-1.547631514162049271e+01,-1.269584877329661410e+01,-1.050422711457524905e+01,-1.016672087724047557e+01,-1.193698602578693801e+01,-6.151645342098142955e+00,-3.159505584970452752e+00,-3.272052621398877204e+00,-4.864599366721353846e+00,-5.410142401779504340e+00,-7.981817263857762690e+00,-1.155439216122591439e+01,-1.330071587401225131e+01,-4.675487294782625369e+00,-4.878987357993277291e-02,-3.249502636324194116e-01,-5.141122135828263495e+00,-9.996594327004780567e+00,-8.006837967643164689e+00,-9.790234658502994236e+00,-6.714389234557187613e+00,-3.425647372814049518e+00,-2.623558032377167670e+00,-4.182456349071703272e+00,-8.395939169073463049e+00,-1.300124718909873067e+01,-1.664460409135746843e+01,-1.876739574643902486e+01,-1.868133271188664324e+01,-1.687255897647456138e+01,-1.555017387060294531e+01,-2.045331308985115015e+01,-2.058900511712956316e+01,-1.363880904455830212e+01,-7.636617085987463582e+00,-4.852351707189266783e+00,-4.074759983089340842e+00,-6.778167188839804957e+00,-1.186009927889458204e+01,-1.698155628559284480e+01,-1.500777174386763058e+01,-1.152914991817976365e+01,-7.840106828096217839e+00,-8.263781210197542748e+00,-6.827555256608621725e+00,-1.754379948018174762e+00,4.025206270354582672e-01,-4.420316016936763903e-01,-2.612185535808899228e+00,-5.569415616176153883e+00,-4.757161779493737974e+00,-4.203870020974847854e+00,-6.556514326118884739e+00,-6.754703582285490171e+00,-1.008401034962862042e+01,-9.367463860296664890e+00,-9.449014895616617338e+00,-1.227363464572375840e+01,-9.554335261758108544e+00,-2.357186860526138350e+00,1.575829386900186035e+00,2.202415462390736600e+00,-2.615974753083227106e-02,-4.857537795112055079e+00,-2.501754897070656458e+00,-1.311378288768140887e+00,-3.735718661689086062e+00,-4.699723569716543814e+00,-1.727529038332010547e+00,-2.843752783036938014e-01,9.526370180876556626e-01,4.023699948513403957e-01,-2.511160551960303522e+00,-7.336323575921972484e+00,-1.597769416005987786e+01,-2.025711549672865175e+01,-2.230030763955940998e+01,-2.064814054159293377e+01,-2.166835345719989903e+01,-1.984213484678053163e+01,-1.722506626118394735e+01,-1.418684622488523850e+01,-1.467464401085574011e+01,-1.565771640960435285e+01
-1.393264768984084689e+01,-1.349510898715571372e+01,-9.944940083905271067e+00,-8.880673760758305946e+00,-9.230621521186112233e+00,-7.750276432001500737e+00,-4.270325299940611607e+00,-2.663229852298596878e+00,-2.131512359975087811e+00,-2.503202772940880116e+00,-3.990623293514538705e+00,-7.576521940697404922e+00,-1.335568090354589543e+01,-1.489774921245144768e+01,-1.455455490431391219e+01,-1.389963665851076691e+01,-1.511871920044260875e+01,-7.512552868154712016e+00,-3.315408015948426268e+00,4.785017141491556408e-02,2.271049128166098718e+00,2.220529869321341554e+00,-6.013480863775497731e-01,-6.177072995531379895e+00,-1.416382802787579998e+01,-1.331607916301354422e+01,-1.207097163191415312e+01,-1.338863006839178560e+01,-1.327883853724128294e+01,-1.272917788100421888e+01,-1.267793021883283267e+01,-7.221988797635960466e+00,-5.259798859071014299e+00,-5.471713522995324652e+00,-8.065107451793842586e+00,-1.369748160265442039e+01,-2.186001861005797409e+01,-2.321073576561490270e+01,-1.544923086901356335e+01,-5.285319284612970847e+00,-1.222887177441332129e+00,-8.624638425545370080e-01,-3.678267009500274298e+00,-1.058000152810175543e+01,-7.576011003408217093e+00,-5.371582438847176455e+00,-5.550613484778651241e+00,-3.351151117051888395e+00,-2.965476623722317351e-01,1.198167235519618012e+00,3.429985669882674171e-01,-4.483344950968367826e+00,-8.507263222921558565e+00,-9.947381698323372490e+00,-1.030245840549468994e+01,-6.893067886506704767e+00,-5.573926939776069567e+00,-7.655056872846264682e+00,-6.536130064412167151e+00,-5.309032892374167645e+00,-9.225653193050757039e+00,-8.163533765122405583e+00,-4.921844411333252900e+00,-2.036761743550038251e+00,-1.318010599161603347e+00,-5.390452558139717354e+00,-1.068452174891542583e+01,-8.609450664196192093e+00,-8.017135745371319899e+00,-7.556235007479562782e+00,-5.052672977181356551e+00,-2.876767343349572847e+00,-1.834909485278413133e+00,-3.207011546136958380e+00,-5.415172874819858428e+00,-7.366979139698563994e-01,5.148660783735593549e-01,-2.354056717155683209e+00,-1.099759297543450387e+01,-1.550115654163790779e+01,-2.111801972245811498e+01,-2.365303136173047349e+01,-2.310440414113209684e+01,-2.292656143088089848e+01,-2.168762374103517487e+01,-2.263161851768206745e+01,-2.238587241065233258e+01,-2.034077747961632454e+01,-2.113178381704746300e+01
-9.739927325033603367e+00,-8.842833214236382133e+00,-9.714479849750834006e+00,-1.277559798104422484e+01,-1.636599282393778054e+01,-1.266809656386984884e+01,-1.241693451843763718e+01,-1.365927974778906773e+01,-1.271653512120246887e+01,-1.072294411220048538e+01,-9.732502115400214038e+00,-1.370594541560438273e+01,-1.100237168943075261e+01,-1.179937361909034621e+01,-1.705286446146498847e+01,-1.427573268216355373e+01,-1.564864930084773498e+01,-1.391919279501850504e+01,-1.580640553531790182e+01,-1.133248478588753194e+01,-2.988728122141464105e+00,2.135244889295996040e-01,-8.487555740928080794e-02,-5.428471399093032446e+00,-1.581057660561755185e+01,-2.048314795458227167e+01,-2.081283111321298662e+01,-2.079646983361782020e+01,-2.050870663241336089e+01,-1.867321957233257024e+01,-1.104859973792742878e+01,-6.490907401518714259e+00,-4.600017984110610136e+00,-4.956188345986201504e+00,-7.538213789014887922e+00,-1.303102501442557859e+01,-2.229365140334107664e+01,-2.036972364088646614e+01,-1.729960445712383432e+01,-5.542944704231462794e+00,-1.417032295182615087e+00,-9.451179735864078113e-01,-3.757746377497687362e+00,-8.839065345606408997e+00,-6.521975803195982024e+00,-5.700931720267560898e+00,-6.747636486445308890e+00,5.072453028105130546e-01,3.218051789398480356e+00,1.432859621050547094e+00,-4.999539032585470721e+00,-1.043930613708899457e+01,-1.174713628139710941e+01,-1.348556078421442095e+01,-1.231478158244513033e+01,-7.622962097476299270e+00,-3.875527351198339687e+00,-2.999973091142798420e+00,-3.756416157028056535e+00,-8.280965961459884284e+00,-1.037023068325860109e+01,-4.987621622314130754e+00,-2.938637457191909386e-01,5.135797966521975511e-01,-2.356562947078005621e+00,-1.035079982675107857e+01,-2.109389005209270351e+01,-2.007525682270078704e+01,-1.618929864051646916e+01,-1.541000838700990094e+01,-1.244316732681783577e+01,-7.884409297229652225e+00,-7.626233010811913182e+00,-8.899391714791606844e+00,-2.378044558005386389e+00,9.048651207577178557e-01,4.588441316316716478e-01,-3.209526988117486379e+00,-1.225834897720724115e+01,-1.676898592576048586e+01,-2.135606071464997413e+01,-2.383353931204716858e+01,-2.327027715776199557e+01,-2.295817091769741936e+01,-2.247976159153127895e+01,-1.844240089825221318e+01,-1.505240026811011766e+01,-1.311626021844103818e+01,-1.334200166132217014e+01
-1.637531362350722119e+01,-1.302036205897653964e+01,-1.386225828461181031e+01,-1.850569498090815657e+01,-1.747279841738535922e+01,-1.923056021310333108e+01,-2.307835524243519743e+01,-2.261962366283388093e+01,-2.308252581797147940e+01,-2.159857221115800741e+01,-1.265737878917751402e+01,-5.448151935984317795e+00,-3.156268136055888185e+00,-2.994187450764658642e+00,-5.555591583756127605e+00,-1.156154759665180798e+01,-1.617154463789516683e+01,-1.389374964846704152e+01,-1.323708557992949508e+01,-6.046729547468791210e+00,-4.141772489126463341e+00,-6.510269645713549380e+00,-6.969367585460045866e+00,-3.942654318491319199e+00,-7.998909589225299932e+00,-1.204390260868502693e+01,-1.099178960381593839e+01,-1.463728409512598638e+01,-2.060968864591498217e+01,-2.123413208373507288e+01,-1.611467895651222193e+01,-1.531129790159096338e+01,-1.550080064544104097e+01,-1.393464112012906142e+01,-1.529539047237625660e+01,-1.675910410397034767e+01,-1.415476425249773840e+01,-1.522986815477672451e+01,-1.441293658080853923e+01,-7.389237422356031537e+00,-2.634548041857498912e+00,-1.916173399397158139e+00,-5.547469136634266995e+00,-8.290381919620628537e+00,-5.533650026061480709e+00,-3.644120320628740473e+00,-1.959665988241296120e+00,-8.162427198490183888e-02,1.018399649150004249e+00,1.645759413631548540e+00,5.987601319548526702e-01,-1.019068313088999700e+00,-1.841740253015554440e+00,-3.498729850340606795e+00,-7.930429067826809231e+00,-1.340327666397381634e+01,-1.385176293742387799e+01,-1.478867723708762227e+01,-1.362248973111461048e+01,-1.208246036758996489e+01,-9.277848792927605004e+00,-2.572272154893393559e+00,-6.940184424970915512e-03,-1.181851953062792449e+00,-5.695138381745078249e+00,-6.675024666508337923e+00,-8.801420617680577152e+00,-7.943806826557151979e+00,-5.358347319402640530e+00,-2.118557159078160446e+00,-8.834084699147458364e-02,-1.073768315407013452e+00,-5.134662211389469988e+00,-1.082838205287331057e+01,-6.238607947651605201e+00,-3.025483643753179130e+00,-1.938742150436593148e+00,-3.913818104658275843e+00,-8.034405623667669971e+00,-1.593491490801474164e+01,-2.087704545931708466e+01,-2.191016247577237053e+01,-2.095495803374096866e+01,-2.250097474836765343e+01,-2.198335026081343457e+01,-1.644592419602817301e+01,-1.105496201658607447e+01,-8.942215987614222428e+00,-9.726899810303422100e+00
-1.554475912294889817e+01,-1.104490843213590523e+01,-9.392178928941712357e+00,-1.003994381875920183e+01,-1.342351127836040980e+01,-1.818222148794876958e+01,-2.200235431176379208e+01,-2.411160204285069497e+01,-2.460025163521444114e+01,-2.022321665914435229e+01,-1.052474659726135719e+01,-3.422364157057346201e+00,-6.779233206534421852e-01,-8.422600682107101999e-01,-4.180536192302641396e+00,-1.236645972459836074e+01,-1.759608096915080111e+01,-7.669899524154519810e+00,-2.489092016895719350e+00,-1.142471415655515798e+00,-3.031026645801132791e+00,-8.375861379324941680e+00,-1.054242713424496181e+01,-4.245030211550848698e+00,-1.853458859890356303e+00,-1.263290438936448545e+00,-3.534726846987675586e+00,-6.962061489182979734e+00,-1.101532792596888655e+01,-1.258299291761297845e+01,-1.436151653124873739e+01,-1.522556226594107542e+01,-1.253891775303317146e+01,-1.058278864801378205e+01,-1.113597848025479742e+01,-1.267486730464418976e+01,-1.188011143799115032e+01,-6.429916799180489306e+00,-5.224907645335966855e+00,-4.502884970011567844e+00,-7.787832478383429624e+00,-5.048180009749598796e+00,-5.298444262078151112e+00,-6.541569976629759253e+00,-3.932669121660012035e+00,-4.602600637459216770e+00,-1.103433502667856558e+01,-1.510485046093625172e+01,-1.392147131947646521e+01,-1.005790724428860727e+01,-6.044138317653310999e+00,-6.174972673660998446e+00,-7.899814077197833129e+00,-5.082077991245384396e+00,-6.463449288131599246e+00,-1.144341640902641188e+01,-1.132431671583562860e+01,-1.091625864478878505e+01,-1.141988088941215551e+01,-1.315019450107015153e+01,-8.702034463111619544e+00,-5.668932569766402807e+00,-4.370681007777838190e+00,-4.279654440792151071e+00,-4.290575675927172483e+00,-1.839907755464739170e+00,1.071563365664403022e+00,1.507302027394385791e+00,4.079743414150929226e-01,3.019626038954278391e-01,7.199679883757144072e-01,-5.446647952680119253e-01,-4.435536425840809649e+00,-1.156398107682851872e+01,-1.560427898751165721e+01,-1.490965833968686027e+01,-1.539059771720628156e+01,-1.080713975295088325e+01,-1.084884961251925617e+01,-1.293189701370726929e+01,-1.105597221179116119e+01,-1.139880245520656210e+01,-1.364804260981710371e+01,-2.147501682159595759e+01,-2.272361633831397043e+01,-1.761552872335104070e+01,-1.364727763305033115e+01,-1.282579155972129392e+01,-1.408720946491212800e+01
-1.712591218231315793e+01,-1.317518631049564881e+01,-1.221950692969157259e+01,-1.295483600196981833e+01,-1.619725344503732600e+01,-1.542240728112988002e+01,-1.179036933587009806e+01,-1.165751698545943604e+01,-1.140561648015689045e+01,-1.067211040070182371e+01,-1.265413054756652222e+01,-8.076852441282200701e+00,-5.854807937209655755e+00,-6.789328739355156905e+00,-8.900190166064671615e+00,-1.166271825571705456e+01,-1.691053342460689635e+01,-7.798062366650516886e+00,-2.062793031860059134e+00,1.482362903265503074e-01,-5.314860310520594933e-01,-3.013760637117311791e+00,-4.273431906910767353e+00,-6.126673982555704612e+00,-1.069263325541987442e+01,-8.089858583587789198e+00,-3.853375528750877965e+00,-1.922105662377649127e+00,-3.522570889401144711e+00,-8.885940645898418921e+00,-1.271637955195921776e+01,-8.147339633364873990e+00,-2.768778404485280120e+00,-1.340560271600532705e+00,-2.975078378025008075e+00,-7.612727281182332106e+00,-9.437886853863421521e+00,-1.896298050252839706e+00,1.626970929025385315e+00,1.268413176062460845e+00,-6.956452983729121131e-01,-2.065633337855464990e+00,-3.199340363243626140e+00,-1.682511148473188278e+00,-2.140166146636947708e+00,-6.380959999740571931e+00,-1.396773788893133172e+01,-1.627225646309386420e+01,-1.602114567631169351e+01,-1.149347953599198391e+01,-7.187436679028030184e+00,-4.049814862024066819e+00,-2.542479059670979868e+00,-2.556384959865599438e+00,-4.668948978185653687e+00,-7.695708981582096264e+00,-4.605330689733190042e+00,-2.740272620094141853e+00,-3.017674054235353065e+00,-6.858049951101603980e+00,-1.456035341176771603e+01,-1.761454502173832637e+01,-1.728241539359989076e+01,-1.656348886973875878e+01,-6.856649502999800916e+00,-1.825883264071636258e+00,-1.074610479928367557e+00,-4.020477464714934612e+00,-1.158378868600479628e+01,-1.608845012573371136e+01,-1.107472989299243515e+01,-8.732064770688687361e+00,-9.004479403782607250e+00,-1.241265464187564760e+01,-2.011539541240921736e+01,-2.017287707687320619e+01,-2.173203915581667189e+01,-1.362336199444935758e+01,-5.353159526236971111e+00,-2.443541722524476878e+00,-2.017347386323923963e+00,-4.131435537808819447e+00,-9.024198563475357204e+00,-1.886332413397337149e+01,-2.004517266445590096e+01,-1.887736978028949864e+01,-1.849111645024521877e+01,-1.944690071371264750e+01,-2.218543340120100282e+01
-2.155888441092985985e+01,-2.393047549133013874e+01,-2.502381309351526539e+01,-2.331844259921769336e+01,-1.855240108554524525e+01,-1.154913446598483162e+01,-6.298307786310525458e+00,-3.596246522508169452e+00,-3.435094056384904171e+00,-5.661015433028228294e+00,-8.354182893172241720e+00,-1.239908755901164561e+01,-1.686314919837435511e+01,-1.796126176091961568e+01,-1.851427033341916939e+01,-1.705844697020107503e+01,-1.445779648669680206e+01,-8.272749758752665272e+00,-7.715661883130109366e+00,-8.666710662662534759e+00,-6.097807668541607384e+00,-9.148251067650946311e+00,-7.115781534659235241e+00,-2.791260395938691463e+00,-2.891559478546724016e+00,-6.465528773900149240e+00,-5.979896436872563115e+00,-7.981846533589681547e-01,6.175015198374936842e-01,-1.085577242788893670e+00,-2.141645922796683532e+00,-1.622210800496526995e+00,-1.427566368212919823e+00,1.505132877316914079e-02,2.105346096165765235e-01,-1.740302814646007779e+00,-3.625396899199743395e+00,-5.756065454255243630e+00,-2.146078220561704164e+00,2.522122714212479355e+00,2.493968610616779102e+00,-1.277686473770710318e+00,-6.237796820700168610e+00,-5.184739134449483977e+00,-6.072696326594603455e+00,-8.353946619239964733e+00,-1.526766483765795712e+01,-1.364807065357839200e+01,-1.118288689358790045e+01,-1.336045491292064291e+01,-6.732233321532270942e+00,-3.825688757954683439e+00,-6.489283196407517273e+00,-4.347028527646920715e+00,-4.582255719523680604e+00,-8.224575381866074508e+00,-4.548670796971571839e+00,-3.372067776025462038e+00,-5.879314837375081204e+00,-8.662643080367182336e+00,-1.428295393008038516e+01,-2.173867772754870131e+01,-2.386340860137365638e+01,-1.807584491708225016e+01,-1.076286416528816581e+01,-8.555938477130760944e+00,-7.751597365714554044e+00,-9.975471646714030527e+00,-1.291630847203104082e+01,-1.860918919036262764e+01,-1.920080025393263767e+01,-1.996457797244079302e+01,-1.947448587596864655e+01,-1.731159579216089384e+01,-1.922488290922982301e+01,-2.140677316386000584e+01,-2.143244554225663379e+01,-1.276751452684402466e+01,-3.119511971466800482e+00,4.366270155677418052e-01,-3.650052856430288650e-02,-5.048835739164256431e+00,-1.200618679003607880e+01,-1.052905406808494604e+01,-1.289697423465269921e+01,-1.844031610704006141e+01,-1.616351458183804723e+01,-1.500278640958599574e+01,-1.564143404476624610e+01
-2.535108299542190480e+01,-2.577881968111023880e+01,-2.604274867710314467e+01,-2.526644803348340318e+01,-2.261341573241957903e+01,-1.432892149821259942e+01,-1.023659813180005607e+01,-8.261548801024156674e+00,-8.414099148341588119e+00,-1.057407363464957761e+01,-1.452282777764743393e+01,-1.157620999777227411e+01,-8.990147385382114109e+00,-5.864339871297037377e+00,-3.997514686806309392e+00,-3.641078886377740798e+00,-5.130350002620493122e+00,-1.055653682462450860e+01,-1.005042679366984792e+01,-5.387442626481607988e+00,-2.288386541439738409e+00,-3.208909878039844510e-01,-1.008231204289429250e+00,-6.152626713055108887e+00,-5.286596515636079019e+00,-1.552446459719707184e+00,-3.465084644256831936e+00,-5.543403750740882430e+00,-5.468538122851650529e-01,6.462289532095095712e-01,-2.086698513039513703e+00,-8.857563256545175179e+00,-9.156624143957195372e+00,-1.053361561961640014e+01,-5.471643051570211469e+00,-1.521334863131291737e+00,-2.173660698815956138e+00,-6.965871751084363517e+00,-8.408297285871734417e+00,-3.760271972805941054e+00,5.350208541693926012e-01,7.289749417277631149e-01,-3.182462051539695747e+00,-1.084486833999031496e+01,-1.000250860085164639e+01,-9.889494665583272948e+00,-1.443436427896184071e+01,-1.014128901918691739e+01,-4.419043956215920943e+00,-1.755320619950613725e+00,-2.023219945451903090e+00,-5.092257813403480604e+00,-7.475307815953304846e+00,-4.638353639975526299e+00,-1.855757024775511299e+00,-1.172597824282510137e+00,-3.966044730877965829e+00,-9.925772146174782762e+00,-1.985734644151271766e+01,-1.852025118537415338e+01,-1.583350102166484241e+01,-1.922042772465182381e+01,-2.050947697001292269e+01,-1.926927558730419321e+01,-1.763592338203487486e+01,-1.655601640572225364e+01,-1.876461366244724971e+01,-1.689108705699891999e+01,-1.834415303674855480e+01,-1.849391714343450843e+01,-1.882988084975938037e+01,-1.987570163809267143e+01,-1.986523468960496785e+01,-1.652929444241344470e+01,-1.133835266676164188e+01,-8.206234329401102201e+00,-5.594798008596202799e+00,-3.870680928254794040e+00,-5.201880987597054862e+00,-3.951196276516692141e+00,8.210311934475393869e-01,1.174012942188874531e+00,-1.299459018082799178e+00,-5.726366009927334133e+00,-1.139424012657394947e+01,-1.844593306860529225e+01,-1.552094222369946941e+01,-1.456718523341013949e+01,-1.751772211189556927e+01
-2.542684564196077446e+01,-2.616569896031143116e+01,-2.533744512823291117e+01,-2.476978373348264739e+01,-2.286308927105781663e+01,-1.808731984554376737e+01,-1.741735383083945976e+01,-1.822487716567247418e+01,-1.871008607229791920e+01,-1.569642795118174128e+01,-1.582436197503168707e+01,-9.534950804889650300e+00,-3.956946942591129446e+00,-2.174750364199980801e+00,-3.355498685501515865e+00,-4.775857916442278750e+00,-1.905740110993584979e+00,-7.123229944128870450e-01,9.865398449977313966e-01,2.165598652103243538e+00,1.739155503435417582e+00,-8.807935303787629566e-01,-3.700180152879285700e+00,-6.704918843462951195e+00,-7.263176857248732965e+00,-4.698655146405212868e+00,-2.107899610352303110e+00,-1.629504912260099747e+00,-1.907884564328390820e+00,-2.714710260832444266e+00,-6.273503829325948189e+00,-8.135649174815954510e+00,-3.235887712186300558e+00,-1.762094468231088840e+00,-1.056402302984344344e+00,-1.261523296514524217e+00,-2.690128137968494482e+00,-7.020155837022370449e+00,-1.166073596283628966e+01,-8.315069764502402094e+00,-1.323840399969809400e+00,2.471779638825201408e-01,-6.666257350698561179e-01,-6.070754230457455769e+00,-1.084638789139295945e+01,-5.775401415989587228e+00,-2.712443093380617842e+00,-1.226645937897169691e+00,-1.195586257550735887e+00,-3.246010252594933920e+00,-7.249361110501046923e+00,-1.168332371182907714e+01,-1.243792811282595245e+01,-1.175938717113401744e+01,-8.739479838009167167e+00,-6.059202030189055677e+00,-7.122010992881946834e+00,-1.493256342769565492e+01,-2.106805264143119061e+01,-1.944030640896101758e+01,-1.331019376005445132e+01,-7.985639462569602109e+00,-6.682520665172347663e+00,-6.706112860624951821e+00,-7.584456366703922647e+00,-1.138949863086069492e+01,-1.656703256305895522e+01,-1.653518733404632712e+01,-1.032914413142025012e+01,-7.055765155198654881e+00,-5.704223010023789620e+00,-7.365182363281124189e+00,-9.490512102170098885e+00,-1.643862125031033727e+01,-1.380691259427178252e+01,-5.846698809163014765e+00,-1.948901564015873777e+00,-7.418441302125531323e-01,-7.116970164901349483e-01,-4.888978933745249389e-01,5.893250845575747077e-01,7.480694461724182176e-01,-1.069547162488185155e+00,-7.846068930211721693e+00,-6.821033946371504619e+00,-5.695639309573119924e+00,-8.896714009512635357e+00,-1.475658317795373442e+01,-1.781628604849478492e+01
-2.239302463639051410e+01,-2.249169396457815395e+01,-2.151599889231803786e+01,-2.052097398714911591e+01,-2.061174765923865593e+01,-1.506287056879889619e+01,-1.065753583262737614e+01,-7.741789997744381147e+00,-7.927507295420295641e+00,-1.126436887782319118e+01,-1.576339172868800276e+01,-8.024522531749610721e+00,-2.772958487440320585e+00,-1.886385149178900544e+00,-4.526918180554726945e+00,-6.804089659810962587e+00,-1.063645310195765070e+01,-6.941982639250625198e+00,-3.906454244432480571e+00,-3.975496595472454597e+00,-4.161086059959703043e+00,-8.944519753967012932e+00,-9.249530087736316020e+00,-9.612643171970109535e+00,-1.333378885832047978e+01,-1.168341378072150682e+01,-8.804532242672783227e+00,-6.283125826738830355e+00,-8.308084681966251495e+00,-3.575687333251720723e+00,3.666374367929616795e-01,6.289622073579943518e-01,-4.452697223094834733e+00,-5.186292608807745452e+00,-3.319413268090929403e+00,-5.884564429361380355e+00,-5.287621010327273829e+00,-2.546987765276090165e+00,-1.467646551843758029e+00,1.240094115943612962e+00,1.661952273219498233e+00,-1.389983743255326809e+00,-6.458044740342520740e+00,-1.139498616148598709e+00,2.964629615303409071e-01,-1.799669518597648121e+00,-7.702128685842779099e+00,-5.982420983731298492e+00,-4.836319931019517959e+00,-9.541505738308554641e+00,-1.923105061771278201e+01,-1.471870330043305053e+01,-9.148028479482894326e+00,-8.109944432077551113e+00,-5.787801880757079687e+00,-4.853911641621051487e+00,-6.707267250221474519e+00,-1.402028277135433143e+01,-2.265841979550239671e+01,-1.798512381897833023e+01,-9.007612203296861964e+00,-5.138040429443345047e+00,-3.831806973855298448e+00,-3.848213601829414188e+00,-4.384145734117443460e+00,-6.890268597387729343e+00,-1.186645142924516705e+01,-1.567979127482364099e+01,-7.032716983726206017e+00,-7.378407852948272172e-01,1.293352353311304936e+00,8.603967097180867940e-01,-2.302404891851855151e+00,-6.646101939052525331e+00,-7.667147756683293736e+00,-3.224980852488538829e+00,-3.466965899018472630e+00,-8.109172221637310329e+00,-6.329269059254486685e+00,-4.041393646627272851e+00,-6.287343718041491059e+00,-4.732492654062667725e+00,-4.134102985000279729e-01,6.267286898941151208e-01,-5.625070246519464634e-01,-9.205368143523635638e-01,-1.859661390766837563e+00,-4.851345186618933880e+00,-1.059000782679794384e+01
-1.606876425097759409e+01,-1.339752204794632817e+01,-1.421831590250918786e+01,-1.451729571998567536e+01,-9.322384152645454947e+00,-4.663842823780036895e+00,-1.427585769391939596e+00,-6.675012794840131658e-01,-2.529110071599427467e+00,-8.339885313259927102e+00,-1.213366845406983963e+01,-3.830337105416937948e+00,-1.058420525057612416e+00,-1.502874968122669852e+00,-6.354821218741371069e+00,-5.668747008855181235e+00,-4.028324946481034452e+00,-5.641185077957641347e+00,-1.184465664849245492e+01,-1.435394586208171397e+01,-5.544946170390996798e+00,-2.497356027770871290e+00,-2.990156587689442702e+00,-7.239142445245183133e+00,-1.513279220573884132e+01,-1.866987744847634545e+01,-1.599710178375244141e+01,-6.203507065773010254e+00,-8.484342708930729948e-01,1.298071223851625877e+00,2.452127812640335358e-01,-1.415829108123793478e+00,1.192034333748252850e+00,2.101142823790669301e+00,2.556476394568842903e+00,1.359101493666088567e+00,-2.114715754360843025e+00,-9.306397349762736582e+00,-7.973813316035539778e+00,-6.085477182589107414e-01,2.169367714948720938e+00,1.334072074865138013e+00,-3.023755676264715309e+00,-7.080913257109407333e+00,-3.128118682678861617e+00,-8.499592008518626063e-01,-1.111522667461838143e+00,-2.959006215116583238e+00,-6.973641558921427119e+00,-1.022503173530549958e+01,-1.472765976952430833e+01,-1.514867739300978755e+01,-1.265949880090871282e+01,-5.045318120292255237e+00,-1.808331704519941185e+00,-1.673574788137735192e+00,-5.255842737125274944e+00,-1.074926226658928741e+01,-2.140257225538555019e+01,-1.775879310217118956e+01,-8.357134061200278907e+00,-5.527720768648879179e+00,-7.402540900709485783e+00,-8.954230132687808208e+00,-5.930875567341209020e+00,-7.296069222733490456e+00,-1.239271914958953857e+01,-6.172025488766568202e+00,-9.544839939277371954e-01,1.007580560163762851e+00,-3.646531039586332623e-01,-4.530139242298901081e+00,-8.208004794209578847e+00,-2.482427220528987455e+00,1.168540293885625969e+00,9.399516436453432267e-01,-2.376576748594319444e+00,-9.900595574226594309e+00,-1.462193259529601441e+01,-9.076020244368933731e+00,-4.391110239004282434e+00,-2.304769932724610282e+00,-2.704099978857736897e+00,-6.570450739535901974e+00,-1.226447825660382840e+01,-1.016281941869205063e+01,-5.386398346464436493e+00,-4.324833668124182573e+00,-6.986261214752842896e+00
-1.496487888985110359e+01,-1.086779068556047001e+01,-8.763401699693579516e+00,-8.626102759425801736e+00,-9.880493543649974342e+00,-6.333799253515478789e+00,-3.051737426468556169e+00,-2.260703678854172782e+00,-3.975244001758501788e+00,-8.593972560606504274e+00,-1.103268119625579224e+01,-5.438811557969652988e+00,-2.612620415085492365e+00,-1.979559401286541842e+00,-2.906806817904982854e+00,-2.498784543897368593e+00,-2.857253861326472411e+00,-4.479472081912191150e+00,-9.713790819160919909e+00,-1.144764546120077142e+01,-5.547215331765942281e+00,-3.319789330874170385e+00,-3.571181759994504823e+00,-6.005908547711551471e+00,-1.165232978817215503e+01,-2.075106529544170542e+01,-1.529607924662138352e+01,-4.691710057293757785e+00,-1.119626833399918753e-01,5.260102624794437132e-01,-2.299174798939191522e+00,-4.968427693261239675e+00,-8.022703177185336543e+00,-7.900123551533438260e+00,-4.813041981157349269e+00,-3.191266998541856470e+00,-2.248589261389456695e+00,-5.381148079900365033e+00,-1.688785422676782444e+00,-1.632869351958099680e+00,-3.685420072954495030e+00,-4.393514681670506405e+00,-7.247468249242108307e+00,-1.287371073629623019e+01,-1.244839051074551506e+01,-1.201766298991396908e+01,-9.054569407513266555e+00,-6.861768227770812523e+00,-1.103049790500698180e+01,-1.665441907975906588e+01,-9.961602786429843093e+00,-7.110876999403300758e+00,-5.625697249838998104e+00,-2.713598131832379412e+00,-4.254631551248686527e+00,-9.562633112184983020e+00,-1.340369590377449072e+01,-1.512826880386897521e+01,-1.909786352358366202e+01,-1.920658460595554118e+01,-1.085727113888676065e+01,-6.145536910098297945e+00,-3.126513609004423877e+00,-2.512148012540170061e+00,-4.257016104190869399e+00,-8.809538883374148810e+00,-1.226754354265399449e+01,-3.959514895863691208e+00,-3.132010604433463352e-01,-4.304685703989930556e-01,-4.549578030802015505e+00,-1.086185597858034591e+01,-5.377225631105720716e+00,-1.828422119570510818e+00,-8.042590642419652491e-01,-1.560083456874888030e+00,-4.961689967830154480e+00,-1.178410543915920705e+01,-2.068726225410188846e+01,-1.710929584144649596e+01,-1.239949146159609406e+01,-1.008594904537487835e+01,-1.165763237781094475e+01,-1.119223581131239520e+01,-1.018057833802431134e+01,-1.174958611834318134e+01,-6.856724456064682727e+00,-5.783921453289520009e+00,-8.500911635563785040e+00
-2.049494742988643736e+01,-1.972100299103815857e+01,-1.991423389517274956e+01,-1.948366370057701147e+01,-1.476867035277803986e+01,-1.030777311056180068e+01,-1.194789150245207665e+01,-1.319431299733039964e+01,-9.546643262070821478e+00,-8.972967635420031840e+00,-1.210593347172988032e+01,-1.538053102690474461e+01,-1.278999350707333704e+01,-1.234621743107200587e+01,-1.114009171320979696e+01,-1.071039571394597623e+01,-1.297693644654481915e+01,-1.534707170321529013e+01,-1.507238605058282843e+01,-1.519075634605006186e+01,-1.510086707064979983e+01,-1.534345169130124553e+01,-1.467048762077675761e+01,-1.433389430655572561e+01,-1.604449529576122302e+01,-2.147463448244826267e+01,-1.772414706703415632e+01,-8.957297235503233424e+00,-3.348188475264530339e+00,-1.087029806225774164e+00,-3.133674587368180831e+00,-6.435327905485812572e+00,-5.505818169143863017e+00,-5.950822194267932908e+00,-1.042715356986325403e+01,-1.012812874998365054e+01,-3.552196254897722838e+00,-5.657902985226530568e-01,-1.549422878634597822e+00,-6.863158552550283176e+00,-1.197296987171460003e+01,-1.398143422424345061e+01,-1.507451223430776999e+01,-1.691456910990234519e+01,-2.006656399884618480e+01,-1.746762930002427794e+01,-1.168849571755057859e+01,-6.444379478244853132e+00,-4.929567993981880392e+00,-8.003452977284620573e+00,-4.582144848002765336e+00,-3.001747090985676270e+00,-3.309631465607291378e+00,-3.532771201692241458e+00,-5.693148526706193202e+00,-1.252775286014814959e+01,-1.683919756753104124e+01,-1.544255850548134745e+01,-1.356899698067428517e+01,-1.064289203935996042e+01,-1.402850935557731127e+01,-1.071336719774662072e+01,-8.198960210595812370e+00,-1.194996035905708887e+01,-1.340653341067464766e+01,-1.405939140624569816e+01,-7.685272802535752845e+00,-5.853468509320926216e+00,-6.890963483909914977e+00,-4.819081146492363743e+00,-4.531370200636915868e+00,-7.378764873160455373e+00,-1.382633757860140733e+01,-1.520763236149809394e+01,-1.286756689207894411e+01,-1.149159967585613806e+01,-1.190925338539413936e+01,-1.458152090074648477e+01,-1.371386189389049548e+01,-1.559744391136599617e+01,-1.444970637290997573e+01,-1.101553356557860397e+01,-9.898410658191021838e+00,-6.006656519228354085e+00,-3.358908625928811009e+00,-2.347766627172442444e+00,-4.922705069408380929e+00,-1.014220285953435763e+01,-1.624493249914699788e+01
-2.659455586555309026e+01,-2.682960349814335999e+01,-2.705344620503877451e+01,-2.446460901884207928e+01,-1.750560903369932220e+01,-1.150317678953472011e+01,-6.114439642070827574e+00,-4.237435793630162983e+00,-3.968726648238340537e+00,-6.950138240380394627e+00,-1.187179225369503577e+01,-2.101853814160913458e+01,-2.302300444402192880e+01,-2.067147779106197447e+01,-2.038257944314999648e+01,-2.105676796920317528e+01,-2.107480386683815254e+01,-2.246295680139297701e+01,-2.228966432585752244e+01,-2.195732529360548924e+01,-2.369374821239844309e+01,-2.364785048836155923e+01,-2.404131817100639523e+01,-2.322886316041300958e+01,-2.295068454204645292e+01,-2.339937886080347340e+01,-2.126261674909663313e+01,-1.490031814127040022e+01,-5.826030972756837123e+00,-2.771734883466077104e+00,-3.394539846023334473e+00,-5.810381828114054237e+00,-7.248570593676173068e+00,-6.809584843709056479e+00,-5.884317712676256029e+00,-9.392805967115817722e+00,-8.946565178103913496e+00,-3.396259139880145828e+00,-1.298174242292534419e+00,-3.541011799771086821e+00,-1.031506313282744358e+01,-1.289836371662025094e+01,-1.300054226333933727e+01,-1.313930352133019497e+01,-1.131036468690499319e+01,-1.273197748159107334e+01,-7.661485359632878911e+00,-3.903101040904683128e+00,-3.762253395451978566e+00,-2.977397662504309928e+00,-1.321417438390636745e+00,-3.357340130575536818e+00,-6.803198090435839340e+00,-4.211998943967702580e+00,-6.222977055866915741e+00,-1.259726614611489381e+01,-1.763103764935543794e+01,-8.614118260100372737e+00,-3.127427994708628756e+00,-1.564195965434235447e+00,-1.229785065539914291e+00,-2.898956666613011546e+00,-6.688399424902478962e+00,-1.070534362470296941e+01,-1.258429082085315365e+01,-1.222860741077509061e+01,-8.169787403336144394e+00,-6.311440454725932625e+00,-6.045675787234440435e+00,-5.333488098156631274e+00,-5.951517404470228811e+00,-9.461583384893890170e+00,-1.814110714152343462e+01,-2.257038299481671473e+01,-2.355058049707484358e+01,-2.227848156726449957e+01,-2.121387984049051312e+01,-1.338307802320310991e+01,-6.091760539862894674e+00,-2.942294261599470939e+00,-2.387978402122743926e+00,-4.447621003188949373e+00,-7.628063137594022436e+00,-5.754921042045256563e+00,-3.626476004201554915e+00,-3.755196640590079848e+00,-7.130565431781280772e+00,-1.616255498111696198e+01,-2.217688842823631035e+01
-2.610944393882177650e+01,-2.586640042469913681e+01,-2.516914370902498987e+01,-2.483117125984421492e+01,-1.770993174466871523e+01,-1.105150234340725035e+01,-7.528676727660616130e+00,-7.733316923890795280e+00,-7.873372667041936168e+00,-6.143200572720147967e+00,-8.240256825784095795e+00,-1.502692487903107299e+01,-1.422543750311199062e+01,-1.707794940471649170e+01,-1.986791743550981693e+01,-2.172177247176492898e+01,-2.405241387051747282e+01,-2.270257680398180966e+01,-2.168923930476482553e+01,-2.186477461793369059e+01,-2.423979854583740234e+01,-2.520184265222764708e+01,-2.572193861366214662e+01,-2.355568199050157574e+01,-2.421558644897059409e+01,-2.373203388730386010e+01,-1.968753640275252437e+01,-1.089932136069563029e+01,-7.259139998514849701e+00,-3.764462724489096690e+00,-1.056506314838114191e+00,-1.189961424178165528e+00,-4.657390605724815558e+00,-5.447356085019900540e+00,-5.577097785652131989e+00,-9.099514592410926639e+00,-8.216388370757712778e+00,-2.649631360465226404e+00,-1.463578653008470454e+00,-3.835007408171668075e+00,-1.098479450734934382e+01,-9.403098779513424432e+00,-3.796786876192274285e+00,-1.687566133113134192e+00,-1.783569084512791170e+00,-4.608008033014778349e+00,-6.539391109481790032e+00,-2.308563117016653177e+00,-2.598544024312658518e+00,-1.867288964912575455e+00,2.989102893485337531e-01,2.082812027039384478e-02,-2.251570909212280203e+00,-4.795907862820571133e+00,-8.525126599727716581e+00,-1.305224539193891964e+01,-1.704911445854301633e+01,-6.259850428292625502e+00,-1.130153642599497132e+00,8.304269901324498049e-01,-1.100997748438976132e+00,-7.241160816435975534e+00,-5.156518020744162101e+00,-2.667566720179205042e+00,-3.952336470603494689e+00,-8.452348241232391146e+00,-9.775783209872425772e+00,-3.152546961154592875e+00,-8.762441614224344422e-01,-1.523053460764082434e+00,-6.856698174897889686e+00,-1.579440561273044175e+01,-1.671532522466845805e+01,-2.143522788348950670e+01,-2.144377621851469229e+01,-2.413450714116705953e+01,-2.339414229025518210e+01,-1.498944742070104930e+01,-5.214001265011336095e+00,-7.658128973360950331e-01,2.794438263924820531e-01,-2.108161223710066423e+00,-9.408161185065607057e+00,-1.725048630398915250e+01,-1.659393379204255226e+01,-9.205703625553532277e+00,-6.751665054407334665e+00,-8.267638949075140076e+00,-1.416464726996601087e+01
-1.834524204318684681e+01,-1.888638818532900743e+01,-2.204136510182144093e+01,-1.970525246724150392e+01,-1.291098002562845615e+01,-7.928421334216468885e+00,-8.435337327700809240e+00,-1.235779469622705129e+01,-1.379691830748005898e+01,-1.350705559809405187e+01,-7.461712732799071546e+00,-5.682437803064074089e+00,-8.996729157921066644e+00,-1.411241926286453641e+01,-1.161887498547259945e+01,-1.034232135598820790e+01,-1.047781087110813480e+01,-1.075682531129148600e+01,-1.211680501116845754e+01,-1.747719323186946028e+01,-2.435677254110350631e+01,-2.571399554811922172e+01,-2.642266437164822790e+01,-2.368962218169879108e+01,-2.066136011145168538e+01,-2.092449473796930448e+01,-1.907055231682339880e+01,-1.008233764655608056e+01,-1.122885353583142276e+01,-8.005021034158710691e+00,-3.066550820033044911e+00,-3.231228915932483403e+00,-6.166933136368940360e+00,-6.340448913493550442e+00,-9.137395513236970856e+00,-1.152614673949722146e+01,-3.236467347130235428e+00,-3.805962775413649912e-01,-8.316184845227831968e-01,-5.557839636319785726e+00,-1.288946573088940006e+01,-9.802583534018436850e+00,-6.352725664027651042e+00,-4.953816754141247891e+00,-5.968571436517921214e+00,-3.668495511678152354e+00,-9.151980085460350578e-01,1.490029803421208277e+00,2.236302989717096956e+00,-7.803979271469652090e-01,-7.119467314511285672e+00,-7.419258694451554170e+00,-9.051332211135921568e+00,-1.126940407721619941e+01,-9.398036591092447267e+00,-1.412134392996479626e+01,-1.700556109184609355e+01,-6.534036121870341773e+00,-3.454556677966637679e+00,-4.763514074572200663e+00,-6.872948041847903866e+00,-2.483456169976327566e+00,-2.291249766707756486e+00,-5.164213637926412304e+00,-3.730578236561968630e+00,-4.372965974971315894e+00,-7.568818147301225707e+00,-3.820342514639426312e+00,-1.768827598042176819e+00,-2.233738717518018557e+00,-6.600828797969603201e+00,-1.319548131648759259e+01,-1.334454577040851575e+01,-1.229966740411027004e+01,-1.815810407821397021e+01,-2.441011819355469825e+01,-2.229994203632039174e+01,-1.428932714507095803e+01,-7.828274432149596507e+00,-4.585711139989526508e+00,-4.616414851403998654e+00,-6.506724097002718032e+00,-1.012399452745466277e+01,-1.679214507475831297e+01,-2.017435118309537145e+01,-1.261908376127257370e+01,-7.123658806757819484e+00,-5.843718161708430614e+00,-8.106771950434922047e+00
-1.093440464564732117e+01,-1.444479481438945179e+01,-1.766910423013500875e+01,-1.590085770671528920e+01,-9.427667071048478675e+00,-5.434056688968400550e+00,-2.478182962906539721e+00,-1.931029233493303021e+00,-2.626528376692387923e+00,-4.819529153574678482e+00,-8.690063276237115275e+00,-1.131341887954482495e+01,-8.187476941965575961e+00,-7.645294021843071164e+00,-5.543524616194846821e+00,-2.810511523395552658e+00,-2.021741816966577510e+00,-3.630763595041475611e+00,-8.100583316688251045e+00,-1.604000483778186137e+01,-2.494466257991647495e+01,-2.530786471438587171e+01,-2.602532042596573092e+01,-2.362572969171337789e+01,-1.456478643417358398e+01,-1.111287871428898377e+01,-8.492825594163479153e+00,-4.436113628901932948e+00,-1.604027278367491149e+00,-8.360009154259345765e-01,-2.377193472341151192e+00,-7.082390768859619712e+00,-1.475904899521877844e+01,-1.738265279181917933e+01,-1.510048735141754150e+01,-8.540008898964501327e+00,-2.618237003291908227e+00,-1.605171875223338762e-01,-1.067279522386869628e+00,-4.816240805208234832e+00,-1.280803993232268212e+01,-1.889942807003967573e+01,-1.714402885903093221e+01,-1.840498120354530442e+01,-1.451198168356615881e+01,-5.198133364851985405e+00,-5.595170899113347529e-01,-7.347284278401726709e-01,-5.690705596469342709e+00,-5.453468396475440905e+00,-2.632307157508636752e+00,-1.957747161861060903e+00,-1.740021921898279089e+00,-3.264781510919556595e+00,-8.129976178918566276e+00,-1.493090461160903537e+01,-1.839422374022634443e+01,-9.322141756688742120e+00,-4.899411406059910767e+00,-2.852848770916181831e+00,-2.223366395116055383e+00,-1.993914873892427497e+00,-3.026815214439442236e+00,-4.514314598753992769e+00,-2.513117689080886397e+00,-9.054225059545640830e-01,-2.789094876105848275e+00,-7.146495818643641584e+00,-2.318542500196332679e+00,6.134629833096895135e-01,5.216037603445294879e-01,-1.935019144501284982e+00,-3.268851945390294667e+00,-7.105716517545227262e+00,-1.339541213404863385e+01,-1.907635086281855408e+01,-1.697016752662515415e+01,-1.802124136372616547e+01,-1.871939134149623030e+01,-1.581755010974138287e+01,-1.097525920634879171e+01,-1.147894605209952879e+01,-1.261194637574647537e+01,-9.430872780936104149e+00,-1.059772013139007640e+01,-1.081391473551441784e+01,-7.559987261331171382e+00,-6.200271304388691895e+00,-8.299662582856372595e+00
-1.186300190409323285e+01,-1.492919243995408429e+01,-1.636524112780291418e+01,-1.560830285853909416e+01,-1.310908671518913771e+01,-7.908578460826013234e+00,-8.422447989309640448e+00,-1.074810928453628200e+01,-5.654061032305086165e+00,-3.472010613160025905e+00,-4.779986584096922897e+00,-6.665388637019279194e+00,-9.517436963274963801e+00,-1.437226271629333496e+01,-1.022729838656303514e+01,-7.651631438866593804e+00,-7.237171685001007937e+00,-8.134853948551908687e+00,-1.104307246656346209e+01,-1.748103476646251409e+01,-2.441586372189055609e+01,-2.466215991794614837e+01,-2.623079066886041488e+01,-2.331943778346355600e+01,-1.481128327201183659e+01,-7.020044531365086549e+00,-2.452796547820693451e+00,-2.655921443624603917e+00,-6.797034015556923769e+00,-6.015170807453026569e+00,-3.146183591027905013e+00,-5.092476578135239684e+00,-1.334311817418363688e+01,-1.613821525233132448e+01,-1.525379688219916474e+01,-1.072505307914619088e+01,-9.608186362941461667e+00,-6.682449456668438259e+00,-6.377706993231199384e+00,-9.762883560998099952e+00,-1.319984108792211863e+01,-1.980515939669501435e+01,-1.807606867202242640e+01,-1.335426086769964549e+01,-7.654273668626196958e+00,-1.224040709342282263e+00,3.883525552433789163e-01,-8.715280601632242607e-01,-5.973575656575367709e+00,-7.989120090814461506e+00,-5.563786844785948205e+00,-6.482792185255346951e+00,-8.356188547566421931e+00,-6.889440933340473805e+00,-9.274873263853832484e+00,-1.739263015761411424e+01,-1.771569641550680885e+01,-1.110374302613107744e+01,-8.290127937506913014e+00,-6.402624523841348392e+00,-6.362580756187663056e+00,-6.451487497727673492e+00,-1.123950444128280246e+01,-6.991507693340904162e+00,-1.540574638539079722e+00,-8.012978395300959233e-01,-4.261282126482267785e+00,-7.940428496191375807e+00,-1.174103031145877996e+00,1.769404129020141436e+00,1.766023230742439054e+00,-1.207253766820338831e-01,-5.279000672436917618e+00,-1.085475107243186521e+01,-1.266136782420309004e+01,-7.816218500522742474e+00,-8.768297643589793466e+00,-1.146986473682231455e+01,-1.629149120239386761e+01,-1.929848881771690117e+01,-1.061890180980352483e+01,-4.555026427961718305e+00,-2.249835405946898348e+00,-3.637905572099905172e+00,-8.110563392925978832e+00,-1.162460324280243995e+01,-9.053937067662863214e+00,-8.185365541537004574e+00,-1.108953285396547273e+01
-1.313909307279084793e+01,-9.693401835018530477e+00,-8.992863753684481765e+00,-1.104616992007520793e+01,-1.428757084133033395e+01,-1.045575456690967542e+01,-8.039496395820961538e+00,-7.877211264201572583e+00,-9.474675481480764105e+00,-1.023185025413233618e+01,-1.110240644888770234e+01,-1.126434619646323299e+01,-1.158435894223980434e+01,-1.460689481936003098e+01,-1.783335939206575205e+01,-2.152582564927581643e+01,-2.339392783229512318e+01,-2.136905185799849605e+01,-1.979672448258650874e+01,-2.210029247828892451e+01,-2.231530143981589376e+01,-1.858008216377487898e+01,-1.787703561334681623e+01,-1.696073892242030112e+01,-1.701626642395679312e+01,-8.632557318174749028e+00,-5.251932533163773620e+00,-4.193973446138818950e+00,-3.437525654988909718e+00,-1.349316896023438739e+00,-1.510676997755759254e+00,-4.439532620118076700e+00,-1.095254496927548260e+01,-7.457500658089056600e+00,-5.529364805553052875e+00,-7.835295234911871631e+00,-9.763026130378694489e+00,-1.142916772598610820e+01,-1.803563820060930922e+01,-1.837587196038181503e+01,-1.283175020379231412e+01,-8.586162983923030012e+00,-6.518623298720309656e+00,-8.885781584601653904e+00,-7.600621317710229974e+00,-1.121546544419965707e+00,7.552243850410117476e-01,-2.460011723228114067e-01,-2.966677678942407415e+00,-5.190005550287048131e+00,-7.090088618429083667e+00,-1.353340645571400280e+01,-1.395606623646011890e+01,-6.934937999884884796e+00,-4.482128337305739230e+00,-4.618103378725455066e+00,-7.713869526422113765e+00,-1.395563949230021983e+01,-1.881131671783619197e+01,-2.185435006313754158e+01,-2.288975327893307465e+01,-1.953785106651764991e+01,-1.365968417493920661e+01,-9.749260451560630258e+00,-7.323272135248758197e+00,-5.038118929861295392e+00,-2.435448208851809682e+00,-3.277791475096395235e+00,-8.575508654565739519e+00,-5.337930547227537126e+00,-3.573368099399079068e+00,-6.877754338253709854e+00,-1.669350074556536967e+01,-1.138160256604503040e+01,-5.999004252871176668e+00,-3.235167339108043993e+00,-1.918330840908228918e+00,-1.477563404668073455e+00,-2.032182741706711315e+00,-1.774426157871187737e+00,-1.075518921948312778e+00,-1.486195269084419124e+00,-4.147490041666572758e+00,-7.674492888320657791e+00,-1.209615674682129516e+01,-1.589956827002360384e+01,-1.190851723251486227e+01,-9.421930532706412009e+00,-1.111544955673074320e+01
-1.824098323341599226e+01,-1.629493945523312348e+01,-1.502052024253328888e+01,-1.265828593064071583e+01,-1.036970076256228523e+01,-8.880155258608940727e+00,-9.239816040921031259e+00,-1.285962894984653992e+01,-1.943994233124238136e+01,-2.151828378663027053e+01,-2.285412262077618450e+01,-2.230039666290570111e+01,-2.119538975120487123e+01,-1.941897270733252512e+01,-2.243652975111079328e+01,-2.528001298940271369e+01,-2.582881621669109506e+01,-2.539764628195224816e+01,-1.988607396039747499e+01,-1.728091448231747407e+01,-1.992949954369910515e+01,-1.443068511279902033e+01,-7.565750808532076377e+00,-4.091901376610621810e+00,-2.604750225309079514e+00,-9.843528096343537870e-01,-8.576616280580016127e-01,-4.114487614679584127e+00,-2.800305958739236711e+00,-2.188116133815251718e+00,-5.662471584023389681e+00,-1.097752085933111665e+01,-6.020488611737587981e+00,-1.289996529474182196e+00,1.475505877496268603e+00,2.184136444349122019e+00,2.867493432678660387e-02,-4.188031522380327942e+00,-5.584350285267359659e+00,-6.599082200710935098e+00,-1.108265580897940694e+01,-7.197882989295442790e+00,-2.625184141685906081e+00,-4.824169251113286094e-01,4.390706415541988095e-02,-1.260796543310529483e+00,-5.785738956099166330e+00,-9.658784757207211413e+00,-3.561379197312700917e+00,-1.914523300833832042e+00,-4.595419118502982236e+00,-9.394898056983947754e+00,-5.854607461090374443e+00,-2.532789737483332360e+00,-1.265468100078414482e+00,-2.611321486058273855e+00,-4.786951103380748584e+00,-1.086717800986497906e+01,-2.118793954705833471e+01,-2.267560580081509514e+01,-2.460049423418546866e+01,-2.153557394859485896e+01,-1.989003392807522985e+01,-2.041952121168150924e+01,-2.306499539102826901e+01,-1.591354740472664453e+01,-7.064501544138543032e+00,-3.924763141494048480e+00,-1.946686292623863057e+00,-2.697917931061938113e+00,-4.726486141072180125e+00,-9.608112662358392342e+00,-1.647958182750787870e+01,-1.185806591439067859e+01,-4.686995229662809237e+00,-3.724677215365314709e+00,-7.259645610907695890e+00,-3.295600818878887228e+00,-3.438914118283664667e-01,-2.823724076038714781e+00,-8.200953486823665983e+00,-7.260021093420516713e+00,-9.858457904112967185e+00,-1.598377020287334460e+01,-1.583371760343250401e+01,-1.778056451431790563e+01,-1.371229133749366724e+01,-1.224141353234312568e+01,-1.350565122930627204e+01
-2.446122172362822411e+01,-2.809889798415334639e+01,-2.670658688616931897e+01,-1.734330104526720717e+01,-1.538037604855415452e+01,-1.668458632329352653e+01,-1.698702472224271531e+01,-1.420776818300548427e+01,-1.147519748013718655e+01,-1.012397170783881784e+01,-9.055239897473414956e+00,-9.303225138133630168e+00,-1.081282594508694572e+01,-1.670445928358493859e+01,-2.225675772724294887e+01,-2.620541170306671930e+01,-2.634656657670673496e+01,-2.614945463847396923e+01,-1.972464917118388072e+01,-1.063463208281007866e+01,-5.892166279872557588e+00,-3.014165941821901562e+00,-1.387553480229711589e+00,-2.344481769459684450e+00,-5.243624326532936308e+00,-5.892929898025258240e+00,-5.732118329008747182e+00,-4.527167835469135149e+00,-1.922456925670624761e+00,-1.107688194727901587e+00,-3.926240936201765841e+00,-8.935979278464065700e+00,-1.396201421443681134e+01,-4.360623721817606047e+00,-4.613444803114560289e-01,1.755501493843118210e-01,-9.207788163571114515e-01,4.925257287467864620e-01,-1.175534874797777629e+00,-6.592879296133392408e+00,-4.452109002305152607e+00,-2.536817371845245361e+00,-4.746653716815145252e+00,-1.079181552157366220e+01,-8.800145595593560799e+00,-8.152884187554954920e+00,-1.196068087152968751e+01,-1.408045182281867014e+01,-1.056121441699508523e+01,-5.226437198264258122e+00,-2.892376483579103041e+00,-4.197551147114984893e+00,-3.241470111187379377e+00,-6.153671547210306514e+00,-1.264731711059584640e+01,-1.145618504958045136e+01,-1.255948690722759586e+01,-1.275971831414932645e+01,-1.383171501016258276e+01,-1.779627113593252119e+01,-1.861503724137643090e+01,-1.722194322786832998e+01,-1.634319422119542153e+01,-1.943223285137262479e+01,-2.163032648796425761e+01,-2.011459846245615068e+01,-1.194126448774696314e+01,-6.766120701804196891e+00,-8.803861791478063026e+00,-1.199195846534313148e+01,-1.017651286519559761e+01,-1.028447947914439098e+01,-1.603314670315362633e+01,-1.044901260128594878e+01,-3.196336072176358734e+00,3.363552969570544615e-01,8.554268071040181942e-01,-2.099698377491755696e+00,-6.362256057637470263e+00,-2.453777861667628901e+00,-1.530545751832485202e+00,-1.194280328095886912e+00,-2.101198699692950367e+00,-4.738478267887480833e+00,-9.635013217316533485e+00,-1.725007332626141832e+01,-1.915665965689752426e+01,-1.666236269563660599e+01,-1.800276713263719586e+01
-2.645247624153481425e+01,-2.867082528064125313e+01,-2.644223405723284870e+01,-1.777907490192499296e+01,-1.316720811316841555e+01,-1.124728856409402766e+01,-1.129082993457191897e+01,-1.505649799780738007e+01,-1.371794868680767543e+01,-8.712207686632199355e+00,-6.884003948448295773e+00,-7.354249243897602817e+00,-1.001121592073512190e+01,-1.537700442084692476e+01,-2.115412232212554144e+01,-2.475727473345018126e+01,-2.639901051126924614e+01,-2.561281901373899217e+01,-2.015637577028202898e+01,-1.016900627371063770e+01,-4.632266511482403537e+00,-2.744705367693327513e+00,-5.266920463259058494e+00,-1.311989656292406181e+01,-1.793509842937153920e+01,-1.895519383150832127e+01,-1.780186448599162929e+01,-1.256097061024572703e+01,-7.995766010051383432e+00,-6.154200224219856352e+00,-4.365474161236805983e+00,-4.951946271765501173e+00,-1.051433679820003420e+01,-6.535499017265506083e+00,-4.294828870690855283e+00,-6.852117408038978397e+00,-8.143361343477005576e+00,-2.556995904430242827e+00,-2.977253161119378100e-01,-1.115718463580193998e+00,-1.747900436205187313e+00,-3.001664020513233222e+00,-3.997014310126913994e+00,-6.919036407219736340e+00,-1.410696986833013078e+01,-2.365786935870808705e+01,-1.714545157618988824e+01,-1.396831872319816625e+01,-1.450203513830227919e+01,-6.653683667120180445e+00,-2.191327236755794772e+00,-1.514908557093380237e+00,-2.862297099349754070e+00,-5.956772086539662503e+00,-1.145480446797564511e+01,-2.275932032721383180e+01,-1.702575307860410447e+01,-1.349393904926185250e+01,-7.303530150786378350e+00,-3.850185281786143499e+00,-3.407683690939854682e+00,-4.573053064090864872e+00,-8.659569182790312070e+00,-1.409459150733804300e+01,-2.265720274573878257e+01,-2.404079477589829494e+01,-1.507514101042783317e+01,-7.159938660779393338e+00,-3.938054535369900133e+00,-3.634424752231049993e+00,-5.536175862724955543e+00,-9.962525612877723091e+00,-1.605428180345019129e+01,-1.084062729809517300e+01,-3.157013470965220669e+00,-7.088537677298422102e-01,-1.763363404227490605e+00,-1.842654280593842842e+00,-2.167750943523894858e+00,-1.596264518280968714e+00,-4.527980679187475488e+00,-7.108300725089147676e+00,-3.961407297255849613e+00,-4.412971133464260731e+00,-8.690126141659298753e+00,-1.613429884444501994e+01,-1.937687153206731949e+01,-1.936664036342076045e+01,-2.207656045426103475e+01
-2.564091339505704781e+01,-2.845431697278990768e+01,-2.464092038448591993e+01,-2.282823570868126595e+01,-1.345340431453590035e+01,-8.322259395642388924e+00,-6.992004431279978505e+00,-8.947676287557845498e+00,-1.587832077553397703e+01,-1.638914162413518127e+01,-1.678477425772444676e+01,-1.937668500448528164e+01,-1.802994725578709634e+01,-1.787540729422318364e+01,-1.932498219497221825e+01,-2.295803569492541030e+01,-2.161526247971039894e+01,-2.116867025274979497e+01,-2.105981818894694513e+01,-1.390665841819648385e+01,-7.607092211121006642e+00,-7.730738099356343263e+00,-9.529733448996580591e+00,-6.492400664360003404e+00,-5.611933552064841457e+00,-6.090706547960302863e+00,-9.189285400218533795e+00,-8.032760211847778109e+00,-5.465038967759985766e+00,-7.868947889067624324e+00,-5.136918280919649860e+00,-1.218608989347913729e+00,3.438362805408722300e-01,-1.962691217354547879e+00,-7.486188531370091326e+00,-1.542797755388389014e+01,-1.417177733218759528e+01,-3.773692428841626700e+00,1.155097028006855542e+00,1.576646800250991465e+00,-2.207272448956868249e+00,-7.547297673264020901e+00,-4.955618451412458825e+00,-6.509169954106323708e+00,-1.442830232301152726e+01,-2.103813307625906859e+01,-1.438894880624641992e+01,-7.782894208018941384e+00,-2.623445549139514998e+00,-6.573627223251947704e-01,-2.369878129259844091e+00,-7.625982896575382419e+00,-4.890852792009088290e+00,-4.786972613136907029e+00,-1.025695821273147601e+01,-1.631257604208207823e+01,-1.237603696037952083e+01,-8.365269298840285472e+00,-4.629054998768899587e+00,-4.107931845534340987e+00,-5.060183184207382112e+00,-6.378558691338937159e+00,-9.310579959611247958e+00,-1.249538840118207439e+01,-1.509453728234857550e+01,-1.554005784558174241e+01,-1.272547999808662844e+01,-4.998341904098825950e+00,-5.799017716753609442e-01,3.995633610296439597e-01,-1.714216967662131053e+00,-6.943347794893092839e+00,-5.146474919148853466e+00,-1.544888561154729612e+00,-1.493243398375921238e+00,-4.773151377538092710e+00,-1.301560299378588681e+01,-7.285681522990527625e+00,-1.722334190415344413e+00,-3.559717083992296471e-01,-3.028909854642973354e+00,-8.445859658090691724e+00,-1.304178277352698778e+01,-1.302309939018765839e+01,-1.443195549079350037e+01,-1.539649156878765446e+01,-1.812948983414728943e+01,-1.820678292360521056e+01,-2.433917196711203346e+01
-2.526582781712811610e+01,-2.842610751775870526e+01,-2.509864351086150336e+01,-2.135985289301191159e+01,-1.273405828959959862e+01,-8.093903776846433473e+00,-7.698125891219404160e+00,-1.036818171802319988e+01,-1.745317368399827984e+01,-2.127943525816264980e+01,-1.620327363426524059e+01,-1.246796496739064786e+01,-1.084477265840186178e+01,-1.087893514548029295e+01,-1.094569777411625822e+01,-9.347979146959190189e+00,-1.200733361432426882e+01,-1.328124848165010086e+01,-1.252617857958141201e+01,-9.118439147346897755e+00,-5.072460038769514235e+00,-3.305241094280692682e+00,-2.696967662101962926e+00,-3.713367946495834127e-01,-3.913957781212656223e-02,-2.749836650534788429e+00,-8.901147865263142833e+00,-6.876764591475178712e+00,-3.630869063247639250e+00,-4.256385893242335960e+00,-4.535232097354692904e+00,-2.000255246834892642e+00,-4.460749807448959992e+00,-7.222884747164702191e+00,-3.830013063169063425e+00,-3.598843382844785221e+00,-2.051518295882939213e+00,-2.668335262285125520e+00,-7.124068160756680257e+00,-3.826803663573525416e+00,-1.017132296238297595e+00,-1.527847941829630463e+00,-4.384819413262202481e+00,-9.950365224278959531e+00,-1.643796483466499581e+01,-2.119826556327647893e+01,-1.306802993609492880e+01,-7.374697939345710829e+00,-5.415460094529435331e+00,-6.437418816149010681e+00,-5.048786290136999533e+00,-9.234008144458335510e-01,1.519610910249271862e+00,1.802486998372609728e+00,5.286108804569068509e-01,-3.283392210932154498e+00,-8.627473650122047033e+00,-8.659137614239426739e+00,-5.009022721894701213e+00,-4.839675696270957950e+00,-7.026568222376062600e+00,-4.379497042548566199e+00,-4.613521186216503089e+00,-6.322466887995824791e+00,-6.430896728558647801e+00,-1.090567764124475936e+01,-1.168853770521350377e+01,-6.476381923919333872e+00,-4.325379923840326768e+00,-3.670487176647927896e+00,-4.572352044900557466e+00,-7.203753230715156164e+00,-5.424580197137101045e+00,-4.402246351584904183e+00,-3.579223217876782215e+00,-4.905433611762254564e+00,-7.584644964763096020e+00,-4.495328972550263202e+00,-6.608223125861110159e-01,-2.553254443072430213e-01,-2.528342216602995851e+00,-9.586670603519095835e+00,-1.433987493622571918e+01,-1.350218020794086904e+01,-1.234378337322321073e+01,-1.106884496104448345e+01,-1.075378140202142241e+01,-1.353426347549696551e+01,-2.136930756640613538e+01
-1.910523512668179436e+01,-1.929645413563663681e+01,-2.195589969928999707e+01,-1.816090469073532176e+01,-9.057422448817948890e+00,-7.250286628429154945e+00,-8.318205743804014674e+00,-1.394516745993965579e+01,-1.749824017331116011e+01,-1.342920353089956365e+01,-8.108415549354893059e+00,-2.755363768577589578e+00,-5.713326975780266270e-01,-9.402122565553238109e-01,-3.461971513096757658e+00,-3.369275909449373163e+00,-2.536257638967126748e+00,-4.273706522315068312e+00,-7.668878490315344187e+00,-6.019034629925749336e+00,-4.927037687902164009e+00,-7.528318333082404834e+00,-3.021637495370805837e+00,-4.247159161836896457e-01,-2.821457120561902343e+00,-7.562419232345165554e+00,-3.628400856054815105e+00,-2.803155291130542182e+00,-5.341178136548601962e+00,-1.276781983751999761e+01,-1.379897269628997947e+01,-7.016037757235362271e+00,-3.540694450476395971e+00,-2.975919933861576272e+00,-2.548252711625755840e+00,-4.510529678165247525e+00,-4.336865763264862395e+00,-4.190509505065760365e+00,-6.903724921377081714e+00,-1.088514725964768459e+01,-1.380574474478126490e+01,-1.202361900510644510e+01,-1.083829622519643721e+01,-1.641564894439582645e+01,-2.143307274445555421e+01,-2.034716441219014271e+01,-1.787993310985708462e+01,-1.676256643650226863e+01,-1.697372018304982433e+01,-1.570881434938961441e+01,-7.560423864457840537e+00,-4.881572560260170057e+00,-7.182841258879778756e+00,-4.236836516140798814e+00,1.708136684094079538e-01,3.725043981501489632e-01,-5.133315575983846912e+00,-7.467975939014800169e+00,-3.417700394932040808e+00,-3.194331583866317548e+00,-2.621659740644570302e+00,-5.737509853556695960e-01,5.926362198954308186e-02,-7.765007514140701561e-01,-5.746711108133308876e+00,-1.227475026451555351e+01,-9.721701291270722578e+00,-1.185652375490145616e+01,-1.562405094885288293e+01,-1.408631314819020375e+01,-1.746911016890877022e+01,-1.765022033497803022e+01,-1.723967257657445629e+01,-1.412852994660685901e+01,-1.476946654893401956e+01,-9.648655950574946516e+00,-8.850277690062846148e+00,-8.908755040706548556e+00,-3.582268096926741308e+00,-2.258797514552155938e+00,-5.412485615427332419e+00,-1.015633674133989217e+01,-1.246916400221057408e+01,-5.570473051608953341e+00,-4.122514156750718861e+00,-5.854166923356907581e+00,-1.195159928601487209e+01,-1.117547693557309074e+01,-9.592850573528977520e+00
-1.061212070275070118e+01,-1.470616752043702569e+01,-1.970946447831347470e+01,-1.526283325467790952e+01,-9.969923184330301780e+00,-5.927270338499456059e+00,-5.618014652478067639e+00,-8.104054615013581042e+00,-7.379991900651974746e+00,-5.078537978624042992e+00,-3.714013653114101920e+00,-2.147942912890890899e+00,-1.021858385336914532e+00,-1.253829490145689451e+00,-3.287072417854188799e+00,-1.799737781600911024e+00,-7.288909466038685503e-01,-3.352849405595010435e+00,-1.006159511410204033e+01,-7.021347168692968488e+00,-4.035315291101770896e+00,-2.595335352185525579e+00,-1.530022203306058204e+00,-7.863212462170644512e-01,-3.355630289835862534e-01,-3.665184702930899263e-01,-9.182930328656526697e-01,-2.420457139588486406e+00,-5.549537866411352383e+00,-7.788791591063477959e+00,-6.875016208429982179e+00,-5.582472914591767754e+00,-7.038178521719641978e+00,-3.101877933737027249e+00,-1.347519098212977440e+00,-3.455231411286382226e+00,-3.088626641359992320e+00,-3.767937678591649409e+00,-7.961896128224251079e+00,-1.211687894294360568e+01,-7.568783776204388580e+00,-4.559070870927114605e+00,-4.292628489178254902e+00,-5.210852028777528844e+00,-7.097958693781380113e+00,-9.849021852464604265e+00,-1.331195273793729683e+01,-1.917007509927104181e+01,-2.420185980402437309e+01,-1.798519433441018833e+01,-5.994249127861252191e+00,-2.526259831944130507e+00,-7.339657715086727041e-01,-6.889619451012686246e-01,-3.582854535857817879e+00,-8.915864640783826900e+00,-2.883592329796795806e+00,-2.004195617084720382e+00,-6.031989515443942018e+00,-1.551033227022429095e+01,-1.561596555458871904e+01,-9.076717798647127466e+00,-8.420804020157433456e+00,-8.954049937146946192e+00,-3.675353617372369541e+00,-2.124039264087726142e+00,-3.388073774600835808e+00,-6.268978071616108316e+00,-1.214890488735715302e+01,-2.230383550134816417e+01,-2.315430943051675072e+01,-2.194543869871842290e+01,-2.264959257527401704e+01,-1.891940126562477076e+01,-1.010770468066509586e+01,-4.526555737494525999e+00,-2.424264827593495930e+00,-1.419675041420763284e+00,-3.345392679865647256e+00,-8.177339998402990418e+00,-1.807934016661536347e+01,-1.938396924061882842e+01,-1.766198030808814323e+01,-6.922676060432777945e+00,-4.010508641639122240e-01,2.014276637079516430e+00,1.872580817420931965e+00,8.926677200645628807e-02,-3.845405754037166446e+00
-1.454906470972792576e+01,-1.523543082323289433e+01,-1.867211281446585858e+01,-1.657475024954716858e+01,-1.851926297531988297e+01,-1.067370917608863401e+01,-3.523316436916365646e+00,-1.575518718377960203e+00,-4.111186807793109743e+00,-1.101676770170828412e+01,-1.229103365069941489e+01,-1.375115472660925242e+01,-9.583034729599056334e+00,-9.166574231664041505e+00,-9.400849174375512263e+00,-3.499500439809694274e+00,-1.574225402528182105e+00,-3.344080979942827270e+00,-9.806067685435589709e+00,-1.206272732360022459e+01,-7.302071932563207746e+00,-8.236673612119560062e+00,-1.121132543660644387e+01,-1.262291520116920829e+01,-7.795325670923505257e+00,-6.520905868871543554e+00,-7.019285315633716493e+00,-1.347813384246109081e+01,-1.972433912933320954e+01,-1.804023824329663128e+01,-9.876444132704483181e+00,-6.380948618838661268e+00,-4.245269216810654278e+00,-1.268332119698065474e+00,6.458171317874650263e-01,-7.612553130611217078e-01,-4.531923134287353605e+00,-7.060174959494655234e+00,-1.042804497883732218e+01,-8.513027974761518735e+00,-1.139782431638270976e+00,1.781339728411749146e+00,2.536561174528267237e+00,1.127075497554685057e+00,-1.205735490734415771e+00,-4.977481035585689995e+00,-1.129884652446087223e+01,-2.100852749939251751e+01,-2.448436140655574889e+01,-1.812893538546741468e+01,-6.097310448275472972e+00,-3.651083225272315769e-01,3.228352072231184255e-01,-2.498988116496151601e+00,-1.008308296902735357e+01,-1.175264624724710849e+01,-7.406912670547800559e+00,-3.972377492296964796e+00,-1.314836599341126622e+00,-1.328059570442603254e+00,-1.853747703149456028e+00,-3.287463860628299983e+00,-6.041384678586084966e+00,-7.854345637156550985e+00,-6.537701073893926740e+00,-6.692532971837466427e+00,-6.812201521002259952e+00,-8.345313022459359686e+00,-1.240925939459549809e+01,-2.000102344312166025e+01,-2.452587580680847168e+01,-2.400447965564584507e+01,-2.311080078791854930e+01,-1.710791950835321273e+01,-9.928164726809450613e+00,-7.874208546670756093e+00,-5.656151461351971221e+00,-4.576755730729353822e+00,-6.626132299577383478e+00,-1.331136139443046140e+01,-2.133530471378699289e+01,-2.109199085988496591e+01,-2.045274064415379556e+01,-1.037599112933739676e+01,-1.144005896419488577e+00,2.566320787810657311e+00,2.804259052703199195e+00,-1.797313460208391500e-01,-7.039203816338589270e+00
-1.257217641073958347e+01,-1.586739659667911440e+01,-2.117432755814459000e+01,-2.544750963476367289e+01,-1.545643215788934377e+01,-7.621793367360767846e+00,-3.026532948934438139e+00,-1.850077280461354112e+00,-2.353934937634652336e+00,-4.207840449939992844e+00,-4.303086712620312504e+00,-6.608644791115495742e+00,-1.128226462746025049e+01,-1.543989301982678874e+01,-8.318029035975161634e+00,-4.982849286911182674e+00,-5.779400713237604847e+00,-8.547731338587022165e+00,-1.019307830369562140e+01,-1.487918478564212243e+01,-1.881016821968824360e+01,-1.811993759198296416e+01,-2.071837222845034532e+01,-1.869376863035044423e+01,-2.034133000302135486e+01,-1.692250814115194402e+01,-1.866181404608532901e+01,-1.763645779100575695e+01,-1.937761294572873183e+01,-2.020809540174957419e+01,-1.288349820079660013e+01,-7.027789166099147167e+00,-7.264822349960642356e+00,-6.687033956445039173e+00,-2.305247737264350061e+00,-1.922899078176868004e+00,-6.400561934070927883e+00,-7.731103023360097914e+00,-1.077651912198030892e+01,-6.558052067693910914e+00,-1.822437441407587233e+00,-1.199488489638271815e+00,-3.964109212747438882e+00,-1.004404205980157450e+01,-9.747105968177766755e+00,-9.021337049348014503e+00,-1.352395525821169464e+01,-1.663793164626099852e+01,-2.035774038429547161e+01,-1.282262117522103395e+01,-5.602967069323237403e+00,-1.942527985667588331e+00,-1.322001028457381766e+00,-3.557006115079822450e+00,-9.743152732687784479e+00,-1.584326706613813052e+01,-1.794998884021787688e+01,-9.878563880920410156e+00,-7.389568337932565179e+00,-7.621350894659351560e+00,-5.524028586454801548e+00,-5.733765622502879467e+00,-1.010488070267483707e+01,-2.040976749326949857e+01,-2.145967833619368648e+01,-1.851093156624557423e+01,-1.916742254199838413e+01,-1.754641028095905142e+01,-1.696616211331876656e+01,-2.050208252175410095e+01,-2.083265750569508512e+01,-1.977127100112743108e+01,-2.300464175518294141e+01,-1.922071383590985150e+01,-1.234196806402134783e+01,-1.097030841094210629e+01,-8.580811543236102068e+00,-5.160307438918073863e+00,-5.929823491134141200e+00,-1.077174379547735761e+01,-1.801286941004875075e+01,-2.215349803472820156e+01,-1.900346153660824555e+01,-8.288054148057350190e+00,-3.480681532511511023e+00,-2.246349868652606663e+00,-3.926208191735081954e+00,-7.944411207900795802e+00,-1.341546403106890217e+01
-1.110163858600128783e+01,-1.469787686570246343e+01,-2.089933193536629474e+01,-2.627623367488832429e+01,-1.652541094346154082e+01,-9.973554940151988291e+00,-1.047769149846600456e+01,-1.285979098619375094e+01,-1.311810388780178016e+01,-1.396300627952231466e+01,-8.199761340940804999e+00,-4.350102439410704847e+00,-2.599996225054102883e+00,-1.900679188402355724e+00,-3.060418296409280536e+00,-6.561799758807160821e+00,-1.462804082730658983e+01,-2.173073130801208208e+01,-2.086560215089554049e+01,-2.221870845780336623e+01,-2.425845647575263797e+01,-2.349755207757304376e+01,-2.447263545739023272e+01,-2.159356785358342989e+01,-2.355639420953908214e+01,-2.087492381181932188e+01,-2.230457073763797027e+01,-1.790980005981330692e+01,-1.778688556628119599e+01,-1.914681285037134018e+01,-1.131614927286492289e+01,-5.636974236794880078e+00,-4.692594965793808193e+00,-3.100755527615547180e+00,-2.012070705854207997e+00,-7.134221019013259335e-01,-4.336998405764789788e-01,-1.102987192102000691e+00,-2.742209556890665478e+00,-4.589816113051615076e+00,-1.028130676602958715e+01,-1.230161026456302231e+01,-7.620592197081200503e+00,-7.048493296132051888e+00,-8.293875493501362328e+00,-9.706449372427803368e+00,-1.103258634420265771e+01,-9.101246500821938312e+00,-9.430202111265712617e+00,-1.316885383684832433e+01,-7.660372418120391380e+00,-7.415159652107639943e+00,-1.058424614358665394e+01,-8.533801885027633816e+00,-8.133379830453629111e+00,-1.548173364123007367e+01,-1.722614413275754686e+01,-1.254717890839827632e+01,-8.650659848424725240e+00,-8.714437899732947912e+00,-6.302621631918096767e+00,-5.648382677171463584e+00,-9.632344365119934082e+00,-2.175353352467816492e+01,-2.258439932909227110e+01,-1.861125975981690672e+01,-1.117103414248703075e+01,-7.551449319025627993e+00,-6.465371300403337074e+00,-7.155182519801576824e+00,-9.441853017287145988e+00,-1.464125940943122828e+01,-2.284158157047472670e+01,-2.280206801658286153e+01,-1.712139557447648741e+01,-5.996103147703006009e+00,-1.120306283689941784e+00,4.662323356772373750e-01,-1.304636016862704917e+00,-6.538353244837065148e+00,-1.819351764818779671e+01,-1.979383184318255573e+01,-1.779892014202318862e+01,-8.960251466672223941e+00,-8.336861734103440114e+00,-1.213784331038482200e+01,-1.576677340224273216e+01,-1.413239601142424462e+01,-1.613951521439659942e+01
-1.956454407362113201e+01,-1.941146531857942392e+01,-2.063291989950309002e+01,-2.284977460983104436e+01,-1.803189471610506800e+01,-1.089694935755622041e+01,-8.008966860018277956e+00,-7.791398328049738531e+00,-6.616830072568771648e+00,-7.523935157105438698e+00,-1.299821525677702461e+01,-1.097316336452512786e+01,-9.169654458088983162e+00,-9.270036061455432019e+00,-8.977542540184536790e+00,-1.203862541958801735e+01,-1.607726136813486306e+01,-2.247722389644249930e+01,-2.351901534625462276e+01,-2.415801292254512589e+01,-2.419185650079770156e+01,-1.989248076955178490e+01,-1.846786945565302673e+01,-1.769382122584751826e+01,-1.694790300570036123e+01,-1.510039971735244357e+01,-1.465140227536509876e+01,-1.390878036237300819e+01,-8.212357545257511049e+00,-4.663915899799282450e+00,-1.468788379770038288e+00,-9.807639185109883195e-01,-1.551801964068606710e+00,-6.573946019228463555e+00,-6.146802368755907686e+00,-3.645592096086619271e+00,-7.490737818433601980e+00,-5.881067172379085939e+00,-3.440710397815345711e+00,-4.600201934127879255e+00,-1.085000298077002512e+01,-1.312092359083935733e+01,-6.995223003222529989e+00,-6.392739192827751715e+00,-8.643359700215436092e+00,-4.432201649291664936e+00,-1.833243858101157420e+00,-2.918261260130351697e+00,-7.119748759538607530e+00,-1.226352329540969777e+01,-7.452591015656191864e+00,-2.454629978186037675e+00,-9.524316460303822174e-01,-2.168715597196881339e-01,-7.564199297164594382e-01,-3.671603999935664664e+00,-8.192319710003701516e+00,-9.879271008018264411e+00,-5.254051006826243153e+00,-2.724328423605153482e+00,-1.968921412367205637e+00,-4.020781834322707304e+00,-7.654888969614989769e+00,-1.648603877895756753e+01,-2.353741415998989339e+01,-1.776514561014964144e+01,-8.901605400375853350e+00,-3.791028391597862424e+00,-2.345063845984133533e+00,-3.237259661624754425e+00,-7.219800095360977998e+00,-1.476063373035058035e+01,-2.300232491995159023e+01,-2.330413656485708174e+01,-1.843352798456536235e+01,-6.981419832858824392e+00,-1.998519011317573701e+00,-4.017040378760277086e-01,-1.508457769142180105e+00,-4.799816936926734279e+00,-6.835548549218285252e+00,-7.787043947474400873e+00,-8.893099343866333939e+00,-1.246581595060520620e+01,-7.953615553172907582e+00,-5.280619735444398444e+00,-5.294248127847685836e+00,-8.158432836819411449e+00,-1.070064631261323562e+01
-2.537259491583458626e+01,-2.536146595962065575e+01,-2.232172143011164778e+01,-1.592459482357914347e+01,-1.020246072460834164e+01,-6.948597573696222440e+00,-5.063188609772158344e+00,-4.719600782134478756e+00,-4.594108616274998447e+00,-5.535541860904908518e+00,-8.832960265023368507e+00,-1.696785960161596307e+01,-2.138449427238980505e+01,-2.120387822165525193e+01,-2.021318439254186927e+01,-2.122693400633962568e+01,-2.172492869993797981e+01,-2.420737007148283837e+01,-2.389813314165387936e+01,-2.385011585672995338e+01,-2.375079296406050489e+01,-1.627498751833923052e+01,-9.024644142703005301e+00,-4.903740496675770721e+00,-2.475012112277581000e+00,-9.060799614823934478e-01,-1.355761517045837472e+00,-3.562024859462941784e+00,-7.030475560659752432e+00,-2.482832448255914759e+00,-1.520246744034435382e+00,-4.555325049199724141e+00,-8.944532821501107733e+00,-1.626682916624625497e+00,1.276781611677711759e+00,1.568532799009962009e+00,-6.508767695408629317e-01,-6.725423312108767426e+00,-1.271480441855308641e+01,-1.228866186805237426e+01,-1.363294882075230952e+01,-8.116515459870933924e+00,-4.077142103274066010e+00,-1.272001928347425537e+00,-4.600056582175214293e-01,-1.438991693920749881e+00,-5.657276542866918057e+00,-1.100419853594070041e+01,-1.264029480819415241e+01,-9.311311417056206352e+00,-5.575356071604821828e+00,-4.211359016940389388e+00,-2.737592787740934064e+00,8.848021438746201950e-01,1.619824639838398861e+00,-6.617829259482818083e-01,-7.507235543172162018e+00,-1.009543762171178827e+01,-1.017886220781426765e+01,-1.335250489156048914e+01,-1.212953325321799802e+01,-8.114233017864084019e+00,-9.077968387675465323e+00,-1.625733362821707928e+01,-1.752164751784245666e+01,-1.331131808650224713e+01,-1.354179593494960265e+01,-1.265287289583593378e+01,-8.849863948230456856e+00,-8.144904473670443679e+00,-1.164711095515946759e+01,-1.081426227451267152e+01,-1.144376949170478319e+01,-1.162298621629413731e+01,-1.298784872105247068e+01,-9.830614931601330042e+00,-7.944039833724946931e+00,-1.001330626783962607e+01,-1.043258957217510563e+01,-1.146059599227475090e+01,-9.040169107510632074e+00,-3.268661988016805964e+00,-1.130548477317276479e+00,-9.484574637060444458e-01,-1.985791093641822158e+00,-4.922651043511871549e+00,-9.146432462043332379e+00,-1.328423761962947935e+01,-1.738258881228310671e+01
-2.708371050017220583e+01,-2.590159953984998964e+01,-2.035659578330534814e+01,-1.429391488455291892e+01,-1.171790033982212442e+01,-1.317378581645793467e+01,-1.755987234402419972e+01,-2.157689524772472112e+01,-1.752245957062656601e+01,-9.997122147925814772e+00,-7.982459318368954726e+00,-1.053734709535326353e+01,-1.511156904070000984e+01,-1.150785011725318085e+01,-1.053100739744372838e+01,-1.259066719713067606e+01,-1.420815898825351375e+01,-1.593111588452991612e+01,-1.590390727125612358e+01,-1.926909230615859769e+01,-2.346170949756650970e+01,-1.524154886267239029e+01,-7.828568874893331753e+00,-5.043631019182782893e+00,-4.572768525304482523e+00,-6.214786502901163523e+00,-4.949598746284968875e+00,-1.505791966578418961e+00,-2.038952310462797402e-01,1.353146218820024282e+00,1.675592301271617846e+00,-7.209399539926818479e-01,-7.048445241312195186e+00,-2.788374184302736758e+00,7.920002337816282045e-01,6.048692157833409633e-01,-2.971288072235034772e+00,-9.782591041765714479e+00,-1.973385002380026876e+01,-2.071122258767149660e+01,-1.566648266907025189e+01,-1.221343455458045923e+01,-1.204814131636368657e+01,-1.344591097119159251e+01,-1.243484559856859306e+01,-1.152223201129669583e+01,-1.139098720487795369e+01,-1.184605552379350080e+01,-1.638714476994105596e+01,-1.058497411460804827e+01,-9.433304879002104570e+00,-9.482340144931821868e+00,-8.252420206267133906e+00,-5.290367689795959727e+00,-6.481342682048163439e+00,-5.567134527783644593e+00,-6.921139532574136943e+00,-9.548221674852801044e+00,-5.496353958755699765e+00,-3.843119133909362439e+00,-5.916015197071281762e+00,-1.093613314660812286e+01,-6.874567154304761729e+00,-4.218028465608008482e+00,-6.358114300365734550e+00,-1.191068091338738455e+01,-1.762234196447788293e+01,-1.985119571183857090e+01,-1.393622571454012338e+01,-7.319308307834137217e+00,-3.754007145352801444e+00,-1.744629873905246820e+00,-3.581249749500661772e-01,-7.263765993122802689e-01,-2.116814778946144227e+00,-5.155712568110093486e+00,-9.079047050243033823e+00,-1.311018411916001369e+01,-1.235025249791324597e+01,-1.315889168413061761e+01,-1.277508625589815239e+01,-8.065450950224596127e+00,-6.443739321352423666e+00,-3.003828243576550427e+00,-3.699895010616882196e+00,-9.306229108851752585e+00,-9.570603298065357478e+00,-8.802435752144432968e+00,-1.178194289727318633e+01
-2.592883331435067262e+01,-2.600147049229844143e+01,-2.222771533808313649e+01,-2.144389094983724675e+01,-2.172009864964879711e+01,-1.944219196649422443e+01,-2.091604753365194114e+01,-1.957741533006940671e+01,-1.445718436492116865e+01,-9.547680776818355142e+00,-5.880651222583942683e+00,-4.621215668163801915e+00,-4.871749158612543873e+00,-2.742107655403127175e+00,-1.098171400005624632e+00,-7.712507489134288186e-01,-1.767589736809075163e+00,-4.155778683105805449e+00,-8.711666380552420819e+00,-1.656790106637137328e+01,-2.281174638217553152e+01,-1.573995194757791438e+01,-1.486547153247030195e+01,-1.270745148694604865e+01,-1.390517487382530248e+01,-1.892313999072053221e+01,-1.093468405877737126e+01,-2.989474599773529917e+00,-5.816750005010122848e-01,-2.516293719447658894e+00,-5.444156856453781224e+00,-6.328322702052449955e+00,-3.057384760121209410e+00,-2.128366481003358679e+00,-3.289983598970549039e+00,-8.256946430170446050e+00,-1.307567303745370246e+01,-1.275137483715114683e+01,-1.447784717369796681e+01,-1.583350448500841168e+01,-1.179744803546962828e+01,-8.968831279560140146e+00,-9.294530071234120783e+00,-1.086913184933644416e+01,-1.440356911730049205e+01,-1.390422803297975030e+01,-1.195632293842788840e+01,-6.734992977035672901e+00,-2.882149536120600430e+00,-3.760095630040658499e+00,-7.364767914203772747e+00,-1.065695302558124524e+01,-6.750563539060435048e+00,-4.863610189632141534e+00,-6.955743329053310831e+00,-5.190129705641727043e+00,-4.741486743876808241e+00,-6.438844039349963744e+00,-1.365892156113037048e+00,1.036369926036045275e+00,1.326514553555280473e+00,-2.965697895804870199e-01,-2.325090466709667680e+00,-3.742726756988051129e+00,-5.048073260631776193e+00,-9.698753753102812070e+00,-1.628189535338179539e+01,-1.956804673295271968e+01,-1.345908009468164579e+01,-7.068606791639686193e+00,-4.703265983807413342e+00,-6.410454695655690927e+00,-8.799099550064289232e+00,-5.034843811935997060e+00,-2.817139060266273809e+00,-4.798482854339413350e+00,-1.108910871806897624e+01,-1.025734098602954525e+01,-5.757946014180219230e+00,-5.484930836490558903e+00,-5.825760971558721302e+00,-1.131795626744291816e+01,-1.437518141950879702e+01,-7.857946039366543012e+00,-2.138799484528573380e+00,-4.269824098335625595e-01,-1.740296553976996119e+00,-6.546541154832768328e+00,-1.487387302226590080e+01
-2.524157486284585872e+01,-2.546751277608082731e+01,-2.250414830222165818e+01,-2.197447050782971090e+01,-2.170021040099007692e+01,-1.784288049819774358e+01,-1.716069779718728938e+01,-1.438659883172888421e+01,-1.190169573636879541e+01,-1.384946466836714229e+01,-1.200011393719149666e+01,-7.512905661100731436e+00,-4.768258488099825776e+00,-5.119205058909448880e+00,-9.065703470343933645e+00,-9.699034702564988564e+00,-5.568419038185051129e+00,-5.326530077403649699e+00,-8.636531369578570150e+00,-1.604435317408769635e+01,-2.231288058775708194e+01,-1.586451436254314906e+01,-1.456685737111514634e+01,-1.187930215928787625e+01,-5.214954213107081848e+00,-1.305781461624078599e+00,4.824743844932855574e-01,-9.422447902105155482e-01,-6.777761070127773735e+00,-1.655353873385522689e+01,-1.529513788402528718e+01,-1.833182886489352015e+01,-1.124180797437079882e+01,-8.510945326851722115e+00,-9.807045146038657180e+00,-1.700700488574522851e+01,-1.765804497102149284e+01,-1.708866937178418155e+01,-1.312792980043511726e+01,-5.871824263854134252e+00,-1.788003860579810533e+00,-2.263379043794877810e-01,-2.574560086827556993e-01,-3.299443780051113800e-02,-3.841786414121265980e-01,-1.684667995548369435e+00,-6.213648461204554607e+00,-4.946124308252413115e+00,-7.574087328976020217e-03,1.122020069681741727e+00,-1.768306515791849165e+00,-1.043550360382051423e+01,-8.950671812197318999e+00,-4.676285406476573314e+00,-3.520180635994538232e+00,-3.353840889636763301e+00,-5.347488281198013560e+00,-6.493853361758970877e+00,-4.269745281904487655e+00,-1.830341555220303063e+00,-2.750867907643227195e+00,-8.222668499426733391e+00,-1.243761438624303217e+01,-1.286873181063429783e+01,-1.526911358008707431e+01,-1.336063375239981710e+01,-1.243745973146051398e+01,-1.423697810244739514e+01,-1.029043854179238870e+01,-8.785456049711184434e+00,-1.182325856488450100e+01,-2.024759267685108455e+01,-1.612946034732617662e+01,-1.262225809850190750e+01,-6.289188829131592051e+00,-3.771496553506170191e+00,-6.390253521457158747e+00,-4.302475043349283546e+00,-3.598088964651849908e-01,-2.079304918275683978e-01,-3.658109161354202055e+00,-1.261065948816170312e+01,-1.978767818705479797e+01,-1.320909081791576511e+01,-3.618500140796702791e+00,-9.807394649710898804e-01,-1.686082737561257483e+00,-5.939157409775526197e+00,-1.258832678579746300e+01
-1.985312207480122382e+01,-1.800361002208595096e+01,-1.996546533412503166e+01,-1.829568913915103678e+01,-1.588256914723188373e+01,-1.141419450994720997e+01,-7.004095853271341099e+00,-4.090901965846104105e+00,-4.201477588791596496e+00,-7.217052807485250909e+00,-1.378125057543130794e+01,-1.773801513363544302e+01,-1.922218590571468155e+01,-1.348002803773808367e+01,-8.106961985727897613e+00,-8.437393157105697483e+00,-1.318137677047485745e+01,-1.044722079110324842e+01,-7.809338462083859511e+00,-9.935482959550126836e+00,-1.190870840612210735e+01,-1.325862298155189478e+01,-9.209824240745458468e+00,-3.443560257032373784e+00,2.455680961685633434e-01,1.289567216765135527e+00,7.028251016386469763e-01,-1.209068606818564096e+00,-5.155063862975378441e+00,-1.143659721998343848e+01,-1.395876935191620483e+01,-7.134398329078702972e+00,-5.717407745526249307e+00,-6.921765682168472544e+00,-1.133214859272304409e+01,-7.753893629276662480e+00,-6.077643650657448049e+00,-5.665471811833549864e+00,-6.166361219452736186e+00,-4.504129026561303206e+00,-3.363548786936089829e+00,-4.148150786197275508e+00,-9.636190884095386266e+00,-8.800811580249241928e+00,-7.321890664066335042e+00,-3.898938958049940950e+00,-9.281538673702809383e-01,2.006964637026106946e+00,3.891331786499883982e+00,3.459547169674607847e+00,1.406764374354734226e-01,-8.634454674962768195e+00,-1.732202738030512634e+01,-1.405782201057089864e+01,-1.256348005631812548e+01,-1.297605655067845376e+01,-8.184144981821676268e+00,-9.678169264829248775e+00,-1.234732103482224908e+01,-1.031694232297122937e+01,-6.406907314224574712e+00,-2.013242433294899048e+00,-1.516985327803006323e+00,-3.245805971320942618e+00,-6.839324228969731578e+00,-1.190855102610767347e+01,-9.285641153952232330e+00,-4.136151329019015499e+00,-3.042190092062591500e+00,-4.339379332567515846e+00,-9.306812392141585732e+00,-1.507955160535367867e+01,-2.126072151858107517e+01,-1.848513836071903427e+01,-1.229772145586802523e+01,-4.928341765502901595e+00,9.551181159983564151e-02,2.763677068971993833e+00,2.518830304923362462e+00,-4.951111469496587980e-01,-8.051990506092185029e+00,-6.043120076893863768e+00,-4.090926189759843901e+00,-3.444029065689309999e+00,-6.343763621453952339e+00,-8.414143119539533089e+00,-7.416685616611538023e+00,-1.083227614935179339e+01,-1.482573502225087125e+01
-1.226544345231880762e+01,-9.491901035595656566e+00,-8.804128680014072117e+00,-8.379702330531930698e+00,-7.324762673754441344e+00,-4.438248425666103003e+00,-9.812227288504827838e-01,-9.871191675024180989e-02,-2.492667281395349654e+00,-8.953826665374121418e+00,-1.018826455594901681e+01,-6.756593243071907118e+00,-4.504390081775872190e+00,-2.390015781251363602e+00,-2.000601103146607773e+00,-4.121891162673333220e+00,-9.841271934204531391e+00,-6.884514163311262536e+00,-2.625422776585682794e+00,-2.146349814937527078e+00,-4.382979052855556112e+00,-9.723968690051172814e+00,-8.866705960349031912e+00,-4.162605697163065166e+00,-4.877534046320986860e+00,-9.696944214795765404e+00,-1.336568739763776215e+01,-1.059693303412960930e+01,-1.043924371371591953e+01,-1.360453297858847677e+01,-1.049596609701787564e+01,-2.911044571642795287e+00,6.276061035108372321e-01,1.424029272770915178e+00,8.168407581667581630e-01,9.341627645049825901e-01,1.736707105371235293e+00,1.725408730618795738e+00,-5.535619562593310228e-01,-4.662849534540157492e+00,-2.017028668023562066e+00,-1.085692147374974992e+00,-3.195510725441732092e+00,-8.012169015138669081e+00,-8.996006871076454914e+00,-8.698051674025398583e+00,-8.681375077344421598e+00,-1.661490186287398307e+00,5.584764118064317051e-01,5.929283741791557816e-01,-5.261904439268304534e-01,-5.970065649931671103e+00,-1.103438752194992567e+01,-9.210251909001430093e+00,-1.218346872544826454e+01,-1.002416005708221292e+01,-4.413141700166060666e+00,-2.530540145233385552e+00,-3.306821178672905148e+00,-4.761103346383661616e+00,-3.252768568946678762e+00,-8.886463073691916459e-02,3.404501844652669251e-01,-1.503829541449834162e+00,-6.914138705210578273e+00,-1.361227136626279410e+01,-9.575788647608648674e+00,-5.935944024557457510e+00,-3.376984821786557678e+00,-4.061311132477638530e+00,-9.495751842968445544e+00,-1.900319711427043146e+01,-1.555387605222544245e+01,-1.449678069129025992e+01,-1.099720177614599237e+01,-6.790617414435049959e+00,-7.576919247487321485e+00,-6.214748087304091229e+00,-2.526057193892538688e+00,-2.127644382644342969e+00,-1.963921375830020466e+00,-2.216671056583299659e+00,-3.164630948404844712e+00,-5.408816202130532602e+00,-7.745985738765027939e+00,-7.712648035888385323e+00,-5.931685933941288624e+00,-6.246096014080190884e+00,-8.820454780768631764e+00
-1.248435319455942683e+01,-7.372538154286549350e+00,-6.180906751550230283e+00,-9.244066848342580300e+00,-1.146649371681356833e+01,-1.123408092860888630e+01,-8.134848308070262490e+00,-1.759240672846597908e+00,1.588341528945864944e-01,-1.378736909281522038e+00,-6.397322515683963040e+00,-9.672337298778662884e+00,-4.260704952278139501e+00,-7.315909830326847718e-01,-2.634122644784038236e-01,-2.957557485603440117e+00,-6.613693644229631019e+00,-6.532288014888763428e+00,-5.553058137234888392e+00,-6.865467428264761196e+00,-8.445166819525841362e+00,-8.501337086347708905e+00,-7.187592356052613596e+00,-3.525636263191699982e+00,-1.020596390756379312e+00,-1.789850882184516712e+00,-5.403522760387601487e+00,-4.269171624189711522e+00,-2.556196947214438797e+00,-1.727470924765750482e+00,-1.307839763008541212e+00,-1.641836009369953109e+00,-1.910630071154074239e+00,-3.414717919441794258e+00,-7.290598812309108112e+00,-1.179585626788605346e+01,-6.858477777171235523e+00,-2.316355650334205762e+00,-2.404894982481242227e+00,-5.987964842371341412e+00,-1.780221351600931312e+00,-9.971903992179584897e-01,-4.113465734666451823e+00,-1.074596729269601347e+01,-6.876425594315493051e+00,-3.835359562160377322e+00,-1.551208442957595635e+00,-1.805007568121138384e+00,-4.884819657506799473e+00,-6.866282383470158734e+00,-1.391224057010998161e+00,-1.100810940366582363e-01,-1.625433687117338932e+00,-4.714442234962506362e+00,-8.767449148167344219e+00,-9.581147117722302653e+00,-5.234655583151300640e+00,-3.352590190680851734e+00,-3.992699011376029450e+00,-8.013535992431460642e+00,-2.130006009156122371e+00,-9.624341938349670889e-01,-4.965167568434604384e+00,-9.467157280534729935e+00,-7.102537739097623870e+00,-1.040617134338034688e+01,-1.607938342076495175e+01,-1.925462703418014598e+01,-1.133011219420827409e+01,-4.270024320908954785e+00,-1.972838280829723567e+00,-2.241708924707648709e+00,-3.138050315355885633e+00,-1.806146216028216012e+00,-2.694908330406069474e-01,-4.662015923702957365e-01,-1.479604364550476392e+00,-3.501369451631746177e+00,-9.266690057471283382e+00,-1.181504732952978465e+01,-1.397025037170352846e+01,-1.472503249448044826e+01,-1.416734233565796508e+01,-1.083201190134636427e+01,-9.900237412380992197e+00,-4.892716413265780773e+00,-2.520126908121252285e+00,-4.550058012254032391e+00,-9.498036839460072045e+00
-1.768834641822298792e+01,-1.125087493971774499e+01,-7.659870137845663507e+00,-7.681833663381132382e+00,-9.788648226655515927e+00,-5.296431225045282964e+00,-1.413368121634195562e+00,-7.661176217488832596e-02,-2.038513406352601365e+00,-7.335071860063345106e+00,-1.568328960407945516e+01,-1.508248298419149336e+01,-1.075757677483379382e+01,-8.719300786803540149e+00,-8.078333752271824153e+00,-8.851830246753262799e+00,-9.894803997269249862e+00,-7.796193136308426475e+00,-6.073407499189663383e+00,-8.230804329976104228e+00,-9.947352559494792246e+00,-1.229881419454302183e+01,-1.264671928542000856e+01,-8.019510203615334731e+00,-4.210500077470521241e+00,-1.900335163213715317e+00,-2.302068027171841891e+00,-2.204702451854902101e+00,-2.187800606318374808e+00,-5.017692075250145045e+00,-7.354108821740724444e+00,-1.279628529674128501e+01,-1.475260610060584199e+01,-1.262724157562829497e+01,-1.616663874002327717e+01,-1.499549560080793498e+01,-1.019026583567597832e+01,-7.809361373571524823e+00,-5.928629882801744522e+00,-2.960018750182107805e+00,-1.334468014119893242e+00,-1.388588933372183920e+00,-4.351283885258481199e+00,-1.161549734441857673e+01,-1.171887279811658367e+01,-9.408697443349021583e+00,-1.276200399094058113e+01,-1.074599234278040782e+01,-4.859810128808021545e+00,-2.699193168765011031e+00,-4.543834461669500335e+00,-1.197988520192920703e+01,-8.739256843812484021e+00,-8.284096702149039260e+00,-1.022619505663563366e+01,-8.186277873085852974e+00,-5.761277137730354880e+00,-8.505644428382691302e+00,-7.907286452160994017e+00,-1.328393310508900749e+00,-3.902049252196194279e-02,5.390569992009830447e-01,7.786589474749884277e-01,-7.286146847142564997e-01,-5.098471274067248871e+00,-1.135423878440283296e+01,-1.384860137709997652e+01,-8.001003579537671939e+00,-4.482454474987392246e+00,-2.654236661088197557e+00,-5.405166899099161704e+00,-7.333755047583980335e+00,-1.961169138024263514e+00,-2.605571694671669825e+00,-7.480367073025974811e+00,-4.516366369962776517e+00,-1.696597851954638525e+00,-2.042400878372679252e+00,-5.588773681649139569e+00,-1.193246480576077850e+01,-1.399177515596375443e+01,-1.319859129773046824e+01,-1.489016942959979062e+01,-9.169243594197402203e+00,-3.127220360300489777e+00,-1.363107316232727628e+00,-4.392806438536600133e+00,-1.022745654726386988e+01,-1.801112589800268182e+01
-2.062530462723925595e+01,-1.739536050387791377e+01,-1.538543318536944859e+01,-1.245954856478181938e+01,-1.035972687445188889e+01,-4.706102174699754670e+00,-3.306912062301027522e+00,-4.687460577843668652e+00,-8.144347108396372548e+00,-1.289282723208119030e+01,-1.681036396851217063e+01,-2.149088236801606300e+01,-2.405959054222680749e+01,-2.343390277095307184e+01,-2.064825206770932908e+01,-2.078436382372576574e+01,-1.305275936682421545e+01,-6.171710375332294163e+00,-2.577040570241896145e+00,-1.598100611870002075e+00,-2.687555080629829174e+00,-5.319319935221421325e+00,-8.807477951049804688e+00,-1.026624120581418964e+01,-6.442311282444717513e+00,-6.034134291168442132e+00,-8.713358464097618494e+00,-8.470585802443942214e+00,-7.384959907011878322e+00,-9.869645599583934725e+00,-8.094730318713008188e+00,-7.232341122358365126e+00,-1.127553479474289944e+01,-2.160749511611192730e+01,-1.981809592964057742e+01,-1.765509803761217000e+01,-2.052515209707102528e+01,-2.107285476627206577e+01,-1.276330433841934742e+01,-8.725264689752034286e+00,-8.193637972823658799e+00,-8.092698295313612178e+00,-9.329641388771229060e+00,-1.042364673103604922e+01,-1.336116667797690916e+01,-1.742398426586523996e+01,-1.343504473410154709e+01,-9.435943931117094507e+00,-1.153681822020308445e+01,-1.445399822149061642e+01,-8.088100390774863868e+00,-4.911792269326690885e+00,-5.054147249549851395e+00,-7.455565336503480189e+00,-7.852362362513864547e+00,-2.338561021024799125e+00,5.645667976775045060e-01,1.354776156510189677e+00,-1.763227579522618771e-01,-4.607645543313171999e+00,-1.038362244645455768e+01,-8.478712687142810012e+00,-9.894467526906751687e-01,1.217403344445882940e+00,-5.340301987970653697e-01,-6.685131607423151046e+00,-1.312678771942181655e+01,-4.335406359761281081e+00,-1.064119521455572315e+00,-7.571217796696994018e-01,-3.288280851246186742e+00,-8.961424577953224002e+00,-8.005042334472326715e+00,-2.622339509879203945e+00,-1.469430010299254352e+00,-3.975625915186745907e+00,-1.009727863396020808e+01,-9.406062686353697799e+00,-6.973136209455647716e+00,-1.219873935566809031e+01,-9.736813769304662358e+00,-4.208935422593503617e+00,-6.002491093275690304e-01,7.774396304153186055e-01,-6.436606861709589511e-01,-5.507577257048814623e+00,-1.280783625742546583e+01,-1.852943982576069004e+01,-1.805288616517432487e+01
-2.499511525863991679e+01,-2.673094696926891345e+01,-2.542132671972862923e+01,-1.551611298098599967e+01,-8.667644909449986557e+00,-8.513880687324624219e+00,-1.035105285563863298e+01,-1.448283057194903378e+01,-1.820484868565896264e+01,-1.989065124396990925e+01,-1.879776080210406164e+01,-2.391317310906890725e+01,-2.408078218044195040e+01,-2.496940127709754265e+01,-2.407214548892544670e+01,-2.088646392356184123e+01,-1.326094039042193273e+01,-9.908743057035861668e+00,-1.123484298250729019e+01,-1.154040507311211528e+01,-6.300820745471725104e+00,-5.302712103141877797e+00,-8.705725508974865079e+00,-3.523414621610173381e+00,-1.564747059815808417e+00,-2.774945847066889737e+00,-8.661418627079267907e+00,-1.223922315307129516e+01,-5.320306139332907414e+00,-2.978997289014041705e+00,-2.782761876884483954e+00,-5.373844741430497507e+00,-9.814227710989184672e+00,-2.004427103261302179e+01,-2.310831689834594727e+01,-2.354838116724688390e+01,-2.417261475190184328e+01,-1.925373711263326726e+01,-1.672362294770721292e+01,-1.807606734548296146e+01,-2.023546912257832631e+01,-1.971889313540064137e+01,-1.897221291782264530e+01,-1.599434612478528628e+01,-1.011952745062964354e+01,-6.954621815199690360e+00,-4.876788766424458466e+00,-6.211736196862127635e+00,-9.436201753024768379e+00,-1.550081612024092159e+01,-7.996619825524494907e+00,-2.864154391943063871e+00,-1.880815915267300076e+00,-5.390604823243040578e+00,-5.211792226621261293e+00,-3.618297642302573114e-01,-4.145444284720150446e-02,-2.383308913008593599e+00,-5.271727458857475845e+00,-1.122093858709908964e+01,-1.726118532159274821e+01,-8.439797227992151818e+00,-4.746166316331084545e+00,-1.498481019131560954e+00,3.577524448341875551e-01,-9.859730873591288081e-01,-7.177177300347589828e+00,-7.157397962602457753e+00,-2.951976688025533146e+00,-1.931241429366234330e+00,-2.854511028421776508e+00,-4.735826034519009298e+00,-5.461669176144707372e+00,-2.480812385988162116e+00,-1.606265483028430419e+00,-6.813796496307508166e-01,-3.336791655162517412e+00,-7.321714109047911201e+00,-9.952718604103962363e+00,-4.018724591583293204e+00,-3.567381573445338461e-01,2.054267976044404254e+00,2.212904559970041873e+00,-2.138815729986505154e-01,-6.520672513298074513e+00,-1.485030052581227800e+01,-1.370385474818093385e+01,-1.570871516188284467e+01,-1.763454309083465432e+01
-2.682976047436993738e+01,-2.779566762321873696e+01,-2.286170519563488668e+01,-1.414629976910756071e+01,-1.000273810831227728e+01,-8.441892330807851508e+00,-1.081706753037029678e+01,-9.457598256213325172e+00,-8.100208444254738183e+00,-1.055933938438731090e+01,-1.471773560244337986e+01,-1.917981802610526287e+01,-2.193488623325089648e+01,-2.276337664288685758e+01,-2.399547284886352827e+01,-2.177550576504011914e+01,-2.027827472973586964e+01,-2.293160090410619745e+01,-1.669026091582793114e+01,-9.860873694706679515e+00,-5.105782371266443853e+00,-2.235467584845714839e+00,-1.094436780896971717e+00,-2.126776998488431936e+00,-5.748236499614733930e+00,-1.016880948830367970e+01,-1.242112550609990151e+01,-1.294967329502105713e+01,-1.241324626010163357e+01,-1.156592408696511676e+01,-1.175376248404495705e+01,-1.153421425909028031e+01,-1.418119161290333707e+01,-2.090094601211691128e+01,-2.349031947609177351e+01,-1.850718811042326806e+01,-1.666221650560995826e+01,-1.778936336990586042e+01,-1.428599135095911876e+01,-1.160853635413306151e+01,-1.087755421409033296e+01,-1.080639821515047494e+01,-8.059037694357391146e+00,-5.489148093009353246e+00,-4.688986108939450226e+00,-6.043597977676715693e+00,-2.648888628194598915e+00,-1.788872573086186524e+00,-5.958913144042813137e+00,-8.963092139379394752e+00,-3.090123492988050558e+00,-2.236343715917599173e+00,-4.815997079283058646e+00,-2.522057886076110922e+00,-5.478299408153232131e-01,-2.798388868640352189e+00,-9.528002241948493989e+00,-1.617018379752797230e+01,-1.372635567009000823e+01,-1.348655495249239067e+01,-1.787195197800944513e+01,-1.256719069552600843e+01,-1.329778042413238381e+01,-1.065415588200540498e+01,-2.216779501718745493e+00,7.576341370569893430e-01,1.345191642853406977e+00,-2.151223739385044631e+00,-8.578242848130097187e+00,-7.306889713482749293e+00,-6.318022470725209949e+00,-8.416300596151137015e+00,-8.210077288007378016e+00,-7.837382964173653654e+00,-1.026794922127759513e+01,-4.746478007462127557e+00,-3.087857791104028360e-01,1.023214837861391002e+00,3.962378162160669626e-01,-2.463743415979766649e+00,-8.003874025669970749e+00,-5.723143563096418696e+00,-5.265129507600051717e+00,-5.192769461150343879e+00,-8.480565177318744929e+00,-1.621791854119838661e+01,-1.536687617194383648e+01,-1.318879526091697585e+01,-1.527366410700002142e+01
-2.730731316258136587e+01,-2.768706919913901388e+01,-2.310866953735064655e+01,-1.904151064829718720e+01,-1.685393432387731849e+01,-1.113460291507548838e+01,-5.957510588312507238e+00,-3.388858822839600826e+00,-3.631526829604815543e+00,-6.331457548123553103e+00,-1.220625567884373552e+01,-1.244228061697536880e+01,-1.206507771176503141e+01,-1.396214699565916106e+01,-1.460170461360673322e+01,-1.607570107807790549e+01,-1.686887364459217054e+01,-1.640915523615098692e+01,-1.215618977869363704e+01,-9.046885003720907648e+00,-9.728214350858129578e+00,-1.285774714695779863e+01,-1.149636776913377645e+01,-1.074906133260942021e+01,-1.308922872597113596e+01,-1.949954421896683598e+01,-2.280113044896520336e+01,-2.081710830487703134e+01,-2.341858235875466576e+01,-2.456106017765246108e+01,-2.282278206294640555e+01,-2.330016358454424719e+01,-2.348105965521102689e+01,-2.321910804734194045e+01,-2.281430285138295133e+01,-1.394150698095335983e+01,-7.948400701795305778e+00,-4.054580474146326274e+00,-1.655001062155820213e+00,-9.626764621352776885e-01,-1.841170240375887390e+00,-5.239893224628211499e+00,-2.565443342308254771e+00,-5.657099943762974315e-01,-1.164048029688411034e+00,-1.962967516156351122e+00,-2.003253222716914472e-01,1.038678289915407005e+00,9.951956368784973250e-01,-5.694372043183381082e-01,-2.338372139763034596e+00,-1.784311885991014757e+00,-2.098989418965783393e+00,-1.204348041673358960e+00,-2.777710732041080988e+00,-8.367533849146132852e+00,-1.308932203995554033e+01,-1.250348538832556855e+01,-1.606258224186144545e+01,-1.439392167284972679e+01,-1.472608539081157630e+01,-1.521858917591267080e+01,-9.830615013165582283e+00,-7.425271360889861505e+00,-3.860907229307787070e+00,-3.160583230948663669e+00,-7.170937055448784569e+00,-4.500220619228710639e+00,-1.564632168690029745e+00,-2.309943855242957866e+00,-6.281069875435721706e+00,-1.187490712162247242e+01,-7.035745105797186483e+00,-2.634929077377668794e+00,-2.198593512489075419e+00,-5.807470866612026050e+00,-6.210062319174745049e+00,3.365697232938850147e-01,2.139963655060339143e+00,1.192291207294263522e+00,-1.782055336211745056e+00,-5.405565543058223454e+00,-6.973595457193546565e+00,-4.726599666184949200e+00,-5.214948170391240367e+00,-1.014484381003487456e+01,-1.677632046462898074e+01,-1.440526789471619118e+01,-1.639624075244243784e+01
-2.131775571170605943e+01,-2.023865874010817478e+01,-2.212642561582694256e+01,-2.124497979744932863e+01,-2.174962787251723384e+01,-1.652652378369094777e+01,-1.006675848925024042e+01,-9.833981644838376113e+00,-1.183449780448038702e+01,-7.311754703521728516e+00,-4.949797663473544773e+00,-6.334848063332693791e+00,-1.062715409662490451e+01,-1.329342318477487161e+01,-7.354043403962500669e+00,-5.011447861734637854e+00,-6.181664052951548527e+00,-9.852218395232089421e+00,-5.463051268625199519e+00,-2.721467381183940493e+00,-3.458322726010652826e+00,-7.396116327858509365e+00,-1.325851615165409214e+01,-1.503800363827468800e+01,-1.356505627201912034e+01,-1.953063079826813819e+01,-2.309946935158923154e+01,-2.419094885560803121e+01,-2.495512200477428166e+01,-2.338552823998874430e+01,-2.402595750550578302e+01,-2.331471607380343514e+01,-2.494643918195165355e+01,-2.460484364516753075e+01,-2.129460897123006902e+01,-1.415674152141226827e+01,-8.239537013652629582e+00,-4.870272709238798292e+00,-5.866053464045202226e+00,-9.517517196042533101e+00,-6.383378542292490465e+00,-2.598123942606004100e+00,-2.387309941606722052e+00,-4.873615876679602721e+00,-9.028503558808530727e+00,-1.058462053884688991e+01,-9.479327791062344133e+00,-6.083913000342541011e+00,-9.951726286595029336e+00,-1.217056918502750307e+01,-1.160986352706314051e+01,-5.695727502605072878e+00,-3.549613446785011117e+00,-2.488420141032805954e+00,-8.684234079131086803e-01,-2.072073361001334657e+00,-5.606978719395802280e+00,-9.748714052644887218e+00,-6.605199001785507562e+00,-4.021637568460371348e+00,-3.024976754014877312e+00,-4.543524982393684297e+00,-1.019611180769769732e+01,-1.109698772968206271e+01,-1.249546262196132140e+01,-1.363199425729593806e+01,-1.317467102968603143e+01,-4.787475801500162831e+00,-1.496215523596322594e+00,-1.227262095527205332e+00,-5.127313924505186193e+00,-9.977859302122789487e+00,-4.700996102695178536e+00,-3.268040449442552120e+00,-3.093467139099773444e+00,-4.788819277869131419e+00,-8.387868724707374213e+00,-5.433522233004240753e+00,-2.278983918019076960e+00,-3.007120273322833270e+00,-6.372091892294418081e+00,-6.575573286167661458e+00,-1.228606535988348680e+00,-4.679832776235521297e-01,-3.269392835245908735e+00,-9.326703926674404954e+00,-1.357437735751159202e+01,-1.309673372964213733e+01,-1.464241497588336927e+01
-1.489869371123779906e+01,-1.138893872365019355e+01,-1.022649578223551181e+01,-1.176142856859623009e+01,-1.552221707742016932e+01,-1.810087527547563724e+01,-1.130923591341291079e+01,-6.764223214715046950e+00,-4.513608023678338022e+00,-3.998287042504862665e+00,-6.791522535166346408e+00,-1.434111192889679565e+01,-2.005818358220552255e+01,-1.208795633531154579e+01,-7.007305069973594591e+00,-3.721384610112448588e+00,-1.310266797178814890e+00,-4.584537184030461621e-01,-1.284118976606812401e+00,-4.881921974603783632e+00,-4.470175353858333089e+00,-1.436858007771004919e+00,-2.543953661656329412e+00,-5.454864439435470835e+00,-1.320117967738244680e+01,-2.006221460937557310e+01,-2.368141331708520880e+01,-2.230242667520852962e+01,-2.412137494230628931e+01,-2.090134585172610215e+01,-1.571427300818880646e+01,-1.427523413636630600e+01,-1.459820863089167098e+01,-1.533817303180694580e+01,-1.572924784968670231e+01,-1.508024068255173589e+01,-1.377009609498475662e+01,-1.648605680734591417e+01,-1.407127662171098592e+01,-9.304166411994991392e+00,-1.102922109732950595e+01,-1.035210871629248963e+01,-4.965073050052291492e+00,-4.486156159418431599e+00,-6.912806999448624090e+00,-6.411778721589020513e+00,-9.237276451480120443e+00,-1.210869980844339899e+01,-7.459946988416569447e+00,-4.812080833215364173e+00,-2.392088895024319317e+00,-3.268073029676102248e+00,-8.875500530004501343e+00,-8.252247362656701668e+00,-5.463060150504167822e+00,-4.623842115352924331e+00,-5.594524044739572766e+00,-9.348391145243681422e+00,-6.761921356495161461e+00,-4.106495285543256379e+00,-3.348482151187597733e+00,-4.513400948781492339e+00,-9.027807342826871917e+00,-1.867338343849755944e+01,-1.918546499704059727e+01,-1.896822378330660896e+01,-1.344496871474990307e+01,-4.242318829535541624e+00,-5.824169839515274116e-01,2.590166550458766204e-01,-2.222435604667122977e+00,-8.041673874412488487e+00,-1.720501088827176162e+01,-1.729703367473487674e+01,-1.753865480960759982e+01,-1.594568817418320705e+01,-1.063302117294835014e+01,-1.044967255276396756e+01,-1.370797631993217536e+01,-1.508041031378552432e+01,-1.139087662123199607e+01,-2.382809476399990078e+00,-1.880687830367482605e-01,-1.171325015790167123e+00,-6.617771287049565743e+00,-1.446595780024851230e+01,-1.490549731702732927e+01,-1.130575941379805194e+01,-1.232420981019959427e+01
-1.195703513909103322e+01,-1.177186629198547507e+01,-1.447281236756116840e+01,-1.422744292155244317e+01,-1.383789741903319381e+01,-1.357028734908068124e+01,-5.951192042937404558e+00,-1.275546488362185871e+00,-3.411012006692913934e-01,-2.499197322371086827e+00,-9.099541360722447791e+00,-1.776261421612330693e+01,-1.908580242780814373e+01,-1.127379238426237151e+01,-1.155380284517331191e+01,-1.251531620312454152e+01,-6.881686242451345414e+00,-6.560054107268054047e+00,-1.054084218758389468e+01,-1.221165314294341897e+01,-6.450909029538357764e+00,-3.147307688804497516e+00,-2.694771908316520470e+00,-5.337683746675239149e+00,-9.093325946115909275e+00,-1.338191994330040480e+01,-1.290072412956926229e+01,-1.708527163993147013e+01,-2.335608683134380215e+01,-1.853976108077773333e+01,-1.037368748689952724e+01,-5.758952768225419128e+00,-3.798545889892524396e+00,-3.962369346977176576e+00,-6.869726194923085671e+00,-1.356490744594344555e+01,-2.233330003838790034e+01,-2.440726372890902596e+01,-1.930214968301299905e+01,-7.941586442011639768e+00,-2.316752239521260304e+00,8.879066876317829315e-01,2.117723913408143588e+00,1.861870965109509113e+00,1.894902275854203566e+00,1.609966690326459560e+00,7.210251401989069275e-02,-2.087235652581279410e+00,-2.270029635762942810e+00,2.438513561006621366e-01,1.622694552988969419e-01,-3.476450515140716124e+00,-1.372513524213231584e+01,-1.931846815302856157e+01,-1.761393032127753244e+01,-1.697376323194432146e+01,-1.841916405885739394e+01,-1.231911764646831386e+01,-1.053621049483019689e+01,-1.248489341744802950e+01,-7.409310698509216309e+00,-7.095687760446304893e+00,-1.002103695743962319e+01,-1.947277616020432234e+01,-2.184511167662484254e+01,-1.683667287880316721e+01,-7.612574070467984733e+00,-6.114250247751860101e+00,-7.837638650180533517e+00,-6.371369220428448443e+00,-3.976253022824911110e+00,-6.051670073118424753e+00,-1.194946338538836628e+01,-1.295232159302647013e+01,-1.276187240808529921e+01,-1.116527242140662324e+01,-1.183671129780604403e+01,-1.244015161950785497e+01,-1.257167580880616775e+01,-9.284848261204428965e+00,-4.174904160654956620e+00,-4.455355045158380656e-01,-5.763106653869459750e-01,-2.990527677006627361e+00,-8.985113077145770788e+00,-1.352379937100231189e+01,-1.226891896957741679e+01,-1.273779954497975453e+01,-1.609761074611119014e+01
-9.285289054526423058e+00,-1.221616551481691459e+01,-1.760413418318096035e+01,-2.110503659750285976e+01,-2.107385846725980016e+01,-1.012277045375422446e+01,-3.357567783613177870e+00,-1.222751584259401003e+00,-2.171436061317633115e+00,-6.936490547836275056e+00,-1.554884950738204097e+01,-2.271710628495180373e+01,-2.059516219088905586e+01,-1.232083198629823784e+01,-6.080993386811780255e+00,-2.779755843929330172e+00,-3.562137338731969916e+00,-7.862193019094323887e+00,-1.284249551448606930e+01,-5.903945903973023768e+00,-1.516283856106123817e+00,-2.767188131068686885e-01,-3.226681682814255936e+00,-5.878015429413478543e+00,-3.141723284525866688e+00,-2.981616529082893319e+00,-6.387508757580492080e+00,-1.287935215996620286e+01,-2.003847283349001174e+01,-1.932321986757722954e+01,-1.086907220603828073e+01,-7.251674757864241982e+00,-7.531976551265644915e+00,-7.947167342766783271e+00,-8.482581789332224176e+00,-1.358911725632230194e+01,-2.082544182117720410e+01,-2.530621831040633296e+01,-1.983235629429494651e+01,-8.281364484389024838e+00,-1.788757407411064593e+00,-4.105150236019906584e-01,-2.436129607832237642e+00,-7.799094838195276935e+00,-6.280450015615923753e+00,-2.005268134778939615e+00,-9.850283574463477576e-01,-2.696647778693919140e+00,-3.271362031999051290e+00,-3.354733530243795836e-01,-1.608827485633126386e+00,-7.066438886231946270e+00,-1.685150079440353466e+01,-2.227682464104846005e+01,-2.445287843216630819e+01,-2.250499559345102085e+01,-2.019795974573694508e+01,-1.203978786253391320e+01,-6.719971867432271928e+00,-2.742767705000880962e+00,-1.350519697250154083e+00,-1.465210361274364548e+00,-3.488084654134691043e+00,-5.250638572373987678e+00,-4.749338637423855758e+00,-4.585671929266177393e+00,-1.718246519279877926e+00,-1.724359211306213613e+00,-2.482667664941260455e+00,-3.501783480909757884e+00,-5.811350763516318629e+00,-1.003180287968843487e+01,-5.835732474362940181e+00,-2.189030382964284094e+00,-1.679234028118137267e+00,-3.548209117515418676e+00,-7.174976835573525946e+00,-6.935894242466840609e+00,-3.949761321754159837e+00,-1.726932940518621784e+00,-1.528184758761965023e+00,-4.397826538498240012e+00,-9.823969880441078217e+00,-7.066801252221702967e+00,-6.431069625947708701e+00,-1.160318732216842186e+01,-1.392542740814667823e+01,-1.309915323902789730e+01,-1.752450142587934323e+01
-8.254413101906166617e+00,-1.029009701255568920e+01,-1.582302129537539415e+01,-2.428246126139074335e+01,-1.983229835768391425e+01,-1.119851794726866601e+01,-8.500632787109317690e+00,-7.633044332489931527e+00,-8.915285699349597692e+00,-1.230186441518310403e+01,-1.756580655556872372e+01,-2.404673798102185245e+01,-2.037037763201204399e+01,-1.324493410533532156e+01,-7.600247181447825184e+00,-6.678950853365704710e+00,-3.812211380641263414e+00,-1.416323821153141704e+00,-8.530200429232721593e-01,-2.012524376273211235e+00,-6.070769179108223668e+00,-7.044901451109943480e+00,-2.982138485263480021e+00,-2.410056630510108544e+00,-3.204479275052470655e+00,-5.811901287028663710e+00,-9.675988087080474642e+00,-1.437583120245682622e+01,-1.071245380227727040e+01,-8.484520260552715243e+00,-7.064395123406460364e+00,-9.702543417313941987e+00,-1.678666698753385589e+01,-1.823243826851808791e+01,-1.763879585624637514e+01,-1.706087783763283028e+01,-1.978829043072865446e+01,-2.058666262232271293e+01,-1.507995545236687995e+01,-1.033193583192681864e+01,-8.221916555910182112e+00,-6.889521784576258412e+00,-7.883362970854106422e+00,-1.080284469244175405e+01,-7.152683828110085074e+00,-7.608398108105910218e+00,-1.011263703448431883e+01,-3.210553975606904586e+00,-1.029108744198666381e+00,-1.269563797147965634e+00,-4.200623073636140958e+00,-9.837518740417365848e+00,-2.091423341026879967e+01,-2.281988721324088942e+01,-2.424788207756845537e+01,-2.289813164481542884e+01,-2.157138931303095930e+01,-1.897522364164653652e+01,-8.335912215530424163e+00,-5.381029098665804256e+00,-6.256201576021380717e+00,-9.778888852748655935e+00,-3.968978801402578416e+00,2.443383600951445633e-01,1.460099349083743059e+00,2.855613875321875994e-02,-3.355228563420530552e+00,-8.961091849679840848e+00,-1.067296600789952166e+01,-7.411688589063802013e+00,-8.079615353641653286e+00,-1.030420196818229783e+01,-6.555985592809834728e+00,-4.834251485933038772e+00,-5.938339834563658215e+00,-7.997881549193446737e+00,-1.102720811492518393e+01,-1.280621273714796970e+01,-8.311342689327727129e+00,-8.960333698898329757e+00,-1.136713561975866327e+01,-7.231789413699529767e+00,-2.573523939734226662e+00,-1.623146688034302842e+00,-3.508883911388037014e+00,-8.699083379336766342e+00,-1.212410163431239241e+01,-1.054131906552422393e+01,-1.232951007929063358e+01
-1.499887006802666534e+01,-1.579186901651826958e+01,-1.849196174270228354e+01,-2.368987645421709232e+01,-2.228198954575043800e+01,-1.996215737672676838e+01,-2.053749618852945247e+01,-2.271259926136275098e+01,-2.315998428208487425e+01,-2.089356192610317464e+01,-1.856724416402945721e+01,-1.991551937196487643e+01,-1.972399944649603043e+01,-1.493879699438138076e+01,-1.774430225576673337e+01,-1.782491595225226533e+01,-1.478779847102057587e+01,-4.311360110871885531e+00,-2.869430103488493922e-01,-1.423007120164741512e-01,-4.258356880816750234e+00,-1.347031482359520460e+01,-1.535072138883117532e+01,-1.527810199547531056e+01,-1.695347876028906953e+01,-2.037046825975403763e+01,-1.687180443007246922e+01,-1.020827208336134539e+01,-5.464873438939116035e+00,-2.693654324271177014e+00,-2.593204614573291433e+00,-4.709427629198346565e+00,-8.159377859051065940e+00,-9.149520178934684722e+00,-7.021139405387684995e+00,-6.596332742643535418e+00,-7.394583845160957125e+00,-9.198135676016484297e+00,-1.593908855789586099e+01,-1.928117706901148765e+01,-2.097910464437384448e+01,-2.056363965694169238e+01,-1.721087915467140306e+01,-6.059201803422512356e+00,-2.364537694395162593e+00,-8.419934342603490052e-01,-2.067797434435723058e+00,-6.692416677125414104e+00,-1.511916546982930143e+01,-1.136483025281949111e+01,-9.438927185714693024e+00,-1.132529106803406371e+01,-1.945168399183373609e+01,-2.388507876181064660e+01,-2.126005377446798406e+01,-1.953670594925270976e+01,-2.093874982066620660e+01,-1.745411782605307494e+01,-7.577547576194419321e+00,-5.206534897807033602e+00,-6.173114097964270464e+00,-1.061769767452899593e+01,-5.144223421251863826e+00,-1.766254939457499562e+00,-3.305664009526652070e+00,-9.503474398215013608e+00,-1.245834304784473545e+01,-1.068899131627907373e+01,-1.565999431000616404e+01,-2.037524267963896918e+01,-2.026606638539106342e+01,-1.406277602418024664e+01,-7.680676835372035605e+00,-6.093729053000758178e+00,-8.382823084530077296e+00,-1.094586646489631043e+01,-8.616526807609357519e+00,-1.262310264702130169e+01,-1.765943681924862929e+01,-1.840401777288967367e+01,-1.334063368901274238e+01,-4.244191086493936282e+00,-6.636040564521897833e-01,-5.616416501398180383e-01,-3.711366137811788146e+00,-9.787664499497951809e+00,-1.152599849019731870e+01,-1.141758433141206375e+01,-1.363085738160556382e+01
-2.657818495420584881e+01,-2.599023676456365450e+01,-2.523749079740137091e+01,-2.411424369561044756e+01,-2.484300326404714809e+01,-2.296057978967078483e+01,-2.457060706167292707e+01,-2.511570149615295122e+01,-2.599912448395463827e+01,-2.363940806675674366e+01,-1.316433437874442625e+01,-9.082067304984070333e+00,-6.127899153900325580e+00,-4.280640089002094584e+00,-3.318307471563648914e+00,-3.367334544042447586e+00,-2.546597409912006782e+00,-1.096636645372473851e+00,-1.192003754038482688e+00,-3.089165876990646264e+00,-3.563818093641359930e+00,-8.147208891865005853e+00,-1.437356106320718219e+01,-2.271498305636241000e+01,-2.371465475577160831e+01,-2.446106884712563456e+01,-2.209037718378511528e+01,-1.520295722592145893e+01,-9.596136119580807033e+00,-8.559600087933073809e+00,-8.640502977640108995e+00,-1.043405279987736733e+01,-1.373310759910067169e+01,-8.450257755759963629e+00,-2.884252749775585212e+00,-1.025646487558593112e+00,-1.852147666555374217e+00,-5.838185995144951512e+00,-1.257969222839613543e+01,-2.001341345973481012e+01,-1.997255343602115829e+01,-1.827528205491546487e+01,-1.728551447839665300e+01,-7.459365162634311375e+00,-2.153541064844597841e+00,-2.110299635564740206e-01,-1.373492506637300936e+00,-6.322985346604110823e+00,-1.840375555189032397e+01,-1.712486932510720195e+01,-2.028047713480497549e+01,-1.944911953918915870e+01,-1.931433844924869447e+01,-2.335542667898020497e+01,-1.798704577209358035e+01,-1.085731290157576190e+01,-7.410270853374237632e+00,-3.936450536937025735e+00,-1.670998181205915145e+00,-9.893911621853694882e-01,-1.227624393276576242e+00,-1.404711145494935032e+00,-3.650806013410700768e+00,-8.325328798222361826e+00,-7.004452105303456300e+00,-3.871115459143219084e+00,-4.798015229908147106e+00,-8.030307516119533418e+00,-1.472888989287211459e+01,-2.178818892177782729e+01,-2.438425924544943868e+01,-1.167319171500385266e+01,-5.679731341008853462e+00,-1.862366741950294502e+00,-1.775058600248040630e+00,-4.003381668176865915e+00,-1.041614000241559168e+01,-1.521413469852361544e+01,-2.020259714664373263e+01,-1.979975482574979040e+01,-1.057763346066152188e+01,-2.730524984573511116e+00,-8.733527268415677280e-01,-2.487131242552567123e+00,-8.857576802260894056e+00,-1.888620557641624487e+01,-1.843722566984649802e+01,-1.619925306255656139e+01,-1.817266947344729644e+01
-2.831743599418410540e+01,-2.763100265560293423e+01,-2.516007608937141526e+01,-1.870474984412802755e+01,-1.677325628036843241e+01,-1.621552863336147254e+01,-1.628529557249599691e+01,-1.845695911493516661e+01,-1.847896735112469813e+01,-1.813802686490510752e+01,-1.010332911803310019e+01,-3.647426914451713742e+00,-9.781189531471258247e-01,-1.795566828657752190e+00,-6.870097126615674732e+00,-4.188076633707921381e+00,-2.613762089000319921e+00,-5.820694205228194029e+00,-8.169596203735896012e+00,-9.337605913113662837e+00,-5.004817029363231029e+00,-4.759283716965438948e+00,-1.190308785797061830e+01,-2.056710882115184802e+01,-1.753412886669761406e+01,-1.705981992689290294e+01,-1.567009831281532861e+01,-1.862234898975917119e+01,-1.697619497238245145e+01,-1.435164342069984400e+01,-1.592138396528430455e+01,-1.536253292130348314e+01,-1.375507460769854085e+01,-1.211940467895421847e+01,-6.833427954885296529e+00,-6.000831665849327479e+00,-8.876768523252996701e+00,-1.067768618621324173e+01,-1.601740547051107200e+01,-2.185132183526691563e+01,-1.686111217513120408e+01,-9.705825191243251382e+00,-6.339626683328384971e+00,-1.063932748278953078e+01,-4.257017490078513156e+00,-1.032270828596337231e-01,-4.545735384224252468e-02,-3.201324456896549098e+00,-1.135770244437052767e+01,-1.950573346847878398e+01,-2.328747508041840675e+01,-1.924482333211970442e+01,-1.714940748806286663e+01,-1.468978298517098047e+01,-1.219442939220514432e+01,-9.914339554489107087e+00,-4.761343619877234090e+00,-2.564013842830287437e+00,-4.992376627834667957e+00,-1.263854149409702821e+01,-1.185295279178404293e+01,-8.761984692032175559e+00,-7.377888143062591553e+00,-1.025772557491646708e+01,-7.036869575654653985e+00,-3.450498837725560541e+00,-2.681544554748929610e+00,-5.875567279980146829e+00,-1.218573490300572892e+01,-2.201467294442026201e+01,-2.369324301956291379e+01,-1.421302536197174682e+01,-9.665468204290347032e+00,-7.112110839414417462e+00,-5.251960597316124968e+00,-4.936623491514894546e+00,-9.655522286261719600e+00,-7.611361306636853286e+00,-7.045978473541431697e+00,-7.452084582102926014e+00,-4.736126787456354847e+00,-2.814769761416276772e+00,-2.594337719901818495e+00,-4.981785279775696296e+00,-9.968548117723679880e+00,-1.786127906992919634e+01,-1.958396729311548512e+01,-2.329368682552997427e+01,-2.416569122156702321e+01
-2.858194800068561392e+01,-2.859599859732434268e+01,-2.670585219125102228e+01,-1.803941579689657004e+01,-1.033397657799541491e+01,-8.162883458729076835e+00,-1.044057925437626011e+01,-1.399612470766655470e+01,-1.101010711479904103e+01,-1.169620784781032974e+01,-1.448432052583622820e+01,-5.799274787082707938e+00,-1.483768944948897772e+00,-5.907991484616781364e-01,-2.568909107106107648e+00,-3.093668808768454515e+00,-1.435543653182335344e+00,-2.292486245316782245e+00,-1.141263165756275733e+00,1.139022660198143466e+00,1.623880768617292636e-01,-4.342749942825840925e+00,-1.366920476703715437e+01,-1.854953673907688838e+01,-1.158288568706440813e+01,-5.797696821279544110e+00,-3.693539635401264842e+00,-3.494442921271897706e+00,-5.680181075083582165e+00,-1.001876904955483916e+01,-1.636174264438170312e+01,-8.457954151289802880e+00,-6.868012360948369199e+00,-4.957473223104624793e+00,-5.489816152959837936e+00,-8.879309812882789643e+00,-1.639120463410714379e+01,-2.078977252935108311e+01,-1.716536848706410368e+01,-1.751002795086767350e+01,-1.526623144499341400e+01,-6.197765089515456793e+00,-2.537434404253735565e+00,-4.649460736344414591e-01,-6.569280105544940129e-01,-1.281891405433079445e+00,-4.981873538312739491e+00,-9.949577798968867626e+00,-1.308272961566322756e+01,-2.106424631032728456e+01,-2.350893802750379535e+01,-1.440754129384693272e+01,-7.709298897058443956e+00,-5.244334149853627558e+00,-6.363538701629924077e+00,-8.138725998574216192e+00,-6.595568117790651996e+00,-1.009398087433406310e+01,-7.699453281280689509e+00,-1.033432101755213850e+01,-1.301365666550801237e+01,-1.008419213035052842e+01,-6.655026047973704451e+00,-6.858973065013051595e+00,-4.817413590680387436e+00,-5.183791968607364353e+00,-9.857604711575616463e+00,-1.318772450694464204e+01,-1.400779117498182735e+01,-1.521282573481251355e+01,-1.715192776335809555e+01,-1.497259337740733187e+01,-1.158830803363843032e+01,-1.158446031024581480e+01,-1.126586708000728088e+01,-5.221560155090532618e+00,-1.374267602431293867e+00,-8.680758903512496572e-01,-3.849352259066348036e+00,-8.319193002009848570e+00,-6.351464223144645871e+00,-9.762396008000337133e+00,-1.428640935385137567e+01,-1.105038744524905603e+01,-1.340859114854855605e+01,-1.797488070968398333e+01,-2.056891585651196763e+01,-1.791171242599200397e+01,-1.763228623849108700e+01
-2.847862949765714546e+01,-2.850010632213793471e+01,-2.529599587003091088e+01,-1.787701517657229644e+01,-9.609509160644130077e+00,-5.390195567805068144e+00,-2.980324074401891288e+00,-2.355561315341103246e+00,-3.373624252869670492e+00,-6.484706851100563441e+00,-1.100333043551982826e+01,-5.181253680609222201e+00,-9.059123419819546941e-01,-3.408620033240818969e-01,-2.040982992271017427e+00,-2.369524314122847919e+00,1.029170916624073229e+00,8.747454206004066091e-01,-1.967716435355631566e+00,-2.364296950862911029e+00,-2.736514398651337387e+00,-6.216729764567506145e+00,-6.710329360979840452e+00,-4.203423699490110188e+00,-1.746051353087326730e+00,-1.294654278421627502e+00,-2.938917151221189794e+00,-3.834340941055880858e+00,-4.690980889295277123e+00,-8.305493118619560633e+00,-1.454787058310401093e+01,-1.085384385254149997e+01,-3.424760717982636482e+00,-8.232156059862713038e-01,-1.261517348255492887e+00,-5.247782110047519488e+00,-1.600144753420263299e+01,-2.439830026769996607e+01,-1.822849278521717054e+01,-8.798013895525969019e+00,-3.664313373933161255e+00,-1.508572544053518927e+00,-3.547796414674897036e+00,-9.850840399139805470e+00,-9.776401840206375482e+00,-9.700848367877473066e+00,-1.263077440387324302e+01,-1.722297763062599074e+01,-2.161648315953132737e+01,-2.123810493766813323e+01,-2.290664823431717778e+01,-1.254199731708469301e+01,-4.189791177175378856e+00,4.800869333947294787e-02,8.667635399422825015e-01,-2.281734239405434350e-01,-3.612150901599429975e+00,-6.329826487560889170e+00,-7.121909868000145138e+00,-9.262463470150652967e+00,-1.536894219800045569e+01,-9.372490365254250833e+00,-3.767184339183613950e+00,-2.178816016812465506e+00,-3.867377415467473600e+00,-9.066391883936143259e+00,-1.656665121971216337e+01,-1.882527548209168700e+01,-1.565961493226818568e+01,-8.062107225557914703e+00,-4.224274547985725548e+00,-1.492279368593213862e+00,-4.107200213624501717e-01,-5.387948795634889265e-01,-3.004493406976842973e+00,-6.971161761241036814e+00,-1.561779231093456177e+00,1.308657551033744371e+00,1.719927696757109548e+00,8.084977104333386511e-02,-3.007317990824384335e+00,-7.664384374493046437e+00,-1.221785788787038740e+01,-1.897535904009539465e+01,-2.301793624046153752e+01,-2.133421050516286144e+01,-1.965704454156689351e+01,-1.501325857908205919e+01,-1.317286920726747468e+01
-2.877102796475690027e+01,-2.805461308113614294e+01,-2.568664869150720875e+01,-2.161439031048825044e+01,-1.677923773464403823e+01,-1.213163107588775169e+01,-1.184661587647029357e+01,-1.436831376292651719e+01,-1.060406889839279998e+01,-7.412447783283721670e+00,-7.078113248473719921e+00,-1.035823899597153641e+01,-7.971278307077131586e+00,-4.525147710639731535e+00,-7.608052289603572049e+00,-5.184466465696678128e+00,-1.928929663432851216e+00,-3.162185440358138422e+00,-8.102814023431978541e+00,-1.220198708907105889e+01,-1.191743348415632830e+01,-1.136183229156006469e+01,-8.921162883141883881e+00,-4.566048031238684857e+00,-4.150490819399518472e+00,-5.978739362910277855e+00,-1.307042702427484038e+01,-1.434404501520601372e+01,-1.335717404426488741e+01,-1.186587255072772962e+01,-1.660597762667146782e+01,-1.098876220839364137e+01,-3.190385319712691015e+00,-9.307024778869997794e-01,-2.847513555654121564e+00,-8.396028803703480037e+00,-1.053316113464814308e+01,-1.247231023383319837e+01,-1.569493282110171251e+01,-8.279565908630987181e+00,-1.352580536008966439e+00,3.379910265312607298e-01,-3.444707113851204761e-01,-4.901298585018717624e+00,-1.314056407733071197e+01,-1.187134290458564401e+01,-1.200968981416601800e+01,-1.398189707178818608e+01,-1.546913233108090324e+01,-1.759621514951376042e+01,-2.014515671514926964e+01,-1.220483266231708974e+01,-6.219918331817576806e+00,-2.426663270090615665e+00,-1.144013169052646495e+00,-4.169775948282488542e+00,-2.340282899938537664e+00,1.771930836454030267e+00,1.405331256131981288e+00,-2.167361905154967960e+00,-3.754284742925511953e+00,-1.559334078623783704e+00,-2.221110974795612147e+00,-7.962270808399171784e+00,-1.312580580998184132e+01,-1.052874551321330898e+01,-1.622043594023338997e+01,-1.923331650217673072e+01,-1.247550952344908737e+01,-6.826210149696895435e+00,-4.489835229947378714e+00,-5.654581918073048108e+00,-9.011887243170733086e+00,-5.980983479787451706e+00,-2.190770647387874526e+00,-2.301823695309729967e+00,-5.633492757363202763e+00,-8.700485840611355215e+00,-5.070665268095670086e+00,-5.248775479040648229e+00,-1.079726569724262220e+01,-1.149101800577981081e+01,-1.297520738347132330e+01,-1.692380562312620995e+01,-1.636016157426332285e+01,-1.491592001735715911e+01,-1.186379356312572497e+01,-1.002268225089051690e+01,-1.134268544311810345e+01
-2.859052657901792571e+01,-2.745817072588698338e+01,-2.382902863151148765e+01,-2.006474195476761579e+01,-1.700062431966451726e+01,-1.211242012511518595e+01,-1.201694432461172113e+01,-1.351099930759659351e+01,-1.657044873381019556e+01,-1.302547218387288197e+01,-1.209280150546167043e+01,-1.461982276296257055e+01,-1.754311102046106186e+01,-1.156503784835786774e+01,-5.553964426642970409e+00,-2.100673066469651573e+00,-1.440252701117292977e+00,-3.396394883667615883e+00,-9.689021700755096944e+00,-1.821391513831633446e+01,-1.826644102075046305e+01,-1.994497916483341271e+01,-1.621361908697544152e+01,-1.505691247999219939e+01,-1.274090291817385534e+01,-1.639777585303873053e+01,-1.574865788042097137e+01,-1.990294290126714571e+01,-2.261840478997481441e+01,-1.801458826817964365e+01,-1.359239352735361628e+01,-6.875597046730213435e+00,-1.950073379112050365e+00,2.859862803462809855e-01,-3.854966520719559364e-01,-2.916287192948778806e+00,-4.048922781993572251e+00,-6.187937900087887577e+00,-1.087931511993695111e+01,-8.900146510816158596e+00,-3.542960989989228260e+00,-1.663998359293480833e+00,-4.022334947527816951e+00,-8.676917776465415955e+00,-4.293666042555543960e+00,-2.092773024837444318e+00,-2.202570672089206205e+00,-5.066439811672482918e+00,-1.154271574531282774e+01,-1.180182929863607022e+01,-1.040768128812761262e+01,-1.204208674780408295e+01,-8.391789460988869465e+00,-1.043447968162092110e+01,-6.103063124575112575e+00,1.232502397563819629e+00,5.148206760784737490e+00,5.991635200672579487e+00,4.460914517514743771e+00,2.276034400311711947e-01,-5.312837940940976722e+00,-4.242918480716337370e+00,-1.924992710467265056e+00,-1.752043748849957394e+00,-3.617943271294348229e+00,-7.727669901417610454e+00,-1.387830799683592353e+01,-1.419031066553933229e+01,-1.141600064317086627e+01,-1.028164014690800698e+01,-1.372716103863895398e+01,-1.332879038099059521e+01,-8.688315348069471256e+00,-8.422876513990244618e+00,-1.370723537708583706e+01,-1.580384226042525242e+01,-1.350289754580734325e+01,-1.000170047569991993e+01,-4.933847364738471519e+00,-3.048301167393985711e+00,-3.561096748407174051e+00,-7.068789099840293133e+00,-1.057754630522620332e+01,-5.983316897757743114e+00,-3.257211597559315219e+00,-3.193515814829414712e+00,-6.679241484269163642e+00,-1.370722202654171795e+01,-1.291754513575618368e+01
-2.792539276574787266e+01,-2.692111297478353293e+01,-2.068018981567898962e+01,-1.426165453831952235e+01,-9.576248033602434262e+00,-7.521964022091457203e+00,-5.321944744515239911e+00,-4.163935042413553944e+00,-4.558891496936181120e+00,-7.085500122012948765e+00,-1.349673753304589141e+01,-2.206242433884986198e+01,-2.338707975516641824e+01,-1.748068829945155400e+01,-7.230897771236591609e+00,-4.665066943917059561e+00,-4.348577801267707876e+00,-6.124149873068458483e+00,-1.044503467468390845e+01,-1.261677695306620173e+01,-1.087096535576913503e+01,-1.253157189040255659e+01,-1.164361103203959935e+01,-1.050454476677385429e+01,-1.219508827046344202e+01,-1.388153053943375959e+01,-1.261728564330509705e+01,-1.395684581233146559e+01,-1.419391210634905676e+01,-1.429373510529224056e+01,-1.151511290288509315e+01,-1.264546359392037012e+01,-4.904570288824869451e+00,-3.757407040176808377e-01,-7.968797793417566888e-01,-5.875369050927570669e+00,-4.899574598605583198e+00,-4.734789493612777456e+00,-8.162196586902876305e+00,-9.002255498018479685e+00,-9.232923499623636232e+00,-1.111951998750070025e+01,-5.170059669846878592e+00,-2.011884056131488574e+00,-1.484419491047064055e+00,-4.624379281604074521e+00,-7.648165333202053162e+00,-3.403020589241295912e+00,-1.585290465969592333e+00,-2.454567901173928535e-01,5.178533405743021012e-01,-1.036659605556895958e+00,-7.086743001342940218e+00,-6.452743615086813378e+00,-1.935934625811090548e+00,-2.577390523164365010e+00,-2.826409808788063582e+00,2.306504841884720491e+00,2.760295309616546788e+00,-2.181818440182771823e+00,-7.761327904747112427e+00,-4.210070804013569479e+00,-2.185578868465535063e+00,-5.152173375268817246e+00,-6.578780344302268546e+00,-2.750316129682263355e+00,-3.600714831725043030e+00,-8.327298010650434179e+00,-9.396181988536863372e+00,-6.339601952106432847e+00,-3.355009791945436248e+00,-1.812257729433310649e+00,-3.035096940903091234e+00,-6.410309825624738167e+00,-1.200159384164595089e+01,-1.829704073317965296e+01,-1.635176108923173643e+01,-9.367319720132011085e+00,-5.675753280856555172e+00,-3.837594589400560530e+00,-4.799311558330865424e+00,-7.976888720254252441e+00,-9.126521093504768700e+00,-6.020047589576334346e+00,-4.433481080620593318e+00,-2.940263070192369987e+00,-1.524760873950632645e+00,-2.710518577993896283e+00,-5.757174241587631691e+00
-2.698142325967774369e+01,-2.716638132324792565e+01,-2.076818368847208873e+01,-1.544413625118427724e+01,-1.315982043384609312e+01,-1.387152484843605471e+01,-1.090108036367516853e+01,-4.726327185343978776e+00,-3.673177808299100455e+00,-6.729248473070617464e+00,-1.611806028946898195e+01,-2.504936379239074995e+01,-2.189713752000851699e+01,-1.831477218463008683e+01,-8.367297083811651603e+00,-6.598765418269580074e+00,-9.138980025523586903e+00,-1.250709921457713669e+01,-8.696886210513294913e+00,-7.359224118012234861e+00,-4.480620431160568629e+00,-1.698909664146700083e+00,-9.385028414400224950e-01,-2.280849542472287439e+00,-7.026557531123771128e+00,-7.474218308029318081e+00,-3.552684708827532400e+00,-3.029490267476277143e+00,-5.710298491823942335e+00,-1.370307581406786923e+01,-1.035670868256934618e+01,-4.500148591242338902e+00,-1.873554292217219031e+00,-9.847783675978373230e-01,-1.229831605505231407e+00,-2.035147922292099842e+00,-2.960751868315265156e+00,-4.424848441118584219e+00,-8.355799044881548454e+00,-8.625499212652220749e+00,-4.489052957821903611e+00,-1.876140629054271258e+00,2.978967035266297803e-01,-1.290281489650111357e-01,-3.221378280704182639e+00,-8.833459299309810220e+00,-1.291310494197042402e+01,-9.813459857962184785e+00,-3.032837162185127777e+00,4.669202130823570940e-01,2.424959589821755745e+00,2.711182683776827584e+00,8.873864254030495724e-01,-8.553518639740453899e-01,-3.334620365957883692e+00,-3.853732218643776353e+00,-3.538688859153062971e+00,-1.179311931010891934e+00,8.268056723293130128e-01,1.111709588255883840e+00,7.554294182953977810e-01,2.595235678643912358e-01,2.813938119180878772e-01,4.685984487002855525e-01,1.002528147075213205e+00,3.652868188282604178e-01,-2.180211795381484130e+00,-8.735404162478626944e+00,-9.871009985307106049e+00,-5.331059140370304483e+00,-6.605404451825564571e+00,-8.457226802363880580e+00,-2.762183842914445187e+00,-2.299104038370367142e+00,-5.636562720865459397e+00,-1.136144283391479348e+01,-1.219628058049015529e+01,-1.809247855707667085e+01,-1.406896728299614097e+01,-1.365452617855000383e+01,-1.166750881411975449e+01,-1.207622808038740203e+01,-9.304187412548781566e+00,-9.546828806848454363e+00,-1.306334301672483811e+01,-1.067142603832079928e+01,-5.352157068100961368e+00,-3.760388297918147771e+00,-5.777764644389762339e+00
-2.642896884186823669e+01,-2.700167601718042221e+01,-2.459412785042497518e+01,-2.391007635826455058e+01,-2.347664932021520912e+01,-1.426108020230343421e+01,-6.607654139511566882e+00,-3.710737910485805369e+00,-3.737047953937286504e+00,-6.923858479897778473e+00,-1.458948216850596324e+01,-2.405560126519741004e+01,-2.041829304587572125e+01,-1.049755178179059634e+01,-5.524024551076100131e+00,-2.553532651044372326e+00,-2.508432642969870230e+00,-4.122785077059178960e+00,-9.023236838946665728e+00,-1.304214417127738379e+01,-8.115322311345796180e+00,-7.467998058051991350e+00,-9.245928001134915419e+00,-4.125774293689799421e+00,-8.201659828608486302e-01,7.451677706785836408e-01,1.510334443288270601e+00,1.765589702128663729e-01,-4.536874403014667045e+00,-1.324508473523577301e+01,-1.239457007099811214e+01,-9.663610464536157352e+00,-1.069613753427240255e+01,-1.621412381686662485e+01,-1.250748864040338937e+01,-9.920801727899483780e+00,-6.156531350281005288e+00,-7.042928914378459915e+00,-1.175668414732567335e+01,-1.127012725701009366e+01,-2.821373522484717178e+00,7.447190587124367100e-01,8.958130276558878835e-01,-2.008347232184456654e+00,-7.804616430648287029e+00,-7.848768627285060973e+00,-6.129186249205043957e+00,-5.259133413321990247e+00,-7.779086075779190423e+00,-1.263296645185104872e+01,-5.494006376979606365e+00,-1.373010886360845673e+00,-1.518174405015512152e+00,-5.122959651921252799e+00,-1.135511839031276793e+01,-8.133366367422548038e+00,-9.282312198240953549e+00,-6.539022156618591097e+00,-5.128282959075798786e+00,-9.525915487368303403e+00,-1.420725626044703560e+01,-1.586213778754822279e+01,-1.590396009262343036e+01,-9.087079622558690062e+00,-5.591774161505911778e+00,-4.776975811623461965e+00,-6.808165352371402079e+00,-1.108638213630905689e+01,-1.331264830531930521e+01,-6.140130770161635887e+00,-3.059385945390265871e+00,-2.350146320158321700e+00,-2.793686564308871301e+00,-1.762109715622609984e+00,-1.432308416519072480e+00,-4.978973039713008752e+00,-1.063911734396745778e+01,-7.811528331999268104e+00,-7.827760774474170624e+00,-8.205172016432410231e+00,-7.095451962903029930e+00,-3.881746659825619172e+00,-2.807745240723252156e+00,-4.301816625870708677e+00,-9.841097182797309273e+00,-1.285670044278739965e+01,-8.545581085341316552e+00,-6.637668253783893135e+00,-8.981686536530803622e+00
-2.583158013157378363e+01,-2.781674619724876152e+01,-2.589285149610132208e+01,-2.525873634510470467e+01,-2.224984731172260410e+01,-1.394285220848886553e+01,-1.057452247555094615e+01,-1.067848869598001471e+01,-1.035422411448973534e+01,-1.049151745147274895e+01,-1.455829053982756172e+01,-2.448625566815971411e+01,-2.077081188940464074e+01,-7.527090342869436235e+00,-5.404183426297697324e+00,-6.788324442124904934e+00,-8.939648390712594761e+00,-7.613380031478135912e+00,-9.846547898829431489e+00,-1.063813388213179145e+01,-7.976377612666079919e+00,-8.227526184311486190e+00,-1.017243463204319376e+01,-7.876809072673768952e+00,-4.192393768526249787e+00,-2.396968054277489824e+00,-1.655285375553386285e+00,-2.873933946104594295e+00,-6.897019183949420373e+00,-1.351855667999812560e+01,-1.433533451790200175e+01,-1.648947544205457660e+01,-1.867294464613262051e+01,-1.831106786441085887e+01,-2.037986187468793986e+01,-2.170341278735856250e+01,-1.207421221096712927e+01,-6.502468380712924656e+00,-6.809491031011916995e+00,-8.253492789735135560e+00,-3.906053941780911476e+00,-5.902916139130011786e+00,-5.838353620015812595e+00,-7.606277364089076620e+00,-8.420891694332423683e+00,-2.941960399614163890e+00,-2.091110910678499302e+00,-4.157102549210526909e+00,-9.213202663830347916e+00,-1.325961269651140562e+01,-8.065048927203156026e+00,-7.315605419919006813e+00,-1.090954201898180465e+01,-1.357299014276131643e+01,-1.281248749378032237e+01,-9.532422828943209581e+00,-2.917709573879277762e+00,-1.892417504305117903e+00,-3.097898600659774182e+00,-8.037868582216420421e+00,-1.493855147254198101e+01,-2.282561833876416202e+01,-1.777074113107265418e+01,-1.697983567696764950e+01,-1.615482484218769343e+01,-1.963151618681455801e+01,-2.042683996831564031e+01,-1.821142410335684048e+01,-1.481229963428095786e+01,-1.062387323603594247e+01,-2.463242602935480807e+00,-6.850344961744565531e-01,-2.634051164136009149e+00,-5.987955197231070725e-01,8.174024368391225037e-01,-7.615140234781043738e-01,-8.458984588601983767e-02,1.399696367496932714e+00,1.570453132369688642e+00,-1.608396860184428068e+00,-3.678667764130391760e+00,1.305246278179697517e-01,7.870284439321901804e-01,-2.057790880160199620e+00,-1.000303776573417736e+01,-1.674869327975395095e+01,-1.189435877835840216e+01,-8.277142223558927370e+00,-8.777160837237996560e+00
-2.571078944564762025e+01,-2.536233183315821904e+01,-2.292295101710728389e+01,-1.777297397663718925e+01,-1.308104096050549359e+01,-1.068877535565455084e+01,-1.172473982581518648e+01,-1.623863828361482575e+01,-1.800629190394752754e+01,-2.113100827546944416e+01,-1.595552926673028615e+01,-1.840957952173132739e+01,-1.541294166199246796e+01,-8.845791936368870623e+00,-3.587273713089245586e+00,-1.326133868273601246e+00,-8.097838152364540687e-02,2.419678161211339940e-01,1.754014813590661637e-01,-1.876935621301636603e+00,-4.661786750631224940e+00,-1.285472342304717408e+01,-2.100596584951070867e+01,-1.726267237860457371e+01,-1.790344438875528255e+01,-1.594545837900692398e+01,-1.646843860920210645e+01,-1.157805223169183328e+01,-6.827138646652824328e+00,-6.434056671658404447e+00,-5.936622064588661374e+00,-5.237018409080075543e+00,-5.778134834049339474e+00,-6.560471923545675210e+00,-7.058453425877075915e+00,-7.870116478518435876e+00,-6.407332793662422254e+00,-3.747039278983173460e+00,-1.729163254219058254e+00,-5.385428015024513737e-01,-7.790674953305695150e-01,-2.625607441291055277e+00,-1.726872239044790369e+00,-6.185978260017096497e-01,-1.285474869423435251e+00,-6.344605555771885008e+00,-1.077581102865979190e+01,-8.503891781756752977e+00,-1.095662763871644607e+01,-1.487230756497920936e+01,-9.676745018564668399e+00,-6.817391401618943192e+00,-8.243656387902740690e+00,-8.829762256123069974e+00,-7.836543182233222105e+00,-8.738200367393350376e+00,-9.364482980025442771e+00,-7.326577349825012853e+00,-7.920428390789749251e+00,-1.045928793921506461e+01,-1.510770787870077214e+01,-2.391952995608623667e+01,-2.323234761567940510e+01,-2.029784208132808487e+01,-2.023615255391687384e+01,-2.155437719194512525e+01,-1.991655055472725167e+01,-1.740262247207469670e+01,-2.069941258520112015e+01,-1.402220666229276702e+01,-3.481999675762538438e+00,1.052915637738498500e+00,2.331697869077815177e+00,1.133367869139060735e+00,-1.529002218982519867e+00,-6.384037445138271316e+00,-3.274190026266269093e+00,-1.415775421128041112e+00,-1.313157439161848350e+00,-2.173974495891418446e+00,-4.898688564120346811e+00,-4.294393525597170580e+00,-2.981173840520336071e+00,-1.485263954988537138e+00,-2.770743613990891863e+00,-5.976006733013765171e+00,-5.314865350947344247e+00,-6.622670630763347610e+00,-1.133436902259525425e+01
-1.447354744341140353e+01,-1.739470326810851120e+01,-2.090643972382509475e+01,-1.738090957286662785e+01,-9.571535572521668200e+00,-5.793496101198339687e+00,-5.869103927361337902e+00,-9.253580263234619352e+00,-1.712126062418285244e+01,-1.829777164208261553e+01,-1.125963647383496280e+01,-7.198413784790756331e+00,-5.256759896314234126e+00,-6.941247015537193477e+00,-1.783262922073831636e+00,2.464828952670769624e+00,1.624622291926455686e+00,-3.404089477069892844e+00,-4.110747689146660555e+00,-2.443749047766782923e+00,-7.024057866263210492e+00,-1.220082875122701260e+01,-7.828162664757635447e+00,-6.223761442012357037e+00,-6.172268502375713339e+00,-6.486218244061434213e+00,-5.905332472539486233e+00,-4.086029802610103623e+00,-7.698068480274919967e-01,-4.561434644125612198e-02,-2.370756013399424322e+00,-7.295311829575890528e+00,-2.712214292723797548e+00,-4.010636536229771898e-01,-2.388279337371188138e+00,-9.055824919974893916e+00,-1.129320900153396678e+01,-1.066249011020015125e+01,-1.365000158010568754e+01,-1.030190717524155630e+01,-4.097281153422790645e+00,-3.828324654828441975e+00,-4.654558703003983666e+00,-2.896785198085058077e+00,-2.919281939625796074e+00,-4.955654453962369033e+00,-7.502465895468130697e+00,-6.862183920422890715e+00,-7.809888285353667747e+00,-1.257504657291828210e+01,-8.332337754113334327e+00,-3.247622672328375426e+00,-2.241183549893977833e+00,-3.526227189634079107e+00,-7.096523550220001475e+00,-1.156300679992016178e+01,-1.536634445997109033e+01,-1.727625831087729225e+01,-1.552432514671096264e+01,-1.600763913832212637e+01,-1.924750778370333748e+01,-2.187678153532788272e+01,-2.376938960964518444e+01,-1.728311832686116034e+01,-1.028460273886085474e+01,-7.103336664742993634e+00,-5.907102814854535922e+00,-5.927977591977083627e+00,-7.414565428307182238e+00,-6.274978138674470962e+00,-3.535630464922335570e+00,-3.152217737179778378e+00,-5.586642164064753224e+00,-1.077600841392251851e+01,-6.459093518723222793e+00,-4.080466401532180321e+00,-7.404356604680082832e+00,-1.130167833373958963e+01,-9.618255295251545434e+00,-1.297402702327957691e+01,-1.694080290220733787e+01,-1.708905068196748545e+01,-1.566023966154657820e+01,-7.050985378710398876e+00,-2.804865153501146402e+00,-2.310830221628933145e+00,-4.494507836444037174e+00,-9.852141841013628110e+00,-1.990793005864422938e+01
-1.173467005016212106e+01,-1.476808472504293057e+01,-2.060763791629246455e+01,-1.787705721711753881e+01,-1.217270755947084382e+01,-1.042693493240757974e+01,-6.230216606667167589e+00,-4.344563980075649923e+00,-5.527390545696244217e+00,-9.912440472527555002e+00,-1.107003247379360289e+01,-3.787430114539942494e+00,-1.249412787322802254e+00,-2.325059817632558534e+00,-2.991765830887278543e+00,1.436188099609996049e+00,3.300098316463873083e+00,3.096828309475108121e+00,1.518700870142591475e+00,-1.072625939783297122e+00,-6.641199664965523830e+00,-1.242269359652261151e+01,-5.779272856008737413e+00,-2.586933731500591360e+00,-2.454558620479700082e+00,-3.782853278310451373e+00,-8.086090132257991669e+00,-6.274966178756010926e+00,-3.050241930781394384e+00,-3.057023603927792266e+00,-3.297052933613260350e+00,-2.304206736486454687e+00,-2.143859732429115095e+00,-2.500935005144921952e+00,-3.705831372438180615e+00,-7.923233188856813491e+00,-1.617284748966532604e+01,-2.020363864504304985e+01,-1.510067334479855461e+01,-1.359415033257993599e+01,-1.360282618569252122e+01,-1.177881012733717547e+01,-1.208836758226380326e+01,-1.187496811330766633e+01,-1.415379733340184565e+01,-1.193918682713257695e+01,-1.164380249851628335e+01,-6.392615485012083099e+00,-3.599648082278724903e+00,-1.761927504684843715e+00,-1.736393090717396559e+00,-5.167173419294781134e+00,-9.763138235315569347e+00,-6.337392530943217750e+00,-7.280656905550705993e+00,-1.104653456336573569e+01,-5.907960597957883309e+00,-4.648107729712150693e+00,-5.100135443241972766e+00,-7.943405232035127383e+00,-1.192928973086794464e+01,-1.531042807532432448e+01,-1.792947055612291507e+01,-1.678974244020935203e+01,-6.299444196535680440e+00,-9.664405990664188817e-01,5.085590520590942409e-01,-1.582828507432626486e+00,-7.425722207453913981e+00,-6.914120835021026146e+00,-7.437104433999025765e+00,-1.092535875191477857e+01,-6.901579806371066717e+00,-7.504467353224754333e+00,-8.181773668267112498e+00,-3.037442420555026779e+00,-8.928668944346079828e-01,-1.995533716199215934e+00,-5.060046383760925082e+00,-8.557671014975785084e+00,-7.083350756114587199e+00,-5.016234976456577677e+00,-3.855566509726240376e+00,-5.544541747498333173e+00,-1.130901775144992882e+01,-1.019059436975565092e+01,-8.672700419461817134e+00,-1.329876941397674095e+01,-2.169029053530298512e+01
-1.589318454893011712e+01,-1.717748085000461344e+01,-2.230417099572662210e+01,-2.053161211659137564e+01,-2.139331587275168189e+01,-1.849873643530938949e+01,-1.023884965423354565e+01,-4.817385264581307780e+00,-3.759514595556976424e+00,-6.416113522267879787e+00,-9.842157920500389068e+00,-4.815013076745925602e+00,-1.777147250645181309e+00,-4.887553464684327165e-01,4.824702099273751703e-03,-7.760438667143641778e-02,-4.322192207052323099e+00,-4.382870216887178039e+00,-1.063170144177756127e+00,-1.703261311872686257e+00,-1.264649824444572301e+00,-1.465419484983387477e+00,-2.991052581011352629e+00,-8.730617554564224392e+00,-1.397253154722371526e+01,-1.254596826904698403e+01,-1.194449131515689366e+01,-7.069139027057733671e+00,-4.756803073829278361e+00,-6.851336684554143019e+00,-7.518775258297310415e+00,-8.256274364944687250e+00,-1.211333592090391598e+01,-1.116076012751213575e+01,-1.186923204776936025e+01,-1.459680629762491755e+01,-2.150569097888200787e+01,-2.233854465914848220e+01,-2.125783114863517653e+01,-2.399110746562929108e+01,-1.911212212340275940e+01,-9.517771149936475439e+00,-5.206483002612016797e+00,-4.250584301755840677e+00,-5.125069283733242109e+00,-5.667658396457371239e+00,-7.822268527701385032e+00,-5.802623016717738835e+00,-6.620521303406335711e+00,-6.810276925796642900e+00,-7.883266428103880008e-01,1.267265947794723679e+00,1.779766666096340988e-01,-3.193648032609485377e+00,-9.485975096996565270e+00,-7.569666260167172034e+00,-3.924351606041865281e+00,-2.622004551707969977e+00,-3.845188928838063180e+00,-7.301169850324329857e+00,-1.187053849553703344e+01,-7.546961848448989763e+00,-4.722682369382757983e+00,-3.112832751825339805e+00,-2.418510029535334560e+00,-3.120937029897415727e+00,-2.663245629685969451e+00,-3.485346293966181008e+00,-6.982883869481265826e+00,-6.934509816922639125e+00,-2.373287115207544318e+00,-5.398721457860030659e-01,3.295513961866368691e-01,4.070866832796736223e-01,3.130058325756878701e-01,-1.274929898241324855e+00,-4.645556360899814052e+00,-1.070050838724114861e+01,-1.102026319503784180e+01,-1.344046531225505703e+01,-8.322620926943040232e+00,-4.564956189322292524e+00,-3.904123790842249697e+00,-4.989153197385315153e+00,-8.351150246939264221e+00,-1.209294163642969266e+01,-1.086575637544904360e+01,-1.114856270919168857e+01,-1.547093945517575797e+01
-1.151033564797021391e+01,-1.472746647659100994e+01,-2.033173733367059555e+01,-2.683869420496144542e+01,-2.730610094930892728e+01,-1.992534094914458009e+01,-8.059258401393890381e+00,-4.061490321069731735e+00,-3.849561676270979671e+00,-6.858648967922182038e+00,-1.324199882037657616e+01,-1.353155996476797185e+01,-1.179050177066845961e+01,-7.820639043107201260e+00,-2.360990453013210200e+00,1.113633691689920324e+00,9.619002100907413366e-01,-1.627904324380933021e+00,-7.953166338510083477e+00,-1.231194418489484832e+01,-7.232135239736478205e+00,-4.453083910874294560e+00,-4.113865105729353822e+00,-7.715857270965002179e+00,-1.506927769166186337e+01,-2.316269673978475652e+01,-1.796467924835090457e+01,-1.046861346861473585e+01,-5.549145345681143482e+00,-3.680435474317772737e+00,-3.918162804236985597e+00,-6.158195883035659790e+00,-1.113924257109936100e+01,-1.072921942678609319e+01,-1.487157002786048388e+01,-1.593456233309623826e+01,-1.247917066973851163e+01,-1.445362182846642973e+01,-1.734819878850664310e+01,-2.369858768649567438e+01,-1.884087464863196359e+01,-9.315646523819829383e+00,-4.262672109375322371e+00,-1.463261161067810123e+00,-2.236713931300586378e+00,-6.666332104600462216e+00,-1.519596399041943080e+01,-9.417024400897492598e+00,-4.680870638754134561e+00,-2.918778206623523275e+00,-1.194904392350577105e+00,5.768458099755251478e-01,-5.755605867138671172e-01,-5.577891917927260579e+00,-1.203710032316078760e+01,-9.856288690316048928e+00,-1.175313178757975940e+01,-1.502721705741452141e+01,-1.174371173238395727e+01,-1.406294280693943399e+01,-1.110365041126882168e+01,-6.249471013707325717e+00,-4.376980691588014949e+00,-5.019715550922809300e+00,-8.810604858667330674e+00,-1.356701884502755107e+01,-1.362272008603676809e+01,-1.271136918103784552e+01,-1.229484907487281298e+01,-1.202276963040344704e+01,-1.248787257523465044e+01,-6.204604579345848414e+00,-5.992731255668222623e+00,-8.882105685434394715e+00,-6.565465710022578172e+00,-5.872278021466462938e+00,-1.222108883696391146e+01,-2.364096163090010450e+01,-2.165464706886979940e+01,-1.724540417534964476e+01,-1.469629414726916927e+01,-1.332498045344101811e+01,-1.497047394200375159e+01,-1.149213386388649560e+01,-9.075826164475060409e+00,-9.596551172715381384e+00,-8.858985368246422354e+00,-1.182666502993805935e+01,-1.942620155148039984e+01
-1.608444154979591190e+01,-1.515652366867639067e+01,-1.762204697974642542e+01,-2.549475041009429788e+01,-2.730388532545333646e+01,-1.970276195662362184e+01,-7.635718782593433396e+00,-3.824032641667172605e+00,-3.621271274871844081e+00,-7.346863148355842199e+00,-1.703170709054272791e+01,-2.516868033982757424e+01,-2.350856208263483182e+01,-1.667117000343208133e+01,-7.444693890729344510e+00,-1.498983260933432371e+00,-5.859647612058981325e-01,-2.614414092054401451e+00,-1.012626112358910646e+01,-1.032124330405902057e+01,-1.143799739493463186e+01,-7.956137360665331393e+00,-5.123176938911052858e+00,-6.156420146668315496e+00,-1.287681510125784001e+01,-1.331603946587196852e+01,-1.145171630561799958e+01,-1.504803386666720932e+01,-1.665196809105406928e+01,-1.581658076254048773e+01,-1.734942727160633069e+01,-1.467295310013276222e+01,-1.173862208011455088e+01,-8.216992839834743378e+00,-3.756301060767102129e+00,-2.504958671048507668e+00,-3.448064311092397194e+00,-6.582572409757097454e+00,-1.274387140202343005e+01,-2.316804307564757082e+01,-1.952996820794012223e+01,-1.498621040537841331e+01,-1.542725315891710380e+01,-8.751234210747524500e+00,-2.864190719265462981e+00,-2.372439397604876987e+00,-5.636843142500567616e+00,-4.732379583543853130e+00,-7.152639890971936865e+00,-1.283662016320049304e+01,-9.468182281892103092e+00,-5.022528407899172542e+00,-2.573146560768547975e+00,-3.165039346368696105e+00,-5.711431132130591060e+00,-6.580879860998768649e+00,-1.181001466691942170e+01,-1.488339126737494134e+01,-1.352508956059477363e+01,-1.265079917853936209e+01,-1.169804907293248064e+01,-1.317924732955774836e+01,-1.399391197261953756e+01,-8.935120885981653771e+00,-8.613813545470847544e+00,-1.375012267890729412e+01,-2.266775157577113120e+01,-2.050065885988393077e+01,-2.248544156461730026e+01,-2.171461976918958925e+01,-1.691550025545564750e+01,-9.654936638989843445e+00,-5.055861227494433230e+00,-2.931238952453451230e+00,-2.652063991160209078e+00,-4.973231041565873589e+00,-1.023092708462163003e+01,-2.134869011183430487e+01,-2.322241457422873268e+01,-2.251982197904945338e+01,-2.250433073904281400e+01,-2.240430186744919538e+01,-1.286610440293649127e+01,-6.657188029665696227e+00,-3.100520382474239778e+00,-2.843934686006586610e+00,-5.465727446110625110e+00,-1.253301586154708325e+01,-2.081177611996356802e+01
-1.520238762959501777e+01,-1.731387442036679047e+01,-2.010921836616401492e+01,-1.807012179561127496e+01,-1.933365231528318162e+01,-1.626600217998475983e+01,-7.255451224576261460e+00,-3.767975384859662213e+00,-3.483887762951671796e+00,-7.191793354830347873e+00,-1.591441664749518381e+01,-2.425213808941661853e+01,-2.402324321933258844e+01,-1.525314583724602713e+01,-8.352269718521519337e+00,-6.685473309199612579e+00,-5.480598650480571266e+00,-6.562158033699917681e+00,-9.287267823416486934e+00,-9.230300370015596556e+00,-3.640979071000689071e+00,-1.433815792048896087e+00,-8.819540465237263316e-01,-9.735661082595470361e-01,-1.316080273010004742e+00,-3.775881610110514153e+00,-7.798150049564533504e+00,-1.631883697133315181e+01,-2.159635825443984913e+01,-2.331061855653174675e+01,-2.244732668346032156e+01,-1.908366995646541397e+01,-1.686722226250440571e+01,-8.412429990176867989e+00,-4.590467402809544240e+00,-4.019357989563193456e+00,-4.582024906754941895e+00,-7.718030664257537588e+00,-1.385177332835089814e+01,-2.289546085479564397e+01,-2.185759956854626651e+01,-2.310006821424441270e+01,-2.028106864233662421e+01,-1.064015131247671064e+01,-3.243437728898851624e+00,1.338202872466080495e-01,8.213649737750201574e-01,-1.395901216458375282e+00,-7.590317971605275105e+00,-8.768441189052467166e+00,-9.621019716549636058e+00,-1.240444636793064959e+01,-6.718923885123174067e+00,-3.237467565909649458e+00,-4.031099425173623740e-01,-3.322447161715393754e-03,-1.656541751436819254e+00,-3.518187393532379748e+00,-5.220359796924250340e+00,-1.048870312809047789e+01,-1.062765583149472626e+01,-5.695486913274105056e+00,-3.755592448594875066e+00,-3.369909452526528959e+00,-5.853154586894171452e+00,-1.045265023152630945e+01,-2.135577949545437093e+01,-2.417356265039372332e+01,-2.241036669114478386e+01,-2.202686612946646605e+01,-1.742051589757876329e+01,-1.280177168469679927e+01,-6.236146501356497396e+00,-3.683476244218479412e+00,-3.556469315209572990e+00,-5.867511270413721114e+00,-1.036734297401026694e+01,-1.839736842750606627e+01,-2.148350553763540205e+01,-2.183815957191295354e+01,-2.192302595583119640e+01,-2.239620603654617526e+01,-1.317683990647021908e+01,-7.316541559265968608e+00,-4.828224932228712518e+00,-4.429942403969011622e+00,-6.384777560718077893e+00,-1.198052379780245857e+01,-1.835153538929788652e+01
-7.195466522883651628e+00,-8.355005170169629736e+00,-9.768861433617153978e+00,-1.179587386066752330e+01,-1.575696667871977219e+01,-1.478369626156369598e+01,-1.014116883636417299e+01,-8.416283630338826427e+00,-8.396559824620871026e+00,-9.672264118391767695e+00,-1.415736417752459531e+01,-2.181379743267719107e+01,-2.512875885891735095e+01,-1.785447717609262241e+01,-1.772578029166486857e+01,-1.364394297456382787e+01,-1.334668022170102653e+01,-9.509068600441279884e+00,-5.777429067998900436e+00,-4.351725086793863717e+00,-5.220081645687272065e+00,-7.511150360555577166e+00,-8.087639368790432215e+00,-7.008929265172858081e+00,-2.597554508288551833e+00,-2.695159486810067673e+00,-8.467898274722852392e+00,-1.922491239425831111e+01,-2.148455760174227791e+01,-1.864873291316785142e+01,-1.300864225312283118e+01,-1.127402622426362910e+01,-9.425539194865335091e+00,-7.501153361528439589e+00,-1.242608531973415786e+01,-1.576724645338560471e+01,-1.305979603932316202e+01,-1.413851894202985271e+01,-2.010308744674338399e+01,-2.281056448570767614e+01,-1.934420434335120476e+01,-1.978230796182962337e+01,-2.034722530035147869e+01,-1.196921136415094367e+01,-8.116092321231850093e+00,-5.983816251158714294e+00,-6.427790183122304768e+00,-7.600272975704471357e+00,-3.014252243668569253e+00,-2.628755389355627248e+00,-4.297738229533783816e+00,-8.544845888041015414e+00,-1.466794763561478199e+01,-1.560695039957089492e+01,-9.353098747260952806e+00,-1.597110726348915710e+00,1.331203408361171014e+00,8.098074422660809235e-01,-3.603767090386017724e+00,-1.109499565192631287e+01,-1.117318641422386527e+01,-7.809559129682698497e+00,-6.045813094768533347e+00,-4.698004595543208595e+00,-7.073751186069689112e+00,-1.318764041957998678e+01,-1.462518289842103592e+01,-1.302248647965882888e+01,-1.198644335467116306e+01,-1.197023444202609532e+01,-1.362660987305461902e+01,-1.272938485790912289e+01,-1.624992743560246211e+01,-1.731197651436454521e+01,-1.325223212134569195e+01,-1.140216038908277163e+01,-1.348931070467583204e+01,-1.021031524319397832e+01,-1.058195261713257374e+01,-1.135472289646478572e+01,-1.763598571863389708e+01,-2.242866762240130285e+01,-1.877843545433274031e+01,-1.572996440238522453e+01,-1.372856652647032760e+01,-1.457818717167789835e+01,-1.131881362961647142e+01,-7.739231973662412223e+00,-8.301545349727000200e+00
-1.113727004904496098e+01,-1.556481127452133251e+01,-1.862552733170358721e+01,-1.536123174204862174e+01,-1.004147970138635770e+01,-9.232391224319773215e+00,-1.116315075374187415e+01,-1.493076500139738449e+01,-1.349897718967351778e+01,-1.420467623194357465e+01,-1.853334464166397311e+01,-1.677848201407525863e+01,-1.723946633554042762e+01,-1.924744797469978153e+01,-2.316684142808268732e+01,-1.860518567364914944e+01,-7.055572729025568535e+00,-2.267820149915370731e+00,-4.912197112133796506e-01,-2.378896094552290119e+00,-8.375477561825199757e+00,-1.379742141056777882e+01,-6.539251613661758888e+00,-2.135748601973729066e+00,-1.270821568016067937e+00,-3.328681272671635050e+00,-8.750983208641969213e+00,-1.361644141028698307e+01,-1.011848685526310021e+01,-6.621399861011178167e+00,-3.438387105451490733e+00,-1.195641789048353498e+00,-1.764634169253187723e+00,-4.621110210741372626e+00,-1.235502907835451225e+01,-1.249662877742509259e+01,-9.747264355645143041e+00,-1.082230712507004178e+01,-1.650387175011455554e+01,-2.204689538209958144e+01,-1.431830435767209586e+01,-9.765333697311859851e+00,-7.156350678519198816e+00,-9.255659127874034553e+00,-1.135771638446284371e+01,-9.009570761730795851e+00,-1.050009376034700814e+01,-1.072738053027848615e+01,-8.445582116905011816e+00,-7.464159717685298290e+00,-7.816516241184751301e+00,-1.147991210356690850e+01,-1.353460758341882375e+01,-1.028468138741371263e+01,-4.881974396849036779e+00,-2.426823104710731371e+00,-4.591427250153645723e+00,-8.413711572339044764e+00,-7.473077017561833735e+00,-1.300687824424944417e+01,-1.148029797238514860e+01,-1.052502140201124092e+01,-9.077745113829921664e+00,-4.149044238335515722e+00,-3.882574844650251933e+00,-7.276925583531085984e+00,-1.357680511810725754e+01,-6.691536133450672885e+00,-3.582396499420467340e+00,-3.630998701081240121e+00,-7.086811150375165624e+00,-1.362626869337899294e+01,-2.074587809232840740e+01,-2.256951666236820131e+01,-1.486156169005802674e+01,-6.426965691177244366e+00,-2.133988643784594075e+00,-8.261745369995776578e-01,-2.450770622910581675e+00,-9.073669109129367527e+00,-1.184930226318818214e+01,-9.292837597821888451e+00,-9.674115033470149783e+00,-9.144015387933057681e+00,-1.041463669081379528e+01,-1.419611002628068341e+01,-8.762389683633818649e+00,-5.337737740878772286e+00,-6.065089949987884310e+00
-1.700884746967401639e+01,-2.069473212464411560e+01,-2.502006739960577164e+01,-1.985585260211973235e+01,-9.418183962205299409e+00,-4.226358933444309685e+00,-2.854529342523082658e+00,-4.912075640528666298e+00,-1.066632667116652833e+01,-1.248650272089735935e+01,-9.031845134900027716e+00,-9.527919648285198662e+00,-1.236349771076575266e+01,-1.793183469593076751e+01,-2.431649935693669207e+01,-1.763177895187435240e+01,-7.282719732003104518e+00,-1.237135708109953658e+00,1.439048995235864825e-01,-1.698262708104929741e+00,-7.431560358382705900e+00,-1.362290492631439065e+01,-9.729166791851358909e+00,-9.025038156742439810e+00,-5.566247551849014208e+00,-5.695695774447648851e+00,-8.748480518061414912e+00,-9.596930130083757504e+00,-4.660281097530422301e+00,-2.274969308773629795e+00,-2.198569671051310515e+00,-3.399810049679354407e+00,-8.421437750829566582e+00,-6.041800101224641395e+00,-2.165010906193979512e+00,-1.956937924771450676e+00,-3.087257074458258366e+00,-6.242136970946662977e+00,-9.976293784335144466e+00,-1.622497803645026337e+01,-1.502675607061027563e+01,-5.068311703496409137e+00,-8.613814017026426573e-01,2.006706976632874617e-01,-1.931233681877768671e+00,-7.601259053201603777e+00,-1.885162191462696057e+01,-2.199984048721485408e+01,-2.084104127005526763e+01,-2.242596942679326233e+01,-1.986320149091849530e+01,-1.423169320597684440e+01,-8.647436112389527807e+00,-3.437936835607191544e+00,-2.028181395808557053e+00,-3.641611258338268708e+00,-9.338869636220143988e+00,-1.238956885588796553e+01,-1.256835257200370215e+01,-1.243517121695037986e+01,-1.108525345648141780e+01,-4.776182231038136550e+00,-2.159677077644973853e+00,-2.841478937512956993e+00,-3.379167360031742895e+00,-1.923381111407792554e+00,-1.247402198498462900e+00,-1.773897767389067237e+00,-3.794735106268435576e+00,-6.148011211613963134e+00,-1.065438325602309177e+01,-1.633848347878993934e+01,-1.074042021063037389e+01,-7.146746686638746127e+00,-3.188060044815161476e+00,1.144733060004287539e+00,2.915757269185400347e+00,1.730416752576575901e+00,-2.200615698698368927e+00,-7.706967654981110805e+00,-6.707320790541799305e+00,-3.602184766553398365e+00,-2.024222049499770915e+00,-1.605994431514376597e+00,-2.884684252447651698e+00,-4.721380618954063024e+00,-8.000635077630667169e+00,-8.646484276854005557e+00,-7.202631029867587742e+00
-1.703699053319773427e+01,-1.498104062474759957e+01,-1.531928998814489695e+01,-1.143920429936028960e+01,-1.092653853238973483e+01,-7.811136353060715187e+00,-2.714829236268997192e+00,-9.587645509141966560e-01,-2.124446685839080473e+00,-6.013680672735199906e+00,-1.229425566985194784e+01,-1.397452613644133912e+01,-1.585078333374252857e+01,-1.958534778867448978e+01,-2.427143295546223456e+01,-2.048073633631369361e+01,-1.424532605651626049e+01,-6.077903700614333715e+00,-1.825702505317495561e+00,-1.476343408888695974e+00,-4.822217784653928696e+00,-8.361616877908993217e+00,-5.909622892401272587e+00,-6.270416786488937078e+00,-3.083870326944353923e+00,-1.372277618580168612e+00,-2.416916272671249200e+00,-3.214078867307912812e+00,-4.496208378246852710e+00,-1.039692811723938526e+01,-1.616070241273794039e+01,-7.653982564470822147e+00,-2.600901760048227818e+00,-6.468538714273434076e-01,-2.017193965743386830e+00,-6.665819943455376873e+00,-6.338592656124803604e+00,-7.520587537647750231e+00,-1.163987395964226756e+01,-7.830716370751983568e+00,-6.072084054911046636e+00,-2.984881434537106415e+00,-5.464439098268074613e-01,3.481370502998842181e-02,-2.032662983820839209e+00,-7.769288425158737077e+00,-2.015277414572866377e+01,-2.323863876314091570e+01,-2.415918366532576655e+01,-2.571554377383755607e+01,-2.447316221186989083e+01,-1.653809078922845544e+01,-1.051539822628623533e+01,-1.051230600812381333e+01,-7.359742263654120542e+00,-3.445215862160338371e+00,-5.473557590963879171e+00,-5.734151405534405832e+00,-2.950278447046385644e+00,-3.381281518214557469e+00,-3.356171859081666486e+00,-5.433596391875044951e+00,-1.161856526786223398e+01,-1.237982143405684887e+01,-8.913126173772310423e+00,-3.530668952698378327e+00,-2.884729423714255336e+00,-5.643940852548842813e+00,-1.203960564172357550e+01,-8.144248166926821852e+00,-8.266877215159567527e+00,-1.295148052017491480e+01,-7.253819223017172746e+00,-2.055521718307557588e+00,-5.722602625076371741e-01,-2.565492487588133308e+00,-2.154080679986356106e+00,-3.213179448428668650e+00,-7.726552071427940760e+00,-1.424561005158532012e+01,-1.232791207786789478e+01,-9.753675993671990341e+00,-1.075699612162167007e+01,-9.859042399695940873e+00,-3.652245850491344648e+00,-3.150812168738671648e+00,-5.804584354795935930e+00,-7.504809593571756032e+00,-1.183157380093309285e+01
-1.669998331894552024e+01,-1.216659699884572454e+01,-1.078890815265196679e+01,-1.280650930386736874e+01,-1.575170280700339376e+01,-1.237446616287518353e+01,-6.549107629553716059e+00,-4.344944477977609409e+00,-5.402198561320179060e+00,-9.939701068222074554e+00,-2.042214120599560445e+01,-2.627407007826898422e+01,-2.472108208864255019e+01,-2.335080468206477278e+01,-2.417360305069084347e+01,-2.329364367176715689e+01,-1.891792349707811383e+01,-1.165385993441244672e+01,-3.375033858771387063e+00,-1.214290736362169998e+00,-3.333455976879546423e+00,-7.874407128556947022e+00,-2.771816122970592655e+00,-1.609491651214062236e+00,-3.881780799290102113e+00,-5.073156183435847844e+00,-4.114398375803454577e+00,-3.283888740466795575e+00,-5.047581242887597242e+00,-1.105080174951624983e+01,-1.627404092846060024e+01,-1.084724741681177740e+01,-6.129657034811220484e+00,-2.546625880794547214e+00,-5.508082987976092859e-01,-1.001869322243890581e+00,-5.599445009683311492e-01,3.802790420517736525e-01,7.588208779531594450e-01,-8.601477133224830762e-01,-5.281029345201594616e+00,-9.827938020229339600e+00,-8.154877302902084679e+00,-9.199201093300393595e+00,-1.112899398982973054e+01,-1.136006127712421865e+01,-1.706986273769149065e+01,-2.258327968138501163e+01,-2.398197337559291142e+01,-2.653268029636010183e+01,-2.484117817161674679e+01,-1.566227774691760999e+01,-1.000199930829213102e+01,-8.075141353042502246e+00,-5.144610412923016796e+00,-2.276187173952173293e+00,-1.683437552864582853e+00,-1.738485445993203093e+00,-3.934580350525789250e+00,-4.303362733905165882e+00,-2.685078431572065050e+00,-4.913873087894871539e+00,-1.231587536957927220e+01,-1.384637814222421781e+01,-4.951125165741694367e+00,-2.004926625079006097e+00,-2.212366124201929907e+00,-7.191608104490695652e+00,-1.234418711805702173e+01,-6.567694847745106479e+00,-3.110751258251362117e+00,-1.365992303724974821e+00,-1.190047021383678683e+00,-3.521198560700828928e+00,-8.917302329737440303e+00,-1.538774577881160610e+01,-1.366008977491156529e+01,-1.308755166033156847e+01,-1.459757084685160677e+01,-1.633213037386872557e+01,-1.469031470879576240e+01,-1.565191968939358169e+01,-1.443021533005219581e+01,-5.376410307180612413e+00,-6.869112095091828296e-01,8.177318118995797747e-01,-1.016299583687050090e+00,-6.356490755999894660e+00,-1.552775842354710001e+01
-1.866989649148812092e+01,-1.638874382004701857e+01,-1.747706686822991529e+01,-2.104414320529851778e+01,-2.151713864606125881e+01,-1.504898458405544837e+01,-1.367257514304684562e+01,-1.282987544859262385e+01,-1.224188765009543012e+01,-1.431101552705119495e+01,-2.070023631153249966e+01,-2.283599733410024868e+01,-2.186981727126845598e+01,-2.302601770709331674e+01,-2.451439337085064096e+01,-2.356698483094237062e+01,-1.719176648075419322e+01,-1.536603961044684397e+01,-3.641237063886583858e+00,7.583320069075798475e-01,1.901370929139648780e+00,7.474811337481771512e-01,-2.730470073955567845e+00,-7.250195265936672406e+00,-1.414603578148031637e+01,-2.014046686215508331e+01,-1.609592965939887321e+01,-1.279055850846426878e+01,-1.262531220912933350e+01,-1.299306726814212709e+01,-1.755337145274743094e+01,-2.068619834032273985e+01,-1.553403001889250312e+01,-1.091643830797726089e+01,-9.064710306381821070e+00,-8.582245887068093992e+00,-9.712345040668523666e+00,-4.524808913658380227e+00,-7.910144109737575757e-01,-9.158063512991487798e-01,-5.508961253540408443e+00,-1.130868605742777255e+01,-1.488806416934594168e+01,-1.828059062384124900e+01,-1.899612957015073533e+01,-1.667536872670166304e+01,-1.478671934192341908e+01,-2.142822234074872156e+01,-2.445612251668944381e+01,-2.621263796225526121e+01,-2.482766461193113372e+01,-1.688405061126651674e+01,-9.605520693879379124e+00,-4.126133163844732721e+00,-2.406908718490959220e+00,-4.310620154541237703e+00,-7.370469402392303415e+00,-4.456932021763623908e+00,-4.594687563248146311e+00,-5.102053671851193961e+00,-3.730937511499103021e+00,-2.557153754345932839e+00,-1.965204531859074288e+00,-2.298825642552674964e+00,-3.460777580850106450e+00,-4.933152743636217252e+00,-6.684247893778453076e+00,-9.080401149011196438e+00,-1.150929340115167143e+01,-9.743810520584421653e+00,-1.089272601700815102e+01,-7.077059663860197247e+00,-6.190861916855761926e+00,-9.566682917282992804e+00,-2.022454517228262816e+01,-2.025535427000289701e+01,-2.269594325875877416e+01,-2.233779525398311705e+01,-2.071168677609665920e+01,-1.594791165330356186e+01,-1.012909550774366352e+01,-5.630703411660248570e+00,-2.921032893058276514e+00,-1.597442749781355475e+00,-3.086080542979131813e+00,-5.271338150889045338e+00,-7.998223508659162206e+00,-8.628997025185061176e+00,-9.713388601640113862e+00
-1.705548533998933891e+01,-1.379240245209600779e+01,-1.310606847490583071e+01,-1.436208751237482062e+01,-1.619435976143170208e+01,-2.027026153327827274e+01,-2.298135382967783968e+01,-2.194212250243452189e+01,-1.611661617110546274e+01,-1.221192882294045390e+01,-1.148740121386104995e+01,-1.168293264575470580e+01,-1.366254269090810247e+01,-1.836919683262817671e+01,-2.292151484991374844e+01,-2.285821457554523306e+01,-1.671834996589144495e+01,-8.035839049439681858e+00,-1.382961106957531605e+00,1.740705886827711879e+00,1.477363717098041151e+00,-2.672713048860721141e+00,-8.123528800288537965e+00,-5.908503649378181066e+00,-8.543876556973708958e+00,-1.647288891516233633e+01,-2.305504780425165023e+01,-2.153832951703466136e+01,-2.070083994255926285e+01,-2.181891534382239328e+01,-2.246756818778532860e+01,-2.154469423365772229e+01,-2.316996916971708487e+01,-2.126254415512084961e+01,-2.057091944379017789e+01,-1.968135809360590116e+01,-9.472337663621830828e+00,-3.159392483952574437e+00,-8.760952901119660741e-01,-2.143324077979721132e+00,-6.942567403155162076e+00,-1.304584703768106380e+01,-8.368014398374056029e+00,-6.451980901321858752e+00,-5.463699302334982910e+00,-6.692268509837917989e+00,-1.205098120251992633e+01,-2.189353001924385822e+01,-2.338523475209573022e+01,-2.549087102610365818e+01,-2.394061774598028336e+01,-1.789957809986028536e+01,-1.347647859637898549e+01,-1.343087743233917308e+01,-1.124908247746919265e+01,-5.256495651880040754e+00,-2.221391631603675254e+00,-1.125521319505629059e+00,-2.939054893658853640e+00,-7.128147300024678223e+00,-7.816336357952060609e+00,-4.925657415524461236e+00,-8.054216919200760216e+00,-7.631296727862348916e+00,-5.556911520533879489e+00,-8.273828641534258566e+00,-6.666953095928170647e+00,-7.358761862704628065e+00,-9.634321499587898074e+00,-8.107542628408374696e+00,-5.178579789971498926e+00,-4.142184801511746173e+00,-4.982221835425922229e+00,-9.140722704561133227e+00,-1.923762985817471716e+01,-2.327195100497482372e+01,-2.524032458326870199e+01,-2.585886262951040493e+01,-2.368977715736044942e+01,-1.448552491969632072e+01,-8.090673288008323638e+00,-4.622757388124788314e+00,-4.688689829431529787e+00,-7.519813406288175628e+00,-1.492742204217982405e+01,-1.652594538021804738e+01,-1.533108674673209570e+01,-1.313749832228610437e+01,-1.307546353877935275e+01
-1.949803929042099071e+01,-1.233700444017137876e+01,-9.962221158178229174e+00,-1.200790376591503161e+01,-1.781162577464168351e+01,-2.069695766707112128e+01,-1.999342257456671845e+01,-1.921782582326042998e+01,-1.661013029571762800e+01,-1.235508525013027281e+01,-1.104698792973855426e+01,-1.026876393027771606e+01,-1.240942425387246217e+01,-1.604954366576402691e+01,-1.970276798700031406e+01,-2.208409757363168779e+01,-1.892788198478239892e+01,-1.214883228889981659e+01,-9.675711982498379271e+00,-5.036681545201576959e+00,-1.757017038771322426e+00,-1.983366305165428667e+00,-2.270546656706339039e+00,-3.240243216654411729e+00,-6.544800534620320853e+00,-1.470794175128291492e+01,-1.511717429196924201e+01,-1.746996677728524006e+01,-2.197567817860079842e+01,-2.246975292836813054e+01,-2.387200308025331452e+01,-2.143849713820263858e+01,-2.038435705084549809e+01,-1.648090650802268087e+01,-1.465777171733684092e+01,-1.561692084853810414e+01,-1.015634593569246391e+01,-4.724279894416493875e+00,-3.826814192447888452e+00,-4.480932646830167343e+00,-3.251645904622579852e+00,-5.521640961531867120e+00,-2.445966631996106422e+00,-6.893274015064274618e-01,-2.025293473276848832e+00,-7.103123624297909444e+00,-1.359386442747331181e+01,-1.343757046075691797e+01,-1.480016392066066366e+01,-1.888710416259622349e+01,-2.029499641934731713e+01,-1.787406818669541408e+01,-1.667987266070860741e+01,-1.567208443010660091e+01,-1.653425068873211856e+01,-1.390453416960579958e+01,-8.725741605785556132e+00,-8.684878417647871274e+00,-1.006861952014435424e+01,-1.292812281712553535e+01,-9.211625532100075731e+00,-4.417930821110879869e+00,-1.518626380254010311e+00,-3.564375616899775334e-01,-1.733086989007372094e-03,-1.503565489450606085e+00,-3.981614562577771022e+00,-7.292675536826140892e+00,-1.054361006819215874e+01,-6.294501449380602409e+00,-4.194121649726889167e+00,-3.223614591516946515e+00,-4.857370270486164543e+00,-8.227388719867047229e+00,-1.582501423807072527e+01,-2.410707119712255775e+01,-2.592646149226597529e+01,-2.629758188419772225e+01,-2.539612871005122940e+01,-1.929920244575443178e+01,-1.337138060698831943e+01,-1.331403228573333131e+01,-1.386079496548588175e+01,-1.621540724514122189e+01,-1.647513825911328311e+01,-1.572462184088570680e+01,-1.305917885518611854e+01,-1.347478801505010004e+01,-1.952648948726797329e+01
-1.487761799195655321e+01,-1.638899815889229572e+01,-1.307051190397793228e+01,-9.119968114042640295e+00,-8.825153708457946777e+00,-1.048792914609263782e+01,-1.229758033806220041e+01,-1.654207107536774757e+01,-1.793644831413613261e+01,-1.400204009938060778e+01,-1.388356099272132838e+01,-1.263016351452447417e+01,-9.470903628526773588e+00,-1.014252636071882741e+01,-9.666273227540944646e+00,-9.232056646978945125e+00,-1.062780126178623163e+01,-1.262778267869375703e+01,-1.411493881259645811e+01,-1.087719056839333476e+01,-1.158070817298458977e+01,-1.178104259914025320e+01,-1.126488017005131681e+01,-4.542810549861506786e+00,-2.115230519340296489e+00,-2.777440361395002277e+00,-6.708707987814021223e+00,-1.181963302856101095e+01,-2.015813117278249678e+01,-2.056588355759928888e+01,-1.605129129097873886e+01,-1.485629520918193691e+01,-1.436612990476135110e+01,-1.218194575596572804e+01,-7.022965066302988113e+00,-5.023965002474580110e+00,-3.323374500065775727e+00,-5.042384174085201565e+00,-9.077365804883770650e+00,-8.220298309075204202e+00,-2.800053810938856635e+00,-4.835134143280250263e-01,-2.536136919721835081e+00,-7.756209383123462864e+00,-4.000120708928968760e+00,-2.703752612190923443e+00,-3.549910529840499596e+00,-4.353020306956723040e+00,-6.877874176305039278e+00,-1.081372025676239623e+01,-1.111897743420493256e+01,-1.115973815120252510e+01,-1.156429847021748181e+01,-1.004944652856740817e+01,-7.692430133290616645e+00,-6.838199712728199486e+00,-9.464095987771687035e+00,-1.700843706525358101e+01,-1.260561369281066035e+01,-6.862710214156965804e+00,-4.806300736634635307e+00,-7.469611024841162461e+00,-4.734757936475588735e+00,-2.008223739218297776e+00,-4.664576841462263701e+00,-1.361896997959093980e+01,-1.596742860356667926e+01,-1.522660408521953457e+01,-1.479794525293479346e+01,-1.397755476003302633e+01,-1.577554521255923348e+01,-1.710496411198063882e+01,-1.416341648962264621e+01,-1.512928296211070567e+01,-1.558601898896066729e+01,-2.447391403707346669e+01,-2.568519047866190164e+01,-2.604002588942535112e+01,-2.524099335186463477e+01,-2.274265637792142769e+01,-1.559624884361611308e+01,-1.358873838410341683e+01,-1.423275858836066377e+01,-1.553623389839229674e+01,-1.710791111530217989e+01,-1.386911822709822140e+01,-1.292906443965166119e+01,-1.322633186318820542e+01,-2.044891585801777012e+01
-8.232808338072066690e+00,-9.302020072040701137e+00,-1.042456461612443341e+01,-1.319540777511166496e+01,-1.431834558616007236e+01,-1.169623766088844263e+01,-1.233716787072948939e+01,-1.565865561657382088e+01,-1.664462668913647647e+01,-1.132656533556773226e+01,-8.521102711670380359e+00,-5.904866351220841025e+00,-3.095854310668948894e+00,-1.509251744470636147e+00,-1.296379637741658764e+00,-1.463457437584883891e+00,-1.622973237808135627e+00,-3.429192077639841685e+00,-7.958257699371280580e+00,-1.547192667391067111e+01,-1.654865404268852913e+01,-1.114544547634913485e+01,-6.460211624328355384e+00,-6.245718407451658294e+00,-8.815762339313899076e+00,-5.438486763167622584e+00,-4.776318538457827501e+00,-9.249238089511269578e+00,-1.972615575073356808e+01,-1.937558083695576627e+01,-1.069788247570955697e+01,-6.425995469989633335e+00,-5.865123765753176066e+00,-4.344932759959684532e+00,-1.932967731657375010e+00,-1.519040468853246395e+00,-3.010604403604914214e+00,-6.747840663768295499e+00,-1.154547292666327607e+01,-5.624012112169337385e+00,-1.814932486854661686e+00,-2.875964559922765229e+00,-7.622414569657547823e+00,-6.040955029428005219e+00,-2.361724570264017498e+00,-2.683032725738095259e+00,-7.114577398768493488e+00,-4.286902138837297649e+00,-2.713079860496082851e+00,-4.508060339563257024e+00,-2.344857583779586196e+00,-1.773866930077874660e+00,-2.385661351792750740e+00,-1.889642235477230869e+00,-5.268168419221401777e-01,-8.043341815876039469e-01,-2.534626789644331524e+00,-3.999227605602871272e+00,-1.668253406143967776e+00,7.562894595426303823e-01,1.697915034934955436e+00,1.973564498429361658e+00,3.748534521586051604e-01,-2.242862650402908997e+00,-6.827344682879913584e+00,-1.268864143432531222e+01,-1.665163950902178769e+01,-1.230488116803922161e+01,-8.148250269122366163e+00,-7.048181773969423247e+00,-7.290633961605608171e+00,-9.027254392053315257e+00,-1.151634816859001553e+01,-1.238511408630170330e+01,-1.517059578214372983e+01,-2.360739781264971882e+01,-2.535901639694558085e+01,-2.601890142788564475e+01,-2.547190340838037770e+01,-2.211816677473541404e+01,-1.221091619828589891e+01,-6.289292231314163928e+00,-4.724241143008484300e+00,-6.493720240855092030e+00,-8.438923328064550589e+00,-6.144974688162564647e+00,-8.614409738689436935e+00,-1.681461741243089847e+01,-1.784038092857016622e+01
-7.996855384425113122e+00,-6.940808337433893804e+00,-1.016517271135086453e+01,-1.819216985630809802e+01,-1.770305225634037072e+01,-1.391136258706114326e+01,-1.386403104057885649e+01,-1.773696406622578436e+01,-1.723369768866918861e+01,-1.417485144443081779e+01,-1.235856293197861255e+01,-1.272191567618147801e+01,-5.940376777173881351e+00,-4.099299139546272563e+00,-6.956920031374110636e+00,-9.398449054113903856e+00,-8.010835539353521995e+00,-4.778115566266714964e+00,-3.027527134788495555e+00,-5.588211436322898962e+00,-4.818092318776910687e+00,-6.342079685258686261e+00,-9.344617873374232886e+00,-5.629917421280161705e+00,-3.467032785238558290e+00,-1.845452779837484902e+00,-1.950676956735691414e+00,-4.603292329671015537e+00,-1.051041221080865995e+01,-1.162929462310963125e+01,-1.320209631256591187e+01,-6.754990887821168855e+00,-2.811431051729092800e+00,-2.630191110564689794e+00,-6.911902370572062360e+00,-1.034209542278956562e+01,-7.217590881917709922e+00,-8.966218360832758805e+00,-1.174914758994166952e+01,-7.971227766651856506e+00,-4.274552246569690794e+00,-1.894789352683049266e+00,-1.626416032556601943e+00,-3.374191927531020041e-01,-1.259510020331104929e-01,-1.097529003763819899e+00,-2.873590888676961885e+00,-4.025603691718184329e+00,-4.136209160321447698e+00,-8.728955421024316985e-01,-1.035623098653675633e+00,-4.605800275396751964e+00,-6.631488673127023503e+00,-5.547340842825185803e+00,-9.053723405542454472e+00,-8.664535657397674839e+00,-4.422702568381870591e+00,-5.344751112643170821e+00,-8.497742166234131034e+00,-1.009503741749506389e+01,-2.931134481397912772e+00,-2.547066461821384298e+00,-5.771948995335363541e+00,-9.602544546575474627e+00,-8.502042557960166391e+00,-1.301080203145966507e+01,-1.424093984840507865e+01,-5.348665859018053581e+00,-8.839164987929459816e-01,1.261629316915540810e+00,1.043506471039307160e+00,-7.147296514494267949e-01,-3.507657009071873500e+00,-7.357821291102502492e+00,-1.458228703549033689e+01,-2.223372964930713636e+01,-2.191098756539194170e+01,-2.186179580007280521e+01,-2.223006233505736517e+01,-2.114742175439246452e+01,-1.234157266114887364e+01,-4.421383418955076472e+00,3.323177400060852160e-01,2.295071008690471981e+00,2.900564448083435831e+00,1.480240994791283127e+00,-1.259231860081184262e+00,-6.763523104047417078e+00,-1.372778307764153816e+01
-1.010498096978754035e+01,-7.617820856266451557e+00,-7.602911655616042985e+00,-8.559306567772887675e+00,-8.825026464641542390e+00,-8.896520706943999102e+00,-1.104169285387024857e+01,-1.616635246742936971e+01,-2.345337909146359223e+01,-2.432776943364537914e+01,-1.932090584138282097e+01,-8.296583893603848736e+00,-3.691008613745969225e+00,-1.876687722522205171e+00,-2.798335840435404620e+00,-5.828541044902084245e+00,-1.067937255622748971e+01,-6.997242654176583088e+00,-2.703183527873948222e+00,2.641683902877691170e-01,1.649350727327111965e+00,1.193954846058461028e+00,-4.275722686329128108e-01,-2.419954188816210827e+00,-6.051471365349633480e+00,-9.030031362688518470e+00,-3.472955358004603532e+00,-1.237907362000708611e+00,-2.823685080693558724e+00,-8.695156475655117845e+00,-1.179081054827324415e+01,-6.743465408794861560e+00,-8.201316441360273046e+00,-9.130806980444525323e+00,-3.755962505530482165e+00,-2.280334086720638975e+00,-3.174190899182138814e+00,-7.298441952332518134e+00,-1.506790051245151574e+01,-1.962570145972689417e+01,-1.464883732213113454e+01,-7.417468529334642291e+00,-6.693839751800200411e+00,-8.374345703104763672e+00,-1.138507105321168211e+01,-1.085195675783587532e+01,-1.203158876815236589e+01,-9.763343984135111953e+00,-7.628555749058093305e+00,-2.509564847364598172e+00,-2.163176411263910914e+00,-5.252728750831202831e+00,-1.241556116423212508e+01,-1.318216919809355758e+01,-1.163148243982989172e+01,-1.251940348273829429e+01,-1.099802113386025049e+01,-9.382836308246268686e+00,-1.127577109108293918e+01,-7.144355001978408559e+00,-3.201174878690363990e+00,-1.399340761353434992e+00,-1.741523159652969444e+00,-3.292159895794255942e+00,-6.516802569977323323e+00,-1.172860008971135493e+01,-1.495345423544259944e+01,-5.336464517322697887e+00,-1.856794794772828716e+00,-2.274937912179625599e+00,-6.424497462026345751e+00,-1.102881973315926700e+01,-7.881929773585240717e+00,-8.715755459061242050e+00,-1.577417853721102325e+01,-2.161490293911525029e+01,-1.901374038180014381e+01,-1.382910220425828030e+01,-1.095083164362082861e+01,-1.080345454565564545e+01,-8.352336504405602824e+00,-7.124087724281489287e+00,-5.392809368731257713e+00,-7.349263989982804723e+00,-4.855458063985522266e+00,-1.780731639646245812e+00,-2.601223755117568981e+00,-5.229299694299697876e+00,-1.151124920701622045e+01
-1.648607045367248247e+01,-1.555533439862100664e+01,-1.800786296586344903e+01,-2.063850610776055206e+01,-1.821487390905394577e+01,-1.512879661599496295e+01,-1.490245572516792727e+01,-1.734055770967239596e+01,-2.274306230078962443e+01,-2.449091555122145891e+01,-1.690141458260385576e+01,-1.071439129517490763e+01,-8.590717435331272966e+00,-7.662693120147052284e+00,-7.791585416386001661e+00,-1.032116831827880787e+01,-1.429988587888559870e+01,-1.030789823998185994e+01,-1.115952021242084413e+01,-9.969352728655715978e+00,-3.328260304105180811e+00,-1.322741687537654087e+00,-2.741826899691139907e+00,-8.117119017736355246e+00,-1.274331315836512069e+01,-6.966310999895396705e+00,-2.457302080250268084e+00,-2.370169228783006066e+00,-5.509050307557322945e+00,-6.305830072639579953e+00,-3.264567326159125482e+00,-1.703752922049559082e+00,-1.449114345920471836e+00,-1.741215694730723351e+00,-1.595346580635006895e+00,-3.205856731312027197e+00,-5.898583422085844852e+00,-9.179336023061795302e+00,-1.238557610207034188e+01,-1.681610579777481007e+01,-1.614231379677478628e+01,-9.489798236610297977e+00,-9.078709546784709872e+00,-1.156046686976923965e+01,-1.275789885392370593e+01,-8.537847800684490451e+00,-4.036104848077065377e+00,-1.116181530932374155e+00,1.816258248772395223e-01,-6.313752387630616747e-01,-4.787969196630165847e+00,-6.529592501489739576e+00,-6.012654037669973306e+00,-4.955055026015393160e+00,-5.319687312055743078e+00,-6.687665396671097717e+00,-8.923855068876331842e+00,-9.238113098798837797e+00,-3.369292048632370307e+00,-3.897084065098525563e-01,-1.494292806033080012e+00,-6.311487543501687725e+00,-3.134951517742154969e+00,-1.352508728278632777e+00,-4.312232319059032370e+00,-1.082037771420371186e+01,-1.392706622754720769e+01,-1.070972616063024851e+01,-9.027224002476025078e+00,-8.209762215614318848e+00,-1.094036275013945136e+01,-1.387585119107612108e+01,-9.036898903828815222e+00,-6.112121086371572254e+00,-6.643032300489065456e+00,-8.846511698531028145e+00,-9.762640785005755717e+00,-7.630452013553533419e+00,-4.669201224314091014e+00,-3.025526809513120696e+00,-4.517935759436489285e+00,-3.542247200942304275e+00,-2.944292600647392177e+00,-3.966883289149350400e+00,-6.953461722015662261e+00,-1.035917303257418709e+01,-7.736172024916885270e+00,-9.944655706111650062e+00,-1.634073274655449737e+01
-2.534459620310848038e+01,-2.433884087720311840e+01,-2.458330836690458199e+01,-2.515601639640062359e+01,-2.540320862325510731e+01,-2.530475764525564131e+01,-2.618932239095071068e+01,-2.488123412598344686e+01,-2.502867761231902932e+01,-2.597112312352746955e+01,-1.676966295027195031e+01,-1.824755210804759997e+01,-1.941294605570628207e+01,-1.748921963236385579e+01,-1.975501606249271447e+01,-1.658871682783714974e+01,-1.231154875647752789e+01,-1.405025271006992860e+01,-1.588874384066216017e+01,-1.117572141948499187e+01,-9.389237503584165978e+00,-9.562477071482435420e+00,-1.106914357179985942e+01,-1.181327483080383445e+01,-8.250603704972375496e+00,-1.665574372544675885e+00,1.447879054432181789e-01,-8.300696692396221099e-01,-3.519055949271957751e+00,-1.920877604863931998e+00,-2.779288056104783355e-01,-2.247944951603760178e+00,-9.479437258500690078e+00,-8.528874205243319295e+00,-9.339481791383342113e+00,-1.410696593352726502e+01,-2.014495116248166795e+01,-1.973528825071521098e+01,-1.441244177083323841e+01,-9.455044597163237086e+00,-6.785617964832406201e+00,-5.404069920679680727e+00,-5.339750212386138450e+00,-1.973674312237426065e+00,3.030580611412826419e-01,6.783788078298259583e-01,-1.889643660454737972e+00,-8.518268629376377632e+00,-4.119767104437455529e+00,-1.820085187183511088e+00,-2.874482345669750138e+00,-2.524287241574068918e+00,-3.176604817670426684e+00,-6.791643656755244507e+00,-2.143427042090999102e+00,-4.662271102757326036e-01,-1.754480580663609679e+00,-4.362502093041749518e+00,-2.232569897897923372e+00,-7.230623135801852452e-01,-1.354877263079117267e+00,-4.971601314201978816e+00,-3.295808136869305738e+00,-5.802030339924604263e-01,-1.366801904594522110e+00,-5.986650401264205001e+00,-1.307350070225565020e+01,-1.569081183573357130e+01,-1.781695729359648439e+01,-1.660082242990795010e+01,-1.620565850394112672e+01,-1.187553109262222684e+01,-5.430205523071432339e+00,-2.208890249422896801e+00,-1.794676770028987400e+00,-3.895812935623011342e+00,-1.010743311025146340e+01,-1.240055853979928102e+01,-8.956490461091350497e+00,-9.368673720628134305e+00,-5.499599224557798927e+00,-2.272181542823118461e-01,2.343907824910028914e+00,1.760354521640145720e+00,-7.770947534899503850e-01,-4.575073832183852218e+00,-6.281157172712168446e+00,-7.787996597756120742e+00,-1.116824918133871947e+01
-2.652816468432433794e+01,-2.872997090691014321e+01,-2.969483285739009659e+01,-2.781195673189665030e+01,-2.730348644758525722e+01,-2.620561142613117056e+01,-2.772896656774936730e+01,-2.616693576475731575e+01,-2.417692856681077984e+01,-2.189338475420959185e+01,-1.661939189846354381e+01,-1.126826309888882705e+01,-9.181428089177698482e+00,-1.095804192999700000e+01,-1.489952042950947408e+01,-1.298523243018110840e+01,-9.362480798162016171e+00,-8.130890503413695569e+00,-1.047833461510507647e+01,-1.713166166068916141e+01,-2.178934165409632939e+01,-2.199947298738293355e+01,-2.380605641522802074e+01,-1.570226141653562912e+01,-4.917793136734263548e+00,-1.149640641318760148e-01,1.092293381342608338e+00,-1.604721601434486056e+00,-5.311164486341010793e+00,-2.176794807055502989e+00,-1.390862098059098884e+00,-3.746361750941303637e+00,-8.962281666752090814e+00,-1.156305948056672683e+01,-1.329042041032834121e+01,-1.921355632373265010e+01,-2.399427213704675665e+01,-1.742977421624319945e+01,-1.099898474736321319e+01,-5.511691798841146905e+00,-2.752092854645019404e+00,-2.607462743983457010e+00,-5.477715433958212365e+00,-1.320909338727544347e+00,2.641976269249124987e-01,-9.148074830593401208e-01,-4.992796706911036608e+00,-1.173265387509998448e+01,-1.030425895201532427e+01,-5.357675972177569967e+00,-5.547324229474704715e+00,-6.107960393548158784e+00,-1.646529730342860764e+00,2.464625974713217094e-01,1.582692322127794204e+00,4.416226044575564669e-01,-3.939018814399124047e+00,-1.112171850482324054e+01,-9.974388688578642359e+00,-8.189602341811012209e+00,-9.009320603501528524e+00,-6.576092008809397704e+00,-3.365240395629316428e+00,-1.507466251506729193e+00,-2.189153926096912617e+00,-6.184052560114322361e+00,-1.269265552302052136e+01,-7.594328632032064874e+00,-6.289598968860349970e+00,-7.066496106802969024e+00,-9.024422969136919548e+00,-1.048222739445535723e+01,-1.076933849395665987e+01,-9.374051180997289734e+00,-9.397415065675749801e+00,-9.965188509987708443e+00,-1.171254415530011173e+01,-1.631041253419747150e+01,-2.089278617299589058e+01,-1.888495283736322250e+01,-8.852128830619324873e+00,-4.906254659224777548e+00,-4.046450066732075079e+00,-3.227348026735497921e+00,-4.658023400918433587e+00,-1.003050889422122616e+01,-9.675452710094308628e+00,-1.293965528602887005e+01,-1.901418480837255487e+01
-2.460924335709191979e+01,-2.957131581198900250e+01,-2.965323279495526165e+01,-2.834588056220147934e+01,-2.635377255418246989e+01,-2.565636129666091847e+01,-2.574652024857083532e+01,-2.092890883029851778e+01,-1.646877543639419628e+01,-1.320411554315036362e+01,-1.554284277446287987e+01,-1.013315833331946969e+01,-4.807208573011527264e+00,-2.112232146908956221e+00,-9.007913537878854404e-01,-4.144823440172030193e-01,-7.555911585929736551e-01,-3.594514646812489111e+00,-1.008347168542388772e+01,-2.183063103381852343e+01,-2.293872067802830728e+01,-2.367844548978303720e+01,-2.364066702799689423e+01,-1.835190546243710585e+01,-7.117988376240981019e+00,-2.855566835113629409e+00,-1.398971767707892333e+00,-2.135295863971867103e+00,-4.686738651287846835e+00,-7.949375809919565050e+00,-2.844537948158436524e+00,-2.296030498332194192e+00,-5.110840230639253967e+00,-5.943029265570685560e+00,-7.790645552308935962e+00,-1.407645064547545921e+01,-1.943159130910285270e+01,-1.961315690037003279e+01,-1.410948539317998751e+01,-1.142338304860251341e+01,-1.049694162181445556e+01,-7.120490718660946072e+00,-6.150188740244821872e+00,-7.726174297416933179e+00,-9.403536568654883965e+00,-8.991100445165670862e+00,-1.052865928680376939e+01,-1.600827910846337332e+01,-1.848819585671102317e+01,-1.009780064382051101e+01,-6.795820677638950258e+00,-4.386632097016711640e+00,-7.618297900084609608e-01,-6.572230161050390818e-01,-2.494473982176960369e+00,-4.327334027150925522e+00,-8.921751890863690804e+00,-1.695356586911624674e+01,-1.918076780057491248e+01,-2.155854966586693777e+01,-1.924691715007437764e+01,-8.836318116439016990e+00,-7.747413117074428257e+00,-9.558331415169220691e+00,-1.004628968597354799e+01,-8.364766128529282696e+00,-8.331484608184126728e+00,-4.926055132222354693e+00,-3.041451920188011027e+00,-3.811199547316795222e+00,-7.651500299909060665e+00,-1.356103424739120555e+01,-1.949448394596128509e+01,-2.323985274573017890e+01,-2.430466153926419182e+01,-2.363166409865357664e+01,-2.226923654491740123e+01,-2.363726444620835210e+01,-2.475091643978778677e+01,-1.669145444102753473e+01,-1.329387467875516471e+01,-1.454652376461746144e+01,-1.462844521479498994e+01,-9.144720959035973706e+00,-4.892633329208631920e+00,-4.002689969942982096e+00,-6.322157077323224961e+00,-1.056647042045019624e+01,-1.769876399613860940e+01
-2.383402744271701579e+01,-2.918100894841932558e+01,-2.969139261353284809e+01,-2.809987211765203341e+01,-2.313480661865463972e+01,-1.785341685875914308e+01,-1.842679278563736034e+01,-1.669520229863044847e+01,-1.139078777445886281e+01,-9.018463338228096760e+00,-9.560911286594276248e+00,-7.700025101801506899e+00,-6.203276079848296654e+00,-8.623139586551745950e+00,-6.532974647196347462e+00,-1.323969240494674571e+00,-1.009139771125090235e+00,-4.691254267882191797e+00,-1.104039249653206767e+01,-1.654200366699605951e+01,-1.417928583908798146e+01,-1.523176809002582210e+01,-1.931393091660693173e+01,-1.728246539338190857e+01,-1.378089228518923370e+01,-1.162814235104653982e+01,-9.951969535503172537e+00,-1.291142271470306468e+01,-7.514397999845948917e+00,-2.196653623167159175e+00,4.296538388199886982e-01,1.067341674154246300e+00,-4.848495997202711960e-01,-5.904659321958801499e+00,-6.788454760286144918e+00,-5.225860165362071541e+00,-6.902237909853010223e+00,-1.024502917877713593e+01,-1.303057595123921963e+01,-1.431409888697746169e+01,-1.350274532809293326e+01,-1.258649805434664337e+01,-1.496333001072245494e+01,-1.432530101349479246e+01,-1.192378624926384312e+01,-1.026206624541515744e+01,-1.021115563137638915e+01,-1.380173779968032299e+01,-1.294629227846188613e+01,-1.101104127105913655e+01,-5.849090185156442523e+00,-4.244230755170653069e+00,-5.284271481352389443e+00,-9.051364880643392397e+00,-1.563805813941740475e+01,-1.521750231613790127e+01,-1.408326740462080906e+01,-1.710593168538315823e+01,-2.130994687403055110e+01,-2.375230453605938763e+01,-1.629006891770470489e+01,-8.407127702146544479e+00,-5.277009777332606788e+00,-5.811853840922642789e+00,-6.105173734850005474e+00,-9.775245800950473907e+00,-1.029464716122562784e+01,-7.304855530423329135e+00,-8.196528869912139470e+00,-1.212549798022535441e+01,-1.085518897565683893e+01,-1.177784492377947956e+01,-2.117637469894007651e+01,-2.705333359617936040e+01,-2.671567777045687464e+01,-2.476686013193058855e+01,-2.590308591835480811e+01,-2.494084521702357549e+01,-2.481721305667905852e+01,-1.610271252994250446e+01,-1.613147344893978996e+01,-1.781049867052781011e+01,-1.121895280637239090e+01,-9.737986495172171075e+00,-1.164503838424395710e+01,-9.214335995509213006e+00,-7.700364292564248814e+00,-9.970458587309471099e+00,-1.661678901292327737e+01
-1.953042834145682249e+01,-2.230019066925335736e+01,-2.374418930720565868e+01,-2.243084712673847037e+01,-1.839799873093913263e+01,-1.086911650797478224e+01,-6.773393876346430531e+00,-4.943832118036155521e+00,-5.408590406403505746e+00,-9.147997800568889559e+00,-1.290411556125583559e+01,-1.212964121829298136e+01,-1.160608849310337121e+01,-1.301960449828241018e+01,-8.479125122378643908e+00,-4.000359233032869888e+00,-1.982185690614737927e+00,-2.757351617239104158e+00,-4.963888147757458569e+00,-3.064441854180046221e+00,-3.701835604272065261e+00,-7.055992601173264767e+00,-1.328953186372168993e+01,-1.461085449752951071e+01,-1.737943602146062716e+01,-1.974586877787023553e+01,-1.892048194175375997e+01,-1.166249666357398951e+01,-7.140696323455724581e+00,-6.692640750591916543e+00,-9.150880940405553332e+00,-9.966303827267923410e+00,-5.349677988461086109e+00,-3.428461543529441435e+00,-2.696286887187367309e+00,-1.342046093880163937e+00,-2.045965923778922946e+00,-5.415609607844144691e+00,-7.331119815104718107e+00,-6.570880758807175148e+00,-1.047974603695977081e+01,-9.979499721437468551e+00,-5.035905046976711041e+00,-2.438688462111936239e+00,-1.033729899772688032e+00,-7.982731719524949199e-01,-1.928533535328154525e+00,-4.212107670710499185e+00,-8.857013573772029247e+00,-1.285127555158801549e+01,-1.287471823853657682e+01,-1.275414960724966917e+01,-1.570373918597859486e+01,-1.094037631490176743e+01,-9.892300635352171412e+00,-1.462865244490759764e+01,-1.529413632521952060e+01,-1.396635251654718068e+01,-1.439503790023631602e+01,-1.581125460800371663e+01,-1.482272708684878282e+01,-9.272905498967134008e+00,-4.105788947272121625e+00,-2.718875248475294271e+00,-3.714856918817175835e+00,-6.894805578192822360e+00,-6.942384431040601100e+00,-3.593698333486690544e+00,-2.948095978027615693e+00,-4.822577116520781360e+00,-7.941945534899718773e+00,-1.271102001344350896e+01,-2.235563852912501304e+01,-2.645673210997330571e+01,-2.699293111499987319e+01,-2.438865596548955139e+01,-2.280333483846564135e+01,-2.386574532035598040e+01,-2.301632237434387207e+01,-1.512125988651935238e+01,-9.045555717963024378e+00,-5.506023411463973893e+00,-5.073211111968621623e+00,-6.361984502103991801e+00,-9.729311415127344986e+00,-1.518121934743752099e+01,-1.360466990076509575e+01,-1.337621482691370467e+01,-1.627951301488661073e+01
-1.796525468862146369e+01,-1.344612867133061762e+01,-1.194154656291904359e+01,-1.297687487225783443e+01,-1.631883598091010867e+01,-1.086463729510630039e+01,-4.207733480777955393e+00,-2.079403878224635349e+00,-3.305157462176971706e+00,-9.155775469944888556e+00,-9.455143315899640299e+00,-9.403700001257702112e+00,-1.275689233514599330e+01,-1.498412962246658253e+01,-1.509402299016938187e+01,-1.475469354893031948e+01,-8.221323062602738929e+00,-4.157442396964450282e+00,-3.536861853532856870e+00,-5.260974814303324365e+00,-3.169821853630412800e+00,-1.605855161354997840e+00,-2.766683160866561852e+00,-6.202186378097175989e+00,-1.202042862436825210e+01,-2.145691290475372170e+01,-1.897569100301068445e+01,-1.163953371693317074e+01,-1.288243780100255975e+01,-1.501513273733899112e+01,-1.252072266080325669e+01,-1.013712846067615025e+01,-1.071189923125102084e+01,-9.422599384659214650e+00,-5.542557747516417166e+00,-6.694238999088232056e+00,-6.938691442426209832e+00,-2.357799859917932839e+00,-1.868825602213873172e+00,-4.800897700894148024e+00,-1.011816485618290073e+01,-1.008104501272502773e+01,-6.014473765640330427e+00,-4.786704228285882046e+00,-6.786130819674511372e+00,-1.002976522908836543e+01,-7.467084930887572192e+00,-6.314907034761027660e+00,-8.783142954335176000e+00,-1.466790996279035220e+01,-2.157016414269468996e+01,-1.990523026581097454e+01,-1.115827437182118054e+01,-5.822565896618635328e+00,-3.495469234603688413e+00,-3.535211223184614227e+00,-6.055307873433694255e+00,-1.217438699966086446e+01,-1.083040306263400154e+01,-6.354565528998697310e+00,-4.075107177554041726e+00,-2.096291005568529986e+00,-2.945606209400733366e+00,-7.517480802267117568e+00,-6.403893327802643753e+00,-2.471290323284587753e+00,-2.063412445817106367e+00,-4.320403610601236899e+00,-6.347933372013494946e+00,-6.019821209118778604e+00,-8.606301772863345079e+00,-1.520745393028832915e+01,-2.195990082912875252e+01,-2.460134180506369361e+01,-2.218561011507995318e+01,-2.198176049648370878e+01,-1.649485884483595655e+01,-1.380951369032823983e+01,-1.142710923386695754e+01,-1.287146616071686722e+01,-1.020683355887133459e+01,-4.304343808638422253e+00,-2.648076916659685143e+00,-5.394493199156639385e+00,-1.155225302110937236e+01,-1.723179561392705139e+01,-1.233027545760448795e+01,-1.048055792303013689e+01,-1.198954056976433158e+01
-1.858330694894145196e+01,-1.438728842609807046e+01,-1.332958279068308727e+01,-1.314833330570306913e+01,-1.640335793244211260e+01,-1.614051836863496092e+01,-9.184073912469964185e+00,-3.496034746149316863e+00,-1.697058402772124497e+00,-2.703908659741842690e+00,-7.880262595818455118e+00,-1.744539832799954482e+01,-2.230966327961226270e+01,-2.311753315136844833e+01,-2.315739822208433196e+01,-2.080355082239423581e+01,-1.556498560152555832e+01,-1.426541344384501819e+01,-1.357166709577230534e+01,-1.247879141613953102e+01,-9.159472712000509276e+00,-6.273617776012734737e+00,-5.778690344520977185e+00,-7.254214282322647200e+00,-1.258807583948723341e+01,-2.187510884077029161e+01,-1.943698417512993970e+01,-1.138100302577915102e+01,-6.294631998565860087e+00,-4.511714567815451105e+00,-3.945848464853781490e+00,-6.240830813135419319e+00,-1.070959284610318107e+01,-9.185651710158900585e+00,-4.732576597790072448e+00,-3.029584079777779770e+00,-2.524650842503686654e+00,-4.163696603219311676e+00,-9.341460263594649760e+00,-1.659776210650465700e+01,-1.396892754834397365e+01,-1.328901077302774958e+01,-1.500431623898054490e+01,-1.646187973470616228e+01,-1.435287905277166232e+01,-1.386514764979369652e+01,-1.647642689719236131e+01,-1.675547485961053695e+01,-1.438864660800847872e+01,-1.964582945171155259e+01,-2.256566616646329138e+01,-2.058813581251560265e+01,-1.075353495250070957e+01,-6.535089816814078745e+00,-4.351038267905998680e+00,-4.598840724592818674e+00,-7.677447468714606593e+00,-1.206857486416522640e+01,-1.162400476197551136e+01,-3.338424134019174261e+00,4.924252849495427270e-02,1.087268923489810996e-01,-3.099010460204759898e+00,-1.002578333983744052e+01,-8.610327434719057038e+00,-6.803692365947522802e+00,-8.051949910651472919e+00,-1.067631618958666806e+01,-1.073901877277775796e+01,-9.206816575580969442e+00,-1.129948186112525832e+01,-1.342555249051043909e+01,-1.171755139630539944e+01,-1.282520269720177986e+01,-1.832704696440158898e+01,-2.235907743927231550e+01,-1.247206409353958989e+01,-5.140110318626003760e+00,-2.703970090500114054e+00,-2.857276218709263738e+00,-3.418055880961841542e+00,-8.127881150272555644e+00,-8.411529845313021170e+00,-4.614368136215927230e+00,-4.152531530063851228e+00,-4.097675696449508465e+00,-4.483793309084455281e+00,-8.412324532530361054e+00,-1.579647832705562216e+01
-1.986883650686507963e+01,-1.781176468124963463e+01,-1.922994776955224694e+01,-1.886583456957250604e+01,-1.394109332292599746e+01,-1.499981581178822942e+01,-1.254014740447352771e+01,-6.735019024153401368e+00,-6.332246596539826911e+00,-8.408786305135354411e+00,-9.918102528815879282e+00,-1.780680594587684595e+01,-2.609985726578791443e+01,-2.631619014775842658e+01,-2.506237453446352248e+01,-2.476570025422519450e+01,-2.452595238936574873e+01,-2.427416905066124642e+01,-2.170115668791577335e+01,-1.863151801797680562e+01,-1.954395586745183166e+01,-1.905879389791560286e+01,-1.823338948784017788e+01,-1.795616313658262442e+01,-1.741617293286144275e+01,-2.229372241084736928e+01,-1.963226277487618532e+01,-1.284915923444848396e+01,-8.158795212444506006e+00,-6.497477226911630765e+00,-6.331658610723968295e+00,-7.192638696136331333e+00,-9.708208813703150142e+00,-8.702548798761869264e+00,-5.718017723999525792e+00,-4.725629562063884848e+00,-5.318064047235477432e+00,-7.417941616890125545e+00,-1.359098616757787248e+01,-2.075151119554849544e+01,-1.855198910003317891e+01,-1.977902561919133362e+01,-1.834000645723558165e+01,-1.494307738408110175e+01,-1.019053125471100785e+01,-9.911237585988539323e+00,-1.050189553425276223e+01,-1.340723355282518270e+01,-1.699385527470954216e+01,-1.417478552348631737e+01,-1.379967644250482550e+01,-1.400432487717248442e+01,-1.566763328788872123e+01,-1.286489563059986097e+01,-1.320429833042890522e+01,-1.575453170977140793e+01,-1.470563682846557008e+01,-1.515449773637872077e+01,-1.025895446852633874e+01,-7.625104753930766144e+00,-4.788644983604746663e+00,-4.154532536803009712e+00,-6.553419881521310941e+00,-1.239558804841866113e+01,-1.454933960993487219e+01,-1.863182496666011900e+01,-2.056256015229045886e+01,-2.079758469950883892e+01,-1.501010741237410961e+01,-6.908862944832422137e+00,-3.662882317725876913e+00,-2.859336052398036454e+00,-4.008252441995125537e+00,-7.657668344508436142e+00,-1.252524870499632392e+01,-1.212036531984357879e+01,-5.527950967514985159e+00,-7.710880793992577198e-01,9.591707896863117533e-01,1.773590333888891979e-01,-1.833196220874411697e+00,-6.187268541383564191e+00,-1.116384741910418121e+01,-8.527800236429486702e+00,-6.511870458610076184e+00,-6.621031365560409832e+00,-4.401913134675276673e+00,-5.830867603309172864e+00,-1.156933859506047746e+01
-1.212390523387077224e+01,-1.476373203894249464e+01,-2.072312908782098617e+01,-1.789745796174931414e+01,-9.633713278555331883e+00,-4.825857721437189163e+00,-3.046407564769015863e+00,-4.178354064030642689e+00,-9.080999752184501617e+00,-1.410502290098290779e+01,-1.479547459738595094e+01,-2.078997400649508265e+01,-2.573324610953940450e+01,-2.643956025560995826e+01,-2.467773093316787936e+01,-2.560911152775126354e+01,-2.514723122568058855e+01,-2.539585264105545903e+01,-2.166819120708264634e+01,-2.268821003383263601e+01,-2.369114044555147913e+01,-2.480229472934751556e+01,-2.589442321053125085e+01,-2.377968734906131942e+01,-2.132360135523000011e+01,-2.074573643046214144e+01,-2.006844788744933794e+01,-1.689198101373543537e+01,-1.661416759616450278e+01,-1.812920808164696851e+01,-1.785081527286902414e+01,-2.065676094535598040e+01,-2.021807163012655195e+01,-1.978573403860393398e+01,-1.913367149525118904e+01,-2.000229191152672925e+01,-1.931203120543544571e+01,-1.800922355884896220e+01,-1.834837029751082227e+01,-2.226284713494150225e+01,-1.424091040684764486e+01,-1.011489400995853316e+01,-7.479290503350303432e+00,-3.989780961930632586e+00,-9.453252156884794921e-01,5.315368803921750596e-01,-7.795907040155616308e-01,-3.548616850000492651e+00,-4.351573424674202606e+00,-4.588719484502081336e+00,-7.336235597897741378e+00,-1.195011797917068463e+01,-6.317226513519995201e+00,-4.894313834221592607e+00,-5.461303741117953692e+00,-7.195418345552861972e+00,-1.020565620759376024e+01,-1.290882874610728770e+01,-1.226248073398618743e+01,-9.241818096068568522e+00,-5.847765761938758189e+00,-5.269707711091391467e+00,-9.339131370522922637e+00,-1.816489686015853167e+01,-1.729841089607181459e+01,-2.245386224402520980e+01,-2.176444997644065893e+01,-1.972089901902621989e+01,-1.602264625416662369e+01,-9.882879400611820131e+00,-6.262544694923816380e+00,-5.322498025078522765e+00,-7.309554721067722305e+00,-1.074544393030324407e+01,-1.163275316604097931e+01,-4.457644987599294062e+00,-1.829085385350289972e+00,-2.786892914034678093e+00,-7.544858782737747127e+00,-1.390704391700656828e+01,-9.434304598634852823e+00,-4.570931833041341541e+00,-3.086006808525329603e+00,-2.592927081455280724e+00,-4.209619738902070196e+00,-3.618208252747816100e+00,-2.636577598358455621e+00,-4.511796370260697131e+00,-9.119381469891482794e+00
-1.559052240938172318e+01,-1.758668980204073051e+01,-2.228680906797710293e+01,-1.761617707309866177e+01,-1.134765951167371867e+01,-7.092364067421820018e+00,-2.927696777395623950e+00,-1.433382107547127138e+00,-3.457017320887486811e+00,-8.535967907511201602e+00,-1.898508393674864791e+01,-2.050560413625903422e+01,-2.566825544027457440e+01,-2.250753882415312646e+01,-2.330101963451930303e+01,-2.392463683902769134e+01,-2.179764817531843946e+01,-1.919012310988921044e+01,-2.014576362756858074e+01,-2.127772067901783259e+01,-2.291661682881807138e+01,-2.312160868752271625e+01,-2.058251319074989283e+01,-1.853453994335088595e+01,-1.342136553265994614e+01,-1.033634033776763772e+01,-8.764707793642703137e+00,-7.847889459334817630e+00,-8.735353330920514026e+00,-1.169807067311796089e+01,-1.892441479783309077e+01,-2.450358823009003473e+01,-2.429819297969789460e+01,-2.508319390626778400e+01,-2.501146697639522642e+01,-2.464109708671282917e+01,-2.111465187359573292e+01,-2.288390045237720472e+01,-2.162871444046049163e+01,-1.946880377862686373e+01,-1.496492139378884723e+01,-5.065796226627172771e+00,-9.172485324310591936e-01,-4.042646687284056628e-01,-2.632315755802726809e+00,-1.357469423695054189e+00,-1.805027271508890419e+00,-6.750157332219379747e+00,-5.311003403261976175e+00,-2.147779921069741249e+00,-1.698822565003879514e+00,-1.910951555698135795e+00,-1.877256894351991612e+00,-1.198617501128434348e+00,-1.311504925402490640e+00,-2.854029348631270224e+00,-5.716122378980307062e+00,-7.637120341447959149e+00,-5.643072982479755417e+00,-3.584009011101005449e+00,-2.454556690402945218e+00,-1.292051507865124238e+00,-2.795921786620213290e+00,-6.496974237010239683e+00,-1.366890100518563678e+01,-2.143565329259499563e+01,-2.071412475485550786e+01,-1.645173924444313229e+01,-1.921558533351224085e+01,-1.060655362803236912e+01,-1.014511103558361071e+01,-1.339794048868623833e+01,-1.664598842760674202e+01,-1.124728327048452314e+01,-7.884695111360764841e+00,-8.816622899215024844e+00,-1.040169228691803838e+01,-8.116092355627761989e+00,-1.099325266637300125e+01,-1.623555432943473065e+01,-1.325997194490934739e+01,-7.249082297534870989e+00,-4.739985385581437782e+00,-3.096878048680951068e+00,-3.597793520267622114e+00,-5.114400781496756920e+00,-6.669695302507931522e+00,-1.191906679841808803e+01,-1.801879360801295249e+01
-2.608131496709092190e+01,-2.462329355218356852e+01,-1.904137610313587459e+01,-1.808882971276018026e+01,-2.075817424551884827e+01,-1.619112727785469019e+01,-7.257476755999084261e+00,-3.853175996613681598e+00,-3.934124199519480225e+00,-7.857757318736915408e+00,-1.263955784292149431e+01,-1.295657515570633400e+01,-1.257291433596073205e+01,-1.377941948489139001e+01,-1.154277411618627092e+01,-9.141892626321405757e+00,-7.044519490289284924e+00,-7.370449530226843571e+00,-8.939318326182831953e+00,-1.224040497424907237e+01,-1.099306660307977346e+01,-9.016498625054396143e+00,-8.408604571469744826e+00,-8.956510734737367585e+00,-1.323047720758538581e+01,-7.464846762947570546e+00,-3.138741024454733353e+00,-2.232563533168986147e+00,-3.736278834199546761e+00,-8.448714643044580086e+00,-1.607311262403215579e+01,-2.479545991582081754e+01,-2.082243861470903568e+01,-2.000040671162139105e+01,-2.064462335665423254e+01,-1.960317720416793108e+01,-1.618657795289405144e+01,-1.152299436478686445e+01,-8.870433103713326162e+00,-8.111907270757999555e+00,-6.916880036207070148e+00,-3.805166702393680378e+00,-1.130521386183003463e+00,-6.978155317807331892e-01,-2.376362599442972012e+00,-1.273332510491670178e+00,-2.020385466120381057e+00,-5.757186332143339413e+00,-1.330960371978300927e+01,-9.069633914900006033e+00,-5.834486492874479069e+00,-8.369683935678095210e+00,-9.441661300403731971e+00,-8.658574654475637900e+00,-1.229370918545059688e+01,-1.031328201831731661e+01,-1.035170680687839884e+01,-1.237528339812630129e+01,-6.425331645890286048e+00,-7.141560669456209709e+00,-7.171714252295126713e+00,-1.992003449340371990e+00,-1.045602797801716610e+00,-2.170646733417385121e+00,-3.076591437184462041e+00,-3.436798094131080283e+00,-3.270097000695523448e+00,-3.196595689852518962e+00,-3.287628150940697491e+00,-5.454061129263469532e+00,-1.112937143310568366e+01,-1.192329906364132519e+01,-9.175665999265541828e+00,-1.080739107257441489e+01,-1.244645396793695369e+01,-9.830350311178909450e+00,-8.412136299493617742e+00,-6.361741150456263760e+00,-7.593559113660252713e+00,-1.338984346837925798e+01,-1.472179027428304288e+01,-1.729948901323447430e+01,-1.451891149255566127e+01,-1.383722793562967901e+01,-1.459807387151216140e+01,-1.889962550661617513e+01,-1.730898780482155885e+01,-1.630016218629994640e+01,-1.801139253960516129e+01
-2.643283747371874526e+01,-2.731053530183949718e+01,-1.952883556014613120e+01,-1.528588225698112524e+01,-1.434282683788385526e+01,-1.076793430174203792e+01,-5.214231432828688284e+00,-2.936243729035657335e+00,-4.484942587470650111e+00,-9.425206872081398402e+00,-9.090561821048421365e+00,-7.002379814933116897e+00,-6.015233117386810768e+00,-8.667682261171197666e+00,-8.253472332541543111e+00,-3.391328496242264290e+00,-2.259706790431199597e+00,-3.689556832628366756e+00,-3.666445243011291932e+00,-7.675900199107434041e+00,-6.090301622685633021e+00,-1.865724855273282801e+00,-1.428514086989741916e+00,-3.253142558675455209e+00,-7.488155745474019298e+00,-1.054824186715864620e+01,-7.308900595159459002e+00,-7.480855310321750551e+00,-1.080726027892048258e+01,-1.219823849918250680e+01,-1.773617077770089878e+01,-2.538132234444295676e+01,-1.616872658048357181e+01,-9.795207319851208183e+00,-6.868460628099011700e+00,-6.706212515165045573e+00,-6.536180033484172647e+00,-2.382753780870558558e+00,-1.639019544997875610e-01,-6.997865017654927300e-01,-4.895633196136109255e+00,-9.505253414910539433e+00,-7.406621316392709709e+00,-5.410720000609832603e+00,-4.777913967429754827e+00,-5.008713914730929417e+00,-4.515818869940152247e+00,-3.811355822068407839e+00,-7.798682420717594432e+00,-1.033250719975483989e+01,-5.058315481514410905e+00,-2.451045562402884403e+00,-3.272505558242923218e+00,-5.888006197330646785e+00,-9.532063517803536001e+00,-1.195770685206678507e+01,-1.726376918384007197e+01,-1.340860647724983323e+01,-8.759055419075757243e+00,-3.515241308683963783e+00,-1.004548858924501076e+00,-1.350986237609689056e+00,-5.993887839012575824e+00,-8.328559657481772405e+00,-2.493406561722793402e+00,1.119290067338125638e+00,1.845048695634630365e+00,-5.536338879571023330e-01,-6.862732795018114729e+00,-3.690120259814552384e+00,-1.297332764376494030e+00,-1.345324587431509622e+00,-3.447482095064973606e+00,-6.845432025149352562e+00,-8.663955841297493521e+00,-4.744985353005559681e+00,-2.791469936476166147e+00,-3.133778922371846409e+00,-6.361429037008070608e+00,-1.192501247646216989e+01,-1.168199481103653348e+01,-8.168430229326835601e+00,-7.553107818042425592e+00,-9.011524260940408482e+00,-1.462291643673315988e+01,-2.072729626634067301e+01,-1.871079079728377437e+01,-1.616800649721819738e+01,-1.766316192490713988e+01
-1.530622289593058483e+01,-1.735860381628337734e+01,-1.735002768846382892e+01,-1.350010382860226699e+01,-1.000157242430780080e+01,-1.033516757559955579e+01,-1.048897759044977107e+01,-6.983693876212701213e+00,-5.521186699096421791e+00,-4.915539900163062192e+00,-7.039397695907076091e+00,-1.034826770581697097e+01,-4.852297740323202824e+00,-1.839646360661862490e+00,-1.989860510586627829e+00,-5.204652585719425240e+00,-6.280285620487722653e+00,-7.695770322492248461e+00,-3.341388289668751455e+00,1.100976309663777242e+00,1.979722738195967002e+00,-4.536947717466058849e-01,-6.134627745109649588e+00,-3.275809324740369011e+00,-2.515595904557136109e+00,-5.241894987516833027e+00,-7.718287631981354480e+00,-1.382921393025190326e+01,-2.129558236975418950e+01,-2.293619803468087426e+01,-2.263264368889026912e+01,-2.600656418334272502e+01,-1.568172129114767621e+01,-8.127973388012190270e+00,-3.992917316300528263e+00,-2.555914646382636324e+00,-3.297214307783554954e+00,-4.609407226668838398e+00,-2.532664028090894082e+00,-2.259055783783516347e+00,-5.072694017474812966e+00,-1.077096434688209570e+01,-1.818069689435170133e+01,-1.527556772787768224e+01,-1.401258685355795919e+01,-1.452338089261736265e+01,-1.102124407192818190e+01,-4.328927808462228910e+00,-1.140713087478349541e+00,-6.756454814510783891e-01,-2.369123646980711762e+00,-7.628592694629880100e+00,-8.105053626056900384e+00,-9.238972602482128593e+00,-1.639665767393614004e+01,-1.609585648013236892e+01,-1.058284905888980454e+01,-8.114918577715865666e+00,-1.039019704348218553e+01,-5.015111802488957160e+00,-1.870428514617838323e+00,-1.913640911144701695e+00,-5.074946773455555338e+00,-1.069050891238047640e+01,-6.860581629300363637e+00,-4.970573390413887793e+00,-6.121415273941129165e+00,-5.832123432516757688e+00,-3.290650785587293736e+00,-1.732693983613481814e+00,-2.607993184173080348e+00,-5.784009229377808481e+00,-9.998561772188745422e+00,-1.282970618036456578e+01,-1.320757308490294335e+01,-1.127133269955341000e+01,-1.139976184910401358e+01,-1.194686689098974774e+01,-1.241805634955714588e+01,-1.271756969179425845e+01,-7.901384030517778712e+00,-3.873047365954047638e+00,-2.627437244680590922e+00,-4.550689868359385493e+00,-9.603376764972182400e+00,-9.539548890707187923e+00,-9.511506635443607749e+00,-1.351239389315583672e+01,-1.960503634295069020e+01
-1.173730287247134285e+01,-1.564515608773195687e+01,-2.033899796457219011e+01,-1.938867134796945635e+01,-1.759509176419193466e+01,-1.352722414543754148e+01,-1.272692479854239522e+01,-1.193907853983398581e+01,-1.490406519846808564e+01,-1.196693745546771126e+01,-7.290071427373957746e+00,-6.636014751473763518e+00,-8.513853637347544634e+00,-4.163774251377672542e+00,-1.641936327434929233e+00,-2.944573458051308990e+00,-4.209873929567271134e+00,-3.320538058204758336e+00,-4.752730524739866347e+00,-4.198973074010958761e+00,-5.881381050133868138e-01,6.697398646282998191e-01,-6.819512406285306305e-01,-3.080263196315644159e+00,-4.887253300239563281e+00,-4.593213737066975000e+00,-7.057129145116734392e+00,-1.341766814540203434e+01,-2.250268115316118411e+01,-2.583680349364316697e+01,-2.565718209295344465e+01,-2.674706503323146123e+01,-1.811365607268828271e+01,-1.330668075012981433e+01,-1.286306754449256395e+01,-1.308877604460357702e+01,-1.311025441768474131e+01,-1.473685097918474618e+01,-1.240401744842529297e+01,-1.162237382472905978e+01,-1.187455086645327107e+01,-1.772343094456464740e+01,-2.366773779051644411e+01,-1.642823906052381489e+01,-1.022512822312519987e+01,-8.644473456574562675e+00,-8.722948723759754941e+00,-3.329919749247680638e+00,-3.943071207404978962e-01,-1.640349354485532984e+00,-6.095606392375509053e+00,-1.389969212309758539e+01,-1.493873604078938122e+01,-8.371856160181804896e+00,-8.424328354404384100e+00,-8.089963643135909876e+00,-2.877226388011008495e+00,-1.094564666730855951e+00,-1.322486465174049997e+00,-4.070487459911439565e+00,-7.810056311183405597e+00,-1.224380076917490534e+01,-1.307402132866077871e+01,-1.449091492290783734e+01,-1.519389625689140821e+01,-1.460337358578703437e+01,-1.805311015763677318e+01,-1.471449852303454797e+01,-1.189356749359154186e+01,-1.187799071346906743e+01,-1.151196039395224702e+01,-1.584351634620723814e+01,-2.084878367588932235e+01,-2.192106491640994292e+01,-2.211024147765080627e+01,-2.147243189632444427e+01,-2.474613262925829105e+01,-2.502947792702151375e+01,-2.379728301485678443e+01,-1.786488860980012205e+01,-1.287886648070543316e+01,-1.233196588605642319e+01,-7.614437945915343953e+00,-3.499197890103227238e+00,-1.958458757992567856e+00,-2.596422727394821273e+00,-5.242809127596087748e+00,-9.716367125511169434e+00,-1.468077967758465618e+01
-1.915881655538888850e+01,-2.082901337630766747e+01,-2.174224176442712775e+01,-1.937960857735540543e+01,-1.591794307518722462e+01,-9.238461892631717021e+00,-5.129178277672009401e+00,-4.249744190533358612e+00,-6.488605384763918238e+00,-1.144782170944644051e+01,-1.155024473201063273e+01,-7.456058620958399885e+00,-4.789159647280111898e+00,-2.686644308090461841e+00,-2.009982845068496005e+00,-4.372611943038908322e+00,-4.171166767525535946e+00,-8.163283221927800426e+00,-1.579758823186831407e+01,-1.127966686791943474e+01,-6.844757689569229697e+00,-8.067578036681210207e+00,-8.310802388306063548e+00,-9.832246374702991787e+00,-1.624668624795469185e+01,-1.323070342648298237e+01,-1.369089670378462742e+01,-1.671575863827440145e+01,-2.080291276766841690e+01,-2.429507742609296628e+01,-2.257106215971753116e+01,-2.650320116738627618e+01,-2.340833822587378776e+01,-2.390094941182244170e+01,-2.098884474245229015e+01,-1.940119549295955892e+01,-1.424599805720766632e+01,-1.496183532879764932e+01,-1.424064041662933278e+01,-1.239142000047784187e+01,-1.659311167727735636e+01,-1.447761027795031552e+01,-1.470014046367846028e+01,-1.344594415193213521e+01,-1.207427085073370598e+01,-5.667803207510395680e+00,-1.977479746558876705e+00,-1.890762700640186811e+00,-4.288149334105165522e+00,-9.522545684549145406e+00,-1.487422888350666028e+01,-1.724573700230820705e+01,-1.659696918681152056e+01,-6.769312394740886418e+00,-1.388188191204961175e+00,1.028812832915035003e+00,5.855280086091221303e-01,-3.043639734219339754e+00,-1.051232409634088150e+01,-1.295955072444184353e+01,-1.598057708166595603e+01,-2.276312483342966786e+01,-2.426335387480886396e+01,-2.154026024144394924e+01,-2.318345913134123037e+01,-2.483081477387507263e+01,-2.470734800431961276e+01,-2.311978736676667978e+01,-2.370266099621478872e+01,-2.182035734599694266e+01,-2.350684168643521232e+01,-2.453471010071890746e+01,-2.352513725417000856e+01,-2.721061011723109502e+01,-2.680215175886799628e+01,-2.576249110250544661e+01,-2.705768790280908576e+01,-2.617944582781397145e+01,-2.501040695484419629e+01,-2.262846515053196939e+01,-2.373630732701236923e+01,-2.036129515870173279e+01,-1.469902921260747775e+01,-1.198663730852137910e+01,-1.190819070140894276e+01,-9.264132482664924950e+00,-9.454100653641205554e+00,-1.600714452374250385e+01,-1.673584759325013138e+01
-2.355346833135848783e+01,-2.683934850979568409e+01,-1.928489165198534039e+01,-1.278956914216952256e+01,-8.561067525157355362e+00,-4.957743731656468533e+00,-2.541125927211478785e+00,-1.972484442489431666e+00,-3.852204998072824793e+00,-9.370004591637087543e+00,-1.613195473717567552e+01,-9.074244028643557058e+00,-5.047711561945147807e+00,-4.628177200325001017e+00,-6.993658318107289773e+00,-1.141184086929586528e+01,-7.586035224728118642e+00,-3.911659740751847192e+00,-3.344832611680848000e+00,-3.970700110876022482e+00,-6.710905600311164676e+00,-1.381240501708554191e+01,-1.467063603186069543e+01,-1.705474898958564722e+01,-1.641745571086281075e+01,-1.442596752213356126e+01,-1.312261370967205387e+01,-1.265908059298543975e+01,-1.290009448985408191e+01,-1.345215124922587435e+01,-1.545750926311750995e+01,-2.509228148496240607e+01,-2.748508622951077385e+01,-2.625811401704200065e+01,-2.276106945374854362e+01,-1.460353286463515232e+01,-8.170610789517711581e+00,-4.957793031420026253e+00,-4.225438043139035038e+00,-5.708485526249821085e+00,-9.868602497237068505e+00,-9.793469793814464808e+00,-5.307633387415032544e+00,-4.208721330389380455e+00,-3.653569507080653533e+00,-3.341354364403208432e+00,-7.107275812417492844e+00,-1.402679136793192249e+01,-1.416884143191172640e+01,-1.670420469556535892e+01,-2.143712044658517613e+01,-2.367215968612441301e+01,-1.627069314081866125e+01,-7.962525698475372060e+00,-3.816248740384677429e+00,-2.873077354256476923e+00,-3.851984492196750320e+00,-7.766061444479720244e+00,-1.586559763528350686e+01,-2.387440496817567137e+01,-2.340985904421125241e+01,-2.558160604032358876e+01,-2.465805515310817952e+01,-2.458289235337336365e+01,-2.573283185636190495e+01,-2.634066666696304537e+01,-2.688757891583263415e+01,-2.441889394315562001e+01,-2.547320692879813109e+01,-2.586230302574043094e+01,-2.595717310905456543e+01,-2.767523151232784073e+01,-2.499486359259239876e+01,-2.714760014706088143e+01,-2.676285869196841460e+01,-2.557646472651259373e+01,-2.712743714877537471e+01,-2.615980514099723564e+01,-2.637851588528855373e+01,-2.620158658350320735e+01,-2.494834034066451167e+01,-2.142624736190738588e+01,-1.969776687048431540e+01,-1.897731242144018182e+01,-1.851042582576436146e+01,-1.251523095951940867e+01,-8.867121708124203749e+00,-8.870391348250826979e+00,-1.138691333720558596e+01
-2.549627999255531563e+01,-2.479521743157752312e+01,-1.761164479685905349e+01,-1.395165330126769554e+01,-1.443274275521586780e+01,-1.706299018949494339e+01,-1.236521887039779699e+01,-9.237205495735755889e+00,-9.579765441722440045e+00,-8.893228784539646270e+00,-1.222641142978704032e+01,-8.792348223745374725e+00,-5.762831310922790884e+00,-6.731440909262886407e+00,-1.194895295541089197e+01,-1.350277919339058030e+01,-1.191350051738265847e+01,-6.730108250800828529e+00,-5.294788348131385547e+00,-4.943834814922253962e+00,-7.030066715595417293e+00,-1.160106476805263931e+01,-1.794382223150783773e+01,-2.442450273843636310e+01,-2.224077414211474135e+01,-1.059717340263208918e+01,-4.604809400002310760e+00,-2.047212644432464757e+00,-2.194289246271627025e+00,-5.042340604658413383e+00,-1.143090757391506607e+01,-2.417288812838102530e+01,-2.667406539092386453e+01,-2.554349921161967174e+01,-2.114983583034429415e+01,-1.213374114126191117e+01,-8.143055644250454250e+00,-7.198200593093283750e+00,-5.501648635792553144e+00,-6.316192918029942760e+00,-9.423152720121512615e+00,-9.725742502320080973e+00,-5.863478753799782339e+00,-4.081493719824050181e+00,-4.395165963266465248e+00,-6.025694830301112859e+00,-1.205070040727916592e+01,-1.895677390134424201e+01,-2.030462971128019234e+01,-2.218168091056938351e+01,-2.263637744394459972e+01,-2.284984858053967471e+01,-1.684382803726913380e+01,-1.630041358479879676e+01,-1.750751416351562284e+01,-1.506084489239785817e+01,-1.513349045443355578e+01,-1.576513155779444197e+01,-1.863971955794140811e+01,-2.579376601455803097e+01,-2.572121523197432325e+01,-2.634354970867472545e+01,-2.513954226414960047e+01,-2.492508225691945967e+01,-2.561271770914694557e+01,-2.446160603645152776e+01,-2.453578567325620696e+01,-2.419943579157492408e+01,-2.252761200496128779e+01,-2.447011689673689006e+01,-2.351494445836633673e+01,-2.357669403857754631e+01,-1.995911193969554631e+01,-2.305362507454434606e+01,-2.203562695460211884e+01,-2.338698587381750116e+01,-2.559639839839218212e+01,-2.438528092463213781e+01,-2.440040093615539263e+01,-2.257841125646032054e+01,-2.317402038538366327e+01,-1.948679733634891420e+01,-1.558783037680432315e+01,-1.204833531648592881e+01,-1.080427751997684283e+01,-6.277239618525329412e+00,-4.577055057055575915e+00,-7.123877626836748078e+00,-1.517599770897313149e+01
-2.190630967814223240e+01,-1.872532135113737795e+01,-1.319764191494848582e+01,-1.226389363833836121e+01,-1.422682602423474307e+01,-1.683680521366291316e+01,-1.539863635991748936e+01,-1.526049955088393162e+01,-1.859224925722394772e+01,-1.504748054196063656e+01,-6.560585441221868486e+00,-2.106620982635934336e+00,-4.367933525604063005e-01,-1.432690950554333487e+00,-4.621876641547769893e+00,-9.955443864478205285e+00,-1.190138675216445385e+01,-1.459977835640871469e+01,-1.818552367131512781e+01,-1.948820169572543293e+01,-1.601803526125456045e+01,-1.568012029156649056e+01,-1.863720457177413081e+01,-2.593206914385458717e+01,-2.377825968426869352e+01,-1.094415817941938052e+01,-3.023244060351884421e+00,-5.875294343953518100e-02,-6.694453550744242087e-02,-3.551648434587663328e+00,-1.152305740790259492e+01,-2.330406226251358248e+01,-2.391117388144471434e+01,-2.338605004683472899e+01,-2.061679070515740264e+01,-1.107362569005865716e+01,-9.323162293747850882e+00,-1.228111257768215125e+01,-8.880813364471707771e+00,-8.497176700068596489e+00,-1.255967067417345540e+01,-1.374231884443670282e+01,-1.497051409671181155e+01,-1.742414416227125429e+01,-1.527273519639681965e+01,-1.656811828810469578e+01,-1.351886621184815063e+01,-1.379909647765912517e+01,-1.231872572934717169e+01,-1.354041220415803792e+01,-1.383877648536424054e+01,-1.548028456089191884e+01,-1.742680145027046024e+01,-2.072637696732255819e+01,-2.093616385208932940e+01,-2.067361964677509434e+01,-2.475639076340467426e+01,-2.313159145806965000e+01,-2.289937430754639891e+01,-2.602645559239208239e+01,-2.488422827254560588e+01,-2.618943619728088379e+01,-2.275408420347629601e+01,-2.242701814228430734e+01,-2.193039950033776009e+01,-1.814029474365980121e+01,-1.535638498005114094e+01,-1.367727878667358254e+01,-1.555913821019624343e+01,-1.697942938930109946e+01,-1.415933382062983625e+01,-1.110969342504228941e+01,-1.007698355187465822e+01,-1.074065062246824631e+01,-1.628427002304478677e+01,-2.276827089230816981e+01,-2.156498921186404161e+01,-2.227137200097392267e+01,-2.305561109593040214e+01,-1.687230102639449214e+01,-1.169081906851072894e+01,-9.957125530095028765e+00,-5.777065740938515326e+00,-2.579482409508313978e+00,-1.287795898010227758e+00,-1.589848974608480070e+00,-2.743016512658363215e+00,-5.928545056877279507e+00,-1.231740532512951702e+01
-1.779131480984221625e+01,-1.234146695477621947e+01,-1.004141658051569586e+01,-1.006055986791625045e+01,-8.708638515687527004e+00,-9.239053398146666041e+00,-1.183257050801040577e+01,-1.656398314820196305e+01,-1.799964009371019102e+01,-1.509974383949337096e+01,-1.181960060677134017e+01,-3.765022747505708089e+00,-4.410403916422080406e-01,-1.458403379014120649e+00,-7.546889763353462399e+00,-1.845787327540548262e+01,-1.497348590811392377e+01,-1.049954146908638108e+01,-1.185873769279709400e+01,-1.132247558796316156e+01,-1.042294251246559966e+01,-1.205487107827251059e+01,-1.521077601443555949e+01,-2.149115674477770810e+01,-2.087099823019558187e+01,-1.251428180798552070e+01,-5.943198905851607705e+00,-3.648527497152580956e+00,-5.084766967696070950e+00,-8.313550132893977818e+00,-1.126805101480699101e+01,-1.788458514482455186e+01,-1.568189077717917357e+01,-1.321307281712840442e+01,-1.134735571621055961e+01,-5.656313388727437719e+00,-2.780940934936463549e+00,-1.806232760210772836e+00,-2.718996251940279052e+00,-6.930071226636269621e+00,-1.178646581311871167e+01,-1.064253321962248933e+01,-9.920707537715596658e+00,-1.371532114645592237e+01,-1.935680316086102337e+01,-2.318171860042371080e+01,-1.422991874074577368e+01,-7.238804223842191021e+00,-4.264114401842418189e+00,-4.099108617276625566e+00,-7.123242698609828949e+00,-1.294881327965653917e+01,-9.585309493810610704e+00,-9.173015380600341828e+00,-1.147757495390741411e+01,-1.778134075053652552e+01,-2.418305297543231802e+01,-2.163154920958038474e+01,-2.140787752947412770e+01,-2.237492273266154186e+01,-1.986423276958608852e+01,-2.014666125111113715e+01,-1.463921728259638755e+01,-1.128545646066952557e+01,-9.530410104676297678e+00,-1.061698603697289123e+01,-1.232119429447597092e+01,-6.625984749791765438e+00,-4.803384740997974411e+00,-5.300292956063793248e+00,-3.508492012571727603e+00,-1.713559715918447246e+00,-1.526611402884862745e+00,-3.097311221120469416e+00,-6.927312781346289583e+00,-9.448333321321278788e+00,-1.200848136091590845e+01,-1.217749073093098744e+01,-1.078416285613425707e+01,-6.478719178671227041e+00,-3.080196135131207935e+00,-1.669929172296849007e+00,-2.406192173842599757e+00,-4.978139413174074157e+00,-1.042766193976919986e+01,-1.565647138338676037e+01,-1.244775349327496095e+01,-9.311179931450606517e+00,-9.698243663723307151e+00
-1.687707042156305448e+01,-1.168257655595478184e+01,-1.135619983009826051e+01,-1.484633733634661823e+01,-1.341606810756195678e+01,-9.325155449989146916e+00,-9.310713824024773544e+00,-1.321836841061599266e+01,-1.028602258961899807e+01,-7.876948556505647403e+00,-5.808147524812615536e+00,-1.688567257421001999e+00,-4.501770815332385017e-02,-8.303311791610589188e-01,-3.922076659431134704e+00,-9.860319393021720558e+00,-1.147664383838051272e+01,-6.732183770577710114e+00,-3.134030844147940531e+00,-2.614110361924744996e+00,-4.791642681772547263e+00,-1.073304774528159200e+01,-1.116800596884318786e+01,-9.174989872184911022e+00,-9.888771968452553907e+00,-8.402133901316419795e+00,-9.180036181345917257e+00,-1.143455898896195855e+01,-8.635584784181494555e+00,-8.867006573461948093e+00,-5.844132950722022990e+00,-4.872842052027134940e+00,-6.847824341372439783e+00,-1.017276771246154432e+01,-4.495000984099574382e+00,-2.095898317158243263e+00,-3.689769336162485036e+00,-8.044449000186952858e+00,-3.929544643654760971e+00,-1.937235935472120030e+00,-2.649842249257559956e+00,-3.309336140345698229e+00,-4.869333526021556224e+00,-8.451022462289136783e+00,-1.565252767828174107e+01,-2.195629753206009127e+01,-1.181422675910748943e+01,-9.414943294417589925e+00,-8.417393118815313713e+00,-3.807773187140325089e+00,-1.793169721407610995e+00,-1.901625370840704932e+00,-2.504748382346522639e+00,-3.299326552498273557e+00,-4.862388738003888378e+00,-9.095910995358362783e+00,-1.607961802912834059e+01,-2.005947015070377404e+01,-2.035461412695117289e+01,-1.391219396429850619e+01,-1.103560899366113546e+01,-9.585863513605934472e+00,-1.132189966234049372e+01,-6.815097114197294026e+00,-2.415087341837308443e+00,-1.433388065663166344e+00,-1.722743197602840892e+00,-3.163169845861655727e+00,-5.228847263457911509e+00,-3.441389876091108579e+00,-3.556365540345121534e+00,-6.884854342805963867e+00,-7.418961257038438895e+00,-2.620089169064295120e+00,-1.938957914277645189e+00,-4.550080444579734262e+00,-1.017445384246066098e+01,-9.603668597407807539e+00,-4.519254298362517019e+00,-2.799683749220593043e+00,-4.609107822571930413e+00,-9.611249561526609142e+00,-1.357408893948658957e+01,-1.181120683913840352e+01,-1.603153079972231154e+01,-1.986322833362378404e+01,-1.732548888643881568e+01,-1.279770681463686088e+01,-1.235261518345739695e+01
-1.268587107407419268e+01,-9.207243182605370890e+00,-8.831525672647289937e+00,-1.179698203470473850e+01,-1.764719806757188536e+01,-1.265901783892982913e+01,-7.326466924265811365e+00,-5.134937251869001074e+00,-6.000200746650982353e+00,-1.013774105570370132e+01,-7.007972558414129693e+00,-5.027278897765659949e+00,-6.283005300657193537e+00,-9.882458327008984966e+00,-7.537680478360419656e+00,-4.955702549532840173e+00,-7.928856985398421209e+00,-5.795023627243096165e+00,-4.144817519232742775e+00,-6.744678345725948709e+00,-1.002721433531969097e+01,-1.009318361156865151e+01,-7.095752590132835103e+00,-4.101721582332051419e+00,-2.608124897605214265e+00,-3.592855611984106634e+00,-5.958952768852836535e+00,-8.570418116741610248e+00,-5.367910552293734483e+00,-3.468372090530574603e+00,-3.836615257721422090e+00,-5.204199907614996512e+00,-2.333404214626451090e+00,-1.718441817558810758e+00,-2.631160791070529470e+00,-5.671498733915780299e+00,-7.267677670358715147e+00,-1.003917737473222616e+01,-4.938959262872996803e+00,-2.822519662355849945e+00,-4.752247039564793774e+00,-7.551994837428393836e+00,-5.283522058250312625e+00,-7.091479308174965190e+00,-1.484408610476586965e+01,-2.216922522846020982e+01,-1.057083534477348685e+01,-9.093346131699425072e+00,-7.776766959213672337e+00,-4.401530135282896161e+00,-5.710119860735196617e+00,-1.010089801478241611e+01,-8.428159991825433295e+00,-9.758933581803974633e+00,-3.346506102213678169e+00,-9.572971407603078076e-01,-2.462006737961244696e+00,-3.306715755974847681e+00,-3.364498237203071174e+00,-2.382675566828806879e+00,-2.534191603125492964e+00,-4.251104152516314905e+00,-6.702286025187127017e+00,-4.922182663042742767e+00,-1.697163722592518020e+00,-1.057940376555736250e+00,-3.496806145827741297e+00,-9.075560735804694801e+00,-1.572330460915888217e+01,-1.769416311450470758e+01,-1.506379917376023414e+01,-1.036346583975885061e+01,-9.909977352708802201e+00,-8.818056150934749482e+00,-5.424194942333532055e+00,-6.041237381616032742e+00,-1.047590132315356115e+01,-8.877109059713836459e+00,-8.014773134002112442e+00,-1.156231526952040767e+01,-1.145819586560242165e+01,-1.429160913309656600e+01,-1.463354718774781205e+01,-1.632611340239532183e+01,-1.762010602843492535e+01,-1.792050065940484060e+01,-1.530055120564941262e+01,-1.084164509647770913e+01,-9.550516392055310888e+00
-1.311095201252098441e+01,-1.011667675003969613e+01,-1.012699425130858444e+01,-1.324429590899245213e+01,-1.938360409987600264e+01,-1.657284261947287618e+01,-1.318398206753838409e+01,-1.175023646551863621e+01,-8.837868454312920008e+00,-7.542599190446667379e+00,-7.787091985456925158e+00,-1.031329992211851021e+01,-1.636311735694569691e+01,-1.406736919306274558e+01,-8.043895080573577161e+00,-4.357883024092455315e+00,-2.398508931927013421e+00,-3.224739437936840147e+00,-6.589339118702967291e+00,-1.204970274742384539e+01,-1.632379891997889487e+01,-1.375751843846830269e+01,-8.694367228145885917e+00,-8.358373524102949759e+00,-1.236822168629868557e+01,-8.441952741011641947e+00,-8.411992702717171255e+00,-1.142864141518012033e+01,-9.452471414006742734e+00,-1.048035426516281987e+01,-8.979216869612384855e+00,-6.933189686751903835e+00,-2.752715310628028877e+00,-2.615272184047861881e+00,-6.210822007387764465e+00,-1.211845822710739995e+01,-8.755949373532057933e+00,-6.109567390292658828e+00,-2.722471950253597672e+00,-1.784685310412267745e+00,-2.857167287004929612e+00,-3.565390510442561833e+00,-5.135664551553869472e+00,-8.862529049242349188e+00,-1.530175304233579681e+01,-2.043141992647845129e+01,-1.213295701302980056e+01,-4.316291898601036792e+00,-1.119309871549424074e+00,-1.659453314436683646e+00,-5.660400167996890275e+00,-1.263430713979821540e+01,-1.467972962031687167e+01,-7.680304335920434156e+00,-2.863577705677125884e+00,-8.509424786458330559e-02,2.256475619908730135e+00,2.673887112402423494e+00,7.462858971614474424e-01,-4.438047089393835520e+00,-1.156934757489199939e+01,-9.308503130324801589e+00,-1.040709888800642524e+01,-8.600867568326176382e+00,-7.668082922080853514e+00,-1.054954917560842631e+01,-1.237415971657387281e+01,-1.331063245382524052e+01,-1.964006987191680764e+01,-2.551410824732672822e+01,-2.069214036769436760e+01,-1.126026986864276402e+01,-8.455422039542879631e+00,-5.040579096836482975e+00,-2.024555520616914794e+00,-1.923159183260128691e+00,-3.968243287748016268e+00,-5.634582302175966007e+00,-9.726503142736907748e+00,-1.734451460838317871e+01,-1.774527363669603375e+01,-1.710199588044245544e+01,-1.299935246948012768e+01,-8.792163455844821840e+00,-6.557558379117644165e+00,-4.299934973822525208e+00,-3.186912183255951714e+00,-3.983910965292077222e+00,-7.983273934152789408e+00
-1.967005792954810417e+01,-1.860167201658837044e+01,-1.965042144373843414e+01,-2.015720274932402489e+01,-2.067825056556472063e+01,-2.302793995061315258e+01,-2.537955145728319195e+01,-2.421097738043706116e+01,-1.915077000184166778e+01,-1.506623791572742910e+01,-1.491107932069247788e+01,-1.742483641957878149e+01,-1.865653207965363336e+01,-1.523594985868697727e+01,-1.201532409872327456e+01,-1.108321786554236077e+01,-1.311192863428951227e+01,-8.101594617940429899e+00,-8.244909046287823173e+00,-1.108555451999033359e+01,-5.600391639130456234e+00,-3.248657601851579368e+00,-2.798377550842220174e+00,-5.874240947026002857e+00,-1.165558218922381961e+01,-9.796141605180009648e+00,-4.884912785842902672e+00,-3.602100422843954597e+00,-5.752622331443586035e+00,-1.038115832769781122e+01,-9.593636132272562733e+00,-5.257265095199857186e+00,-3.839791531625547094e+00,-4.135253318830540259e+00,-7.902681689961512213e+00,-1.304968419379757805e+01,-8.117977369100527696e+00,-3.980354831182867148e+00,-3.743023655944524908e+00,-6.585552010478633811e+00,-1.216027066436477178e+01,-8.741391053101173370e+00,-9.532572497102551168e+00,-1.580068835100733260e+01,-1.580491645622970509e+01,-1.642231720372250336e+01,-1.645812828737990330e+01,-5.521949537378504580e+00,-4.311234510317270008e-01,1.189368463337992177e+00,-5.631618513724057085e-01,-5.871990888750643123e+00,-1.240394428529237381e+01,-8.711602009328684559e+00,-8.529810598848346359e+00,-9.206785218187965469e+00,-5.158358904470066619e+00,-4.743000552901136757e+00,-5.221086541704546669e+00,-8.666279230798993538e+00,-1.500563548471694553e+01,-9.429723291468800284e+00,-4.375754747175632176e+00,-4.204407569833267466e+00,-6.959312680968664289e+00,-1.263868676719808981e+01,-1.906769050870622806e+01,-2.196655526555570503e+01,-2.277669745101068344e+01,-2.552717302795639753e+01,-2.008304417940010822e+01,-1.144876252170792164e+01,-5.433410804746742429e+00,-3.009803765644953000e+00,-3.174172774152226317e+00,-5.358918508889392029e+00,-5.469177215650705470e+00,-3.737037531947506874e+00,-6.413796174683068507e+00,-1.267998973466455936e+01,-1.416250469384336874e+01,-1.307558695481795930e+01,-8.029167600536256444e+00,-6.295136462700994251e+00,-4.412605215977401407e+00,-5.175058841954783828e-01,-7.145612326707383444e-01,-5.101531996650803258e+00,-1.558180931277741088e+01
-2.779700639373377768e+01,-2.841457463207101597e+01,-2.906131616750158031e+01,-2.827538169057745776e+01,-2.673794296451081109e+01,-1.920999331940385702e+01,-1.896998153951831156e+01,-1.862730039689773776e+01,-1.923550065298725897e+01,-1.720863092035279251e+01,-1.498280284637795390e+01,-1.464074871862741389e+01,-1.641888068941302592e+01,-1.465201047309359161e+01,-1.475856084348563790e+01,-1.633407550109060224e+01,-1.404184559592627046e+01,-7.351106230701718758e+00,-3.465338347829822307e+00,-2.640356000820945237e+00,-5.176491356769898466e+00,-3.586573138097791436e+00,-3.104244721520157610e-02,-5.463093372107364898e-01,-4.258123915782548785e+00,-7.570209041573947140e+00,-3.779656591888209238e+00,-2.662455917132976246e+00,-4.192842839579832948e+00,-8.746251173933645262e+00,-1.187656277283690009e+01,-1.248379405100542883e+01,-1.277536071377589266e+01,-1.059014061989640787e+01,-1.015097108012751548e+01,-1.312319589288611077e+01,-1.065532753566153978e+01,-8.195106844704850957e+00,-8.806535223372897292e+00,-1.433097459678362995e+01,-1.588217439508079565e+01,-1.308189724441757740e+01,-7.530549783903853545e+00,-6.710366328583007522e+00,-6.422071670367613727e+00,-8.614843125139971747e+00,-8.651506024867968492e+00,-2.317711851440538151e+00,-1.516304160101528353e+00,-4.683621376815874982e+00,-3.445734228797018961e+00,-4.184230634144374683e+00,-9.243360220937800520e+00,-8.773733467087708959e+00,-5.222571019391367919e+00,-4.881985824807245855e+00,-7.932429116023214100e+00,-1.401945270586730885e+01,-1.281621016774858823e+01,-1.456180389124648045e+01,-1.245149260266382818e+01,-6.652731546782012728e+00,-4.738842844963073730e+00,-4.047909885644912720e+00,-5.710397308706340880e+00,-1.035621716115707791e+01,-1.786446652018037895e+01,-2.279236739560177583e+01,-2.346443920386465010e+01,-2.352640816143580693e+01,-2.107552225966202641e+01,-1.663328963383696291e+01,-1.194355304976154919e+01,-1.115497005747673143e+01,-1.359324002333153381e+01,-1.441970213777140586e+01,-1.426207469672636918e+01,-8.496099128086763486e+00,-1.784475001670681404e+00,1.245123865442554906e-01,-3.897666300934060375e-03,-3.122353145355512560e-01,-1.730421489333082707e+00,-4.449095835286031253e+00,-2.573309830312014768e+00,-1.299735644696800252e+00,-1.849124535902480382e+00,-4.908903160713668612e+00,-1.267425669942583433e+01
-2.859936937353664632e+01,-2.977881173800705028e+01,-3.023518755023640736e+01,-2.894698482886292723e+01,-2.654291798835410177e+01,-1.581757693631308470e+01,-9.976749928374038845e+00,-7.308969550562980366e+00,-6.818643624621226529e+00,-8.414596852055169052e+00,-1.099086511896965135e+01,-8.200723028496691214e+00,-4.679329113852708666e+00,-3.853144166654998148e+00,-5.032915210701469633e+00,-8.445120504476074430e+00,-1.120605790883974962e+01,-6.600942413161571487e+00,-4.879706500728327789e+00,-5.020693544158361554e+00,-3.128776632792480861e+00,-1.013443737025063074e+00,5.888144746877925773e-01,-1.259498404431519170e+00,-6.522978260665011518e+00,-9.474578032816262763e+00,-7.868074387536013070e+00,-9.668990515004423969e+00,-1.535236064563120273e+01,-1.415959147940900920e+01,-9.987928790257388556e+00,-7.184702978098302495e+00,-6.385772042816743266e+00,-7.184131366340793967e+00,-8.260884133092398329e+00,-5.463728183746964895e+00,-3.257070245452337254e+00,-4.082678393985991860e+00,-8.838585032556290244e+00,-1.770877455947990597e+01,-2.366837317423712861e+01,-1.647930656788044246e+01,-6.791028736901462359e+00,-1.011344415116425033e+00,1.539249657856342379e+00,2.143282765613411911e+00,1.785378486688311783e+00,2.852411000782368311e-01,-3.660317620500586067e+00,-9.970371749168052133e+00,-7.875956627659332021e+00,-4.135002982795686677e+00,-4.761741612232605725e+00,-3.848201951919048458e+00,-2.054419353625323907e+00,-3.274092054680774133e+00,-7.162579069460244696e+00,-1.358496443490336780e+01,-1.970508327878507515e+01,-2.009385333204627955e+01,-1.508447278352608301e+01,-1.374180481218753869e+01,-1.405097773110956183e+01,-1.389079429063581905e+01,-8.757286746250954934e+00,-8.846961761999846630e+00,-1.253944420920950975e+01,-1.341801746178390431e+01,-1.543790178549917158e+01,-2.150116691194978813e+01,-2.493438062094207908e+01,-1.682882002601049720e+01,-1.316891447762797718e+01,-1.217124204841771551e+01,-1.429795130571924666e+01,-1.252449604756850121e+01,-1.220585627842666554e+01,-7.022857911828765509e+00,-7.218063653173639738e-01,1.421646746616203050e+00,1.871497135642649912e-01,-4.298929427491319011e+00,-7.035278721971619298e+00,-6.575725092363536639e+00,-9.741630253627112879e+00,-8.088065587460322448e+00,-7.061750604021818312e+00,-9.896445698307868355e+00,-1.401324992699730743e+01
-3.011245093309789667e+01,-2.981542943832569392e+01,-3.112412501277780308e+01,-2.923496317863464355e+01,-2.700315580869975918e+01,-1.795235742124399891e+01,-8.360161278480873648e+00,-4.869473987504055579e+00,-5.129568539615860345e+00,-8.622851245385364294e+00,-8.363585218899231677e+00,-7.224582695199134541e+00,-6.983554838547356702e+00,-5.267127355966801261e+00,-5.461923220327922657e+00,-8.276325649784919136e+00,-1.272879367663447958e+01,-1.405128546496082897e+01,-1.291475394838734658e+01,-1.434440222942739496e+01,-8.689860140813753020e+00,-2.492593685600948739e+00,5.253967618713281107e-01,-4.570260067808238902e-01,-4.150707263271919523e+00,-6.143571656225319089e+00,-7.563075235015467968e+00,-1.345927430543684444e+01,-2.188735439185809284e+01,-1.885170239254944136e+01,-1.156997898736394426e+01,-6.971729247641742511e+00,-5.340632306229799120e+00,-4.863595290667083404e+00,-2.169648834180324837e+00,5.018907413333024703e-01,1.371694519104001975e+00,-1.362289775121796054e-01,-5.013003749156692557e+00,-1.356286607380200238e+01,-1.944730068328685491e+01,-1.838794571206085493e+01,-8.529205204848956612e+00,-5.022202820044459060e+00,-4.586199445690026799e+00,-3.334903815267975080e+00,-5.661046502499007538e+00,-5.468259027570877784e+00,-4.253267854676210824e+00,-7.229260169025650384e+00,-7.350079619346704618e+00,-4.440489978830616913e+00,-3.167200587387021482e+00,-3.858775902711050865e+00,-7.174534887724132837e+00,-1.283263836207246378e+01,-1.400506480744010496e+01,-1.844920555272496898e+01,-2.231679433091242615e+01,-1.873155346848911051e+01,-1.475673875324708106e+01,-1.400264832847996743e+01,-1.255305133905625858e+01,-7.338530072676284099e+00,-3.495993187101347655e+00,-2.111711497191003595e+00,-2.486104808746017802e+00,-4.446619429366481135e+00,-8.000570094450973002e+00,-1.461934661237817146e+01,-1.578384100673790336e+01,-1.133003218819324154e+01,-6.341556065288701305e+00,-3.815478252737145581e+00,-3.401867274923207951e+00,-5.496057535248591641e+00,-9.462348738111051816e+00,-6.111235350594484750e+00,-4.540996023968669526e+00,-4.990434617970026743e+00,-7.001438099134685622e+00,-1.119799290026040950e+01,-1.163794882136179965e+01,-6.983226988324545026e+00,-5.484035914133589706e+00,-6.047234338645200324e+00,-1.141985246729581860e+01,-1.295530977352221136e+01,-1.176057568304520728e+01
-2.890037279559257399e+01,-2.879514086336121537e+01,-2.958054272572796961e+01,-2.790975177377686478e+01,-2.656864081827321300e+01,-1.778169701870222852e+01,-8.773453948193026264e+00,-4.888840875679388631e+00,-4.618777523139365293e+00,-7.321153087723524244e+00,-1.137201809255700446e+01,-1.477794266553749658e+01,-1.960932256404618457e+01,-1.825334849931243753e+01,-1.663990683663160297e+01,-1.601755596910204105e+01,-1.803584995664152046e+01,-2.399775452004339371e+01,-1.760110878406610624e+01,-1.180134606361389160e+01,-1.188999310561588807e+01,-5.168139288695599021e+00,-1.716632366355480555e+00,-2.332533312180538498e+00,-4.585517823321506370e+00,-4.475567052462943174e+00,-8.535520699687470625e+00,-1.721759956402886260e+01,-2.206995185694299977e+01,-2.115694469616825302e+01,-1.698782816417235253e+01,-1.673521420830174478e+01,-1.703661494013062239e+01,-1.559617675829650807e+01,-1.042325723301479279e+01,-1.019605425078617955e+01,-5.514667697026765403e+00,-2.149545980754607566e+00,-2.309456906335899173e+00,-6.740955729499683358e+00,-7.219977367369990517e+00,-6.445340233956484255e+00,-5.497261156265000892e+00,-9.303855057945824569e+00,-1.046059753841027273e+01,-6.011845443481789175e+00,-4.905461523989985473e+00,-4.194573601161627252e+00,-5.421992358408476598e+00,-8.745773210561365474e+00,-1.624620733852673382e+01,-1.730191930590715543e+01,-1.582898542957198273e+01,-1.414663670520137195e+01,-1.382322074327253780e+01,-1.434194835684353286e+01,-1.373156285823736056e+01,-1.403007102998575739e+01,-1.251848145221408970e+01,-1.201146914725913106e+01,-1.294754062290478558e+01,-6.614158492339284656e+00,-3.410697985748599503e+00,-2.240881679152467498e+00,-4.054803719856124644e+00,-8.329143557263384068e+00,-1.028269435257714015e+01,-5.404027612137615399e+00,-3.274201794002288946e+00,-4.045574452419926637e+00,-7.253228866068043956e+00,-1.170094541320227144e+01,-7.215856311464667883e+00,-4.244131462130331656e+00,-3.678349215509300052e+00,-5.896635076381210538e+00,-1.193230964725178822e+01,-1.553485818375322225e+01,-1.347188611631106525e+01,-1.271370999526260448e+01,-1.359032759989114680e+01,-1.075324795344718432e+01,-7.979263600102044940e+00,-5.486473379614658086e+00,-2.944868778549064814e+00,-9.793340651081771098e-01,-1.937093398699138991e+00,-4.133494529838120712e+00,-8.270149729753795143e+00
-2.127317794462792122e+01,-1.991013760315744463e+01,-1.994780819935906280e+01,-1.970182377772223603e+01,-2.089053239678978002e+01,-1.702575849052658796e+01,-1.037785002701264503e+01,-7.424147874789130519e+00,-8.174282749344531140e+00,-1.016143570806747043e+01,-1.283954537542242669e+01,-1.929699261206433292e+01,-2.231762150535009681e+01,-2.319677375492296889e+01,-2.291970037338428767e+01,-2.107633419861470969e+01,-2.035870678084237184e+01,-2.528565652388379092e+01,-1.708221472474865621e+01,-9.444798322548543013e+00,-4.299446455294027913e+00,-2.048601812560503443e+00,-1.908438430369054251e+00,-4.290171271400120112e+00,-6.700268250490937660e+00,-5.248454673621887778e+00,-7.808287701212373477e+00,-1.665976232335083296e+01,-2.066858998814919701e+01,-2.399348227242778009e+01,-2.476778629310149071e+01,-2.475929369245256595e+01,-2.317733021607076438e+01,-1.930580125177713313e+01,-1.950544135821493086e+01,-1.371730846659581537e+01,-9.148070102347467980e+00,-7.792996359162760456e+00,-5.943124546254091811e+00,3.344834370668137158e-01,2.014820050931346529e+00,1.086928475466101718e+00,-3.169524780091494076e+00,-7.496566895479546133e+00,-4.777870251972200499e+00,-4.294938149049710496e+00,-7.606805507443789693e+00,-6.749492024792764333e+00,-6.047453070493569172e+00,-1.094508687714885120e+01,-1.966623510991720281e+01,-2.454361716607459343e+01,-2.406651081357683353e+01,-2.240277915610406723e+01,-1.961121339815899844e+01,-9.901679693308091501e+00,-4.896541435803685616e+00,-2.981847192530163060e+00,-3.996403293901200193e+00,-7.381753372966795013e+00,-1.058293960058599481e+01,-8.131546053671298679e+00,-9.119697822832074863e+00,-1.102663657181244972e+01,-8.620754882357173798e+00,-1.022911751001401015e+01,-1.417573509942319987e+01,-7.143248524656869769e+00,-4.895853100862717966e+00,-6.607706652772157518e+00,-9.215829378680178152e+00,-1.279972970664949372e+01,-1.519534523236124102e+01,-1.558795999225817219e+01,-9.922808337480502061e+00,-8.574216396736918711e+00,-1.256629339555152391e+01,-1.199008647817418094e+01,-1.036033027243793470e+01,-1.215781529595080990e+01,-9.589758455305171125e+00,-4.751192266331579539e+00,-4.111384907723369508e+00,-6.586056748949537187e+00,-2.375197631277186083e+00,-1.095955449991502295e+00,-3.020156384707223474e+00,-8.567203925516372109e+00,-1.538545285938377738e+01
-1.705749717870153148e+01,-1.328422575964963492e+01,-1.203114160021444867e+01,-1.302790573844336031e+01,-1.691494576913073544e+01,-1.696668342719400613e+01,-1.092443004228118753e+01,-9.988707450995768511e+00,-1.324216818899140335e+01,-1.696395538355174892e+01,-1.637058945706016289e+01,-1.592727280649027399e+01,-1.462090165543376941e+01,-1.224023577100352256e+01,-1.193137022203072561e+01,-1.229911478928157287e+01,-1.722306395473336948e+01,-2.513339575071980292e+01,-1.752449896281823172e+01,-1.119386069487808300e+01,-8.741160090592570597e+00,-6.529950200704353946e+00,-8.304308054478545031e+00,-6.106338607469447233e+00,-1.577456074330038316e+00,-7.997576644962751669e-01,-3.151846299856495115e+00,-9.465181779592557021e+00,-1.940528267308285493e+01,-2.235779159947445649e+01,-2.108392284508038372e+01,-2.214036658294218896e+01,-2.202393828657336527e+01,-2.229489525278708228e+01,-2.058039991748064068e+01,-1.060317154844900678e+01,-6.926456992339370622e+00,-5.492133319377899170e+00,-3.850677919368385549e+00,-7.546068252194707560e-01,8.141392614828997232e-01,1.184467544387483251e+00,-2.157418693132222565e+00,-4.863890117001054669e+00,-7.123339513414784774e-01,-1.191871828413603451e-01,-2.171178138433015548e+00,-4.152948795852804409e+00,-8.761951200047830568e+00,-1.693119939377433525e+01,-2.003406576464946909e+01,-2.295024396423110247e+01,-2.045427570576058329e+01,-2.046068429409113065e+01,-1.936422879982711720e+01,-1.022867324096815977e+01,-2.413002390022340737e+00,-3.127956945309940395e-01,-1.717067633463372545e+00,-8.016244787918893167e+00,-1.120741678718337475e+01,-1.073893885594561581e+01,-1.367766815692858628e+01,-1.647884068498037635e+01,-9.041765562125615219e+00,-4.932431397525439465e+00,-3.172458705541334467e+00,-5.269128482144577852e+00,-9.983416476644071835e+00,-1.916367871779248233e+01,-2.057957628167661568e+01,-2.071656220120594938e+01,-2.302776664002497498e+01,-1.690645327066120274e+01,-9.743442797123041288e+00,-5.262539991086587321e+00,-3.460582753489340302e+00,-3.519379992794273271e+00,-5.637329685060601392e+00,-9.008159930544687555e+00,-1.017554330108757377e+01,-6.473387721337769740e+00,-4.728761805641584104e+00,-3.484069121360806598e+00,-3.027181198834476561e+00,-5.942474700342443406e+00,-1.272537374496459961e+01,-1.243272024169004020e+01,-1.483137697115876641e+01
-1.893947618527520049e+01,-1.822737967878356002e+01,-1.728362350356309918e+01,-1.703043462997092305e+01,-1.709622968587660097e+01,-1.385125399173650607e+01,-8.925388873967909475e+00,-5.979137364634893537e+00,-5.821630329341816790e+00,-7.729613106501729725e+00,-1.140492012357353246e+01,-8.892697919580273336e+00,-4.515580558071010664e+00,-3.382121061640126491e+00,-4.776304722728585972e+00,-1.004199067990582606e+01,-1.451447825682790693e+01,-1.941073163649193489e+01,-1.860211247877967011e+01,-1.746704526234390187e+01,-1.841561731539274405e+01,-1.486681375915842906e+01,-9.307265040569735248e+00,-4.869640128392922485e+00,-2.015822573065586099e+00,-9.278019996923639878e-01,-2.403247236128007280e+00,-6.994208490041861737e+00,-1.905240417423105015e+01,-2.099525852848712759e+01,-1.373212787979527505e+01,-1.092315834805481423e+01,-1.049073497939826893e+01,-1.007146105461550789e+01,-1.076550294402846752e+01,-1.379400211438200508e+01,-1.024922862626556253e+01,-8.096930656442069107e+00,-9.095058622384877722e+00,-1.121065301117767277e+01,-9.229212761788341268e+00,-3.213663735202775484e+00,-8.046104703415832837e-01,-5.032350606655070502e-01,-1.217374754402632542e+00,-2.350137544823880376e+00,-2.290636648928144226e+00,-4.942232056219775238e+00,-1.245934625496541592e+01,-2.045981005976970835e+01,-2.039206646259566114e+01,-1.909130811780915238e+01,-1.128313764548839515e+01,-8.024860687049708119e+00,-6.626974790491029665e+00,-2.842036279928485509e+00,-7.115179694929909537e-01,-1.859160027756877387e+00,-4.073755601948368721e+00,-8.572851686101211399e+00,-1.362457638396356252e+01,-7.805359484109663626e+00,-4.704641051639459448e+00,-3.786969906545447184e+00,-3.061703263060715052e+00,-5.067499670319091543e+00,-5.491543775214288381e+00,-7.212247313861560372e+00,-1.457071438767856186e+01,-2.373237202221289621e+01,-2.300419786281155510e+01,-2.541435670314874784e+01,-2.402559225720570524e+01,-1.662029112371287098e+01,-1.013433302165870309e+01,-8.694391038632931057e+00,-1.123659510294297625e+01,-1.008594637011226780e+01,-6.791055952695975506e+00,-7.431211268991456009e+00,-8.541603635576434428e+00,-7.599472050828144809e+00,-1.076423081643599389e+01,-7.812792668665261786e+00,-4.865984426629274218e+00,-5.925912058218977485e+00,-1.012737712712216265e+01,-1.511225916299604854e+01,-1.596664172635042611e+01
-2.261736465217475711e+01,-2.330525561562158288e+01,-2.443890928505058469e+01,-2.495325946987123444e+01,-2.477330520457791252e+01,-1.654711948122297116e+01,-1.297689724237399034e+01,-1.105298086395837309e+01,-9.275401116313791050e+00,-8.619297225224343606e+00,-9.156540046509046959e+00,-8.237715354987553695e+00,-6.969444328288834534e+00,-4.357249118247650266e+00,-3.498214316771442789e+00,-7.674399008857141880e+00,-9.361434182502273771e+00,-8.493365344024242702e+00,-1.157657724887804918e+01,-1.599761539025414336e+01,-2.061701105591049910e+01,-1.394072543319902913e+01,-7.036597935328805953e+00,-6.012017496098253311e+00,-8.818845379502421977e+00,-5.359131019548478037e+00,-4.373921807995416522e+00,-7.512818224448010618e+00,-1.960054453154255683e+01,-2.143736812763644295e+01,-1.106789569926441175e+01,-6.357369578870615712e+00,-4.024366236943051511e+00,-4.260739448151194431e+00,-6.491002901604301378e+00,-1.135304395148628664e+01,-1.649828220758222841e+01,-2.039261690835307306e+01,-1.959056774207524043e+01,-1.994617886113044847e+01,-1.515749004191922111e+01,-9.637320322873897283e+00,-7.315960921907334935e+00,-8.275452646180239569e+00,-1.080985429000697629e+01,-1.449612098584946018e+01,-9.801509985350127963e+00,-9.641405981734283870e+00,-1.425392749614285393e+01,-1.720409908330530158e+01,-1.269991532842019488e+01,-9.571433342040929659e+00,-5.251821537439088416e+00,-3.701156914867880676e+00,-2.429214032122662292e+00,-3.338374250342183824e+00,-4.880439627355427135e+00,-9.588824469568137943e+00,-8.425783177799216261e+00,-8.986924114656334339e+00,-1.223006730750588211e+01,-5.680702640822059557e+00,-2.649023731731060316e+00,-1.948407623667184119e+00,-3.440085285602319409e+00,-8.017440248012920989e+00,-6.027451105233757822e+00,-7.844450393565614910e+00,-1.645318865507168837e+01,-1.891904871445849423e+01,-1.851584500567357239e+01,-1.884510062690964460e+01,-2.173112031750212836e+01,-1.553613489731810127e+01,-1.050181411083479510e+01,-1.013633126468586809e+01,-1.274483656076560401e+01,-1.392562452922190097e+01,-7.712115216524081163e+00,-4.187620490341258161e+00,-4.237997871144373541e+00,-6.366327824897336285e+00,-1.031017247850733654e+01,-7.872734873814690282e+00,-4.001223277104528186e+00,-4.022242729377029313e+00,-6.792342617995757337e+00,-1.015793119247694598e+01,-1.088048806226343146e+01
-1.180995361428511714e+01,-1.198924932264743859e+01,-1.347665340739085238e+01,-1.587177380762602219e+01,-1.750303375452084609e+01,-1.915457800994241921e+01,-2.336582795659402123e+01,-2.416151976854281358e+01,-2.268511506937500144e+01,-2.225426228871022971e+01,-1.888903047536548740e+01,-1.470812873194988590e+01,-1.562097566737268117e+01,-1.015328093623756445e+01,-4.145110206272368814e+00,-2.307730857048678530e+00,-2.805996053712092486e+00,-4.850868929597668355e+00,-9.015024523986014060e+00,-1.540107073640464819e+01,-1.481544145112647115e+01,-1.150551875999995666e+01,-9.000482757288709834e+00,-4.555384583267054310e+00,-3.425056286884429646e+00,-3.512883670277949566e+00,-5.945947855935060922e+00,-1.062561938457919197e+01,-1.893602317257931489e+01,-2.310859663683669041e+01,-1.369803353359824705e+01,-8.417390351456807807e+00,-8.142268698466452292e+00,-1.171890339837934825e+01,-1.069169673525301079e+01,-1.136997112923098641e+01,-1.881534706381030375e+01,-2.384318072634532015e+01,-2.306786089911496873e+01,-2.311522105224150536e+01,-2.154339677946908083e+01,-1.993563406539142591e+01,-1.956451176700735317e+01,-1.858401402136437142e+01,-2.000725852457204113e+01,-2.064333464149245501e+01,-1.372625931402794386e+01,-9.085171204760559505e+00,-8.784952092887763797e+00,-1.252577941847923171e+01,-6.781389381540448902e+00,-2.929802181104660175e+00,-3.330120733384168918e+00,-7.070176798208700930e+00,-5.280684856995519816e+00,-6.389182560114344156e+00,-5.151906446730578182e+00,-2.067158690040153957e+00,-8.194699524122787127e-01,-1.514401375638413816e+00,-2.941278920372373928e+00,-3.327319698898415723e+00,-6.290096984202868668e+00,-4.064762905604185406e+00,-5.113169650381008680e-01,-5.154061003832568488e-01,-4.163512929265660745e+00,-7.660427227056116450e+00,-6.434741167099516268e+00,-6.060521097769751009e+00,-7.498838660454279825e+00,-1.275309316869965137e+01,-1.768509027742801720e+01,-1.640254637173243779e+01,-1.067912895966293263e+01,-5.149592788819980171e+00,-3.031573427217851613e+00,-2.097728448291484415e+00,-2.893905982769031215e+00,-7.562901280876388910e+00,-6.840395362193422812e+00,-5.600275542054857780e+00,-8.177411500672649325e+00,-9.198426144015520833e+00,-6.542048348071880071e+00,-8.401152508151263021e+00,-1.230002411146809216e+01,-1.132564970694090256e+01,-1.003925639077236731e+01
-1.257144872586529871e+01,-1.287361247557446475e+01,-1.458343788197166013e+01,-1.365516866149758890e+01,-1.511660284565803636e+01,-2.025507568058214858e+01,-2.471164928701587016e+01,-2.625532706339556555e+01,-2.612228043814350897e+01,-2.367283442683686090e+01,-1.825463990250924340e+01,-1.034117432689308202e+01,-6.106141375867943921e+00,-3.861821488806403746e+00,-4.126136231915395136e+00,-8.922715719747252194e+00,-8.052963134909706611e+00,-8.166516974904483916e+00,-8.979345170038758539e+00,-5.507698814706750490e+00,-3.882455987155549515e+00,-4.670163045670570945e+00,-6.400435470162997298e+00,-5.277068615856027378e+00,-8.706655040719455840e+00,-1.084361515580711455e+01,-1.089207724565850199e+01,-1.541208776405879455e+01,-1.641916928434730494e+01,-1.799270487100558213e+01,-1.542834188525838002e+01,-9.936258326347608971e+00,-6.351493864075133722e+00,-7.001168829739038202e+00,-7.037152239275550336e+00,-8.865421718000469298e+00,-1.563026783923457508e+01,-1.723403041524098356e+01,-1.920410386601784936e+01,-2.263531735068873374e+01,-2.511334174019949828e+01,-2.596835219770445846e+01,-2.444598408032180714e+01,-2.416357674993070503e+01,-2.502332192614562700e+01,-2.221670034953526240e+01,-1.369138263490863316e+01,-7.891697210028655540e+00,-4.791239099282967651e+00,-3.264389703456396230e+00,-2.999079084058845268e+00,-4.410082480453542786e+00,-2.219802599898110795e+00,-2.487509095861009378e-01,-1.651149825411813710e-01,-2.643643911372996147e+00,-3.203917800199373556e+00,3.725762445220541785e-01,2.784200582401196722e-01,-3.869148456998330321e+00,-1.110285322627935045e+01,-6.937878868633642782e+00,-3.022130155655786687e+00,-1.818023149768779989e+00,-3.104604391820984244e+00,-2.757522762098342461e+00,-3.857761662845548667e+00,-4.955391101763212625e+00,-3.681808212085774024e+00,-4.087095065875665512e+00,-2.706241309068592837e+00,-3.753347931080497801e+00,-6.327268677994720925e+00,-9.021406709251547085e+00,-1.157590915430757406e+01,-1.114946485977423762e+01,-7.345843262795386686e+00,-3.875884842461927438e+00,-2.532051736769035166e+00,-3.584473888919762263e+00,-4.199072035575719397e+00,-4.877080146979568376e+00,-8.322683277883028197e+00,-7.905890608192386537e+00,-6.226872730075864837e+00,-9.002561787465461762e+00,-1.009873187810854844e+01,-7.179084789035911740e+00,-8.179392460593604142e+00
-1.874534274402417466e+01,-1.609024172617976944e+01,-1.602563567806903677e+01,-1.496350647632340802e+01,-1.490634702381334797e+01,-1.837254635014928539e+01,-2.015007106971023632e+01,-2.008919720990317259e+01,-2.062691788207319377e+01,-2.158729248835628312e+01,-1.565972958561173023e+01,-8.693977061967204989e+00,-4.978458893702442545e+00,-3.965359217914423695e+00,-5.286591289186835851e+00,-9.550373342700471113e+00,-9.934345269561710268e+00,-5.868994305904646325e+00,-3.599925954338632383e+00,-2.033081843930863719e-01,1.316936895913003225e+00,9.381959099240279043e-01,-1.651524324630057938e+00,-7.685084046501862609e+00,-1.948941209710630318e+01,-2.357876525696059034e+01,-2.037121239819921215e+01,-1.216358972940229854e+01,-8.694825948181009068e+00,-7.382944880011386601e+00,-8.620782083901751491e+00,-6.068758675653477930e+00,-3.876739335575498213e+00,-4.069684521442181513e+00,-2.191628585712453781e+00,-2.510667669494930365e+00,-4.647776536475446640e+00,-8.036339184395352220e+00,-1.284886499186207409e+01,-2.121972745163996521e+01,-2.621041167051272325e+01,-2.623543706513885354e+01,-2.532160064510832953e+01,-2.541890445508455088e+01,-2.463129223916763522e+01,-2.157368658359785840e+01,-1.265846673886578699e+01,-1.093764991509286943e+01,-1.098844607925056494e+01,-7.425555237253806062e+00,-6.500301875342104019e+00,-9.699352457783275483e+00,-6.339044827057566778e+00,-2.380559927119989094e+00,-1.536712401526405980e+00,-3.377392783708506485e+00,-3.931417193291778744e+00,-3.577729938821376798e+00,-4.486951635411723593e+00,-4.086521685571598894e+00,-6.816293679160255081e+00,-4.142537811937233805e+00,-1.345750492580823243e+00,-2.243229716226696535e+00,-6.180341088934276250e+00,-5.827962855647380813e+00,-9.598120051163030908e+00,-9.742909498680802471e+00,-1.060071771216571790e+01,-1.111113099737050902e+01,-5.703054874463188817e+00,-3.990188295791920137e+00,-4.813818096442330052e+00,-8.808786748047161552e+00,-1.371662548610142274e+01,-1.480923800898673903e+01,-1.189909059929668445e+01,-7.421902167729865774e+00,-7.883739272678704779e+00,-1.289859407881617948e+01,-1.039526484290460040e+01,-5.957563448445241328e+00,-7.115745723709688164e+00,-3.845822958092299793e+00,-1.154394804435270983e+00,-1.540237602938397288e+00,-4.526670241938497874e+00,-8.714532007848410089e+00,-8.999417318437332725e+00
-1.752289971193872731e+01,-1.415992318597951360e+01,-1.302202235218277515e+01,-1.356379044683355950e+01,-1.633863811923149001e+01,-1.497553806466267545e+01,-1.056383693576755434e+01,-8.641169941514954544e+00,-9.035277448202434059e+00,-1.186543677713637912e+01,-1.361171938422927319e+01,-1.175806335936811564e+01,-1.345024901673309792e+01,-1.482065530423831134e+01,-1.378029907914928920e+01,-1.302177198130385349e+01,-1.155345278575008017e+01,-6.762789197658237939e+00,-5.610218499149930871e+00,-7.511919279551287687e+00,-8.060832421094900724e+00,-5.600075470668323341e+00,-5.844259144731314137e+00,-9.489505942602802335e+00,-1.994481503336053052e+01,-2.496879932217131781e+01,-2.293416549747151478e+01,-1.276682282748975261e+01,-7.391756684260260890e+00,-4.193447377336652515e+00,-3.184330407558078946e+00,-3.913105951243997627e+00,-6.328445348188393105e+00,-8.949052801257685985e+00,-6.770322910608037148e+00,-7.478130933905678290e+00,-5.286059038699569612e+00,-5.795424084466202608e+00,-1.030274743513953339e+01,-2.030500481003209146e+01,-2.507924254854819068e+01,-2.517081410006472808e+01,-2.180261206268367857e+01,-2.271844461268948479e+01,-2.232691956641978948e+01,-1.912024575785586578e+01,-1.290924984709660883e+01,-8.246180948906374653e+00,-5.963525723469884632e+00,-4.435044644064361385e+00,-5.652550323565203705e+00,-1.035751365763800536e+01,-1.179594265159807698e+01,-1.041871477417031677e+01,-9.592606967217044200e+00,-1.023691716193592605e+01,-8.716222841264610111e+00,-9.836111726617454920e+00,-1.160289840545869389e+01,-6.659414904906337362e+00,-3.019642806763382481e+00,-1.823894178596346283e+00,2.342814747401674169e-01,4.731867920731621657e-01,-1.422916314923519554e+00,-7.075696610866632597e+00,-1.619313764930667787e+01,-1.907224253335393627e+01,-1.818876997151769359e+01,-1.610492799604745784e+01,-1.534922958406290583e+01,-1.490387805736154547e+01,-1.354710151960975217e+01,-1.369168479281260531e+01,-1.186749601453766800e+01,-6.990239449685677897e+00,-4.108666766743014342e+00,-4.328100738332683939e+00,-7.840880077360267819e+00,-1.283449330813902733e+01,-9.049062583679543081e+00,-4.905358350035275983e+00,-1.521734625302409105e+00,3.976470628434693871e-02,-4.780361615996667896e-02,-2.052563224638168204e+00,-5.453417899801318747e+00,-7.389605537617116582e+00,-7.826490408047697578e+00
-2.299332642196712584e+01,-2.233216192489279805e+01,-2.141443109870853334e+01,-2.236414067548020412e+01,-2.170690290551436519e+01,-1.687982148425023254e+01,-8.203612388076638950e+00,-3.957360269991974988e+00,-3.598322091246009879e+00,-6.156484399523053597e+00,-1.051696881405393036e+01,-1.188254795576396816e+01,-1.450034612730929773e+01,-1.959416328874745616e+01,-2.335601689044694140e+01,-2.090447912001071984e+01,-1.684118908598907183e+01,-1.538637230718942561e+01,-1.430990228796363795e+01,-1.659919889618579703e+01,-1.834920923243787882e+01,-1.682136368930787995e+01,-1.625703078553192427e+01,-1.625265299019060805e+01,-1.980849570797798265e+01,-2.462471308923305457e+01,-2.461563414380066206e+01,-1.697804251828588207e+01,-1.344844751698630247e+01,-1.353524269959084059e+01,-1.312455787694543830e+01,-1.290995960598601400e+01,-1.097361660989603571e+01,-6.521124217743263785e+00,-5.253905732156638919e+00,-6.709096148049921382e+00,-4.961075735271425202e+00,-5.363894078740499616e+00,-9.038779061987884944e+00,-1.498601005893004512e+01,-1.425156080969294159e+01,-1.421913762945205661e+01,-1.234673274638957530e+01,-1.331584450221599525e+01,-1.308776708294574398e+01,-1.297560196790031917e+01,-8.956180951929182399e+00,-4.816353673549523151e+00,-5.635597977199052089e+00,-8.763479834212397179e+00,-6.316263824253153913e+00,-6.387716888036942819e+00,-1.079158797703291306e+01,-1.272786710719416980e+01,-1.248026444096314336e+01,-1.372418959875752087e+01,-1.078684150276327536e+01,-1.133235890659174494e+01,-1.497791185370065214e+01,-1.347187575048073782e+01,-1.232525784460673712e+01,-1.287552193625759145e+01,-5.849690610108742916e+00,-3.510716932769834209e+00,-4.545462590935500202e+00,-8.066264605163631529e+00,-1.860323171328781200e+01,-2.237454040785481268e+01,-2.281969120448693289e+01,-2.447447747216188674e+01,-2.522417446007406028e+01,-2.484383311845306253e+01,-2.263107012447558120e+01,-1.952922898037989441e+01,-1.138771578512693772e+01,-6.401915046169345480e+00,-4.924573288152092054e+00,-5.113365001472315541e+00,-7.368539441348914920e+00,-1.228326130271854311e+01,-1.562532532752904757e+01,-1.398791843708744587e+01,-1.128724812709243253e+01,-9.695178938385351941e+00,-9.845265644461116850e+00,-9.804157866865285342e+00,-5.070652995118520856e+00,-3.844490657735588179e+00,-6.147482342289802837e+00
-2.113999731558606143e+01,-2.101411109400871169e+01,-2.340962574535742746e+01,-2.569565139856553770e+01,-2.188553928253345759e+01,-1.314465687507973612e+01,-5.802205973549892981e+00,-3.301219405760442260e+00,-4.488497108669209368e+00,-9.202948008712969141e+00,-1.388737155754763464e+01,-1.278006503277255135e+01,-1.301020856011182758e+01,-1.656385295193894436e+01,-2.344178186681933695e+01,-2.356449587004525270e+01,-2.358543635669507310e+01,-2.394028859747979965e+01,-2.298167285704074914e+01,-2.371221855708531123e+01,-2.415306564919034216e+01,-2.383923472139172262e+01,-2.280411529003229276e+01,-2.385282018489407463e+01,-2.283099618352445503e+01,-2.468519239318101910e+01,-2.464309992288288242e+01,-1.666039664404732790e+01,-1.319420347760494572e+01,-1.232532993743294192e+01,-1.213418745680859168e+01,-1.193460355306926601e+01,-1.298461622134187188e+01,-9.757650981720228600e+00,-5.525580986325902444e+00,-4.506824356916927954e+00,-5.108698417537642200e+00,-8.720168009288329358e+00,-1.109641928332192506e+01,-6.693264410459905278e+00,-3.835171049810889965e+00,-2.678453463805433366e+00,-3.067840910227391582e+00,-5.566018933757677090e+00,-4.967204212327487767e+00,-2.777776144903601363e+00,-2.470305979376592465e+00,-4.461200450820133945e+00,-9.925379192022452557e+00,-1.807419422022381994e+01,-1.147765470312950242e+01,-4.549328671215116415e+00,-2.406196938974247246e+00,-3.195211328573514642e+00,-6.427669253592428689e+00,-8.379096699164325202e+00,-5.165663324352493646e+00,-5.066194243217937654e+00,-6.717863504018606768e+00,-8.049891539634016269e+00,-7.781268456608540163e+00,-7.000447532036026210e+00,-1.008400088145320517e+01,-8.212698543430271059e+00,-8.347835229303603555e+00,-1.190082395166382767e+01,-2.009698897555358599e+01,-1.985650519679363413e+01,-2.370612505683325111e+01,-2.292073484470969902e+01,-2.353701089199324414e+01,-2.398153921536036748e+01,-2.273688951650060375e+01,-2.166634603371297629e+01,-1.683479450878344252e+01,-1.655933336969605207e+01,-1.721336601842615011e+01,-1.749014745305355234e+01,-1.644812555510298679e+01,-1.759388562790433141e+01,-2.212062068810140403e+01,-2.115597986816463560e+01,-2.181050716127668210e+01,-1.941023253856744901e+01,-1.850155423547988676e+01,-9.721822118400631041e+00,-5.632831174852256595e+00,-5.258487535150427661e+00,-7.918062549336512213e+00
-1.293896768236518824e+01,-1.549672245082998678e+01,-2.058710528137092410e+01,-2.302447768978606391e+01,-1.940970328517426324e+01,-1.025958465364642613e+01,-5.171154733887292743e+00,-3.666909101762269696e+00,-5.843960781742755906e+00,-1.188060808181762695e+01,-1.378821844624397386e+01,-1.265341146458360555e+01,-1.253584837286095954e+01,-1.560420459374449287e+01,-2.202727817234240248e+01,-2.423497558715648381e+01,-2.494757272605609089e+01,-2.537644522889216248e+01,-2.497470918454622080e+01,-2.430375052932509661e+01,-2.441006317712310647e+01,-2.343090813679802764e+01,-2.310924742096348794e+01,-2.281981462285034468e+01,-2.138735510532120898e+01,-2.158145981085927900e+01,-1.917784244135806304e+01,-1.180366030402649535e+01,-6.989218600262376846e+00,-4.289474446970717558e+00,-3.990522533655166626e+00,-6.366551811085607859e+00,-1.149820946123366916e+01,-1.330177283824834689e+01,-1.411417206247946332e+01,-1.593655603944807098e+01,-1.282673196819491857e+01,-1.358013455491316890e+01,-1.361707698761072294e+01,-8.231214249492587953e+00,-7.744359774248940731e+00,-8.995548283833576519e+00,-4.484078447300878345e+00,-1.885891050123521984e+00,-2.170202171678140335e+00,-5.745234771327052847e+00,-9.450268980143661679e+00,-8.458965087295474916e+00,-1.058249995851875269e+01,-1.548919579857274087e+01,-9.536223334477359259e+00,-3.294195621396954099e+00,-6.484471898080861330e-01,-9.345288558458713091e-01,-4.518327523667113432e+00,-8.608337790222096331e+00,-6.150782212727051501e+00,-4.792881771331719776e+00,-2.463261569036114818e+00,-2.179556131690196352e+00,-2.110252050033427196e+00,-2.491771137126532309e+00,-4.638754631798798655e+00,-4.387978514110235650e+00,-6.487390652859120976e+00,-1.140918566230544506e+01,-1.421921531688001750e+01,-1.189717481055654069e+01,-1.234450059389709509e+01,-1.252826651146537351e+01,-1.228667451743792682e+01,-1.690908935016259207e+01,-2.049421353626968312e+01,-2.376246621554955496e+01,-2.508369435045056051e+01,-2.412693218181007637e+01,-2.594735172099636955e+01,-2.552371186242067580e+01,-2.403204970790031325e+01,-2.497354942156856339e+01,-2.427526902076893123e+01,-2.274518916302157479e+01,-2.154908874160365073e+01,-2.100911886172186982e+01,-1.868296116276791352e+01,-9.829156386224846997e+00,-6.412765469766201321e+00,-6.486961574930893981e+00,-1.121301140372914418e+01
-1.622166979581789903e+01,-1.277423339141042646e+01,-1.296599985334209926e+01,-1.290952000851021708e+01,-1.244294496855341414e+01,-1.250961584076845590e+01,-7.968740498212943280e+00,-6.093652580913744288e+00,-7.511195989479696244e+00,-8.631402858217855467e+00,-1.181625484523916647e+01,-1.319321153396950663e+01,-1.236366651201606714e+01,-1.585430949523036581e+01,-2.069351216456047737e+01,-2.119100202295117086e+01,-2.258428162201903078e+01,-2.484229338258728959e+01,-2.245580321147029679e+01,-1.979700283538129923e+01,-2.031083585624407917e+01,-1.825457669021491824e+01,-1.454895198255553268e+01,-1.344675712477891949e+01,-1.139743786422829963e+01,-1.157470099571952282e+01,-1.226934552909736276e+01,-1.327071998531657115e+01,-9.578396656459435832e+00,-7.937611873660769035e+00,-7.268308646696850950e+00,-8.215271280672316934e+00,-1.271933662712125823e+01,-1.412933619219557713e+01,-1.182461757229683030e+01,-1.045400626419630186e+01,-9.050946032619663129e+00,-1.047106960852791424e+01,-1.153726747788880935e+01,-1.606855031332575123e+01,-1.613850092977509476e+01,-1.398577800191434761e+01,-1.047089348341289394e+01,-9.258588305853054479e+00,-9.185679672867115286e+00,-1.119564046581884931e+01,-1.366726112007198424e+01,-1.494510444124838422e+01,-1.738375903161844960e+01,-1.496223740828664717e+01,-9.597343923902153406e+00,-9.095048522142539227e+00,-9.334265565818274268e+00,-4.346367863518066699e+00,-3.454306014253288648e+00,-5.736145047204835201e+00,-9.640823323251609622e+00,-1.163165112747285512e+01,-1.352898040744370967e+01,-1.406080162435545944e+01,-1.150350182886494466e+01,-6.504280421196630080e+00,-6.407875738190040416e+00,-6.921650298668029500e+00,-8.750319280570611369e+00,-1.044875355770713377e+01,-8.151219764598330642e+00,-5.313882995144765253e+00,-4.318896161322307137e+00,-4.435480641523249723e+00,-6.449047036188885862e+00,-1.107819058572439275e+01,-1.787856774581106123e+01,-2.581343754072834784e+01,-2.493158100780688002e+01,-2.527247741168602957e+01,-2.676498934021569909e+01,-2.700621013802693327e+01,-2.581167774092882183e+01,-2.591034298194082197e+01,-2.561550170676152405e+01,-2.252839844567435179e+01,-1.581785505696346839e+01,-1.223014951648568704e+01,-9.677453189191961513e+00,-5.556952465521661999e+00,-5.100136374396488925e+00,-8.675278188590716866e+00,-1.554921916642583390e+01
-2.082599908785712373e+01,-1.449809427906695980e+01,-1.178286591687596818e+01,-1.113479993397131906e+01,-9.413185181474327479e+00,-8.823478076691017691e+00,-8.698428553746158087e+00,-1.155823503490677417e+01,-1.781801533564589235e+01,-1.766117277987917689e+01,-1.135808063987502514e+01,-1.035009440320326846e+01,-7.552335417472329837e+00,-8.000753923042683624e+00,-1.100987799051112681e+01,-1.382015175837323184e+01,-2.048686879201042998e+01,-2.373850336469205757e+01,-2.298452696943641627e+01,-1.342748482603775884e+01,-1.174043726293664314e+01,-1.156563541069066581e+01,-1.111959978499750967e+01,-5.178266008239225116e+00,-3.415026345899126348e+00,-4.502626728854681737e+00,-9.438467333191319142e+00,-1.295638527278613239e+01,-1.375711783968416313e+01,-1.546543178970652477e+01,-1.389939173271781492e+01,-1.512344875998963012e+01,-1.890135384323005496e+01,-1.378698265104365461e+01,-5.133164654930535420e+00,-1.597028336183980324e+00,-1.008953846318610514e+00,-3.485222329506370453e+00,-9.129936388112549039e+00,-2.142690282835996385e+01,-2.149360930650754042e+01,-1.905518528572598669e+01,-2.055809962749481201e+01,-1.993243027898602193e+01,-1.996323758229277345e+01,-2.158347533609634183e+01,-1.988940707005952646e+01,-1.391571909234039772e+01,-1.314084017411210503e+01,-9.148782809426013074e+00,-9.573078799068479583e+00,-1.307366853190544020e+01,-1.645753363738382546e+01,-7.221381734188337731e+00,-3.353596252718366255e+00,-2.892010092399174059e+00,-6.214149450449118817e+00,-1.276326948269865547e+01,-2.174788885009019879e+01,-1.849561664215604040e+01,-1.437510946998022554e+01,-1.478042403109987823e+01,-1.782697109620373865e+01,-1.854345595478115172e+01,-1.654732728542241915e+01,-1.677413167810081518e+01,-8.352616942914805165e+00,-6.565841365129427842e+00,-8.190673058449913668e+00,-5.037734792328831368e+00,-4.241650731938268137e+00,-7.125911752693355083e+00,-1.704578120278236497e+01,-2.024490938419686259e+01,-2.155495560796637378e+01,-2.385838279509006554e+01,-2.623806316960126850e+01,-2.595341352233312904e+01,-2.519779831036589357e+01,-2.610045407947741225e+01,-2.488540785832512725e+01,-2.155557120294499285e+01,-1.296774869843533118e+01,-6.759828168422655992e+00,-3.478946612853752729e+00,-3.185807270999241769e+00,-5.765468059625840525e+00,-1.276376400406199352e+01,-2.023452650335498149e+01
-1.747380440934260193e+01,-1.507928121179566361e+01,-1.602399082829181509e+01,-2.001847180208765309e+01,-1.710752377563849436e+01,-1.685050958619081740e+01,-1.266603267820257805e+01,-1.354576970491194210e+01,-1.967210851217571133e+01,-2.165493185538098331e+01,-1.168245862659655110e+01,-4.132753328861374698e+00,-1.330228166628447006e+00,-1.431254309050640883e+00,-4.580069969247158035e+00,-1.197731351404261702e+01,-1.873897000721522588e+01,-2.017492461563053041e+01,-1.972488935459825399e+01,-1.234146434696097039e+01,-5.389193515837738424e+00,-2.618144293923606813e+00,-2.129750067564655236e+00,-2.837547998892885559e+00,-3.352690872263611510e+00,-2.383375451163059822e+00,-5.787234830668308128e+00,-8.244406261850722117e+00,-7.889690470426602431e+00,-1.201893666095303459e+01,-1.308262561048780093e+01,-1.007348619412658763e+01,-9.283985830843448639e+00,-6.265867725000681787e+00,-2.586914735172456847e+00,-1.461135277205104943e+00,-1.206047248714113396e+00,-3.515846288597116676e+00,-8.966493048614129435e+00,-1.637543966447500310e+01,-2.039619909731068859e+01,-1.938259849064332130e+01,-1.931832407739825541e+01,-1.907512132565777918e+01,-2.334807701935445579e+01,-2.382251550559710651e+01,-2.228883805310815802e+01,-1.199793589294404939e+01,-5.248816231363697682e+00,-3.233732342219358458e+00,-4.401457783361700571e+00,-9.324038364049187066e+00,-1.168086673540441289e+01,-5.751909027646358474e+00,-4.748649095010040178e+00,-7.482993526566297682e+00,-1.062196331499214530e+01,-1.515439742848389137e+01,-2.231506552194294102e+01,-1.972952431754061919e+01,-1.392188875657275204e+01,-9.496239172336750300e+00,-8.630741465024481585e+00,-8.272850282031594560e+00,-8.010621019677587995e+00,-9.633814521301957257e+00,-9.766783580744176518e+00,-5.245577281579039131e+00,-1.953466076023974596e+00,2.483528316711579864e-01,2.365633872131067683e-01,-2.162905666354607792e+00,-7.167922878779709350e+00,-1.051202860810702866e+01,-1.408774584935123819e+01,-1.771489809868030818e+01,-2.068369773545659740e+01,-2.093269330173506759e+01,-2.020792033080767780e+01,-1.988094314775968741e+01,-2.332552948392423531e+01,-2.205918344698454092e+01,-1.461144966738564577e+01,-1.049771755709683951e+01,-9.850921478878735371e+00,-1.009132849766795736e+01,-8.031101995841003927e+00,-9.457335640613298011e+00,-1.555170522058816829e+01
-1.301749171529497495e+01,-1.486760208660498606e+01,-1.902669213051186503e+01,-2.066574131456532726e+01,-2.023195980545273542e+01,-2.056528166003693414e+01,-1.377427818631767309e+01,-1.027363834972668499e+01,-1.039915940322373977e+01,-1.277752911775631972e+01,-9.941650593191161178e+00,-4.353878520877289660e+00,-1.391002916868858685e+00,-1.560173911980836436e+00,-5.264284338830108823e+00,-1.424928796739506609e+01,-1.647898425016187929e+01,-1.246447656298042261e+01,-9.825276617773045729e+00,-6.623873822641369813e+00,-1.576486026371051841e+00,1.054214954062862253e+00,1.061448022860182805e+00,-1.533244387458491786e+00,-3.095178764528565107e+00,-1.395301531288572372e+00,-2.539179270009552347e+00,-3.227388991512134098e+00,-5.110362962000351672e+00,-9.258404031283873792e+00,-1.030433556459900046e+01,-6.509622921172837806e+00,-5.000512069245254487e+00,-4.639062744761376145e+00,-6.725955693015331249e+00,-8.671838134310132062e+00,-6.330633474892019663e+00,-7.867543087529957013e+00,-1.235547014600352256e+01,-9.864763623789736258e+00,-8.514863340254116508e+00,-7.950693937844800274e+00,-8.909917342707625920e+00,-1.194087784720542800e+01,-1.980999992843857527e+01,-2.469461152248812752e+01,-2.285005020378227414e+01,-1.207337592777452961e+01,-4.729465174999900157e+00,-1.158793512317334518e+00,-2.577295035283130309e-01,-1.744815323589355760e+00,-2.998193849721062065e+00,-4.535367898418939170e+00,-9.080496367655301881e+00,-1.453492069334015824e+01,-1.698284863618979657e+01,-1.785140235352336902e+01,-2.009141870190326529e+01,-1.639878946946079452e+01,-9.535479843168330305e+00,-5.165603171165724206e+00,-4.084499697516062788e+00,-5.147953782118577237e+00,-3.468514775311140053e+00,-4.210907960856767218e+00,-5.964421110941951376e+00,-4.898502737290709064e+00,-3.615250398765521123e+00,-3.262521943682717307e+00,-5.440287375451534402e+00,-5.994615216784116463e+00,-4.522557300676528946e+00,-7.064337205169792355e+00,-1.134694676739828978e+01,-9.365717901771230203e+00,-7.969470522009340030e+00,-7.850007101109153673e+00,-9.125691991103323630e+00,-1.346129617296663383e+01,-2.157088814283672207e+01,-2.323893329254666540e+01,-2.039770239098627869e+01,-2.130938545832956521e+01,-1.936137659926163579e+01,-1.360028895847779395e+01,-8.168920661273755712e+00,-6.297361703295456969e+00,-8.399067090866260799e+00
-1.990499150304865950e+01,-2.043714023174199923e+01,-2.152583164559271012e+01,-1.733227108654223159e+01,-1.511843833977118479e+01,-1.495998809884365421e+01,-1.007669999949017914e+01,-6.146814351243183872e+00,-5.938866634566084990e+00,-7.985059949688445791e+00,-1.208196181282961312e+01,-1.074728496406311429e+01,-1.016420358814355041e+01,-5.999123167890803465e+00,-4.654700347803588656e+00,-7.022821746934625686e+00,-9.150751458554479356e+00,-5.238885014487738800e+00,-1.757364096850440482e+00,-1.496425625948669458e+00,-4.348760793544001579e+00,-2.833771634447787680e+00,-3.459357779429519830e+00,-5.678148843338397533e+00,-4.330392127732756613e+00,-4.882474858958022246e+00,-8.422287340314456472e+00,-7.489474270221448293e+00,-6.592837612431748262e+00,-1.052785758595717525e+01,-1.538349685453830773e+01,-1.291520161691464885e+01,-1.318698511692814357e+01,-1.194088647598610820e+01,-5.974704890771019627e+00,-5.166200802472412867e+00,-6.664741045886412252e+00,-1.207447285938980031e+01,-1.559649546612474325e+01,-7.879669264743202284e+00,-4.209561027978596215e+00,-3.528760397176545549e+00,-5.381546621035812272e+00,-9.843730766970411494e+00,-1.769103766473612538e+01,-2.461356660835724952e+01,-2.083306480350351109e+01,-1.435517346500454039e+01,-1.195160362034811996e+01,-8.187018049250644580e+00,-5.969905274757358882e+00,-7.101428275117370958e+00,-8.659581384404486215e+00,-1.054866788620339335e+01,-1.259366213110156529e+01,-9.804177481877175637e+00,-8.287440968411308617e+00,-8.585464185905113510e+00,-1.153366908718852812e+01,-9.771557789386942972e+00,-5.262020839924426596e+00,-5.402273014523928829e+00,-1.030523827179033880e+01,-1.601190807468685051e+01,-8.326745284455162377e+00,-3.941858501138543858e+00,-4.251572348233452203e+00,-7.415615523752189020e+00,-7.312767372879767080e+00,-8.357301486782112931e+00,-1.303752319419518457e+01,-9.399879167556651538e+00,-5.464653070259811507e+00,-5.522714634586994187e+00,-8.525542877222362037e+00,-6.301682303722639489e+00,-3.906848428560826925e+00,-4.107332183454269980e+00,-6.649439376995975870e+00,-1.203173371992613205e+01,-2.066251057072689790e+01,-2.279591267090991025e+01,-2.313913562602566643e+01,-2.243521100237853716e+01,-1.935863927611730873e+01,-1.029491863573404231e+01,-5.197324406831784316e+00,-3.907859546125383332e+00,-5.773255056008360420e+00
-2.624292871288787055e+01,-2.708199994187605952e+01,-2.491616545763231017e+01,-1.678065907865538620e+01,-9.614262470625396517e+00,-6.226819571247674823e+00,-4.932977630455691376e+00,-6.202156024767940146e+00,-1.088607782663259371e+01,-1.301238368059459560e+01,-1.368831413939483177e+01,-1.428119895153475838e+01,-1.725002869269005501e+01,-1.192535893361371180e+01,-7.366502708510348718e+00,-6.444821449822949688e+00,-3.110396893497178183e+00,9.206743868911653195e-01,2.051787213922156017e+00,2.099850475297946606e-01,-3.019131878662252078e+00,-2.708503612941454808e+00,-3.728657098795126412e+00,-6.713962616328906563e+00,-1.064582435842743457e+01,-1.176679997381411091e+01,-5.493683680137479541e+00,-3.049294998059042694e+00,-3.440551935158550734e+00,-6.721285095900521256e+00,-1.453238179809168784e+01,-1.880092956069716692e+01,-2.011971112301475273e+01,-1.117232817725131433e+01,-3.516457554001949148e+00,-1.105303053067090202e+00,-1.897031665039143666e+00,-6.174660638500796495e+00,-9.773910367371220431e+00,-5.667933461585438870e+00,-6.098156439182453425e+00,-9.070118223590062811e+00,-8.154330613917874615e+00,-8.545175736559961877e+00,-1.299087654054164886e+01,-1.638017329596038962e+01,-1.544477510093746275e+01,-2.069488497963525475e+01,-1.893118674055974182e+01,-1.710129593099866696e+01,-1.569556713731665276e+01,-2.014368888937440971e+01,-2.007005228404711872e+01,-2.015911143345940459e+01,-1.574705449172428651e+01,-9.112373944960141969e+00,-4.713380071005427219e+00,-2.607616987669336250e+00,-2.145316356629801913e+00,-2.234174774149152665e+00,-3.288300698525027155e+00,-6.061762486857579013e+00,-1.090316682247290991e+01,-1.494394719152522200e+01,-1.478284052888253619e+01,-9.491593681555942297e+00,-4.246860258281230927e+00,-3.542806663606455686e+00,-4.471024563108899841e+00,-3.549519264713433930e+00,-2.600515788358450653e+00,-2.166831191894388109e+00,-3.627880943560958915e+00,-7.774968736601951314e+00,-1.151399477352773282e+01,-1.188703670134221646e+01,-1.361492367592969366e+01,-1.330613026919221475e+01,-1.411906258235300449e+01,-1.611688669462849433e+01,-2.084830180684426537e+01,-2.095368747065838022e+01,-1.711411074498542106e+01,-1.553274559616146178e+01,-1.368676096044088730e+01,-6.612839247051038427e+00,-4.337568271653096552e+00,-5.572383031137007947e+00,-9.527357656256596030e+00
-2.669174758473733178e+01,-2.747941720396056198e+01,-2.478544066543866009e+01,-1.693493459457741679e+01,-1.086959386947459727e+01,-8.179030916744604696e+00,-8.288418695890813481e+00,-1.112675207763686203e+01,-1.492201467295338269e+01,-1.424816863339646389e+01,-1.408314836383762270e+01,-1.203875504848652334e+01,-1.073260971459146873e+01,-9.495946203146647946e+00,-5.930766998475095697e+00,-6.006845736563975358e+00,-4.848203458732232463e+00,-2.103616334798868781e+00,-5.315240804601418789e-01,-2.513037540408943560e+00,-6.259024163389480755e+00,-3.732166904469433888e+00,-3.483407004928930739e+00,-6.393305243854236153e+00,-1.361796053280507657e+01,-1.199658127252320661e+01,-3.877689462225128114e+00,-5.510172209312046432e-01,-4.956174021375827632e-01,-3.796959856539068312e+00,-1.160439131313696848e+01,-2.145863113905254238e+01,-2.260771234232680271e+01,-1.001755171431634572e+01,-3.377349017902200323e+00,-2.970964437841019379e-01,-5.754021445894963449e-01,-3.410159708737724671e+00,-4.336130944850917324e+00,-5.360291083616421481e+00,-9.226601845787879341e+00,-7.035958280800876707e+00,-3.872571859459736032e+00,-2.391543292831734391e+00,-3.333492770607732414e+00,-6.821418736886260881e+00,-1.253327711094591024e+01,-2.035563387189592532e+01,-1.835085683119924482e+01,-1.529353525405539571e+01,-1.335419985539931176e+01,-1.528864712531405345e+01,-1.497328172545683955e+01,-1.404622328012509413e+01,-1.359662402751750498e+01,-1.022028828473915674e+01,-1.006755787559917970e+01,-5.798835078748888705e+00,-3.753392041177677996e+00,-5.667020151339107414e+00,-1.135686445785196241e+01,-1.192933563137412989e+01,-1.581254022910182577e+01,-1.822281775438695917e+01,-2.190293951679889517e+01,-1.277668438459697597e+01,-6.492100214823744331e+00,-5.550831203734068353e+00,-7.170470712664432256e+00,-3.418684006437547218e+00,-2.888525385564303605e+00,-5.724857153335964455e+00,-1.233645621054154518e+01,-1.434512550400611985e+01,-1.673225498737249239e+01,-1.875652654278547260e+01,-2.245556869004902012e+01,-2.044491262543470356e+01,-2.111096762983422437e+01,-1.978249519301536452e+01,-1.861717104284386792e+01,-1.553045772968378202e+01,-9.257542375335120255e+00,-5.366146908442776642e+00,-3.370174002499298549e+00,-3.880562252119967859e+00,-8.098523152501959643e+00,-1.403951053108487734e+01,-1.492645887235053515e+01
-2.640008048007362618e+01,-2.712280735933691034e+01,-2.544188710621424931e+01,-2.060639471398260270e+01,-1.922204143122622710e+01,-1.874318720075421041e+01,-1.760830775508306800e+01,-1.850540188380650264e+01,-1.739314287318322982e+01,-1.324244704640897652e+01,-9.185954416604866779e+00,-6.454927488825375370e+00,-3.449503863470180676e+00,-9.653714706751874708e-01,6.776688371293064783e-01,5.736229927139007145e-01,-2.209870720397299149e+00,-5.695507963686915254e+00,-2.745197062343849304e+00,-2.699162062425586317e+00,-5.647346916727554067e+00,-8.532090781550659031e+00,-6.490833704632923862e+00,-8.342153455081739111e+00,-1.443950736253781386e+01,-1.112625494935458725e+01,-6.204273513609305013e+00,-3.853181393623406503e+00,-3.810936463501783944e+00,-6.049392297975998645e+00,-1.151423906652551032e+01,-2.151805012387440641e+01,-2.059083888225985604e+01,-9.394171228982452604e+00,-6.676682981725473809e+00,-7.314965331559095674e+00,-6.508936864723052551e+00,-6.813961193105556369e+00,-5.837347106713997924e+00,-3.752342842568300085e+00,-4.323401804844484886e+00,-2.914244007851396479e+00,-3.962058442769067934e+00,-4.215415085399789596e+00,-3.768364796898138636e+00,-6.292609277440416982e+00,-9.891818290814422099e+00,-1.152243598488936804e+01,-1.226602831213994094e+01,-8.138031174148663283e+00,-4.320859146568332143e+00,-3.414572026988299314e+00,-4.009459183316789854e+00,-6.528253932644550339e+00,-1.012510138346736532e+01,-1.248030010022615066e+01,-6.728936438161627898e+00,-2.932349722554095095e+00,-2.272944057427580322e+00,-4.671115526775444060e+00,-1.127329001704553058e+01,-1.870482394749060617e+01,-2.364095462892288424e+01,-2.388385146184075225e+01,-2.298593105767902500e+01,-1.472074122446820255e+01,-9.616864101331037418e+00,-6.047342789352388337e+00,-5.045614838152003401e+00,-5.240101459443121001e+00,-7.397791948085441049e+00,-1.230727830820513802e+01,-1.914610377827981225e+01,-1.883056372269652101e+01,-1.651128651683491810e+01,-1.502874984239277012e+01,-1.475446675997927670e+01,-1.548577247279927249e+01,-1.700252450722500797e+01,-1.982625232155161754e+01,-1.485341798900661558e+01,-7.071591805022461763e+00,-3.297201558527417475e+00,-2.690735263480363848e+00,-6.310792492306966039e+00,-8.428022460381788150e+00,-8.963420196583395949e+00,-1.064330333740191392e+01,-1.312304048609912854e+01
-2.131056096320761739e+01,-2.046983167999669107e+01,-2.073659654488240989e+01,-1.998900346648424176e+01,-2.057685121378504078e+01,-2.237363742885732876e+01,-2.432163211815339210e+01,-2.404930756862898633e+01,-1.981095938216474650e+01,-1.416246363632660987e+01,-1.445341965309659393e+01,-1.230642903254444498e+01,-1.061411617211717484e+01,-7.736436601325561213e+00,-3.205683420358411251e+00,-2.639566271842012757e+00,-4.212977003508892260e+00,-4.672821040937495063e+00,-7.395560964073677468e+00,-5.731228189360826342e+00,-3.287468580545724439e+00,-4.267033910414482101e+00,-4.206819801962465633e+00,-7.138075923112998211e+00,-1.314958471104614723e+01,-1.659044361562657244e+01,-1.790671935879198173e+01,-1.589698498253535419e+01,-1.458920928858276511e+01,-1.561267908488897405e+01,-1.239542452643688542e+01,-1.358102685392351106e+01,-1.399739959768782960e+01,-1.098465328512335226e+01,-1.012463685354792098e+01,-9.011037142989330562e+00,-6.185383356750515205e+00,-3.053201253014735883e+00,-2.875072732401041886e+00,-5.522783174340550438e+00,-3.516298412184294175e+00,-1.343450570829156643e+00,-3.372957753710784878e+00,-4.082570768664885108e+00,-4.345323933372921665e+00,-7.007504560709826080e+00,-4.457819699610870323e+00,-4.379427667062981477e+00,-5.059416527733822555e+00,-1.972627930779927485e+00,-1.662291867084296992e+00,-4.666161051077795996e+00,-8.335187758599177599e+00,-8.082691157670845783e+00,-1.189808546510854192e+01,-1.219111425356757294e+01,-4.198148082269537618e+00,-1.027486300591337498e+00,-2.961406028300831994e-01,-2.333749953175534131e+00,-7.411047946689720334e+00,-1.815978771582581786e+01,-2.387379949612725127e+01,-2.509278272506885799e+01,-2.386516472092248620e+01,-1.899676126107237550e+01,-1.600014338098970512e+01,-1.629118590829963864e+01,-1.669206885153189646e+01,-1.583932936774160716e+01,-1.601624269324137728e+01,-1.891049817809484779e+01,-2.176551616729650362e+01,-1.728342443122003402e+01,-1.062339489710958418e+01,-6.381636741690170034e+00,-5.047730305925347771e+00,-5.540560943865798116e+00,-7.868288920409767684e+00,-8.129510470133807232e+00,-4.435866847680706826e+00,-1.445387302281438302e+00,-2.541060095372841054e+00,-7.547970855258460787e+00,-1.292025152857142345e+01,-1.310993033781983819e+01,-1.089924780587504749e+01,-8.471759780008989438e+00,-9.381793076830698297e+00
-1.730779644241906823e+01,-1.413775261362692426e+01,-1.352918086016088495e+01,-1.387116909027099609e+01,-1.692579368182591182e+01,-2.157188215291589728e+01,-2.237949787046676420e+01,-2.046542667804803983e+01,-1.825321696216898815e+01,-1.418199204681511283e+01,-1.209159935148138665e+01,-1.183741235643401168e+01,-1.168879410736542823e+01,-1.105961599744352242e+01,-1.056143406190370193e+01,-1.289266151943265015e+01,-1.161505830146484364e+01,-8.130100589091505014e+00,-5.602615303654027379e+00,-4.493612933503919216e+00,-4.331874097858492867e+00,-7.555887497262591346e+00,-6.744052177533171211e+00,-8.256967756981239859e+00,-1.268506831065156426e+01,-2.008138065051315380e+01,-2.400460936073073626e+01,-2.358756250725652848e+01,-2.272589671522154831e+01,-1.982902484728877823e+01,-1.160395332476250196e+01,-6.872459240425798477e+00,-4.993462794593402698e+00,-6.287925666782837375e+00,-5.877297405363585803e+00,-3.215587538632011189e+00,-3.484981510087959755e+00,-7.440040744953137164e+00,-1.021822156381786328e+01,-4.350530404538000440e+00,-9.569144942202514326e-01,9.168868365647669938e-01,-2.001750990695887189e-01,-3.350260492029102810e+00,-2.946937930530166394e+00,-3.290241615835302280e+00,-4.166554877219399877e+00,-6.005989080308971495e+00,-6.038903935679367230e+00,-2.886499518094430172e+00,-3.108931725536633994e+00,-7.172925327729461564e+00,-1.194399331297193179e+01,-1.556202713708232288e+01,-1.330778633831138968e+01,-8.032586327172760221e+00,-5.557129779368414901e+00,-6.867769953486233092e+00,-4.767407997141074105e+00,-3.511959994624936243e+00,-6.436581865289157101e+00,-1.600422671056331581e+01,-2.168697897294410026e+01,-2.295037051161429176e+01,-2.107468974500670456e+01,-2.065179784495131443e+01,-2.218420418402306282e+01,-2.373653643651116241e+01,-2.447917924608503171e+01,-2.366393446205253781e+01,-2.153482115896124682e+01,-1.955027384686290759e+01,-2.091746889469318660e+01,-1.573861820715710635e+01,-8.859740972518920898e+00,-6.275699035565655670e+00,-6.166792542022421664e+00,-5.430114725018199806e+00,-5.012726477809912318e+00,-1.612167657591066394e+00,4.738406314666880337e-01,-5.381462728968800652e-02,-3.654263534537635749e+00,-6.807503407080880642e+00,-6.238953109529513874e+00,-7.384216386366187379e+00,-6.465086438097899624e+00,-7.561391103984718143e+00,-1.242347049533872649e+01
-1.568813692178941288e+01,-1.534817066766265725e+01,-1.670025996516521616e+01,-1.498272687062284980e+01,-1.342534523440482985e+01,-1.377251315654668673e+01,-1.294660266897732193e+01,-1.293768364235870827e+01,-1.541159624667992212e+01,-1.475498271391804117e+01,-1.390527620530666297e+01,-1.139653534190099116e+01,-1.110079736548258822e+01,-1.169305882619735826e+01,-8.286333703758048230e+00,-8.803898530330375394e+00,-5.494678539869942924e+00,-3.188159699082379728e+00,-2.239022496370679516e+00,-2.784033339320072908e+00,-5.843376480098953607e+00,-1.252806272452935232e+01,-1.586498106601542979e+01,-1.736162607831166227e+01,-1.819215403553238630e+01,-2.193811307096839869e+01,-2.492218694651037225e+01,-2.410083698688593046e+01,-2.410153352228322277e+01,-2.243518254810706125e+01,-1.270184581799614776e+01,-7.172736517916944443e+00,-5.344744346965860871e+00,-5.142367353127163199e+00,-3.553215139107848586e+00,-4.091741937527754835e+00,-8.263023529061698014e+00,-1.234863048030021559e+01,-1.634225268426694200e+01,-6.654563817650752000e+00,-2.648487998282053724e+00,-2.233433674632298693e+00,-5.298126573065169431e+00,-1.171800917710061185e+01,-1.408463184807197521e+01,-1.473555037802211309e+01,-1.412604635998718727e+01,-1.033716013019246205e+01,-8.061303957288426858e+00,-6.899966016747897335e+00,-7.327733001314607364e+00,-1.011720599760686490e+01,-1.545802168828204159e+01,-2.245623874305782408e+01,-1.435574504038445021e+01,-7.326271970021097424e+00,-5.011184516033732272e+00,-5.006458423303482341e+00,-3.650222381534881322e+00,-4.403775162098551021e+00,-8.290436714663542261e+00,-9.656899372549881733e+00,-1.086747512523841053e+01,-1.085269554172243467e+01,-1.121637744316481111e+01,-1.405149612570167506e+01,-2.013060835967386453e+01,-2.434469907803643096e+01,-2.509423247853615990e+01,-2.450669866755492876e+01,-2.175459294211595562e+01,-1.501012844250614542e+01,-1.206005480325311652e+01,-7.687985898128578022e+00,-4.416373573579734035e+00,-5.132928104680801518e+00,-5.435931736749554766e+00,-5.212790880825798112e+00,-4.043193467444551104e+00,-1.734009638689965938e+00,-3.872040748060505688e+00,-5.154282996557912000e+00,-3.260513483266577417e+00,-4.139888570293839720e+00,-5.202009605418862925e+00,-2.146051811936654730e+00,-2.197297936727300005e+00,-5.740504182966187585e+00,-1.336316717163960810e+01
-1.611379448453286400e+01,-1.361478093871496675e+01,-1.405361407950408470e+01,-1.403923990134905964e+01,-1.453010079735203774e+01,-8.530308681995348863e+00,-5.038072671097023836e+00,-4.355874669787130671e+00,-6.331945122744803811e+00,-7.739622187569625389e+00,-9.744293624297119649e+00,-1.064340890350198343e+01,-7.567400352847307055e+00,-5.729757399487316327e+00,-3.200323915704244460e+00,-2.949966967908518534e+00,-3.505701765227236422e+00,-5.711674435164856511e+00,-9.872334546584607295e+00,-9.425886750557369353e+00,-9.915660801686739134e+00,-1.309869435765689438e+01,-1.909535919096236967e+01,-2.250487795449737405e+01,-2.247942468456755805e+01,-2.242530243916619170e+01,-2.393914616914620197e+01,-2.276153585068265173e+01,-2.304702439881805276e+01,-2.381068203861552135e+01,-1.359556989338164890e+01,-8.437371936731768329e+00,-7.811672642042762682e+00,-9.404468222108102182e+00,-7.488081536108725622e+00,-9.048886948286142484e+00,-1.393193974351524389e+01,-1.471316053186144224e+01,-1.441865271822850580e+01,-1.016581494512414530e+01,-7.526477766776443090e+00,-8.265259646159366369e+00,-1.139559634623670981e+01,-1.388053965658173539e+01,-2.208899798966888284e+01,-2.235901693652446909e+01,-2.039060159554158957e+01,-1.476527896680329910e+01,-1.506922357691857961e+01,-1.596693660083569988e+01,-1.424183688531244663e+01,-1.549298450104276093e+01,-2.044024008736574416e+01,-2.257458928653172237e+01,-1.705973596949326421e+01,-1.104974487267042527e+01,-7.791038682810346394e+00,-8.269738892499441718e+00,-7.855715343826695118e+00,-4.338482756363718273e+00,-4.217053141294369034e+00,-3.173318088894947930e+00,-3.400208999922750941e+00,-4.209905770488250987e+00,-6.236291482484430659e+00,-1.066282510130029060e+01,-1.871916110892044927e+01,-2.336910421149174866e+01,-2.093880115057292812e+01,-1.996010289156347284e+01,-1.906346382234329440e+01,-1.217658022113312377e+01,-5.241352724177496647e+00,-2.149988638354409343e+00,-1.876195900585533982e+00,-3.874477036741975411e+00,-4.929558895187605039e+00,-2.216295758796211768e+00,-2.231087087499523947e-01,-3.056104662810641415e-01,-3.472592888191636362e+00,-6.490658281441021416e+00,-1.080400971118780973e+01,-1.081515328939023846e+01,-6.014530566766073783e+00,-1.622659143967259965e+00,-9.126842829577810345e-01,-3.570445751883369656e+00,-1.013002194766711384e+01
-2.039948117464108535e+01,-1.753134702202072859e+01,-1.697414254066639216e+01,-1.764694442157458454e+01,-1.382319795009785146e+01,-6.693442525944315769e+00,-2.978176982723232502e+00,-2.790849776224310297e+00,-6.318103029665754100e+00,-7.021927035728791289e+00,-6.119648448730769630e+00,-8.090450208438070945e+00,-5.108339902680083533e+00,-3.154827059995858995e+00,-4.582192355339744338e+00,-1.035844540486070287e+01,-1.222741486200768612e+01,-1.196730844105096736e+01,-1.405642704676864696e+01,-1.695363346974652430e+01,-1.893924319385585875e+01,-1.867305119055554385e+01,-1.697061100848635462e+01,-1.929009607770389323e+01,-1.883691360224458577e+01,-1.808238671327892177e+01,-1.842314750897256914e+01,-1.819826846194446546e+01,-1.973741073626324649e+01,-1.985064212182410515e+01,-1.342242342054395721e+01,-8.054467465644492563e+00,-4.248672032826824818e+00,-4.259641091514350997e+00,-6.151808052134692950e+00,-1.180255387510572085e+01,-1.057533156423640364e+01,-9.058799786227089257e+00,-9.593297788747271682e+00,-8.781893502724798850e+00,-9.845156306162811788e+00,-1.503783459860579441e+01,-1.948131240758680605e+01,-1.956482625724677860e+01,-2.128436148077025436e+01,-2.383610865047999638e+01,-1.711348050877563765e+01,-1.201792286526887921e+01,-9.031828411987849137e+00,-8.925216784266600811e+00,-9.729799388046551201e+00,-1.290069585366356719e+01,-1.937873027199193032e+01,-2.200923891892110618e+01,-2.022369612338847844e+01,-1.390030319260475267e+01,-1.312999704950734170e+01,-1.391608987759826732e+01,-1.193766386638906596e+01,-4.833521671004985087e+00,-3.050690407312433017e+00,-4.774311747012442986e+00,-1.047592023131262451e+01,-1.086291613211309048e+01,-1.062505219394999401e+01,-1.338172581590207955e+01,-1.972443258493466445e+01,-2.279364633380918548e+01,-1.592376693747097427e+01,-1.095350982596103329e+01,-9.001191549507298717e+00,-6.223727707912151352e+00,-6.257651296157137999e+00,-5.624583769627300889e+00,-5.020358885743451793e+00,-8.501871977386562307e+00,-1.211630680424658379e+01,-1.048402661295376603e+01,-3.854741863374198996e+00,-2.254989260804132201e+00,-4.402082264143273527e+00,-1.263885688826553810e+01,-1.900722558964464071e+01,-1.302537048445608470e+01,-4.720223732852845799e+00,-2.183382279027771489e+00,-3.212778369064575923e+00,-7.778031961586242105e+00,-1.540181319247511027e+01
-2.199326797177020865e+01,-2.162348415797814383e+01,-2.174447066801831241e+01,-2.181075634992212287e+01,-1.736416390874332194e+01,-9.613955129806260658e+00,-5.404736787080764771e+00,-4.325744060813484282e+00,-6.415442676024329494e+00,-9.589505473025759841e+00,-7.448099413312467831e+00,-5.611942623006670239e+00,-5.534222003772742760e+00,-7.886738839958395531e+00,-1.179702474031233272e+01,-1.441164193744946331e+01,-1.808078569308259276e+01,-2.077846035025173421e+01,-1.939509271141281843e+01,-2.047510176314447250e+01,-2.088314351461883689e+01,-1.988764967954248419e+01,-1.293150329948367983e+01,-9.053837577987433605e+00,-6.965641711940078196e+00,-6.200190072136938291e+00,-7.873082599693670858e+00,-1.136225025904806074e+01,-1.166230364760061811e+01,-9.596284789866523113e+00,-7.494160375326759826e+00,-4.084393852122506274e+00,-3.116321370285704440e+00,-7.000875993106598472e+00,-9.363027501599232139e+00,-1.006955225664870213e+01,-8.661562004035577189e+00,-4.664574635880334164e+00,-3.848654340308411470e+00,-5.429167253182346720e+00,-9.805156537464686295e+00,-1.630533083399435768e+01,-2.220286232367493895e+01,-2.243376872593298899e+01,-2.138841991675527510e+01,-2.407932646292492862e+01,-1.683167247933552702e+01,-9.341950694869336047e+00,-5.204210738490398391e+00,-4.257028150155131918e+00,-6.004578595770929006e+00,-1.040851897225344125e+01,-1.661914110004453704e+01,-1.952514543389915502e+01,-1.873907030076908953e+01,-1.100849356149372227e+01,-7.682564523883331553e+00,-7.871857898357093042e+00,-5.876821297367061270e+00,-3.755537760857128760e+00,-5.652935650619797414e+00,-1.209836244000528005e+01,-1.358098287510692614e+01,-1.410443229155432832e+01,-1.956484297164400843e+01,-1.945652887157927680e+01,-2.071355338741962271e+01,-2.282758424335852609e+01,-1.425698605426272003e+01,-7.554049635291995912e+00,-4.039566334869180153e+00,-3.442352075651427867e+00,-3.677553376674834062e+00,-1.683885635170014217e+00,-1.080520876942384412e+00,-3.859405670221369711e+00,-9.238957164063348770e+00,-5.625413949472901187e+00,-2.593645189237549609e+00,-3.462009258344209250e+00,-6.357145753121914211e+00,-9.813717167509397044e+00,-1.200447072926208492e+01,-7.887952374560492252e+00,-6.858005517407467444e+00,-6.765384613039126194e+00,-7.550519837248594435e+00,-1.269289131182476993e+01,-1.686748559492871280e+01
-1.898545036638589778e+01,-1.632486129524116336e+01,-1.643706473551298330e+01,-1.789488087829790786e+01,-1.989558745954269625e+01,-1.613847251852652320e+01,-1.085621539811442737e+01,-9.555913404190450322e+00,-1.242638349757158700e+01,-1.647035430562227276e+01,-1.578118424576924284e+01,-1.384661741812426428e+01,-1.510751387006358115e+01,-1.714569713388170413e+01,-2.052160392309490078e+01,-1.982408141103902111e+01,-2.067885282344387932e+01,-2.166375269208635501e+01,-1.870781249211246688e+01,-1.666403553718911112e+01,-1.567054747414768201e+01,-1.642301449874289787e+01,-1.218032918567944378e+01,-5.170707205856652777e+00,-1.349135319133380140e+00,-6.810239167005187610e-01,-3.192860506145857702e+00,-9.365553787328247282e+00,-9.629529066551896221e+00,-3.954523252925478349e+00,-1.177855586934190457e+00,-1.066091139067342430e+00,-1.831137543465396034e+00,-4.373559382608516621e+00,-7.291494083191667031e+00,-9.724895075747841844e+00,-1.140551847264282692e+01,-1.110506958665704325e+01,-8.082926177552767655e+00,-8.076568827593236577e+00,-1.202239482877846122e+01,-1.487143008466950000e+01,-1.655153597118263065e+01,-1.743799020114697740e+01,-1.933096769608949472e+01,-2.293750278931811337e+01,-1.930067453169284875e+01,-1.057167333857457514e+01,-7.474032622530944359e+00,-8.364481160739311250e+00,-1.230931149568772831e+01,-1.244259696974790153e+01,-1.110528499605064034e+01,-1.298194409417394546e+01,-1.288199483704073955e+01,-7.381532675565633639e+00,-4.244618124993784214e+00,-2.475132383097617961e+00,-3.317169593498320967e+00,-4.127412342114541666e+00,-5.623313491393749253e+00,-9.642199318379836015e+00,-1.298561218627413361e+01,-1.464435947210268907e+01,-1.678825810439604638e+01,-1.694092708781249712e+01,-1.964463340608697095e+01,-2.289575652968614605e+01,-1.612389377812693780e+01,-1.208768985818203312e+01,-1.156318013269202183e+01,-1.035581597156485323e+01,-4.184738104339317921e+00,1.499483128860802927e-01,9.519793519713474206e-01,-8.815108891453986573e-01,-4.127428687834076015e+00,-4.502493782534396694e+00,-1.911164584465471883e+00,-3.953301269312903710e+00,-3.397844523345505241e+00,-1.374156935494112997e+00,-1.751321174249865331e+00,-4.970889178097696259e+00,-1.127229558659675490e+01,-1.053838674197519687e+01,-1.011219185008142141e+01,-1.278332099520174125e+01,-1.305684868912947749e+01
-1.808798435935400306e+01,-1.462488071900561337e+01,-1.255122479460293228e+01,-1.185218659020904397e+01,-1.377850269330175337e+01,-1.245212477445602417e+01,-1.024564338895611293e+01,-1.105191395336523996e+01,-1.667105261006749828e+01,-2.193947322565810154e+01,-2.045889865007615782e+01,-2.017910598812246548e+01,-2.044669923746496210e+01,-2.052359295608405887e+01,-2.159988320321965105e+01,-1.875683168092168529e+01,-2.008673135857833003e+01,-1.924271599959610057e+01,-1.451676769274518009e+01,-8.236608456876268747e+00,-6.120367411895186294e+00,-5.814010549252643045e+00,-7.757868018778586894e+00,-5.110478360955148069e+00,-1.726601156623289057e+00,-1.546645738573086737e+00,-4.917573027002898556e+00,-1.270852948848466291e+01,-1.057025256954637626e+01,-4.231458510587313704e+00,-2.577354086865846217e+00,-4.594784604345449885e+00,-3.835883566804223044e+00,-1.771175550496471685e+00,-2.927541877500208667e+00,-7.672131767398433055e+00,-1.427015251234958093e+01,-1.631655413270893007e+01,-1.003780221132407569e+01,-6.238329228826034800e+00,-6.340159918020542129e+00,-6.519898102079567437e+00,-7.187933224932591791e+00,-1.100422405210652776e+01,-1.709118244701758371e+01,-2.240257417528252759e+01,-1.736982915813761608e+01,-9.318743260731373823e+00,-6.692188647008480373e+00,-7.803903249253456131e+00,-1.090987408079585030e+01,-7.278527660820548917e+00,-3.772785365376336131e+00,-2.707838610469808227e+00,-3.362079112620114163e+00,-4.737657525541639103e+00,-6.080079613743643918e+00,-3.967943830448867892e+00,-5.226297506164493178e+00,-4.477881409141192925e+00,-2.709929471149256308e+00,-3.797005969519846147e+00,-8.677865390098633114e+00,-8.130827890120839285e+00,-8.265991954763132199e+00,-1.191893956625371942e+01,-1.905677171578084739e+01,-2.182494897949964496e+01,-2.006295445090846030e+01,-2.017579023730485943e+01,-2.029630770091723591e+01,-1.480517737488997554e+01,-7.251363343139059836e+00,-4.528144814585216338e+00,-4.561984137148785479e+00,-7.449275304822433164e+00,-1.277514158599715444e+01,-9.520515538034329595e+00,-1.714549626031053098e+00,1.358911798724246500e+00,2.270356699229127084e+00,6.155350872388116734e-01,-4.799351693869785329e+00,-6.496617243478172377e+00,-9.272728502750396729e+00,-8.778216571288000480e+00,-5.492260116607623033e+00,-5.336559962845386806e+00,-7.768345126980229054e+00
-1.947783650132946676e+01,-1.877242390195229760e+01,-1.734713209840588277e+01,-1.432633942320830833e+01,-8.802970487820473977e+00,-6.167911855349863082e+00,-6.119079721153230622e+00,-9.074757960505952070e+00,-1.614942083143650109e+01,-2.235961797004355489e+01,-2.173422118416406335e+01,-1.638652460646808606e+01,-1.483742999537546758e+01,-1.210082862712005181e+01,-1.011543670979405540e+01,-1.060100195518978339e+01,-1.124914978194895987e+01,-1.042648802072692149e+01,-8.205844497224106249e+00,-6.400460985230099986e+00,-1.588435163003666162e+00,-2.421662793146827919e-01,-2.038357839370374069e+00,-6.755254070239519848e+00,-7.370474044130275182e+00,-3.925094886549881590e+00,-4.264515147229334779e+00,-8.860128336636826418e+00,-7.642561009055690135e+00,-8.137291714437026258e+00,-5.068387432430023765e+00,-4.534218519057770180e+00,-4.670762559197688901e+00,-3.142904910796822548e+00,-5.132886568637550440e+00,-1.134349023668389655e+01,-1.672707741870019760e+01,-1.305858488728229183e+01,-6.037664278865532808e+00,-3.272459920061598027e+00,-4.172918776232273252e+00,-6.472044191302213534e+00,-5.537066486096920315e+00,-7.785670125394835495e+00,-1.431617298610228417e+01,-1.746037372162467705e+01,-1.167792931221481467e+01,-6.767116875352716221e+00,-5.632041667132897445e+00,-5.577462696465068426e+00,-3.388557044887229086e+00,-2.628507410223364538e+00,-4.112048334506414271e+00,-4.394495687169142073e+00,-5.392117824338908960e+00,-4.599534628030500727e+00,-2.592590553830666611e+00,-1.455044682827407065e+00,-2.714193258285732657e+00,-4.611906633361354757e+00,-7.535595914054858291e+00,-4.867249793247004241e+00,-3.924848554678667334e+00,-4.478943231522588775e+00,-6.762990769587065465e+00,-1.114383729687310698e+01,-1.588006872073152032e+01,-1.692018396603433672e+01,-1.619192261176001679e+01,-1.471946844705065338e+01,-1.496640416554042297e+01,-1.404710305005984239e+01,-1.447277514109934238e+01,-1.455962029144279946e+01,-1.444521223378360730e+01,-1.585914935294846906e+01,-1.630014747426025679e+01,-1.093036037100885061e+01,-3.171668831446327275e+00,4.295161323047669982e-02,4.202047551621480026e-01,-2.046107803576422857e+00,-5.463279116296566151e+00,-5.024743214137572522e+00,-6.512999309857089081e+00,-6.412901254973017551e+00,-2.806220043478603543e+00,-2.956121099975373312e+00,-6.840423870355563096e+00
-1.784878801223926814e+01,-1.519623302785973884e+01,-1.463782989889159225e+01,-1.469848642851177090e+01,-1.139293250912114175e+01,-9.725324784454546290e+00,-8.995773264339991471e+00,-1.059022821071452647e+01,-1.693908537151222049e+01,-2.138711795233245994e+01,-2.133726807106706502e+01,-1.304729142404140418e+01,-6.044052015695917213e+00,-2.142396428839380640e+00,-3.200521011525218618e-01,-6.836256489555502247e-01,-2.198419430933208130e+00,-2.274501587006025449e+00,-2.492297086015665908e+00,-3.353807056184396007e+00,-1.138002230939621606e+00,-1.503658581631874380e+00,-3.810322985588748157e+00,-9.581174791307377703e+00,-1.368576877412939474e+01,-6.766027574252365007e+00,-3.350071245664380637e+00,-2.844390955036532276e+00,-3.295725399909253728e+00,-5.780537232360102529e+00,-5.268117034401660348e+00,-7.705006913246965183e+00,-1.180980789231458594e+01,-6.963059160606305475e+00,-4.818932852014563117e+00,-6.279797911542884137e+00,-9.221120170510156200e+00,-6.827362545307277486e+00,-2.510168441530511441e+00,-2.159918308665948139e+00,-3.884239536759100275e+00,-5.743897261476158533e+00,-5.152024553906648485e+00,-7.673720386467482335e+00,-1.022997077515250730e+01,-6.876109174655792522e+00,-4.746057861155473567e+00,-6.249177540154406074e+00,-1.128884271302617570e+01,-1.036580964596832644e+01,-4.246369888226123379e+00,-3.128572821522593639e+00,-5.357638883810574626e+00,-5.090685063119648746e+00,-5.441513650668119872e+00,-3.371246616018207742e+00,-3.245272154749994531e+00,-6.112860854475275829e+00,-1.150708652846340030e+01,-1.141571032944926678e+01,-1.182056857948016315e+01,-1.217358916482531050e+01,-1.436593757847085939e+01,-1.477332618429248434e+01,-1.446168549706164974e+01,-1.564362123675812377e+01,-1.047397352699050366e+01,-6.889666832255241680e+00,-5.464699131429643586e+00,-5.896829457211315351e+00,-8.830058677304059245e+00,-1.407826769889745577e+01,-1.764690610340663213e+01,-2.182898861662785706e+01,-2.019381577986523624e+01,-1.925670021010520827e+01,-1.926911650743699767e+01,-1.426858707702249518e+01,-8.628476085771518811e+00,-7.906062780518812616e+00,-9.285496843348544971e+00,-1.169715155621039138e+01,-9.937789639804899267e+00,-6.053843883755511968e+00,-5.773129216010184805e+00,-3.355110758176541363e+00,-1.086495750366633040e+00,-1.923732572965169974e+00,-6.177575203373019797e+00
-1.813543010564675129e+01,-1.457693985709570406e+01,-1.357961690246610686e+01,-1.383814680307431288e+01,-1.257323752578936116e+01,-1.320623305327910302e+01,-1.168926674127578735e+01,-1.035425951471902373e+01,-1.317085940317999970e+01,-1.761733991759163942e+01,-2.011182737350463867e+01,-1.308428819914509411e+01,-4.641110917791388069e+00,-1.261694022040303009e+00,-1.177793637438654395e+00,-4.432688487127564692e+00,-1.136645582676129962e+01,-1.138107345612453614e+01,-4.552762408598909794e+00,-2.228878767511573766e+00,-2.929971701442789289e+00,-7.206948624455537633e+00,-6.848388717698871808e+00,-8.360180260991691981e+00,-1.423073553680477232e+01,-8.490773600295074885e+00,-6.018354946845455800e+00,-7.666170553859196879e+00,-3.957227630250128136e+00,-2.394504957709853610e+00,-3.273362777875106211e+00,-7.121895248280432078e+00,-1.271100114655673963e+01,-1.163388873401441082e+01,-5.684695802797052444e+00,-1.037041337901544402e+00,1.224368628319282837e-01,-4.182017700036237406e-01,-3.119115866916306601e+00,-8.437352299048649584e+00,-8.675966579663125344e+00,-7.035718528987993992e+00,-7.149723527126742084e+00,-1.101936581349910682e+01,-1.029246529152518796e+01,-3.649204099760916087e+00,-1.298540001849755932e+00,-2.141855362189156509e+00,-5.360123739059650561e+00,-4.994187487991302632e+00,-3.539729692426569763e+00,-2.131666569604042216e+00,-2.547041575076221420e+00,-4.709378794276792846e+00,-6.118901189706372534e+00,-4.086949869556198323e+00,-6.222233166596047305e+00,-1.126083675687922536e+01,-1.268612620839498994e+01,-1.131119515931695929e+01,-1.463126060837193521e+01,-1.709916411127363034e+01,-2.114512725790640602e+01,-2.134151059702822906e+01,-2.001344918846187682e+01,-1.755000859095638077e+01,-1.075313728823697623e+01,-6.959232904185030044e+00,-6.552269085793566816e+00,-7.234890179526536791e+00,-9.620988548250126726e+00,-1.368814710477241015e+01,-1.444721140628470479e+01,-1.490467455086851523e+01,-1.193967554275702625e+01,-1.182095257906397201e+01,-1.261113271901482058e+01,-1.270044873979754918e+01,-1.706558043795420687e+01,-1.774872414241159646e+01,-1.863448934985282790e+01,-1.981504810125307969e+01,-1.599578152473707782e+01,-8.046918770872560245e+00,-3.576362878119194733e+00,-3.245301864808863179e+00,-5.194217746905786193e+00,-8.311452525002616554e+00,-1.067660142649385335e+01
-1.826752281188964844e+01,-1.532680412342673826e+01,-1.559486292000103802e+01,-1.887830743753820428e+01,-1.780814976979019093e+01,-1.066794835983362333e+01,-6.637811248015640153e+00,-5.081109362885467995e+00,-6.421960073978381089e+00,-1.141983506733313547e+01,-1.821739713769209956e+01,-1.317976762656878620e+01,-9.384590429022797053e+00,-7.424137245797153284e+00,-6.784882666854733735e+00,-9.521358899632119233e+00,-1.604229440097521930e+01,-1.885636342557749501e+01,-1.207558093886626338e+01,-6.128474823738399024e+00,-3.500081433781555784e+00,-4.142730076882211065e+00,-4.545575896516106162e+00,-6.502419661310382182e+00,-1.183163011522221453e+01,-7.582068194572190833e+00,-4.563243247316520090e+00,-4.436149572638472982e+00,-3.736033579495672274e+00,-5.647867807999420897e+00,-7.981646969018125759e+00,-4.712199625832245609e+00,-5.590483736021433891e+00,-7.112690170796209799e+00,-5.436362553443899515e+00,-3.737514576816903578e+00,-2.358718992459510666e+00,-4.089946794975286792e+00,-1.023892254224117160e+01,-1.571327207007802507e+01,-1.796245191733639857e+01,-1.674201514263798529e+01,-1.617302550140179918e+01,-1.551657632419041200e+01,-9.906539721596509196e+00,-4.097200812897960454e+00,-2.044906613036213017e+00,-3.397179654688347483e+00,-7.162600800180562999e+00,-1.184888732905982778e+01,-1.263648846031943940e+01,-9.533649213878172546e+00,-7.863756033682957280e+00,-9.677878544518822679e+00,-1.204800595074219771e+01,-5.499044847219510146e+00,-3.672210169617126763e+00,-4.528056263114208058e+00,-5.205253905434637396e+00,-8.566524321871591852e+00,-1.299968851822659488e+01,-1.102252584347095343e+01,-1.162216557330570943e+01,-1.160128488223229404e+01,-1.167208934009523347e+01,-1.408009013466369019e+01,-1.340522506721037743e+01,-1.620875220639365111e+01,-1.588000851376612310e+01,-1.502734154283552215e+01,-1.444856664560791160e+01,-1.505984967991821755e+01,-9.864285553756513281e+00,-4.175797843768635609e+00,-1.958695137153792842e+00,-2.322892241384764134e+00,-5.419912644605943797e+00,-1.307022540013592860e+01,-2.160375500442390262e+01,-2.405005066914666045e+01,-2.338965078404075371e+01,-2.225611912756037825e+01,-1.448050547004642397e+01,-9.311915357534150672e+00,-8.049234750351510925e+00,-8.739795052299374589e+00,-1.344219615607333296e+01,-1.649146048018806709e+01,-1.648630188640795424e+01
-1.432935650814744832e+01,-1.269548850669000295e+01,-1.284089301492934787e+01,-1.440821636888317592e+01,-1.582646720839622390e+01,-1.029751153637591976e+01,-5.342679082675087621e+00,-3.739009004114265622e+00,-4.752148420963072439e+00,-7.832892529050210051e+00,-1.282315175156844234e+01,-1.235667447308848743e+01,-1.482761882660084218e+01,-1.395894374076585187e+01,-1.362575022349680332e+01,-1.517734470224021948e+01,-1.616609489379968778e+01,-1.742380951221724317e+01,-1.702216994224634306e+01,-1.026839331935222965e+01,-5.806160437209265446e+00,-5.179609580343603525e+00,-6.971831448166105893e+00,-8.305221631786876557e+00,-9.694706507195206768e+00,-9.615469216852259748e+00,-7.925225147851427288e+00,-7.368045385263919833e+00,-7.277781006242883599e+00,-9.304700123860424554e+00,-1.181688276314197594e+01,-4.263857919526727436e+00,-8.168065469796047529e-01,-5.781358743954757573e-01,-3.300567246166703939e+00,-6.490151501720231586e+00,-5.483953289883701565e+00,-8.701843676262331684e+00,-1.730408262937588759e+01,-2.005210251198675309e+01,-2.184694058195988831e+01,-1.978492178773521459e+01,-2.090253257841095902e+01,-1.655405464118584646e+01,-9.475628950093922143e+00,-8.479798298805279799e+00,-9.935090981325821247e+00,-1.075715790890661339e+01,-1.339189397818163840e+01,-1.838240638352874612e+01,-2.072946785177503415e+01,-1.513896647700689790e+01,-9.795264608877941370e+00,-8.752909137342209434e+00,-9.975157750224260766e+00,-6.319884586379044045e+00,-4.590005252293015481e+00,-1.019500133163721012e+00,-1.516992485279802017e+00,-4.996316508629842446e+00,-4.826637065298050366e+00,-2.724542461379095837e+00,-3.039348810076139440e+00,-5.177263717342140303e+00,-6.073782013323073770e+00,-9.386302027487216648e+00,-1.609622287212457792e+01,-2.225954504479143026e+01,-1.715224478477822245e+01,-1.201214368271648425e+01,-9.607322352945356414e+00,-8.830818701563472928e+00,-4.135284821327585014e+00,-1.154224082845074051e+00,-2.550661256232673590e-01,-1.042832688377912875e+00,-4.811701752637562279e+00,-1.310199124562112871e+01,-2.321559677267433131e+01,-2.508743204030775331e+01,-2.509847878692741574e+01,-2.251918735719264930e+01,-1.809228646038170041e+01,-1.756251858858237469e+01,-1.469805799301405536e+01,-9.623927171965290128e+00,-8.792925753539666545e+00,-9.203629946798310257e+00,-1.048325841274476566e+01
-1.328911720899711035e+01,-1.668109338355243665e+01,-1.643225069870626243e+01,-1.651039033904111619e+01,-1.794787456218461230e+01,-1.474639627628756600e+01,-1.023763239518144097e+01,-8.793259206795154270e+00,-1.096524976160293186e+01,-1.120894422970320115e+01,-1.006061497128995796e+01,-1.075851626682998585e+01,-1.436065234277481473e+01,-1.429331775805107618e+01,-1.064853259495326476e+01,-1.061636125582053225e+01,-1.018410442433411056e+01,-9.974595843849325405e+00,-1.295686128444241447e+01,-1.141367885582429054e+01,-6.829929620811813429e+00,-5.968473768519952039e+00,-8.521875158288425567e+00,-1.022903510793707405e+01,-1.182276258836115268e+01,-1.703267888736007762e+01,-1.609384241812211158e+01,-1.666105946562343831e+01,-1.400330103519267588e+01,-1.246423749367993494e+01,-1.130714643494527216e+01,-5.707994730849015319e+00,-3.383978697224485188e+00,-3.973008126333790191e+00,-4.265785470753698405e+00,-3.641346618585652450e+00,-4.624652230369865613e+00,-8.689431670464967894e+00,-1.493659898750764015e+01,-1.736853438302090424e+01,-1.860968719030681484e+01,-1.555840459981359025e+01,-1.363771608807986802e+01,-9.242598723312068998e+00,-7.694696554592005633e+00,-9.743175583226340919e+00,-1.516313495851100868e+01,-1.906100996275593573e+01,-1.806131606263325651e+01,-1.722120115990029277e+01,-1.851103040598388816e+01,-1.379063681865993374e+01,-7.027411444504794602e+00,-3.929696938008966356e+00,-4.531445148127867917e+00,-5.528086644996490051e+00,-3.580692036189419003e+00,-8.150008803126717050e-01,-1.832974484592984288e+00,-4.626491552664323770e+00,-4.395409980327979582e+00,-3.590625385884996579e+00,-4.814950527595286189e+00,-8.411738414737515157e+00,-7.118565597032246117e+00,-9.146154311366547773e+00,-1.404900005168484611e+01,-1.881723294311896311e+01,-1.444409252288646250e+01,-7.460800722353440051e+00,-4.102943193615603334e+00,-2.991813544267998726e+00,-3.986590121697662248e+00,-7.797147529737155303e+00,-7.632279918319020418e+00,-6.906435069238550106e+00,-8.956145256981812963e+00,-1.532790514580289276e+01,-2.419965343547046643e+01,-2.531895544833706779e+01,-2.452055999031640710e+01,-2.325301614560579111e+01,-2.327956989474762750e+01,-2.256821076314252039e+01,-1.775638769085245983e+01,-8.820400330805240330e+00,-4.691396408511283589e+00,-4.292480017233612166e+00,-6.827051583985636718e+00
-1.688841210451341368e+01,-2.074519144682059490e+01,-2.066348717087193521e+01,-1.581623175269679038e+01,-1.458405199355648918e+01,-1.414295626762218028e+01,-1.101038842407384344e+01,-1.101863584034424903e+01,-1.550358835378087541e+01,-1.796375039555972819e+01,-1.497784727139580596e+01,-1.480755336481825779e+01,-1.655895110718289587e+01,-1.346977694859181973e+01,-7.338003476311389939e+00,-3.561926666423118171e+00,-2.884377169314267686e+00,-5.154226255147976943e+00,-1.088622987718510515e+01,-9.402856522484830393e+00,-4.677954508005676360e+00,-2.288960944115415508e+00,-3.055706064300821811e+00,-6.457211610293926540e+00,-1.220117479517943870e+01,-1.179603008220070315e+01,-9.654289916269760852e+00,-9.042681900497273162e+00,-8.287110755285702623e+00,-9.163038694793428363e+00,-1.021166038378737007e+01,-9.443871347975910879e+00,-1.265379596753676061e+01,-1.543720678973214788e+01,-1.342362059167012056e+01,-1.090995209993220350e+01,-1.057139885582421890e+01,-1.063836941145416404e+01,-1.244530974115644106e+01,-9.598026091667046344e+00,-9.156722018369158889e+00,-9.777468359090836003e+00,-4.864606389649828166e+00,-1.897292323606578845e+00,-2.305832605113107281e+00,-6.176998874298612385e+00,-1.586072407181101696e+01,-2.376913584623121523e+01,-2.010652620272528779e+01,-1.369172019080111902e+01,-9.839108868649130812e+00,-5.937439930786315934e+00,-2.340889287184699796e+00,-1.781425092731693471e+00,-5.065445995616509656e+00,-2.813591642347269328e+00,-9.653416489193188399e-01,-2.056110155754687696e+00,-8.827009787887186931e+00,-1.565926043745270313e+01,-1.368724070936336368e+01,-9.484159400252471173e+00,-5.598610601478949178e+00,-5.146554931662136845e+00,-5.347088260870230592e+00,-8.799538833197710019e+00,-8.672662158573704261e+00,-9.494081305562259487e+00,-9.367196766505564653e+00,-1.047723583395319835e+01,-9.577255774037281455e+00,-9.976011235406971878e+00,-1.099533406628253829e+01,-1.421194765263033943e+01,-1.549362928213033541e+01,-1.721886329946661220e+01,-1.627776888169740488e+01,-1.616446884771935188e+01,-1.980814705217691341e+01,-2.018681682545439671e+01,-1.970218294724486086e+01,-1.869150847599918563e+01,-1.951789981619755920e+01,-2.276690693726217063e+01,-1.732161753070085553e+01,-8.817667862078300445e+00,-5.666238154235639257e+00,-6.051554954141602494e+00,-1.036819945242171848e+01
-2.218122779874873274e+01,-2.575237149941293779e+01,-2.470569857618862386e+01,-1.555729413211793855e+01,-9.511539041099691616e+00,-6.788299427892928506e+00,-6.417820457677195556e+00,-9.047356126900005791e+00,-1.552186245219151850e+01,-1.872716265961639692e+01,-1.606823460679305171e+01,-1.437954731722523327e+01,-1.500752979427351974e+01,-1.415040016980995752e+01,-9.931171972948805049e+00,-6.184930332901334538e+00,-3.060718279303912936e+00,-2.819033426453649849e+00,-7.151455065935738098e+00,-8.617379018574728988e+00,-5.003484324735932631e+00,-1.974305624028499739e+00,-2.280068213204132110e+00,-6.318085393735340283e+00,-1.468648854682320071e+01,-7.470244072881856212e+00,-3.306036623432896171e+00,-1.991222510096806175e+00,-3.776643404481963895e+00,-4.199941968202199227e+00,-5.234939353918671046e+00,-7.424041332494943468e+00,-1.378183333228405338e+01,-1.775252453187354362e+01,-2.044015632177654140e+01,-1.851602221431588902e+01,-2.058296987974554071e+01,-1.487970013188240159e+01,-9.092111518956665250e+00,-5.628366170521069023e+00,-5.286793424782896267e+00,-4.277942550508655906e+00,-9.796103403997201420e-02,1.347645545136743728e+00,2.998482847859368916e-01,-3.993731449477206485e+00,-1.395004121544665843e+01,-1.952244080188579289e+01,-1.728499001578280669e+01,-9.483291174684252312e+00,-5.480012534704423288e+00,-4.820366701646882746e+00,-5.210376436635923092e+00,-4.053128967635208468e+00,-5.717300706314669689e+00,-5.936980541247114829e+00,-2.085592509805368255e+00,-2.030730656011396018e+00,-6.723956952347679206e+00,-1.189499750845414283e+01,-1.475198777008773732e+01,-9.955222622792524234e+00,-7.272421047651677739e+00,-7.835820721952538648e+00,-3.684239276873886304e+00,-2.026134439060443437e+00,-1.321665656182186677e+00,-2.697616339032713473e+00,-7.486534510340009163e+00,-1.601080539710539696e+01,-1.984519835432669410e+01,-2.056983757198305085e+01,-2.081078025004021370e+01,-2.088926537861501487e+01,-2.239120895521981325e+01,-2.403559850212326765e+01,-1.850202064137709712e+01,-1.194703956474935147e+01,-9.497825191881423379e+00,-8.622802229304062038e+00,-8.093644487566518109e+00,-1.011811905203009054e+01,-1.492303961470611107e+01,-2.165490387167249509e+01,-1.714516055135798567e+01,-9.340102058604248469e+00,-6.666073618526745292e+00,-8.066549055558398962e+00,-1.308519484405230671e+01
-2.148985509406355021e+01,-2.398745067854573065e+01,-2.414582257880304184e+01,-1.644157476891252401e+01,-1.199901190288084862e+01,-8.420111210274516367e+00,-6.069310010823988577e+00,-7.310976354699385560e+00,-1.250031138676449771e+01,-1.168405635195567172e+01,-9.804290607459563489e+00,-7.040869672383580635e+00,-5.738659825063962217e+00,-6.127617600664524211e+00,-7.267084845530807691e+00,-8.208891556675272483e+00,-5.266248041469800079e+00,-1.021760680854558512e+00,-1.490811202395007085e-01,-1.912054270526037048e+00,-3.709209774182522956e+00,-2.722395820067005090e+00,-3.387629223385251631e+00,-7.614323282152190231e+00,-1.161790302757145810e+01,-5.445781401835147584e+00,-1.485520704582428131e+00,-1.755595800504911264e+00,-5.585956034672891590e+00,-6.588691443751068633e+00,-4.448338286489024185e+00,-3.626987611776903986e+00,-6.634801752878444425e+00,-1.284507726132869720e+01,-1.873898929671237212e+01,-1.780065223417783926e+01,-1.828996335653434002e+01,-1.438669648699294434e+01,-6.318315144894378399e+00,-3.796052403355899774e+00,-4.940356666334253077e+00,-4.820450047346153788e+00,-3.561031037953829248e+00,-5.952805881258065313e+00,-4.894795052245035194e+00,-3.426112184665144778e+00,-5.885310357170445705e+00,-9.099369177020582455e+00,-1.200869912491705271e+01,-7.125405117981415515e+00,-4.537642605210605140e+00,-5.716681232534986279e+00,-7.360699653051289815e+00,-8.341636874285855541e+00,-1.222006034177440981e+01,-1.355199097144186382e+01,-4.085613203662118664e+00,-1.483764198111961807e+00,-2.237867565478961485e+00,-7.252588682156756228e+00,-1.414122822499813026e+01,-8.340227990670312508e+00,-6.257907409192924320e+00,-6.028259414647306969e+00,-3.549076228199484540e+00,-4.329550097360367111e+00,-3.254598815930671130e+00,-4.118964219567386564e+00,-8.221771227686028638e+00,-1.678501273994158893e+01,-2.407097199267910881e+01,-2.339963349274226445e+01,-2.293138046461836765e+01,-2.367066945438098102e+01,-2.411782465034857736e+01,-2.439797859801385727e+01,-1.681059251512800046e+01,-9.167953942951402979e+00,-5.865134336446461205e+00,-5.448256633391506121e+00,-5.607906361271564499e+00,-6.094268593797109723e+00,-1.114718076194587582e+01,-1.623394547358043383e+01,-1.253796225203607229e+01,-9.717339240518727550e+00,-6.422243566889512145e+00,-6.918754144718772814e+00,-1.085024146567609904e+01
-1.675411533861231916e+01,-1.803894730080339315e+01,-2.140182137130794615e+01,-1.925420793017050514e+01,-1.593729486501306525e+01,-1.313805884436557214e+01,-7.092670029491410233e+00,-5.123395792299643148e+00,-6.906745450837271427e+00,-1.127461736811731008e+01,-1.448730087325088967e+01,-1.021119540078299437e+01,-6.158332617211162763e+00,-4.686426842263094805e+00,-5.145270031757820384e+00,-8.119731836749199516e+00,-7.523914284051809176e+00,-3.386462835218193579e+00,-2.192617515574692533e+00,-4.138457229214762556e+00,-7.818435584180953413e+00,-7.979153049185423896e+00,-4.487469142316875548e+00,-4.556750908409966883e+00,-4.351678086551522107e+00,-1.587841738451095441e+00,-1.929876131961416164e+00,-3.678158641943385820e+00,-3.184577193377273296e+00,-5.515537471351164456e+00,-5.268586364026790925e+00,-2.548898569085894295e+00,-2.537123936734379193e+00,-5.206167712247461665e+00,-9.159328056009192309e+00,-1.320701953701506959e+01,-1.013340263483219594e+01,-6.142894361700330208e+00,-3.180023671094594384e+00,-3.390567053361494665e+00,-6.770938716884842279e+00,-7.544538824675478317e+00,-9.040229845876083914e+00,-1.587781455271170117e+01,-1.370197440111743603e+01,-7.393022693196465767e+00,-4.554942713308155255e+00,-4.417420239376842694e+00,-7.452875811428959274e+00,-5.345410140861470261e+00,-5.222685931180429009e+00,-3.036221193192575551e+00,-2.705529029860994417e+00,-5.549844502461102280e+00,-1.068585084266767993e+01,-7.416370590695327003e+00,-1.877400198799060727e+00,-6.952993977848611618e-01,-1.815334912685150570e+00,-6.531270681915426479e+00,-1.183204651416692599e+01,-8.492414889030886371e+00,-5.104315111063476351e+00,-4.825475561439542815e+00,-7.577138243537199891e+00,-1.238769523985859067e+01,-1.137762233177970295e+01,-1.222174081497622566e+01,-1.458377963976752412e+01,-1.965263454896166806e+01,-2.310842320793553384e+01,-1.837365375515213728e+01,-1.653072203101968540e+01,-1.593112244462608373e+01,-1.780712495352092617e+01,-1.929111155710722159e+01,-1.328673757915209919e+01,-8.978655837980427989e+00,-9.176721090660954872e+00,-1.371646265282218558e+01,-9.862586034643918254e+00,-5.115917040441269492e+00,-4.704401604260521452e+00,-5.577606539887067783e+00,-7.430154380183736862e+00,-7.041679339868514020e+00,-5.303348309563514995e+00,-7.169775810456814114e+00,-1.377741264310994573e+01
-1.486282801538481735e+01,-1.747128744143292423e+01,-2.183758205758001480e+01,-2.474492455245857059e+01,-1.917055652553873912e+01,-1.066579807611336328e+01,-5.655468435215770917e+00,-3.955812587773889444e+00,-5.639747131587867557e+00,-1.141143568834864119e+01,-2.044802485462418318e+01,-1.878456565849763038e+01,-1.667322512811287893e+01,-1.508462720885312613e+01,-1.365636561777358615e+01,-1.400947537771741302e+01,-1.248211154095212372e+01,-7.093972403920234981e+00,-5.783671662995689466e+00,-8.845309041496506097e+00,-1.169985827960466018e+01,-1.145156786047426323e+01,-8.139552904699081992e+00,-5.492788838712792554e+00,-6.128156315353243677e+00,-5.580990857515165438e+00,-4.060348183490839702e+00,-4.906625414603298374e+00,-1.801545910461091582e+00,-1.857413027530949279e+00,-4.298329666206137212e+00,-8.044473589418974058e+00,-7.779808716057218909e+00,-6.617566791356058076e+00,-8.153515706833143639e+00,-1.253878071792143700e+01,-8.782279703850136343e+00,-6.181072842581827764e+00,-5.921121877275015599e+00,-8.182471408543730007e+00,-1.418340958329967982e+01,-1.479444941094047117e+01,-1.613728855068522350e+01,-1.742467690410470738e+01,-1.675868236032643566e+01,-1.562368498440075726e+01,-1.310073185751312685e+01,-5.894775227160382158e+00,-2.451149683116577993e+00,-2.233245254805392932e+00,-4.404781671072867333e+00,-2.078521690340152439e+00,-1.134687298198958860e+00,-2.478172196924637749e+00,-4.364068256599847651e+00,-2.051444239941551562e+00,-1.782079338917991862e+00,-4.519083775323246677e+00,-3.138324550818651915e+00,-3.565240423527679337e+00,-7.065609623579995002e+00,-9.792975304942382664e+00,-8.396903358455887201e+00,-1.098617679284031290e+01,-1.649150826070541598e+01,-1.746029606797641520e+01,-2.033095609514336743e+01,-2.227046943069400697e+01,-2.304496644851856502e+01,-2.319819135773450824e+01,-2.251110968733192408e+01,-1.308690066624404835e+01,-8.050492536304588498e+00,-6.347406588046622389e+00,-7.407623843975273736e+00,-9.913745498984940951e+00,-6.771002732700479143e+00,-6.107130658441692006e+00,-8.368241137579866873e+00,-1.371009146091633291e+01,-9.759949560452223949e+00,-6.937461409129594081e+00,-6.820796961307917350e+00,-6.276201384863290933e+00,-3.756315836734120950e+00,-3.353780736824623521e+00,-5.267450935186300143e+00,-1.112802018617328770e+01,-1.703508457205349202e+01
-2.280883438067328584e+01,-2.307971663582593891e+01,-2.485713539983993314e+01,-2.763450199141538377e+01,-2.100613831756706418e+01,-1.218268230714295974e+01,-8.386628776564634791e+00,-7.376774143455619992e+00,-8.598541051373445043e+00,-1.168626773178129241e+01,-1.867446117831352126e+01,-2.429168887245923969e+01,-2.495432519195671262e+01,-2.528905388287135381e+01,-2.274153685031976835e+01,-1.937965273498592467e+01,-1.290391916619207713e+01,-6.825700936909008476e+00,-3.939034120928972094e+00,-4.524007861327407731e+00,-6.967175021655577893e+00,-1.080685355878414100e+01,-1.317543107584903161e+01,-1.341267790919856040e+01,-1.330404983822228360e+01,-1.113191000613054804e+01,-6.345919483586361487e+00,-4.449534320876464832e+00,-3.764225667659403474e+00,-5.535531026595692516e+00,-9.805441262326517915e+00,-1.649996859328190979e+01,-1.804175491843904666e+01,-1.572667092443408876e+01,-1.689660966351516436e+01,-1.630165515716810987e+01,-1.676251897865668283e+01,-1.586009289806050404e+01,-1.710471284568757966e+01,-1.746988812335451868e+01,-1.810590348745647304e+01,-2.037765707109207369e+01,-2.437305083310693732e+01,-2.296720121498394818e+01,-2.280378243080655309e+01,-2.426205752308207408e+01,-1.997089459931940070e+01,-8.716813610236448184e+00,-3.694823897982898675e+00,-2.087217385579544615e+00,-3.493409748062669795e+00,-6.850061542323013342e+00,-9.839202671621652740e+00,-1.175332041391209970e+01,-1.207772667464035088e+01,-8.706969084869369269e+00,-4.526188677512949177e+00,-4.566462410599889665e+00,-2.833298312901007865e+00,-2.286819973494857550e+00,-3.477009289558360638e+00,-5.699143658231075271e+00,-8.703932739290079823e+00,-1.561087282976709822e+01,-2.318884086788148835e+01,-2.412158542468135636e+01,-2.590232652470581343e+01,-2.767027258335199491e+01,-2.684651831576698555e+01,-2.605453759745547515e+01,-2.225954022084859929e+01,-1.262321979479682099e+01,-7.161509095950234105e+00,-4.421232459235137746e+00,-3.204310277994648626e+00,-2.979800348081258488e+00,-3.189467222958495274e+00,-4.812034361456570153e+00,-7.956235497965848502e+00,-1.238714645231576839e+01,-1.567349282960246448e+01,-1.567051999595828526e+01,-1.515956629555028101e+01,-1.060673748682204121e+01,-7.924538857828741456e+00,-7.922494340323863682e+00,-1.031132805705966859e+01,-1.483528381720521416e+01,-1.569268832170873651e+01
-2.856672958503092019e+01,-2.821887499766242158e+01,-2.789777083862993123e+01,-2.768757151840324582e+01,-2.263454720131436559e+01,-1.935483969423107808e+01,-1.787794868300731821e+01,-1.852563282645734688e+01,-1.919194770665993488e+01,-1.915405544929934578e+01,-2.137701564086111006e+01,-2.673620528565313492e+01,-2.804244960161080158e+01,-2.831260619486184993e+01,-2.675495639241727730e+01,-2.245808423013615496e+01,-1.261796298779939285e+01,-8.022980643618375041e+00,-5.960680132913858564e+00,-5.710540485841439029e+00,-7.207793579289787367e+00,-1.129558737251095302e+01,-1.767446354726203239e+01,-2.222154245878520840e+01,-1.896298806470139553e+01,-1.727275346006666012e+01,-1.649327936746124124e+01,-1.590931281514633788e+01,-1.406027397311719795e+01,-1.498518403759576323e+01,-1.801893620741994795e+01,-2.175099301875982150e+01,-2.533608392485998451e+01,-2.365089298011665164e+01,-2.451075238213503127e+01,-2.326929613342858971e+01,-2.391719284989780192e+01,-2.457774372208387348e+01,-2.573132878855654937e+01,-2.573510876813329418e+01,-2.511911790353014950e+01,-2.422192149233997327e+01,-2.740073078377802673e+01,-2.760640500004130260e+01,-2.668254532491354070e+01,-2.596486714011744468e+01,-1.849198140954612768e+01,-1.102381904322401951e+01,-8.499345099119315350e+00,-8.464402701621665415e+00,-1.099477007278570362e+01,-1.543833590458546290e+01,-1.981545105105952231e+01,-2.152815298075066508e+01,-1.883053791612610794e+01,-1.381718074423926268e+01,-8.599045189251576460e+00,-8.188229833050330697e+00,-9.938944963603963956e+00,-1.028127190933555823e+01,-8.370398554404763658e+00,-7.984898877323121980e+00,-1.041331315130219437e+01,-1.720106325651470058e+01,-2.443132114231138274e+01,-2.729276509571792531e+01,-2.788878334733776754e+01,-2.786112310832604422e+01,-2.768637354571120213e+01,-2.706380431454880764e+01,-2.345617051052867907e+01,-1.720555207334962944e+01,-1.581736626840175575e+01,-1.478940265614511418e+01,-1.208663486248876673e+01,-1.149733049807985985e+01,-1.225814124862173315e+01,-1.454837871023586793e+01,-1.671038215680230010e+01,-1.862145731234012658e+01,-2.207470805842177342e+01,-2.267386491316601749e+01,-1.930720254173852624e+01,-1.839220202865457310e+01,-1.735557511605714609e+01,-1.834558241439044934e+01,-1.671826794721130227e+01,-1.382367442962818593e+01,-1.376229797897482321e+01
-2.953419181816559913e+01,-3.001588875010497759e+01,-2.938333221844264287e+01,-2.863661306244986449e+01,-2.584709383849810749e+01,-2.616558909595460847e+01,-2.682818962577590227e+01,-2.717649751677549119e+01,-2.811838677054957358e+01,-2.595608876880846694e+01,-2.547924321217644561e+01,-2.729272942793996748e+01,-2.840263191739419213e+01,-2.900658435929090473e+01,-2.809640023762122141e+01,-2.415352625954420063e+01,-1.875229654097019250e+01,-1.731818429150975902e+01,-1.769033631525541495e+01,-1.720465865574384878e+01,-1.680412154672737302e+01,-1.775953843719080893e+01,-2.196354662027574278e+01,-2.598401578924709554e+01,-2.503527946938249471e+01,-2.461183700525671014e+01,-2.408766723037662416e+01,-2.545876355995809348e+01,-2.350755289801977455e+01,-2.386946531704493779e+01,-2.387368626522838611e+01,-2.451139457064463656e+01,-2.807130793879802866e+01,-2.686061321703114757e+01,-2.675449587348708391e+01,-2.678504048433519102e+01,-2.622883840790368737e+01,-2.786749904317067106e+01,-2.749634942255521963e+01,-2.713441695127271913e+01,-2.661718451528620832e+01,-2.651676820274582624e+01,-2.805204781912323142e+01,-2.800718100447403813e+01,-2.714427453951727998e+01,-2.691347134561467058e+01,-1.980774689079227358e+01,-1.939526616092911482e+01,-1.880131714953515853e+01,-1.907060524485164876e+01,-2.061620422771998662e+01,-2.002007977406781336e+01,-2.237491797146044448e+01,-2.495471465318722792e+01,-1.969106481129065500e+01,-1.776695453493218579e+01,-1.818367801662674665e+01,-1.791048458375428964e+01,-2.037298135336180493e+01,-1.953809003184612436e+01,-1.823798111462055260e+01,-1.699943903962472191e+01,-1.822335562759772287e+01,-2.112602805732784361e+01,-2.556135205577190561e+01,-2.808223916534194231e+01,-2.829422950027580441e+01,-2.829404333659580928e+01,-2.814149180032256936e+01,-2.770780617670905244e+01,-2.565715623798227085e+01,-2.429601332298794958e+01,-2.446021260175489687e+01,-2.279393836430140752e+01,-2.295706442962015359e+01,-2.151381792340959720e+01,-2.253470361053495452e+01,-2.328038979472970738e+01,-2.398768215430410322e+01,-2.416087860451604996e+01,-2.550842955596464989e+01,-2.596535422748192801e+01,-2.506160188079776674e+01,-2.573404165497399987e+01,-2.473690893775538413e+01,-2.301752543090877623e+01,-1.666666037516486298e+01,-1.310309192829562264e+01,-1.265420463569182274e+01
-2.995685103423613427e+01,-3.031036749459747170e+01,-2.967150755573932486e+01,-2.961118471532835983e+01,-2.807122871929541574e+01,-2.863874856511452904e+01,-2.964294212025807340e+01,-2.978368275864680115e+01,-2.931845614246855902e+01,-2.767364166374493450e+01,-2.797128606201114565e+01,-2.821694636344909668e+01,-2.845943368825697206e+01,-2.941130507261233262e+01,-2.810875200508232297e+01,-2.576325154483766511e+01,-2.583565155545571557e+01,-2.472152051889806756e+01,-2.632779648967255426e+01,-2.571083822106956518e+01,-2.472183208358018902e+01,-2.498408924368090922e+01,-2.488579515765484018e+01,-2.745239988664038933e+01,-2.654190604310286616e+01,-2.698539908846518287e+01,-2.648857742682435301e+01,-2.808182354080945942e+01,-2.719579127139614982e+01,-2.715680978351965891e+01,-2.702555503701805151e+01,-2.584485387085075558e+01,-2.883822789228052130e+01,-2.743561794524802266e+01,-2.773645936815362134e+01,-2.723761597611850505e+01,-2.744127619893927417e+01,-2.850300979076471464e+01,-2.830244779586791992e+01,-2.771089563513160670e+01,-2.778370946152766052e+01,-2.688937572070530635e+01,-2.895356604568940284e+01,-2.901559782028198242e+01,-2.802907014251651674e+01,-2.778404559228653170e+01,-2.464591859516344741e+01,-2.602924182540492026e+01,-2.608870258367151251e+01,-2.516263885605604145e+01,-2.590799267130686800e+01,-2.544660488286412914e+01,-2.527470788919836053e+01,-2.662787516135022159e+01,-2.427029117964264060e+01,-2.443908259743138345e+01,-2.511406969844846770e+01,-2.577991805040746698e+01,-2.603574275970458984e+01,-2.443975740088556137e+01,-2.556046502392991115e+01,-2.444775947592312093e+01,-2.599865690389074047e+01,-2.586039332339638008e+01,-2.698555076032652877e+01,-2.847056498384117162e+01,-2.920628204202293432e+01,-2.879347640948187959e+01,-2.872202584259492042e+01,-2.852241953871303792e+01,-2.755307874643713006e+01,-2.782525212244879853e+01,-2.638213431566281386e+01,-2.725657576546633010e+01,-2.786111268065029378e+01,-2.640588100512225012e+01,-2.687780519714929284e+01,-2.648871163855817912e+01,-2.720003860337393675e+01,-2.718413157212106768e+01,-2.769161604042340130e+01,-2.713165045322332247e+01,-2.716770174628809897e+01,-2.711650068240058076e+01,-2.672749763682372759e+01,-2.413102682192522863e+01,-1.694315441210467199e+01,-1.298158567381980788e+01,-1.281554431126530069e+01
-3.080690412593067151e+01,-3.068726041621731682e+01,-3.024551659060600173e+01,-3.060368530553086330e+01,-2.858528647207675988e+01,-2.979711987918480887e+01,-3.041270695951648051e+01,-3.014354166590181450e+01,-3.038750663018764442e+01,-2.842559381535178886e+01,-2.797580156290441522e+01,-2.899465417861938477e+01,-2.979794373368858373e+01,-3.009578519835508104e+01,-2.894875264526309877e+01,-2.811375492676756593e+01,-2.771557754322998335e+01,-2.758466619118712160e+01,-2.912071213327852348e+01,-2.797198314415781084e+01,-2.740439253642146866e+01,-2.789556703710914576e+01,-2.791941341421657796e+01,-2.842446894394723955e+01,-2.717039385415557717e+01,-2.800091796172292646e+01,-2.761777428576820625e+01,-2.920636397196834366e+01,-2.819713676423954851e+01,-2.797154743330819215e+01,-2.733225672227099423e+01,-2.699953113283429929e+01,-2.934117289414083274e+01,-2.834520208745970749e+01,-2.853050426612222878e+01,-2.809228465969401256e+01,-2.832104549372106561e+01,-2.932347155155095919e+01,-2.894204001319139508e+01,-2.887673929042385979e+01,-2.904390421845859294e+01,-2.791356100354875736e+01,-2.892002740659211923e+01,-2.923702352208302457e+01,-2.864775252521486237e+01,-2.849064109916973919e+01,-2.705644717073082006e+01,-2.739119408722210736e+01,-2.841676747350764387e+01,-2.735193577924169261e+01,-2.733674284569302770e+01,-2.748687623497238874e+01,-2.767019811070951363e+01,-2.730274938640737759e+01,-2.588081387111119014e+01,-2.643991301113501535e+01,-2.768717286819802226e+01,-2.802376558009843066e+01,-2.758805222260324541e+01,-2.600392238000281608e+01,-2.735388441551896932e+01,-2.742893218456354276e+01,-2.763968490837211789e+01,-2.826791478458203599e+01,-2.778944889226354320e+01,-2.921278550212544545e+01,-2.984427997940465005e+01,-2.919354566416345875e+01,-2.958169643323224207e+01,-2.888117782334635919e+01,-2.921877631746736625e+01,-2.828943291104825875e+01,-2.805909167913565838e+01,-2.863257648353289753e+01,-2.892343918900740718e+01,-2.849487974589928641e+01,-2.794937213202168280e+01,-2.807725329865190389e+01,-2.809096997841856691e+01,-2.817645508543889221e+01,-2.871411948634269606e+01,-2.876338527794171185e+01,-2.845617139429078080e+01,-2.865321519858855126e+01,-2.699933304284748203e+01,-2.470347012075266591e+01,-1.668502505022780369e+01,-1.312783046145188237e+01,-1.315265783600341187e+01
