-2.246910592748059088e+01,-2.223053788310951617e+01,-2.253469846480422589e+01,-2.230003426637914288e+01,-2.230221834944354242e+01,-2.263981789019372570e+01,-2.309180122779475397e+01,-2.117869135323498142e+01,-1.976629715992344671e+01,-1.841979360083739081e+01,-1.850447328719828022e+01,-1.915098913013935089e+01,-2.057746044960286724e+01,-2.066385026193327334e+01,-2.039525984558794391e+01,-2.075295474131901940e+01,-1.997163107246160507e+01,-1.867709986534383404e+01,-1.924264278014500817e+01,-2.035079408850934612e+01,-2.091602328336901095e+01,-1.955258374743991467e+01,-1.963942374868525320e+01,-1.966284798251258081e+01,-2.033735922806792829e+01,-2.127194750971264270e+01,-2.191038113170199964e+01,-2.045195565538273996e+01,-1.962838514231973264e+01,-1.991402172380023572e+01,-2.127523376627100760e+01,-2.123220365742842475e+01,-2.122671178314421070e+01,-2.114529714485009393e+01,-2.120664125763707730e+01,-2.090650292072031391e+01,-2.140544821156395727e+01,-2.043248111092382047e+01,-2.000022334605455399e+01,-2.016800402187638852e+01,-1.948793552981482691e+01,-1.862072412421305856e+01,-1.896621128337250894e+01,-1.952734565900431818e+01,-2.099702726884020620e+01,-2.199187950458791363e+01,-2.085561393284135434e+01,-1.941392320063378918e+01,-2.030076086355580145e+01,-2.127268540362517157e+01,-2.175307510130935285e+01,-2.184382224082946777e+01,-2.218626829153961566e+01,-2.053323939442634583e+01,-1.900570721675952157e+01,-1.890874321675962833e+01,-1.981540248460239795e+01,-2.176222005486488342e+01,-2.101884791089428717e+01,-2.113631525635719299e+01,-2.083348364217413717e+01,-2.110917706539233407e+01,-2.115244175162580120e+01,-2.077646516097916418e+01,-2.068205937246481696e+01,-1.967723931289381412e+01,-1.900924160000350582e+01,-2.069857259177499387e+01,-2.215731121020184702e+01,-2.164737527237998194e+01,-2.193483965264426416e+01,-2.117336439092953881e+01,-2.090147916889852908e+01,-2.097450670103232184e+01,-2.123870453486840049e+01,-2.116161276896794519e+01,-2.121410700016551587e+01,-1.986235662218597042e+01,-1.883652498159143818e+01,-1.937844138923618686e+01,-1.999278048508697125e+01,-2.088235346972942352e+01,-2.040657287836074829e+01,-1.936279999050829304e+01,-1.947684866024388128e+01,-2.115642069942421344e+01
-2.130664903173844138e+01,-2.123477024502224353e+01,-2.044738296005461109e+01,-1.957856548577547073e+01,-1.957449846507774538e+01,-2.049382060269514838e+01,-2.131876215752627957e+01,-1.926117985281679523e+01,-1.647611576401525113e+01,-1.549611799087789343e+01,-1.599173921843369861e+01,-1.718826826661825180e+01,-1.888619153532717121e+01,-1.870259289609061426e+01,-1.620933391567733395e+01,-1.653618377198775491e+01,-1.706070068561368558e+01,-1.472909234464168549e+01,-1.460740314051508904e+01,-1.419055056489176181e+01,-1.508997263924943155e+01,-1.599659197611941153e+01,-1.556830726067225079e+01,-1.450626679013172726e+01,-1.562192209437489510e+01,-1.779723398635784903e+01,-1.929957335856225598e+01,-1.762378828310304257e+01,-1.597857306525111198e+01,-1.798398337927129376e+01,-1.982111024690998846e+01,-1.878055840813451383e+01,-1.825058783094088355e+01,-1.708482937680350489e+01,-1.642990525646342093e+01,-1.545579788068102545e+01,-1.502819373210271259e+01,-1.345177540038194941e+01,-1.445149022464950939e+01,-1.525887958167327696e+01,-1.283524360921647833e+01,-1.164313007394472699e+01,-1.321738043013546182e+01,-1.564893099582857516e+01,-1.619356965563363460e+01,-1.660653589997026813e+01,-1.585573883851369281e+01,-1.694989078491926193e+01,-1.901740607619285583e+01,-1.871807202862368769e+01,-1.903713024242056662e+01,-2.011428967366616050e+01,-1.947368646164735040e+01,-1.812091898421446601e+01,-1.519406829360458566e+01,-1.337861313049991985e+01,-1.474770986040433307e+01,-1.810158104283942038e+01,-1.954088208989964670e+01,-1.787331579460038000e+01,-1.653905825979179767e+01,-1.710773451874653617e+01,-1.862827857087055961e+01,-1.816227595839235676e+01,-1.843999506533145905e+01,-1.610118438882960135e+01,-1.389169827683104330e+01,-1.474320390018531057e+01,-1.762620401294488204e+01,-1.724271827874084195e+01,-1.688906969792313006e+01,-1.634702558235989756e+01,-1.607025781604978931e+01,-1.501374173205759810e+01,-1.437947253990892449e+01,-1.405244397798863609e+01,-1.537458278569910242e+01,-1.487238248603211588e+01,-1.270064280378735688e+01,-1.204559751806987578e+01,-1.353388094198372649e+01,-1.498053822873367125e+01,-1.504813298458854298e+01,-1.440870479080412103e+01,-1.583776220927635769e+01,-1.933859613868925464e+01
-2.012227697422106942e+01,-1.934862791001796722e+01,-1.659205951458877948e+01,-1.493354258934656720e+01,-1.669904645035664359e+01,-1.862596425331301120e+01,-1.792950456175539387e+01,-1.599716083208719830e+01,-1.310394051588243869e+01,-1.381500346586108208e+01,-1.522177303913566782e+01,-1.563284789605273062e+01,-1.643087826420863351e+01,-1.439788878377940939e+01,-1.117048009816143228e+01,-1.060158732305798246e+01,-1.129461998285518831e+01,-1.257212863200240704e+01,-1.314402363697687726e+01,-9.232482671737670898e+00,-9.597186664740243955e+00,-1.292765975784924315e+01,-1.369614294171333313e+01,-1.206451911396450427e+01,-1.398902281125386615e+01,-1.539529759271277243e+01,-1.683356907135910419e+01,-1.469164927966064838e+01,-1.433740817341539575e+01,-1.800706245253483573e+01,-1.836601024203830335e+01,-1.417731998115777969e+01,-1.222290737202597910e+01,-1.187296557716197398e+01,-1.129734234801597026e+01,-8.152271955687966809e+00,-7.697635543532669544e+00,-7.397729233321216569e+00,-1.093921863453255838e+01,-1.090040758293535994e+01,-8.811153989699151978e+00,-9.523498516529798508e+00,-1.018980808183550835e+01,-1.132228129802064842e+01,-9.610383323497242003e+00,-9.051318029252191977e+00,-1.004705576433075720e+01,-1.352101041024757677e+01,-1.413995374935782579e+01,-1.330584826568762402e+01,-1.458943273706568533e+01,-1.875644245826535794e+01,-1.766071671081913763e+01,-1.635760524206691358e+01,-1.492540662901269144e+01,-1.090370572192801291e+01,-1.047748062594069296e+01,-1.526413936830229190e+01,-1.894834527124961099e+01,-1.633406782481405628e+01,-1.463114700052473260e+01,-1.463361913876401132e+01,-1.374260313643349463e+01,-1.206601690066357513e+01,-1.210767275922828290e+01,-1.328347983407891419e+01,-8.400247978434586926e+00,-7.150726775556297987e+00,-8.862142666243016720e+00,-9.321271460503339767e+00,-1.104230492458575341e+01,-1.395266068478425403e+01,-1.426496592412392239e+01,-1.051299871773355576e+01,-6.131678504714121125e+00,-4.852889170535894969e+00,-6.271394392857069455e+00,-8.737676986027508974e+00,-7.019788530758685141e+00,-7.943535837448305159e+00,-9.417036792884269758e+00,-8.913716359270942746e+00,-1.076238034044702907e+01,-1.373426238364643481e+01,-1.610889775057633599e+01,-1.938594463219245156e+01
-1.872476387603415304e+01,-1.625207623011536029e+01,-1.412048180484109494e+01,-1.393591607693168832e+01,-1.400918386048740771e+01,-1.337701794960432622e+01,-1.308770874639352222e+01,-1.171807862280143553e+01,-9.474436685442924500e+00,-9.902378252810901671e+00,-1.261097720058427996e+01,-1.326536548137664795e+01,-1.111971924578150173e+01,-1.080740042444732474e+01,-9.640200511034992203e+00,-5.622721907786196738e+00,-6.046088150961117513e+00,-1.108614195552137183e+01,-1.332838107231590463e+01,-8.929799552592966094e+00,-9.909337690720954939e+00,-1.467936735144919780e+01,-1.483873038925230503e+01,-1.427629626666506191e+01,-1.600354714360501873e+01,-1.330427793413400650e+01,-1.149401019565347148e+01,-1.064682168389360051e+01,-1.310801686512099451e+01,-1.569402057801683803e+01,-1.349076342003213114e+01,-1.141690681667791551e+01,-6.921360036565197937e+00,-6.573208384138221838e+00,-7.298680631443858147e+00,-6.000522340958316825e+00,-8.066155156120657921e+00,-6.527096772359477050e+00,-8.278817890832820936e+00,-1.060957980445689586e+01,-1.113578835336698347e+01,-1.195950505054659274e+01,-1.099085831228229715e+01,-1.129428597042957882e+01,-9.362895986893111200e+00,-5.713976767741971940e+00,-7.230734284967184067e+00,-8.718002142384648323e+00,-6.499177088076572240e+00,-6.125141059630550444e+00,-8.606765612545940414e+00,-1.433015481092863652e+01,-1.560153137271603008e+01,-1.566488111019134521e+01,-1.533241493917173770e+01,-1.102719340721766095e+01,-8.650049255953895511e+00,-1.170057324609822658e+01,-1.511182796706756015e+01,-1.508179374577270693e+01,-1.265641584393516617e+01,-1.149830580360463017e+01,-8.907178351325759635e+00,-7.752369571936368331e+00,-6.134586583700486706e+00,-6.757602940465504915e+00,-5.694688198745199159e+00,-4.921485471021798119e+00,-6.730708474151065879e+00,-5.081456766607313824e+00,-6.008648788142535224e+00,-9.989060186367067828e+00,-1.218449426483776854e+01,-1.182650435881482309e+01,-6.373678187807349182e+00,-2.515660045555705437e+00,-1.247012205802699780e+00,-4.673421443461847957e+00,-8.952000299261676730e+00,-9.162615231548747019e+00,-8.491959370258781448e+00,-6.279089545727604360e+00,-7.471874449609054558e+00,-1.384445904692014118e+01,-1.605058854818344116e+01,-1.941544562081496039e+01
-1.749000232666730881e+01,-1.601538585291968531e+01,-1.632432808975378791e+01,-1.436639147169060138e+01,-1.205350231627623181e+01,-1.065886522726052377e+01,-9.075638011097908020e+00,-8.975378054504593806e+00,-7.109498448928611047e+00,-5.245946314832609758e+00,-8.269302358436915412e+00,-1.058206161773867038e+01,-9.877877767301267653e+00,-1.113199377846386717e+01,-1.061460661101672365e+01,-4.746495766616943612e+00,-4.540331295380990007e+00,-9.961591095560127229e+00,-1.248314888899525066e+01,-9.719447108606496855e+00,-1.236577489475409131e+01,-1.711637127316660312e+01,-1.645278167145119852e+01,-1.568072198993629840e+01,-1.384189921783076471e+01,-7.697965167566305666e+00,-4.347677839886778806e+00,-5.537666971061197430e+00,-1.075951955674423033e+01,-1.108789780280656245e+01,-8.863226325561603502e+00,-1.016664133676224324e+01,-5.556543178591204502e+00,-3.546729324592484467e+00,-6.241733545181988418e+00,-9.484032434100905462e+00,-1.113142398579253012e+01,-7.665713337974415786e+00,-6.689313402399420738e+00,-9.412052869796752930e+00,-1.200365125056770133e+01,-1.115575217993723101e+01,-1.162941678713024096e+01,-1.247492337852923328e+01,-1.021412992518809126e+01,-9.015815606340765953e+00,-1.041129155705372433e+01,-7.455060633623765476e+00,-4.164746016846038401e+00,-5.143069275810073115e+00,-8.037240525914562284e+00,-8.217808484617206588e+00,-1.068796111270785332e+01,-1.290274377829498675e+01,-1.192414129277070423e+01,-9.493883356245028438e+00,-7.234186125712262161e+00,-1.047508401258124167e+01,-1.127693267787496190e+01,-8.787205122256031231e+00,-5.864656755058806681e+00,-3.958697871398827672e+00,-2.686906917919057225e+00,-2.992800013323883679e+00,-2.083304711468776382e+00,-2.601560573707400792e+00,-6.978681232241393140e+00,-7.599609578830293088e+00,-1.032917462817082743e+01,-8.039842785232597322e+00,-7.827420332986447349e+00,-5.259496297428591483e+00,-5.770433908742335305e+00,-9.970662809080547362e+00,-9.273842450231313705e+00,-6.194375012975393169e+00,-5.831915424083086164e-01,-6.073059732884252826e-01,-6.786257825119213827e+00,-1.137714718437443118e+01,-9.368896999292903871e+00,-6.706190732825133338e+00,-5.185342867186085947e+00,-8.718871604237291351e+00,-1.369033602956268503e+01,-1.643822953353325644e+01
-1.748489859948555747e+01,-1.699490234835280233e+01,-1.650175709360175702e+01,-1.490101487023962790e+01,-1.508458806905481531e+01,-1.128861492872238159e+01,-7.031072596708933808e+00,-7.997656979908545516e+00,-5.713856815722667903e+00,-2.855255595673952485e+00,-5.337259106622594729e+00,-1.130865609728627774e+01,-1.335529887345102118e+01,-1.299271559384134100e+01,-8.182515065237465635e+00,-4.120859704859968886e+00,-5.695588231500652299e+00,-1.205678107403218746e+01,-1.001503215854366680e+01,-8.890211321827438340e+00,-1.234380586693684201e+01,-1.417953563316000754e+01,-1.461857391521334648e+01,-1.436735029435820010e+01,-1.108734195265505029e+01,-8.059503652155399323e+00,-3.994095818428225808e+00,-2.666168139374349266e+00,-5.812825728353345767e+00,-6.010270168920720302e+00,-3.980959589080965699e+00,-6.246071737327535622e+00,-5.541036264013706081e+00,-2.800063035942407019e+00,-5.337393181993522973e+00,-9.654222988213101431e+00,-1.037767200834221271e+01,-8.398092204911840497e+00,-8.518777155627807574e+00,-6.890900563759108088e+00,-8.089263608187643229e+00,-5.989332797515493745e+00,-5.996668808582803045e+00,-7.475964838910537757e+00,-8.904402573799920617e+00,-1.305130615250931925e+01,-1.341982612137993236e+01,-8.465340679511427879e+00,-6.792314045053596594e+00,-8.208737980160448089e+00,-6.988796559058958024e+00,-5.448421040336445920e+00,-8.744410223431057005e+00,-1.191007154434919357e+01,-1.019131985927621464e+01,-8.496294040543338255e+00,-6.377176776942279801e+00,-1.030982227540678409e+01,-1.414144731395774457e+01,-7.487062229464451768e+00,-3.739522827613756206e+00,-3.082649977397522889e+00,-3.971665309923183784e+00,-1.390208763204605624e+00,-7.014985832243433306e-01,-3.714766752576300402e+00,-7.965236015928288005e+00,-1.046456791543298337e+01,-1.389304649664295965e+01,-1.141806852238045877e+01,-8.802092170239323110e+00,-4.602572427493416996e+00,-3.563153145660180598e+00,-7.983738793681065538e+00,-1.178373632373081392e+01,-6.233049193552385070e+00,-1.351148213096368789e+00,-9.934698604500025176e-01,-3.463149003014324379e+00,-7.874640091011921861e+00,-1.012999652408891293e+01,-9.178219056791729002e+00,-5.314285793238216371e+00,-6.223373902133769064e+00,-1.293648643170793910e+01,-1.613910405255026248e+01
-1.642952627357509243e+01,-1.446894297831588361e+01,-1.379399585227171521e+01,-1.695490316715505230e+01,-1.826100668807824334e+01,-1.322839731143580622e+01,-9.653436557079354330e+00,-8.962421745889717073e+00,-5.089196244823849469e+00,-3.175321996473940089e+00,-6.572304055094718933e+00,-1.372968851733538820e+01,-1.562956312298774719e+01,-1.076224983442160799e+01,-4.683664452413925261e+00,-3.183930911880452186e+00,-6.907910265649358728e+00,-1.245305885250369649e+01,-7.529484146585066817e+00,-6.700280735890070893e+00,-9.660924482469757990e+00,-1.210661833857496639e+01,-1.394068986425797085e+01,-1.246963725528783229e+01,-8.855047721829679475e+00,-8.791629864109886228e+00,-6.535945697862189263e+00,-5.729263797508287404e+00,-2.377553283359197245e+00,-1.467057074601648914e+00,-1.733053556260226058e+00,-6.070721628855810792e+00,-7.520612682112389535e+00,-2.778662925754259660e+00,-3.136422230753952434e+00,-8.052960896968013316e+00,-8.446687179928025202e+00,-7.766308237901991873e+00,-1.009223086862928298e+01,-5.481691506691277027e+00,-3.177122874441314249e+00,-2.483592381483402889e+00,-4.467280971076332818e+00,-5.836520962339515783e+00,-8.167946572725972132e+00,-1.253271742123696519e+01,-1.194533285167482184e+01,-8.835728211587088765e+00,-5.716758727057215772e+00,-6.081262875297801962e+00,-3.936388521332345292e+00,-5.299437983246106043e+00,-9.838687803596258163e+00,-1.185787926365931888e+01,-8.914500837214291096e+00,-7.520316953408634930e+00,-4.822886322566773742e+00,-7.112569017264629423e+00,-1.358220737593041605e+01,-1.132770216630564875e+01,-1.092467064055583492e+01,-1.090476078822717199e+01,-9.904449602728062629e+00,-7.624829619029899419e+00,-4.274442344446368836e+00,-5.640636700399530135e+00,-6.963527690826190941e+00,-9.203656125192841486e+00,-1.342305900942948149e+01,-1.292969158767825988e+01,-7.756080226920959220e+00,-3.409590145236709002e+00,-4.269295302698285610e+00,-9.639798592776060104e+00,-1.333407664878500754e+01,-6.407820134578893878e+00,-4.182338968462823381e+00,-6.972383416548836976e+00,-9.853729996894900367e+00,-8.853597707787734805e+00,-1.121671142687814182e+01,-1.156824370142486380e+01,-7.240859859196159043e+00,-7.292281830890311234e+00,-1.300459829138385004e+01,-1.669990875406397635e+01
-1.560994077059957696e+01,-1.348254058096143915e+01,-1.392089070462518308e+01,-1.641768195645676798e+01,-1.643980389502313244e+01,-1.541349486427174753e+01,-1.423395809117290689e+01,-1.100626315383447462e+01,-7.474340094460381501e+00,-5.901613306150668592e+00,-9.930528902138272329e+00,-1.411718527889913943e+01,-1.454706787152422720e+01,-8.678837222357591585e+00,-4.335495820941610567e+00,-5.889837151965669371e+00,-7.456253426149487495e+00,-9.027117673307657242e+00,-8.587347916430896788e+00,-9.848632884522279696e+00,-1.256225736811757088e+01,-1.521779930508798984e+01,-1.360626806360152052e+01,-6.763452474700494044e+00,-4.222962468914273515e+00,-6.301678297420342467e+00,-1.034168359947701354e+01,-8.197676735865469411e+00,-2.132474776333159294e+00,-1.490107987092819108e+00,-6.346440689625321596e+00,-9.808389526843610540e+00,-8.566817089708315791e+00,-2.565096619838085346e+00,-1.907745975037363984e+00,-5.747937135307842560e+00,-8.250367627686095773e+00,-8.464550652023818955e+00,-8.779444197192788124e+00,-6.909113855049428210e+00,-5.982195097113920390e+00,-5.307954325916297122e+00,-7.805024870063385301e+00,-7.066876135766506195e+00,-6.422787690535187721e+00,-9.535694725242340297e+00,-8.031063366319155961e+00,-7.220387487911567703e+00,-4.424697491236859292e+00,-5.104844392783383533e+00,-7.864977713797189907e+00,-9.074016848190998630e+00,-9.880600008492669062e+00,-8.467639589475261630e+00,-8.129074411673677503e+00,-6.747593139430843934e+00,-4.163180761928540363e+00,-5.131887797602555423e+00,-7.928609664551913738e+00,-8.626722210035142169e+00,-1.183305278974067853e+01,-1.172677665345124964e+01,-8.318817570909029513e+00,-8.571730714200789691e+00,-4.884183722299187735e+00,-3.900763895486306865e+00,-6.806686512731378258e+00,-1.115177108223239522e+01,-1.150570423445767787e+01,-8.123571625651997863e+00,-5.522978237367675014e+00,-1.625888263638949560e+00,-2.510947104178032685e+00,-8.111817147419868590e+00,-1.035613724216818810e+01,-9.891071148216724396e+00,-6.305210812534722820e+00,-8.015095561018419801e+00,-1.278995663445028974e+01,-1.035640935558411790e+01,-1.047129214472240832e+01,-1.400860179257061766e+01,-1.230859025774730497e+01,-7.736842357967463002e+00,-8.737138190617164568e+00,-1.327184102228946116e+01
-1.894174245993296424e+01,-1.772054730438523862e+01,-1.580452324698368649e+01,-1.530778334703710364e+01,-1.551451823777622607e+01,-1.694010378917058190e+01,-1.365369303690062708e+01,-1.063053457894259068e+01,-9.489449318394893140e+00,-6.822152229232920639e+00,-8.616323030864199595e+00,-9.661565764082801877e+00,-1.097929395072990033e+01,-8.733176951193147630e+00,-7.339086123431722619e+00,-6.932629386377003655e+00,-5.163016273547125223e+00,-6.109502935678595037e+00,-1.173363739500443081e+01,-1.425568055692646219e+01,-1.703240306427081308e+01,-1.732769929203722370e+01,-1.032623962105976290e+01,-4.692452602942164042e+00,-4.275857971800077095e+00,-5.429246991033626735e+00,-8.750592123548914358e+00,-8.311147557002389163e+00,-4.698312869903424449e+00,-4.304295866840726070e+00,-7.444012586648265817e+00,-9.384866211149427428e+00,-9.347734604030847549e+00,-5.973782250104704872e+00,-5.804531024618579060e+00,-7.698689245838775008e+00,-7.927240551242397792e+00,-6.452515387752403520e+00,-6.120697696538020871e+00,-9.128426776371068030e+00,-1.435693175516401787e+01,-1.333266875256473760e+01,-1.309498747314015965e+01,-9.415445614716089651e+00,-5.028190868337535591e+00,-5.512990998288589850e+00,-4.522864055698543773e+00,-6.246556037610086598e+00,-8.846010534131588443e+00,-1.055155408353958713e+01,-1.295334361121058464e+01,-1.178150716755125238e+01,-9.973940628684228926e+00,-6.241853209419383042e+00,-7.198150426977210969e+00,-7.053591319877240196e+00,-7.381378559770786829e+00,-9.149452286073938012e+00,-7.369842493182255261e+00,-4.634301288777755268e+00,-6.286750311120865575e+00,-6.311857564041726931e+00,-4.175177056963245370e+00,-6.047104656832137159e+00,-3.001165299691718857e+00,-1.147158359063824795e+00,-4.354192722627582945e+00,-1.162663356752859301e+01,-1.099137530268894380e+01,-9.120990728338560061e+00,-4.159138199701071237e+00,-2.313606232877848168e+00,-3.876197837044148553e+00,-7.282153684193165333e+00,-7.609491231437358394e+00,-9.780531738367345795e+00,-8.864404816180467606e+00,-6.861179280612203613e+00,-9.194541526544425025e+00,-1.200777134940856072e+01,-7.898576686572697625e+00,-7.764240655375437505e+00,-9.785169962767717777e+00,-7.676787914346075326e+00,-6.502972945338115096e+00,-9.492406500710380612e+00
-1.862119436595175159e+01,-1.719422725919220341e+01,-1.669976983550522220e+01,-1.647632879763841629e+01,-1.609209325412909308e+01,-1.574728153232071115e+01,-1.281477142539289282e+01,-1.053603650877873044e+01,-9.445946163601345091e+00,-9.266709092073142529e+00,-8.518080499023199081e+00,-9.832142233434650436e+00,-9.881864007976320252e+00,-1.191188946531878656e+01,-9.338186527705854445e+00,-4.689688937531577118e+00,-4.336161896699599616e+00,-7.597607164126303658e+00,-1.019977852205435376e+01,-1.205020670303040120e+01,-1.556587135543425937e+01,-1.480437037348747253e+01,-7.193186877864516049e+00,-4.297407267162473232e+00,-5.629447666229680181e+00,-3.225235513346382810e+00,-3.165389354753642692e+00,-5.860866349777400508e+00,-7.042482624658280344e+00,-6.297010333018584483e+00,-6.121566018555313349e+00,-8.393806265253159538e+00,-1.158407701717482752e+01,-1.281834374099141982e+01,-1.342276843156044741e+01,-1.287012385928796476e+01,-9.206618179049756989e+00,-6.148542253119456902e+00,-4.807660643852108784e+00,-8.280282017257478699e+00,-1.332796156447794722e+01,-1.279548420622530891e+01,-1.338597126449975683e+01,-1.092577568234668917e+01,-7.062577984606225989e+00,-5.084055064700401694e+00,-4.170883562732746519e+00,-7.480726882815361023e+00,-1.282274299032158282e+01,-1.426942689095934291e+01,-1.484999888224734121e+01,-1.385372063352001959e+01,-1.394752558196584324e+01,-8.468715208686059981e+00,-7.014667638681000739e+00,-8.839806068274709716e+00,-8.528861721563670173e+00,-7.937199848900086785e+00,-6.574534153607803688e+00,-3.110196110960613325e+00,-4.708628133001588445e+00,-6.678649770678021014e+00,-5.449535873847910494e+00,-6.781454330251613705e+00,-3.626522695137989860e+00,-1.582601903771218455e+00,-5.782652189385974140e+00,-1.006770516476697352e+01,-9.828173573646280303e+00,-9.925591657972997695e+00,-7.877700636163353920e+00,-9.275013771176519484e+00,-1.212546481755594385e+01,-1.133201043939011043e+01,-1.054896558055447287e+01,-8.977932440117001534e+00,-8.623403658262557059e+00,-5.879516621118657582e+00,-6.220449704753668208e+00,-1.149445553458968305e+01,-8.230617037146455317e+00,-5.267278955473254420e+00,-5.279367078267467761e+00,-8.178113934480482072e+00,-8.832300619118743867e+00,-1.049355083083113094e+01
-1.564312996384170340e+01,-1.566838347083992389e+01,-1.670254787223206705e+01,-1.534343261023362537e+01,-1.433223085519340323e+01,-1.635425080938471609e+01,-1.583092176376117521e+01,-1.238037516838974383e+01,-1.189099678686923411e+01,-1.051021500428517719e+01,-1.008677548832363513e+01,-1.041950173220700648e+01,-1.226566109971867746e+01,-1.286557373404502869e+01,-7.581456716689798370e+00,-5.458487468254235253e+00,-9.198666482995678351e+00,-1.194711919553163959e+01,-9.672029997739526763e+00,-9.880005600965684920e+00,-1.108500040393604102e+01,-6.716866879884037189e+00,-3.168719425173347037e+00,-4.628087866210585766e+00,-7.701898594664978503e+00,-2.851141367353395406e+00,-1.218044097453457653e+00,-4.754643967221555911e+00,-7.799785995442006126e+00,-6.704178537966476448e+00,-7.347467388595557480e+00,-7.719558702652445703e+00,-8.338663038213983469e+00,-1.145306713994876979e+01,-1.266188732306990339e+01,-1.148989609214994623e+01,-1.100715795283516307e+01,-8.965709994547069073e+00,-7.942362427814966708e+00,-9.140172130738696055e+00,-7.034281653041641214e+00,-5.773385718050930038e+00,-8.068050770089030266e+00,-1.219473596165577511e+01,-1.096373685387273689e+01,-9.234508687190505327e+00,-8.729110949103617401e+00,-9.744628942054179177e+00,-1.160641734747009224e+01,-1.323872221675184058e+01,-1.282489747636848065e+01,-1.466838419520192716e+01,-1.719033339122931281e+01,-1.367758821033769223e+01,-8.656415298788083135e+00,-8.209458194052180247e+00,-8.650120801188879938e+00,-4.397491507361539931e+00,-2.121621790710681577e+00,-2.594914574341196989e+00,-7.025659406266640872e+00,-1.253300977994998355e+01,-1.303346955652038197e+01,-1.287995586909043233e+01,-8.188060637197244418e+00,-3.438889452960716575e+00,-4.221243704190580814e+00,-7.732421634304854408e+00,-9.991338656594356493e+00,-1.222884557975663000e+01,-9.846706587614285411e+00,-1.185909763765003966e+01,-1.596975437303384204e+01,-1.309354386975367923e+01,-1.229201730175150686e+01,-1.271325868161188311e+01,-8.045417699755894603e+00,-4.561270697572682664e+00,-3.740825592627516016e+00,-4.972322463808167115e+00,-5.676290118096908976e+00,-7.234353382968240709e+00,-6.796058356348011031e+00,-7.960203511847390168e+00,-1.174737575236293985e+01,-1.453563939490252110e+01
-1.549204710374275784e+01,-1.775451207160949707e+01,-1.722194447947872931e+01,-1.440222375343243222e+01,-1.552777759648031619e+01,-1.890275994936625281e+01,-1.800779052989350504e+01,-1.532006501903136630e+01,-1.114692097074455646e+01,-7.120782304141256347e+00,-7.677747427589363127e+00,-1.079490015200442699e+01,-1.288451301099525637e+01,-9.382861735092269839e+00,-5.204391098891695044e+00,-6.364951679483056068e+00,-1.126795768329045799e+01,-1.191870239997903447e+01,-1.316926537247167772e+01,-8.633152648599612178e+00,-5.174148610362964362e+00,-1.803832939842929362e+00,-2.618013439664435893e+00,-7.726689860677449673e+00,-8.193273291871365771e+00,-4.347760367967162587e+00,-3.080975903370320790e+00,-6.322362612227960810e+00,-8.817411373071889713e+00,-9.341350986415314139e+00,-6.486721352932767637e+00,-5.343474138062447309e+00,-5.501312273434854738e+00,-4.765885352978431300e+00,-6.372211175789642468e+00,-9.971903114683097868e+00,-1.074074884504079819e+01,-1.147752427640888406e+01,-1.210568031751447293e+01,-1.070637818757030679e+01,-7.309311482654367254e+00,-7.706692813197150826e+00,-8.078627776147591533e+00,-1.156960270512435152e+01,-1.213558991046415514e+01,-1.042703923665814969e+01,-7.314216787299503864e+00,-6.906293882422485098e+00,-7.077619782273864679e+00,-9.589394689641064673e+00,-9.659285837163528399e+00,-1.397080192466576953e+01,-1.398594467259115603e+01,-1.220295895201464553e+01,-7.002482944265163489e+00,-4.604466261038194119e+00,-7.082949802693393693e+00,-8.086242840056204528e+00,-6.156375369162510047e+00,-7.771717902454030380e+00,-1.119843253798575944e+01,-1.449118337366316034e+01,-1.662446206228600687e+01,-1.634083207613891986e+01,-1.316841229796409607e+01,-8.293132361438539490e+00,-5.645801536590119518e+00,-4.992566190575922214e+00,-7.917197903618216515e+00,-1.365814035634199719e+01,-1.197007675965627094e+01,-9.823207161492771178e+00,-1.135234455184804148e+01,-1.320164797123935507e+01,-1.354905732803874585e+01,-1.276699707988235666e+01,-1.194285910700758357e+01,-8.335583432525810466e+00,-7.754035943821589782e+00,-6.913685072027470291e+00,-3.801760206053990565e+00,-5.558745719699396126e+00,-9.750444102204507857e+00,-9.799615771613186865e+00,-1.133055499941110611e+01,-1.618118372393978888e+01
-1.750216242753797147e+01,-1.788499358255002392e+01,-1.673110910567144671e+01,-1.443918604817655371e+01,-1.530644318047496988e+01,-1.839556277460522082e+01,-1.827017841902043926e+01,-1.459702160209417343e+01,-7.124111462332722411e+00,-4.738585621325506203e+00,-8.257479022438120708e+00,-1.374391181394457817e+01,-1.118929605020417029e+01,-7.038264855949415200e+00,-7.072816610129343040e+00,-4.944569988891696077e+00,-5.440107009061547316e+00,-7.045130932794159584e+00,-1.035180173928124958e+01,-5.268461035855580121e+00,-3.171526911898076229e+00,-4.569174806006937928e+00,-4.950890888414708257e+00,-8.644251775720881881e+00,-8.698490026924345031e+00,-9.861849021942665772e+00,-6.283278214965118735e+00,-6.505521539857404001e+00,-1.184729150185982327e+01,-1.270923121232125474e+01,-6.750230257502860098e+00,-5.721638154587708414e+00,-6.151002672449168429e+00,-4.199067353238610245e+00,-6.792423548176884651e+00,-9.340528858618604602e+00,-9.389890551360117854e+00,-1.146591060236096382e+01,-1.518622230448656651e+01,-1.393896133038732721e+01,-1.092101813107728958e+01,-9.359543032944202423e+00,-6.966832228672704019e+00,-8.004759245062208706e+00,-8.255790583348446177e+00,-6.874384108715781316e+00,-2.512425068154698238e+00,-1.981243598539852657e+00,-4.089435692397980660e+00,-9.253784128206056891e+00,-8.845878161489963531e+00,-1.067592252666751484e+01,-1.166137378021246818e+01,-7.401428410783410072e+00,-3.073381552456541765e+00,-2.884374119999443487e+00,-6.921925109397205844e+00,-1.219866538730760475e+01,-1.245032867147690681e+01,-1.308349590127666850e+01,-1.337503696978092194e+01,-1.246496245554751781e+01,-1.246353438620766063e+01,-1.062126893063800281e+01,-1.001387034087545302e+01,-1.188086463635166545e+01,-1.247169639853139778e+01,-1.021153684891760349e+01,-1.011617719961537176e+01,-1.301725048985746191e+01,-1.497872578601042370e+01,-9.985099118616846070e+00,-8.564544984449943499e+00,-1.267331162384814647e+01,-1.401100763802727123e+01,-1.092458748237954325e+01,-1.207715208497312354e+01,-1.156788758436838727e+01,-1.124100379397471805e+01,-1.145021884443445259e+01,-7.051528036801351540e+00,-7.491306290961802006e+00,-8.011745072694289149e+00,-9.258050062383214041e+00,-8.692516671597129374e+00,-1.233673671074211597e+01
-1.701886906226475915e+01,-1.643399161762661365e+01,-1.561589312553405762e+01,-1.300511012143558887e+01,-1.422728586693604846e+01,-1.769098945955435553e+01,-1.833942192337579158e+01,-1.362718057301309393e+01,-4.950267684160887249e+00,-2.572225281726787216e+00,-5.855904480849858373e+00,-1.027652616819573694e+01,-9.152920497943544120e+00,-8.798903119853800803e+00,-7.261745502088968962e+00,-3.501138001373166997e+00,-4.071497011061081750e+00,-7.705430571662469141e+00,-8.026239142184042663e+00,-4.190339408582884673e+00,-3.011827823266179927e+00,-3.738812815733076000e+00,-4.468440747868346996e+00,-7.604856751781578161e+00,-9.247017427658041910e+00,-1.217116896044980301e+01,-7.299493696954515443e+00,-6.689097653867469795e+00,-1.169923838766084856e+01,-1.403178577456209375e+01,-1.085512096145086858e+01,-9.215818242806967930e+00,-6.471542057374285228e+00,-5.096329802983543544e+00,-7.888927509219178624e+00,-7.824245802695966034e+00,-8.238637311384081841e+00,-8.347312764856420486e+00,-1.210946645318633941e+01,-1.485079609933826639e+01,-1.277950659559832758e+01,-7.797343970949037306e+00,-2.791905532551835378e+00,-2.938537128379620000e+00,-4.057564647840788297e+00,-3.774349929661386494e+00,-3.758131997970243443e+00,-6.833568578299390239e+00,-6.173116519387501278e+00,-1.006737565311292748e+01,-8.240353851165208354e+00,-6.406464670267370209e+00,-8.031706923327874392e+00,-5.488992872751421004e+00,-4.581614512099703163e+00,-7.405229560500528052e+00,-1.189208344970312403e+01,-1.478057282997502142e+01,-1.226465278201633069e+01,-1.288895835644668963e+01,-1.078544749981827167e+01,-1.120994926864902119e+01,-9.239940769142574339e+00,-5.818273517096208103e+00,-5.202946638584965200e+00,-8.522743468121108279e+00,-1.250293389149010181e+01,-1.234401089739468382e+01,-1.456128042274051282e+01,-1.686855486945973581e+01,-1.368508982451425737e+01,-9.839454452817639307e+00,-9.231476715455452009e+00,-1.157781892021497150e+01,-1.165033293556835936e+01,-9.709358889195653930e+00,-1.066456805583503531e+01,-1.107531985185212520e+01,-7.189549129718216136e+00,-6.575808567242650504e+00,-4.788572120156863399e+00,-7.059029125207517907e+00,-8.969428947298890620e+00,-8.237640912748044997e+00,-5.533151938243666024e+00,-6.769569153198972344e+00
-1.768449218876452989e+01,-1.597795782196852876e+01,-1.451984001033835980e+01,-1.238634372336996847e+01,-1.301191264597905928e+01,-1.449253973613182644e+01,-1.467132442858484076e+01,-1.176093423718379682e+01,-4.021613292615963786e+00,-1.395234017377434688e+00,-3.431546301587433234e+00,-9.056163344739211141e+00,-1.439753372677498433e+01,-1.138802849791116145e+01,-6.322566743836635084e+00,-5.905345377751574532e+00,-1.017156432327465154e+01,-1.106595744482345012e+01,-9.702802550254595815e+00,-8.598219423491778812e+00,-1.127047495447590642e+00,6.673074315585836302e-01,-2.602852515749772166e+00,-7.611430929559800163e+00,-6.447547473116880923e+00,-7.597773303743451834e+00,-6.269366421219375596e+00,-8.112543623480531707e+00,-1.301600347500708388e+01,-1.419811823964118958e+01,-1.183334949612617493e+01,-1.136523894800080114e+01,-9.211022300852668820e+00,-4.985283394447630911e+00,-4.314464700557032906e+00,-6.190561228768071800e+00,-8.401787319944965304e+00,-6.981233812558154561e+00,-9.729425621115499467e+00,-1.047983598978155229e+01,-8.127363425816939824e+00,-5.049535318913210169e+00,-1.590138928507157212e+00,-3.091656133794458583e+00,-5.508195607540276484e+00,-6.735739606277395986e+00,-6.761386219069310144e+00,-1.176766530382964326e+01,-1.045125943049788475e+01,-7.797813515282339125e+00,-5.639786091568465665e+00,-4.839919977531179640e+00,-5.660253032138118812e+00,-4.330691862463329933e+00,-8.405504746052125498e+00,-1.401607724461549331e+01,-1.393363573071029471e+01,-1.241010593395266248e+01,-8.617686091560042172e+00,-9.980768930994802446e+00,-9.552101706051164598e+00,-9.786111533227893844e+00,-9.243117372919288144e+00,-8.893943907744768396e+00,-5.822403087798091903e+00,-7.020384025449554422e+00,-9.890292619355022907e+00,-9.718875899290045695e+00,-1.372101739918192287e+01,-1.819838921808534238e+01,-1.221802427536911395e+01,-7.221189004472559958e+00,-7.378867985059817336e+00,-9.181520074036800594e+00,-7.342557488474994898e+00,-8.414277036551437661e+00,-1.026960203103307201e+01,-1.009109772104097402e+01,-5.773508355765240907e+00,-3.526459674135872469e+00,-3.077169849988422357e+00,-6.217781513166199758e+00,-7.703860450949933991e+00,-8.211390528485127405e+00,-5.746522667740161516e+00,-7.697007020107573538e+00
-1.671990392025973904e+01,-1.474328686048587223e+01,-1.472126380933655554e+01,-1.292470290925767706e+01,-1.276549424686365697e+01,-1.471914304710096744e+01,-1.530792837879723933e+01,-1.230795921985473917e+01,-7.668849758486936175e+00,-5.543521553462293916e+00,-8.446490210584467917e+00,-1.297363931685686111e+01,-1.571705532280935103e+01,-1.374256544320249063e+01,-9.610248935098448797e+00,-8.891418361001544923e+00,-1.297575756783286671e+01,-1.127451703837141395e+01,-1.098918679385032071e+01,-1.066342904791235924e+01,-1.845780762209970893e+00,9.305950154957827181e-01,-9.074473206694366745e-01,-4.529645485272896011e+00,-5.542766415818025649e+00,-5.675562622817880154e+00,-6.501571251764996617e+00,-8.919482860054509743e+00,-1.020246377664766868e+01,-1.090729084049558395e+01,-9.050919727001907944e+00,-8.389909841094372212e+00,-9.896876469539064303e+00,-5.451525681910829313e+00,-2.758963689111018081e+00,-5.691532894994856484e+00,-9.403374999347660079e+00,-9.429127163771125808e+00,-1.207140796052085108e+01,-9.226123896737894015e+00,-3.412774029788124608e+00,-7.345789110493368135e-01,-1.902490108463098295e+00,-6.264530722147254593e+00,-7.108151004339258172e+00,-9.098827212725559832e+00,-7.013557821719182961e+00,-8.712597425199216872e+00,-1.197989879217412756e+01,-8.896180906022587820e+00,-3.372543678334396944e+00,-3.270322246759557405e+00,-5.491656659080439873e+00,-3.892279146653082833e+00,-6.677875169915044040e+00,-1.110195567357974689e+01,-8.750783212217761786e+00,-5.549261242885323853e+00,-4.423454912068943479e+00,-6.962709243616296284e+00,-8.244360892250874429e+00,-8.675505187129601836e+00,-8.238325053412053123e+00,-1.020234250375587060e+01,-7.236045960543884270e+00,-6.898536523985159263e+00,-1.015515261924722168e+01,-1.124428770649764253e+01,-1.140449678918553644e+01,-1.479628205775386718e+01,-1.301339029769102673e+01,-8.484417474932140379e+00,-8.169383856985303893e+00,-7.993271308537158504e+00,-3.737944194073659521e+00,-3.582975365206847229e+00,-5.088885772811611474e+00,-5.635225932004080285e+00,-5.856085367862963409e+00,-7.699898030122211523e+00,-7.305785440348295801e+00,-9.618863262753519550e+00,-1.036642498936918066e+01,-5.059015636002489380e+00,-4.124530974827292695e+00,-8.383450932386848464e+00
-1.220185029548075484e+01,-1.204083327410949522e+01,-1.388896786628497892e+01,-1.143726916031705088e+01,-1.234148272251089473e+01,-1.662790067328347021e+01,-1.811248219344351185e+01,-1.656806811214321229e+01,-1.243325299997296618e+01,-9.158763368924459414e+00,-1.029385903394884494e+01,-1.058165518246177150e+01,-1.204025892561508471e+01,-1.362319147007332987e+01,-1.321505161498983760e+01,-1.025907576870587157e+01,-1.034022985347029255e+01,-1.056290427460852577e+01,-1.145368696604337977e+01,-9.858985106667709886e+00,-3.715651088743470609e+00,-3.089706615035993309e+00,-3.192483375366363063e+00,-1.147711263338957677e+00,-2.242842410379934037e+00,-3.076179792427057080e+00,-6.442079464115926690e+00,-5.601416853534626483e+00,-3.271579886939434800e+00,-5.097169599208023705e+00,-3.804627455210720655e+00,-3.823133513312010567e+00,-6.857415772203239612e+00,-4.531705283372300386e+00,-5.854013820334027507e+00,-8.340439411087167798e+00,-8.731725587199131056e+00,-8.745699377937448560e+00,-1.059581145820104453e+01,-9.428271493615788756e+00,-4.839632950349671781e+00,-1.925698744220426306e+00,-4.283959762715919162e+00,-7.022499471424250572e+00,-7.540983077863024242e+00,-6.907937399525609479e+00,-4.954103684317993306e+00,-6.723313467577099800e+00,-1.267703680611318973e+01,-1.143951570408211893e+01,-5.775177231449763582e+00,-4.375698064188731529e+00,-5.760770584764953739e+00,-4.243280846974812448e+00,-6.579418313793009787e+00,-5.182591208956889517e+00,-3.529323137785670195e+00,-4.700800946984802664e+00,-2.992365890948955442e+00,-2.909898354185214586e+00,-5.532024417851870268e+00,-5.230762233915609016e+00,-5.158324696796221964e+00,-7.455485776259997088e+00,-6.832746665096944838e+00,-8.438118981921839179e+00,-1.023658968559983684e+01,-1.176901381983770989e+01,-1.252515364817291932e+01,-1.167818167301205357e+01,-1.154420813520846423e+01,-8.742494761219454347e+00,-9.543142167437407508e+00,-1.126430544857349680e+01,-5.009211009756351807e+00,-3.354963991036735482e+00,-5.248922744246960370e+00,-4.725991392479853559e+00,-6.792331523016198247e+00,-9.116821713331672683e+00,-9.944627485962378444e+00,-1.232116375904944228e+01,-1.267891342855162051e+01,-6.214103641053144500e+00,-4.453270576066440611e+00,-8.085180072320831357e+00
-1.053387288273208711e+01,-8.293009077767944603e+00,-8.597129225316974654e+00,-9.210612146597769723e+00,-1.219537818587074618e+01,-1.593632537250717540e+01,-1.777678395145469281e+01,-1.703621076626910025e+01,-1.312997606438067244e+01,-9.363664497103956208e+00,-1.049262038649370332e+01,-1.092606965659393126e+01,-1.098015657977925486e+01,-1.370534543941418271e+01,-1.440712016986476129e+01,-1.074051035009324551e+01,-7.924705802514734998e+00,-8.638815788552165031e+00,-1.324714060075995015e+01,-1.015964686986505150e+01,-5.594364008335913852e+00,-5.580512870905092626e+00,-7.810285826275099375e+00,-4.208770326549104546e+00,-3.215692966057556834e+00,-5.724119316338652119e+00,-8.454022606162148179e+00,-4.392344746783944487e+00,-2.638731636771505240e+00,-4.426519299299495280e+00,-2.201896563228931125e+00,-1.809943118149425878e+00,-3.876755804880910095e+00,-5.313886891908219390e+00,-1.121665772557672547e+01,-1.051797110339814267e+01,-6.090428057540622220e+00,-7.087706240307953820e+00,-7.896818243122349479e+00,-5.932643836195994780e+00,-3.863561918255678851e+00,-4.626275190179715224e+00,-1.004629949025628655e+01,-1.102252369394732767e+01,-1.058861073406620079e+01,-4.744427062609854140e+00,-3.799583188760960795e+00,-7.976390307872659235e+00,-1.251913864174598956e+01,-9.942598065206160740e+00,-7.185556461756480218e+00,-6.664556358837419481e+00,-3.270239830922542446e+00,-2.776466359751389668e+00,-7.454022762446482986e+00,-6.820853997668665514e+00,-3.543878092238123223e+00,-5.051159844342489436e+00,-6.057887214468792081e+00,-4.548980971340723656e+00,-5.122668938391143456e+00,-4.329567321377301603e+00,-4.831904554636114568e+00,-8.288946579676121473e+00,-9.588064312313994364e+00,-7.359085409332895011e+00,-6.523179498559329659e+00,-5.080509165399941907e+00,-6.892070105252161127e+00,-7.434527298157465935e+00,-5.595650875142180070e+00,-4.802004253614642337e+00,-7.439770761676805400e+00,-1.291400910522012602e+01,-7.834931341206861966e+00,-4.836034280280324005e+00,-7.311502052257613293e+00,-9.993082544973326264e+00,-1.114997538158463186e+01,-1.295587947426570707e+01,-1.263130214768979265e+01,-1.421397227711147693e+01,-1.390452573991691132e+01,-8.563578565915426211e+00,-7.184798899468862743e+00,-1.114017131350313683e+01
-1.065442095096740438e+01,-7.232339620745430686e+00,-8.450110871965685888e+00,-1.262444768018192676e+01,-1.398179561634444568e+01,-1.515004604992767234e+01,-1.521211801593502422e+01,-1.432376359035778357e+01,-1.296840375351409058e+01,-1.276021044804818061e+01,-1.171989318066173169e+01,-9.202262461495896773e+00,-9.718094233009550109e+00,-1.248491060526834673e+01,-1.380063320448001285e+01,-1.278911204749925190e+01,-1.167929697481708473e+01,-9.865306000406336651e+00,-1.032261696292294317e+01,-7.823461051516157561e+00,-4.922275809034342586e+00,-6.060751417237851157e+00,-1.118044998569207138e+01,-8.319762158000635566e+00,-7.761738566298744146e+00,-1.097998642880702391e+01,-1.113873981240774569e+01,-5.683586669982307882e+00,-4.716710272953302585e+00,-8.065928399148914352e+00,-7.202036351410545656e+00,-6.598571115056984127e+00,-8.146119990948742284e+00,-8.363276026884300052e+00,-1.291325862296960381e+01,-1.045258577167987823e+01,-6.582520783102761008e+00,-6.060984201797206872e+00,-6.267598385780325465e+00,-5.545175385085814312e+00,-4.084152825670752662e+00,-3.590017458647101645e+00,-7.228441921457285702e+00,-9.030791587713691726e+00,-8.657918423414230347e+00,-5.822025140643948049e+00,-6.241122770575909584e+00,-8.339202622485268890e+00,-7.007259845992343195e+00,-4.910124320451156876e+00,-4.288261715984036826e+00,-5.527331266975831880e+00,-4.410408624978622960e+00,-1.859214345200396412e+00,-3.419993019251301725e+00,-5.922812931905759193e+00,-6.745859844299654462e+00,-6.780274516346657343e+00,-6.695624204941042379e+00,-8.120689443623026804e+00,-5.128735649926562168e+00,-4.210893507532293967e+00,-7.494382183972953193e+00,-1.267992075967291932e+01,-1.236828686400420096e+01,-8.491974886506795883e+00,-2.461040835609916488e+00,-9.905580969781213607e-01,-4.312737665044551250e+00,-7.731300569423991575e+00,-7.526054872057607703e+00,-4.612744050129549578e+00,-4.472561789236755736e+00,-9.662667658361089096e+00,-8.873224245987431757e+00,-5.047124408107872107e+00,-7.102443045522603526e+00,-1.307453975143531899e+01,-1.396046824980941103e+01,-1.143184764434893985e+01,-1.167083705785787728e+01,-1.257086522866868350e+01,-1.218211891566817151e+01,-8.307619290761067532e+00,-7.522246684468377076e+00,-1.225941992908095379e+01
-1.238555709808133543e+01,-1.097639013681974696e+01,-1.317209087490724961e+01,-1.374243435925907519e+01,-1.206169997150492357e+01,-1.249715074213842492e+01,-1.156571100931614637e+01,-1.081452897884365605e+01,-1.320743948914524601e+01,-1.453121554385870695e+01,-9.784524322797855334e+00,-7.209996680729091167e+00,-9.009928412425020738e+00,-1.277641996027280946e+01,-1.442804614599380209e+01,-1.410138342674407674e+01,-1.264157824963331223e+01,-1.059425214623721878e+01,-1.117413112314211077e+01,-9.558167463168501854e+00,-9.201878836378455162e+00,-1.119427471359570880e+01,-1.149536011678477188e+01,-9.194565516896545887e+00,-8.876071594868941261e+00,-9.631553838650384947e+00,-8.405422060000192985e+00,-6.558011009125038981e+00,-9.029096860645545064e+00,-9.339928510909279780e+00,-8.240201432445449115e+00,-7.378798097126927580e+00,-9.645122849110824959e+00,-1.030847366341751936e+01,-1.027225195306042771e+01,-8.627515469073033572e+00,-9.124288248881283536e+00,-8.760016872735125304e+00,-7.175224946656574510e+00,-9.270822423510253429e+00,-7.597492296636725762e+00,-3.495331095909932628e+00,-4.904190356455122135e+00,-9.042739120777696371e+00,-7.885471738150550358e+00,-7.638275580403084852e+00,-7.277754255104809999e+00,-5.155596223323502869e+00,-3.747923857277378978e+00,-4.980710992744813659e+00,-5.181776008361743457e+00,-4.154998335767434270e+00,-5.577759338979376480e+00,-4.297937646392609778e+00,-6.446914229593756929e+00,-6.194429631267364122e+00,-6.114809296249101855e+00,-5.956302143504621505e+00,-5.928071091831144557e+00,-9.471032184897921979e+00,-9.821879766474012285e+00,-7.725962011531616547e+00,-7.652324186948438189e+00,-1.146547858841303302e+01,-1.076361907433925325e+01,-9.346178506630369753e+00,-4.231990523604003407e+00,-3.808474044076218590e+00,-6.806359176795619526e+00,-9.052070459777800338e+00,-1.006828708008914752e+01,-9.211318180171979009e+00,-5.127363378026832841e+00,-4.265796962006586313e+00,-5.194558814158274807e+00,-4.666681659459653631e+00,-9.576220886885291605e+00,-1.475959014613181353e+01,-1.324343641743891808e+01,-9.691973059645128785e+00,-7.271375284737183087e+00,-6.304866481908700138e+00,-8.417165972085463466e+00,-9.105020742708196835e+00,-6.589296257110415667e+00,-8.625699188146326080e+00
-1.349913463296575600e+01,-1.431878821763934440e+01,-1.459502762757862548e+01,-1.179893125424213274e+01,-1.170360925066698776e+01,-1.309092176415854070e+01,-8.831353399488660827e+00,-7.761916857031691208e+00,-1.082509132873060054e+01,-1.231101032863888456e+01,-1.161889219263361639e+01,-7.208694528025160864e+00,-7.191698230809480563e+00,-9.612352166286049382e+00,-1.117119883996848451e+01,-1.105972215222815613e+01,-8.232018483233535022e+00,-8.620318055945972446e+00,-1.272926050678102428e+01,-1.300948087135071063e+01,-1.403300872621023032e+01,-1.402002195600006296e+01,-1.038950030417698933e+01,-1.068821530478695969e+01,-1.331170057401888940e+01,-1.120812107006915781e+01,-8.392223773844307289e+00,-6.946840844944947690e+00,-9.766844824577370687e+00,-9.009004342576695024e+00,-4.322451923306086741e+00,-3.175083735393450901e+00,-6.902720398386009037e+00,-8.767872251725444599e+00,-4.889161286267659001e+00,-4.112957886025672138e+00,-7.207951676023690801e+00,-1.007253759695837836e+01,-8.232965365155703097e+00,-7.308777289174031466e+00,-6.450253968124242121e+00,-3.277593313504540973e+00,-4.422010308668985701e+00,-9.816509366855219909e+00,-1.099862468925615211e+01,-7.532046651383603297e+00,-5.304661536860900917e+00,-5.824118159860113941e+00,-5.684012349694967270e+00,-4.915382573174105652e+00,-6.628361065432222254e+00,-6.948604368087318406e+00,-4.365675897906637459e+00,-5.483548823925149307e+00,-1.073627603462793800e+01,-1.119677880706472450e+01,-9.776080508781079814e+00,-5.195863999309949577e+00,-4.126424185090905361e+00,-6.654996404359634354e+00,-8.388728865448179306e+00,-8.041058033665953175e+00,-9.148508984931847721e+00,-8.833814605992907687e+00,-7.707981962975787305e+00,-7.433820564455042579e+00,-5.899476285609933868e+00,-8.665172572005152674e+00,-9.687396358058322221e+00,-6.528443934305363960e+00,-6.588093337803406335e+00,-8.618833382889635075e+00,-8.456762579618953168e+00,-4.686611673165720582e+00,-2.023842314086828686e+00,-4.499643425174225442e+00,-1.204994697413510707e+01,-1.408264704141119061e+01,-1.235387699264619066e+01,-1.184134353128158423e+01,-1.188853204410730058e+01,-7.751704777383969791e+00,-6.447174650241827898e+00,-9.290472619442475377e+00,-7.564252309320080414e+00,-7.369359099150945447e+00
-1.115261735311812785e+01,-1.258831446211681637e+01,-1.248256884444142756e+01,-1.107611612923210487e+01,-1.287505607141388708e+01,-1.321773844998743819e+01,-1.100071517088347051e+01,-8.963249945573302568e+00,-8.097567945201364026e+00,-1.001184904968572909e+01,-1.200907851044192043e+01,-6.197867277948211573e+00,-2.703835630048969207e+00,-2.863137447152136250e+00,-6.075791128542429753e+00,-8.741722980824610190e+00,-7.240155669149114459e+00,-8.072626711800694466e+00,-7.978080608956386044e+00,-7.922829452676523943e+00,-9.249265924904547020e+00,-8.572061868694921927e+00,-8.080847172713321314e+00,-1.201064566481444551e+01,-1.628749303271372995e+01,-1.551571342941477027e+01,-1.391928219614136530e+01,-1.040946409458087629e+01,-7.513054564840988547e+00,-6.024704858965075793e+00,-2.095862892007567702e+00,-2.736392761155406639e+00,-7.822703449469473824e+00,-1.058800350010601932e+01,-5.067789109326743535e+00,-2.945103743870276958e+00,-6.304350220313709841e+00,-6.940842672949656844e+00,-5.581030682104432650e+00,-6.771616378747340903e+00,-6.706551790211556785e+00,-6.485558346738495850e+00,-5.041400117320234742e+00,-5.234797890416706956e+00,-8.395954874654611544e+00,-7.413721814040197700e+00,-5.513851431831426453e+00,-7.362274094200175867e+00,-7.758684635783235528e+00,-7.529170232423995301e+00,-6.366389252348906069e+00,-7.545463970758849115e+00,-6.226630869321525097e+00,-6.223879822115931049e+00,-9.975099749901952251e+00,-9.976240424128869577e+00,-1.284834063047957109e+01,-1.081109335782497993e+01,-8.843397927464037522e+00,-7.650640373887856782e+00,-7.544998502488144965e+00,-5.206753387620362439e+00,-6.588312284865726731e+00,-7.713694049045443535e+00,-8.839882398334642843e+00,-1.061493190132184949e+01,-8.023586905432036787e+00,-8.102345091601213412e+00,-7.068045528987163983e+00,-3.905529364167402040e+00,-4.675805037493571348e+00,-7.738674745817358591e+00,-8.146249753956604778e+00,-7.923063629694904186e+00,-3.427292797695069115e+00,-3.494739906597209789e+00,-8.765254944465899811e+00,-1.305594855057360171e+01,-1.249067104618168500e+01,-1.008302663571925706e+01,-1.124258599414800663e+01,-8.895124608644335851e+00,-7.054779432507024772e+00,-8.707012992146903940e+00,-8.396790892771807790e+00,-9.981092045316472650e+00
-5.560072535243104852e+00,-1.030248233862221241e+01,-1.258796051134251925e+01,-1.353267857442713407e+01,-1.222754325189938207e+01,-1.128610376214843747e+01,-1.198881877317196754e+01,-1.157094691321253777e+01,-1.158757458208128810e+01,-9.801887946824232145e+00,-1.052654980883623104e+01,-9.072817291036093579e+00,-7.511811730394280850e+00,-5.972826540202529344e+00,-6.108610865103805132e+00,-8.008276648146825494e+00,-1.127020299366591161e+01,-1.180079092579479827e+01,-3.958774546507306091e+00,-1.430294235660565239e+00,-3.355582150920630280e+00,-5.955982841771199077e+00,-6.542795257529683717e+00,-1.137869747852285762e+01,-1.517883928492665291e+01,-1.449888392185999209e+01,-1.474991032330176921e+01,-1.422567317769345330e+01,-9.544137861903031705e+00,-3.362495881427700173e+00,-2.570429960543858972e+00,-7.483592607630675353e+00,-1.141593311737394956e+01,-1.271514741957394534e+01,-6.700304302726483918e+00,-3.434251084833198853e+00,-5.213638193678990618e+00,-6.337411333161678151e+00,-7.057197339832782745e+00,-1.014826685705015308e+01,-1.125203033898853633e+01,-1.147258644830435514e+01,-8.577623129718833894e+00,-7.994730984274712071e+00,-6.713445013233770631e+00,-5.016784897035297952e+00,-5.700562360153223374e+00,-7.827639684701959588e+00,-6.941114643873232737e+00,-8.937558117665401980e+00,-9.199445050468462171e+00,-9.499143670655838534e+00,-9.703589404933154583e+00,-5.860305045291574366e+00,-4.744548398859074645e+00,-6.589222288127833060e+00,-1.243139192912106772e+01,-1.515137629855113666e+01,-1.406843856489285827e+01,-1.147962198147757107e+01,-9.524397696471876174e+00,-5.600988365166510441e+00,-3.883121079364274308e+00,-4.802793970370355048e+00,-9.011132197273481026e+00,-9.964211810431960359e+00,-7.943818894072642856e+00,-8.536782355254722177e+00,-7.997025038820639864e+00,-4.526981313472585811e+00,-4.632174954355125607e+00,-9.036329980525705352e+00,-1.016561269822219948e+01,-1.123502643964537917e+01,-1.004795730945705934e+01,-6.619822644395753741e+00,-6.409744014627197117e+00,-1.061785706303392907e+01,-1.281301134612618142e+01,-8.593902031891047955e+00,-7.702812320462220974e+00,-8.589042350274716853e+00,-5.709377400719353624e+00,-5.681431393339557268e+00,-8.638834969813210307e+00,-1.239733471235053486e+01
-4.175402318567244642e+00,-8.704831161950197682e+00,-1.309341355097583559e+01,-1.226898790096553604e+01,-9.940810836955076724e+00,-1.080663045847581571e+01,-9.686408368146253167e+00,-1.157668728981581019e+01,-1.251183323729007135e+01,-9.411057006748807297e+00,-1.127550346528490444e+01,-1.244568010037376915e+01,-1.180477747204713523e+01,-1.093719456024054004e+01,-1.075997595001374307e+01,-1.254872959535310173e+01,-1.195604984669221693e+01,-7.720614825064128439e+00,-3.068616409394760769e+00,-3.360806435709997153e+00,-4.432625276942417258e+00,-6.804968121332219511e+00,-7.014787692680126696e+00,-1.165493311991061454e+01,-1.458985599978930381e+01,-1.243389470544126318e+01,-1.283062447612691237e+01,-1.407870062492373897e+01,-8.863435366597615328e+00,-3.144387658551244691e+00,-3.353152461058521716e+00,-1.035076584397918609e+01,-1.386647460123317188e+01,-1.330377524314260640e+01,-9.002848360079546808e+00,-4.784936331497091189e+00,-6.078080917614796519e+00,-1.091295069285357933e+01,-1.260548066404751566e+01,-1.301838432899158882e+01,-1.208496970475728993e+01,-1.222770626269306860e+01,-9.609471831915369577e+00,-1.007274944842275666e+01,-6.796821308373990789e+00,-4.662439313898277149e+00,-6.941870140998314120e+00,-6.860473199217166140e+00,-7.423466511604298823e+00,-7.655193289146861702e+00,-7.062344184905264832e+00,-9.092428388552637131e+00,-8.626043559828152851e+00,-7.606119138757801323e+00,-5.119853376304187798e+00,-3.641028211762507905e+00,-7.362291698687638331e+00,-1.257815199016800278e+01,-1.099489639109621386e+01,-8.057918061741576210e+00,-6.275125536834821105e+00,-6.721884212553656646e+00,-9.083238816250943870e+00,-7.903582569211721420e+00,-9.391276476697790088e+00,-7.295072067195885523e+00,-5.767159960724206336e+00,-8.854791754442784324e+00,-1.140309843918981159e+01,-7.289828788463233344e+00,-7.003512113122269511e+00,-8.967892793187880685e+00,-1.058005554325387010e+01,-1.193293221801933335e+01,-1.117570066113451865e+01,-8.623568082719835104e+00,-8.949854188747444539e+00,-1.177556182537227869e+01,-1.244735053419652893e+01,-1.069191529467287971e+01,-1.145104104580564552e+01,-1.100659301972741133e+01,-8.076085029092306300e+00,-4.193443561478084725e+00,-5.095961899221745028e+00,-1.067435945618328574e+01
-6.403972006273559003e+00,-7.590961145224152773e+00,-8.655649503408413992e+00,-7.706827221968625352e+00,-1.085120219007755260e+01,-1.298720614599167433e+01,-9.818603716790676117e+00,-9.104029992465964227e+00,-8.133014697251686798e+00,-6.675321004683307358e+00,-8.982966963098281354e+00,-9.481307221563636034e+00,-8.270881818575112732e+00,-9.897023958723163872e+00,-1.386655824445188046e+01,-1.126033999240543260e+01,-5.349186598801882297e+00,-1.493454754916052174e+00,-2.784773504330789518e+00,-5.170241420746202188e+00,-4.168667385201842990e+00,-7.338344803070261158e+00,-8.869920073930794402e+00,-8.465769336196697026e+00,-8.881497091298419022e+00,-8.108039471760598360e+00,-1.105719436795657629e+01,-1.253504096050487959e+01,-6.915633945347508416e+00,-2.868184785350523569e+00,-3.069038265100971330e+00,-8.072380625798055931e+00,-1.313987305672425343e+01,-1.276311495452601896e+01,-8.259527680506128178e+00,-5.111472430831377700e+00,-6.735949385794810951e+00,-1.134520133104847872e+01,-1.517567316883165951e+01,-1.478052726444891718e+01,-1.117803712008107020e+01,-9.709333961156922044e+00,-8.812061119701764866e+00,-1.039236906138184047e+01,-7.471894890082896978e+00,-4.553828317955776583e+00,-5.009009872120158136e+00,-4.865100154691996970e+00,-7.688456284580752254e+00,-6.888132081580503829e+00,-2.849571993467381770e+00,-3.836717445132409310e+00,-9.461743458665701212e+00,-1.115858115659405847e+01,-8.965928082302626834e+00,-5.729569703579828754e+00,-4.659928326132810383e+00,-6.270490868473037160e+00,-7.854736104491166770e+00,-1.000384238672753234e+01,-1.042017085056027526e+01,-9.703543273078846454e+00,-1.065676446910947561e+01,-1.115974301317085882e+01,-1.293642872271852440e+01,-1.014624032921468277e+01,-8.121556229630691348e+00,-7.794174103790687091e+00,-9.403765494800204294e+00,-6.264910515346047148e+00,-6.282290446339175105e+00,-9.112980416794824734e+00,-8.061310974596482382e+00,-7.890377059527155623e+00,-5.118588500890230542e+00,-3.193735334268745341e+00,-4.959676200168258831e+00,-1.069411948434491144e+01,-1.234666279674921618e+01,-1.185504527917752604e+01,-1.309514386149951193e+01,-1.077542331918246177e+01,-7.891553175299325318e+00,-8.085633977781981230e+00,-8.091848191520613298e+00,-9.231166465201466664e+00
-1.221906223324024054e+01,-1.010992016016583328e+01,-8.067192265220606728e+00,-9.077553349404801963e+00,-1.297364273196500228e+01,-1.426556064136740254e+01,-1.171866364689129902e+01,-9.614780126889753475e+00,-6.927044518136729501e+00,-3.933467445549063690e+00,-6.119112610112804163e+00,-8.590436413614952471e+00,-8.310621251998883352e+00,-9.902908179818446399e+00,-1.072691361327047588e+01,-5.398631798319608599e+00,-1.276808701334503970e+00,-1.847135972513771929e+00,-4.408251732875618778e+00,-4.978822738721242480e+00,-7.067010472399285703e+00,-8.777471625970470370e+00,-1.062999162327226621e+01,-5.979585452341577678e+00,-4.174783236211321302e+00,-6.097283200813560455e+00,-1.036103008957838512e+01,-1.206426401985582864e+01,-7.954344567920391462e+00,-6.256264326130298592e+00,-6.720288991436569326e+00,-6.653316293312753871e+00,-9.223096713695364102e+00,-7.470163574396995187e+00,-5.284787695764356918e+00,-7.504036866283665397e+00,-8.068935496137580543e+00,-1.040607044328418063e+01,-1.197990500590013774e+01,-1.052993040357493193e+01,-1.016823130866719538e+01,-9.570619348850515351e+00,-7.315027789678424597e+00,-8.053822018141444161e+00,-9.320301810176008672e+00,-3.764945091604911642e+00,-9.315810483070284809e-01,-3.265092990818731167e+00,-7.975629281976984508e+00,-5.260492561456178606e+00,-1.522135095452136433e+00,-1.788959339204464261e+00,-7.123993362435915522e+00,-1.173851733551257226e+01,-1.021486559573612674e+01,-9.034681940658224164e+00,-7.617199250009434763e+00,-5.357870999762478270e+00,-8.859312688016668602e+00,-1.418074101892610450e+01,-1.478723108072558290e+01,-1.378066427862763277e+01,-1.072220982717246685e+01,-9.096657464410075278e+00,-9.321988968954732613e+00,-9.091765733991955756e+00,-1.103169907457454002e+01,-1.118727599247358739e+01,-1.030483783606905490e+01,-6.835903873379316487e+00,-5.091731918898100950e+00,-7.767518154144959830e+00,-7.792425099411047995e+00,-8.506522964117014141e+00,-7.326756420099830081e+00,-2.019214930989417400e+00,-1.617397207335872888e+00,-6.933385388823808171e+00,-1.260422109582289885e+01,-1.048544009663035226e+01,-1.071604513690949290e+01,-9.512264172897427983e+00,-8.466740492563177511e+00,-8.351729210970612272e+00,-1.064673509136223828e+01,-1.225598235822851834e+01
-1.646405896782461298e+01,-1.381955123803992258e+01,-1.084061123109940006e+01,-1.168490179462565237e+01,-1.332874164260768701e+01,-1.324862701145725197e+01,-1.270365451149539027e+01,-1.152692934622367282e+01,-6.612111950118560344e+00,-3.002535786550854180e+00,-4.827180909102834150e+00,-6.887527027228821375e+00,-7.983418681865765087e+00,-8.190490391821690253e+00,-5.111070683229223199e+00,-3.151827641932565260e+00,-5.245996034983060774e+00,-5.347064831016016484e+00,-5.365605282713659108e+00,-5.183920046599975961e+00,-5.749183621606789529e+00,-5.022205117160006616e+00,-7.680499504441993253e+00,-8.422174836948720156e+00,-7.163703478543741454e+00,-8.204502021538145229e+00,-7.577089961281874508e+00,-5.151783213233203540e+00,-4.326478409441834927e+00,-8.038364357800068305e+00,-9.934121556871104985e+00,-8.467024170741852984e+00,-8.335934726922358706e+00,-4.059587377912571959e+00,-3.853331530143299766e+00,-9.194625104518813430e+00,-8.618341465791067080e+00,-6.536735475800621309e+00,-7.904129903964025594e+00,-1.046473997381205301e+01,-9.799055092605865269e+00,-7.730603826381007515e+00,-6.030894999612225860e+00,-9.094509153471639351e+00,-9.634655977599322796e+00,-4.789811231606614150e+00,-2.005124865872656148e+00,-3.442533868135392972e+00,-6.990641450308936022e+00,-4.894106231694523856e+00,-6.058363204167108051e+00,-3.570802301864508532e+00,-3.620183038750029780e+00,-7.849783011815613776e+00,-1.167220541379517940e+01,-9.623506150492984190e+00,-7.548637998756021261e+00,-6.940572778176930413e+00,-1.096899599923441748e+01,-1.626498030612452084e+01,-1.397396229078165319e+01,-1.134944490177763754e+01,-1.074153532797936350e+01,-1.076131303913684434e+01,-6.606310225693353466e+00,-5.941640532601417668e+00,-8.757215703346041380e+00,-1.301267207631220479e+01,-1.207229548465046598e+01,-9.431418053159076109e+00,-5.224152077222242951e+00,-4.333357942167721077e+00,-6.491748962983062476e+00,-1.074118350026805757e+01,-9.377639302776920260e+00,-4.242529763258062303e+00,-3.151077880492569872e+00,-3.710559818893671036e+00,-5.668424991250503808e+00,-6.220126734664922274e+00,-4.662881480753033436e+00,-4.410262553292947807e+00,-6.601722049893699484e+00,-5.011088998860537380e+00,-6.298033943477396868e+00,-1.273826109669688655e+01
-1.649599940769581252e+01,-1.428647095389250232e+01,-9.604419014778816432e+00,-8.558355700276377931e+00,-9.925417287640609487e+00,-1.367497101384732439e+01,-1.427725508622825146e+01,-1.217203412029064324e+01,-5.614978929528863461e+00,-2.936173657488931443e+00,-5.053620151761303525e+00,-4.040067492195198007e+00,-4.616711561969067290e+00,-6.509556375625026092e+00,-5.007689333897967110e+00,-7.474201033771452174e+00,-7.522785882821255043e+00,-3.139091019432978857e+00,-3.279002146614301338e+00,-5.952367038155595758e+00,-3.194397501379070192e+00,-2.128117888987617334e+00,-4.097156200152919148e+00,-8.175227482906645804e+00,-9.436875202984083444e+00,-8.948059521718985110e+00,-6.213722193678323791e+00,-5.135119794001992588e+00,-3.621716441832379285e+00,-6.859646437586182088e+00,-9.435451737242853909e+00,-1.046628714552045736e+01,-9.162582465149979427e+00,-3.206232335020710256e+00,-1.583611971496995618e+00,-4.815664200031379849e+00,-7.201948333479878173e+00,-6.233474625378018885e+00,-6.668699196436339349e+00,-1.159554677580793758e+01,-8.405276613309979439e+00,-4.979519272481815584e+00,-6.661132229517938264e+00,-9.800948683094853564e+00,-8.438819736494528101e+00,-7.735909452550306931e+00,-5.455946412584227190e+00,-7.335115235816273227e+00,-8.875264725609062211e+00,-8.762599126448751718e+00,-7.131715346683955126e+00,-5.143386031397515268e+00,-6.210263333445052325e+00,-8.436083865300235018e+00,-8.385963048857068003e+00,-8.918135231567752896e+00,-9.036688352236524224e+00,-7.941527693942286525e+00,-1.123847253558536430e+01,-1.697172543065001449e+01,-1.457095223830805963e+01,-1.060159132401976301e+01,-9.338689481839537621e+00,-1.135591545794159174e+01,-1.105232579561157280e+01,-8.353999479634998337e+00,-7.930734739496579699e+00,-1.147042661447388490e+01,-1.103025124061645812e+01,-9.847347449459549651e+00,-6.045561766898673639e+00,-3.857349394005723298e+00,-6.879164467332884669e+00,-1.135006926055777754e+01,-9.196562817436642945e+00,-6.881111767755808017e+00,-7.129869631310510769e+00,-6.969476556272841350e+00,-6.562012951481544398e+00,-8.429219685983817101e+00,-7.568120073743759946e+00,-3.580894471139698609e+00,-3.222566133165350344e+00,-3.007176048646215349e+00,-5.164291943475189939e+00,-1.124200858444803330e+01
-1.599075780182869977e+01,-1.234702666652285430e+01,-6.676729358668024972e+00,-6.177699340803024519e+00,-1.028667917019791034e+01,-1.466492301453318881e+01,-1.419190095613400082e+01,-1.042172040728231330e+01,-5.090734690764090686e+00,-3.905665461782417580e+00,-4.871139488761804692e+00,-1.031533546994776618e+00,-1.683501787493393520e+00,-4.446541353405336849e+00,-6.546952507497432627e+00,-6.537099197377553850e+00,-3.193991659744319200e+00,-2.084470127351071067e+00,-6.408911758801575154e+00,-6.148230592338626899e+00,-3.744638773095276818e+00,-6.053866045550522657e+00,-6.850330168281086429e+00,-7.078658532972137429e+00,-1.174617555944455916e+01,-1.125693504522658017e+01,-7.936953219248810143e+00,-6.750287698908424616e+00,-4.115404898456795912e+00,-6.743156979287353359e+00,-1.104607341539425214e+01,-1.318108646747552726e+01,-1.251701294304803014e+01,-6.874107614612309902e+00,-3.141213105829794738e+00,-3.017564279473137656e+00,-5.889365139229791879e+00,-6.628335964167490602e+00,-5.498597279462653198e+00,-7.047819912653519481e+00,-6.289942432815830209e+00,-8.315553785431095690e+00,-8.419621289072287240e+00,-6.318260859271201291e+00,-3.133496686884124305e+00,-3.194116093444689497e+00,-4.131049043694575928e+00,-8.277020676315361314e+00,-9.907357270829379559e+00,-1.079750596400764273e+01,-9.860416457522660494e+00,-7.708787037007924781e+00,-8.300061745303942473e+00,-7.622442766817079551e+00,-6.479325671305155687e+00,-6.457959985955515236e+00,-6.674970467047791622e+00,-5.799806621171430976e+00,-8.683936289472816483e+00,-1.388424160538448149e+01,-1.413168015310333914e+01,-1.070742535273408613e+01,-8.649085439890363602e+00,-1.050741484047224183e+01,-9.757957346116503672e+00,-7.906018076037677922e+00,-6.241631260607391596e+00,-7.669719511875882745e+00,-1.067201983090490103e+01,-7.343796742819701961e+00,-3.634608844537675854e+00,-3.811379481336593322e+00,-7.665671160315266519e+00,-9.968331071729254589e+00,-9.982840588212841482e+00,-1.183861596923735426e+01,-1.060192869024144358e+01,-5.339054803700289398e+00,-4.046637932278018823e+00,-5.497302068407104336e+00,-7.252698810558488418e+00,-6.595800608642296226e+00,-8.521927957927497133e+00,-8.730112563922173052e+00,-8.825535014040521986e+00,-1.324296940418167168e+01
-1.542587272615896410e+01,-8.195643416554149852e+00,-5.531175156237117641e+00,-8.176083694315618544e+00,-1.361551138075689416e+01,-1.297819141828868972e+01,-1.000816504305435473e+01,-9.007553133113511024e+00,-8.772908505207547947e+00,-7.245029365734404259e+00,-4.371184746469225502e+00,3.287671962316380814e-01,2.763292872712352355e-01,-4.479176542453286558e+00,-8.266489963564607635e+00,-6.980375411073004521e+00,-4.982765879423014965e+00,-1.818053975425654167e+00,-3.989745821182926644e+00,-4.726558958518176645e+00,-8.202239775719741388e+00,-7.109575689640930563e+00,-7.374722458056769625e+00,-1.055461921723973440e+01,-1.083069851578006393e+01,-9.342886428555679856e+00,-5.695983468179798059e+00,-3.693029441165789351e+00,-3.812283223423744705e+00,-7.418157936138515041e+00,-9.882785317914871470e+00,-1.065078569312916201e+01,-1.123331814721071531e+01,-9.370806636907218490e+00,-9.705214644193700835e+00,-7.965421437541307270e+00,-6.271779377383710496e+00,-8.221265311844440760e+00,-9.839272323840608792e+00,-9.842629898158419266e+00,-1.044427476844025904e+01,-1.086931399970004897e+01,-1.199505304105372971e+01,-1.059023508511018008e+01,-4.700988820336028162e+00,-2.207543260535910878e+00,-4.641455786978945675e+00,-1.098061274305453239e+01,-9.621457763792326645e+00,-7.339583673055232182e+00,-8.094583151318753167e+00,-7.663942546721147053e+00,-8.280762059562322364e+00,-5.878067188534057408e+00,-6.247253380107900433e+00,-6.276414189564901491e+00,-4.697444969762323730e+00,-5.250673270363929390e+00,-5.190840272312925663e+00,-8.575563864316791296e+00,-1.178779469427859539e+01,-1.028115094949801822e+01,-7.171225967196126483e+00,-9.324976360735794501e+00,-6.665436740972533691e+00,-4.158509596923573248e+00,-6.849253355072708160e+00,-6.071223124111485347e+00,-7.015174733681811325e+00,-9.319739978760480881e+00,-5.938798069578802519e+00,-6.716534442860898402e+00,-6.103945561451837420e+00,-4.476645672485271454e+00,-5.227857081810169504e+00,-1.013725844843106216e+01,-1.341879115941830847e+01,-7.270741439256299898e+00,-1.471038171261574767e+00,-1.088468941728125250e+00,-5.508867082354198530e+00,-7.185788857761912674e+00,-9.698550320346839726e+00,-1.332260896317246868e+01,-1.325078190951090740e+01,-1.447673112257487205e+01
-1.168278487119823694e+01,-4.990568870977666549e+00,-3.608972617072847999e+00,-6.642352665645173460e+00,-1.103485168325197385e+01,-1.120653624279657379e+01,-1.006043796505158205e+01,-1.129671380668878555e+01,-1.109294708942373653e+01,-7.284523809587375887e+00,-5.953606439994877597e+00,-1.406441117025678977e+00,-1.736210845764111887e+00,-8.002825023443165264e+00,-9.896830681245774031e+00,-1.058427359370721632e+01,-3.769651558930894986e+00,4.645282732769070999e-01,-1.047305450534218529e+00,-8.510197989299841836e+00,-1.038458606445541044e+01,-5.253009363738884829e+00,-4.789397379499860108e+00,-7.114379427757942409e+00,-8.205948092819502548e+00,-8.043246912304311991e+00,-9.119987128548221023e+00,-8.471682022794588818e+00,-8.941435449497980414e+00,-8.111536482504257961e+00,-4.904173439193982631e+00,-4.132986561356422506e+00,-6.325745035263632410e+00,-9.648275794202668010e+00,-8.632344205061802001e+00,-8.510245107528236375e+00,-1.203483754021322483e+01,-1.198612774315471263e+01,-1.100764564605843709e+01,-1.080540947057306767e+01,-9.500861145315461442e+00,-8.222303799987356498e+00,-1.089027547644865201e+01,-1.451163178765111539e+01,-1.056507937620497373e+01,-6.977152318609619819e+00,-7.331035611750040815e+00,-1.038452209338235299e+01,-1.061480369894868758e+01,-5.257339828240219504e+00,-3.610131017268738862e+00,-6.517705797023761072e+00,-9.965234596450398996e+00,-8.744847600477644534e+00,-8.627618147778170155e+00,-8.054319955136937992e+00,-7.769473856935898759e+00,-7.797812262399626881e+00,-5.675074756093737349e+00,-7.685989278472131758e+00,-9.854877553844643145e+00,-8.553723849802432611e+00,-4.706217590357280045e+00,-5.622601216060704843e+00,-5.557621624404823102e+00,-3.470241999465441651e+00,-5.125227292890889963e+00,-6.952636665729288623e+00,-7.344763122565280966e+00,-7.051397908756269928e+00,-5.864155894895601406e+00,-6.699177451897412539e+00,-9.130230559087875619e+00,-5.813146356499702350e+00,-6.288484408701252804e+00,-7.889824652301791197e+00,-8.499202963399714150e+00,-7.895226766158076614e+00,-4.465739742168807425e+00,-4.522452471396213092e+00,-4.288935266098835797e+00,-5.226146214661032907e+00,-5.582833710437019370e+00,-1.047019581432040347e+01,-1.335358659162496586e+01,-1.505832923224402720e+01
-7.952603104084523089e+00,-4.003753944187741887e+00,-4.741033861038482122e+00,-7.443786004558205605e+00,-8.847455375724369020e+00,-1.343305603000852777e+01,-1.491571843179149681e+01,-1.150365370170523782e+01,-8.202616534066489606e+00,-4.920901328208856285e+00,-4.006028387389152456e+00,-9.188444753449908076e-01,-2.229987721433442704e+00,-8.279544924942051409e+00,-1.109099091790590563e+01,-9.168070876401746006e+00,-3.208197638340708480e+00,-1.140762920493014199e-01,-2.519984692348063771e+00,-1.127705550871582574e+01,-1.124433136314878112e+01,-9.987867545026043459e+00,-8.858136519925514207e+00,-8.143806081989573897e+00,-8.561053240794636920e+00,-8.308897730454596342e+00,-9.033000116999675200e+00,-1.214487888066408594e+01,-1.145474199976565188e+01,-1.007017504030631727e+01,-8.503254260331029712e+00,-5.854935055048877679e+00,-7.089640692607241057e+00,-7.292264447832065954e+00,-4.424186630484958194e+00,-5.459919039475304992e+00,-9.477730539291062684e+00,-1.068610386612838070e+01,-7.307029063101960986e+00,-7.317771948610445776e+00,-6.285481727746729419e+00,-3.987937639072697493e+00,-5.849252154365078837e+00,-1.092660964647721933e+01,-8.979849891465468303e+00,-9.169575462117791176e+00,-9.657620161564814509e+00,-1.012899976554844095e+01,-8.646112361457198858e+00,-6.325461843671898343e+00,-6.833797652170890302e+00,-7.833103123276184299e+00,-1.269797753343462077e+01,-1.560981294305788225e+01,-1.643494396749883890e+01,-1.582679537787205604e+01,-1.399506905364493470e+01,-7.044099315587017074e+00,-4.251256068251677789e+00,-6.532345749133835255e+00,-8.452559077698323264e+00,-4.716361161287447423e+00,-3.312867952921806136e+00,-6.536004269560281799e+00,-9.052648216338841536e+00,-9.925319641518095537e+00,-1.133930058928672224e+01,-9.253797540906816721e+00,-8.651162856193776562e+00,-4.022150208843716435e+00,-3.614503463579846088e+00,-8.678092459190843044e+00,-9.840771372430026531e+00,-7.325707623631590337e+00,-4.948791576831960803e+00,-6.214556033257395029e+00,-5.599506266169353097e+00,-4.931197040358609840e+00,-4.255949688735806369e+00,-6.118295811634096637e+00,-5.947576486143386632e+00,-6.482019123065078325e+00,-4.272912355831875786e+00,-4.368184528520537846e+00,-8.137558382340809970e+00,-1.178685109317302704e+01
-9.049687110611962737e+00,-6.595791492404209144e+00,-9.347806091148717300e+00,-1.295889885480412218e+01,-1.489887446299609230e+01,-1.657828597962442529e+01,-1.574864843860268593e+01,-8.750104025420215592e+00,-3.448036781124149908e+00,-1.882302449123673949e+00,-3.757781244141773946e+00,-6.124684770879361417e-02,1.846447339606432647e-01,-4.531156446375664615e+00,-7.707439665672912277e+00,-1.088343622214678241e+01,-5.905357865747646429e+00,-1.424739650925201051e+00,-3.253231792754175178e+00,-1.137347104110651586e+01,-1.625763966722620779e+01,-1.718453271687030792e+01,-1.664122399770551297e+01,-1.243456842708918764e+01,-5.840952904662117362e+00,-3.445831897290190682e+00,-4.544726869505312905e+00,-8.940424818700799747e+00,-8.785616564253965421e+00,-9.618405035800403624e+00,-1.148978765919390632e+01,-1.078099274956103848e+01,-1.321889338642035483e+01,-9.782140966090890899e+00,-7.113551308491474323e+00,-9.298538810392427578e+00,-7.896996091326905720e+00,-5.700863967572028734e+00,-3.622620259359893069e+00,-3.151488296081273344e+00,-2.590217004498602815e+00,-4.098974778911927075e+00,-4.614950919989496469e+00,-6.458708215737715364e+00,-5.563683417748608306e+00,-4.012140872534170732e+00,-5.267813619627203181e+00,-9.809507825204896392e+00,-8.233745368634117767e+00,-6.619914069797636635e+00,-8.303474611887294188e+00,-7.670956477781550653e+00,-1.213738811010908769e+01,-1.804026639792654407e+01,-1.798411809901396552e+01,-1.704892878068817907e+01,-1.421966386503643420e+01,-7.831905234191152587e+00,-6.413822126393723622e+00,-7.908848541872026239e+00,-1.216568512153915194e+01,-1.025911791323516020e+01,-5.991777040788696773e+00,-7.328758711667938464e+00,-1.213204482870383316e+01,-1.266393228206369592e+01,-1.213378563564684676e+01,-7.918431889243139565e+00,-3.413946143707208947e+00,-2.071012424675851893e+00,-5.394797104840916901e+00,-1.067832124109069447e+01,-9.920503070060577855e+00,-6.641807281308704347e+00,-6.860255660553876922e+00,-6.774524903080116012e+00,-8.638988599585395889e+00,-1.124164865647132139e+01,-8.830320254705535277e+00,-6.493393374917407534e+00,-5.904034874996998639e+00,-5.663198573954610460e+00,-5.054022557942920990e+00,-6.107688696589320898e+00,-1.030553354431564550e+01,-1.058389618889325234e+01
-8.635354474186897278e+00,-4.500152985875804923e+00,-5.883737822553990249e+00,-1.168739072494726194e+01,-1.467968983203172684e+01,-1.654500209540128708e+01,-1.420905001834034920e+01,-1.179231334187918279e+01,-6.201819704418691792e+00,-4.833638898425204999e+00,-2.969020902037704523e+00,2.324963085376010596e+00,2.314896185950298335e+00,-2.384978749807083354e+00,-6.090003162053310604e+00,-8.720803138179084257e+00,-3.331285503227263689e+00,-3.034122784299850273e-01,-2.381563493257595532e+00,-1.060398178154395765e+01,-1.438320354372262955e+01,-1.262488828930589868e+01,-1.153237844248198840e+01,-8.489038682749701081e+00,-7.966639460683735408e+00,-4.922193598648947344e+00,-4.263043581403002769e+00,-8.630709655582904816e+00,-9.613244020276599855e+00,-9.273302676363122998e+00,-1.189215253003769490e+01,-1.079042984917759895e+01,-1.117702014294142465e+01,-8.373669247039490671e+00,-6.563161586721737883e+00,-9.647221649686494871e+00,-1.144749269179171947e+01,-7.535480429974591665e+00,-7.182152580786755003e+00,-6.114393205645480833e+00,-3.781497611165024253e+00,-5.349338370582295887e+00,-4.417671182793128537e+00,-4.423300671727499633e+00,-4.784164335187394812e+00,-4.229967065512836299e+00,-4.132064171901826732e+00,-7.522811334994104371e+00,-6.608535174332144990e+00,-2.369491483957164135e+00,-1.865894508020978115e+00,-4.437051778850015893e+00,-1.084771924341718297e+01,-1.364627762459632443e+01,-1.236589822312816978e+01,-9.976134734163577988e+00,-8.278921781728664442e+00,-1.068922211581634230e+01,-1.421416075514732924e+01,-1.437863886025216864e+01,-1.357508455268624736e+01,-9.836123729490079626e+00,-4.510855166877768774e+00,-4.044036489872572027e+00,-8.379151609079498186e+00,-1.106947776964969066e+01,-8.950988398657905520e+00,-7.315704617494096063e+00,-5.850043621250531345e+00,-3.557592436023292670e+00,-7.357578646391630173e+00,-1.316458015723360830e+01,-1.099108513610230631e+01,-1.122841285852094551e+01,-1.264955033651656535e+01,-1.036091497623258206e+01,-6.313921156216464325e+00,-6.558529897114365070e+00,-7.602006017010555894e+00,-7.571637562269137867e+00,-9.054463377843299909e+00,-7.941288503158527412e+00,-8.683182815283847944e+00,-6.651639608278249405e+00,-8.695571073951819940e+00,-1.186318577867415236e+01
-1.057908850794451183e+01,-4.091372517070137604e+00,-2.529395589386695065e+00,-5.243990172449331411e+00,-1.058432478788826181e+01,-1.601191011485126126e+01,-1.688543202231327811e+01,-1.577748749901851077e+01,-8.646234086054997547e+00,-5.018520499809205226e+00,7.671892827557813543e-01,3.866018523151675712e+00,1.467010801501197115e+00,-4.089083808886546656e+00,-4.844864686795820496e+00,-7.216392302452327989e+00,-4.306216389991884164e+00,-2.321728514089449469e+00,-5.155373272075343571e+00,-9.706500977381235629e+00,-1.112196074136429402e+01,-1.103309001442458914e+01,-6.450057196637822621e+00,-3.617735710512432590e+00,-5.210779777776527233e+00,-5.934000022269578345e+00,-1.026812654671569724e+01,-1.088718342036008835e+01,-1.123812423687842177e+01,-7.679441099779473312e+00,-8.585063752407828375e+00,-1.129735815328442428e+01,-7.391364259231421485e+00,-5.052466387213724985e+00,-4.380092619413820110e+00,-8.128586412614417611e+00,-1.025889828759762956e+01,-7.361227846070606873e+00,-7.303364894145892627e+00,-9.446238053548666969e+00,-1.069936065453415175e+01,-9.858562951289867371e+00,-4.305194208767109565e+00,-1.416712468981738082e+00,-2.401652096652671542e+00,-8.074559165578749642e+00,-8.400070610507908597e+00,-1.057106215320527554e+01,-8.523402711893949046e+00,-6.916074368616843770e+00,-6.342158784082534417e+00,-4.940949495805802449e+00,-6.558776770601980388e+00,-8.564336000113851100e+00,-5.497634989054252408e+00,-3.122292348780320026e+00,-5.329059950283004277e+00,-1.277184409875836657e+01,-1.492109871490134054e+01,-1.547712800258563703e+01,-1.294953120401543067e+01,-4.267605993733973868e+00,3.659462681308570109e-02,-3.666077700472669676e-01,-4.666937631021331079e+00,-1.307852451917197989e+01,-1.337211650196048929e+01,-1.011227889586653994e+01,-9.959682885557413101e+00,-4.421653321530255809e+00,-3.103311830682085048e+00,-6.098821769921212166e+00,-7.648155451338324085e+00,-8.218267400645547838e+00,-1.027914735881818586e+01,-9.176063262754016847e+00,-5.398432363122184441e+00,-4.939314878493961558e+00,-7.340948549254487254e+00,-6.179062938524617188e+00,-8.725789762515988812e+00,-7.931737198183934190e+00,-8.670561968452400237e+00,-9.610168067790153756e+00,-9.325965953059494495e+00,-1.215564755205478953e+01
-1.428596542630758570e+01,-6.581452215297354691e+00,-5.352952526382675380e+00,-9.133268468250106409e+00,-1.269992786894241910e+01,-1.493604449451797578e+01,-1.566858024025956730e+01,-1.260579918945829014e+01,-5.874809932943510837e+00,-2.256546841182221819e+00,-1.032848752705225026e+00,3.474616723571671173e+00,2.722082245142599888e+00,-3.500446529092085868e+00,-5.819164640509471909e+00,-7.084887148605452545e+00,-9.728215291061335535e+00,-7.581800017805814917e+00,-9.404576782551076874e+00,-1.054862958441177945e+01,-1.074139583152201460e+01,-1.138041046551532176e+01,-8.446580889013906912e+00,-2.421847810079472918e+00,-2.176033984191033444e+00,-7.238094351823544770e+00,-1.098424541763961315e+01,-9.640118427160713210e+00,-9.085239817698797182e+00,-7.730505969685812495e+00,-9.381469602179196343e+00,-7.014322545047434687e+00,-5.361819580579726185e+00,-7.744459016248583794e+00,-5.519699169115887649e+00,-5.592939642452013693e+00,-7.155261339619755745e+00,-9.746892575071090192e+00,-1.140327562784982973e+01,-1.454240384366777228e+01,-1.560114888681305700e+01,-1.325930085157354732e+01,-8.483268214389681816e+00,-6.834909623984155580e+00,-3.983081940179141078e+00,-6.332335701626208291e+00,-1.116085065839191337e+01,-1.310000506126218411e+01,-9.365782868117094040e+00,-9.558914913485446974e+00,-9.520608622063365445e+00,-9.350813396068083705e+00,-6.032019581403194941e+00,-6.562745624946223266e+00,-6.419123715100188754e+00,-5.867998362560886250e+00,-5.311879406406660564e+00,-7.025409525570769809e+00,-7.125545043058486350e+00,-7.858193218138897151e+00,-5.886206640480344809e+00,-2.768641435446220989e+00,-2.818700578007135693e+00,-4.850007090706236035e+00,-8.353602692252025008e+00,-9.681827007741150126e+00,-1.015572111675929712e+01,-9.628031001840200886e+00,-1.308215187681424929e+01,-7.597249725658912212e+00,-3.525199840828362241e+00,-5.027532626163317531e+00,-1.133286414916316609e+01,-1.131093510819805914e+01,-1.278772899166991373e+01,-1.449043868399328616e+01,-1.091542288547174877e+01,-6.809525437653064728e+00,-8.223987171115973993e+00,-9.593024056404829025e+00,-7.449820654725448854e+00,-6.090323701694917879e+00,-3.851601511905351494e+00,-6.754203980335862667e+00,-1.079190161079168320e+01,-1.147942532516188052e+01
-1.313812656410866353e+01,-1.163725277222692966e+01,-1.192238049364338259e+01,-1.269681785545415309e+01,-1.294344990286562158e+01,-1.579516195009152035e+01,-1.805418362799618137e+01,-1.242417627738581842e+01,-8.202498427799177705e+00,-7.848027847345090180e+00,-3.917235015923021368e+00,2.753267653267054360e+00,3.415004321070025828e+00,-1.196579137178357843e+00,-5.890608883514586225e+00,-9.006120229256339371e+00,-9.876531145431929559e+00,-7.845185053638285666e+00,-1.096924386535667750e+01,-1.226218210326300806e+01,-1.133511793737610240e+01,-8.735461257605088292e+00,-4.926461619971734152e+00,-2.697573027272786472e+00,-6.042605419229301944e+00,-1.159909427662690540e+01,-7.619928951103550396e+00,-5.104183839970371395e+00,-7.540162621893816919e+00,-7.076024946497960322e+00,-6.619883043618756346e+00,-3.570706626119014349e+00,-3.101453597497311421e+00,-4.496305950192941658e+00,-8.059169393239749013e+00,-6.044395164586603642e+00,-5.943296678778198228e+00,-1.084281667942802052e+01,-9.088695315851104795e+00,-9.483235183792809053e+00,-9.708005775180128083e+00,-9.374909143480989471e+00,-6.088178296820034419e+00,-6.119479618843696400e+00,-4.043932379702003033e+00,-7.180426051271044940e+00,-1.051514319040709111e+01,-9.765697874128818512e+00,-1.004589772224426270e+01,-9.688232053692141577e+00,-5.637365848330470719e+00,-4.404760155070107430e+00,-4.333507243149345101e+00,-6.002697612158954144e+00,-8.414234111292493878e+00,-1.325304227731087181e+01,-1.076198361534625292e+01,-3.504194383914308375e+00,-3.159524721439487926e+00,-6.809343410358350113e+00,-6.737377579278675199e+00,-8.544210539420722839e+00,-7.693606815218420714e+00,-7.910883175050710037e+00,-6.161822722203295299e+00,-3.328534106867058195e+00,-2.493296052134812424e+00,-4.851657809146369793e+00,-9.833477501240041718e+00,-9.679019945363203092e+00,-7.153982032944138147e+00,-8.159550634278275538e+00,-1.030484362546768473e+01,-1.328643327351245595e+01,-1.380001376610663222e+01,-1.403606579866674231e+01,-1.095366705829898457e+01,-4.660065127989380329e+00,-3.898820546397473663e+00,-8.519345879865189985e+00,-8.457995527941319480e+00,-2.991431021590768680e+00,-2.247311441108144514e+00,-6.788431985872900754e+00,-9.873060589449274005e+00,-1.007298609531587985e+01
-1.482812331865231137e+01,-1.341432243668370816e+01,-1.162786724087264822e+01,-9.070332508534193039e+00,-1.140863916402061840e+01,-1.506914403206772235e+01,-1.545687558501958847e+01,-1.356110240436262515e+01,-1.461351306570900732e+01,-1.317428376567032622e+01,-4.421482552039378788e+00,1.433775426363960603e+00,1.671468564149108715e+00,-3.260534040170670167e+00,-1.111952432451976591e+01,-8.713907046450508176e+00,-4.233818981431593187e+00,-3.304601192313485925e+00,-7.494136989233084023e+00,-1.158435789764755341e+01,-1.282239635412891765e+01,-1.173223046836857186e+01,-5.958783685954080589e+00,-3.858328026098509778e+00,-7.638781376803915002e+00,-8.986384149433838786e+00,-4.623166062810923904e+00,-3.604201553214807063e+00,-5.553575537070476464e+00,-3.541797803022442626e+00,-2.389036269593311168e+00,-5.850282291199416562e+00,-6.858781885569139369e+00,-5.892395109610839121e+00,-6.253550189961162076e+00,-6.880962842661473289e+00,-9.880817838168391987e+00,-1.180730559594101337e+01,-7.160936911072996125e+00,-4.582729600779000378e+00,-4.466480954239766099e+00,-6.354520185831158408e+00,-2.571302606504306976e+00,-1.472198858752259865e+00,-3.737198676731269487e+00,-8.283277810292524634e+00,-1.004492517001926899e+01,-1.339040700532495975e+01,-1.314321089204814719e+01,-8.365881485605818568e+00,-3.966361125103301521e+00,-3.936072503666057099e+00,-8.562967214008999406e+00,-1.109638990979227735e+01,-1.119818468557463831e+01,-8.529745750294145168e+00,-5.387023631229466147e+00,-1.042134813074274691e+00,-2.214807884380424863e+00,-7.212479961877559020e+00,-7.961008525556987792e+00,-8.580190499623617129e+00,-4.784761455899570137e+00,-3.042958175659401299e+00,-3.101850860233147156e+00,-4.708971078236370289e+00,-8.066644778161490947e+00,-8.801004943541354208e+00,-1.110781651481779164e+01,-1.035179372959666821e+01,-9.870113286189734936e+00,-1.225486822343534854e+01,-1.170908560376200391e+01,-8.046595916772881552e+00,-5.796750096521766871e+00,-6.899009537469181552e+00,-8.653140933666792378e+00,-3.970344899545630746e+00,-2.132739846163733244e+00,-4.169446293293731287e+00,-8.697884022982584895e+00,-7.012478137621656060e+00,-7.085444970767841966e+00,-7.805592673106326096e+00,-1.075657516097029109e+01,-1.038557601968447308e+01
-1.480816826969385147e+01,-9.705370927436483441e+00,-7.674983997311857209e+00,-1.038649698471029659e+01,-1.462972154633866495e+01,-1.242303382770882791e+01,-9.119576139996448561e+00,-1.058928398539622684e+01,-1.299734750245180415e+01,-1.011990498358176893e+01,-6.996914929015070506e+00,-1.684652988194203393e+00,-1.015275609300210213e+00,-6.449032557300395041e+00,-1.306853535771369934e+01,-8.162396881625884504e+00,-2.017080234832166141e+00,-1.832947583785021761e-01,-3.496634376558682256e+00,-1.185609606146398498e+01,-1.391298209047979739e+01,-8.800900524275171222e+00,-4.554275571265154809e+00,-5.544791627364854314e+00,-1.209991809436016652e+01,-1.178821731979648213e+01,-9.942186300384086906e+00,-1.081374571667725348e+01,-1.098252368790821976e+01,-1.001620307033105384e+01,-5.960367847589724377e+00,-4.305745924822986126e+00,-6.593048528664642305e+00,-8.594162346277800069e+00,-4.601709646069341630e+00,-5.609254722837552443e+00,-1.014839751253991018e+01,-1.065482430242829892e+01,-1.036592353093955232e+01,-9.359501286306315393e+00,-4.519990193594519035e+00,-4.878839434629804295e+00,-8.653135463836305163e+00,-7.502126924396078422e+00,-7.065767775600154899e+00,-8.960129390367203683e+00,-8.040409490466117859e+00,-9.515425704988754063e+00,-7.300048418892806090e+00,-4.360878746568535469e+00,-7.090442096607552536e+00,-7.935654225552247532e+00,-1.030184351497640272e+01,-7.846326805386019565e+00,-5.405558339235692067e+00,-4.516144424524908274e+00,-1.118252365805852300e+00,3.635966412919313107e-01,-4.133845717523298546e+00,-1.331576979584577991e+01,-1.079621781284610371e+01,-9.030666749717461528e+00,-5.165959095737586715e+00,-7.312325151368794351e+00,-1.010920122415215339e+01,-9.455329099877012311e+00,-1.018171979652510828e+01,-1.021430855782495684e+01,-1.202357064684232135e+01,-1.123222197095553021e+01,-8.169847555251585902e+00,-7.772769030545735092e+00,-8.408498482843343780e+00,-5.199265900080515479e+00,-1.715480116708123282e+00,-3.751484924736562032e+00,-9.815326972761088342e+00,-9.080840687474442063e+00,-9.356805451480694202e+00,-9.574842484667897224e+00,-6.741708147236042947e+00,-6.884293238011498950e+00,-1.084928376144832995e+01,-1.163290887802011397e+01,-1.461517911326760988e+01,-1.353445304474896815e+01
-1.259911943972110748e+01,-8.069468973411453305e+00,-8.366668998781177535e+00,-1.306810830450720218e+01,-1.474068843821684460e+01,-1.213341381731960489e+01,-9.391367043058076902e+00,-9.008382436715894670e+00,-7.000889931779561870e+00,-3.724622076225285738e+00,-3.656620976968244729e+00,-9.255673628471817738e-01,-2.543343716541938804e+00,-1.011349894247380021e+01,-1.491810233228736493e+01,-1.321557823320229907e+01,-5.564314384686036341e+00,-2.455889898724207043e+00,-4.552609564513356410e+00,-9.512486321230730013e+00,-1.027767025389605138e+01,-5.111999792202065684e+00,-2.897210183113606341e+00,-5.511593485380419821e+00,-1.004116829257044508e+01,-8.517195479323467211e+00,-9.382915767828016840e+00,-9.630674184468160703e+00,-8.960988370287749305e+00,-1.027359898698826690e+01,-8.461138226298821507e+00,-5.275198812286059358e+00,-5.329227657160824805e+00,-5.758299638228789874e+00,-6.233251191418579529e-01,-2.920585210085846484e-01,-4.412386461816721450e+00,-1.036071070987317277e+01,-8.696854141851266817e+00,-9.268136184766060381e+00,-8.586723628453910351e+00,-7.290686117071244254e+00,-1.189923375824259466e+01,-1.236813414179616544e+01,-1.098907736564675908e+01,-1.082719575344688323e+01,-5.986471147586901687e+00,-3.067417707546459038e+00,-4.008745854671967201e+00,-6.812500405387254432e+00,-8.611033585336473450e+00,-6.033953994738920912e+00,-4.568509842206064597e+00,-2.050358609013427369e+00,-4.761125668947999157e-02,-6.518034867468587290e-01,-2.493227445164747091e-01,3.818348441968232310e-01,-3.860502551983043151e+00,-9.755939508477846189e+00,-6.992178421260581977e+00,-4.367459899991647632e+00,-3.631990737278505854e+00,-7.744065037588977241e+00,-8.479496305536789791e+00,-8.942047186609771714e+00,-6.009668748204906485e+00,-5.247510316057337754e+00,-8.163939054537978635e+00,-9.138524863868951797e+00,-7.486827324661943450e+00,-7.277949164311091401e+00,-8.410781593372425036e+00,-3.755118981554801394e+00,-1.912569264118145762e+00,-4.500313391365732052e+00,-1.304822602205806348e+01,-1.631695652504761895e+01,-1.448648593078056912e+01,-1.409595003289481063e+01,-9.417386169390132622e+00,-3.673530821286274506e+00,-3.444427600867735695e+00,-7.346279588734938137e+00,-1.370077568540970425e+01,-1.505507797747850418e+01
-1.230704213347699927e+01,-1.346825745908750349e+01,-9.730866971943113342e+00,-8.997924904856416717e+00,-1.141586975753307343e+01,-1.163330314887894446e+01,-1.420899844004048163e+01,-1.036019013997995231e+01,-2.555478016963510068e+00,-8.810794339402087116e-01,-4.030502603455614619e+00,-1.155925058540257622e+00,-1.770491089663967843e+00,-7.590951116471034155e+00,-1.186106224233905415e+01,-1.536138427174753573e+01,-9.691000180525911389e+00,-6.360735238529741764e+00,-9.124329490380155505e+00,-8.333082242351439461e+00,-8.920742116868495941e+00,-8.979969027193469344e+00,-6.050438853006602891e+00,-7.344920251932409272e+00,-8.785513521482547716e+00,-7.374844782416605682e+00,-3.038410551922020808e+00,-2.289774292307103831e+00,-5.948642245144583285e+00,-9.655774462140268355e+00,-9.252760809742742509e+00,-6.003960193891543895e+00,-3.692489839199778245e+00,-3.365643209717947837e+00,-1.453009737349121755e+00,-1.499434284956502550e+00,-3.838498148812504951e+00,-7.768054963794485346e+00,-4.569177830591797829e+00,-6.168119671651059122e+00,-7.854575190693140030e+00,-5.144325253036287293e+00,-5.387315503192237287e+00,-6.125886119798654050e+00,-8.055516213385594426e+00,-1.037340505664340284e+01,-7.599672667268249526e+00,-3.683402550445558976e+00,-5.740201532168106802e+00,-9.433455522948255734e+00,-9.884589915681216254e+00,-4.600402624676159569e+00,-8.167139094196803617e-01,-1.555311669701849420e+00,-6.016594640223451584e+00,-4.319966810494911824e-01,1.579230332856645269e+00,-1.835823307209971667e+00,-1.088061740216734385e+01,-1.049254295768009371e+01,-8.753799833357334137e+00,-6.722414303868491814e+00,-1.919901371599634254e+00,-2.490147329957431488e+00,-3.796745821283871614e+00,-5.901531329637186296e+00,-5.424022285306516089e+00,-4.453025513276871905e+00,-7.832208140235808358e+00,-1.079729202617373751e+01,-9.895939118539294199e+00,-6.847957418196731538e+00,-7.454172146610087424e+00,-1.079797445742102902e+01,-1.086592857248615474e+01,-7.013199295227726004e+00,-1.008284056714425425e+01,-1.475462544088562389e+01,-9.385637189086184051e+00,-7.162402508883840113e+00,-7.883494558588911794e+00,-5.598713737906008348e+00,-5.207012191267697432e+00,-5.568559073765452005e+00,-6.948130915148390763e+00,-9.999380659725931153e+00
-1.946737686130735767e+01,-1.709739553266101453e+01,-1.145309068883458714e+01,-1.070105324892534071e+01,-1.345400014229946706e+01,-1.324823629773325351e+01,-1.338633133967717548e+01,-1.057268039633830448e+01,-3.513289556904257704e+00,-1.629012925618199992e+00,-2.609839383514352296e+00,-2.736784618556056259e+00,-5.219606699590965349e+00,-8.619915200293892354e+00,-1.172970310350259204e+01,-1.642993276317914209e+01,-1.336405629995796396e+01,-8.967901523742410674e+00,-7.830422878265380859e+00,-8.392166149699026079e+00,-1.140898912731144144e+01,-1.299786678122149652e+01,-1.147606070174111181e+01,-1.337643636224998289e+01,-1.509667045126358609e+01,-1.229769013159804913e+01,-4.398286179115530103e+00,-2.376439083335248448e+00,-6.277479321747604146e+00,-1.244040691438648416e+01,-7.584959345352318749e+00,-3.437168017262592912e+00,-5.236820421326734198e+00,-7.546207767460145988e+00,-7.917474228940490022e+00,-6.106132646930443109e+00,-3.144496974365514230e+00,-4.275455277205360893e+00,-6.102550221141427755e+00,-1.128492688170323710e+01,-1.291831441637542532e+01,-9.560959035323726596e+00,-6.262534070915232398e+00,-7.295593067486253247e+00,-5.591539554763585329e+00,-2.903866699483286240e+00,-4.176366209615177461e+00,-8.008317531086504459e+00,-5.571685676255987651e+00,-5.841535966532926061e+00,-8.726805348984068900e+00,-8.787933951450717984e+00,-6.294341728744459630e+00,-2.269658533324319549e+00,-5.113485678378411947e+00,-2.983314480163244298e+00,9.220017021694199011e-01,-9.875172022253132509e-01,-1.019368129565070014e+01,-1.618383780618508538e+01,-1.006982939359214591e+01,-4.853131128994088606e+00,-1.521710315682058612e+00,-4.279531645118065164e+00,-8.618013113523678825e+00,-6.572842730157491431e+00,-4.532870268363492272e+00,-7.677486718632280827e+00,-7.458034809471832283e+00,-6.719317669980227947e+00,-6.305913064732319384e+00,-8.902497193879550963e+00,-1.334376987525158498e+01,-1.132693807863526914e+01,-1.319071919789874059e+01,-8.449291768639037414e+00,-3.848284120837989875e+00,-3.548630183919966541e+00,-3.599702246985139631e+00,-7.023156771850254998e+00,-1.415161981412934011e+01,-1.683777805417776108e+01,-1.359088164795604037e+01,-1.204945873386330035e+01,-8.494439175559413968e+00,-8.510737094614240661e+00
-2.174876046594646084e+01,-1.580657276925113486e+01,-1.332665509813361737e+01,-1.619012405971686164e+01,-1.990334089431497944e+01,-1.626631658358706289e+01,-1.039790182850427058e+01,-7.600839215434259444e+00,-8.510451647401270137e+00,-5.363410808292327303e+00,-8.013600356585811824e+00,-1.183802538874119392e+01,-1.279057168505257991e+01,-1.481617407583528134e+01,-1.588255972829129981e+01,-1.675083761165539542e+01,-1.695952030519644538e+01,-1.551078833929366496e+01,-1.622413270754946524e+01,-1.550857333259450144e+01,-1.640226607521374902e+01,-1.432261329227023694e+01,-7.547245784559184045e+00,-5.618449282914904863e+00,-6.692252816919386227e+00,-7.909537011395311623e+00,-7.682014651389585502e+00,-5.898256824041406610e+00,-8.109271000242895155e+00,-1.457454972879754251e+01,-9.223807511230310396e+00,-3.972869302288422055e+00,-3.305737096706353739e+00,-6.499349714981184967e+00,-7.654129359133851729e+00,-4.287372698826301232e+00,-6.048321930678664415e+00,-1.061010548085646832e+01,-1.104132241465979192e+01,-1.787402139024602121e+01,-1.777081959115134424e+01,-1.700501494440767658e+01,-1.492994624169336504e+01,-9.643590327766206727e+00,-5.378763533042122624e+00,-2.595286912431927551e+00,-3.791145312858538396e+00,-9.170964769708612963e+00,-1.002584637090977715e+01,-6.101274848217144608e+00,-7.505364260843230717e+00,-7.369790592955218322e+00,-5.519062468973667812e+00,-2.330284834803832084e+00,-1.250233343545308573e+00,-1.315749656788587574e+00,-1.733777235383361814e+00,-2.457933996853777447e+00,-4.657651680418187112e+00,-1.353588128122242296e+01,-1.068107850543068160e+01,-1.927626192285161855e+00,-4.393181508065835406e-01,-3.047384438775932569e+00,-5.906714293381406300e+00,-7.656579898049433730e+00,-3.739898793984644421e+00,-4.188182447626281224e+00,-7.258086980217033357e+00,-9.376905979071226582e+00,-7.202099222431166403e+00,-7.411543995711124211e+00,-1.256342202714747813e+01,-7.378615376639775292e+00,-3.656401186172893780e+00,-3.190170822045426124e+00,-6.265460626923919030e+00,-7.599849833686473488e+00,-5.627758543610172026e+00,-1.037142869685259150e+01,-1.606589598705371102e+01,-1.931950598624017346e+01,-1.640132862495051569e+01,-1.327994103398587988e+01,-1.325183636446793933e+01,-1.332744485264023204e+01
-1.957411982367436210e+01,-1.363083930065234561e+01,-1.014562707187401003e+01,-1.038903205096721649e+01,-1.262695835447973636e+01,-1.251028227806091309e+01,-7.098891386969222062e+00,-6.229517476840151780e+00,-7.935891130318244002e+00,-6.903985278060038588e+00,-9.638592840068870515e+00,-1.388441764066616635e+01,-1.061107096200188060e+01,-9.764708732151323289e+00,-1.167877567404260297e+01,-1.396918803619013971e+01,-1.898884866386651993e+01,-2.004975384556584928e+01,-2.192529243065251165e+01,-2.131166065898206341e+01,-2.081168824517064664e+01,-1.454972048186593625e+01,-7.716870082542300224e+00,-3.421633388735548120e+00,-8.246649770682981107e-01,-3.103612504948008333e+00,-9.585245498145619436e+00,-1.120886538177728653e+01,-1.364629018306732178e+01,-1.210145624975363354e+01,-6.527400774674283035e+00,-6.226321915785471894e+00,-6.510551911403632097e+00,-2.860881707676324215e+00,-2.746330986715394218e+00,-2.955758153612906725e+00,-6.624213260960662097e+00,-1.354692717682984160e+01,-1.587705785698360827e+01,-1.794484564082490152e+01,-1.998300467431545258e+01,-2.143159340653154743e+01,-1.913161593427260598e+01,-1.237230663746595383e+01,-1.024022140007259196e+01,-9.816989040416148171e+00,-8.413083838344189047e+00,-3.780532379208630722e+00,-3.759294591412375208e+00,-4.447875112778597817e+00,-6.062791321995771199e+00,-6.363539940522362492e+00,-1.017004276616110836e+01,-1.174057017487939447e+01,-1.100942494467259714e+01,-1.179334790839089209e+01,-1.175259269303124832e+01,-7.934237649146881566e+00,-2.131347087928184614e+00,-2.031458797017168916e+00,-3.781253938917163548e+00,-4.336575347590648555e+00,-3.937390287306900216e+00,-7.075873451197468356e+00,-6.959793628115828135e+00,-7.229007735072324969e+00,-2.674486190452524781e+00,-2.451591443930131842e+00,-6.736288988755808838e+00,-8.223507003962165385e+00,-3.178079249333273459e+00,-2.194069210425368510e+00,-6.191722264306412704e+00,-5.690262529481616482e+00,-2.193800319947412092e+00,-2.474175854147890430e+00,-7.812875733710825443e+00,-1.616242139455344784e+01,-9.241493336028522521e+00,-6.494435370013686537e+00,-8.635559243970622134e+00,-9.656869756264818250e+00,-1.318308929933441931e+01,-1.178863372902075390e+01,-1.210737882099217799e+01,-1.422037933518489261e+01
-1.083859498095181273e+01,-1.297021168718735318e+01,-8.219430733472108841e+00,-6.474916188667218186e+00,-9.010263705833089887e+00,-1.166885326678554158e+01,-6.058148520274294846e+00,-5.564402878905336358e+00,-7.809551722370088100e+00,-5.491232323977682128e+00,-7.909725567946831681e+00,-1.336556777606407742e+01,-7.931131903289093010e+00,-3.676191474760546196e+00,-5.095505365998381109e+00,-1.193553467219074626e+01,-1.819390433198875812e+01,-1.581904399767518044e+01,-1.520398918456501391e+01,-1.536172143473393348e+01,-1.507543886370129016e+01,-1.432820654826031870e+01,-1.337481212160653499e+01,-7.422954921972834796e+00,-1.159084182799738905e+00,-1.116463628492460280e+00,-6.651791201057171143e+00,-1.108707315060827447e+01,-8.174345672337544499e+00,-4.750302284024655819e+00,-4.128600468341675267e+00,-6.989042830032606624e+00,-5.897673484933976695e+00,-3.450777706253373101e+00,-4.519509796525350787e+00,-5.667049128455498241e+00,-2.315470384333619069e+00,-4.827698078042077512e+00,-1.099499876760981110e+01,-1.471173463782502466e+01,-1.406937790364867880e+01,-1.413186568435695456e+01,-1.583039783603615192e+01,-1.824356727053721627e+01,-1.875668344812260813e+01,-1.684917489108111965e+01,-8.375200247805979714e+00,-1.957721834736124267e+00,-1.379184358778325681e+00,-7.084242022692503582e+00,-1.290653541973895457e+01,-9.547818279100788175e+00,-1.198934251395985484e+01,-1.266093868265549283e+01,-1.371061701741483496e+01,-1.524689491589864154e+01,-1.077788514499035166e+01,-6.221043548236290910e+00,-4.841835660035333611e+00,-1.950775828942520773e+00,-3.067566535206424305e+00,-9.116342986623445555e+00,-4.882255137786462917e+00,-1.270734982062195817e+00,-1.777724835171183182e+00,-4.699187121939353950e+00,-8.663343187990701466e+00,-1.036966427480284558e+01,-1.108575377240777016e+01,-1.020735688504969829e+01,-2.240917955357064173e+00,-4.721288890313088960e-01,-4.131052549786141448e+00,-1.155887774460845563e+01,-1.026472792401909828e+01,-8.637213910826378793e+00,-1.129398153836114460e+01,-1.428015829126040082e+01,-1.284555699138177687e+01,-3.373015477036662713e+00,-6.295713843780200714e-01,-2.927541585428116377e+00,-9.322455161768528953e+00,-9.552687841571039229e+00,-7.709096633725696535e+00,-1.104917721698681454e+01
-8.045980084273550048e+00,-1.255844810522264865e+01,-1.062704083696007729e+01,-1.221050039471851534e+01,-1.584693978312942697e+01,-1.277517680037352754e+01,-7.049165486254626245e+00,-5.050314073968264594e+00,-5.444102524029505119e+00,-6.813493786172734268e+00,-1.138208745171626468e+01,-1.686192259771956259e+01,-9.572497829794883728e+00,-2.226643608194232460e+00,-1.649004574316980554e+00,-7.087277385781312056e+00,-1.239913037584887689e+01,-8.693243201201161341e+00,-5.340301643332673542e+00,-5.149989163580660723e+00,-8.399903467338946328e+00,-1.459956305142905997e+01,-1.334714884724881934e+01,-7.099278297999666698e+00,-4.688792030496794716e+00,-5.009735408564059078e+00,-8.737258388039967016e+00,-1.080489528800050358e+01,-7.220301619420449235e+00,-6.543590653299664162e+00,-8.674636438488960266e+00,-1.370230795401665880e+01,-1.357379388653983732e+01,-1.080460608305616432e+01,-9.235030406672093406e+00,-2.170469458059718360e+00,5.538151026234522378e-01,-1.774993281722951677e+00,-5.615522320951438218e+00,-5.073832156935370818e+00,-3.963316512132425640e+00,-5.357925637004275821e+00,-1.190032139544685741e+01,-1.848892535683181393e+01,-1.807132686012321088e+01,-1.589297020766470148e+01,-8.066314911676776944e+00,-4.615702722000908587e+00,-3.976427389884419128e+00,-8.547807692239681288e+00,-9.819687053975131974e+00,-3.299364141767808789e+00,-1.744222799970884807e+00,-3.310294079910548248e+00,-8.156267855730321870e+00,-1.498552152597241971e+01,-7.258693017893367738e+00,-3.939673105338846959e+00,-5.338356276117135479e+00,-3.891007518706222523e+00,-4.852545222474469178e+00,-7.946559852196110718e+00,-2.863831090472457319e+00,-5.090038973543818679e-02,-1.665816250832803158e+00,-9.086045090935336077e+00,-1.724451652086443332e+01,-2.033198198386364552e+01,-1.783503894342316443e+01,-1.560178573346800235e+01,-4.654264241579868511e+00,-3.189404187796753831e-01,-2.542874838571555607e+00,-1.013420882466663109e+01,-1.119768196484073997e+01,-1.007002800661656572e+01,-1.405072820021046454e+01,-1.676383353438642132e+01,-1.213765697181224823e+01,-3.753915897231005605e+00,-3.522053179400536083e-01,-2.087974621555380050e+00,-8.932710848852163821e+00,-8.823890377249982819e+00,-7.882238689810037613e+00,-1.217872079544597241e+01
-1.118301038444042206e+01,-1.515159202615419964e+01,-1.723298476222488773e+01,-1.775695278661118692e+01,-1.842145532783534634e+01,-1.427532174355453876e+01,-1.509468036724461371e+01,-1.396420169249176979e+01,-1.519819713466697308e+01,-1.576406720860136801e+01,-1.817565355284346396e+01,-1.836713934027486417e+01,-9.235454353193441435e+00,-4.274835830112958313e+00,-1.806388299895236971e+00,-1.425856164269538873e+00,-6.107574205832658976e+00,-6.758939461210199617e+00,-5.689199584862864256e+00,-4.941371489626665614e+00,-9.360857792198657990e+00,-1.645623397082090378e+01,-1.439215401642852399e+01,-1.346453120352493471e+01,-1.620683602864543715e+01,-1.548861389069093519e+01,-1.534329334563679126e+01,-1.552134983324342343e+01,-1.660443244667516893e+01,-1.719296644007166108e+01,-1.750975285387701419e+01,-1.688661181098884967e+01,-1.324460691379176325e+01,-7.852088018398110769e+00,-4.327012211893613625e+00,-1.656871222367044538e-01,-4.282138932831003331e-01,-2.997784205049457640e+00,-5.575361016516883872e+00,-6.877942994631464302e+00,-7.796550021286950738e+00,-5.605952497157785430e+00,-4.782381645829445915e+00,-7.266631582736105877e+00,-8.517637749823430582e+00,-1.272552766154209714e+01,-1.608734653807348636e+01,-1.393968395661148740e+01,-7.144799971539113059e+00,-6.250595609553986520e+00,-3.817049994255487189e+00,-3.005115939029363165e-02,-1.238074033091025872e-01,-2.312004255806742847e+00,-7.692600675341155991e+00,-1.634885589612854773e+01,-1.064097164281540486e+01,-7.443692352066540785e+00,-6.600018534340455822e+00,-6.546511495382421941e+00,-9.938913743322094874e+00,-8.855739472226964892e+00,-7.414160255649928644e+00,-7.756636248574876547e+00,-6.973912734085590870e+00,-1.123405480012297630e+01,-1.493172632406155209e+01,-1.516409865001009649e+01,-1.458517334496395534e+01,-1.154430483213380043e+01,-2.807459900538055386e+00,1.035715616785132021e+00,-5.785953588824163107e-01,-2.689056708201153167e+00,-2.929439389479941536e+00,-4.889723570706943967e+00,-1.059372107560435872e+01,-1.585276702377531244e+01,-8.129160015533367201e+00,-5.717818821314722300e+00,-6.179204997830513690e+00,-5.839517758725883745e+00,-9.999329032169448794e+00,-1.095413259251250082e+01,-9.178339768201112747e+00,-1.290076273762517545e+01
-1.131123222410678864e+01,-1.059042380832963559e+01,-1.117118349340226935e+01,-1.022008122752110104e+01,-1.089583205597268289e+01,-1.282467693090438843e+01,-1.612294141120380786e+01,-1.716393981873989105e+01,-1.793814052310254681e+01,-1.624550062749121082e+01,-1.704424509737226856e+01,-1.466545459172791865e+01,-1.085396580605043226e+01,-1.072071569216334197e+01,-5.569222708769505203e+00,-3.632945617379543246e-01,1.134651252400039473e-01,-3.680059235410024332e+00,-1.066700083410574251e+01,-6.134187938968858056e+00,-5.509910524606514315e+00,-7.252315885907996140e+00,-8.530497742816805840e+00,-1.522021479697691149e+01,-1.911178721487522125e+01,-2.054564293060037983e+01,-1.917751803414689249e+01,-1.399775930245717426e+01,-1.531578855961561203e+01,-1.530566921416256143e+01,-1.628039573546912777e+01,-1.629446044895384205e+01,-1.111348327828778082e+01,-4.325288402531037413e+00,-1.248938104565442853e+00,-2.602457539852669921e+00,-4.599773920626224033e+00,-1.915150290633391705e-01,-1.283151375742414224e+00,-7.964317299865393274e+00,-1.106434558073265606e+01,-9.587246829850805341e+00,-1.744303251708414715e+00,1.285973559465168892e-01,-2.715000722679481893e+00,-1.074454926740792082e+01,-1.534711510232753184e+01,-1.183777253571638965e+01,-3.961695972393499687e+00,-2.239524964035505494e+00,-4.740649277274012086e+00,-4.304619793715876774e+00,-7.687736209198192228e+00,-1.052847159609923011e+01,-1.110821763136320683e+01,-1.574329477300246616e+01,-1.678781040757894516e+01,-1.708761268109083176e+01,-1.799753910551468650e+01,-1.647497169218129542e+01,-1.430640146881341934e+01,-9.507322814315557480e+00,-7.605542258256011934e+00,-8.245158185354537039e+00,-8.198484362879147724e+00,-9.160251849305090843e+00,-5.716083159359793164e+00,-4.236759586275082867e+00,-3.677681421787787563e+00,-2.167510554561077996e+00,8.834140506288450378e-01,9.079471618541801181e-01,-4.362196254622379143e+00,-8.585051858540989400e+00,-6.290242770725551047e+00,-6.402857417033778198e+00,-9.697056324635115132e+00,-8.896516894035610079e+00,-4.403071757055133872e+00,-4.014789311202346056e+00,-7.149723519260684945e+00,-8.046979380564557971e+00,-1.207050182173649411e+01,-1.231309165557225604e+01,-1.013757110221518332e+01,-1.368717800080776215e+01
-8.105822092543045088e+00,-6.309444979661041231e+00,-9.667260668343967467e+00,-1.321458237990736961e+01,-1.522832831450634572e+01,-1.598783106522427744e+01,-1.599688871867126849e+01,-1.769408302505810937e+01,-1.440311691496107294e+01,-8.415709993905490904e+00,-6.091848950522641637e+00,-6.800939532963740319e+00,-8.274020655352311238e+00,-5.591831311714486219e+00,-6.387794845142504840e+00,-4.680772384031620881e+00,-3.192489489263405367e-01,-1.103990845973991552e+00,-5.405331178422784433e+00,-2.145703613744343485e+00,5.540503767002115040e-03,-1.369911957565313365e+00,-5.931408038828521967e+00,-1.647744397322336951e+01,-1.875759651429123309e+01,-1.586914464996920771e+01,-1.248267830121848299e+01,-6.072557319524801045e+00,-3.863705217978955719e+00,-3.972508968850080535e+00,-7.402891491488844622e+00,-1.380500640588191708e+01,-1.345156281979547686e+01,-7.512649721362524957e+00,-8.508791422228670243e+00,-1.146797810231024961e+01,-4.419075386863874577e+00,-4.595447651324017363e-02,-6.888313436995505690e-01,-1.772285614228015449e+00,-3.252636826325518538e+00,-5.779366672916997238e+00,-3.148244035180444822e+00,-3.298108247664964132e+00,-4.580223157794939048e+00,-8.975115509910715161e+00,-6.839940672947300904e+00,-2.952501769203485615e+00,-1.423573823419954198e+00,-1.912098919858989499e+00,-4.378663931035488233e+00,-4.787297535610075094e+00,-7.746072815110285781e+00,-1.552343931959735102e+01,-1.969356418732139957e+01,-1.572998783571852499e+01,-1.327059319532579806e+01,-1.120697217633197518e+01,-1.204674520437967900e+01,-1.098708111265053411e+01,-1.328463835931486514e+01,-1.290241181105375290e+01,-7.128944527771738038e+00,-5.385012817206895619e+00,-3.945423337047234025e+00,-1.490829691701542892e+00,-1.450512243194276074e+00,-6.224707902147201821e+00,-7.643441629047123875e+00,-9.148129238305651612e+00,-7.266942533033822649e+00,-4.391647946272011716e+00,-5.730145260795122653e+00,-1.096922350157466219e+01,-1.346207660478022383e+01,-6.937121043292184375e+00,-4.601150651504819500e+00,-1.834184176054703963e+00,-1.645397639337008666e+00,-5.823280257690283790e+00,-4.353969737525201111e+00,-5.899962949876983664e+00,-1.199871475001176258e+01,-1.074428899379240221e+01,-8.092149528778261214e+00,-1.162005759196149057e+01
-9.112752207865318255e+00,-7.429958920098012953e+00,-1.140543069814642330e+01,-1.397699496481153680e+01,-1.454511355525917438e+01,-1.571927977187765890e+01,-1.716308139512936393e+01,-1.759788364337550348e+01,-1.530043735851844211e+01,-9.469782837770051032e+00,-6.135297097860732407e+00,-3.005198609771772222e+00,-3.065040954854339361e+00,-7.591734989028838143e+00,-7.069353413664632768e+00,-5.216881160003443263e+00,-6.231740574611143835e+00,-7.600962703250439212e+00,-2.992368365243439410e+00,-3.040132561400241684e+00,-8.095618283476344601e+00,-9.032484057466819038e+00,-9.757069261744618416e+00,-1.289889849556816870e+01,-1.530764854285452081e+01,-8.274092823981643363e+00,-2.284808659664122388e+00,-1.483741018630098552e+00,-4.627670983580173925e+00,-1.285547310707948476e+00,-1.479971878665512275e+00,-5.248688898932111435e+00,-5.816662073342336647e+00,-7.731364192234145172e+00,-1.229933562874794006e+01,-1.370814637260304636e+01,-4.805204195591310956e+00,-2.020914623195292581e+00,-4.943563349338041313e+00,-3.188586835185964752e+00,-1.323932241681985866e+00,-5.224386837080803758e+00,-6.507953595861585505e+00,-8.246450833717567264e+00,-7.560902227130201325e+00,-1.113446564392911142e+01,-6.681063379057579965e+00,-4.347016873041866347e+00,-7.904997298600695110e+00,-8.001091328501287236e+00,-1.365046180901117623e+00,-1.346987161812042588e+00,-7.938796777652896708e+00,-1.568954475803507620e+01,-1.707793462276458740e+01,-1.378630066787203212e+01,-5.927159741288051009e+00,-3.134452665043580666e+00,-3.813652595422657665e+00,-3.956987024957521193e+00,-7.015183916729357705e+00,-1.388185169547796249e+01,-1.604933155328035355e+01,-1.512705898119343573e+01,-1.151402348383433250e+01,-4.316313126088870078e+00,-1.916750559804768272e+00,-4.288907763346085034e+00,-1.009595435609420200e+01,-1.657176251626676944e+01,-1.812719292855924991e+01,-1.500385727733373642e+01,-1.239689343671003918e+01,-1.433109583622879413e+01,-1.673014129863845056e+01,-9.461469208614694537e+00,-7.750053150268892743e+00,-5.970314405521397028e+00,-1.330167336590723837e+00,-2.780926274992554070e+00,-6.049974827199346095e+00,-3.912855034694075584e+00,-6.106717788578054140e+00,-5.025470358484501965e+00,-5.457949176844623551e+00,-1.169083672844701383e+01
-8.755487215601736040e+00,-5.947953554491202333e+00,-9.141553727702962817e+00,-9.821302039548754692e+00,-8.681914965311685606e+00,-1.272670222404930307e+01,-1.567698586318227960e+01,-1.720858333425389475e+01,-1.849101937976148236e+01,-1.884492855519056320e+01,-1.592009406536817551e+01,-8.542591264419671759e+00,-5.310787110796405308e+00,-5.492741529946215451e+00,-3.588610443700519070e+00,-6.581806733622215688e+00,-8.620314293385794358e+00,-7.240535125757257440e+00,-6.857564868638291955e+00,-9.967592125551568927e+00,-9.036017244888675748e+00,-7.725833201755045287e+00,-6.780812418165926836e+00,-6.292247189622786507e+00,-8.012098717399769754e+00,-1.741436218726650775e+00,9.441878912759622544e-01,-1.077026157785439864e+00,-2.825721771574939645e+00,-2.420975239247329380e+00,-4.666801130745120041e+00,-7.311836604371718451e+00,-4.864604220208194718e+00,-6.514265138862861626e+00,-1.205955102594776207e+01,-8.003578915545302763e+00,-1.473692872802429443e+00,-9.856809589190460574e-01,-5.299690200381721894e+00,-1.913407008796437214e+00,3.931061555170647925e-01,-2.029988476324231517e+00,-1.816465473035350442e+00,-3.105536386073961541e+00,-8.879406526477801265e+00,-9.225283255215295242e+00,-4.367944832593719795e+00,-2.482774696462406006e+00,-5.203776298333347761e+00,-3.965091184139358571e+00,7.165417026228371178e-01,8.193647367489675926e-01,-4.156928458871941068e+00,-1.281913104156653027e+01,-8.990030269552436337e+00,-4.973240513027930021e+00,-1.356854201337329036e+00,-1.710534516603325450e+00,-5.799829498466958277e+00,-4.177624371420177951e+00,-5.595502079257534511e+00,-1.456684522744682120e+01,-2.171100004182921595e+01,-1.900612872756189731e+01,-1.400475531402561380e+01,-1.132153874677088545e+01,-1.064052146083364825e+01,-1.118295862039344257e+01,-1.178845853068762395e+01,-1.462388142529461099e+01,-1.565338010920418554e+01,-1.566107879827419858e+01,-1.301274631006850058e+01,-8.777683367681069271e+00,-1.130152714749015530e+01,-1.035271362929294447e+01,-9.458340739624368609e+00,-5.905292949535780878e+00,-3.166895883571770653e+00,-2.234693587272178927e+00,-4.831297279154467716e+00,-4.684626240076290138e+00,-2.780553090959276386e+00,-3.304654501847582804e+00,-6.414708324087162516e+00,-1.376363072585728453e+01
-1.056653344093097502e+01,-8.787274786167674989e+00,-6.057439883550007842e+00,-5.460583861503335967e+00,-8.727119663109382586e+00,-1.640798547367255011e+01,-1.918144360267453763e+01,-1.884064364598857111e+01,-2.184389403296841436e+01,-2.010522384279304120e+01,-1.702491994533274067e+01,-1.447246596879429248e+01,-1.089893248998042630e+01,-9.448563602009219409e+00,-4.776177922017975419e+00,-4.017863445553100377e+00,-5.071065017381140017e+00,-6.196594781345790892e+00,-1.128536334509650807e+01,-1.604644446488883602e+01,-6.477588724965850808e+00,-1.194591532804628820e+00,-5.446628387811264238e-01,-4.515510639796654679e+00,-5.721176087908032670e+00,-4.485085930488518779e-01,-6.486287294313299867e-01,-6.063045122418164290e+00,-6.992256397252074152e+00,-8.942953421423831983e+00,-1.080011972619427496e+01,-5.249248722515403642e+00,-2.816556697427586187e+00,-2.083697707523747944e+00,-3.369669595864252187e+00,-2.842178353819488468e+00,-1.315617528185207830e-01,-2.449707361155055274e+00,-6.479642806445351511e+00,-5.378186892865212343e+00,-2.218071135019676454e+00,-8.058409527907820502e-01,-3.905023585548608178e+00,-6.938753422925300285e+00,-5.353081122550873872e+00,-2.606392922572720483e+00,-1.179420423178574540e+00,-5.422983609112431935e+00,-6.789929544439979203e+00,-7.216881293898040894e+00,-3.222217347569716672e+00,-2.282915563360802480e+00,-6.288154573336618647e+00,-1.188189557029141241e+01,-7.997074516697062485e+00,-4.944189452729006007e+00,-8.039819294858412846e+00,-7.608366576262698189e+00,-5.068671549489307537e+00,-4.775528668516522579e+00,-7.730118409420053460e+00,-1.394394526547855762e+01,-1.994894553720951080e+01,-1.671497322370608529e+01,-1.152481754020684335e+01,-1.148627800815221356e+01,-1.096453466359525919e+01,-1.245727528704123444e+01,-1.174974021750191788e+01,-1.208691036080320735e+01,-6.938893639586037665e+00,-5.117339899854010277e+00,-6.209105180274895552e+00,-2.791803812894310344e+00,-8.390343964528155229e-01,-1.893263598268579928e+00,-5.316444939307176654e+00,-5.974393565026629105e+00,-1.171874891128391027e+01,-1.024574442414773756e+01,-7.538420997249583699e+00,-9.277710304543790087e+00,-1.276634636574373083e+01,-1.384051500033173276e+01,-1.324499787266055684e+01,-1.649468651993407065e+01
-2.081736220916112146e+01,-1.883231806382536888e+01,-1.378079861278335194e+01,-1.007567857950925827e+01,-1.111516336682769968e+01,-1.764311280101537704e+01,-1.910447883937094105e+01,-1.223214800780018230e+01,-1.032979009551410066e+01,-8.763760431734327838e+00,-1.138721131807607101e+01,-1.428852454241779135e+01,-1.347673925012350082e+01,-9.892022486983073293e+00,-7.177163798775938020e+00,-1.164730066743989845e+01,-1.558160678669810295e+01,-1.330631835758686066e+01,-1.569575309670633700e+01,-1.638871995856364450e+01,-1.077074415588544554e+01,-4.707153249402633577e+00,-3.612377218147028390e+00,-8.406925335836907820e+00,-9.095603309274236992e+00,-6.052172531250915810e+00,-6.044899882075747577e+00,-7.539771768574913047e+00,-1.128867600775427249e+01,-1.690247206141551217e+01,-1.174075614826546854e+01,-9.181805779536565737e+00,-1.165628959828366895e+01,-9.564589475889484049e+00,-5.537340696454823963e+00,-5.639916223685657926e+00,-3.123977053650984548e+00,-4.068820717256231845e+00,-9.337401863019396231e+00,-1.094967934116721153e+01,-1.050355506253739257e+01,-4.453850815121970896e+00,-4.427219314250073090e+00,-9.764386920195343933e+00,-5.207799861272279784e+00,-1.167543750170605410e+00,-2.505545577934551904e+00,-9.628951878597339586e+00,-1.650646051930056757e+01,-1.761523686928881460e+01,-1.197685276572075175e+01,-6.514333334440986611e+00,-8.289418682740587130e+00,-1.143820953177702116e+01,-8.566026831459668145e+00,-9.969437869472635327e+00,-1.670933214988973248e+01,-1.835649141420920571e+01,-1.651767466300063703e+01,-1.545175610751741502e+01,-1.401482395579417606e+01,-1.074231904496749301e+01,-9.134855420330900699e+00,-8.204519237973727286e+00,-6.222308311818374627e+00,-4.777232670018242366e+00,-3.663049915158707037e+00,-2.833342889154058408e+00,-4.217853857514758609e+00,-8.122658585521598695e+00,-5.234324407039417260e+00,-3.828808409569319338e+00,-4.675345958892042297e+00,-6.491931618948001415e+00,-6.610377044970745075e+00,-1.106194675300988139e+00,-1.250755022144100226e-01,-2.097808391234138981e+00,-5.434644500046640125e+00,-9.198065419972408563e+00,-8.900189838993052049e+00,-1.288756425264808847e+01,-1.796381898389922327e+01,-1.476242397891150659e+01,-1.420612856745719910e+01,-1.592053581360313608e+01
-2.344932915767033776e+01,-2.187635431852605450e+01,-2.085667872594462580e+01,-1.511350026230017285e+01,-1.272587701512707525e+01,-1.483511185646057129e+01,-1.215301102482610318e+01,-6.299808039226466150e+00,-1.708343811589050576e+00,-6.323572385356075465e-01,-3.849484072744720375e+00,-1.144589653321438405e+01,-8.748546953002611204e+00,-3.146217510076692481e+00,-3.256180628600608085e+00,-8.831640809902133071e+00,-1.393693560057888803e+01,-1.290423262569432517e+01,-1.226166011572867198e+01,-1.165304600416372161e+01,-1.094725912469180429e+01,-5.694535925120969289e+00,-4.067429757601733087e+00,-8.631706936569470301e+00,-1.095896529696053889e+01,-1.167330754879448129e+01,-1.622791401959127811e+01,-1.778475120498074347e+01,-1.741305367234680546e+01,-1.995556598736180121e+01,-1.378768228242794613e+01,-1.296592138955990414e+01,-1.617021246461404616e+01,-1.346217569791608426e+01,-1.508581950349940115e+01,-1.620696409957276529e+01,-7.340654490774290331e+00,-1.265560935292038947e+00,-1.228908862326433260e+00,-5.025130752758640185e+00,-5.597066927442534201e+00,-4.663345452475671782e-01,3.058733517306488348e-01,-3.141705794211803848e+00,-8.763034867226249247e+00,-6.599743570770240098e+00,-6.539378284825943410e+00,-1.075693338695499612e+01,-1.296136686164471818e+01,-1.479145547995964627e+01,-1.589993221395545575e+01,-8.451370623169673024e+00,-2.571452682286488045e+00,-1.569316237987853357e+00,-4.546711526856395125e+00,-1.414066028594970703e+01,-2.053778951035605616e+01,-2.221842254863845056e+01,-2.122745792898867023e+01,-2.136526620884736261e+01,-1.593048229316870312e+01,-6.598566569691886485e+00,-1.621431266106002189e+00,-8.657057926686522187e-01,-4.515479300184072287e+00,-7.066070322109023749e+00,-7.323102563179822333e+00,-6.058215198281686753e+00,-4.026466242781477689e+00,-3.661963470370715790e+00,-6.379393976388706200e+00,-1.057223874144256115e+01,-1.209171068668365479e+01,-9.519952013674709335e+00,-1.038614839522374922e+01,-6.072726299106660619e+00,-5.057301734308970786e+00,-7.590570797488908283e+00,-5.067767859488311544e+00,-2.852712891497907854e+00,-4.950749405556255311e+00,-1.237572967592212869e+01,-1.554062117884556393e+01,-1.171434117398328212e+01,-1.068218518214093393e+01,-1.498571251001622961e+01
-1.910017290049129102e+01,-1.903646489729483804e+01,-1.879435978498723614e+01,-1.693266612622473133e+01,-1.457281372944513897e+01,-1.584577235993411826e+01,-1.164213452239831348e+01,-1.034865343129624549e+01,-2.464381504515282817e+00,8.021125583200046094e-01,-1.870358019903840763e+00,-1.155743192426032451e+01,-8.983416981374224619e+00,-3.847274864255774141e+00,-1.481231797520599081e+00,-1.330568988177724954e+00,-2.286502714516043699e+00,-2.801775982172532320e+00,-3.216809882869711146e+00,-2.119033738164742164e+00,-2.619063512085025192e+00,-4.850710046497018091e+00,-5.911707461333005398e+00,-3.426144451940975610e+00,-4.000404768364711039e+00,-8.028939050518804521e+00,-1.487760705086919977e+01,-2.086166362547212216e+01,-1.904136483785178768e+01,-1.703353971739609918e+01,-1.010944818995065120e+01,-6.463469422318869562e+00,-6.546266523293322592e+00,-8.461772531684902177e+00,-1.437614350103669736e+01,-1.557292575223578268e+01,-7.165743975382712350e+00,-4.285129441151285690e+00,-3.607710937525149042e+00,-6.210244121547374263e+00,-7.380906997455491059e+00,-2.502127314316263895e+00,-1.270397725680646239e+00,-5.048939439067099855e+00,-1.525613879246844107e+01,-1.337920039519667625e+01,-6.788640582106179266e+00,-5.480630843376275152e+00,-4.786068685848375637e+00,-6.862931037632127307e+00,-1.355060571018192483e+01,-1.465732516762283133e+01,-3.136426388875053206e+00,5.596414965195132263e-01,-1.605907714338880243e+00,-1.078725819579429057e+01,-1.905896878242492676e+01,-2.225581368969546503e+01,-1.898341249343421566e+01,-1.421667129836148646e+01,-1.253465330272188538e+01,-3.979973346212419827e+00,-1.466095281269291339e+00,-5.170114915701560676e+00,-3.558396439456070315e+00,-2.966321974368232528e+00,-2.521407695545349270e+00,-2.872979515980761178e+00,-7.285829232100190289e+00,-8.508816062576240569e+00,-4.570626574723671176e+00,-4.937858233594145219e+00,-2.833541736207229711e+00,-4.172600640604893663e+00,-9.559168147544065519e+00,-7.061872721080565185e+00,-3.284180678395690389e+00,-4.575906151181293957e+00,-1.019667273263136487e+01,-8.056624575104150310e+00,-1.948925122135581889e+00,-3.057148534405061735e+00,-5.144289929093954328e+00,-6.277191771918700702e+00,-1.145281873726182553e+01,-1.687778141101201257e+01
-1.101547817223601911e+01,-1.286091623041364862e+01,-1.814560670240057760e+01,-1.631076675322320568e+01,-1.499692854202455905e+01,-1.688391381502151489e+01,-1.497798367506927875e+01,-7.371961391117009654e+00,-1.452801958454882802e+00,-3.004599735383332582e-01,-3.791303357110235694e+00,-1.147463934909966277e+01,-1.401359622594383048e+01,-1.238078923450989777e+01,-1.061799779239138175e+01,-9.079608728054154199e+00,-8.733198182007376076e+00,-6.620528204314824805e+00,-6.058069138509583951e+00,-3.093230574385933629e+00,-5.599870237508891790e+00,-1.339085452051626390e+01,-1.175224139293034931e+01,-7.941464222230327330e+00,-3.313047278685391728e+00,-5.702401768998242915e+00,-1.091047974245480390e+01,-1.067430342319938852e+01,-1.407084963470697403e+01,-1.659753044197956839e+01,-1.059558420876661877e+01,-8.158954219685661258e+00,-8.851771906846099824e+00,-7.562937516305181518e+00,-1.174951390922069550e+01,-1.560011749631828692e+01,-1.102684125718143271e+01,-1.203805717370576289e+01,-8.505624404797950788e+00,-5.248693919533656604e+00,-7.392922643009417705e+00,-6.878321713043583863e+00,-9.477869049510141863e+00,-8.989033902270925580e+00,-1.159724588133394718e+01,-1.365790245040423301e+01,-6.601345676100915938e+00,-4.084673741554272652e+00,-5.298016430583730951e+00,-8.006266795305741368e+00,-1.312709797297914882e+01,-1.384536388392249684e+01,-4.021773994812974706e+00,3.341271526167272771e-02,-6.581217792356457430e-01,-6.452932028669035702e+00,-1.792059839268525323e+01,-2.199539659586217510e+01,-1.961321074101660145e+01,-9.387948273784584075e+00,-3.592421799600641563e+00,-2.189793610098099030e+00,-5.908933469077712886e+00,-4.518706447596843034e+00,-1.850944576881981218e+00,-2.392351648285410803e+00,-2.198472464475697663e+00,2.070173171576041304e-01,-2.816768576231424959e+00,-1.041846662842565152e+01,-7.066393535170290008e+00,-1.016075214584513331e+00,3.386499780309450980e-01,-2.941070371424656660e-01,-3.763168498267595474e+00,-5.000972343427646294e+00,-6.922467276130595870e+00,-4.786756810809795759e+00,-8.019932406230104505e+00,-8.293297160623801290e+00,-3.974747002347107205e+00,5.215955573148676194e-01,1.322650339599123148e+00,-2.964458705952791817e+00,-1.152962542138993740e+01,-1.339617128339078711e+01
-1.441544326394796371e+01,-1.348590260412957953e+01,-1.404807243413395312e+01,-1.147460095998313712e+01,-1.259349789801571085e+01,-1.767805167618725193e+01,-1.654261276043123630e+01,-1.023619199544191360e+01,-8.877269864642382657e+00,-7.654040507577722252e+00,-1.042203214785291010e+01,-1.249122082773182107e+01,-8.643079927812019392e+00,-7.807134478870365157e+00,-7.059608634716521003e+00,-7.679915617957401075e+00,-9.954807508322927490e+00,-6.899229186144718362e+00,-2.341342488539036371e+00,-2.302970375703201622e+00,-3.794583349695636265e+00,-6.449042041103691503e+00,-9.568332043812713295e+00,-1.358338752140601535e+01,-2.865570145979290828e+00,4.347625700627557044e-01,-9.838842422234139740e-01,-6.404703480036308072e+00,-1.396817445423867987e+01,-1.647113516926765442e+01,-1.803118916104237357e+01,-1.641075687193208310e+01,-1.281532460533910367e+01,-6.210174016602751479e+00,-4.396225706467197902e+00,-6.220529590490008864e+00,-8.299716258111098810e+00,-1.208676435757014467e+01,-6.398437544910444252e+00,-3.190141138646544583e+00,-2.694371428166050464e+00,-5.842671268102195725e+00,-1.342183610051870346e+01,-1.038188937803109546e+01,-3.445416771387600718e+00,-2.342741590205049462e+00,-4.097792817955552280e+00,-1.131739750007788281e+01,-1.310302023299866292e+01,-1.402463015417257886e+01,-1.455223529454734610e+01,-1.295248346113496396e+01,-1.040037092215303893e+01,-7.541897106230155856e+00,-7.396169777513326160e+00,-9.712070026745399431e+00,-1.850129177586899942e+01,-2.247098066078292078e+01,-2.138993263079060370e+01,-1.026300235009855655e+01,-2.800119400464205377e+00,-2.752118794506208665e+00,-8.536999174704154925e+00,-4.673553051097163014e+00,3.037329630028074989e-01,-1.166263358722466753e-01,-1.655507851286933452e+00,-1.402568820455700083e+00,-4.127464274411370759e+00,-1.224022081866860390e+01,-1.224552400741312219e+01,-8.250602741285952391e+00,-6.827711201027138799e+00,-6.077973426968027226e+00,-5.813609507652776065e-01,-1.680726608001148481e+00,-9.384231423377059400e+00,-6.112025373621792212e+00,-1.852960541724314680e+00,-2.862868882605754450e+00,-7.421530082407924667e+00,-4.004613929501728009e+00,-5.583623401052035806e-01,-2.240052470890987024e+00,-8.176137830337715684e+00,-1.424830506576432043e+01
-2.240080011387665948e+01,-1.626871174325545510e+01,-8.598429493606090546e+00,-6.348987651367981933e+00,-8.663213377197584109e+00,-1.604363891730706015e+01,-1.643056571649180597e+01,-1.474119709390732957e+01,-1.228795857437782857e+01,-1.121991942740148929e+01,-1.344629252453645130e+01,-8.495233566189805074e+00,-5.960734853314028747e+00,-8.147097057145503030e+00,-4.868488848623302445e+00,-2.404549271631468699e+00,-3.657885244121037882e+00,-2.550216152579297457e+00,-1.465895176657391552e+00,-3.915718100365969345e+00,-1.763545340956221175e+00,1.402368383678549435e-01,-1.900202718105295618e+00,-2.700134619267676950e+00,-1.402050568204787018e+00,-9.490124461456920235e-01,-7.610907699642868174e-01,-7.414767905254848301e+00,-1.427577458073695560e+01,-1.814097277157836530e+01,-2.178293870555030054e+01,-1.921920142405562970e+01,-1.096877082106139945e+01,-4.878694226344426177e+00,-2.704037856004611662e+00,-3.193093995332876300e+00,-6.834659936010009318e+00,-8.847601207594076200e+00,-7.481023983305527203e+00,-7.741433285652116858e+00,-3.476052200934241831e+00,-5.192099653559529848e+00,-1.162330430145892812e+01,-7.342099062480782479e+00,-1.398527143320987154e+00,-4.837384686470613815e-02,-1.044597890831129083e+00,-4.409405200447912954e+00,-6.395993850609455578e+00,-1.045261481735441400e+01,-1.167290077834493545e+01,-1.054307573205894855e+01,-1.436878798074192431e+01,-1.771683000193701929e+01,-1.879822669178247452e+01,-1.838569043162796390e+01,-1.740354501869943249e+01,-2.073493820263279730e+01,-1.877844287786219013e+01,-1.067470804146594432e+01,-5.184665625656230681e+00,-3.856260072873232581e+00,-5.007878671633079648e+00,-3.923415828858398680e+00,-3.507490528973802313e+00,-7.062813670122220167e+00,-1.172633359459642755e+01,-9.774550919627976953e+00,-1.110576308249599364e+01,-9.313181888105141581e+00,-1.182009526457275328e+01,-1.287754811439663172e+01,-1.042249600527187248e+01,-6.567420361977484689e+00,-2.812734084967006609e+00,2.401173553177310682e-01,1.226629489263157402e-01,-1.933474279875453117e-01,1.629674761102200442e+00,-7.911313084680133834e-01,-7.679430040841300986e+00,-8.495012423747944297e+00,-6.733889906356732347e+00,-6.318412542964021661e+00,-1.197085133070746998e+01,-1.470624365491999441e+01
-2.234409189058674627e+01,-1.784309268411662686e+01,-1.194884164134661297e+01,-8.378787981139289798e+00,-9.098089144875606493e+00,-1.427201527191532904e+01,-1.098546165972948074e+01,-5.706536253138135173e+00,-4.144576537733276389e+00,-6.071903261045615174e+00,-1.147093348784579092e+01,-1.088634269974297908e+01,-6.373609256827169389e+00,-6.356746018191592462e+00,-7.183242067694664001e+00,-6.298058738725052841e+00,-3.629059468001489375e+00,-7.088576901393632390e+00,-3.954092116777448762e+00,-6.525570033605213593e-01,-1.672216207187577464e+00,-6.923778078597226937e+00,-5.304897228917171859e+00,-1.165521292933489272e+00,-3.714322824713437665e+00,-4.771775972369748153e+00,-6.836571255383508294e+00,-8.554124002448386221e+00,-1.001039810520079421e+01,-1.591530079642931561e+01,-1.901489271968603134e+01,-1.627319099257389823e+01,-1.148064511434899515e+01,-1.215841755395134349e+01,-1.326804384113185975e+01,-1.278047178561488728e+01,-1.106883958023455428e+01,-7.655067258204023339e+00,-2.877391308039983109e+00,-1.427267614106331850e+00,-3.000253549735740766e+00,-5.287645741792705856e+00,-2.674748243176711338e+00,-3.172136720221411910e+00,-7.801218590802616148e+00,-1.240526559286647412e+01,-1.171803779712515947e+01,-6.447839323187205984e+00,-2.605604720415916287e+00,-3.120328670355067668e+00,-3.960190636236802675e+00,-4.326380007046584986e+00,-8.759505009485614835e+00,-1.738838133547041309e+01,-2.221123587919606024e+01,-1.971799915366702649e+01,-1.269427014142274857e+01,-1.023955075199612352e+01,-1.143254532121742706e+01,-1.086135270239578432e+01,-8.481679644021722808e+00,-9.216213861829601228e+00,-4.168879063106335714e+00,-3.683589962815555285e+00,-9.027625588984745875e+00,-1.187652103623582178e+01,-1.358380828942689611e+01,-1.356312743491596606e+01,-9.715370711973971396e+00,-5.619455753731825709e+00,-2.267089671241895754e+00,-2.546243599436113225e+00,-3.690457203875919578e+00,-3.434531423579755938e+00,-5.000911306510614551e+00,-2.893492715410603822e+00,-4.357359293585735038e+00,-7.488988779376895000e-01,-2.135619342126624964e+00,-7.090350528915426054e+00,-6.414338566880259052e+00,-5.345866122153690725e+00,-6.790523696272026122e+00,-4.311388107137140047e+00,-7.187169448369079561e+00,-1.558437776068846325e+01
-2.197161968714661029e+01,-2.162903182374106592e+01,-2.081039170920848846e+01,-1.497484605014324188e+01,-1.223166104654471020e+01,-1.393292525741789056e+01,-8.787641654411951109e+00,-5.680831862561818824e+00,-5.730082288332697615e+00,-7.425281112599703803e+00,-1.387608463772469136e+01,-1.269269752833578302e+01,-7.119823975798984073e+00,-3.147229890494296800e+00,-4.634434919183452628e+00,-4.970720953877187043e+00,-1.580151233506815744e+00,-2.917644690316390399e+00,-5.412004659566769682e+00,-2.048606066668677617e+00,-3.339966759810017116e+00,-7.973519007364909150e+00,-3.903314366961745385e+00,-1.976866205008668276e-01,-8.730685922233129281e-02,-4.921056753224951841e+00,-1.332635949510667039e+01,-9.616108663742327423e+00,-5.068554282488346274e+00,-5.316291536173796572e+00,-8.068448153634866671e+00,-1.159205407318141745e+01,-1.064770996653371427e+01,-7.014520024622066252e+00,-7.244915325547077067e+00,-7.867868555020929300e+00,-1.175963571874631697e+01,-1.169965223657588105e+01,-2.835552698095852975e+00,-2.755945829263105606e-01,-2.887057534674466908e+00,-6.830741696887546510e+00,-7.917137883176716961e+00,-1.015300029040210816e+01,-1.032769733832942194e+01,-1.557791835111048506e+01,-1.717484260267681506e+01,-1.338265647739171982e+01,-9.833513716804898053e+00,-6.819866138233111386e+00,-6.729834928975630959e+00,-8.158697404898703098e+00,-1.124087989578644375e+01,-1.788912306229273597e+01,-2.255752506686581427e+01,-1.888913735167847818e+01,-9.894553768552011519e+00,-4.320773508710165522e+00,-2.510719847270391103e+00,-3.996128851972470031e+00,-7.850340624411021651e+00,-3.295593756373111471e+00,3.949293752682731667e-02,4.921860417101318608e-01,-1.470884042723709095e+00,-3.300031458126290396e+00,-3.497584518280847377e+00,-4.054996909008575123e+00,-4.966085810576462478e+00,-3.051352439217023704e+00,-3.497888638722037591e+00,-5.290924164739812419e+00,-1.811225694950735488e+00,-4.244986116140984755e+00,-3.611486766033016771e+00,-1.781685761360374043e+00,-2.869683232866615530e+00,-3.255536017713085428e+00,-3.574993917977230318e+00,-8.306440905189244717e+00,-1.046337428535884584e+01,-5.966158478203902327e+00,-1.957669043851941071e+00,-8.894122048940416025e-01,-4.897969163391583614e+00,-1.534021173831489371e+01
-2.217789116832945240e+01,-2.383290113343132788e+01,-2.341441467901070794e+01,-2.049935320847564313e+01,-1.561811042080322842e+01,-1.318954102115498728e+01,-1.109380629948443797e+01,-9.555581439079510631e+00,-6.917524171090917662e+00,-3.110813263108058280e+00,-4.527429116820712807e+00,-6.427235722430244103e+00,-4.953365987787644364e+00,-2.248178485826227035e+00,-4.318344144073004820e+00,-4.709886907417159208e+00,-1.540379388179442532e+00,-3.543798770547760268e-01,-9.573295523239520044e-01,-4.261022230210073758e+00,-8.261509514672475518e+00,-5.380844556791190669e+00,-7.353638077286531072e+00,-3.755958603145296060e+00,-2.318161912236569755e+00,-6.145612258105554560e+00,-4.460046143316301226e+00,-1.386324916353815828e+00,-2.779999042124270847e+00,-6.959325989483557962e+00,-6.389390020941694281e+00,-9.571111782971355453e+00,-6.504761667715178497e+00,-2.744294655276462436e+00,-3.541706166680443246e+00,-3.252136094266057320e+00,-6.670231103329570033e+00,-9.523701634148084239e+00,-4.477729931473731995e+00,-7.547327603996058620e+00,-7.973085640502783455e+00,-1.037465006257924749e+01,-1.500902787927124216e+01,-1.268742510676383972e+01,-6.486409883946180344e+00,-4.777235533835159309e+00,-6.855004423737732999e+00,-1.228520120928684811e+01,-1.769890922639105213e+01,-1.878421012394958112e+01,-2.041056204338868341e+01,-1.937040755069918063e+01,-2.015638096465004736e+01,-2.045613110231028742e+01,-2.208064936763710406e+01,-1.957239421870973217e+01,-1.387764704475800137e+01,-1.097229094637764746e+01,-1.033737292333939450e+01,-4.649192273092921823e+00,-1.708306154486510575e+00,-3.663791581649497253e+00,-6.947379820050223920e+00,-6.125116177237335258e+00,-2.323700895722140558e+00,-4.319550188723951578e+00,-2.067396932106930763e+00,1.304636917532965013e-01,-3.111096806785402347e+00,-5.247601937838933139e+00,-1.431555813374062458e+00,-1.056391521831351987e+00,-2.726611613279399382e+00,-8.629575124631324812e+00,-1.521252501424815939e+01,-1.163256177502787736e+01,-1.082632392030468083e+01,-1.214840372486246878e+01,-7.868837692464391687e+00,-2.639050353144638095e+00,-1.183118581527348168e+00,-2.610025160950802725e+00,-4.443297756116180608e+00,-6.961364541641361647e-01,-2.065933640447231934e+00,-1.101609131693840027e+01
-2.227640464736355597e+01,-2.207708405289385212e+01,-2.241293709476788720e+01,-2.266451862454414368e+01,-1.566939959923426251e+01,-1.199207316256231692e+01,-1.044351775861448672e+01,-4.920918182055983081e+00,-2.637527541503206674e+00,-8.101125952981520495e-01,-1.473031410380725825e+00,-6.006045066751539707e+00,-7.140513463825401530e+00,-2.928050934993532639e+00,-5.140974657622994215e+00,-8.774927578245600657e+00,-9.426324919254208012e+00,-5.157420017371704191e+00,-4.433254600114499233e+00,-1.193740857102804753e+01,-1.781898593985372159e+01,-1.201152987033128738e+01,-8.085289854970243439e+00,-4.199338813415831595e+00,-2.352307897863081809e+00,-2.734780120804013226e+00,-5.815612613255830565e-01,-1.010959071936869957e+00,-6.738135651905192702e+00,-1.607073942530486477e+01,-1.291549734978212172e+01,-9.914844438433647156e+00,-4.623874897551205621e+00,-2.167018789335593887e+00,-4.452149211949694596e+00,-8.922459736305528022e-01,1.557997405284873516e+00,3.070638373311440628e-01,-4.695300430990755558e+00,-1.354991588410404013e+01,-1.066137904953211546e+01,-7.580573385607244141e+00,-1.003302196688148129e+01,-9.530936217142475186e+00,-3.985479809033373844e+00,-4.120758212145624988e+00,-7.519971576726271145e+00,-1.247031018717421347e+01,-2.010196145706706616e+01,-2.175096276899178704e+01,-2.007271459533108526e+01,-1.774217021962006768e+01,-1.939381538497077173e+01,-1.908903143472141650e+01,-1.968877248631583399e+01,-1.938630218307177344e+01,-1.841056431829929352e+01,-1.966306118915478507e+01,-1.831336819960011297e+01,-9.731403341309892596e+00,-2.671759760618442670e+00,-2.509072053445480677e+00,-6.277250356643991225e+00,-6.545494737459295109e+00,-3.696950864357253064e+00,-2.370324233053704877e+00,-1.973161378500258856e+00,-6.096791381468291693e-01,-4.620985378970443591e+00,-7.276536853363116286e+00,-7.455554002766600519e+00,-7.937848235532227292e+00,-6.463159975828602910e+00,-8.923157427459955215e+00,-1.748209401965141296e+01,-1.970588089442915347e+01,-2.011134330266051862e+01,-1.804637268930673599e+01,-1.661469491819540778e+01,-1.095816401857882738e+01,-5.478761260993552540e+00,-3.573334265144189281e+00,-5.836464912499650382e+00,-2.435191250706945088e+00,-1.129829430031451087e+00,-5.244777433548329704e+00
-1.855935917132430646e+01,-1.390717226597997858e+01,-1.322704778280523108e+01,-1.599286011440886313e+01,-1.422968340002828214e+01,-9.068292132682270079e+00,-3.845833662586907398e+00,-4.974048994792004130e+00,-7.440111936070024967e+00,-6.376801479446132959e+00,-1.088990078597432998e+01,-7.983706008228990569e+00,-6.918201330221361189e+00,-8.714922116345000802e+00,-7.325984104019072518e+00,-3.193713431118845314e+00,-1.075491122875569694e+00,-1.808719619855562843e+00,-8.192262015408939391e+00,-1.267028213954634097e+01,-8.925773411161369353e+00,-9.392504569556978211e+00,-6.618315788794360444e+00,-5.294411911189349063e+00,-6.821405841451552376e+00,-4.380932112373153053e+00,-7.166988892713561654e+00,-3.704917395099376787e+00,-2.228977058108688958e+00,-4.299700577814494551e+00,-5.958330465713515878e+00,-8.492936500755604357e+00,-2.720205117864275657e+00,-1.889378376680219240e+00,-5.638311958877845420e+00,-1.026537952706955137e+00,8.084949381045589689e-01,-3.282491962802143615e+00,-7.190716298529878259e+00,-4.618806106288199764e+00,-1.759167166962369189e+00,-9.860665651706059798e-01,-3.875107143522149578e+00,-2.395686625826379590e+00,-2.649837470535809647e+00,-8.862043511122465134e+00,-1.466932626068592072e+01,-1.582123176256815533e+01,-1.963812306026617804e+01,-1.928168874151176837e+01,-1.444007351456416899e+01,-7.151158149121329188e+00,-5.995377267303410918e+00,-6.891161244424034216e+00,-1.158060901459409919e+01,-1.303586969599160028e+01,-1.054836583923962401e+01,-1.143615237375100513e+01,-1.171029676786727336e+01,-8.534892876115110383e+00,-7.200160287828314409e+00,-1.557866135948946296e+00,-1.185145839241158683e+00,-7.058465755441122980e+00,-7.485039157585965164e+00,-1.044049497301845442e+01,-1.323486124703453726e+01,-4.443307608864011549e+00,-7.879414836692780755e-01,-2.495982301551622484e+00,-7.761610447558471293e+00,-1.516191171523597525e+01,-1.801180402272277448e+01,-1.757634738625751680e+01,-1.522335074345270733e+01,-1.761318682134151459e+01,-1.762316621177726361e+01,-1.843418888582123571e+01,-1.842374497569269565e+01,-1.694016950825850287e+01,-1.564299655457337757e+01,-1.540085693365997699e+01,-9.856939594778749480e+00,-6.033174828315774896e+00,-3.344952800207667831e+00,-5.450806094045725025e+00
-1.605663542366690066e+01,-8.736881979637676210e+00,-6.297911390662193298e+00,-7.746692222853501342e+00,-1.264776151875654797e+01,-7.721813571949799559e+00,-3.251766588435404781e+00,-3.627391336227042906e+00,-7.795554474824005098e+00,-6.163310752974616058e+00,-7.624695705456866257e+00,-1.420957933738827705e+01,-1.844364904281165707e+01,-1.643508694569269935e+01,-7.349066576610009172e+00,-3.676062241684121545e-01,4.446825273100532550e-01,-4.031564715248047825e+00,-1.223025203910138892e+01,-9.544543890489471494e+00,-5.425881180553308702e+00,-3.728212744359754804e+00,-3.201329635056834988e+00,-1.708403785269992037e+00,-6.054217654277130878e-01,-1.923313386072146081e+00,-6.502906531509426102e+00,-1.011555593460798264e+01,-4.956195593425137602e+00,-5.190552920626942068e+00,-3.013200720339227701e+00,-1.615302557345583256e+00,-5.678501548711210489e+00,-6.105422694452702359e+00,-2.384011657591650568e+00,-1.979039907520927954e+00,-2.457044619885790482e+00,-7.035303414437091618e+00,-8.960465232893410459e+00,-3.403244286747697966e+00,-4.027083393280110002e+00,-3.312945279072866622e+00,-4.866615105924817719e+00,-2.652701180214838583e+00,-7.824948001275010556e-01,-3.748448246646956861e+00,-1.000589189701713622e+01,-8.527455127287087322e+00,-8.789268663256532221e+00,-1.024269761667690304e+01,-5.379601923913772232e+00,-4.137845922888825356e+00,-3.485989505886108120e+00,-1.533187233001525707e+00,-2.392991189913825867e+00,-8.660601496473342431e-01,-5.009670373676473609e-01,-3.774007326089000802e+00,-6.026008922651978850e+00,-5.912528488681548566e+00,-1.053959402317802052e+01,-4.523602467948673933e+00,-5.432250861516271234e-01,-1.784399163278673539e+00,-7.683851845976379380e+00,-1.084099929324454692e+01,-1.000790229232774919e+01,-7.066362719982862473e+00,-3.598435387998405233e+00,5.508374412497182293e-01,-1.310506704762196328e+00,-8.547063412765661283e+00,-1.757562061813142407e+01,-2.053134445018238452e+01,-1.655882167733377841e+01,-9.327050423870483442e+00,-6.093597087646937638e+00,-6.060665365515483849e+00,-8.520332994974321394e+00,-1.450008970002333264e+01,-1.507603127178218649e+01,-1.361015170564254184e+01,-8.767926953526007594e+00,-6.555941210438807509e+00,-1.104981441816521937e+01,-1.287537907477882193e+01
-1.849942757851547626e+01,-1.127412274893787192e+01,-9.249827559209531813e+00,-1.220160679270823856e+01,-1.663772258576419460e+01,-9.921980893446338712e+00,-6.008470896838439934e+00,-5.600548260534803369e+00,-6.067708000282032721e+00,-4.473251339462068543e+00,-7.272787413870294593e+00,-1.626447012192673114e+01,-1.622382222778267291e+01,-1.567086174546016508e+01,-7.628298390035827659e+00,-1.916493031530181801e+00,-2.623033085556623067e+00,-9.088688015316924051e+00,-1.190904477952669005e+01,-7.766782589877645471e+00,-1.064799507500396913e+01,-1.254044506491886324e+01,-1.133278837365408798e+01,-5.122188738376684647e+00,-1.694598380634690482e+00,-3.847497952484749018e+00,-1.225413013663556860e+01,-9.003051242066753446e+00,-4.699533763652046225e+00,-4.952983027634521029e+00,-2.309668932139175013e+00,-2.832744371624559943e+00,-5.942563272521106832e+00,-3.891496100566453453e+00,-6.102730031461558013e+00,-1.379913611358238512e+01,-8.039274956099689007e+00,-2.859189214745937235e+00,-2.099316821089814766e+00,-3.189037189172166720e+00,-9.334721744060516357e+00,-9.151502580692371325e+00,-8.361219788694548072e+00,-8.699928598586767592e+00,-8.942612927761123487e+00,-2.480516614423726729e+00,-1.206625282652870057e+00,-4.224883991856080989e+00,-3.678437166976638917e+00,-6.967030875259498934e-01,-1.813026340455457408e+00,-4.884703306119060784e+00,-3.844500565280517090e+00,-2.930193031416921112e-01,-1.764656499797840450e+00,1.176942273924295401e+00,1.151245301770460250e+00,-1.324633978378794152e+00,-5.225166554488774873e-01,-4.080100732040591538e+00,-1.076526159710354236e+01,-6.129897197708487511e+00,-3.429487576837547902e+00,-5.328305453495381094e+00,-5.176336251012092049e+00,-6.190252585146178710e+00,-3.952095813635322585e+00,-6.681521942425105109e+00,-5.075120862382593856e+00,-5.418584227227256633e-01,-8.216897542899661566e-01,-6.978236516135641665e+00,-1.110654170397255136e+01,-1.054361917802857107e+01,-1.179180974927213477e+01,-8.626233111032181711e+00,-4.115824835775937274e+00,-4.659608225208810239e+00,-8.341431865468621254e+00,-1.489794211586316486e+01,-1.360088743766148944e+01,-4.983826640475955472e+00,-2.406538161788679187e+00,-4.785689652380016312e+00,-1.336845074594020844e+01,-1.783225859370496380e+01
-2.356593397259712219e+01,-1.519447944644424631e+01,-1.210012151880396658e+01,-1.507629618462589072e+01,-1.324882489856746481e+01,-1.460642196486393551e+01,-1.283818190544843674e+01,-1.211219682999783132e+01,-1.216445654185695702e+01,-7.570312366510431268e+00,-6.045710199822981856e+00,-1.001624465340541548e+01,-7.560819553211331367e+00,-4.156934921888427503e+00,-1.558968020184086756e+00,-3.508240940459978141e+00,-9.942656154951286851e+00,-5.417896072690685294e+00,-3.138474134799455140e+00,-4.033711530268192291e+00,-9.285257084916034742e+00,-1.671875509619712830e+01,-1.208652103816469570e+01,-2.621776081463192742e+00,-1.606384383503609570e+00,-6.522847769232208215e+00,-6.472710502418016709e+00,-4.410799459735345707e+00,-7.496910911541716516e+00,-7.251426187673739143e+00,-4.083919544783283229e+00,-2.681430864349143572e+00,-3.786705046132460062e+00,-3.009256230971206758e+00,-7.031259837870796225e+00,-1.214896821147865680e+01,-6.587768677415119178e+00,-3.536257556848189321e+00,-5.286637735944168526e-01,-2.491959382077160168e+00,-1.179779032007273720e+01,-1.360522209521796988e+01,-1.796433940695391840e+01,-1.845928257869349665e+01,-1.666546918451786041e+01,-8.202555467892024055e+00,-3.531324488477872059e+00,-3.427371910187907211e+00,-3.506136773357866332e+00,-4.934638544309968289e+00,-7.580675138367547028e+00,-8.152388340069187223e+00,-2.136914002536892898e+00,-1.812380854324955118e-02,-5.153580648867420178e-02,5.999631419399520382e-01,1.270792091672774404e+00,-9.053139621941631576e-01,-4.411057254240707270e-01,-5.434653339144359663e+00,-1.658761321836047742e+01,-9.269952195386091276e+00,-4.777733810452951424e+00,-4.120632865327126027e+00,-2.311825523166690932e-01,1.464880469989212619e+00,-2.408681688924843911e+00,-1.115953547673093027e+01,-1.086504040078984445e+01,-6.751783389546391234e+00,-7.038194601618063651e+00,-8.301285002794530854e+00,-8.371285275866588549e+00,-3.564089331698293339e+00,-2.537856294015202518e+00,-4.071916538626989990e+00,-9.190024084928962722e+00,-1.274289144285851094e+01,-1.408698922188745684e+01,-1.628672615852620709e+01,-1.230756183506714052e+01,-3.998637403460128859e+00,-6.433938981112229394e-01,-1.842751380890452539e+00,-9.008557353893088759e+00,-1.242068211982647519e+01
-2.151018959449397272e+01,-1.580993776023387909e+01,-9.930735655956798524e+00,-9.245880896846452757e+00,-1.175871580508020209e+01,-1.401092656370666312e+01,-1.031593921904762645e+01,-9.459806455609699682e+00,-1.006491533894505785e+01,-6.036492919108038535e+00,-2.255592396729399596e+00,-4.118333334620627895e+00,-8.633802742800778418e+00,-3.411970020059622133e+00,-2.921278378974117462e+00,-6.226241168048646912e+00,-1.162745930213067247e+01,-1.125745419288674931e+01,-9.155949335752261220e+00,-8.768567584041091933e+00,-7.392710984581047029e+00,-8.532026387068778917e+00,-3.489821074853656224e+00,-1.688524064389866908e-01,1.030007472032189675e+00,-3.341645218012369578e-01,-4.469833001416797735e+00,-6.191962961935335130e+00,-8.812650773260328307e+00,-1.306874322228961560e+01,-1.461580405549870676e+01,-5.128444333741855488e+00,-1.500039684778635696e+00,-4.221819466613750294e+00,-1.330263409970535093e+01,-1.161006582432633394e+01,-7.105090968621273539e+00,-7.378113379876594990e+00,-2.381766239535257679e+00,-7.175515914657606409e-01,-2.772424738794345256e+00,-7.563094109503759377e+00,-1.366793142673042105e+01,-1.683080585549275199e+01,-1.350056743207905008e+01,-1.352759733258022123e+01,-7.939764270765913956e+00,-5.573627609759569168e+00,-6.218042406851357562e+00,-4.519352772771122240e+00,-4.008380409545174494e+00,-7.156850827715162122e-01,-3.549576239780031450e+00,-6.259662704867070104e+00,-6.459571452914840251e+00,-8.765169999219425634e+00,-1.098544990356054463e+00,3.382200010091764852e-01,-2.450673290329481002e+00,-4.265995436276877939e+00,-9.294119014715155558e+00,-1.322289660324653049e+01,-1.019013901427388191e+01,-6.013216343826671917e+00,-1.561121156970330048e+00,1.552603461782887662e-01,-1.576471200457793431e+00,-9.664596738086807193e+00,-1.695723247445291904e+01,-1.254125223557154278e+01,-1.146842973596519855e+01,-1.474322816232840161e+01,-1.045655663435657878e+01,-1.001975477197104070e+01,-3.819571374487066961e+00,-3.552019631504663266e+00,-8.753228095043191104e+00,-7.631388431054397792e+00,-5.056371262041567505e+00,-5.590056725842361018e+00,-8.642449370895823435e+00,-9.984583182881275221e+00,-8.532915252500162140e+00,-4.053926000798431240e+00,-3.616650237119756639e+00,-7.741110904556181893e+00
-1.286720304605033682e+01,-1.088902076499329752e+01,-1.430255129188299179e+01,-1.893074523905913153e+01,-1.972799862093395618e+01,-1.752267213331328577e+01,-1.044286308354801562e+01,-5.896351421769294276e+00,-3.011470431448995289e+00,-1.569409152315023981e+00,-2.272108509335440729e+00,-5.609391391587753795e+00,-9.399901080876588821e+00,-1.385254350594348338e+01,-1.004211709068881220e+01,-1.181489618370930295e+01,-1.717351882904767990e+01,-1.682396747503015888e+01,-1.551304915423194508e+01,-1.094550312610549980e+01,-3.292380724995584540e+00,8.264626849187253765e-02,-1.168601264334736545e+00,-5.000790532174303138e+00,-2.089552374236518517e+00,-4.522575724236149952e+00,-1.193692780058417036e+01,-8.453166749211959541e+00,-4.560103623765623837e+00,-8.024204224166977539e+00,-1.157066959629042202e+01,-1.007788363782068153e+01,-5.720532930352622003e+00,-2.253680847307097945e+00,-3.849763776116661873e+00,-2.463480703864055155e+00,-5.529203920644553127e-01,-1.548984119264383175e+00,-7.640486462455656991e+00,-6.503684178279298678e+00,-4.079171455061037399e+00,-6.684260606765747070e+00,-1.341351603716611862e+01,-9.611218543516265811e+00,-5.207058372596899964e+00,-3.546723368975411628e+00,-2.807876116014085710e+00,-5.249353377601234882e+00,-9.042698962924381689e+00,-8.141977616999712453e+00,-1.055337414687932629e+00,1.267451446830010431e+00,3.740000084095906341e-01,-1.474171553155858572e+00,-3.753977215319739269e+00,-8.373657608301275701e+00,-8.055456489531529485e+00,-3.099385817282179989e+00,-4.542013690650896329e+00,-4.476724521619164676e+00,-6.901034556122289665e+00,-1.276111925434735106e+01,-1.190482003241777420e+01,-1.326494110872348209e+01,-1.235436985807286447e+01,-1.266014763648207797e+01,-1.178402238836052796e+01,-5.444691367033454910e+00,-4.846978501028691433e+00,-4.076893250147501924e+00,-6.922576982217530706e+00,-1.435143743786546899e+01,-1.130308759452762146e+01,-5.060048999520303070e+00,-5.636012669969608924e-01,3.378691266924660486e-01,-1.576311563808910021e+00,-3.308717598310775276e+00,-6.003708851106340560e+00,-3.586071307741804048e+00,-1.586897127698901233e+00,-3.225905028118480455e+00,-4.967214081373337642e+00,-5.992600908462514475e+00,-1.105684355480803305e+01,-1.279197603339950184e+01
-5.991054941382673249e+00,-9.580444640583461791e+00,-1.913311923543612281e+01,-2.172635633084509266e+01,-2.168019566602177051e+01,-1.923711811668342975e+01,-1.789302744468053064e+01,-1.739356647721595195e+01,-1.475067543735106845e+01,-1.367874254389769462e+01,-1.463585408197508997e+01,-1.794291598018672573e+01,-1.793723374274041760e+01,-2.003510546767049405e+01,-1.346190866331259350e+01,-5.539549310588174791e+00,-3.012688940510593660e+00,-3.276144573761686996e+00,-3.194477831024212566e+00,-3.084692572300102409e+00,-7.749247086048449695e+00,-6.790626829456313018e+00,-1.883225668549938669e+00,-2.856522563785094615e+00,-4.575757783915226362e+00,-1.413467800332000479e+00,-2.287255787628560633e+00,-4.423210756869391247e+00,-1.663672083705831861e+00,-1.651437400814504297e+00,-6.747069776032327049e+00,-7.013268405364619262e+00,-3.438929977410427608e+00,-3.960373268850768458e+00,-7.146770094246473803e+00,-5.817683930503942058e+00,-4.317515355968175150e+00,-1.146244755160700457e+00,-4.740961904618113287e+00,-1.020420683415917118e+01,-6.579290466900500789e+00,-9.708388266464075045e+00,-1.706416222039196384e+01,-1.285094427317380905e+01,-6.991726303266154297e+00,-8.587871670205560193e+00,-7.806975618341109424e+00,-2.478781271670110531e+00,-2.361646772177159015e+00,-4.604249585730333827e+00,-6.732934429775923491e+00,-7.601139167753798276e+00,-5.092371828595383398e+00,-6.772350581569804184e+00,-2.767857927551732544e+00,-2.040582406468375964e+00,-5.176057123290068063e+00,-1.560557416227513539e+00,7.671173943114505400e-01,1.409820463024129555e+00,-1.016691998627114346e+00,-4.623850459750327602e+00,-6.537894996917909651e+00,-1.223328157348765188e+01,-1.978058419790532696e+01,-2.165372427139017475e+01,-2.107494601193401706e+01,-9.162666788117753924e+00,-2.309468241151383605e+00,-2.559540525673785094e+00,-6.678799326531589031e+00,-4.690397676497822133e+00,-1.837925389389662767e+00,2.007769249297174152e+00,1.860182941681058688e+00,-3.635773970346943162e+00,-1.521251743405850476e+01,-1.260090736775762466e+01,-9.272292697595226230e+00,-8.887845358500877424e+00,-2.838648949904988061e+00,7.857781768236438147e-01,-6.041968682058924678e-01,-5.036275607081027061e+00,-9.305188062290350004e+00,-1.395838685913218313e+01
-1.259684131625625803e+01,-1.135643621699677652e+01,-1.064055237587955283e+01,-1.129161399520105746e+01,-1.339519457767407040e+01,-1.969713656935427082e+01,-2.300966749423080060e+01,-2.283742053972350305e+01,-2.304655917651123431e+01,-2.288759306569894036e+01,-2.320362617075443268e+01,-2.262348678708076477e+01,-2.253087276882595447e+01,-2.255677411456902703e+01,-1.427665391067663769e+01,-5.194808145035090696e+00,-8.834179602935263720e-01,-2.967819277982925996e-01,-2.977568968582394060e+00,-7.443396295524305373e+00,-1.215367583019865805e+01,-1.142977687136994547e+01,-6.887271371152666077e+00,-5.436789770869331129e+00,-1.523071064194583490e+00,2.345349166197087776e+00,1.543120517806528369e+00,-3.041336730585397774e+00,-2.257076796095740523e+00,-4.140876989906246308e+00,-6.742382228581441872e+00,-3.787192312379678238e+00,-4.108760556070289560e+00,-6.528886024736696214e+00,-4.728767046297434717e+00,-4.433697531570538253e+00,-4.716063159323918619e+00,-1.854943787037276026e+00,1.782627437694625505e-01,-2.379782317137950187e+00,-4.187770016879464485e+00,-6.643006247718909130e+00,-9.642057008155259012e+00,-6.779647098905924096e+00,-7.134995739493104949e+00,-1.321779668910635763e+01,-1.227681766367620853e+01,-1.022679438793824858e+01,-8.569719516491103306e+00,-8.794813608336779609e+00,-1.152090473969777484e+01,-8.337037965241405502e+00,-3.871447028488748554e+00,-2.642083660841712422e+00,-7.297906027330706813e+00,-4.206491891939397654e+00,-8.707750643417158098e-01,-3.931697680356592173e+00,-6.792461138129713305e+00,-3.967142651533423603e+00,-5.428493893629719125e+00,-7.861117354138211333e+00,-1.040066695875591662e+01,-1.393401899354325479e+01,-1.637992255803611386e+01,-1.548905527840057950e+01,-1.730884633875555423e+01,-1.080547343442837338e+01,-3.188925297206474774e+00,-2.169883408751855924e+00,-4.413246595016163454e+00,-9.480604833478436522e-01,1.149209816653941063e+00,-1.203296217900060583e+00,-2.305158646444195103e+00,-6.839781412337389455e+00,-1.602486952808168041e+01,-1.396800491462151150e+01,-6.850146266942222617e+00,-5.813304275701132617e+00,-5.601934130096601017e+00,-3.715945950279193610e+00,-6.487859694015544854e+00,-1.381941591203212738e+01,-1.585126697934336093e+01,-1.801093647380669793e+01
-2.453006353808773810e+01,-1.720794308930635452e+01,-1.181318042427301407e+01,-1.166322689917352484e+01,-1.419440430982245260e+01,-1.797443231609132397e+01,-2.243794058925575641e+01,-2.365650374690691748e+01,-2.384024675687154016e+01,-2.411628416511747730e+01,-2.350847134490807733e+01,-2.271466128693686670e+01,-2.305940799911816796e+01,-2.201538429160912713e+01,-1.518051233556535529e+01,-1.188352221623063087e+01,-1.161921199473241906e+01,-9.414894511302312807e+00,-1.352463385007447627e+01,-1.598568742225567441e+01,-7.744206382996505766e+00,-3.745493113431924481e+00,-4.415103294092761033e+00,-3.600594380688865837e+00,-4.383428080521601378e-01,-1.321743241642252542e+00,-5.220140491250074177e+00,-3.822926976894248430e+00,-3.284622963983565569e+00,-6.961951813246640697e+00,-3.687506796336189385e+00,-5.137417931258419834e+00,-1.225911093627413173e+01,-8.704349577737351851e+00,-5.436436686553255404e-01,1.869902751272699559e+00,-9.084028574046291160e-01,-9.166438236700034103e-01,1.063529482271607929e+00,-1.494224079871653732e+00,-2.278971803772391169e+00,-6.810399495496363143e-01,-1.931446325641041462e+00,-3.895483524616186966e+00,-8.991396403767996759e+00,-1.429027382201618579e+01,-1.042959130431214909e+01,-1.025411024736240506e+01,-9.458308592231738032e+00,-1.040356136092709249e+01,-1.614825486474567029e+01,-1.282103815591997531e+01,-1.208419823046359731e+01,-6.745252866918842294e+00,-3.134653510681042921e+00,-5.597928950191191078e+00,-4.972686520881122618e+00,-5.892089222609582677e+00,-8.737173388194706902e+00,-8.136852201488283143e+00,-1.302855430708991236e+01,-2.018032279776202387e+01,-2.116781055761708075e+01,-1.779948769427008060e+01,-9.903779394510719314e+00,-5.723493979002038934e+00,-4.878808360313996673e+00,-5.014755393087398261e+00,-7.155490867483119466e+00,-9.139459155913856492e+00,-7.418663214943888917e+00,-3.441881222917194005e+00,6.213811528262643824e-01,-1.785328953849481648e+00,-3.536055833049936759e+00,-6.434675881328682401e+00,-1.115285463616924488e+01,-5.967977645962188937e+00,-4.738572465462817185e+00,-6.457009721857805751e+00,-5.245029481386558778e+00,-8.087569696000880271e+00,-1.419720144155952646e+01,-1.130375381807486157e+01,-1.210528006901343723e+01,-1.574916178153620905e+01
-2.452717838188012323e+01,-1.739064976324637612e+01,-1.377665093458361056e+01,-1.586828170882331079e+01,-1.796458542843659600e+01,-1.905107989493343723e+01,-2.182384735014703381e+01,-2.033293850885497278e+01,-2.010418423265218735e+01,-1.843310287429226690e+01,-1.846637108508083713e+01,-2.042891576223903272e+01,-2.284834615555074322e+01,-1.814796527640687174e+01,-1.069048539383543783e+01,-8.774087459883755713e+00,-7.717755622126990289e+00,-8.489256028085947037e+00,-1.489522671285602762e+01,-1.625532286200258625e+01,-6.142669668123643234e+00,-1.134950757832686730e+00,9.256441201432608068e-02,-3.317738207332796563e+00,-1.197058496952781326e+01,-1.546767539324032015e+01,-1.084080812335014343e+01,-7.247637449867195159e+00,-7.664441796071413293e+00,-6.656116100235117905e+00,-5.432690822208921411e+00,-1.127311899388829808e+01,-1.426512373735507389e+01,-8.118613541540172562e+00,-4.367961927527277410e+00,-1.151997211229576656e+00,-1.479326971674001623e+00,-5.818081187680945732e+00,-3.935869947889134135e+00,-2.555730565897344486e-01,-1.344866600485450592e+00,-8.333862182619567349e+00,-1.421389330157803244e+01,-1.151478136496411508e+01,-1.394952971488237381e+01,-1.066946349624130441e+01,-4.861826031520548597e+00,-2.413734384799479660e+00,-2.975133311701938510e+00,-6.810386894891659715e+00,-1.345201450006829447e+01,-1.084734257890118414e+01,-6.682575966399680212e+00,-3.512592703906799674e+00,-1.748446675137125261e+00,-3.784700532831872355e+00,-3.277200338210807029e+00,-1.594443800300521463e+00,-2.699037345243798125e+00,-4.181486459241972931e+00,-9.161670082559188799e+00,-1.918882884581883630e+01,-2.223735187947750092e+01,-1.945544594029585639e+01,-1.184028646101554294e+01,-7.951421986851427093e+00,-7.408642040876050494e+00,-7.564215527743929357e+00,-1.019313337074385828e+01,-1.335764518297380832e+01,-9.091810241341590881e+00,-6.213063880930551619e+00,-2.807460718685736989e+00,1.217863071438235467e+00,1.491600487251926399e+00,-2.347882861466536575e+00,-2.842051507998500259e+00,-1.074330996063508792e+00,-3.394959236129782010e+00,-9.974778660883506731e+00,-1.469428915613227460e+01,-1.665255125280883419e+01,-1.321332167916827771e+01,-9.480883135563797026e+00,-1.086294956588082883e+01,-1.689440941355294612e+01
-2.476520784199237823e+01,-1.849157372034258273e+01,-1.043309176796012494e+01,-6.864697444770071044e+00,-7.215102980120314591e+00,-9.377461108068624540e+00,-1.079238099811805540e+01,-9.173102474667960138e+00,-5.935908431974691979e+00,-5.661404239576465436e+00,-8.775496679461664229e+00,-1.745452493760321033e+01,-2.267768793967034924e+01,-1.366866418139802164e+01,-6.223736799839469924e+00,-4.330155344266030326e+00,-5.491946572748322986e+00,-4.912203538231551647e+00,-7.629812148710091613e+00,-1.047010219345490079e+01,-1.131152186128828241e+01,-6.901500443695113063e+00,-5.056078043630502172e+00,-9.880988936871290207e+00,-1.710281684166855243e+01,-1.432423912982145886e+01,-1.079656649414553371e+01,-4.314648861384234202e+00,-4.306860262773827941e+00,-4.689466064035918258e+00,-8.120823471522372827e+00,-1.685841384530067444e+01,-1.352129015119539446e+01,-1.414725049088398556e+01,-1.518514606191052252e+01,-1.510064232928885275e+01,-1.362306559065149969e+01,-1.325864320000012775e+01,-8.256834434707545967e+00,-6.537330713330043785e+00,-1.044997657649219036e+01,-9.920092796699869098e+00,-1.239408628642559052e+01,-1.049422639153069881e+01,-6.753185428575509519e+00,-3.988658217713236809e+00,-5.188938676276141138e+00,-1.160217072781071934e+01,-9.636778047308325768e+00,-1.030782419443130493e+01,-1.272448034667306516e+01,-7.790369361018140815e+00,-3.551705947818441622e+00,-3.431021979060056459e+00,-6.531826732667266100e+00,-1.009005983023800823e+01,-5.780865765053830430e+00,-4.360865017902041174e+00,-5.906130863124013253e+00,-8.595388158483224572e+00,-1.230504144810968015e+01,-1.866783512549267954e+01,-2.268162478340996557e+01,-2.153147122263908386e+01,-1.888776258710358036e+01,-1.836888870514101413e+01,-1.905063524593909463e+01,-1.565464436428414530e+01,-1.384629065129491998e+01,-1.568428345355722620e+01,-1.479452593541807559e+01,-1.624666853414641565e+01,-1.370743174209362891e+01,-4.554936760952437602e+00,-1.409732034253667887e+00,-3.460225118624900009e+00,-4.349543910912568201e+00,-1.418154742040415917e+00,-3.081042401969575018e+00,-9.180718689374366193e+00,-1.524693528231647299e+01,-1.628310924333830556e+01,-1.024422294404616451e+01,-4.953097615724093572e+00,-5.155188643994430997e+00,-1.024331846791836931e+01
-2.401902469661500561e+01,-1.898718951890866080e+01,-8.878849067207839951e+00,-5.945724378443426161e+00,-9.292218815121385589e+00,-9.417459411753547727e+00,-9.881659388956096635e+00,-7.039115958226223491e+00,-1.473434308568863038e+00,-1.346126870761711114e+00,-6.007220359415644140e+00,-1.640262802690267563e+01,-2.191811456614070508e+01,-1.329271021609505077e+01,-5.981607706389493018e+00,-5.570646709264514662e+00,-6.654924868295590379e+00,-4.419243854574030905e+00,-7.798469839617609978e+00,-9.184474114328622818e+00,-6.196518815226024657e+00,-3.716763272519326922e+00,-4.750684709598620437e+00,-1.066060409239596751e+01,-1.141146475738949206e+01,-6.387978085213237733e+00,-2.122040401853963587e+00,4.943979048768799012e-01,7.193305294567835517e-01,-5.408898128789587645e-01,-2.738669345908369301e+00,-4.377134047309583664e+00,-4.886258286339903556e+00,-8.337131058590280475e+00,-1.591208062320947647e+01,-1.909178885486390698e+01,-1.983751709345314396e+01,-2.043415139781104273e+01,-1.246252683218982504e+01,-4.330962465432498298e+00,-2.825702706874936965e+00,-3.793120981491584942e+00,-7.823191620823410020e+00,-1.122808978623814014e+01,-5.002064646532137893e+00,-4.136211130173048645e+00,-7.353870186540815368e+00,-1.312929619765943912e+01,-1.990241281025939557e+01,-2.141720011168056104e+01,-2.062054909434583294e+01,-1.012257716142469022e+01,-4.880893410700890556e+00,-7.510666656100915439e+00,-6.131205311598023400e+00,-4.910384098565878652e+00,-9.771016697257032035e+00,-1.045197800795237164e+01,-1.235387330667840189e+01,-1.871085781355698785e+01,-1.884636701395114144e+01,-2.058448396954271686e+01,-1.957136077516608808e+01,-1.839861046191718685e+01,-1.840109698226054391e+01,-1.991222529609997949e+01,-2.078156659669346240e+01,-1.415327962405151752e+01,-5.805126901974694498e+00,-4.994876333544703506e+00,-7.168936770559715121e+00,-5.606589688241204072e+00,-2.906971700088535115e+00,-1.452667319879765273e+00,-5.494061740141154893e+00,-7.261721620129214294e+00,-6.259774004005723924e+00,-1.043591303223123212e+01,-1.215418797317478372e+01,-1.414427505185206790e+01,-8.711060158908367157e+00,-4.499218389547119834e+00,-2.263172388256773804e+00,-3.005838128759124928e+00,-5.063227733087842353e+00,-7.889508028411203355e+00
-2.149665958020422352e+01,-1.426048866162697415e+01,-8.786007896065711975e+00,-8.305747460573911667e+00,-1.027470109611749649e+01,-9.422724313620063796e+00,-8.022731088101863861e+00,-6.651129983572496407e+00,-5.933677072540780806e+00,-5.392077578373977609e+00,-9.604529548436403275e+00,-1.856741350226932141e+01,-1.864688732143905270e+01,-1.758257398257653037e+01,-1.005166155099868774e+01,-4.916311505173022844e+00,-6.236536410637199879e+00,-8.066228038527899713e+00,-1.000243425327870561e+01,-1.161685996378461461e+01,-7.339416986641784213e+00,-6.989085868932306767e+00,-7.951210157531830802e+00,-1.155450934751166159e+01,-1.374021855245033841e+01,-8.782151931689845981e+00,-9.224993394357928977e+00,-8.991069570248429343e+00,-6.805601861664197116e+00,-8.695475572613455384e+00,-7.354427945800125599e+00,-6.812137378521987863e+00,-4.092620173158745267e+00,-7.153015952709312231e+00,-1.504460792243480682e+01,-9.105570025949013768e+00,-7.801322848730099402e+00,-7.539566407575168938e+00,-5.589258420798513427e+00,-5.893264827924818983e-01,1.162049189878922029e+00,-1.844913185367153652e+00,-1.095116110605886206e+01,-8.917732242287861766e+00,-7.723157538514998421e+00,-1.419551383828123470e+01,-1.720851701084110630e+01,-1.737320120715432736e+01,-2.170396865904331207e+01,-2.222208146088653180e+01,-1.929513810409439856e+01,-8.058403980400827393e+00,-3.584234729797268759e+00,-1.490479818928532874e+00,-8.641709044266513429e-01,-2.628265313270579551e+00,-4.038112939820469371e+00,-5.872142008402281732e+00,-1.229686583702762981e+01,-1.091441120372878260e+01,-8.172649893004241051e+00,-7.668713475972051441e+00,-7.850858550405569680e+00,-1.227554357941779806e+01,-1.074493478962944693e+01,-7.116917053444518082e+00,-6.507846376470600269e+00,-4.785413895417958585e+00,-1.180561916069160056e+00,4.146776130840205687e-01,1.177890468047634309e+00,-1.387704136907713215e+00,-7.114891521008555486e+00,-3.199315620872059451e+00,-1.829320436433236940e+00,-3.645873494498017564e+00,-7.465403757161563902e+00,-1.014317970640129474e+01,-9.277630876128872828e+00,-1.162634676984614757e+01,-9.802645598072558641e+00,-4.360408729433806307e+00,-5.680858450657170877e+00,-1.172909695820676035e+01,-1.729959268454048527e+01,-1.532046672453483005e+01
-2.130031502081288153e+01,-1.673094611035453028e+01,-1.631614774796697986e+01,-1.703289110793007666e+01,-2.012739971445666498e+01,-1.593217944188250357e+01,-9.769284909798038541e+00,-9.646072240753305493e+00,-8.005776547490516037e+00,-9.085933657718770817e+00,-1.072663372216953093e+01,-8.973632165748211875e+00,-1.025075992362366861e+01,-1.559943772686852270e+01,-1.114954462026556392e+01,-5.743408568203449249e+00,-7.249383561623592875e+00,-7.813443016778263583e+00,-9.207573869162136049e+00,-1.226744475215673447e+01,-1.545582766748136905e+01,-1.500326084180010611e+01,-1.483233387188779062e+01,-1.173676433165868183e+01,-1.479716505275832361e+01,-1.288340294112761875e+01,-1.242907096114423560e+01,-1.286529001841942410e+01,-5.954758309862679511e+00,-3.588528197320152380e+00,-3.431358725673312016e+00,-1.786256050264152462e+00,-1.211349492424536267e+00,-5.021513467547265464e+00,-7.176279205961488827e+00,-3.475998480564966187e+00,-3.349861610826337710e+00,-2.308356899166634779e+00,-6.237986673911412261e+00,-8.584252858450376777e+00,-2.739258477825690985e+00,-6.799317878358124290e-01,-1.659191273476494644e+00,-3.680376807848612319e+00,-7.831722600178586013e+00,-1.615245245893796167e+01,-1.995708455310927576e+01,-2.136650839116838085e+01,-2.089695979654788971e+01,-1.992083659436967480e+01,-1.798590533352560428e+01,-1.019620286963052180e+01,-6.057691936277681322e+00,-8.752414378234082193e+00,-4.514648366971717230e+00,-4.665449721454125509e+00,-6.309258856461383402e+00,-4.479234220046135917e+00,-8.415825164152515470e+00,-6.982772978643576600e+00,-5.565169399914641879e+00,-3.699464732694549340e+00,-6.002004033615675471e-01,-1.402719947284721380e+00,-3.895309409003756329e+00,-5.634933139507968924e+00,-4.788626000226940960e+00,-7.961915046048994027e-01,-2.724491121033982832e+00,-5.303388103474087067e+00,-4.987737549727575548e+00,-7.300925580593887076e+00,-7.591763026184505492e+00,-1.137860446381900026e+01,-1.288546917670302960e+01,-8.433141635523902835e+00,-8.660860877898004517e+00,-7.880082189157191053e+00,-3.939012369335008312e+00,-3.774244082018008761e+00,-4.256810329026645690e+00,-8.043741400871011749e+00,-1.564312654609481434e+01,-1.899120231469472131e+01,-2.049630829857455439e+01,-1.828177474439144135e+01
-2.094170067873265850e+01,-2.299160280989276117e+01,-2.392413014007939154e+01,-2.321094036681784445e+01,-2.301610333720843116e+01,-2.150818175408575428e+01,-1.629500002331203845e+01,-5.097423061935438149e+00,-9.232543001649496928e-01,-3.797583351588400546e-01,-1.902150603592518641e+00,-5.369504872192111478e+00,-5.974469395147429474e+00,-9.113825793481534987e+00,-1.028839566682775875e+01,-4.483007492251797288e+00,-3.381819045093531262e+00,-6.098867729720142350e+00,-1.113490703370836066e+01,-1.081214141059252931e+01,-5.377971538239055604e+00,-3.455544214768022204e+00,-3.198079974565795514e+00,-5.538781941350963578e+00,-1.173240277129742815e+01,-1.014351796317431642e+01,-6.754275407228204742e+00,-5.484814297304385633e+00,-4.227963123677505486e+00,-8.543011830912696780e+00,-8.927457494040330843e+00,-5.749320602235254540e+00,-4.135587223523341294e+00,7.285427018513372932e-01,1.224386989801738990e+00,-2.215731098982764102e+00,-5.498294563362530418e+00,-1.661171446844592614e+00,-2.100201920428339086e+00,-7.960569646772152730e+00,-4.324904108031963013e+00,-5.479628575034439564e+00,-6.917721531095190279e+00,-4.090016424035032294e+00,-8.724128552195098862e+00,-1.695740622033675393e+01,-1.231673930916521265e+01,-1.132470396743156016e+01,-8.214970359657147725e+00,-7.340699918910104316e+00,-1.015786010327024513e+01,-1.176913216689394659e+01,-4.568865861802704487e+00,-1.898551379454956001e+00,-3.820812197997131232e+00,-8.008748851302597060e+00,-5.887431329387861290e+00,-3.897038285154849291e+00,-6.535556229840342901e+00,-7.856704868330982805e+00,-1.076317959320214079e+01,-8.134599570031342708e+00,-6.079926835324537260e-01,-4.884899439780888697e-01,-8.924991926618126570e+00,-1.528742434332768063e+01,-8.439347581064794213e+00,-1.596530544163720755e+00,3.965774825143550397e-01,-1.592322990711383834e+00,-2.834642883338448272e+00,-3.956995037892031331e+00,-3.831469354892356627e+00,-7.437587145302030578e+00,-1.484636609752972980e+01,-1.404062619556983371e+01,-4.137685039340188276e+00,-3.432404072672297080e-01,-1.955775111558472723e+00,-6.409115731369537272e+00,-5.463456024364051089e+00,-1.036691043360365683e+01,-1.979993333833085245e+01,-1.946872622188594448e+01,-1.782797189388010395e+01,-1.514534646521011929e+01
-1.502351927343342020e+01,-1.465426484578185651e+01,-1.685439100199275586e+01,-2.097015816138850397e+01,-2.391783209476206196e+01,-2.347471474442217243e+01,-1.556754429969522668e+01,-8.242375570970276399e+00,-4.154706632388600163e+00,-4.092144686242034979e+00,-7.948441527732130751e+00,-1.057931993487808420e+01,-6.306939968011445075e+00,-3.938123546036270906e+00,-4.032678239564928546e+00,-6.058115909289982781e+00,-1.165516870013541606e+01,-1.397610782666338736e+01,-1.406586544505423930e+01,-7.683511150379975341e+00,-6.666924050284756653e+00,-1.118119189774410671e+01,-8.207389220763515070e+00,-4.164596541066809543e+00,-3.614486723822968539e+00,-3.790450160860523887e+00,-6.612189121544361115e+00,-6.226141113270488248e+00,-5.789641126162475615e+00,-1.419569302598635296e+01,-1.118426423602634046e+01,-6.196891202694839507e+00,-2.831394377892138436e+00,1.513512696504322852e+00,2.018399200706982033e-01,-5.615296176330755173e+00,-2.637266912937371366e+00,-4.898954085015550852e+00,-7.258954878485787354e+00,-1.648969440710061463e+00,-2.693405990255996585e+00,-5.630937905050814152e+00,-1.204736550291272579e+00,-6.839105838648215085e-01,-4.690381080778832867e+00,-1.060029276294840628e+01,-6.214201158326533303e+00,-2.564146819847842984e+00,-1.711318985699714856e+00,-1.858097045658319679e+00,-1.766885537671744943e+00,-2.288811213112543097e+00,-2.169549319015560584e+00,-3.550394635864197124e+00,-8.541340961741903826e+00,-1.909156406919161597e+01,-1.715505234607391927e+01,-5.340724706054768234e+00,-1.143695054503849784e+00,-1.862598024657118989e+00,-4.092738226745698427e+00,-1.562466604995279340e+00,4.353055900476950346e-01,-1.153144169450873280e+00,-6.770245534678299926e+00,-1.481361255960332102e+01,-4.119391885511706874e+00,1.230428398037878956e+00,3.620822855510696936e-01,-5.587650162213119387e+00,-6.413547420563797452e+00,-8.672095725116378162e+00,-6.269260049836399951e+00,-3.472294136170401391e+00,-6.772292516816782459e+00,-1.063956438170539087e+01,-5.467477754662265710e+00,-5.539134073385665324e-01,-1.583796804699886707e+00,-2.107276940657660358e+00,-2.360064381196732786e+00,-6.427641225564810767e+00,-1.055080088145203021e+01,-8.687872678869300813e+00,-7.516582786622974410e+00,-9.249785164164173068e+00
-8.924826385246383609e+00,-7.602028072708183259e+00,-1.073099461528989984e+01,-1.935132037599881372e+01,-2.404619451695018384e+01,-2.297432738542556763e+01,-1.993443449172708881e+01,-2.010862606184350199e+01,-1.378080953160921673e+01,-9.256230286426013976e+00,-9.400957718284594478e+00,-7.499642401519748702e+00,-9.525522252130839362e+00,-1.198741411790251732e+01,-1.166131247311002639e+01,-9.574281489683521329e+00,-1.305701926350593567e+01,-8.694848501847850741e+00,-4.457311572377673059e+00,-2.360430256518561087e+00,-3.758209866368108276e+00,-8.193848327309954271e+00,-9.121727757828516303e+00,-7.742188570193118125e+00,-4.687639750880862266e+00,-1.349042478469628936e-01,-1.968585328950009927e+00,-4.189002839613952034e+00,-9.965080946269962325e+00,-1.836098341643810272e+01,-1.330001714411709024e+01,-6.337298300738136270e+00,-4.449527389806462452e+00,-4.403938061829346218e+00,-1.904178087445567824e+00,-1.506588515694046615e+00,-4.581667113092003696e+00,-1.023475582235389325e+01,-1.189676830420891385e+01,-9.128177836951282487e+00,-3.427093648186807062e+00,-1.085073540912061540e+00,1.509726959392638568e+00,3.247709205897990614e-01,-7.423240130016994343e+00,-1.637662459578778851e+01,-9.492764153828224138e+00,-6.389926000808675788e+00,-1.175471976667176932e+01,-1.468039440715478605e+01,-9.172982013163467840e+00,-7.641362207632886872e+00,-8.357867960507670446e+00,-8.583909079846408829e+00,-4.664898441548252173e+00,-6.227918106748903782e+00,-6.171304581505763664e+00,-1.527714007423734754e+00,-7.520221394065124132e-01,-5.477476994067223437e+00,-4.940457194746057823e+00,-3.881864976986738380e+00,-8.698947144956845179e+00,-8.734642996989553154e+00,-4.976354978978633881e+00,-7.195954657984354519e+00,-1.095849635339820605e+00,1.055942659221020374e+00,-2.288466048379228290e+00,-4.903740786307833943e+00,-7.926905684173107147e+00,-1.555578932000531012e+01,-1.145226230141189383e+01,-5.204552001423305541e+00,-2.601527127441335629e+00,-2.716566657817262698e+00,-4.908400322782755509e+00,-1.010528494047523207e+00,-6.900973524546619720e-01,-1.719205793424205542e+00,1.609911897362002742e-02,-4.127670215337275295e+00,-8.153478373773396015e+00,-8.753620719744098722e+00,-1.144210143428709792e+01,-1.066386099490854455e+01
-9.305703315469953552e+00,-6.919330159409178727e+00,-1.056015767736567312e+01,-1.958183767232630146e+01,-2.500128254791100701e+01,-2.383107774621910480e+01,-2.395624026987287891e+01,-2.144077950053744885e+01,-1.839132940520842752e+01,-9.088812651733556791e+00,-6.264553146022889152e+00,-6.866768148003353112e+00,-7.280509871120254495e+00,-6.270517214650074500e+00,-4.766103764719446190e+00,-5.505221868661869244e+00,-1.028330536145302965e+01,-7.206197559212644599e+00,-5.044183062292479924e+00,-6.958683538787429512e+00,-8.119947794310670375e+00,-3.782004050671174511e+00,-1.760942064958928466e+00,-1.712537310072447250e+00,-5.058201798464223575e-01,8.109035619183688759e-01,6.557155800853958771e-02,-4.454171317579392664e+00,-1.471205949617756659e+01,-1.941632512874073413e+01,-1.453965336001581576e+01,-1.623886598398287973e+01,-1.776317443284723652e+01,-1.724881777581241238e+01,-1.436778700351715088e+01,-1.275303736587779468e+01,-1.047399635819925123e+01,-1.530329971263805966e+01,-2.082915975153446198e+01,-1.723788196262385952e+01,-6.235125968698412180e+00,-2.256732791326915954e+00,-2.319101900635157865e+00,-5.889819434792217479e+00,-5.880204129705412619e+00,-5.171199410357480097e+00,-3.357390603947957519e+00,-6.400036136723226576e+00,-1.607377952999538806e+01,-2.132477868762281048e+01,-2.042876576052771753e+01,-2.060873230132791889e+01,-1.614483217729462439e+01,-4.561374240192687779e+00,-5.236644400752589468e-02,-8.252318900561780302e-01,-8.254367274439168511e+00,-6.644704713356784254e+00,-2.607207800674991027e+00,-2.796473375579807907e+00,-7.793174857014997237e+00,-1.390714017177621464e+01,-1.573435907231436914e+01,-1.325994576596551511e+01,-6.204645530631144545e+00,-5.203021289677256078e+00,-5.781620867708018530e+00,-1.702998956696117450e+00,-2.882885553857906569e+00,-5.718964508941604130e+00,-4.440014423078133099e+00,-8.686772009564769803e+00,-1.411590119782421304e+01,-1.054016335018807027e+01,-1.097507765392462353e+01,-4.244207452050937412e+00,6.269137353224828457e-01,-2.618452467993241495e+00,-2.191493686027468968e+00,4.266802609797903378e-01,-2.635213059018294945e+00,-3.061593748202136034e+00,-3.630143142835651204e+00,-7.108112918833891847e+00,-1.342508345759577182e+01,-1.701076544986830896e+01
-7.091468846218453415e+00,-9.052373371604415908e+00,-1.677805033491717523e+01,-2.271761046515570825e+01,-2.496808603405952454e+01,-2.502196638120545202e+01,-2.458853844470447925e+01,-2.294565660258134088e+01,-2.132889281709988794e+01,-1.057281240903668973e+01,-7.666834769149621032e+00,-8.700520754688316316e+00,-3.328664737664641660e+00,-1.236122203538090769e+00,-1.500703781943836246e+00,-4.033260930756417117e+00,-9.858938403013679519e+00,-1.593682302120659067e+01,-1.524145870200461772e+01,-1.776580973962942878e+01,-1.731860356860690686e+01,-1.194569108635187149e+01,-1.179894868512120532e+01,-9.510809056021066965e+00,-1.157260574569873945e+01,-1.049968323764753464e+01,-1.251417412846866561e+01,-8.729762376596530871e+00,-1.023511753914256950e+01,-1.012680806674891087e+01,-9.451074901140398055e+00,-1.386835128979550547e+01,-1.783078351865212241e+01,-2.189298194315698254e+01,-1.921011819607681659e+01,-1.386532137460178760e+01,-9.515006398161252932e+00,-1.076562526242600626e+01,-1.671305376953548816e+01,-1.140998504000405411e+01,-6.016180907479590445e+00,-8.610152346392473177e+00,-1.312818196581469721e+01,-9.035977239410081907e+00,-5.770798881020811066e+00,-1.610132103299696915e+00,-1.167829487587368931e+00,-4.807783987787034974e+00,-1.534297253191471100e+01,-2.322632552517784887e+01,-2.293548868762122339e+01,-2.311474733882480237e+01,-1.775592568102810276e+01,-6.081431910343882308e+00,-7.601012439944396792e-01,2.085803251977469963e-01,-1.924450256999181041e+00,-6.922159660685186289e+00,-4.285762995293932676e+00,-2.451393825229994494e+00,-6.364531878588928215e+00,-9.985166792861289053e+00,-1.098130767378542139e+01,-1.314020201232698248e+01,-8.210689739634593920e+00,-4.151969830091628566e+00,-3.146317748145924575e+00,-3.217288246785756201e+00,-6.234430822517929904e+00,-7.203944788935284116e+00,-3.971791741593430292e+00,-7.205775296936432817e+00,-1.716802318725321186e+01,-1.906186016069518274e+01,-9.369602651645740465e+00,-2.824897848821516622e+00,-4.835528518811366139e-01,1.973510198726823317e+00,2.397445660898585018e+00,-1.128671251025429534e+00,-1.082113074304329103e+01,-1.551239659554428485e+01,-1.405325770088368031e+01,-1.082134517323639677e+01,-1.028813671817382236e+01,-1.545387759308020215e+01
-9.955203958683544130e+00,-1.264230717635816958e+01,-1.961713416046566394e+01,-2.400444495181242743e+01,-2.524647501856088638e+01,-2.424270401481125248e+01,-2.417307894759708020e+01,-2.334704168803162005e+01,-1.730839015709029383e+01,-9.342563144448730483e+00,-6.210821227067047090e+00,-5.308326511617956989e+00,-4.675519519162157245e+00,-8.328895825478765502e+00,-6.282227287482884392e+00,-5.378583527480562232e+00,-1.259244549191660312e+01,-2.247903896868228912e+01,-1.958783369097444904e+01,-1.226147155629264063e+01,-7.389893231913447380e+00,-7.112472218564814597e+00,-7.958209537797504396e+00,-1.033732758172684285e+01,-1.617939900772439188e+01,-2.112990796400440985e+01,-1.437972569713989834e+01,-7.073099893414312334e+00,-4.659607255831360817e+00,-4.887332040609584816e+00,-4.844560510375433893e+00,-7.661192271858453751e+00,-1.671490797897179803e+01,-2.304181853433449945e+01,-1.865511090060075006e+01,-9.732452313519186049e+00,-4.537618569719295003e+00,-2.723253451072701559e+00,-2.682307326893553334e+00,-1.801218171384082023e+00,-2.395581914406041957e+00,-6.252799053572946519e+00,-1.359751399689250562e+01,-7.120319315956698425e+00,-5.758673575085897944e+00,-9.183852158693802892e+00,-4.514920750348311529e+00,-5.734006521395510703e+00,-1.561873296565479663e+01,-2.341308203008439648e+01,-2.328554407258828363e+01,-2.305957919690344227e+01,-1.863600702583789825e+01,-1.379272271030479047e+01,-6.154297331141100891e+00,-6.053409782755705848e+00,-1.013486472677646333e+01,-3.682966469657710906e+00,-1.759306005491655167e+00,-4.732667129283072427e+00,-5.158985711765126325e+00,-3.554034172259788349e+00,-6.133065697840518027e+00,-1.304015709625350183e+01,-1.239493066569169422e+01,-3.825544855764342778e+00,-3.155440779661552675e+00,-7.794058364298608765e+00,-5.604493095798210867e+00,-3.230257246966680817e+00,-2.026687456626354411e+00,-2.025899334783995531e+00,-5.760486208882260151e+00,-8.793533827695581451e+00,-7.134216960312591560e+00,-4.117431956860754028e+00,-6.134637894005411596e+00,-3.734511498485517222e+00,-2.595546011125811070e+00,-3.360619331011548638e+00,-3.190387614545923345e+00,-4.044036686378401413e+00,-4.649965362067127295e+00,-5.046109526107708909e+00,-4.667049276332060792e+00,-7.363234802666637435e+00
-1.824608432915475476e+01,-2.003619477980666730e+01,-2.089258224931027996e+01,-2.263834706776671979e+01,-2.106421647965908051e+01,-2.047457711233032995e+01,-1.929800776723358524e+01,-1.846621290180418384e+01,-1.736701327396763617e+01,-1.496173671301868247e+01,-1.596135444939136505e+01,-1.555685621003309826e+01,-9.387781632443269686e+00,-5.381840664893388748e+00,-5.835056186757153540e+00,-8.544519440167480440e+00,-1.378182780742645264e+01,-2.080617357293764869e+01,-1.971038636896345508e+01,-1.188286445620987131e+01,-5.813150197060571678e+00,-2.900056854563040964e+00,-4.889582546775475436e+00,-1.104959855642583655e+01,-1.891994181192583468e+01,-2.169207460847165692e+01,-1.488566891186767194e+01,-6.969031943422224984e+00,-5.616763068776991830e+00,-8.202681850098693772e+00,-5.729965289019876451e+00,-7.634992176045973800e+00,-1.660625054190556327e+01,-2.229716930290063104e+01,-1.973464378217856208e+01,-1.422985282085008052e+01,-1.162683541307018942e+01,-9.742328008274650841e+00,-7.280739576814489133e+00,-7.853201549807433679e+00,-1.083955639652493907e+01,-1.185764465646611399e+01,-1.272261329657501605e+01,-8.192369915958908067e+00,-5.090002410734693505e+00,-4.287115539268900655e+00,-5.166082595371538133e+00,-1.016645820149117085e+01,-1.593264928791258050e+01,-2.197454100516107189e+01,-2.222525103721353901e+01,-2.118991054760085291e+01,-1.994906800157493976e+01,-1.660491649061441422e+01,-7.535988339947329528e+00,-4.027291215542289748e+00,-6.435937446981875532e+00,-6.808319385176421434e+00,-2.998685896610064905e+00,-4.675074363774102792e+00,-9.255782713492711977e+00,-1.310694760249720758e+01,-1.158139052655961798e+01,-1.100981203797790720e+01,-9.160484902974632249e+00,-5.874163631142841346e+00,-4.679795881474597685e+00,-4.014651048514577880e+00,-7.741824378983841903e+00,-1.192319887628157993e+01,-8.875555680029922456e+00,-3.374914305249047786e+00,-3.446428271165738355e+00,-7.584692538819378882e+00,-1.047882015258073807e+01,-6.707845552307036385e+00,-4.809675842497704856e+00,-5.893921226987408168e+00,-1.288782870355579568e+01,-1.946827397661076731e+01,-1.167584754154086113e+01,-5.698369521725301645e+00,-4.644887854406584360e+00,-7.987532231212956191e+00,-8.654283273395979137e+00,-1.064583609087599569e+01
-2.261596813797950745e+01,-2.447738129728370282e+01,-2.468239286873075855e+01,-2.387847386300563812e+01,-1.741677186886469642e+01,-1.088649505625168423e+01,-8.920373828046852083e+00,-1.145638737537794682e+01,-1.789654369983408344e+01,-2.031781674093670276e+01,-1.660213627417882165e+01,-1.496288456353876306e+01,-7.734059451768795945e+00,-9.062524531036615372e+00,-1.157215246806542019e+01,-9.388906454874408780e+00,-1.181238160034020801e+01,-1.119000824168324471e+01,-1.007371713593602180e+01,-1.159463207713431743e+01,-7.734233017183012038e+00,-1.094709701504972266e+01,-9.206295845823156299e+00,-1.190702165042360683e+01,-1.366218946129083633e+01,-1.360288798229561991e+01,-1.393972064968612479e+01,-8.115245105077823595e+00,-6.134147689160373673e+00,-4.788415207372357152e+00,-4.928521223366260529e+00,-1.187749489065673636e+01,-1.087659405337439722e+01,-1.109192324222789949e+01,-1.393522686345709616e+01,-1.778093390663464746e+01,-1.902158120522896567e+01,-2.010911417173014826e+01,-1.861631131668885430e+01,-1.764783990383148193e+01,-1.916023213830258953e+01,-2.109790035916699225e+01,-1.444067033628622632e+01,-1.348450525187783811e+01,-1.512565904772943881e+01,-1.547473734906978038e+01,-1.449645620460311513e+01,-1.197168217433823401e+01,-1.241327517314089590e+01,-9.636209890867272421e+00,-8.316944881833883585e+00,-8.665952820411702007e+00,-1.014386374937991242e+01,-1.305245142140322301e+01,-8.498118823601139127e+00,-3.882680506962868705e+00,-2.670338613576152209e+00,-2.191363963304967299e+00,-1.783803252133919992e+00,-3.697120264482995022e+00,-9.895942499240240053e+00,-8.139532743332287268e+00,-5.622356713211047463e+00,-7.684687932694537871e+00,-9.837552353739738464e+00,-6.583543954831030831e+00,-7.182898156758811936e+00,-3.678865651008285109e+00,-3.729781198672652565e+00,-5.463453107823927901e+00,-5.049455664224094420e+00,-1.001461973620785528e+01,-1.579301952943205833e+01,-1.500473204255104065e+01,-1.191018993117743108e+01,-9.226320179800191923e+00,-1.100717614720472071e+01,-7.644929913596974380e+00,-9.547967066367467837e+00,-1.521728130512767407e+01,-1.519942452179061121e+01,-1.453325588670041846e+01,-1.298943388048145486e+01,-1.456167637474007037e+01,-1.900586470464865485e+01,-1.911477899882528675e+01
-2.388290421830283350e+01,-2.499732508593135449e+01,-2.504414599471622083e+01,-2.352496171328756702e+01,-1.717398065742519009e+01,-1.284099287374151999e+01,-8.947722868786918582e+00,-5.306239222176373005e+00,-6.367797310619304874e+00,-8.885884378105401993e+00,-1.407200404587719156e+01,-1.011457311941517645e+01,-5.637136525577968627e+00,-4.880267261423998804e+00,-6.420274918691979416e+00,-1.098950628853506473e+01,-1.382576771991120523e+01,-7.456641400439871781e+00,-4.741093017245778363e+00,-3.949074551411387191e+00,-5.388247901573777199e+00,-9.374517613814937533e+00,-9.036664615488714247e+00,-3.008788860884831440e+00,-2.270779430822181588e+00,-5.850667752509859376e+00,-8.116045790895846324e+00,-5.983042899312244423e+00,-1.023624699728356546e+01,-9.585410101132261218e+00,-5.236582233053114876e+00,-4.836953038867148891e+00,-5.753800534332792260e+00,-6.486799271570311554e+00,-1.181360194542341802e+01,-1.248596638937791248e+01,-7.467024538045127890e+00,-6.670996448076847329e+00,-7.675305462338858575e+00,-1.095904392666286853e+01,-1.486759862469302362e+01,-1.630492714130216214e+01,-1.354171795956790447e+01,-7.215717742995669148e+00,-5.343881658147438429e+00,-5.766051248346532709e+00,-7.871901977703803510e+00,-1.344294635330637355e+01,-1.096813779241508868e+01,-4.514668431236511736e+00,-2.576354191379828684e+00,-2.242832308900890137e+00,-2.468581691095702357e+00,-6.027538369823661313e+00,-7.749269448531170390e+00,-1.178074861566225628e+01,-1.547293675194183926e+01,-1.512244987363616566e+01,-1.394677512389090346e+01,-6.192268478166726098e+00,-3.479474984575062990e+00,-3.416070840906791695e+00,-3.759885610244787735e+00,-1.731791694887861999e+00,-1.250279355899288625e+00,-3.626592542108280970e+00,-6.870087295563684471e+00,-2.209585269208926395e+00,-2.890421839290259864e+00,-4.787142475885856285e+00,-8.742092494128478108e+00,-1.545283282548189163e+01,-1.990435524119271093e+01,-1.898831899132993328e+01,-1.335052792810731503e+01,-7.227190399749411576e+00,-4.155207601634578474e+00,-3.639969989683272011e+00,-6.365603809141450853e+00,-9.777218788034385710e+00,-7.886946696374151244e+00,-6.403897198175804384e+00,-6.802185974808202751e+00,-1.107278885733750151e+01,-1.479935790763961023e+01,-1.614822252839803696e+01
-1.967333198752668011e+01,-1.969859211891889572e+01,-2.099311554100778210e+01,-2.244401651952001941e+01,-2.069329607321156317e+01,-2.080572481618987268e+01,-1.330935956786076169e+01,-6.699995838416119120e+00,-4.887697163555356994e+00,-6.577931608797775276e+00,-1.075177219675646967e+01,-8.084040289123853640e+00,-6.054025951359006896e+00,-9.321077605709433556e+00,-6.077429330054049395e+00,-7.204591923270426079e+00,-9.896675269471920444e+00,-5.012336481325393223e+00,-7.565915962603564360e+00,-7.341315832816892595e+00,-6.178200595287813179e+00,-1.186882955415381247e+01,-9.415687089165052370e+00,-2.079445848230534466e+00,1.649161113568374804e-01,-1.114442856334790122e+00,-4.288112406683770139e+00,-5.075545220946271918e+00,-8.587333456923564867e+00,-1.169359010706345181e+01,-6.270137632886569001e+00,-7.441558040264579788e+00,-8.578675975609156623e+00,-5.793819764215085044e+00,-9.357511264996396960e+00,-9.632721345871686935e+00,-5.491023370375235579e+00,-5.064410004661315412e+00,-4.202885724112598531e+00,-6.717721455523537166e+00,-1.054683328937325193e+01,-5.424666799190971389e+00,-1.980679738792888278e+00,-4.164998577372089894e-01,-2.794438244157694040e+00,-6.425246552797034383e+00,-6.274408048639695146e+00,-9.555126135547956423e+00,-1.354145626144276804e+01,-1.210952744301822470e+01,-1.265146253092421347e+01,-1.191563536640670584e+01,-3.916183851694869489e+00,-9.190711093461787495e-01,-4.583681369303828745e+00,-1.517451831036143872e+01,-2.015060523814625171e+01,-2.107820972137981030e+01,-1.714750824951463315e+01,-1.238672420051362799e+01,-1.083865611958834840e+01,-1.297784687371717638e+01,-1.355205678484506038e+01,-6.405209663721810109e+00,3.081207686668171464e-01,1.116876816026180830e+00,-2.043403119070313245e+00,-7.592024937323811784e+00,-8.160569579754438863e+00,-9.951456727764000476e+00,-7.481772101432499156e+00,-1.203204364826281925e+01,-1.307947185883919339e+01,-1.643543600208229449e+01,-1.773967191659741971e+01,-1.009010131657123566e+01,-7.622554599410957366e+00,-1.057689133245084001e+01,-6.404419932100507751e+00,-7.603313184406336411e+00,-5.360205535466472604e+00,-3.730106924379571254e+00,-4.184681599351784520e+00,-6.754713950264784827e+00,-1.376072342197100262e+01,-1.598819349954525570e+01
-1.056095435553126904e+01,-1.275395535843239969e+01,-1.776030586163203040e+01,-2.279830349153942493e+01,-2.493978519737720490e+01,-2.090673886239528656e+01,-1.685497431457042694e+01,-1.710085058874554065e+01,-1.720484730932447803e+01,-1.655251992990573129e+01,-1.513807068102889630e+01,-1.092811383969253924e+01,-7.330296514555811882e+00,-5.671129333527965777e+00,-3.625777953052117031e+00,3.063566149042647527e-02,1.286128809862323807e+00,-3.461288213527748403e-01,-3.306746341097297925e+00,-3.216686930533291466e+00,-7.588677638417316906e+00,-1.606661748886108398e+01,-8.849296130239963531e+00,-7.170439170052607558e+00,-8.842852203974164382e+00,-7.112100188516908617e+00,-1.135762799945142554e+01,-1.346792046063476178e+01,-1.584978290316131400e+01,-1.483570306085877988e+01,-9.538975965231657028e+00,-6.457271141931414604e+00,-6.193915609373814135e+00,-8.432372785690757766e+00,-1.244633095214764218e+01,-1.451263432039154821e+01,-1.502315987812148279e+01,-1.425740545408593363e+01,-8.707556978282001481e+00,-2.895135387920567460e+00,-2.835809606706283681e+00,-8.215678362402185186e+00,-1.751327156681832697e+00,-7.518309532857124777e-01,-7.338737984856884999e+00,-1.673311228719022381e+01,-1.170837409918506999e+01,-1.060514096419016461e+01,-1.898011872006787115e+01,-1.987424043731557077e+01,-1.912174226674768818e+01,-8.988254893985059724e+00,-2.202511588408217147e+00,-1.354019167111901956e+00,-5.006998754830823906e+00,-1.580925270749462896e+01,-2.233508864872985455e+01,-2.210142882830566791e+01,-2.182928710182507714e+01,-2.250948651962810132e+01,-1.743293492827150715e+01,-7.318444036361244187e+00,-2.699824533834342066e+00,-1.503806551493148014e+00,-5.504387937079122217e+00,-6.581031459368710479e+00,-2.778946757083758712e+00,-4.856286952770056509e+00,-3.928672002007564057e+00,-2.030995709257291004e+00,-1.342952138692554476e+00,-1.438338720283758754e+00,-4.712835920420022973e+00,-1.182313927573462387e+01,-1.843542078220182034e+01,-1.173330895292262177e+01,-5.199978273982803323e+00,-4.239794277298238434e+00,-4.937226917956852645e+00,-1.809667065986003687e+00,-1.553717706448272340e+00,-6.494031723795665734e+00,-1.051683542256554027e+01,-9.852712211509546236e+00,-1.278521884563896371e+01,-1.602175491882695013e+01
-1.716532734781503677e+01,-1.617930906265974045e+01,-1.973476830124855042e+01,-2.413130645785066974e+01,-2.483689754207928857e+01,-2.290583537353409582e+01,-2.303434568478001410e+01,-2.321607469353411091e+01,-2.437280096775955585e+01,-2.278196355038219068e+01,-2.039419773386584467e+01,-1.854539748115671927e+01,-1.824358707707789051e+01,-2.078080875509315106e+01,-1.282392601834403223e+01,-3.992484524837992765e+00,-2.067864140458874012e+00,-4.517958122947472788e+00,-8.794086275829208432e+00,-5.001695129706705600e+00,-1.563152767383144237e+00,-1.399730751596507616e+00,-1.036667418125742035e+00,-2.680934565659198299e+00,-4.069966880087223515e+00,-5.496401970378226309e+00,-9.888692239920297666e+00,-2.047445390621821204e+01,-2.289120729598734272e+01,-1.972347321940792853e+01,-1.865739618821276480e+01,-2.028701142304473493e+01,-2.094395807468228909e+01,-1.891438554144567874e+01,-2.029441833164956677e+01,-2.206737982564502332e+01,-2.263777452210585395e+01,-1.515952782912386709e+01,-9.998299510528644518e+00,-8.432405550446775422e+00,-7.869218144488210775e+00,-2.671722120379046217e+00,-3.235686395378757574e+00,-3.520862439658634990e+00,-7.293869734478195532e-01,-2.272351236990491241e+00,-4.881389582943585381e+00,-1.290378127743800540e+01,-1.685340916199816519e+01,-1.828601705282926559e+01,-1.687620605859491718e+01,-7.896497282716962829e+00,-9.036228158821662859e+00,-7.212717332385687463e+00,-8.249871990953883127e+00,-1.551494720412625128e+01,-2.296277741259998706e+01,-2.206616242064369970e+01,-2.140262950791252905e+01,-2.263606053094069281e+01,-1.733524794131517410e+01,-5.668225805171662302e+00,-2.015077419520821422e+00,-2.529657181477874772e+00,-7.272487309036983483e+00,-1.336747253003219704e+01,-5.782584502154754169e+00,-4.128017112147063017e+00,-9.335052421419984370e+00,-1.248080123919579698e+01,-1.262157552958362672e+01,-8.531137607112112775e+00,-2.213683078742986865e+00,-7.055624080239795148e-01,-1.349267044407598481e+00,-1.655200390963323720e+00,-6.363730309957948528e+00,-8.643923352575964003e+00,-6.982251997131647236e+00,-4.058525237694589727e+00,-1.526065489718651635e+00,-4.394818811017709770e+00,-1.315046337288286971e+01,-1.788734813282887259e+01,-1.656602357493506616e+01,-1.440737768759330173e+01
-2.383400552140341944e+01,-2.399240939650270832e+01,-2.437348450223604956e+01,-2.486355256785948953e+01,-2.491941491100523365e+01,-2.110578387313418958e+01,-1.613249273763762659e+01,-1.557757909761534876e+01,-1.620427039969298733e+01,-1.556287547200918198e+01,-1.541946983089049716e+01,-1.600678119477298367e+01,-1.432912855098644833e+01,-1.501049798727035522e+01,-9.393760636034938827e+00,-5.064564137538480892e+00,-8.402269434183835983e+00,-5.360392770936919682e+00,-4.091960206019899182e+00,-5.076656844439235705e+00,-4.848279508397455029e-01,-1.557745956459257286e+00,-6.413804225339037046e+00,-1.240987608964658406e+01,-1.179840276390314102e+01,-1.142528293571538356e+01,-1.473029095182816128e+01,-2.116274662978119281e+01,-2.340024681554900354e+01,-2.305485171493556606e+01,-2.375388744225104531e+01,-2.334703989658090961e+01,-2.393846425414085388e+01,-2.413885433806313330e+01,-1.997886725432342914e+01,-1.525111579315530008e+01,-1.538119064850939566e+01,-1.338605126159058756e+01,-1.234245104301306917e+01,-1.652771169775062177e+01,-1.420165169363220592e+01,-5.335962162249618501e+00,-2.312962997821967903e+00,-1.056456391448995724e+00,1.702289268629910035e+00,5.875765076270909049e-01,-6.867594237542814284e+00,-2.068042172160413372e+01,-1.603050718870427716e+01,-7.764059152661098473e+00,-4.139468149704447875e+00,-5.056937108812336490e+00,-1.006437993256582075e+01,-8.712321684592300386e+00,-7.455262545030564070e+00,-1.109038755975456780e+01,-1.264492172778894563e+01,-1.296948271989822388e+01,-1.671941527475913247e+01,-1.655093947384092701e+01,-1.460784332164459798e+01,-5.550389218558040128e+00,-3.007616221594313632e+00,-6.712666422594338655e+00,-4.697864194943879745e+00,-1.693609917090119099e+00,-2.825037699637808597e+00,-6.050658755521807208e+00,-1.004634557043512721e+01,-7.621087233018544183e+00,-3.919602430181031494e+00,-2.785696097201758370e+00,-5.989319317434112833e+00,-3.067280371773449588e+00,9.970075570438186041e-01,-4.822459209374048705e-01,-3.170161816173478808e+00,-3.707387704816129670e+00,-3.907873975863266125e+00,-6.674870472802366450e+00,-9.557327559838691755e+00,-6.385477657533353835e+00,-9.824471383872959152e+00,-1.362757861200306131e+01,-1.047342533866564374e+01,-1.105384482029411508e+01
-2.433182253274652851e+01,-2.409455756015247729e+01,-2.391688349843025208e+01,-2.516511073046260449e+01,-2.548702878587775800e+01,-1.823925892098082358e+01,-1.012251918266216855e+01,-5.411299211697445877e+00,-4.327139762023256786e+00,-6.532623960326115586e+00,-1.062995579135086821e+01,-9.630054779764678941e+00,-5.649807115809784896e+00,-4.007923157678709991e+00,-2.240992169781950150e+00,-1.149014832307696299e+00,-2.390871832937894848e+00,-6.968161197017050057e+00,-3.524709176265686139e+00,-3.628952171845109542e-01,-4.683631783988352559e+00,-1.432034503502978140e+01,-1.555670869102080722e+01,-1.828824793547391891e+01,-1.937372955348756420e+01,-2.026042700476116565e+01,-2.033212257590558636e+01,-2.053320236007372657e+01,-2.039064964817629999e+01,-2.025435625347826374e+01,-2.361214661929342640e+01,-2.365292628771728900e+01,-2.408292182286580285e+01,-2.383522412843174365e+01,-1.909922345976034919e+01,-9.787307720217439666e+00,-5.007862418062156706e+00,-3.397811360346774112e+00,-5.215481790920926564e+00,-1.086245573477612680e+01,-1.265571217487255673e+01,-6.609951191892226241e+00,-6.503964919176521420e+00,-6.329749787412260353e+00,-1.092760620945935290e+00,-2.630340455835216140e+00,-1.087554307944244769e+01,-1.362712437452541536e+01,-1.243437980032629397e+01,-9.093625803167620703e+00,-1.322630404543209126e+00,7.014253267536534331e-01,-1.888339249725201396e+00,-1.762687968646319936e+00,-9.907037240825755653e-01,-2.084915294216544979e+00,-1.872234883514465764e+00,-2.403740260064296308e+00,-6.499402151009740614e+00,-1.156096353381872177e+01,-5.394592495764502615e+00,-3.589105218752390858e+00,-7.139841905510467157e+00,-3.785465158004727826e+00,-3.261795077073555760e+00,-4.322280773629447737e+00,-6.221563374209734931e+00,-1.057245582155883312e+01,-1.052819250772396664e+01,-4.989895864092330768e+00,-1.819048064369578888e-01,8.655991717074963399e-01,-4.655922158554959278e-01,-4.280767670861678198e+00,-7.727926579669858853e+00,-8.500766533530420332e+00,-1.422166536334488107e+01,-1.386759489153822322e+01,-1.400900376463929753e+01,-1.537244374553362469e+01,-8.597651876509189606e+00,-3.800223595996309545e+00,-2.843197206507385388e+00,-4.963150814198241889e+00,-4.291849501741428874e+00,-8.084435492340061202e+00
-1.444961236334509280e+01,-1.668738981915844732e+01,-2.334191267192363739e+01,-2.419102435641818616e+01,-2.198129390180110931e+01,-1.558439255836937143e+01,-1.112564931478765295e+01,-1.076182450002266222e+01,-8.869545041273037000e+00,-8.219778292295005784e+00,-1.291364900022745132e+01,-7.140814944066935510e+00,-5.105910274924503334e+00,-9.219392006595930056e+00,-7.139794902255137465e+00,-1.045216307866697569e+01,-9.776874604945382075e+00,-6.263995554091201790e+00,-1.942891102310063012e+00,-5.912420818438275383e-01,-3.340365762342925038e+00,-1.145226090732547952e+01,-1.612037745945983502e+01,-1.894645026243395236e+01,-1.508306479454040527e+01,-9.129765190598037705e+00,-7.630464356599582665e+00,-7.724814602277344733e+00,-1.009792496802078432e+01,-1.697390060954623792e+01,-2.402803872525691986e+01,-2.371173761785030365e+01,-2.401775302158461756e+01,-2.399673698676956946e+01,-1.990017117559909821e+01,-1.136665413114759637e+01,-8.621126004184285208e+00,-9.831480835460954637e+00,-7.941587599201334946e+00,-9.015168888701332151e+00,-1.495060701999399377e+01,-1.318987266388204382e+01,-1.032350698610146900e+01,-1.064738326850864603e+01,-8.537179299112823472e+00,-4.406174976016497880e+00,-3.252193786100380901e+00,-3.314752631458557364e+00,-3.516502423962164059e+00,-4.376555606684026323e+00,-6.438014640149453349e+00,-1.870066018505288641e+00,-3.677908183211305720e-02,-6.216481459126549147e+00,-6.541336745528194108e+00,-6.921120505986942284e+00,-5.246955533201496102e+00,-1.561757387625726246e+00,-1.258805529925767663e+00,-1.941117448440410120e+00,-3.136132358258085784e+00,-5.715808615243683555e+00,-3.601236770683802657e+00,-1.402012084455135588e+00,-2.716060945332174015e+00,-5.630058058576348223e+00,-4.288132957700225845e+00,-2.916621820225069772e+00,-4.617836306440747052e+00,-5.074735318414038687e+00,-4.545495002608125112e+00,-7.196200085933217139e+00,-4.542513780063018203e+00,-5.278985009043632992e+00,-1.270611444281207270e+01,-1.492735148883528140e+01,-1.533286817206276709e+01,-2.123305951803922653e+01,-2.193314848840236664e+01,-1.732693171418375400e+01,-1.055003743328981969e+01,-7.509629256816373832e+00,-4.383218899915744871e+00,-2.232822575810132548e+00,-3.282011353514260765e+00,-8.292410840564924612e+00
-8.509452265997728304e+00,-1.590861657013495822e+01,-2.065505724979771429e+01,-1.583209177851676941e+01,-1.264160625471009070e+01,-1.458890433692269895e+01,-1.219648454586664776e+01,-1.031765466638737294e+01,-8.507046207371685043e+00,-1.129160346090793610e+01,-8.358540658114684163e+00,-3.997608645094765656e+00,-4.488649327514900200e+00,-5.737088967528608308e+00,-6.704576533701684937e+00,-1.002455047062701610e+01,-1.243869534134864807e+01,-1.426210613797108273e+01,-5.665198842167026072e+00,4.554316225059867329e-01,-1.110782683542412164e+00,-8.511301195863374858e+00,-8.108798448410299287e+00,-1.052253695991304205e+01,-1.220009221136569977e+01,-6.222404181750284202e+00,-3.540090586679677020e+00,-4.118088798390494354e+00,-8.130333925286928221e+00,-1.436947073456313895e+01,-1.538691513737042804e+01,-1.638138441741466522e+01,-1.693611655963791662e+01,-1.601409234520461666e+01,-1.625808718717760470e+01,-2.103540218207571399e+01,-2.050329544312424090e+01,-1.825572402609719092e+01,-8.935238059610128403e+00,-4.729879595132337577e+00,-4.938808817882090807e+00,-7.583793107627166741e+00,-1.374310637265443802e+01,-1.511579574975702478e+01,-1.345966251401437574e+01,-1.214191356591052440e+01,-6.604765168494648009e+00,-7.343089623905446395e+00,-4.558220088241796475e+00,-4.315919769576087028e-01,-1.333640860280815410e+00,-2.759957526273663309e+00,-6.358251931404487856e+00,-6.403088483752475746e+00,-5.310513783867160775e+00,-7.091241872765952081e+00,-6.479567832727399335e+00,-8.788215320971277222e+00,-9.967200428247451782e+00,-7.623404236199955442e+00,-1.210975304287340926e+01,-1.133728537439472106e+01,-3.710391854414612833e+00,9.257065844932286236e-01,1.062243477038767425e+00,-1.683698224121245479e+00,-7.265483601225747101e+00,-2.766712050334414474e+00,-1.702231259893677739e+00,-5.334870163467712700e+00,-3.619820823021453027e+00,-3.123964031429042887e+00,-1.026083116845920129e+00,3.490960296131662144e-01,-1.809824793510415475e+00,-7.149863331475192041e+00,-1.501921383622619821e+01,-2.091652428110440454e+01,-2.363774424129062268e+01,-2.079357828365431970e+01,-2.092837408681710443e+01,-2.059017502599292371e+01,-1.835546984192397701e+01,-1.460683642617530253e+01,-1.362299568661385152e+01,-1.562182302524646182e+01
-1.168129998279942328e+01,-1.600639671418402088e+01,-1.111228818860318945e+01,-9.487959514889451995e+00,-1.192099815772639460e+01,-1.197880931033028418e+01,-7.346707164413398772e+00,-4.673679361326827042e+00,-3.808142167826493729e+00,-3.796425477498107437e+00,-5.415011609594027497e+00,-1.003662388026714325e+01,-1.410777810629871176e+01,-1.621407468534178165e+01,-1.554390435003572080e+01,-1.533782080064217190e+01,-1.501908458769321442e+01,-9.754453084121147199e+00,-5.098215490589306675e+00,-2.288543259027695509e+00,1.206956652639039174e+00,1.161713243711144816e+00,-3.030550458350464549e+00,-1.300746003828114894e+01,-1.819233563707934564e+01,-1.377166441745228198e+01,-1.551244713117679019e+01,-1.518670898013644788e+01,-1.467459031939506531e+01,-1.435366175903214270e+01,-9.481999082697761594e+00,-5.229330538461606004e+00,-4.845731293782591820e+00,-7.630880394743548401e+00,-1.456200666228930096e+01,-2.253920591870943824e+01,-2.286817043854130560e+01,-2.195642313857873162e+01,-8.238460412662890420e+00,-1.521636301385721479e+00,-1.146599843181320466e+00,-6.442462196780575745e+00,-1.286024961455000692e+01,-7.355374781207905777e+00,-5.367928923418124221e+00,-4.092954908171021700e+00,-8.492277243848447288e-01,8.793831381529647606e-01,6.974807213482057955e-02,-4.498899022853442453e+00,-9.453670276859257982e+00,-1.077053990960121155e+01,-1.280043653978241736e+01,-1.027363216131925583e+01,-5.184860174440675706e+00,-5.429509058180782333e+00,-5.792370033553904562e+00,-5.730196823055545785e+00,-1.062038167731629557e+01,-1.102015195662776570e+01,-4.529657747787293687e+00,-1.748021528195143448e+00,-2.426936403106083162e+00,-1.089100982177963850e+01,-1.273766212662061115e+01,-1.046415623251555616e+01,-9.860383289555707975e+00,-8.439636247956919135e+00,-8.072365726124392182e+00,-3.878440748166111618e+00,-3.631913960180503942e+00,-6.120913457953268022e+00,-3.791082472090137045e+00,5.324107022247012155e-01,-1.774359794903122900e+00,-1.246547278430726813e+01,-1.505299955358107944e+01,-2.157354303697745124e+01,-2.458960823218027869e+01,-2.344604696167839819e+01,-2.417137833601898578e+01,-2.369997500545448688e+01,-2.150911835829417029e+01,-2.139396827750735852e+01,-1.942105769448810193e+01,-1.901910771926243982e+01
-1.485068837222125815e+01,-1.149893998354673386e+01,-1.083127146214246750e+01,-1.519518598831362155e+01,-1.881566754645771411e+01,-1.589568509492609216e+01,-1.602135623494784156e+01,-1.856317887786362064e+01,-1.811917320224974048e+01,-1.623083253701527795e+01,-1.346432829317119406e+01,-1.160193705393208319e+01,-7.601847418480449647e+00,-7.560986719404657386e+00,-1.065981385732690434e+01,-1.587414857248465161e+01,-1.788019787271817407e+01,-1.664573922587765509e+01,-1.567103456209103207e+01,-1.193648477602336122e+01,-3.623671600742252696e+00,-2.130771336489285961e+00,-3.091104113631925276e+00,-9.876303365661037503e+00,-1.891391319533189019e+01,-1.812344266474246979e+01,-1.718490874767303467e+01,-2.033687136736180889e+01,-2.379289991491370770e+01,-1.849522097160418710e+01,-1.117574702161881639e+01,-8.643634142561090528e+00,-7.945176900674899123e+00,-1.015392860563265032e+01,-1.530034857160515216e+01,-1.895789952824513236e+01,-2.028715053035153204e+01,-1.857686527735657123e+01,-9.416798417352968187e+00,-2.258943428660535879e+00,-1.549477658809337299e+00,-6.730978458291954070e+00,-1.320379933632082370e+01,-5.847990687108701735e+00,-5.768788682917754151e+00,-6.655538799448145859e+00,8.479141398305122257e-01,2.705299558868217602e+00,-8.892015165878951466e-01,-7.466003698587883264e+00,-5.397514741919520631e+00,-7.106913006967968016e+00,-1.061102648824453354e+01,-1.207249223854806708e+01,-8.734393473714590073e+00,-6.526610765399204261e+00,-6.522511377723680503e+00,-9.693818686736953794e+00,-1.467816726863384247e+01,-6.336702217192699216e+00,-4.708174279566164078e-01,-1.735346630390874056e-01,-4.171424161135089292e+00,-1.327431633406215283e+01,-1.608391631932722277e+01,-1.637098108128541085e+01,-1.240439238670902888e+01,-8.344280259041019221e+00,-6.197136775251743224e+00,-5.233082670045809515e+00,-9.879252523183822632e+00,-1.105611348503993696e+01,-2.707664255068973791e+00,1.035131500761457962e-01,-1.788360622583746284e+00,-8.657213555855882703e+00,-1.643104911595582962e+01,-2.201479927202065667e+01,-2.398514383369021985e+01,-2.296141711539692309e+01,-2.422728094955285272e+01,-2.371850064065721142e+01,-2.041831343041526026e+01,-1.381668270544873423e+01,-1.084875235540999228e+01,-1.171930450697739978e+01
-2.463194555044174194e+01,-1.564856784873538587e+01,-1.140845685948928256e+01,-1.255437638610601425e+01,-1.424095157533884048e+01,-1.899063273270924768e+01,-2.340544916358258831e+01,-2.399996444251802075e+01,-2.493256711297565076e+01,-2.348441523810227594e+01,-1.822612473699781788e+01,-6.933757179727156661e+00,-1.621348549431988584e+00,-1.315074014991195250e+00,-5.935084953697191246e+00,-1.688162936021884164e+01,-1.945914235711097717e+01,-1.045360673260357665e+01,-5.335826604394242167e+00,-2.582311167511054162e+00,-5.350532038913418553e+00,-1.566653457449542231e+01,-9.625831750945913257e+00,-3.677337044332590565e+00,-3.175067853674085505e+00,-4.665627137033475869e+00,-9.097688969949054183e+00,-1.464923542075687024e+01,-1.616396893395317846e+01,-1.749195637222793209e+01,-1.626091261704762658e+01,-1.539229167169994739e+01,-1.501021341979503632e+01,-1.268273181385464099e+01,-1.662713975210984430e+01,-1.596378563096125980e+01,-9.288425775451791822e+00,-1.059381931549352096e+01,-7.220556266191932693e+00,-6.073094231956121192e+00,-4.155432915910044045e+00,-6.568984853750508890e+00,-9.892069332922497793e+00,-4.467470386789904602e+00,-4.222722259971003034e+00,-6.621941434788620739e+00,-6.880312561227280632e+00,-5.499882880126177653e+00,-3.427238955657230690e+00,-2.287333247230789013e+00,-5.211044427583045646e+00,-4.176015168531900912e+00,-6.101579781621694565e+00,-1.251652693086200330e+01,-1.278361115687423322e+01,-1.435826951265335083e+01,-1.429390670359134674e+01,-1.362105396721098138e+01,-1.293963772637976462e+01,-4.905473717695309155e+00,-2.344061710096335904e+00,-3.290362854179369911e+00,-8.698857516671219869e+00,-4.500585209199925885e+00,-1.235982898501485350e+00,-4.394480172410719088e-01,-1.428437449168187545e-01,8.205751155825661280e-01,8.408899055361366282e-01,-2.165714167211262975e+00,-1.060031472436255839e+01,-1.418741069071822736e+01,-1.005598042656978031e+01,-8.877256981614563003e+00,-8.535100905793822079e+00,-9.267159125871128111e+00,-1.675488885492086411e+01,-1.434312289290958020e+01,-1.523265546146366312e+01,-1.625775554776191711e+01,-2.292450620234012604e+01,-2.399979021814134228e+01,-2.073072778019640339e+01,-1.372311434729231649e+01,-1.089805451449420737e+01,-1.212015581462118341e+01
-2.214018500513500598e+01,-1.560493317908710864e+01,-1.190733293775055124e+01,-1.157066635207997507e+01,-1.400370459092987829e+01,-1.864282839662498859e+01,-1.456284582614898682e+01,-1.325554444723659131e+01,-1.330484841101699445e+01,-1.288292807671758844e+01,-1.309507188697656055e+01,-9.016262774252229661e+00,-4.662756009538295388e+00,-5.163364333996367961e+00,-8.078099335647291213e+00,-1.497317127635081668e+01,-2.072517366624540713e+01,-1.001997675332758142e+01,-2.463416902339202963e+00,-2.631488658207167264e-01,-2.074475144543814320e+00,-7.759061918076541886e+00,-5.704168513417243958e+00,-7.051253182399603858e+00,-9.222139067844384641e+00,-5.162773647707783908e+00,-2.813880327759155531e+00,-3.532806107478487778e+00,-7.798996790596801176e+00,-1.565908495336771011e+01,-1.364150701090693474e+01,-6.451796943916836113e+00,-2.638095001639966242e+00,-3.880764467206770707e+00,-9.459198064481219248e+00,-1.418328355004390140e+01,-4.592230891162115469e+00,3.993393521135051860e-01,-2.254416319257062373e-01,-4.141822078621619774e+00,-4.034048585363456674e+00,-3.787196818894396078e+00,-1.922695588204078376e+00,-3.756070377098189361e+00,-1.100131680526667211e+01,-1.824936820732222742e+01,-1.747938380224837118e+01,-1.736769559648301708e+01,-1.173527756912840658e+01,-6.715249556634161010e+00,-5.747820294391001283e+00,-3.731844813341417044e+00,-4.531759389986594222e+00,-1.045731321556700522e+01,-8.236482402930656477e+00,-4.208038845927351446e+00,-3.935817644000053406e+00,-7.704400112645493515e+00,-1.403223904387818521e+01,-1.453721184449063486e+01,-1.355574324892626947e+01,-1.573227881929940608e+01,-7.901236652500099211e+00,-1.490434703865149535e+00,-5.757200485164098991e-01,-4.704231191173473547e+00,-1.302513873719726689e+01,-1.125875546930668314e+01,-7.304162392826078154e+00,-6.367932151595596224e+00,-1.066399888197580914e+01,-1.774481142229504016e+01,-2.055321157640880969e+01,-2.200928378270732111e+01,-2.124665639632278058e+01,-1.084685015305876732e+01,-4.801986638708815924e+00,-3.554293591639078542e+00,-4.835600373044144362e+00,-1.055646269106202695e+01,-1.988859797517458716e+01,-2.167621699306700123e+01,-2.061112338138951117e+01,-1.709440051515896997e+01,-1.928775285515520466e+01,-2.151045874257882318e+01
-2.152670891748534387e+01,-2.298420559035407251e+01,-2.403307088216145715e+01,-2.385127560628784948e+01,-2.232382630308469018e+01,-1.723997625129090494e+01,-1.009555394492215541e+01,-5.221502535872989625e+00,-4.054806757097442649e+00,-6.271516491141584382e+00,-1.033619913541608426e+01,-1.206012175646093176e+01,-1.633428273846705636e+01,-1.551814493288596530e+01,-1.561062496196892546e+01,-1.316043480320109182e+01,-1.689159027321471029e+01,-9.329462734361490206e+00,-7.932613218824069001e+00,-8.063390925333806081e+00,-5.408685285805000298e+00,-8.917304932967656583e+00,-5.020772667187783256e+00,-3.030419805062896099e+00,-4.418805086545439131e+00,-7.974529650786684520e+00,-4.608100585329036214e+00,-3.182020653429059043e-01,-7.136854955040488058e-01,-3.139304339388521381e+00,-3.579590488910778578e+00,-3.020709572075348959e+00,-1.252394303592508473e+00,-7.927720224324730225e-01,-2.556431967399678040e+00,-4.697511921843720906e+00,-7.261064016463933513e+00,-3.856973073789857764e+00,1.811631248682563866e+00,2.028933519799061891e+00,-3.676253685449612174e+00,-7.349400126478737860e+00,-7.006124517880380154e+00,-6.115916443988680840e+00,-1.267596414602465060e+01,-1.749062898589505011e+01,-1.270627571062909311e+01,-1.096477740630507469e+01,-1.254590407696863075e+01,-4.790744053510327838e+00,-5.514019205131464929e+00,-7.242286246166461439e+00,-3.715701035534342278e+00,-7.656849117302853003e+00,-6.977410552712778546e+00,-4.010810230030781298e+00,-6.228381459704703360e+00,-9.198806795809003845e+00,-1.558575117174122049e+01,-2.312014578448401636e+01,-2.352036223808924476e+01,-2.190416964723004156e+01,-1.193759232345554544e+01,-8.947065762347644835e+00,-8.395326989806360274e+00,-1.036212121446927448e+01,-1.668833995941612613e+01,-2.070360470480389026e+01,-2.039872968859142688e+01,-1.992874911924203118e+01,-1.773203823053174588e+01,-1.936946771376662824e+01,-1.851158338950740045e+01,-1.982056786451074970e+01,-1.823296958497828868e+01,-9.722220055758953094e+00,-1.530764006703571489e+00,2.677630345856919503e-01,-3.919033707792146437e+00,-1.062323347686065489e+01,-1.023663675536712070e+01,-1.409934173772732358e+01,-2.077808293037944409e+01,-1.766479970514774323e+01,-1.519381861719820215e+01,-1.683152984082698822e+01
-2.447255554132991406e+01,-2.752703276607725513e+01,-2.697530604567792523e+01,-2.663456385499901202e+01,-2.632653181420432276e+01,-2.221027180552482605e+01,-1.368219036112228970e+01,-1.064963565766811371e+01,-1.124321523184577565e+01,-1.146529651433229446e+01,-1.608866550773382187e+01,-1.460521163543065448e+01,-8.182725367860662402e+00,-5.018326772221674226e+00,-3.130218443253801830e+00,-2.916436703628278337e+00,-4.483686815843814344e+00,-9.518836823395556479e+00,-6.375017542139782556e+00,-2.936664770415518433e+00,-1.792125206088207579e-01,-2.503885754073659764e-01,-4.008158599155851931e+00,-1.050600147143834207e+01,-4.711078010602957278e+00,-2.185028096104765005e+00,-7.383166967354352295e+00,-3.908121880156815831e+00,7.612973607501771767e-02,-2.607282299158719674e+00,-9.882575637350479170e+00,-8.695267858604589506e+00,-6.891966669716769189e+00,-7.181241378498573802e+00,-1.545313445778447203e+00,-2.334343556728628144e+00,-1.044499716452426341e+01,-1.001278101983997537e+01,-7.664246945114832066e+00,-1.037226567991537118e+00,5.231467233039034381e-01,-5.247862191241842389e+00,-1.257425069560607334e+01,-1.277692447519964603e+01,-1.015733750495645715e+01,-1.225822497531771660e+01,-6.875465411951558359e+00,-2.668338762995619007e+00,-2.152538637695316837e+00,-5.577381320194238157e+00,-9.489034411393934221e+00,-8.562057240141761838e+00,-4.233650540519091621e+00,-2.169775577711536396e+00,-4.201614766950822144e+00,-1.137045280925101665e+01,-2.090723028282324591e+01,-2.167675856418079761e+01,-1.633277897371186071e+01,-1.583178573432895853e+01,-1.657349118424786383e+01,-1.779809854924678802e+01,-1.432623368750015835e+01,-1.596485110786226080e+01,-2.028071963952647394e+01,-1.719968143767780688e+01,-1.622909917351272213e+01,-1.519421848654747009e+01,-1.540262696229749295e+01,-1.740365956723690033e+01,-1.713989852203263098e+01,-1.684402808298667154e+01,-1.049126825150516318e+01,-5.898507237434387207e+00,-3.273206457572592321e+00,-3.627588580091671400e+00,-7.395346010882349219e+00,-8.461735816733076954e-01,1.517818367669759860e+00,-1.554859675272988850e+00,-7.891411285433504119e+00,-1.125540218171146201e+01,-1.587261399378379245e+01,-1.480167666491534995e+01,-1.730786716110176471e+01,-1.801459040575557324e+01
-2.435588509837786475e+01,-2.582848608162667858e+01,-2.563469469381703192e+01,-2.382224446535110474e+01,-2.221943565209706506e+01,-2.349386044674449536e+01,-1.573104661537541205e+01,-1.406653817991415600e+01,-1.466716713541083905e+01,-1.393284710827800943e+01,-1.952091924349467078e+01,-1.571494061830970956e+01,-5.166639016527268424e+00,-2.267043158618940346e+00,-7.204107615061932535e+00,-7.374032717819015481e+00,-5.314068949988318913e+00,-3.051278306570667453e+00,-8.012615705552485201e-02,7.104576180233076466e-01,-2.364595129515995264e+00,-7.822302682317159750e+00,-6.506146421449051864e+00,-1.183579719480541037e+01,-1.067458965505162816e+01,-6.326902722318966887e+00,-2.981066359103553776e+00,-4.710647357731229334e+00,-7.126493272190499439e+00,-3.322311213912649386e+00,-5.541303744371867346e+00,-4.072274863690836355e+00,-4.564683438175254793e+00,-2.447223441571825031e+00,-4.851104286496087603e+00,-5.725452552523671024e+00,-3.651778620150354371e+00,-3.683945740780068867e+00,-2.927588750049027411e+00,5.583173644926217594e-02,-2.282288246170436352e+00,-5.494768218581157271e+00,-3.706353496105293743e+00,-5.176375751260719582e+00,-4.328300019001795285e+00,-5.169740043166610732e+00,-2.756753810784883019e+00,-4.378537364271728016e+00,-1.171554005984216928e+01,-1.314022720273998068e+01,-1.239963645488023758e+01,-1.023037940263748169e+01,-1.160543360602524565e+01,-7.008308078679773345e+00,-6.693717145671446822e+00,-1.767188507566849509e+01,-2.216242115199565887e+01,-2.263607381449805445e+01,-1.433901607079638296e+01,-7.725112975885470412e+00,-4.446253612947960399e+00,-4.114967808127403259e+00,-5.870663250486056306e+00,-1.040575802988476184e+01,-1.926256346371438610e+01,-1.960777960138188547e+01,-1.002900438548790163e+01,-3.458179168303710416e+00,-2.000211524881402969e+00,-3.983062842136456005e+00,-1.158432054581741433e+01,-1.589275437883204845e+01,-1.238908818053702454e+01,-4.272841303712791472e+00,-3.943468922095942464e+00,-4.722606928822845163e+00,-1.698920541659188377e+00,-2.981759290214136549e+00,-4.467291690725283537e+00,-7.783621585177671331e-01,-3.052464590919246046e+00,-3.633080521533782914e+00,-2.537853767503596369e+00,-5.461115219837261670e+00,-1.045158081625898738e+01,-1.537979627235068136e+01
-2.283185872601138300e+01,-1.732953392300341022e+01,-1.651467344661553582e+01,-1.951730212238099682e+01,-1.629836754418081668e+01,-1.185333399929934117e+01,-6.285906181515504620e+00,-3.002925255171754237e+00,-3.509370184033590245e+00,-9.021754478000932664e+00,-1.584333657721678357e+01,-8.816243181832962961e+00,-2.164051341208758306e+00,-1.460865460740428112e+00,-4.686538833736752174e+00,-6.193607599371009798e+00,-8.533869352812567755e+00,-7.259150684707694978e+00,-1.210913191301127334e+01,-1.272547865824567026e+01,-5.278802546569043130e+00,-4.753980539842611819e+00,-6.278195698642068834e+00,-1.212158276968532178e+01,-1.853739554683367530e+01,-1.644111184361908329e+01,-1.426685807564192388e+01,-5.344129282101574674e+00,-1.996801874675939947e+00,5.232150156759113324e-01,4.662179489934917265e-01,-6.257258685776226903e-01,-1.387944132408140074e+00,5.612376372478643516e-01,-6.408117921560511077e-01,-2.915652416801700841e+00,-7.130040439880556136e+00,-9.678717045009964437e+00,-1.005036745062777070e+00,1.982801129963869924e+00,-2.948261875536546395e-01,-4.204034897240187085e+00,-3.749968120889712431e+00,-9.039863289134599800e-01,-2.021273031363509443e+00,-5.391485444496437296e+00,-4.791585333645343781e+00,-7.828148732582728364e+00,-1.516811212400595288e+01,-1.933379539516236889e+01,-1.636507527199056256e+01,-9.482940149390035600e+00,-3.710626378862394326e+00,-2.272010168736516178e+00,-5.008311627950105205e+00,-1.225689103702704053e+01,-2.220279765460226429e+01,-2.295694686637984461e+01,-1.232958345860242844e+01,-5.602967922472291917e+00,-7.220204354988204010e+00,-9.431161215735805570e+00,-5.309493759853972428e+00,-8.819576253493627505e+00,-1.580335728327433209e+01,-9.687633851336109103e+00,-3.478080227367172483e+00,5.844595082198793534e-01,1.792346715612641028e-01,-3.389330820318718906e+00,-5.364416505520542167e+00,-2.058387349541590083e+00,-2.767883264180757696e-01,-1.507210652331397949e+00,-7.674679181228081681e+00,-1.218359489759637171e+01,-9.291167268736494123e+00,-5.496859210853775046e+00,-3.918291714870267395e+00,-1.865707154521563327e+00,-3.187407950628969200e+00,-8.215972152448053123e+00,-7.083568712644693122e+00,-3.520076205746994980e+00,-4.415816772729158401e+00,-1.013792840143044849e+01
-2.154516274068090809e+01,-1.421244781133201407e+01,-1.060506350712643808e+01,-9.241301298141479492e+00,-9.468029812806182832e+00,-8.006919689476490021e+00,-3.654042342034194313e+00,-1.751659849829189319e+00,-3.298869344347622246e+00,-9.152758372740613879e+00,-1.539110325856341177e+01,-7.368093038598696687e+00,-2.814889286082082887e+00,-2.565551413598263331e+00,-6.013652092880672484e+00,-4.327995773818757996e+00,-3.155356177749732982e+00,-6.171559588362772963e+00,-1.398017526335186389e+01,-1.387155229184362604e+01,-5.554458406443397500e+00,-3.151481375072358482e+00,-4.350152358412742615e+00,-9.406292659540971712e+00,-1.894003745085663226e+01,-2.425878326263692486e+01,-1.369756963600715061e+01,-3.098568799240941640e+00,6.060231243219378339e-01,-1.502734309616345021e+00,-7.343718120802400939e+00,-4.998624423693399876e+00,-6.564118764434372366e+00,-2.334173662329299681e+00,-2.194598057939907143e+00,-3.097709808728217773e+00,-8.539526578451390293e+00,-4.089416233890612595e+00,-1.677093107668244709e+00,-2.021703448468340714e+00,-3.544395917664385554e+00,-9.955785345286130905e+00,-1.505602577080329318e+01,-9.955807846867376298e+00,-8.745276031592059240e+00,-6.098056790263702176e+00,-7.596045053667491942e+00,-1.697636970215373609e+01,-1.601998544649945444e+01,-9.130663192934459715e+00,-8.896158465701672569e+00,-6.825693139495949247e+00,-3.591538933830128677e+00,-6.924122893665400014e+00,-1.024853890265027623e+01,-1.366967274910873797e+01,-2.035618872609403240e+01,-2.246104863451586908e+01,-1.437270159274339676e+01,-7.370941572305229172e+00,-4.024913280995355613e+00,-3.412073643878102303e+00,-5.474547359057599039e+00,-9.866232518520620332e+00,-1.452101880808671375e+01,-5.570823564918504722e+00,-2.465816394023931934e-01,-1.237829022000773271e+00,-9.367480599114465178e+00,-9.863239466316169768e+00,-6.761589721052183144e+00,-2.000031734756097190e+00,-4.327094988192483616e-01,-3.155707615195246341e+00,-1.101074121954540352e+01,-1.977614443293876079e+01,-2.061759372055530548e+01,-1.313901568700869937e+01,-8.815844094587696134e+00,-9.115685192376581369e+00,-1.241587926281822973e+01,-1.040195386318696791e+01,-1.421823568973276330e+01,-8.852891589204469724e+00,-5.891110654092496901e+00,-9.581469498988655076e+00
-2.374318146871195978e+01,-2.030355320208602521e+01,-1.916318667100535578e+01,-1.944203350279066456e+01,-1.933574168715212238e+01,-1.374464068810145001e+01,-9.553771321972211794e+00,-1.245904562084211165e+01,-9.115802672174242005e+00,-8.772401218612989382e+00,-1.506120554357767105e+01,-1.530633828209506220e+01,-1.263481214518348317e+01,-1.202208257756299403e+01,-1.026174108684062958e+01,-9.791042623006635637e+00,-1.314591819379064752e+01,-1.433790877709786038e+01,-1.556120543016327673e+01,-1.556086079776287079e+01,-1.454295618004269031e+01,-1.433820343762636185e+01,-1.388950733757681277e+01,-1.457700153274668509e+01,-2.059537712401813891e+01,-2.413323436015182111e+01,-1.694546500758992380e+01,-7.701280573486453562e+00,-1.900613993105556121e+00,-2.151266930513682230e+00,-7.738742708448423713e+00,-7.175597252117262848e+00,-6.124334574159648881e+00,-9.236033836172687472e+00,-1.201213670521974564e+01,-6.464320971940954230e+00,-1.510662235068997994e+00,-1.683728336120515756e+00,-8.073804441011613875e+00,-1.538788376996914486e+01,-1.297480074647400095e+01,-1.404352201024691205e+01,-2.042460744910770032e+01,-1.973374980522526556e+01,-1.894848865436183161e+01,-1.161320433103376004e+01,-5.873336313292384148e+00,-5.445569676469959930e+00,-7.012636925824659251e+00,-4.437574336719182000e+00,-4.843231683234787255e+00,-3.845672458927664294e+00,-4.923745309313138030e+00,-1.273975669675403211e+01,-2.193786943786674115e+01,-1.571571684711509320e+01,-1.317700862056679156e+01,-1.047051137126982212e+01,-1.191428112611174583e+01,-1.135061277614699549e+01,-8.423790609257089557e+00,-1.248987237198485190e+01,-1.205832589997185522e+01,-1.601469537036286539e+01,-8.805413164198398590e+00,-6.174742401267091729e+00,-8.019233027304936812e+00,-4.376348260014007785e+00,-5.281108364462852478e+00,-1.279938131901952936e+01,-1.340248690379990393e+01,-1.285737498021788028e+01,-1.144787872644762139e+01,-1.132958699597252661e+01,-1.407230072923832509e+01,-1.510617583912486772e+01,-1.294217611600955387e+01,-1.416223359066579057e+01,-1.115546278489960486e+01,-1.229172187298536301e+01,-9.077102778686416684e+00,-4.367859830562439427e+00,-3.083326606228689037e+00,-6.040041528435216911e+00,-1.251908291586571309e+01,-1.569457115398513025e+01
-2.672839438087410358e+01,-2.694172280364566419e+01,-2.755316782659954455e+01,-2.787143513560295105e+01,-2.512182719674375164e+01,-1.569045535971721073e+01,-8.921739990098608075e+00,-5.202941286067168214e+00,-4.054510775953531265e+00,-6.179861227257384293e+00,-1.207987439880768399e+01,-2.130047250290711602e+01,-2.244853153824806213e+01,-2.106224307914574823e+01,-2.320710643298096088e+01,-2.180026773446136090e+01,-2.200403013659848028e+01,-2.418792194624741754e+01,-2.283914121819866949e+01,-2.310743255747689062e+01,-2.466448117792606354e+01,-2.489148155020343012e+01,-2.385681187609831611e+01,-2.409090700248877326e+01,-2.357324680851565546e+01,-2.442736108269956219e+01,-2.084859244691001123e+01,-1.253736094716522409e+01,-4.112394172905220024e+00,-2.024723721797474507e+00,-4.295897271018475294e+00,-7.616710009881192178e+00,-9.928474831912252441e+00,-5.578309091842836409e+00,-9.894846262203323306e+00,-1.327716490957472040e+01,-4.521165322822828792e+00,-1.484313280029810889e+00,-4.472311468484501340e+00,-1.400737189832660867e+01,-1.151649111674891657e+01,-8.692601692759328813e+00,-8.664256079018944234e+00,-8.086260614295801119e+00,-8.931993935671117768e+00,-5.638559521072441072e+00,-3.367734813234872338e+00,-7.047786065946436196e+00,-2.931299730299441464e+00,-7.913871034810048277e-01,-3.954389067006559344e+00,-4.171809877372449904e+00,-5.776107802366216681e+00,-1.289919398311111642e+01,-2.349693898194366071e+01,-1.423361471129788214e+01,-4.729357760554800727e+00,-8.326991905559881779e-01,-1.345329351526743267e+00,-5.252117712412857742e+00,-6.472389887190526991e+00,-8.864490118291643128e+00,-9.584713141537374526e+00,-1.493939970433712006e+01,-1.012398102631171604e+01,-4.761865244557459853e+00,-4.289359635776943236e+00,-4.715764471342684061e+00,-8.526162877264949813e+00,-1.523488188286622425e+01,-2.213872552580303577e+01,-2.370529417693614960e+01,-2.377968835954864701e+01,-2.394263950797418872e+01,-2.161211980455037462e+01,-1.187098667356702997e+01,-4.003014490256949109e+00,-1.403855518374863776e+00,-2.886402539650185339e+00,-7.525525837722751632e+00,-8.773990439458025037e+00,-6.397987099985281922e+00,-4.902121033881687850e+00,-7.508566782706314058e+00,-1.628343037681447214e+01,-2.017070215112633136e+01
-2.433589199019802862e+01,-2.343598449230194092e+01,-2.268222136795520782e+01,-2.387508823308679951e+01,-2.239267996615833667e+01,-1.463945247895187762e+01,-8.745830440686809482e+00,-1.156588994546068960e+01,-1.267876425551043695e+01,-1.067342527624633597e+01,-8.882154185324907303e+00,-8.930116013934215502e+00,-1.128489373127619366e+01,-1.413746140152215958e+01,-1.638071848120954144e+01,-1.751835526857111347e+01,-1.938287870089213172e+01,-1.668678084181414789e+01,-1.758720457057158271e+01,-2.228301233384344471e+01,-2.573632875581582269e+01,-2.563039597372214118e+01,-2.531756212479538348e+01,-2.446648061109913641e+01,-2.317897894978523254e+01,-2.359313249091307441e+01,-1.779835883114073170e+01,-9.367443881928920746e+00,-1.146233822032809258e+01,-4.676127773425024614e+00,-1.376413115453235303e+00,-2.587945831286358800e+00,-4.644018298842841119e+00,-6.655505181600649856e+00,-1.047604149662786099e+01,-9.103804386324352294e+00,-2.282515818249925665e+00,-1.344414488263686813e+00,-6.436593605308896571e+00,-1.776350685954093933e+01,-1.094212238407797244e+01,-4.431874364717966586e+00,-2.308986841054219141e+00,-2.479244586791739646e+00,-6.665714766002363234e+00,-6.045908895433159458e+00,-1.143467376902359972e-01,3.067071760597173125e-01,-1.424918945949886773e+00,-2.316670053370216920e+00,-4.724013999727301183e+00,-9.067443936442336039e+00,-8.327564112014240294e+00,-1.346641091919607547e+01,-2.380730078286594775e+01,-1.299359214719798850e+01,-3.329526346985302254e+00,-1.248723210302867148e+00,-2.564933094880365694e+00,-6.343447445063954859e+00,-5.231200803278221123e+00,-2.440991841495714354e+00,-3.709176498620460283e+00,-8.136542443186044693e+00,-1.343724492854542163e+01,-4.109273513961751334e+00,-1.064754619508878175e+00,-3.399101724983969230e+00,-1.184025548812415884e+01,-1.761999454100926599e+01,-1.627793824010425183e+01,-1.816321739057699958e+01,-2.417326473196347436e+01,-2.556276222235626605e+01,-2.200808065384626389e+01,-1.183483489457931803e+01,-3.785339623665398445e+00,-1.392031594261223137e+00,-3.128318329110900020e+00,-1.053040039166808128e+01,-2.015748950839042664e+01,-2.102202017770873255e+01,-1.552924472093582153e+01,-7.818911848796738617e+00,-7.178266993413369157e+00,-1.228071952197286798e+01
-1.209802468203836057e+01,-1.411126114924748798e+01,-1.948698027266396338e+01,-2.154939221342404565e+01,-1.578983924041191678e+01,-8.093576985928747192e+00,-4.735118946267498963e+00,-3.921183333732187748e+00,-5.522035009124213190e+00,-8.037222343600458174e+00,-8.322263839344183012e+00,-9.272255897108051315e+00,-8.696021824247306853e+00,-1.229694854633675760e+01,-8.980826582759618759e+00,-4.793813266894883185e+00,-3.903244279014567386e+00,-6.025912592394484513e+00,-1.150201010952393155e+01,-2.168685207433170703e+01,-2.591251388026608282e+01,-2.552617737319734204e+01,-2.545680630869335559e+01,-2.353345241149266442e+01,-1.608440409352381906e+01,-1.405646852569447702e+01,-1.268712345676289743e+01,-5.547566382214426994e+00,-3.255748904206686500e+00,-2.340594323170888558e+00,-5.584458631359868974e+00,-1.349913574092918012e+01,-1.398915081347028355e+01,-1.248780967212385562e+01,-1.408221543911430551e+01,-5.375893235827486016e+00,-3.886755329104845114e-01,-1.062211372455446279e+00,-7.351754631226261161e+00,-1.817721797774235526e+01,-1.552241227444675253e+01,-1.256460245036416623e+01,-1.301734842649764445e+01,-1.395980383497145461e+01,-5.697766710072755814e+00,9.063624733244068921e-02,-3.439735808618327728e-01,-4.425451661039712548e+00,-4.880689043344722755e+00,-7.185385500701765515e+00,-3.558996857713080164e+00,-4.849915475584566593e+00,-7.738726513253317840e+00,-1.475697151488727954e+01,-2.423593131204446038e+01,-1.437927137480841822e+01,-5.589374367768566110e+00,-4.201568706168068879e+00,-7.481468234107726545e+00,-3.107736127451062202e+00,-2.990719814370903507e+00,-8.661710722164976062e+00,-4.367133217475687168e+00,-1.911331887434547072e+00,-4.838210110811309583e+00,-1.018462024008234401e+01,-2.557857548349097065e+00,-8.204324666912725661e-01,-5.770696796509178661e+00,-6.296242191171687708e+00,-6.979136153641674056e+00,-1.319185187088118738e+01,-2.141551323483387748e+01,-2.275493277712828544e+01,-1.873588148918416607e+01,-1.559423210057947351e+01,-1.294869238220983121e+01,-9.038831013772222533e+00,-1.076220107078552246e+01,-1.352684284084373090e+01,-1.179954776250653836e+01,-1.441181987358464056e+01,-1.439119192130035785e+01,-8.083922738830247923e+00,-6.104900668892595306e+00,-9.052800376382139191e+00
-1.237376405298709869e+01,-1.305650394906600376e+01,-1.849459361036618432e+01,-1.556463059203492350e+01,-1.696158434450626373e+01,-1.085885873519712064e+01,-6.415800987018479340e+00,-8.910181079887681932e+00,-6.478577103258834846e+00,-3.813527392844358932e+00,-6.880632761451932922e+00,-8.879212067772945360e+00,-9.085754669374889403e+00,-1.480024039496978183e+01,-1.050903778523206711e+01,-6.258784797042608261e+00,-5.778120084769195586e+00,-7.458934879965251952e+00,-1.272728204644388583e+01,-2.152533604866928485e+01,-2.539022924171553797e+01,-2.481093572411272419e+01,-2.508773282501432789e+01,-2.407658856444888684e+01,-1.432721519884136008e+01,-6.190403050018681519e+00,-2.585494174828959935e+00,-4.342840517974561720e+00,-7.479888219903740421e+00,-3.149886680973900788e+00,-4.748767370358109474e+00,-1.443704674061801718e+01,-1.620631098581684881e+01,-1.913167293369770050e+01,-1.347084712733825107e+01,-8.687407617974612251e+00,-5.037147885084980459e+00,-5.408568240339970856e+00,-8.688941633949676557e+00,-1.820975855820708844e+01,-1.929333632025453937e+01,-1.862772998544905079e+01,-1.640396970344914251e+01,-9.508235319621032744e+00,-1.700301830727565022e+00,4.415977362643590948e-02,-3.701652659801766276e+00,-1.292336894902918054e+01,-6.914661866095331177e+00,-4.206329540246063203e+00,-6.274074874300923810e+00,-5.875122404967744849e+00,-8.034875154081317916e+00,-1.651623825563324743e+01,-2.045400180584854510e+01,-1.530391660084327121e+01,-9.400246812237632810e+00,-5.675629522858394616e+00,-4.532481396777762406e+00,-5.300771614329682357e+00,-1.046941988045970540e+01,-8.583494920283555984e+00,-1.795822186151377231e+00,-1.162779355187821162e+00,-6.522241959037880399e+00,-8.956575536479553179e+00,-1.482255245544365607e+00,1.634331745341316644e+00,1.432309057547576536e+00,-2.424336589850605073e+00,-7.496092305829127334e+00,-1.437415601892603689e+01,-1.142810392876466175e+01,-8.853143893182277679e+00,-1.173255608189437105e+01,-1.598128006441725546e+01,-2.012478555490573129e+01,-1.688291705151398858e+01,-7.538841900105277993e+00,-3.864728377304143425e+00,-4.500608172267675400e+00,-8.984703552391794190e+00,-1.498390242457389832e+01,-1.032027048038111872e+01,-8.010494347247812286e+00,-1.201782027797566599e+01
-1.852971239222420508e+01,-1.287929418434699436e+01,-9.836523140470186277e+00,-1.064136041038566205e+01,-1.471418887376785278e+01,-1.266330842011504743e+01,-8.888935046891370817e+00,-9.247439983818265929e+00,-1.068718284285730746e+01,-1.065039048054152104e+01,-1.069313595568140407e+01,-1.128796402530537790e+01,-1.295190788474347876e+01,-1.455370311521821591e+01,-1.805618809660275659e+01,-2.183384472214513394e+01,-2.320702626307805261e+01,-2.090821987556086725e+01,-2.004711173143651592e+01,-2.415184185571140674e+01,-2.370041875541210175e+01,-1.855388300451967609e+01,-1.582695229765441702e+01,-1.598572522815730856e+01,-1.560847957680622677e+01,-6.536167475084464051e+00,-4.257055439572367206e+00,-6.518244287930428982e+00,-3.243267314353337039e+00,-1.768222437654104473e+00,-4.201952899081839554e+00,-1.242422705888748169e+01,-9.327428712199131056e+00,-4.676930663586568393e+00,-6.405442043922246143e+00,-9.678630970017467305e+00,-1.294489138987329291e+01,-1.587520374440484616e+01,-1.763887343472904590e+01,-1.270174899614519504e+01,-1.004759308199087720e+01,-6.520509915633334153e+00,-7.588009248798091910e+00,-7.050292497543220627e+00,-8.183907368764317125e-01,-4.799307315430875742e-01,-2.378469268362096045e+00,-5.556298694366382129e+00,-5.262501104424397447e+00,-1.077138921908206370e+01,-1.637603462404674914e+01,-1.104706782392329600e+01,-4.930040833643740683e+00,-4.271468713077613444e+00,-7.421152450972133607e+00,-1.351654112752940939e+01,-1.984960020830233773e+01,-2.026403337220351020e+01,-2.275780283494128042e+01,-1.911526133699549490e+01,-1.606373329212268075e+01,-1.008833193944560236e+01,-8.225490695900386839e+00,-5.992030433379113674e+00,-3.283485050416655060e+00,-4.508315021172165871e+00,-9.335995721941193537e+00,-3.859960957766614076e+00,-4.322443689615789175e+00,-1.302875259891152382e+01,-2.048654469019836810e+01,-1.092686203660236544e+01,-5.583572826037804582e+00,-3.699346704201565750e+00,-3.107198942856888912e+00,-2.775915537913928421e+00,-2.625332402511048713e+00,-2.282749003239183061e+00,-2.413438048834601890e+00,-4.608618950736450337e+00,-8.174233670449918776e+00,-1.231413167797856900e+01,-1.909805225167009723e+01,-1.323642356693744659e+01,-9.758213274180889130e+00,-1.198765084975295636e+01
-2.228844628896978008e+01,-1.911543330881330860e+01,-1.897491973307397473e+01,-1.726915239956643688e+01,-1.289805268579059216e+01,-1.093334486915005499e+01,-1.038664142787456512e+01,-1.254998735338449478e+01,-1.608910361346271145e+01,-1.781713057143820578e+01,-1.894613785379462811e+01,-1.764113361967934424e+01,-1.768865778711106884e+01,-1.904897503058115760e+01,-2.426915951569874963e+01,-2.586942465934488666e+01,-2.750521626571814338e+01,-2.579140312804116064e+01,-2.129212399158213032e+01,-1.479787267165051645e+01,-1.419421331667237851e+01,-1.096564818504783823e+01,-4.762717855162918568e+00,-2.450830264172206174e+00,-1.997464618162969829e+00,-1.304710749738458464e+00,-1.986489785088148663e+00,-2.566665316142057840e+00,-1.539918232335670156e+00,-4.908585603788702123e+00,-1.272489488538768576e+01,-9.929427560832765565e+00,-5.879994980576965347e+00,1.364988765611390986e-01,2.088058479621799357e+00,9.703407810346915685e-01,-2.104355792219090748e+00,-3.558499696664512157e+00,-5.401969776385360689e+00,-9.836647813104921312e+00,-6.709629659644431143e+00,-3.196325534747706421e+00,-2.730264632652203094e+00,-1.692452160779970960e+00,-3.783303547885023210e+00,-1.056885023083951758e+01,-1.051610776161154170e+01,-3.780847457334554296e+00,-3.055443741381168365e+00,-1.030795499889386946e+01,-9.905415873146719008e+00,-4.468848551933963797e+00,-3.575770185794681311e+00,-4.237495492290084265e+00,-5.488424872565600410e+00,-1.084940026452144046e+01,-2.087242971360683441e+01,-2.416339887181917945e+01,-2.360280793739689642e+01,-2.289666897058486938e+01,-2.061439811189969262e+01,-2.187422352201408771e+01,-2.284741481973065191e+01,-1.876607351170645899e+01,-9.192705603937307401e+00,-4.671086985203954711e+00,-3.634392800533936985e+00,-4.813164226917757027e+00,-7.583734698593616486e+00,-1.423943696171045303e+01,-2.273685459130340192e+01,-1.104241329597102350e+01,-3.195070133428089321e+00,-3.464124408900210561e+00,-5.996818063948820665e+00,-1.543629804567091091e+00,-2.213946333130378363e+00,-8.005995981240024761e+00,-5.819195754826068878e+00,-7.147742491215467453e+00,-1.225662745080060390e+01,-1.434198337544997592e+01,-1.977641212940216064e+01,-1.679486385815673444e+01,-1.341787559125158502e+01,-1.506761666304535296e+01
-2.519589383072323230e+01,-2.862802083624733740e+01,-2.867964398198657605e+01,-2.674858582019805908e+01,-1.628871545195579529e+01,-1.494094722304079248e+01,-1.798717036760515597e+01,-1.512557485202948193e+01,-1.719163791504171002e+01,-1.064706091086069684e+01,-7.457689553085300460e+00,-7.545607738610771165e+00,-1.037172466847631647e+01,-1.810916446977191541e+01,-2.390523594286706555e+01,-2.641178079942862311e+01,-2.803598235713111109e+01,-2.590589312215645990e+01,-2.187113518350654218e+01,-1.081420952330032925e+01,-4.677572846309178800e+00,-2.290771413025342707e+00,-4.605088780142573945e+00,-1.010691102945970243e+01,-1.276581083755526258e+01,-1.152216885300973992e+01,-1.160042297177844617e+01,-8.184990194315711065e+00,-3.355108135748499532e+00,-2.570723999744384702e+00,-6.482823955722981424e+00,-1.376074098381731226e+01,-1.075955299329426573e+01,-2.948643585697734881e+00,-2.984273452033650909e+00,-8.310001718161705853e+00,-2.016649391525182633e+00,-1.337193472166190000e+00,-8.402075398338233470e+00,-4.154426803605423935e+00,-2.321665729344305262e+00,-7.002060909238126740e+00,-1.134590063989162445e+01,-1.261867861408326341e+01,-1.461687977115313153e+01,-1.719570200310813135e+01,-1.408989183521932986e+01,-1.358055698540475653e+01,-5.752112575910157233e+00,-1.800710919415804634e+00,-2.062864584570181403e+00,-5.055043423962262139e+00,-1.261979824304580688e+01,-1.741549571024047083e+01,-1.549498785204357532e+01,-1.713646589467922965e+01,-1.240209898021486090e+01,-9.260040780011978612e+00,-9.623924225361811580e+00,-9.305838577035400405e+00,-1.297894522216584967e+01,-1.883589283956421667e+01,-2.410494841304090130e+01,-2.342811601195070637e+01,-1.712620233578814322e+01,-7.205598679267698259e+00,-8.143106918368074432e+00,-1.046220241776770976e+01,-8.844571760131252347e+00,-1.494486053122414404e+01,-2.199738227824370185e+01,-1.153633197355601503e+01,-2.335664525982994899e+00,5.782120672597051980e-01,-1.250190882881724974e+00,-8.221838919652832089e+00,-4.388219792706270717e+00,-1.793356999593217704e+00,-2.556203568994533271e+00,-2.374623569556408409e+00,-3.833405690992043979e+00,-9.113114757670295774e+00,-1.772051571226782229e+01,-1.953503566649224865e+01,-1.832207604083750141e+01,-2.144298875663015735e+01
-2.473086835112836468e+01,-2.879429286056094739e+01,-2.915243973831335822e+01,-2.438500790794690332e+01,-1.859910708665847778e+01,-1.091450175808535761e+01,-8.081588883366849885e+00,-9.537925711108577786e+00,-1.317684074574046704e+01,-1.397627614769670679e+01,-1.191304508348306079e+01,-1.351698466224802786e+01,-1.393506058884991461e+01,-1.701076387200090778e+01,-2.237564320365587989e+01,-2.340173028740618122e+01,-2.447876274089018622e+01,-2.428796458078755194e+01,-2.104927491479449841e+01,-1.463089204993512915e+01,-6.281765494909551606e+00,-6.385389608020584085e+00,-8.056406736787822709e+00,-1.115068295846382718e+01,-9.169216081086132064e+00,-1.081456989546616931e+01,-1.583064370271232413e+01,-8.707389290548032790e+00,-6.999171350979143114e+00,-9.754176409294208483e+00,-3.745046189080716736e+00,-2.535514140045658227e+00,-3.598983809174771675e+00,-6.497032011134757035e+00,-1.148672580553425604e+01,-1.300741162978940579e+01,-6.294482133868667617e+00,2.202192891092838445e-01,1.111475657372971604e+00,-4.772739803361925937e+00,-8.562599509954452515e+00,-4.429063126030895248e+00,-8.918526072469022736e+00,-2.170357297195328528e+01,-2.406457147167788690e+01,-1.699372926685545337e+01,-8.687705596701967181e+00,-4.440030605732721902e+00,-1.893302978195909647e+00,-5.876520762426985733e+00,-6.628395224507483974e+00,-4.635078452837963603e+00,-1.165876785003476712e+01,-1.892369502534468850e+01,-1.833533413542641455e+01,-1.230522869610124204e+01,-6.529464063545067809e+00,-3.746569270371562954e+00,-3.197205992725988377e+00,-5.206878117596109412e+00,-8.855319573647445708e+00,-1.393188419938087463e+01,-1.834628996915287402e+01,-1.940821938216686249e+01,-1.739452701972590631e+01,-6.407340063920451634e+00,-1.230618163768667728e+00,-7.474441888977404469e-01,-4.381199755059141054e+00,-8.143119321101242036e+00,-7.219882380631235108e+00,-3.436879567232810739e+00,-2.462616037372046929e+00,-8.340421595125613763e+00,-1.230370889914532562e+01,-3.370374789094461754e+00,-6.423605777571310682e-01,-3.865822945799057830e+00,-1.071396944423516651e+01,-9.615459383361869783e+00,-8.870331834587785735e+00,-1.171738840887943844e+01,-1.878523723118835065e+01,-2.035638560023572552e+01,-1.980667128662268439e+01,-2.561747072802649683e+01
-2.419663658406999218e+01,-2.869372545844978717e+01,-2.920374492307503900e+01,-2.446527685390578455e+01,-2.128278330465157708e+01,-1.113928046905332181e+01,-7.374929870168368318e+00,-9.888499275677734346e+00,-1.789186937941445166e+01,-2.251938227812449256e+01,-1.968119676907857141e+01,-1.488366268989112662e+01,-1.234238068759441376e+01,-1.192057895163694958e+01,-1.071507138096623990e+01,-1.057312406972050667e+01,-1.468179717494381720e+01,-1.488249272853136063e+01,-1.540652355220582770e+01,-1.081239882525470541e+01,-5.476735382858249679e+00,-4.999543283134698868e+00,-5.026696396304840775e+00,-1.158055005304251761e+00,-1.548873910022343203e+00,-7.109249087671439149e+00,-1.083705360483792113e+01,-5.162468933810790084e+00,-3.757964139804244041e+00,-4.828070192390845783e+00,-2.166339458871839874e+00,-2.338420438572736959e+00,-6.034249368909513578e+00,-5.335362174030807481e+00,-5.756492400852342151e+00,-4.676588077007585831e+00,-3.295198413297637519e+00,-5.367411985188179635e+00,-2.881763920625315833e+00,-9.377141545551744839e-01,-2.496442452344732832e+00,-6.226572398510244355e+00,-1.133506058239274594e+01,-2.031333184738953790e+01,-2.255093350840939337e+01,-1.428487090269724469e+01,-6.904862200220425628e+00,-4.258943973497177460e+00,-5.452470619334942370e+00,-3.185003127343912332e+00,-6.127191383124631630e-01,6.576791619607118555e-01,-1.803781275527348571e-01,-3.922065859873934190e+00,-9.030271920065084501e+00,-1.498581916756100085e+01,-6.214923188918167085e+00,-4.548513744233383171e+00,-8.029398184683588013e+00,-4.792391272339348696e+00,-6.518578380009987683e+00,-8.619822513001659914e+00,-7.894742186284727126e+00,-1.421744577503866580e+01,-1.493493052572011948e+01,-6.752309418179923028e+00,-3.388987812158777313e+00,-2.928977091031912394e+00,-6.434502167523735494e+00,-1.136228307998842624e+01,-5.173011679926680095e+00,-3.429604290557714652e+00,-4.053940865055968068e+00,-8.069816735883554415e+00,-1.140288580291801068e+01,-3.614463435563569416e+00,-4.194224159614855507e-01,-2.022034601898162087e+00,-1.140453367556134801e+01,-1.916967103713088605e+01,-1.296491168853309439e+01,-1.480075661755270389e+01,-1.241391839500930594e+01,-1.192639069507519345e+01,-1.640704010675350943e+01,-2.245062677562236786e+01
-1.690573309941424185e+01,-1.814944402707947546e+01,-2.022329739398426440e+01,-2.443322521282566839e+01,-1.622115786870320520e+01,-7.681352963878048890e+00,-7.640871399806605346e+00,-1.421026746431986432e+01,-1.846482886208428198e+01,-1.485104269534349442e+01,-9.661955425515770912e+00,-4.124645527044776827e+00,-9.738175291810067247e-01,-1.601249540679822836e+00,-6.250515846535563469e+00,-4.458961660042405128e+00,-2.766460386745166034e+00,-5.535779707547691331e+00,-1.033837721496820450e+01,-6.530093710041708022e+00,-4.980374229451020263e+00,-8.649249571272068948e+00,-2.085033257561412334e+00,-5.052510446964030288e-01,-7.130837560113933549e+00,-6.609459015644258528e+00,-3.273458511387515202e+00,-3.886867425507969376e+00,-1.092085954546928406e+01,-1.950665917992591858e+01,-1.005873453824056440e+01,-4.547098578160835736e+00,-3.988471264093985003e+00,-3.033103096868015047e+00,-5.241117217371033199e+00,-4.439555332101008389e+00,-4.232483629344238274e+00,-9.787181162999736728e+00,-1.064666113836897665e+01,-1.456309688091278076e+01,-1.000463187653157426e+01,-1.109519376771317667e+01,-1.935062605639298638e+01,-1.946189968950218585e+01,-1.926155857576264196e+01,-1.881278605759143829e+01,-1.602951009902689350e+01,-1.745995393064286816e+01,-1.568953912705183029e+01,-6.707339639258053765e+00,-4.391139612377931378e+00,-6.949163494292103671e+00,-1.235278974870096969e+00,1.375578394217882305e-01,-3.859780008274052765e+00,-9.116134968689745932e+00,-4.778717115107509628e+00,-4.475929179125362367e+00,-4.223412467671248116e+00,-2.053835328231798485e+00,-1.027862254506190842e+00,-1.721303366805942536e+00,-7.028594095466865532e+00,-1.284296405563751797e+01,-8.499137716160880984e+00,-1.293672837316989899e+01,-1.519381005399757001e+01,-1.469023193087842749e+01,-1.641019198464022821e+01,-1.691705567306942370e+01,-1.545856878575351523e+01,-1.419369930194483942e+01,-1.347470024890369800e+01,-7.393939632922410965e+00,-9.297998309963279695e+00,-6.032111080156432159e+00,-2.520125094856161319e+00,-5.299353891122235538e+00,-1.099340798167718702e+01,-1.684751646551821125e+01,-9.124880273309019074e+00,-3.864261753022825818e+00,-5.090711390015915327e+00,-1.096184486895799637e+01,-9.565980105143454537e+00,-9.315250280002752348e+00
-1.082426351557175259e+01,-1.311471128463745117e+01,-1.946448013848728564e+01,-2.254573903481165686e+01,-1.390313029289245605e+01,-1.071652971870369342e+01,-5.859983105626371369e+00,-5.458647036717997558e+00,-6.757606188766658306e+00,-7.831258746484915712e+00,-6.768530052155256271e+00,-5.488712550419020175e+00,-3.788262317320105765e+00,-2.542537736533429626e+00,-3.581761213465748828e+00,-1.817088417286868207e+00,-1.039868305451818742e+00,-5.263187182756762006e+00,-1.359511981821722415e+01,-8.037004525876707106e+00,-4.503536168071958556e+00,-3.365857113359703057e+00,-3.658751079709165577e+00,-2.969585334033278290e+00,-1.663359735987291366e+00,-1.645969117069196574e+00,-3.681073059606003728e+00,-6.922991658664411574e+00,-1.033967213291260911e+01,-9.444821723633342714e+00,-6.345461047771904006e+00,-7.881471247722704909e+00,-6.388103459392571182e+00,-9.739965301842958834e-01,-1.409992073430859971e+00,-2.738019416970397746e+00,-4.742213779232567816e+00,-9.654226036535369815e+00,-1.186784167753325647e+01,-5.642585665194524758e+00,-2.216048882236160811e+00,-1.102898978411556374e+00,-2.530377870041977229e+00,-5.333865283471014962e+00,-9.734181943866941467e+00,-1.708230961693657690e+01,-2.337427102360460651e+01,-2.521052515506744385e+01,-1.799752648588683712e+01,-4.821276758176584742e+00,-9.734834715310272113e-01,-6.380419867814958179e-01,-4.228501529575118489e+00,-1.228017833601269437e+01,-7.969017184029023149e+00,-2.329221148548337172e+00,-4.126362018959803812e+00,-9.911114747739500075e+00,-1.076127120231588741e+01,-8.176933636267980532e+00,-7.813295604868067734e+00,-1.173741862426201443e+01,-4.796458384953439236e+00,-2.771025983590839736e+00,-4.208870036320553787e+00,-8.147207794917953549e+00,-1.717132077614466468e+01,-2.498565183083216468e+01,-2.460060210525989532e+01,-2.245945786270830524e+01,-2.537596429553296673e+01,-1.793977104292975611e+01,-8.948203000343507796e+00,-3.809000988904800877e+00,-2.128390366690129820e+00,-3.435422181074196946e+00,-8.966234692268901796e+00,-1.915801914698547748e+01,-2.021386775208844000e+01,-2.133562915027141571e+01,-1.519214143355687519e+01,-3.319524761929844470e+00,1.830198954245133791e+00,2.438602262432040035e+00,-2.975707162210407541e-01,-6.360106752538639441e+00
-1.597339215046829608e+01,-1.460825726555453485e+01,-2.218565028574731457e+01,-2.155557207763195038e+01,-1.964357695811324689e+01,-1.600234656615389639e+01,-6.500410472353299163e+00,-1.760533139138715342e+00,-2.317691947540475361e+00,-6.890541077694958716e+00,-7.782112848013639450e+00,-1.081235623856385608e+01,-1.305827201571729468e+01,-1.304450895927018550e+01,-1.343542066257860945e+01,-5.872774747303790122e+00,-3.094274933708624609e+00,-6.206580182330475814e+00,-1.446249838918447495e+01,-1.326047349390056418e+01,-1.128665904411011311e+01,-1.406345592935880084e+01,-1.674484893679618835e+01,-1.593410332749287228e+01,-1.145482289418578148e+01,-1.078803010036548038e+01,-1.388614311979876703e+01,-2.082360744641886896e+01,-2.159999630186293018e+01,-1.692912266155083856e+01,-8.676037645174396573e+00,-5.037909711400668122e+00,-3.422921846599314755e+00,-7.043847744417790491e-01,-2.054436197737231851e+00,-9.112289459548062354e+00,-8.158790041175153718e+00,-1.194176399293873025e+01,-1.088651245004600909e+01,-1.987721755405800650e+00,9.148882076256591445e-01,-6.526719752032982269e-01,-4.067373807393191321e+00,-4.479196452121767535e+00,-8.429165921691391006e+00,-1.715862674680020916e+01,-2.338382428056663898e+01,-2.332424822284115606e+01,-1.607851563476853940e+01,-4.457241216415746443e+00,-1.619519284277986249e-01,-2.038253279328475553e+00,-1.213243188295099451e+01,-1.531694714807801816e+01,-1.287357620067066577e+01,-1.057997462277611156e+01,-4.296610344511766932e+00,-2.373110865541093517e+00,-2.142992592106262695e+00,-4.048028564701477983e+00,-9.492510573317607836e+00,-1.355580309116178128e+01,-1.109483588404125598e+01,-1.176138088438245966e+01,-1.302669518440961838e+01,-1.245670329117112729e+01,-1.759014376749594888e+01,-2.394378587438000494e+01,-2.354366946385966486e+01,-2.271337802045875165e+01,-2.549570750362343219e+01,-1.742898899730708706e+01,-1.010520102911525342e+01,-1.225122296272052580e+01,-7.051672860566112533e+00,-5.877786638008223541e+00,-1.371821290585729791e+01,-1.983571020596557233e+01,-2.237008075912793359e+01,-2.298290948569774628e+01,-1.706182617611355212e+01,-4.951879527290454774e+00,4.849347365581909153e-01,2.905157436277174265e-01,-3.971406181549860470e+00,-1.310551074561145590e+01
-1.013727135790718847e+01,-1.310507324172390753e+01,-1.940209630131721497e+01,-2.774188094172212971e+01,-2.687089308268494037e+01,-1.396876051856411749e+01,-7.440255045062965422e+00,-6.832432176089948683e+00,-7.775122331248389251e+00,-1.168390976554817584e+01,-8.756647390209966630e+00,-4.933684364789062471e+00,-4.873413073105944626e+00,-5.118276724281410672e+00,-4.321131173417800397e+00,-6.679622037543190949e+00,-1.503545429474777606e+01,-1.664866162257062143e+01,-1.685105032722155372e+01,-2.438595493468973530e+01,-2.465590432120693976e+01,-2.291069869614309695e+01,-2.397684136033058167e+01,-2.272285757296615216e+01,-2.310791871613926318e+01,-2.111034606562720484e+01,-2.146297506822480017e+01,-1.729219953550232702e+01,-2.300109263592296216e+01,-2.056715741753578186e+01,-9.845429601768652006e+00,-6.031727167363795772e+00,-7.793838521258698471e+00,-3.807871068724327568e+00,-7.097871401955571091e-01,-1.002317124186245412e+00,-2.964881118867197074e+00,-7.003611951238578825e+00,-6.060480360769563646e+00,-7.790169698703619972e+00,-8.423616901971399784e+00,-6.842408054818709395e+00,-9.485096866471899091e+00,-9.483382278846370639e+00,-1.359275907940334704e+01,-1.317590412331951910e+01,-1.145043081376287653e+01,-1.430350092881255719e+01,-1.453236779984500693e+01,-5.924325002564324372e+00,-5.936360003788852424e+00,-6.557235339449511535e+00,-7.440619450476434693e+00,-1.724398386643992609e+01,-2.029250249432192987e+01,-1.588062710894478613e+01,-8.967254844804605440e+00,-1.123731224197480394e+01,-8.552006151527166367e+00,-5.933973899732033708e+00,-1.297567944228649139e+01,-2.433325316674179462e+01,-2.407454892661836254e+01,-2.191492779387368017e+01,-1.453408370498153879e+01,-1.049180607125163078e+01,-1.042329592092169577e+01,-1.200509856724076840e+01,-1.392394674569368362e+01,-2.120681047439575195e+01,-2.565456222825580213e+01,-2.155212900870376203e+01,-1.392507547802395251e+01,-5.486203243645529248e+00,-1.750739843421292186e+00,-1.939834307055813722e+00,-7.040376335175500877e+00,-1.840045874648624036e+01,-2.172142080631520855e+01,-2.298590421511067206e+01,-1.415258281181255917e+01,-6.613464831478065520e+00,-8.725408361810776725e+00,-1.184599461654821972e+01,-1.214395255843798260e+01,-1.882850071125560376e+01
-1.927468358145819849e+01,-1.747571033073796087e+01,-1.956306291785504925e+01,-2.295878228379620367e+01,-2.424189041886064899e+01,-1.539261462539434433e+01,-9.373810306191444397e+00,-9.740406158483690291e+00,-8.433284109251367511e+00,-7.674237604356473952e+00,-1.440593064328034778e+01,-1.332992951820294003e+01,-7.842225476685497298e+00,-6.362823685424195297e+00,-7.664393355035119981e+00,-1.129723339527845383e+01,-1.906826293137338268e+01,-2.403984529442257312e+01,-2.401133693920241541e+01,-2.616871386269728461e+01,-2.573449743787447730e+01,-2.071704322927527997e+01,-1.887920663257439813e+01,-1.863033175965150079e+01,-1.637912493447462836e+01,-1.513893884006473733e+01,-1.614398679551150906e+01,-1.359647271533807178e+01,-7.533751180395483971e+00,-4.673404161042223670e+00,-2.320634146828928657e+00,-1.808432691439520568e+00,-5.055370501242578030e+00,-7.844207918064461715e+00,-2.849099971354007721e+00,-6.043844515354269475e+00,-6.645661828625533118e+00,-3.015354902483522892e+00,-6.126614123168918624e+00,-1.508603739490111728e+01,-1.769351467986901483e+01,-7.431553192436695099e+00,-6.327395870453781157e+00,-1.033347238269117163e+01,-4.872627625034914978e+00,-3.048495141996277802e+00,-5.296170723314086892e+00,-1.222211817155281643e+01,-1.382528341975477026e+01,-5.921228763957818053e+00,-3.416348802244303595e+00,-2.589780188809931438e+00,-1.499600338241483088e+00,-4.395427164007236875e+00,-1.026044740320907778e+01,-1.235416450930966192e+01,-8.489427454355690017e+00,-3.777362576582365516e+00,-2.633940894557680323e+00,-4.756577371826602452e+00,-9.558926894432968169e+00,-2.079828233685758221e+01,-2.420705415474044031e+01,-2.089798698822657386e+01,-1.021997340189086145e+01,-4.538333584657973319e+00,-3.058462751304937832e+00,-4.943366262647840514e+00,-1.146293891055716330e+01,-2.170024346808592597e+01,-2.517980248563819501e+01,-2.372946372628211975e+01,-1.777870395738217724e+01,-5.510636650336285136e+00,-8.052448701738386116e-01,-7.662838209568386683e-01,-4.562911633674553435e+00,-9.162522716240751208e+00,-9.111049135939943255e+00,-9.844635155465867982e+00,-1.273379332489437488e+01,-9.560883381714424090e+00,-6.375398947546879747e+00,-7.438320397709806464e+00,-9.430933697356117307e+00,-1.348077451768848611e+01
-2.546962626775105676e+01,-2.645344454215632624e+01,-2.542880267401536187e+01,-2.071392149560981366e+01,-1.441987347602844238e+01,-9.428661198251777620e+00,-6.889369466238552064e+00,-6.176303695059484511e+00,-5.748534133657813072e+00,-6.275196257150835066e+00,-9.417395138906108798e+00,-1.719293442285723117e+01,-1.791680358184708410e+01,-1.992775335245662305e+01,-2.005685591366555798e+01,-1.978418844607141125e+01,-2.398609186046653363e+01,-2.476304265525605786e+01,-2.306765375865830237e+01,-2.503543222612804797e+01,-2.580682813955677801e+01,-1.693717920614613348e+01,-8.828145229982006015e+00,-4.654151864349842072e+00,-2.564166731498618290e+00,-1.542868720068428123e+00,-2.653814143540481840e+00,-7.071080271154642105e+00,-6.733005299750301376e+00,-8.680961644033433622e-01,-3.193902642375582523e+00,-1.237411079224612998e+01,-6.064309381672905452e+00,1.772622301371787612e-01,1.170410513708500577e+00,-1.529078086454420449e+00,-9.669906769775682420e+00,-1.309927130987246890e+01,-1.185323904537492368e+01,-1.422487019664711383e+01,-1.010526319013701624e+01,-4.861297964635822311e+00,-2.305740056139054861e+00,-1.605742153176429987e+00,-3.132997112381013416e+00,-8.452629659738805756e+00,-1.262456614027420621e+01,-1.307994662804735952e+01,-9.449209078318542510e+00,-5.425431139767169952e+00,-5.230785804074709944e+00,-1.716238298644738203e+00,1.078117173887828129e+00,-4.498097224462374588e-01,-7.577132381291852958e+00,-1.297504858093129343e+01,-9.047268162171045347e+00,-1.170852145883772089e+01,-1.173581970110535622e+01,-8.620668589240974455e+00,-1.027297635210884863e+01,-1.518519544932577325e+01,-1.624774383256832877e+01,-1.492702540092998120e+01,-1.474077140953805731e+01,-1.220264527036083990e+01,-9.094269666613804759e+00,-8.372129981716474489e+00,-1.322836435503429797e+01,-9.648810757531059323e+00,-9.464485325954026251e+00,-1.100960898896058460e+01,-1.416215771105554388e+01,-8.018231959806549014e+00,-9.616472082833448454e+00,-1.063284037210461186e+01,-1.071387809018293957e+01,-1.317344571401675601e+01,-6.028868105883399942e+00,-2.366759010525937512e+00,-1.608227711008415328e+00,-3.078651211004600707e+00,-6.549149885773658752e+00,-9.204333218021524488e+00,-1.492044023093250082e+01,-1.599017381419738193e+01
-2.600983234577708814e+01,-2.845588139030668628e+01,-2.643401294284396741e+01,-1.931643073757489404e+01,-1.445172866351074603e+01,-1.401246147271659659e+01,-1.809581734819544607e+01,-2.050391304658518976e+01,-2.105121591852770990e+01,-1.315841089271836850e+01,-7.477796285102765061e+00,-9.291612693419059710e+00,-1.686310121665398398e+01,-1.064087421012421508e+01,-6.466258293742106922e+00,-6.894580667424532905e+00,-9.307446735807591409e+00,-1.108871960557169345e+01,-1.456364902853965759e+01,-2.312467836836973945e+01,-2.473422510756386572e+01,-1.640740155180295190e+01,-8.514001874460113584e+00,-6.553874134189552336e+00,-9.025018062235581340e+00,-9.213952505029737949e+00,-7.022981409811311693e+00,-1.524966810559918562e+00,7.014867369275129549e-01,8.713964685674808752e-01,-5.166940777469588575e-01,-4.758905918660780721e+00,-5.445801872449616887e+00,-4.063236463512617247e-01,-8.807771170508608138e-01,-5.091647644100400605e+00,-1.349892740199963193e+01,-2.083594164583418262e+01,-2.131724610096878436e+01,-1.866352716585000238e+01,-1.218394689841402823e+01,-1.332739784071842770e+01,-1.424713657051324844e+01,-1.484364910175403018e+01,-1.317719216727548215e+01,-1.352933403187327954e+01,-1.166642433901627918e+01,-9.642503618366188078e+00,-8.888327205346691073e+00,-1.237344977507988553e+01,-1.255053030740883635e+01,-5.964093114766809478e+00,-7.161826155355407231e+00,-8.751367039150661498e+00,-5.417724825855758652e+00,-8.503043141216039658e+00,-4.539052485721185803e+00,-2.054065462609287351e+00,-2.438252341337728168e+00,-5.358781597722554579e+00,-4.685284469587107203e+00,-3.690380735115872390e+00,-6.279587980152832039e+00,-1.294746152228779223e+01,-2.135025203062428290e+01,-2.142896385656462854e+01,-1.421371213512288278e+01,-6.801823229839404128e+00,-3.404833495306471836e+00,-1.995769358459963616e+00,-1.237659131336032337e+00,-1.474394083632432739e+00,-3.549499010770685192e+00,-9.393578131993612246e+00,-1.474080626004272077e+01,-1.154266843862003711e+01,-1.080368024690283590e+01,-1.304289966656101996e+01,-1.004702385101053430e+01,-1.136536351922485544e+01,-6.126472404019700058e+00,-3.004405578650120034e+00,-6.099316445179283619e+00,-6.695652297491000660e+00,-7.814301925400893190e+00,-1.349605607489744763e+01
-2.453255185981591424e+01,-2.736645877030160534e+01,-2.694448493255509192e+01,-2.268846147755781928e+01,-2.353986560967233288e+01,-2.317884723842144012e+01,-1.949446776509284973e+01,-2.188661971025996777e+01,-1.634877189993858337e+01,-1.201943671041064832e+01,-1.089920430713229749e+01,-6.381235667400890321e+00,-3.630252863487435810e+00,-2.974330530191461097e+00,-3.527137046962808498e+00,-3.181765188747602835e+00,-2.614425940671935678e+00,-5.035888162958952918e+00,-1.091452788230445670e+01,-2.055750260750452796e+01,-2.494634099801381311e+01,-1.751468340886963659e+01,-1.618698200086752692e+01,-1.471817832026216699e+01,-8.935044857776826888e+00,-7.364541010782381214e+00,-3.456190729350459456e+00,-2.671822590301720535e+00,-7.894653260029302899e+00,-1.029574777082436654e+01,-1.437138657064901537e+01,-1.135061254517899698e+01,-5.055025850112239816e+00,-6.120430460406674378e+00,-1.360141841860281176e+01,-1.863859468946854392e+01,-1.636232321295473469e+01,-1.363824184156126407e+01,-9.223952178325918183e+00,-6.471410610764804616e+00,-3.376164698074313186e+00,-2.707015000588904208e+00,-4.018506911880750820e+00,-5.458437128509912029e+00,-7.419230433284408122e+00,-8.882073541482290224e+00,-4.518453315883460775e+00,-1.094890059389904913e+00,-2.844633621065036699e+00,-9.830306170094344154e+00,-1.262307309524880594e+01,-6.384663900981347062e+00,-3.655311450310465560e+00,-3.229034063160522994e+00,-4.756298012410600684e+00,-1.061824048931399922e+01,-6.194461941201653943e+00,-2.903045190212449334e-01,-3.236448061361443251e-01,-5.919822601394116646e+00,-6.478273962831331723e+00,-8.438325106269783049e+00,-9.871652796864509583e+00,-1.064047634601593018e+01,-1.686107580446534726e+01,-2.024176355451345444e+01,-1.453580148021380047e+01,-8.094805745614898740e+00,-1.044430833061536212e+01,-1.375777539072765165e+01,-1.496685924339625551e+01,-7.659259189955061942e+00,-4.033448469721609086e+00,-8.535757245081994071e+00,-1.385627000737521364e+01,-6.148262753539408543e+00,-2.414663569814769595e+00,-4.127997169879058070e+00,-1.244844808098342703e+01,-1.758680104050371540e+01,-1.584843338032563587e+01,-5.934200121296776764e+00,-8.242364409471620856e-01,-1.820442666566426171e+00,-9.252803450450301170e+00,-1.751287178860770410e+01
-2.363699835373295599e+01,-2.194559271799193567e+01,-2.114042068024476251e+01,-2.253614580134550849e+01,-1.914111943046252051e+01,-1.864078176601065451e+01,-1.229921064360274130e+01,-8.206424022507336602e+00,-6.171171093359589577e+00,-9.018964892874160810e+00,-1.496714550091160589e+01,-1.370733530571063419e+01,-1.383626579700244719e+01,-1.189703235278526883e+01,-1.149559971524609381e+01,-1.089698912534448816e+01,-1.239571242117219541e+01,-9.606616179976198211e+00,-9.563883131162988605e+00,-1.669915775706370553e+01,-1.506643512348333935e+01,-1.502010028064250946e+01,-9.548065871414211259e+00,-4.562339237444878570e+00,-3.890083700423474511e-01,1.454137684164581668e+00,-6.945330860596893308e-02,-4.471485058880514174e+00,-1.474745640241437528e+01,-1.615015715443425748e+01,-1.250695955587757879e+01,-8.472766061209970445e+00,-8.196216061297389999e+00,-1.214993849645058255e+01,-1.291695874639683339e+01,-1.020777055434882641e+01,-9.374768522671526938e+00,-1.216463164281513976e+01,-5.625229780872662566e+00,-2.338317999047123674e+00,-3.045903867809101939e+00,-7.868222918361425400e+00,-4.263233685477946899e+00,-2.837431371881393716e+00,-2.233371225133952365e+00,-3.572622616209426116e+00,-2.095175133799784817e-01,3.017745593510982260e+00,1.388792210829706164e+00,-6.285502739528762817e+00,-1.537179899795187765e+01,-1.209307731439669986e+01,-8.718631774187088013e+00,-1.140870617743995474e+01,-8.724762984861930804e+00,-7.353001160754097931e+00,-1.085357919087012668e+01,-7.845169751801424951e+00,-5.845635889305008881e+00,-3.909666995298013870e+00,-5.158236270964455805e+00,-6.380245806933897867e+00,-1.085924701641003232e+01,-1.503871072994338220e+01,-1.202885860949754715e+01,-6.369260493045051597e+00,-4.909495769275559418e+00,-7.189594123512506485e+00,-1.538905139350228879e+01,-1.857349325054221723e+01,-2.047330867085192097e+01,-1.627212494860092917e+01,-8.292656451463699341e+00,-2.924578052686734431e+00,3.495470435397388803e-02,1.897360603128618095e+00,2.843311235386257185e-01,-7.035921573428721487e+00,-9.502327524539497361e+00,-8.324897763008872076e+00,-7.041436262428760529e+00,-5.451741012589384816e+00,-4.705246155046754808e+00,-4.825363647917078502e+00,-9.409260952224334673e+00,-1.415307800057861520e+01
-2.019876733256710821e+01,-1.219377839234140204e+01,-1.028434455643097500e+01,-1.097784683605035205e+01,-9.868686551021205844e+00,-7.683436634225977890e+00,-3.489051170530728996e+00,-8.349927907830634322e-01,-2.166110258772581343e+00,-9.303282842247021733e+00,-1.272861882547537427e+01,-9.027853852758804365e+00,-6.811722109301222794e+00,-4.617884632389177568e+00,-2.936241917121555467e+00,-5.540750465045372941e+00,-1.347866668138239099e+01,-7.721211644510428407e+00,-3.508548879271580212e+00,-3.411637569777667522e+00,-7.441285012910763719e+00,-1.482794750233491321e+01,-9.784377003709474607e+00,-3.306377336641566522e+00,-5.117490834821688317e+00,-1.037579887700525916e+01,-8.672126438365214796e+00,-7.944996353238821030e+00,-1.284729405492544174e+01,-1.661084514939122769e+01,-8.842368511793514685e+00,-1.306481522697746867e+00,1.500327450064812829e-01,-1.178821515082492777e+00,-1.295061072376483935e+00,5.047692921758021312e-01,7.696228910119518041e-01,-1.656208071619201139e+00,-6.839402677853488655e+00,-2.728749718426519699e+00,-2.133922952429606390e+00,-5.592876610035697915e+00,-1.239893139484855844e+01,-1.071830718964338303e+01,-7.753751628928714723e+00,-7.601624063112669916e+00,-7.653073826592542150e-02,1.269274285696155857e+00,4.299764574198989830e-01,-4.733663064358956341e+00,-1.246225345776312921e+01,-1.131668948257962803e+01,-1.180306663281387713e+01,-1.414630534334315115e+01,-7.279119189414712920e+00,-4.014592494660367272e+00,-4.239138908166852460e+00,-6.917782942040099137e+00,-7.194605028670695290e+00,-1.722758307808059497e+00,2.829943251223691614e-01,-2.596323544316368803e+00,-9.210611605809795321e+00,-1.607530990574095142e+01,-1.018226525187492371e+01,-5.645703628659248352e+00,-3.292952745842436801e+00,-5.717562685617142648e+00,-1.509148096210426715e+01,-1.807839864989121637e+01,-1.764899553027417767e+01,-1.535955913613239865e+01,-1.093976478754646209e+01,-6.100488350209262833e+00,-6.782266859667945624e+00,-2.045146819632944091e+00,-1.543628408468874946e+00,-2.997593622952990700e+00,-3.604765463206502929e+00,-3.022510407802959431e+00,-5.031645483647783301e+00,-9.437884408152765303e+00,-1.081492514577176856e+01,-6.747685267693466216e+00,-7.641691935973034866e+00,-1.117597584260834509e+01
-2.047417552934752649e+01,-1.234943076388703531e+01,-6.971651752375894517e+00,-7.252337529013554551e+00,-1.218072121755944437e+01,-9.049608532753255830e+00,-1.091795586753222658e+01,-4.055050854310037423e+00,-1.867270360324053136e-01,-2.235843563383241417e+00,-7.602678599456946351e+00,-1.163221019051141170e+01,-6.609893112546867400e+00,-1.743281075570040306e+00,-1.033972413892721987e+00,-4.353629703193695910e+00,-1.089201962947845459e+01,-7.647811692621973023e+00,-5.447569777154260606e+00,-8.986391446035769448e+00,-8.534640704178148241e+00,-1.024634602417548557e+01,-8.734214285181629123e+00,-3.143723536179297451e+00,-1.469112357865216989e+00,-3.082842076763174344e+00,-4.320994899530584910e+00,-3.330234660572993111e+00,-2.246043897657525878e+00,-2.865728508538773589e+00,-2.988831227729355611e+00,-2.893451418953999266e+00,-3.088743245512079127e+00,-7.314695255989338563e+00,-1.198151293997135447e+01,-1.006892865519492020e+01,-2.861794270444079302e+00,-2.477846610460447963e+00,-7.400031988922920689e+00,-2.070481027052058831e+00,-1.235760104586915986e+00,-6.801945774919456511e+00,-1.406372986154423899e+01,-7.374712042096588149e+00,-4.409025438129901886e+00,-2.799260755105529519e+00,-3.049442695744801313e+00,-6.977203467239935897e+00,-4.438506136027474902e+00,-1.315305683998303721e+00,-2.013818128697797416e+00,-4.337869462039735780e+00,-8.705607922126850085e+00,-1.471518960181209756e+01,-7.838048170010249116e+00,-4.211216746519009568e+00,-4.472863304325276346e+00,-9.572569754802518815e+00,-3.982463130612611923e+00,-1.597956546910508091e-01,-5.361063626439620755e+00,-8.579878288010755583e+00,-6.766228970140218735e+00,-1.640524599618381885e+01,-1.761020600133472058e+01,-1.538287966450055499e+01,-1.144526730560594174e+01,-3.900055859858790885e+00,-2.502184222213044151e+00,-3.282798918921293385e+00,-3.435773502821878989e+00,-2.115615749333907392e+00,-1.248156112694737807e+00,-1.767601762579741109e+00,-2.905939604970626533e+00,-6.888260530100928314e+00,-1.276565456887086292e+01,-1.138473029186328311e+01,-1.391313113603326990e+01,-1.685378928730885306e+01,-1.128988574859168814e+01,-1.044982258064879233e+01,-5.938255665409895911e+00,-2.944461787643376738e+00,-6.068015469859044053e+00,-1.210415146417087939e+01
-2.457722138199541462e+01,-1.837153579625818622e+01,-1.142584680683082965e+01,-8.448293511238363251e+00,-1.149281960146294779e+01,-1.096018913015723228e+01,-3.577384170105991412e+00,-8.723987636219843189e-01,-2.899824624396084349e+00,-8.817472617866265239e+00,-1.934735272245274729e+01,-1.928452228340837848e+01,-1.383790338618887716e+01,-1.229018891519970325e+01,-1.084570789585510830e+01,-1.216537166386842728e+01,-1.238603291577762988e+01,-7.384956148349576921e+00,-4.467843051171964674e+00,-5.770262721201611988e+00,-7.747982018109825120e+00,-1.269249044524298853e+01,-1.117681497914923483e+01,-1.065143812033865167e+01,-4.482092038624816865e+00,-3.764902957479029588e+00,-6.720196562935598195e+00,-3.342795849176278811e+00,-7.018013248116606206e+00,-9.292597229282060667e+00,-1.068618606693214801e+01,-1.403515870041317370e+01,-1.570931948141919321e+01,-1.634877186516920844e+01,-1.800073015193144599e+01,-1.261996691094504541e+01,-1.153056656652026746e+01,-9.466231329573524533e+00,-4.438386248424649239e+00,-2.628395017960833080e+00,-2.834271851357900385e+00,-6.585043713450431824e+00,-1.455707122054364966e+01,-1.155229503081904596e+01,-1.220578550795714001e+01,-1.642310187800062948e+01,-1.062375922376910786e+01,-5.936891189362439647e+00,-5.313613830030792684e+00,-8.685069943053854047e+00,-1.128871917724609375e+01,-7.312654923233720794e+00,-1.252987619986136814e+01,-1.059441897314455794e+01,-4.220322123385914281e+00,-4.248921629393913157e+00,-6.998786589294064164e+00,-2.447817688038210537e+00,-2.492437040101827428e+00,-3.124614367349042521e+00,6.260156975763998821e-02,-4.756559570960234851e-01,-4.945373265991090506e+00,-1.665158672051297373e+01,-1.655209524929523468e+01,-8.139064285697209300e+00,-2.986437806549171459e+00,-3.004872727789916098e+00,-1.025127401306397346e+01,-8.378323508219587268e+00,-3.088508166600755889e+00,-4.605208636804793976e+00,-9.044828508256209432e+00,-4.218683223770414159e+00,-4.100110676529260978e+00,-5.189485053531825542e+00,-1.213809821671909717e+01,-1.816042267365588003e+01,-1.057851975907882114e+01,-1.022419667233609530e+01,-8.840339892453307868e+00,-3.023990068638846118e+00,-2.467715404332718965e+00,-6.872197403882940314e+00,-1.325386927442418283e+01,-2.153096709979904944e+01
-2.351493051151434699e+01,-2.215802367362711323e+01,-2.130259056886037072e+01,-2.057353539516528329e+01,-1.244170584860775186e+01,-7.324530623853206635e+00,-5.519897178850239783e+00,-8.432279067320955335e+00,-1.325398102982176596e+01,-1.612427229434251785e+01,-2.086472798718346411e+01,-2.328019793166054541e+01,-2.496875764264000708e+01,-2.507213232583469775e+01,-2.284796187447177118e+01,-2.167927509380711371e+01,-1.474773473044236560e+01,-7.824965589162376389e+00,-5.342576813780599565e+00,-5.322421297534472018e+00,-4.082692259508702293e+00,-8.274284893025955157e+00,-1.264087783131334497e+01,-6.024406658692492478e+00,-3.629185590893030167e+00,-6.385272174659702316e+00,-1.310792520559496310e+01,-9.502626696394550265e+00,-5.211651222780346870e+00,-4.866032825058533184e+00,-5.467830934458309144e+00,-1.042316692819198032e+01,-2.050090448227193463e+01,-2.466350102259053045e+01,-2.066698267890347296e+01,-2.409001007344987499e+01,-2.220352831979592523e+01,-1.635099299583170307e+01,-1.316168601231442636e+01,-1.364594048799740023e+01,-1.574675893700785068e+01,-1.450443379415406042e+01,-1.507314151939418601e+01,-1.297123311211665531e+01,-1.519006706236137205e+01,-9.426793174197277025e+00,-8.822709711889425321e+00,-1.690872328811221692e+01,-1.898900946643617260e+01,-7.250021714717149734e+00,-3.195423603006121382e+00,-6.080596857911182873e+00,-1.177295430087380979e+01,-4.507054095609216660e+00,3.464333599828630095e-01,8.490969084846761161e-01,-1.877751610499722723e+00,-9.513730400862792536e+00,-1.610860816058185208e+01,-1.161024221529563327e+01,-3.660369087896671925e+00,3.357435338317979467e-01,-1.699096878405220723e-01,-5.967285164302059464e+00,-1.146185953666766544e+01,-7.758767461818125710e+00,-1.515720340023916757e+00,-8.793551205149520156e-01,-4.463690496774183281e+00,-9.958985182974073425e+00,-5.878542433182398774e+00,-1.463102541889384156e+00,-1.176568232299662897e+00,-6.655912169210044027e+00,-1.043720147758722305e+01,-1.120616683695051385e+01,-8.719546203398042650e+00,-8.971672511711302533e+00,-2.328419984515777585e+00,9.212211671955528036e-01,9.598294237083691005e-01,-3.380329365500882588e+00,-9.674013283931547136e+00,-1.596004323992464258e+01,-1.917373522122700891e+01,-1.927446257074673852e+01
-2.693438894715573895e+01,-2.802900325755278388e+01,-2.823051276140742871e+01,-2.261680515110492706e+01,-1.253586713721354862e+01,-9.072819179958766966e+00,-1.274193409830331802e+01,-1.270483354147937582e+01,-1.100503853956858258e+01,-1.284918992635276602e+01,-1.743597059282991779e+01,-2.208395760920312512e+01,-2.309800779488351452e+01,-2.477142024205790705e+01,-2.602258367670906836e+01,-2.314859593742423627e+01,-1.844683067335022741e+01,-1.763565274824698648e+01,-1.609549478027555836e+01,-1.326216307944721606e+01,-5.913163832906219497e+00,-2.629977429518476129e+00,-2.322090397860544275e+00,-2.546984153411661733e+00,-4.698465924296113982e+00,-8.445278729829523101e+00,-1.125514081037706760e+01,-1.070580798056390570e+01,-7.562704700562688842e+00,-6.955086245408488743e+00,-7.884908755620320342e+00,-1.164380596329768558e+01,-2.130417705906761938e+01,-2.520171938671006018e+01,-2.152993084324730688e+01,-1.975736504130893323e+01,-2.079871910810470581e+01,-1.596500457906060788e+01,-1.534830250259902762e+01,-1.570690549330578989e+01,-1.350716659261120611e+01,-1.016201723987857442e+01,-7.953177762321299582e+00,-6.582561857998371124e+00,-4.954189322061008482e+00,-2.733904415715692870e+00,-4.994782450314636968e+00,-1.391777772663368040e+01,-1.155408230092790411e+01,-3.942901327384687349e+00,-2.699937626240878519e+00,-2.835940944360724192e+00,-1.847960612843962735e+00,-1.370205415892996825e+00,-6.043371518250852503e+00,-1.293151497882273482e+01,-9.791203913589319185e+00,-1.350267638017733951e+01,-2.169080925153361505e+01,-1.435068118820587735e+01,-9.942315811084377231e+00,-1.003208603068358329e+01,-2.577915160370139347e+00,3.225159728762163613e-01,-1.970747865154407918e+00,-4.832121004867884650e+00,-9.935644545902809099e+00,-5.624456553409497239e+00,-5.726557124820020661e+00,-1.232428183737728311e+01,-7.091861927674876220e+00,-7.060977821341818839e+00,-9.062861308714168729e+00,-2.161514176624121930e+00,-1.114561390214172887e+00,-3.198094061944478650e+00,-2.803112863036707036e+00,-4.140558331971988082e+00,-2.412630796575589098e+00,-1.361244262652083536e+00,-3.139932455826460078e+00,-9.951862973057561845e+00,-2.039302862352795032e+01,-1.704061475892861566e+01,-1.357080311410956952e+01,-1.659863356914785015e+01
-2.757002910806073004e+01,-2.802685854997899639e+01,-2.750481343103779608e+01,-2.261810711026191711e+01,-1.751165715191099537e+01,-1.343558972494469828e+01,-8.038080592950185732e+00,-4.797737406980660424e+00,-4.170215648081567750e+00,-6.838627612839142778e+00,-1.452118944873412509e+01,-1.332143099026547617e+01,-1.347805916600757214e+01,-1.641398184663719562e+01,-1.573540575222836679e+01,-1.721837127043141180e+01,-1.868416796790229029e+01,-1.823082371056079865e+01,-1.464015620615747260e+01,-8.984659646948179201e+00,-9.332332270426881848e+00,-1.052331703528761864e+01,-8.749732865641513868e+00,-1.019825321974025911e+01,-1.750629813720782479e+01,-2.241192512710889062e+01,-2.197122454146544257e+01,-2.201805925534831232e+01,-2.268180906772613525e+01,-2.472593980696466076e+01,-2.097951440016428748e+01,-2.165484590662850195e+01,-2.329682439896795643e+01,-2.568113115429878235e+01,-1.896248934500747296e+01,-1.095588989969756888e+01,-6.402152301536665924e+00,-3.670032318112336878e+00,-2.313526706440219183e+00,-3.217209617270984534e+00,-8.089979925710293784e+00,-4.476918728577806483e+00,-1.320543026817025067e+00,-2.884811022215419296e+00,-5.473346936619943648e+00,-7.290504942931066434e-01,4.602313767811412881e-01,-1.014297423214884475e+00,-2.298319861532137409e+00,-2.340672258696334662e+00,-3.709240921404367786e+00,-4.431361948743465895e+00,-1.841467811607597316e+00,-6.773038265140105985e+00,-1.268433418621619602e+01,-1.275023274703158194e+01,-1.676943659865193936e+01,-1.379280884729491419e+01,-1.563251487082905200e+01,-1.570775586532221979e+01,-1.184399495936102298e+01,-8.748909889409938856e+00,-3.838124504105912216e+00,-2.538528761551586133e+00,-5.334269393791449154e+00,-4.219465968367229536e+00,-2.367431500176381931e+00,-4.114200047941671379e+00,-1.045652155412567907e+01,-1.438975971688826938e+01,-6.130066787410113349e+00,-3.214960970533158768e+00,-4.178197698771125346e+00,-9.676022990192803874e+00,-3.364487964186183788e+00,1.632047873129421456e+00,6.350752373804829931e-01,-3.252395301090675428e+00,-5.621294489544299111e+00,-9.160551445351707400e+00,-5.661059521552589402e+00,-5.561582075638903611e+00,-1.374319816753268242e+01,-1.666893381377061090e+01,-1.418252820273240467e+01,-1.717470330165492243e+01
-2.392716723514927679e+01,-1.960476628773742291e+01,-1.917592660254902270e+01,-2.009248560170332709e+01,-1.996553274492422858e+01,-2.041922851569122699e+01,-1.521536756555239300e+01,-8.943688046601083741e+00,-1.142722993095715900e+01,-9.652179571489492460e+00,-5.207391481018728285e+00,-7.545261179407437346e+00,-1.216874021126164251e+01,-1.476454308132330517e+01,-8.743636995140048995e+00,-4.922165165758794814e+00,-5.412118923695136807e+00,-7.851275300141423941e+00,-4.979484744292373755e+00,-2.611816730660696972e+00,-4.369072640444048972e+00,-8.707229207580288843e+00,-1.390608789647618870e+01,-1.215401455511649509e+01,-1.750023656421237561e+01,-2.400243110292487714e+01,-2.405289069314797601e+01,-2.442626600298616779e+01,-2.588885636793242639e+01,-2.261893512474166101e+01,-2.327265771892335522e+01,-2.451881328059567267e+01,-2.480058178636762989e+01,-2.365288613239924231e+01,-1.882596106164985272e+01,-1.093901009940438840e+01,-5.838287919138868354e+00,-5.848826739937067032e+00,-9.551217690317166387e+00,-6.539043170813885197e+00,-3.759915094405490432e+00,-2.787786458217953012e+00,-6.662595531696246631e+00,-7.886262508471393318e+00,-9.851590186150538386e+00,-7.879748335832522876e+00,-6.478366537433531747e+00,-1.141036761531399435e+01,-1.135265204848514742e+01,-9.649401776078674331e+00,-4.338105458028924666e+00,-5.234272962566567600e+00,-1.872810796540256284e+00,-2.206962072324434754e+00,-5.702091980725526810e+00,-1.144084782153367996e+01,-1.015404676314857291e+01,-4.758866493900616668e+00,-3.378430908649332043e+00,-5.082814410121904380e+00,-1.034281492398844904e+01,-1.326419316397772974e+01,-1.338667715671989633e+01,-1.407337299982706647e+01,-1.665456465383370599e+01,-6.830535692266291647e+00,-1.204184124210668339e+00,-1.626395513610785049e+00,-9.619307807853651582e+00,-9.531327993505531282e+00,-5.477744751092460618e+00,-3.998156942168457739e+00,-4.839758413222928546e+00,-8.246937685542636842e+00,-8.914854416727191477e+00,-3.674183510937533814e+00,-3.004012764212044662e+00,-5.943132711443467997e+00,-9.188073311414983735e+00,-2.862484773381664738e+00,-6.100479386223014444e-01,-3.980628918856382370e+00,-1.269431070072783285e+01,-1.534169539643658453e+01,-1.316624998384051892e+01,-1.479621479080783075e+01
-2.070789664487044135e+01,-1.337209820747375488e+01,-1.061136084877782437e+01,-1.132256349258952710e+01,-1.415098482204808050e+01,-2.097290139065848535e+01,-1.634089846577909100e+01,-7.286068518335620858e+00,-3.489763816456413981e+00,-3.144319899936211637e+00,-7.914710368133253127e+00,-1.766812207053105155e+01,-2.242881017757786566e+01,-1.562853590647379498e+01,-8.880009077489376068e+00,-7.512186960627635024e+00,-3.465803567837509647e+00,-2.125579920987850979e+00,-4.621037510595568776e+00,-8.878198968246579170e+00,-6.437229675654736027e+00,-2.028861915013597805e+00,-3.106948451785784826e+00,-9.592323387662569090e+00,-2.038539274036884308e+01,-2.032137449085712433e+01,-2.081960761215951550e+01,-2.417780401640468213e+01,-2.519964720639917743e+01,-1.851854120360480493e+01,-1.195876979496743964e+01,-9.797240117357837619e+00,-9.998883048693338438e+00,-1.142980923586421582e+01,-1.442909892482889944e+01,-1.689897282421588898e+01,-1.921334328916337597e+01,-2.035751624239815527e+01,-1.022611597097582248e+01,-7.080874746044476531e+00,-7.092544814739893511e+00,-2.264200703286203709e+00,-8.358139294367801231e-01,-2.166668898855277803e+00,-3.775553040287276119e+00,-9.745218651369214058e+00,-7.967073394606511094e+00,-3.770453413926588837e+00,-1.848957872967326388e+00,-1.956457960922206363e+00,-7.530570520501997933e+00,-1.219667995224396329e+01,-8.991001638687318831e+00,-7.113793419260117545e+00,-7.189800984743568435e+00,-9.743646822041934996e+00,-8.625135935429069534e+00,-8.404566407410634099e+00,-5.575794620853331551e+00,-5.476627790265613527e+00,-1.234604409337043762e+01,-2.162256751292281720e+01,-2.215616909828450787e+01,-1.919603688849343115e+01,-1.278933808538648798e+01,-5.279551732146905429e+00,-1.629087848398032445e+00,-1.495295572733286615e+00,-5.181164699140936136e+00,-1.596319824622737116e+01,-1.740995747596025467e+01,-1.766406175163056957e+01,-1.769627265466584021e+01,-1.447229206975963400e+01,-1.007656957705815692e+01,-1.455473951964328627e+01,-1.616175836241907504e+01,-1.437467925250530243e+01,-6.266551911058034108e+00,-3.608279623036246830e-01,-1.552285063914799368e+00,-9.436720603663060203e+00,-1.725069134765201184e+01,-1.468843310077985187e+01,-1.169868883242209812e+01,-1.362896581821971509e+01
-1.167835718641678433e+01,-1.137541120416588214e+01,-1.790864328377776715e+01,-1.796347509821255883e+01,-1.833789716247055424e+01,-1.638502771490150067e+01,-8.392730174793136655e+00,-2.115317896454750102e+00,-6.849631363559941510e-01,-4.206104487898604027e+00,-1.326267318758699609e+01,-2.071412137316333002e+01,-2.594308336575825891e+01,-1.446490403513113598e+01,-8.917952928278181091e+00,-7.811811904319458932e+00,-5.927783906873729691e+00,-9.490619090696176485e+00,-1.610119667814837641e+01,-1.089442101079556657e+01,-3.366278091769749459e+00,-1.943308590537122349e+00,-7.481427388265728951e+00,-8.081068978127506242e+00,-5.883679319587018952e+00,-7.771704462253385515e+00,-1.370664501604106711e+01,-2.260024475223488238e+01,-2.378559149636162573e+01,-1.619505857759051892e+01,-8.040701789160570101e+00,-4.695254930191570253e+00,-4.632697898066705733e+00,-7.062406671129995317e+00,-1.447422840694586377e+01,-2.416569476160738361e+01,-2.519642552402284252e+01,-2.538691926002502441e+01,-1.136999716361363788e+01,-2.729530045416646011e+00,8.439777549655345101e-01,1.439193209969542031e-01,-5.111525109263918232e+00,-1.758915077395108106e+00,6.694085178169567607e-01,-7.048881577516618036e-01,-7.831878069788217545e+00,-3.474717615951602667e+00,1.016674726195358480e-01,-3.217294580262710646e+00,-1.379642499652173804e+01,-2.208708955513106531e+01,-2.203015914228227246e+01,-2.196802115109231579e+01,-2.058261779612965015e+01,-1.812189527683787915e+01,-9.813480192588436068e+00,-7.438090380695131287e+00,-4.740965595882800088e+00,-3.904372307264970310e+00,-1.005730490593446547e+01,-1.441984058792392354e+01,-1.252343291747901155e+01,-1.354362064165373702e+01,-6.208036151507662304e+00,-4.255735783423814311e+00,-8.871528794782030047e+00,-5.472412179741594329e+00,-5.086881261732843384e+00,-7.748456202447414398e+00,-6.708855357848936052e+00,-5.485002524219453335e+00,-5.901971013078258999e+00,-9.175485705749856891e+00,-1.497632722184062004e+01,-8.835959356278181076e+00,-5.544225106740163334e+00,-2.836933455533451554e+00,-1.854524537743297286e+00,-5.029059620842518896e+00,-5.131289688689220085e+00,-7.612717570530043609e+00,-1.523135087556309131e+01,-1.505552984111838910e+01,-1.360134753419293219e+01,-2.026966544820202643e+01
-8.894051376316282287e+00,-9.099366222818693117e+00,-1.401899034364355856e+01,-2.336086867252985755e+01,-2.580615387856960297e+01,-1.788428959167665866e+01,-8.365698855784204468e+00,-5.067763336209787361e+00,-5.605898244616885684e+00,-1.015147713075081448e+01,-1.969438379175133136e+01,-2.416722652481661981e+01,-2.613728913499249273e+01,-1.548849011378155893e+01,-8.159553830822309450e+00,-4.471065315728385947e+00,-3.080186886868129026e+00,-3.923454422477839820e+00,-4.965154693318051926e+00,-3.024362479284819827e+00,-5.822548299381095305e+00,-3.546422781341890484e+00,-2.107135194819420576e+00,-2.255695894774463639e+00,-3.257367900572717190e+00,-6.199429841505156524e+00,-1.294767737471395108e+01,-1.379973493350876623e+01,-1.411130991081396679e+01,-1.136834331891602901e+01,-8.945992970632183017e+00,-1.605919117066595447e+01,-1.739060177654027939e+01,-1.351094985670513537e+01,-1.572961631251705938e+01,-2.256795443097750464e+01,-2.301396413809723285e+01,-2.047442041006353008e+01,-1.122605889290571213e+01,-5.308220738234619596e+00,-4.558952587449716098e+00,-7.414635325057639115e+00,-1.190364558415280527e+01,-6.591361369523736968e+00,-7.068626773336695202e+00,-8.464406560330340668e+00,-1.991484632002134880e+00,-5.005600282684099511e-01,-1.913692107967411404e+00,-7.708777704586585067e+00,-1.986986606154177082e+01,-2.219898867938253773e+01,-2.483062379558881005e+01,-2.489552392562230310e+01,-2.176804155939155194e+01,-1.975385097497039411e+01,-1.237390717450115396e+01,-4.738615796487364307e+00,-3.800855630616650771e+00,-6.903899290288488366e+00,-4.163904046458709374e+00,-7.240933247043762622e-01,3.602204775136972903e-01,-3.287439250634633936e-01,-2.658999255492946912e+00,-5.172404050827026367e+00,-5.370101422278417580e+00,-5.543515967826048829e+00,-1.004692259596453852e+01,-1.186637422525220487e+01,-5.778341383776730567e+00,-3.191067497142487053e+00,-4.209343744234906204e+00,-7.327319200254148512e+00,-1.172659824457433508e+01,-8.204849719173378020e+00,-5.412065502670076356e+00,-7.690636446906460755e+00,-9.732188557585081057e+00,-6.201308962061172991e+00,-4.161956593471889398e+00,-4.212495614464084603e+00,-9.788318552490737900e+00,-1.209502237041791339e+01,-1.143761244664589505e+01,-1.446196288698249433e+01
-1.393719310727384375e+01,-1.377912837266921997e+01,-1.651861579385068524e+01,-2.387861236433188239e+01,-2.689151663415961835e+01,-2.024232158892684552e+01,-1.793883114225334552e+01,-1.878125153813097370e+01,-2.015465695990456396e+01,-1.986613212525844574e+01,-1.973263796998394781e+01,-2.057468940483199304e+01,-2.084759910404682159e+01,-1.664412779278225329e+01,-1.355327112558815195e+01,-1.521751816736327356e+01,-1.503444519059525675e+01,-5.263224326391031660e+00,2.199465794555079678e-01,-2.109189038817728790e+00,-9.856244065695339174e+00,-1.486107276876767536e+01,-1.170557021598021130e+01,-1.288738480707009693e+01,-1.710855326718754199e+01,-1.777413128730323422e+01,-1.447221602499485016e+01,-1.023241196572780609e+01,-4.836337357345554366e+00,-3.044548172710670464e+00,-4.862207630235287681e+00,-9.810643054544925690e+00,-1.225568174239661978e+01,-9.050156681074035703e+00,-7.505581376660201087e+00,-9.090969798465570406e+00,-1.042910154908895493e+01,-1.779119877020518103e+01,-1.759759678608841327e+01,-2.016640598244137195e+01,-1.712374343640274432e+01,-1.604303287963072577e+01,-7.723237476208144159e+00,-3.081255639469923757e+00,-2.041830196271297915e+00,-4.282808957621455193e+00,-1.307310616556141092e+01,-1.250516052833861735e+01,-8.067243616407116846e+00,-9.660356513328022032e+00,-1.731664101199971384e+01,-2.448603121274047467e+01,-2.442491325901614374e+01,-2.104182858102851483e+01,-2.141778336299790197e+01,-2.133116576572259149e+01,-1.293971791863441467e+01,-5.390198890326751702e+00,-6.358143013022425905e+00,-1.484087304605377966e+01,-8.445393202412459388e+00,-1.831635266834079401e+00,-3.190213176682947349e+00,-1.088633487704727365e+01,-1.046955672237608148e+01,-1.324091461631986810e+01,-1.964349431130621326e+01,-1.743556790550549707e+01,-1.697988254163000477e+01,-1.444395361426803781e+01,-6.982922758907079697e+00,-6.668511440770493515e+00,-1.062070683389902115e+01,-9.267286198834577604e+00,-1.155933629555834585e+01,-1.618710100485218817e+01,-1.688929159277015302e+01,-1.695294127033816522e+01,-9.940871118257442518e+00,-2.317061652539349481e+00,-5.117401235745799859e-01,-4.426635525397917270e+00,-1.259811713049809079e+01,-1.368517385588751978e+01,-1.151935284253623770e+01,-1.442062352266576575e+01
-2.765424797104464716e+01,-2.606522769398159411e+01,-2.594173245959811780e+01,-2.541313232978184899e+01,-2.409859747025701893e+01,-2.470386056270864117e+01,-2.194352969692813105e+01,-2.429897472427951044e+01,-2.488937306072976696e+01,-2.628839472929636756e+01,-1.943016126089625928e+01,-9.308349761697980895e+00,-6.234945027416364915e+00,-4.562813494457966357e+00,-3.893488554077015884e+00,-4.305988929130965204e+00,-3.350817382675207678e+00,-1.700768703677264737e+00,-3.580623671218442272e+00,-3.877042766299483745e+00,-5.439129343049393661e+00,-1.124699614900681688e+01,-2.039178896115885919e+01,-2.314849184784624470e+01,-2.363139096068011469e+01,-2.325845686429076764e+01,-2.291561438143253326e+01,-1.405871522757742120e+01,-9.119503631773921981e+00,-9.006650323669115110e+00,-1.033105582536922640e+01,-1.360650955968432996e+01,-1.362803967710998343e+01,-5.082319711438483267e+00,-2.026244903966370359e+00,-2.534890406118291750e+00,-7.256065744078821211e+00,-1.484392972952789691e+01,-2.347232055498493963e+01,-2.148175226814216998e+01,-1.626852407223648456e+01,-1.647562136335505301e+01,-9.349258512258529663e+00,-3.150396729280651620e+00,-2.700411337355035357e-01,-3.045621990216103470e+00,-1.537060874617761996e+01,-1.778725897272427758e+01,-2.006839310295051959e+01,-2.191475993560420221e+01,-1.941662782596217340e+01,-2.257394977907339850e+01,-2.401613575220108032e+01,-1.511992150048414807e+01,-8.208964810189273820e+00,-5.453933374438848958e+00,-2.792465986890925400e+00,-2.414141146317382969e+00,-2.772067847118402373e+00,-2.753127199080255494e+00,-4.354099099006917939e+00,-1.030172043376498792e+01,-8.621750271982616454e+00,-4.317899358769257567e+00,-5.272015258100712032e+00,-9.966875945528348879e+00,-2.034372633695602417e+01,-2.437391568058066937e+01,-2.497736612459023675e+01,-1.262796122084061246e+01,-5.370184654162989624e+00,-2.091048876793744515e+00,-3.193012631084355846e+00,-1.008982401548160368e+01,-1.575511906461583322e+01,-1.697367171363698191e+01,-1.767084218313296518e+01,-1.660879087530904386e+01,-6.279812536409331791e+00,-1.192072410761732648e+00,-2.627006565727949994e+00,-1.113273487633301073e+01,-2.027317959401342762e+01,-1.867837464643849188e+01,-1.665354427198569098e+01,-1.929060353669855488e+01
-2.941128264036443341e+01,-2.972608448730574793e+01,-2.915207546452681342e+01,-2.465914487838745117e+01,-1.645050978495014959e+01,-1.365873130576478189e+01,-1.552651606417364505e+01,-1.958920973042647162e+01,-1.844915835890505207e+01,-1.588584170076582147e+01,-1.489610607094234851e+01,-7.594750784751441941e+00,-1.541053484289376607e+00,-1.695633120404737459e+00,-7.501584925585323305e+00,-4.106431480652342536e+00,-2.868886023345920577e+00,-9.209575029090046883e+00,-7.767280145224908061e+00,-5.431604843133957417e+00,-3.309988589465825193e+00,-8.234233745891186729e+00,-2.036026851170592877e+01,-2.320458110504680249e+01,-1.509155495961507221e+01,-1.194440841467844194e+01,-1.208054819578925709e+01,-1.340963916480541229e+01,-1.280512043668164068e+01,-1.747701393067836761e+01,-1.620925385670529550e+01,-1.169614790959490591e+01,-1.390638912800285532e+01,-7.948090308242374391e+00,-7.181699017269743912e+00,-1.334923305196894461e+01,-1.263431826233863831e+01,-1.767013136876953894e+01,-2.419334617919392016e+01,-2.047811172902584076e+01,-9.850402567949560151e+00,-4.894619416652454369e+00,-5.510361281818607182e+00,-2.509467369221157540e+00,-1.126216789654992945e-01,-2.225295881089045302e+00,-8.526273220363590255e+00,-1.720777189566029364e+01,-2.410183389319313818e+01,-2.454452082514762878e+01,-1.645752062234613788e+01,-1.251649828172392276e+01,-1.131341653399997327e+01,-1.439158491873078916e+01,-8.911581720328992873e+00,-3.956104810090942614e+00,-5.652416194064749710e+00,-1.345480445399880409e+01,-1.516233917656871988e+01,-1.107608292582962228e+01,-7.740151437206400864e+00,-1.317754636125432199e+01,-8.969823946969377459e+00,-3.851182440606256474e+00,-4.326457732253604860e+00,-8.625271685421466827e+00,-1.697223945127593225e+01,-2.366242762572235492e+01,-2.344022964768939588e+01,-1.683714016775290290e+01,-1.024988133625851816e+01,-9.574109726068046555e+00,-7.664767147352297805e+00,-5.053288749651983380e+00,-5.486228648366199501e+00,-6.036678692946831681e+00,-1.036062731179926111e+01,-8.390001109076870023e+00,-4.770219566248771415e+00,-5.370044754300680623e+00,-6.146519274140398004e+00,-1.108647457303272432e+01,-1.946913902627097315e+01,-1.981542420221699530e+01,-2.244695659975210944e+01,-2.358147579928239068e+01
-2.950464509593115991e+01,-2.944450776941246417e+01,-2.940526894397205737e+01,-2.601909821563296887e+01,-1.575779654665125662e+01,-7.900492369300788909e+00,-5.311191076826718316e+00,-5.582708332066734336e+00,-6.023123304463094740e+00,-9.396982808079984650e+00,-1.781065377096335212e+01,-1.257793116610911177e+01,-2.283992248444216333e+00,-3.624115678000331964e-01,-5.164060057011536031e+00,-5.603015970225290410e+00,-2.348628215614654569e-01,5.968943758554006163e-01,4.336073150164641565e-01,3.955265390229922295e-01,-1.729412556745349550e+00,-6.802480319928791985e+00,-1.150594757166173743e+01,-8.837932187029057474e+00,-5.032997338204747706e+00,-2.287237989884387090e+00,-2.105286660655918851e+00,-3.609547774928311359e+00,-7.275972080727417968e+00,-1.322680763734711462e+01,-1.295621143860949331e+01,-5.975581152571572296e+00,-2.598839103166634690e+00,-3.016573031235667557e+00,-7.292433035042551026e+00,-1.910988079922066873e+01,-2.481049524744351586e+01,-2.234601223799917591e+01,-1.316792397201061249e+01,-9.562849148280090361e+00,-3.992010387663160298e+00,-3.438955354750052873e+00,-6.298709844976353445e+00,-3.923462591450920023e+00,-5.612164879631665215e+00,-1.293448827788233757e+01,-1.681077905495961389e+01,-1.955645659648709866e+01,-2.350480443570349109e+01,-2.530082387063238514e+01,-1.193444564938545227e+01,-3.779962151570847251e+00,-1.713482014944045506e+00,-1.989455628103718787e+00,-5.741467331781880290e+00,-1.220618458837270737e+01,-8.614464238286018372e+00,-8.975616924464702606e+00,-1.803608628776338207e+01,-1.210517873863379101e+01,-5.702708333937658303e+00,-3.420964305909971248e+00,-4.149826704731418126e+00,-8.900080265270339908e+00,-1.805349772754642856e+01,-1.782455077850156400e+01,-1.695578093247281259e+01,-1.065313647935787777e+01,-8.343146417703893647e+00,-6.534637329996460409e+00,-4.410018578141817969e+00,-5.608524270556194402e+00,-8.485409340924686461e+00,-8.124252812419500813e+00,-5.546118901550775027e-01,3.144519139500011606e-01,-2.258774197236764092e+00,-3.949690597675119985e+00,-9.084638833120051160e+00,-1.387719218101766394e+01,-1.507030593603849411e+01,-1.750242862105369568e+01,-2.266225727564758685e+01,-2.324566198885440826e+01,-1.708176340825027850e+01,-1.526804427968131250e+01
-2.950239960187011334e+01,-2.932617348266972357e+01,-2.875915919409857935e+01,-2.514847248958216852e+01,-1.821638683809174353e+01,-1.135663009683291058e+01,-7.860315648217995665e+00,-7.404897015334831245e+00,-7.020994985062214866e+00,-6.018942845778332718e+00,-7.309473682194948196e+00,-7.410390147318442366e+00,-5.222960779055331848e+00,-2.777050929189297523e+00,-4.327355267350665002e+00,-3.558881974779069424e+00,-6.473233253824824951e-01,-3.478112266821426601e+00,-1.121704724068856862e+01,-9.074988061769140302e+00,-8.288162935525178909e+00,-1.392704248925050159e+01,-8.559101447049114242e+00,-3.265614848739156972e+00,-3.096471631511425127e+00,-8.552479818566805392e+00,-1.333105623515115923e+01,-9.713931170602640108e+00,-1.042082140015231317e+01,-1.774999340871969977e+01,-1.788986762033568567e+01,-8.383247614113820134e+00,-1.517223300101048000e+00,-1.802422027530458992e+00,-7.194735584573613174e+00,-1.337398082349035455e+01,-1.612913665920495987e+01,-1.786490005585882557e+01,-1.182966750611861606e+01,-2.485549489598472217e+00,-2.967088521220123121e-01,-2.779079291580678124e+00,-1.018422734323475076e+01,-1.528207800206210898e+01,-1.188806717925601575e+01,-1.446639655282100101e+01,-1.798683662381436932e+01,-1.894895036684142298e+01,-2.195709805190563202e+01,-2.214096522662374866e+01,-1.032692855265405463e+01,-3.556889070695534727e+00,-9.868995685004240681e-02,-2.591126501506045621e+00,-5.976120657261668079e+00,-9.030050386095859194e-01,-8.094415718741301280e-01,-5.806816158985181886e+00,-8.470132695717943250e+00,-5.370621757041488920e+00,-2.814582024791485004e+00,-7.930030681348095634e+00,-1.037499786251121137e+01,-1.068623584343327337e+01,-1.916789407696988690e+01,-2.306318801144758979e+01,-1.391046970585981946e+01,-6.838761702593830094e+00,-3.470450331456959248e+00,-3.289899203240767900e+00,-3.690013787465836081e+00,-2.360721074258132379e+00,-2.038828972752930291e+00,-2.944369594165538118e+00,-4.651972161720753007e+00,-3.126648588721258726e+00,-2.392406609476893209e+00,-7.847918889174859025e+00,-1.061921325077613254e+01,-1.399892850965261459e+01,-1.896219278375307837e+01,-1.924779611080884933e+01,-1.960853513826926431e+01,-1.683920399679077917e+01,-1.191292402727736288e+01,-1.213332522329356955e+01
-2.936192431880368048e+01,-2.923772627777523425e+01,-2.730393946336375421e+01,-2.327330309152603149e+01,-1.992192377315627283e+01,-1.581500330567359924e+01,-1.134361599882443805e+01,-1.387312137169970327e+01,-1.690372197992271808e+01,-1.432016135586632544e+01,-1.114901982992887497e+01,-1.636552990890211490e+01,-1.781782043476899347e+01,-1.256224119952983287e+01,-7.671667848610216112e+00,-4.067103393608704209e+00,-1.942478760677557981e+00,-4.848476201709774003e+00,-1.509120704978704453e+01,-1.624550087418820965e+01,-1.915558907886346063e+01,-1.846213111446963495e+01,-1.319626233230034451e+01,-1.194242725769678692e+01,-1.182247921700278859e+01,-1.324973067993091291e+01,-1.806271142346991354e+01,-2.347244970417684939e+01,-2.153582224580976856e+01,-1.573324628339873499e+01,-1.136533037407530600e+01,-4.670582803690598972e+00,-4.879414817967497320e-01,-9.762454038152807989e-01,-5.460459141348514400e+00,-4.837153545684284239e+00,-7.222815115004777908e+00,-1.377470382965273288e+01,-1.204652676896916574e+01,-3.883092341124009028e+00,-1.325780322816753065e+00,-4.766119714722865552e+00,-9.470499021311601595e+00,-5.282005834718195736e+00,-2.947256511335985429e+00,-3.985199947324064240e+00,-9.575787435803148284e+00,-1.336010454595088959e+01,-1.163833203373683745e+01,-1.164768753449122052e+01,-1.140914028882980347e+01,-7.897965315729379654e+00,-1.157241646614339636e+01,-2.644015982176167956e+00,2.585902230060633578e+00,5.029829963006907434e+00,4.393364445202880830e+00,1.698551270000810687e-01,-3.393103725706977158e+00,-3.636883778835504621e+00,-2.410013016365054384e+00,-3.078510814449853417e+00,-5.635643407081563971e+00,-9.372039563126033812e+00,-1.651046644399563590e+01,-1.550220964683426672e+01,-1.208676070223251919e+01,-9.582195695075723663e+00,-1.281916294081343466e+01,-1.086874342213074307e+01,-9.940322573400205641e+00,-1.027155802937017626e+01,-1.257376446740494913e+01,-1.216171478769845393e+01,-1.520616489069329447e+01,-8.577519252068466216e+00,-4.127530325204133987e+00,-4.505345118232071400e+00,-7.794721416094237298e+00,-1.155672244975964169e+01,-8.594949957397249207e+00,-4.929699482396245003e+00,-4.234005221721923284e+00,-7.616402535802787810e+00,-1.406402079347107126e+01,-1.208928444981575012e+01
-2.867317500876055902e+01,-2.944055476122432324e+01,-2.725808215306864923e+01,-1.903084079755677038e+01,-1.266876206629806134e+01,-9.435343082580301299e+00,-8.234854907625251741e+00,-5.509259028981129624e+00,-4.700400454923510551e+00,-7.038696007596121795e+00,-1.519727109207047278e+01,-2.263036240306165325e+01,-2.471622210244337836e+01,-2.199877679016854870e+01,-1.036179546059833712e+01,-5.251661875181728334e+00,-5.525923741463985905e+00,-7.872245680954721436e+00,-1.194462929914394955e+01,-1.477271694689989090e+01,-9.922028452157974243e+00,-9.343927620185745297e+00,-9.165848707780241966e+00,-9.000016842451360688e+00,-1.081742927845981406e+01,-1.082646171831422421e+01,-1.270068783561388592e+01,-1.189340980764892386e+01,-1.319158101164632413e+01,-1.418965893983840942e+01,-1.127703519413868527e+01,-9.318832854636841745e+00,-1.390902292957030717e+00,-3.355098546825401318e-01,-6.796009583563621170e+00,-5.497566935916741393e+00,-4.705629683410127662e+00,-1.125316116213798523e+01,-1.136735727969143106e+01,-7.911665658983919158e+00,-1.102417042106389999e+01,-4.970418762105206945e+00,-2.209655736865695719e+00,-2.709951680140673336e+00,-8.067703188293510408e+00,-7.757223472309608958e+00,-3.791089483122858539e+00,-1.953295716019965766e+00,4.995849087216710505e-01,3.262918906247149753e-01,-4.704727428329028349e+00,-1.080161153835554977e+01,-3.721590958147620309e+00,-2.052998621994144290e+00,-6.011271124797834098e+00,6.926349437471799320e-01,2.886790952566014923e+00,-1.748993135579641756e+00,-3.739712557587861586e+00,-3.895108879902787979e+00,-1.323543846127061441e+00,-5.140786915176755123e+00,-6.159815854082505204e+00,-2.343457305577532068e+00,-4.820958578778016701e+00,-1.236056510524617380e+01,-1.077138998856147190e+01,-6.294776751763290434e+00,-3.900498263537883759e+00,-2.760577569929106634e+00,-4.534543859668904275e+00,-9.584976343438029289e+00,-1.888073511090543377e+01,-1.834868954784340289e+01,-1.363619431356588940e+01,-9.312880176222986250e+00,-5.256633047428396210e+00,-4.868123944848775864e+00,-8.731992851114934950e+00,-1.240563702169391824e+01,-8.075993968794742628e+00,-5.895596460491004720e+00,-4.795693273972978510e+00,-2.484291650212576918e+00,-3.433226426752904903e+00,-6.881152826464838057e+00
-2.579787523216671374e+01,-2.956416000425815582e+01,-2.735620475477642444e+01,-2.046200949284765613e+01,-1.703720825910568237e+01,-1.524692326287428479e+01,-1.360584565417634195e+01,-6.571703080915742845e+00,-3.501112336085902221e+00,-6.795422640939553283e+00,-1.896978989657428372e+01,-2.432436152464813617e+01,-2.510975066820780555e+01,-1.789201531973149883e+01,-1.027576986493335909e+01,-5.067786430319149993e+00,-6.805982087221410737e+00,-8.899790921145015687e+00,-8.402398610280620517e+00,-8.930932496984800295e+00,-5.054799633721510865e+00,-2.803641918580979109e+00,-2.179715858235593107e+00,-3.422183594200760126e+00,-9.544799759984016418e+00,-4.274530426020293206e+00,-1.425896147511290790e+00,-4.080728491177271877e+00,-1.334555702408154865e+01,-1.534236386997832113e+01,-8.048938826554351778e+00,-4.147148676992704175e+00,-3.728824538288689538e+00,-3.750905414577573538e+00,-3.117563331046969477e+00,-3.427068885622753136e+00,-5.379929031141930551e+00,-1.168847668915987015e+01,-1.144808664835161593e+01,-4.615388884571277828e+00,-7.365965171809674139e-01,8.291873616674112490e-01,-2.400629897355328168e+00,-9.259157560093122186e+00,-9.834178470075130463e+00,-1.530316425280438608e+01,-9.200159133308464021e+00,-3.855842734185797482e+00,-2.350979168304345723e+00,1.067645765851719108e+00,1.383983465573692229e+00,-1.316053765905962791e+00,-6.855575731541547313e+00,-6.225437195143765479e+00,-6.070126655821998618e+00,-6.416862908585851066e+00,-1.422656415930962037e+00,-1.510861666080826504e+00,-2.518797273139676385e+00,-2.334323230483215106e+00,-2.783780625740114978e+00,-2.024363309993835625e+00,-3.637474428703879048e-01,-7.795129277150812941e-01,-4.328447984428041906e+00,-1.266982061498694989e+01,-1.112018866340319256e+01,-5.229930657065576582e+00,-7.904070880677965150e+00,-7.334204732336932153e+00,-1.715494393797901695e+00,-2.539442286842232832e+00,-7.511967134558492631e+00,-1.188752976308266263e+01,-1.805572767514321697e+01,-1.415235346691527774e+01,-1.320952706784009933e+01,-1.249482065604792780e+01,-9.096409036053550778e+00,-8.159630834228462248e+00,-7.396094592909018495e+00,-1.353013532443178946e+01,-1.703911701175901783e+01,-7.722352083151538871e+00,-4.665776243019434943e+00,-7.917103312081760436e+00
-2.496300130420260999e+01,-2.870568116505940637e+01,-2.799585505988862622e+01,-2.588043365048037714e+01,-2.638226734101772308e+01,-2.239954657687081152e+01,-1.156096844789054678e+01,-6.530043378472328186e+00,-5.711504096165299416e+00,-7.823398250258630782e+00,-1.531939312318960766e+01,-2.521918725387917704e+01,-2.432219819227854529e+01,-1.301146389544010162e+01,-6.035207392026980422e+00,-4.609483587348626621e+00,-4.902925441662470796e+00,-7.015052309880654313e+00,-1.501548382391532321e+01,-1.591415935009717941e+01,-8.480361992700231610e+00,-1.030395916311277205e+01,-1.183298690451515967e+01,-5.243710388636423581e+00,-7.966189599699444734e-01,8.707081899847253226e-01,1.678292162671116139e-01,-4.105701773608517513e+00,-1.465932968424426264e+01,-1.595969804128011127e+01,-1.265392880307303614e+01,-1.552900115897258182e+01,-1.945956080655257026e+01,-1.891723456068171316e+01,-1.752876119315624237e+01,-1.299580364757114026e+01,-7.551100463916857741e+00,-1.135783339995476915e+01,-1.460926153014103512e+01,-4.999974376522004604e+00,-1.388925965397195039e+00,-2.295485485145642546e+00,-6.729684682355986602e+00,-8.773525146974456845e+00,-4.745161757700973482e+00,-3.196455857302579417e+00,-6.568681972204810648e+00,-1.635657262553771218e+01,-1.452781055122613907e+01,-5.639893673437957666e+00,-4.386152852595033735e+00,-6.590810965565550461e+00,-1.410711051109764291e+01,-1.137490881234407425e+01,-7.423988592293527589e+00,-4.446788307227608428e+00,-4.047241325386696786e+00,-9.117713008903795213e+00,-1.790336749371554959e+01,-2.154689564473099139e+01,-1.910320099525981519e+01,-1.312068574130535126e+01,-1.063562940888934705e+01,-1.016224784569607920e+01,-1.337242637326320072e+01,-1.524220764140287976e+01,-1.516585894674062729e+01,-7.612912290005220406e+00,-1.949748069350284219e+00,-2.569668715182666041e+00,-6.992307178119921751e+00,-1.481653181802256691e+00,-5.742432063095495032e-01,-3.914266182145285100e+00,-3.146603339678323508e+00,-1.823311623952273974e+00,-4.010408268023941680e+00,-9.697069872481128172e+00,-5.148217711818385389e+00,-8.832241064163908195e-01,-3.164790862487279810e+00,-1.265337056873573118e+01,-1.858294784526030341e+01,-1.097159458986586955e+01,-7.967825306372509964e+00,-9.883298966619703307e+00
-2.637617614368597785e+01,-2.765034631722503278e+01,-2.671062752604484558e+01,-2.342018303109539801e+01,-1.889880239797962957e+01,-1.451518274098634720e+01,-1.169498601886961175e+01,-1.658018383218182379e+01,-1.678352179957760626e+01,-1.737352818085087591e+01,-1.696021688812308881e+01,-2.200688667264249432e+01,-2.126039891276094806e+01,-1.205568837912546343e+01,-4.276001209807064996e+00,-4.252794448144009642e+00,-4.328248999633716565e+00,-1.823032013621539438e+00,-3.115805409964297112e+00,-4.584784573707212374e+00,-7.392909412168794603e+00,-1.572333530584971051e+01,-1.592414219015174481e+01,-1.400803504387537579e+01,-1.190739730455809209e+01,-1.007005914326550311e+01,-1.036457764833337691e+01,-8.067209211488565401e+00,-1.047170601495438191e+01,-9.829927213903930650e+00,-7.696613393310043350e+00,-1.005062740875614935e+01,-9.746639033572542132e+00,-1.089992674026224329e+01,-1.156772413270341104e+01,-9.704280109041267366e+00,-5.148671470582485199e+00,-2.820788414786673304e+00,-1.646916807185334619e+00,-2.250818392783306532e+00,-7.045716504812137515e+00,-3.981034688097073282e+00,-3.384092417277214437e+00,-4.465603591046399146e+00,-6.437582491897046566e+00,-6.953554685538013480e+00,-7.794703977803389527e+00,-1.716895705627070612e+01,-1.388701130863693045e+01,-8.201112163563569979e+00,-9.576183404359552398e+00,-1.229168996752964205e+01,-1.026871361749039835e+01,-1.051001311176353070e+01,-6.782422256552511186e+00,-5.042562791249817877e+00,-5.103055075224903092e+00,-9.601647311200698809e+00,-1.835287838760349644e+01,-2.352543956372473133e+01,-2.241410637232992542e+01,-2.220013147426976019e+01,-1.939470710357030114e+01,-2.263754316667715827e+01,-2.236336007879840082e+01,-1.970943249762058258e+01,-1.978813052011860663e+01,-1.763206954879893118e+01,-3.353352744618961268e+00,9.569985320979159660e-01,1.914880141589997642e+00,6.466552405149236238e-01,-4.230719565889255129e+00,-7.404398028615913674e+00,-1.085971922401768097e+00,6.255766064908433455e-01,-1.472953792486843272e-01,-1.788394163286284311e+00,-1.638855803749821538e+00,-9.854777570193012926e-01,-1.349119065187147193e+00,-5.605743342464039713e+00,-1.041948516480624676e+01,-9.069595165136787429e+00,-7.190189839651186965e+00,-1.128151162879334635e+01
-1.515297990706231879e+01,-1.693701784478293604e+01,-2.063211441536744317e+01,-2.461727441847324371e+01,-1.544117761651674847e+01,-8.263350869218507810e+00,-6.114668472773498564e+00,-9.111266507870620757e+00,-1.745299456434117502e+01,-2.070848919285668188e+01,-1.574933388580878635e+01,-9.207868465946781100e+00,-6.442812066525220871e+00,-7.495852872004939549e+00,-4.405619240287403038e+00,1.761923094764319409e+00,1.289302725041731490e+00,-4.935304479725244775e+00,-2.435058519612034011e+00,-3.063992677722126245e+00,-1.260154453871978575e+01,-1.230078922377692408e+01,-8.876172022273143725e+00,-7.079301902403433822e+00,-7.628529800929957361e+00,-8.437139728003078432e+00,-7.822325764430893891e+00,-4.057414793564627864e+00,-7.824039916092968561e-01,-1.771295628343876993e+00,-8.926438341020709544e+00,-5.665512708533141151e+00,-1.199163988171019657e+00,-2.691447485445274346e+00,-9.939906787955099077e+00,-1.283159463769859698e+01,-9.142819374799728394e+00,-1.189088283686174208e+01,-1.023456730341745669e+01,-3.645964324469483930e+00,-2.884189398470981658e+00,-3.109583876196160723e+00,-2.087589113465381008e+00,-3.341842980622055315e+00,-8.742114797234535217e+00,-8.992055416107177734e+00,-7.589407306992345781e+00,-1.116722810847891623e+01,-1.473484676993555453e+01,-6.877246937404076554e+00,-3.404477653611037269e+00,-3.381557310000061989e+00,-6.421497934394412965e+00,-1.348498886740869906e+01,-1.348541942238807678e+01,-1.543742993142869757e+01,-1.491086973332696530e+01,-1.428047926227251629e+01,-1.892467959225177765e+01,-2.380097768041822803e+01,-2.527265357143349078e+01,-2.116387129657798383e+01,-1.216782999204264826e+01,-8.476804250230392412e+00,-7.164228469340337746e+00,-7.355758514876167276e+00,-9.884497912393676700e+00,-8.327177875571781129e+00,-3.515010071704940398e+00,-2.658845363113667037e+00,-6.646266167347978815e+00,-1.107567106466740370e+01,-4.639851979290445350e+00,-4.855556845871938698e+00,-1.039313829607433703e+01,-7.537580204920636184e+00,-1.056413013612230678e+01,-1.531927291138304525e+01,-1.369750968449645612e+01,-1.346391943842172623e+01,-9.634647151662242948e+00,-3.454062068550330267e+00,-2.429597735692772709e+00,-4.756592349045806856e+00,-1.144059412264161679e+01,-2.262171942492325982e+01
-1.219116298357645611e+01,-1.381944517956839746e+01,-1.973284989595413208e+01,-2.499774344762166223e+01,-1.620634283290969080e+01,-1.184177925768825723e+01,-1.018990179937746809e+01,-5.426750694712002776e+00,-5.283326885352532365e+00,-8.781051427125930786e+00,-1.331976512488391684e+01,-6.363956501500473983e+00,-1.568336424569780396e+00,-2.712668986824509076e+00,-4.695815437767628886e+00,9.420419141202324154e-01,2.070921193625610002e+00,1.482359927711109471e+00,7.528181254719028548e-01,-2.076703247026469246e+00,-1.197526461693147759e+01,-1.149436156989799684e+01,-5.099635633846951954e+00,-3.696280834316793218e+00,-4.130451716793079875e+00,-6.186946315069993041e+00,-1.039818021241161539e+01,-4.551925165371762283e+00,-3.386773341045934860e+00,-5.732281321061439172e+00,-3.578223432207273014e+00,-3.771873482722892579e+00,-3.725874694161272149e+00,-4.122580049507734046e+00,-9.074988886300060287e+00,-1.799718746956851589e+01,-2.325402360161145410e+01,-1.748029034253623593e+01,-1.444160908460617065e+01,-1.494505500379535867e+01,-1.213799348887470053e+01,-1.140446701438890642e+01,-1.059967333078384399e+01,-1.313043801817629053e+01,-9.655986149691873521e+00,-1.006520180735323144e+01,-5.516687608013550737e+00,-4.864332784588138558e+00,-2.760074100560612198e+00,-2.709805891397991218e+00,-8.054031848635835544e+00,-6.632302259198493033e+00,-5.937317909879817002e+00,-1.289831639743513492e+01,-7.408078943275743455e+00,-4.618116934887236624e+00,-4.818814739442637496e+00,-8.806951327870288893e+00,-1.443174545632468408e+01,-1.456003649863931848e+01,-1.512175017346938510e+01,-1.635146644545925909e+01,-7.558603846571511298e+00,-1.263473863599453351e+00,-8.951623909453904071e-02,-3.121642175977791034e+00,-9.971077002171012893e+00,-5.935612984415557847e+00,-7.400691003435188264e+00,-8.549807119286722212e+00,-4.888095143451614000e+00,-8.871679218046160997e+00,-5.680739388180275462e+00,-1.809701536400502242e+00,-2.216773943481610942e+00,-5.149293471127748489e+00,-1.005725532521804233e+01,-1.027740662876102640e+01,-6.318640365368789702e+00,-4.259360838681459427e+00,-5.260173052549362183e+00,-1.198349261201090243e+01,-1.039189916476607323e+01,-8.804408171938526095e+00,-1.520419818825191882e+01,-2.268519474897119892e+01
-1.572111144165197949e+01,-1.497770361436737829e+01,-2.230821064776844409e+01,-2.404270897640122229e+01,-2.346670709550380707e+01,-2.414845528370804217e+01,-1.632694076332781208e+01,-6.716948262933227554e+00,-3.763615162836180694e+00,-6.897762755966848403e+00,-1.502212686588366886e+01,-8.512738688124549924e+00,-4.194208452374571294e+00,-2.286546201703862913e+00,2.344762622508116817e-02,1.752341253248946296e-01,-4.768639981776788161e+00,-4.156487039382328774e+00,-3.509046485486679856e+00,-6.526293345151417569e+00,-2.878646809840574861e+00,-2.242724650536223940e+00,-5.368447902922828696e+00,-1.342596880429320905e+01,-1.645189215077294165e+01,-1.513250960078504370e+01,-1.447018470697932813e+01,-6.909057823734150894e+00,-4.694666907915638454e+00,-6.069040277921077475e+00,-6.569169719186094270e+00,-1.014992823286188894e+01,-1.082667499366733743e+01,-1.363159390704499430e+01,-1.658434352609846485e+01,-2.067451978392071155e+01,-2.148700086772441864e+01,-2.131399937139617151e+01,-2.611502844923072431e+01,-2.126876466307375324e+01,-1.146456605030430609e+01,-4.606517212879326806e+00,-2.997859886025253218e+00,-4.343753204474018581e+00,-9.404757259620559751e+00,-1.208899571994940381e+01,-6.335118065277735688e+00,-7.495092647357119553e+00,-3.675455712748872728e+00,7.988664038449415639e-01,9.167296451668739410e-01,-2.585304002263001166e+00,-1.180017087732752223e+01,-1.263682875119977567e+01,-6.841466688861449263e+00,-5.457473665165404775e+00,-5.336689030958546631e+00,-8.248102856593000354e+00,-1.221058993124299619e+01,-8.157320753567748994e+00,-4.341110555041167274e+00,-3.262869959076245774e+00,-5.202745184095369346e+00,-7.743700123288565607e+00,-4.953486360932907395e+00,-6.308903013976912000e+00,-1.176682808829678351e+01,-8.490724364502561627e+00,-3.722989624702475187e+00,-1.418610994490841826e+00,-1.260974502493101834e+00,-1.345868381513153356e+00,-1.926140705054018021e+00,-5.732403883160764657e+00,-1.311692795695530123e+01,-1.476499470737245368e+01,-1.509056485030386163e+01,-1.212495008276568598e+01,-7.249913206944863298e+00,-6.519156659228934281e+00,-6.843844903012116454e+00,-9.953427824709150329e+00,-1.442818338010046197e+01,-1.114611043781042099e+01,-1.123562007480197522e+01,-1.832755187981658551e+01
-1.210386034597953220e+01,-1.346229957954751200e+01,-1.755676139063305286e+01,-2.626864751676718512e+01,-2.841508402592605975e+01,-2.838417929576502985e+01,-1.654061689310603711e+01,-5.562837539654639230e+00,-3.570141410972508922e+00,-7.307203047391441331e+00,-1.787183798766798404e+01,-1.890626484486791981e+01,-2.007454736530780792e+01,-1.563834950410657498e+01,-8.064436310928108753e+00,-6.075754761344190902e-01,2.701644165426841937e-01,-4.845492013264447451e+00,-1.493734732021888156e+01,-1.208599986301528162e+01,-1.221438427559203532e+01,-6.849193787823121049e+00,-5.730382976846562393e+00,-1.381383641229735559e+01,-1.864014169490999606e+01,-2.058012575076686090e+01,-1.408515350023905377e+01,-1.096391481161117554e+01,-7.877888859974013336e+00,-7.969084973964426055e+00,-8.322806809925371141e+00,-1.287089192039436725e+01,-1.379204671912723157e+01,-8.157468915399578080e+00,-7.633073775925570459e+00,-6.791065510983268716e+00,-9.998105997426641522e+00,-1.745230225308073813e+01,-2.512872600224282849e+01,-2.171808117462528998e+01,-1.264709095988008691e+01,-8.089657301290166913e+00,-4.266227332099030711e+00,-2.943199639415575497e+00,-8.968753260767293511e+00,-1.389334340103798482e+01,-6.979708441429668397e+00,-6.166854319059186906e+00,-1.045220855602787680e+01,-4.626645222695919379e+00,-1.278192524997899149e+00,-4.306241403721894123e+00,-1.249129403796460913e+01,-8.638738917393816052e+00,-1.176762936264276505e+01,-1.826077844202518463e+01,-1.454539555393987271e+01,-1.365111888613965796e+01,-1.388648151689105603e+01,-9.481560296482509642e+00,-1.075684785180621716e+01,-7.922936596804195375e+00,-9.400865176485645236e+00,-1.810738360467884434e+01,-1.842267117566532519e+01,-1.655207632813188923e+01,-1.504671081569459723e+01,-1.673385434183809650e+01,-1.708351388904783619e+01,-8.109762667367855116e+00,-7.011869322094652190e+00,-7.242501901876595483e+00,-4.849526691560943625e+00,-1.017808478656742288e+01,-2.293432400623957435e+01,-2.344863851037290203e+01,-2.307466400994194800e+01,-1.874220379193623742e+01,-1.897483739753564080e+01,-1.757430247796906286e+01,-1.265652036998007013e+01,-6.606060295883152023e+00,-5.170051110080546408e+00,-7.329971176054742799e+00,-1.521001756770743185e+01,-2.379652941723664483e+01
-1.793806440465980145e+01,-1.640640420383877185e+01,-1.932798553672101605e+01,-2.093765483631027990e+01,-2.064908590250545117e+01,-2.406419602698749927e+01,-1.475504890291227156e+01,-5.236757430661883816e+00,-3.293704750947654247e+00,-6.929798009494940736e+00,-1.893828705698251724e+01,-2.599220043089654553e+01,-2.441284530195925129e+01,-2.142182507945431524e+01,-1.063162892932693104e+01,-4.605482323664343625e+00,-3.421870266520676829e+00,-5.093685089920957587e+00,-1.103310481707254986e+01,-8.888720386558109254e+00,-5.836761750888803668e+00,-3.224157308624449492e+00,-1.760644752098920129e+00,-2.615649592803998225e+00,-4.749341055181705684e+00,-7.270935817311207749e+00,-1.583033665352397534e+01,-2.162218067546685418e+01,-2.284679215815332043e+01,-2.411411599649323279e+01,-2.178757945530944440e+01,-1.760415036148495105e+01,-1.055009806901216507e+01,-5.038230275321337714e+00,-2.753762343212858621e+00,-3.521964641391403195e+00,-7.727899612651930816e+00,-1.701321649220254528e+01,-2.531757946146858984e+01,-2.240760932034916308e+01,-2.011994925969176862e+01,-2.151692027846972266e+01,-1.321234092778629687e+01,-3.387525385556121815e+00,-5.067863965652779495e-02,-6.766131396555769006e-01,-5.434961659523348310e+00,-1.464382484596636580e+01,-9.652815106842252746e+00,-1.202195832547214316e+01,-1.049008920830157088e+01,-4.152845947126883708e+00,-1.333085927193678799e+00,-1.468953158945724757e+00,-4.944298357039063063e+00,-7.518100920427564837e+00,-6.844329885310596495e+00,-1.304619238111707880e+01,-1.374391615307993320e+01,-8.657945835755931796e+00,-6.982682673674490914e+00,-5.211598589602443710e+00,-7.748463582661416993e+00,-1.665357582850588614e+01,-2.471197306447558972e+01,-2.344947780006461713e+01,-2.494393872552447888e+01,-2.366810087528493511e+01,-1.712508516344759357e+01,-1.086205024851692968e+01,-4.579040504578086868e+00,-2.485176954107979785e+00,-3.918009832346191157e+00,-8.712400143759118976e+00,-1.853559318102068332e+01,-2.322941343983014306e+01,-2.252331056363052753e+01,-2.262864987221028912e+01,-2.519145774344603339e+01,-1.906451124946276465e+01,-9.307345869226587354e+00,-4.163976237177848816e+00,-3.577071981090638175e+00,-6.788070599858959220e+00,-1.590459124909506983e+01,-2.058643160594834143e+01
-8.409211375647121400e+00,-8.758130472567346558e+00,-1.111123720473713306e+01,-1.207652116152975275e+01,-1.456382514039675335e+01,-1.976820185614956671e+01,-1.209572771605518149e+01,-8.483772065076562896e+00,-7.325234769533078172e+00,-8.937696286373668642e+00,-1.564383444935083389e+01,-2.379090062446064380e+01,-2.541323872572845843e+01,-2.049783387614620978e+01,-1.522794399576054758e+01,-1.357186095002624704e+01,-1.309229089485274500e+01,-9.368001288837856322e+00,-6.740363450100024245e+00,-6.077488672816091508e+00,-6.573741540028196439e+00,-5.477011437320874698e+00,-9.006955286280977191e+00,-5.203360863650838830e+00,-1.832909137243404984e+00,-6.082023947603172331e+00,-1.787641459869013971e+01,-2.032916310760710132e+01,-2.183278029825952160e+01,-1.733895271354251477e+01,-1.160122564766142084e+01,-1.259570998408728215e+01,-8.759621331675184308e+00,-1.164325375441047861e+01,-1.555174475659926792e+01,-1.145921121868822290e+01,-1.292581125845511814e+01,-2.120014441344473255e+01,-2.486979772316085047e+01,-2.141329054037730018e+01,-2.036526848541365808e+01,-2.037544742061032110e+01,-1.363704209029674530e+01,-7.261240474051898985e+00,-4.172422833090725369e+00,-5.931171397400451184e+00,-5.409040092387133569e+00,-3.186748351487848296e+00,-4.322693074535992608e+00,-7.412678408953878417e+00,-1.501891953332556540e+01,-1.305843812723954578e+01,-1.266571009200480269e+01,-4.837629637063703747e+00,6.100776254690774003e-01,6.009079004551394210e-01,-3.776392145910196785e+00,-1.323822622083955380e+01,-1.318907734751701355e+01,-8.069282128579086333e+00,-6.087954014953639970e+00,-4.406710578853057392e+00,-7.742896518359581925e+00,-1.627232804728878790e+01,-1.530028498172760010e+01,-1.379767423205905530e+01,-1.359806687012314796e+01,-1.256702519456545453e+01,-1.550109702597061734e+01,-1.421209960016939355e+01,-1.466614781816800495e+01,-1.358237008046772765e+01,-1.123444041071666533e+01,-1.234445486838618855e+01,-1.251708831638097763e+01,-1.074952214128441241e+01,-1.140901589310831454e+01,-1.738267606082889927e+01,-2.294936333596706390e+01,-2.030263519121540838e+01,-1.631092110524575034e+01,-1.183778144667545895e+01,-1.405095944470829394e+01,-1.295353113197618100e+01,-8.469965433080991701e+00,-9.797690157675081224e+00
-1.072268572035762979e+01,-1.390901067273484415e+01,-1.826203494187858212e+01,-1.759177062080966181e+01,-1.455438264542155835e+01,-9.134255562391546235e+00,-9.028004382219579682e+00,-1.299191583113537973e+01,-1.450985690289073560e+01,-1.569136965937084582e+01,-1.767971444378296653e+01,-1.581642982198132330e+01,-1.661892587443192681e+01,-2.033639038271374133e+01,-2.502042279971970373e+01,-2.194401609732044989e+01,-9.530250686738225951e+00,-2.334930209500776677e+00,-7.405446826090964496e-01,-4.216624867791931131e+00,-1.565826289107402225e+01,-1.489839869075351331e+01,-6.788684520870447159e+00,-2.318422179876102440e+00,-2.529744363545129548e+00,-6.691129278805520997e+00,-1.739528961645232386e+01,-1.219177771028545187e+01,-7.913001246129472754e+00,-4.338787988085338831e+00,-2.298857512366440758e+00,-2.382141437407375939e+00,-4.752179940334624320e+00,-1.127618560774458700e+01,-1.194908136708868795e+01,-7.912513186534245513e+00,-1.063391555017895129e+01,-1.753715677724944300e+01,-2.467754874792363751e+01,-1.790516445868545148e+01,-9.340302463206979766e+00,-6.452329347220559619e+00,-7.996910267199079492e+00,-9.438192295324471459e+00,-9.586227979924943909e+00,-1.438221474819713208e+01,-1.161961428407165720e+01,-9.474887456330987945e+00,-8.058358834849464358e+00,-1.018681188921133618e+01,-1.686245287789238745e+01,-1.139094998687505722e+01,-7.500916234528024695e+00,-3.210765080526471138e+00,-4.826354506865350835e+00,-8.903026162935677945e+00,-7.558921936899423599e+00,-1.346696587320831107e+01,-1.387161762432919687e+01,-9.553639456629753113e+00,-9.217674904916849599e+00,-3.981329438380069252e+00,-3.593692414604851670e+00,-8.911212088126275077e+00,-1.188436533013979535e+01,-6.075832945449898936e+00,-3.314088416803214088e+00,-5.194593891294466026e+00,-1.075825219518608478e+01,-1.748512821892897406e+01,-2.030816400382254017e+01,-1.875059996959235775e+01,-1.224987631084190554e+01,-4.014642760597376459e+00,-6.220204669257832775e-01,-1.599155742650812728e+00,-8.435643389821052551e+00,-1.455950902567969507e+01,-9.043027429117096005e+00,-7.626803403513298996e+00,-7.309471402938167550e+00,-9.099924296347630559e+00,-1.477046635912524408e+01,-1.031538697001006888e+01,-5.762020026230150194e+00,-6.532401882112026215e+00
-1.821136106716262049e+01,-1.792009970876905811e+01,-2.371996332870589441e+01,-2.185878008604049683e+01,-1.535195982456207275e+01,-7.330034072200457551e+00,-2.979200567584484816e+00,-2.781242736977421526e+00,-6.527527661890619726e+00,-1.008097028732299805e+01,-8.987832644747363986e+00,-1.009675641854604144e+01,-1.314591044849819568e+01,-1.962029166850778950e+01,-2.522391075558132556e+01,-2.174867787957191467e+01,-1.122684632655647086e+01,-2.939314372887666948e+00,-3.970739693035688633e-01,-3.216470738931093365e+00,-1.459230513870716095e+01,-1.372126098556650931e+01,-8.694317655430900516e+00,-1.133836018832193560e+01,-4.740267577374146946e+00,-5.925206858354310491e+00,-1.207483071378535655e+01,-6.669034354388713837e+00,-4.309515521758132905e+00,-6.177239750848254829e+00,-4.820210253163370595e+00,-7.061713309337695144e+00,-6.994774725909034707e+00,-2.462453454370713946e+00,-2.634191825132196296e+00,-4.215454957137505509e+00,-7.700900551345613465e+00,-1.223884886337651068e+01,-1.435308732257949060e+01,-1.559863487879435162e+01,-5.801899956953194604e+00,-3.382466266258334908e-01,1.759634733500408665e-01,-3.995442086416813865e+00,-1.471604576706886292e+01,-2.390756978425714863e+01,-2.287884700629446399e+01,-2.269683329098754498e+01,-2.337217292686303338e+01,-2.245797622534963978e+01,-1.416690561920404434e+01,-7.655027514944474198e+00,-3.343924099372492797e+00,-3.279682613909244537e+00,-8.855292510241270065e+00,-1.432799734340773767e+01,-9.253262409733402194e+00,-9.356211778604322404e+00,-1.166796361406644245e+01,-5.524404120528036088e+00,-3.922167137679126725e+00,-5.240295055011908509e+00,-8.042195443788337172e+00,-3.007748475160850532e+00,-1.815130960066906329e+00,-4.733281184815698595e+00,-8.106607116758823395e+00,-8.072568414111932711e+00,-1.658897713489002612e+01,-1.949732356104586017e+01,-9.909791912883520126e+00,-4.498005702897596159e+00,-5.808269697574561796e-01,1.810354890591244992e+00,1.359900436315203631e+00,-2.746284951320881795e+00,-1.089241190627217293e+01,-1.063025378353065875e+01,-6.075024860600630738e+00,-3.963111156494253162e+00,-4.289670191912187569e+00,-3.341266946660147674e+00,-4.869936835020780563e+00,-1.088721737555331615e+01,-9.433207066522705020e+00,-8.306777594818008481e+00
-2.303398244910770032e+01,-1.610612512462668988e+01,-1.228345694972409063e+01,-1.160020191967487335e+01,-1.315512755016485791e+01,-1.682952655603488168e+01,-8.543945847700038954e+00,-2.864078551763668656e+00,-2.815435485189987652e+00,-8.565451082463065191e+00,-1.985552845481369388e+01,-2.002689380115932849e+01,-2.015906060569816205e+01,-2.190792900489436335e+01,-2.538255199458863842e+01,-2.294790506859620294e+01,-1.988068272338973230e+01,-1.129744435474276543e+01,-2.588890826019147884e+00,-1.732889757957309484e+00,-7.430004010183943741e+00,-8.611244666493600874e+00,-3.912102540541026130e+00,-2.264294361867036365e+00,-1.767821281508683340e+00,-1.656129799113841727e+00,-1.702038550970125241e+00,-3.814663454683290489e+00,-1.043598220704330259e+01,-2.188102860583199316e+01,-1.485172190765539746e+01,-6.222464400447076827e+00,-1.468568934809203030e+00,-1.071107202657900492e+00,-5.787692807381972671e+00,-4.308460199610433250e+00,-2.909178449742082950e+00,-4.295626359563256003e+00,-3.735506943776272237e+00,-6.986010419411791794e+00,-8.199757916024989157e+00,-3.360403637327383120e+00,-3.337244785208087094e+00,-6.223770471910635926e+00,-1.369369095481104281e+01,-2.252025092807080853e+01,-2.442137686577108013e+01,-2.549340878095891583e+01,-2.517646864553292474e+01,-2.546874846352471167e+01,-1.445258346448341946e+01,-9.899396784603595734e+00,-1.185282382493217845e+01,-4.937236008958683975e+00,-2.030347634592140516e+00,-2.342635297760959023e+00,-2.273549371670620989e+00,-2.277109701587404444e+00,-2.773316908310840212e+00,-7.500037658338745139e+00,-1.558444058481189920e+01,-1.545286717183060077e+01,-9.425080576704608859e+00,-3.033353537631531704e+00,-3.205456373385257240e+00,-1.014185798913240433e+01,-1.498939535518487354e+01,-7.251305313987864487e+00,-5.160596902585691481e+00,-5.474445975696046851e+00,-2.973387571103456750e+00,-3.077396274964687262e+00,-8.627705835299114057e+00,-9.945727751595565991e+00,-6.830470555454667192e+00,-9.211207836866378784e+00,-1.751033088647657010e+01,-1.765448432746860874e+01,-1.312584577914741324e+01,-1.539631527579492953e+01,-1.300150176054901507e+01,-4.290554730118149251e+00,-9.056017480413882659e-01,-2.690817360657698831e+00,-9.039257205401858286e+00,-1.822140065332253656e+01
-2.305307141608662036e+01,-1.693793881932894507e+01,-1.445844487845897675e+01,-1.793037724991639337e+01,-2.026159663332833105e+01,-2.022218995458549884e+01,-1.246470021373695758e+01,-9.547364622354507446e+00,-9.358493358310726151e+00,-1.273399730854564282e+01,-2.264874825212690723e+01,-2.461519926786422729e+01,-2.457250208490424725e+01,-2.350673514107863227e+01,-2.532042653196387860e+01,-2.427306274904145056e+01,-1.877832702464527515e+01,-1.776443954805533210e+01,-5.184297833168077574e+00,1.785396351899382617e-01,8.467570622128227364e-02,-2.004294648323391659e+00,-3.511033771831231665e+00,-9.398507406935095787e+00,-1.527298822916216281e+01,-1.460093696829345511e+01,-1.200196980540123270e+01,-8.409127424574560195e+00,-1.029589593244923407e+01,-1.549622331228521155e+01,-2.000248174203766638e+01,-1.662023249102963263e+01,-9.641641285477412282e+00,-5.481234907560671665e+00,-4.188716787767286398e+00,-5.380752545833173528e+00,-4.170337468065554276e+00,8.010327334543237976e-02,-1.032595121645297542e+00,-6.605264466048942573e+00,-1.053059380749861340e+01,-1.535832913054360205e+01,-1.674367873701784504e+01,-1.773423396464851010e+01,-1.578356442517704394e+01,-1.851948846545484173e+01,-2.463821056485176086e+01,-2.569854679207007209e+01,-2.515915946496857458e+01,-2.647341111302375793e+01,-1.519664557609293176e+01,-7.750971957213348418e+00,-3.295599220734503731e+00,-3.142176542534596440e+00,-9.026609063148498535e+00,-4.489540642580120533e+00,-5.205052282454238899e+00,-8.251694472299682559e+00,-4.107997854809379845e+00,-2.621871400909084215e+00,-3.836992824657095902e+00,-4.724094954008857705e+00,-3.461315015020469676e+00,-3.503954544870389931e+00,-5.460327968001365662e+00,-1.009827353805303574e+01,-1.219252074095937921e+01,-8.166359338495466247e+00,-7.875875558704137802e+00,-4.050493730335599452e+00,-5.436391595544086464e+00,-1.264873643219470978e+01,-1.676760245694054419e+01,-2.088017361693912122e+01,-1.990187747610939795e+01,-2.027922693639993668e+01,-1.984120766156249616e+01,-1.540524483803245737e+01,-9.371430153234136640e+00,-7.233771655501590736e+00,-3.754231519997119904e+00,-1.669284003148883810e+00,-2.198275400656712009e+00,-4.356518855192714312e+00,-7.358588959607812896e+00,-1.174486511366234964e+01
-2.359033786091539753e+01,-1.719941801163885486e+01,-1.372906874782509234e+01,-1.494269195199012756e+01,-1.746173543565803143e+01,-1.873448499209350970e+01,-2.246226405104001245e+01,-2.325086721943484491e+01,-1.882142272757159418e+01,-1.369525555604034039e+01,-1.283542080885834125e+01,-1.308910422689384845e+01,-1.407492227521207617e+01,-2.071530288954575738e+01,-2.452550813721286005e+01,-2.518076711893081665e+01,-1.845171118279298028e+01,-1.077414279845025824e+01,-2.454220431168020244e+00,1.664600915279657478e+00,6.291440288387093460e-01,-6.834989761461555347e+00,-6.492293114670449228e+00,-7.156726886828740142e+00,-1.492802487562100033e+01,-2.088013363381226739e+01,-2.156760034627384570e+01,-2.051374903652403248e+01,-2.075742400851514446e+01,-2.220298791925112525e+01,-2.543676340745555109e+01,-2.100645060340563575e+01,-2.082763508955637732e+01,-1.931552228331565857e+01,-1.990518612828519451e+01,-1.428517966055207822e+01,-5.850481719606452913e+00,-1.372962455883073973e+00,-2.434791141137894854e+00,-1.175670056976377964e+01,-1.572681792245970911e+01,-9.367249980568885803e+00,-7.442355931219127640e+00,-6.727637490050660141e+00,-1.011763708127869421e+01,-1.744953904052575311e+01,-2.393512733115090185e+01,-2.560375156833065802e+01,-2.411386390858226392e+01,-2.648322663207848748e+01,-1.659826986491680145e+01,-1.147333752984801869e+01,-1.134287064584592919e+01,-7.399517736087243058e+00,-3.571448656885574113e+00,-2.056517147394414380e+00,-2.878328326520406488e+00,-7.609709134739306435e+00,-1.172645021975040436e+01,-4.688960737859209083e+00,-6.286985400029355020e+00,-6.965560721854369142e+00,-5.134742720570001140e+00,-8.306561203518262104e+00,-6.704248968097898498e+00,-9.354106968475711881e+00,-1.210018287516302493e+01,-8.814395984841716825e+00,-6.608911954073442452e+00,-4.586397025527225502e+00,-7.370533854597145051e+00,-1.807381325546238315e+01,-2.253210686312781519e+01,-2.572539821267127991e+01,-2.631459961831569672e+01,-2.566442699895964807e+01,-2.140723440216647333e+01,-1.196690120216872977e+01,-6.146946435380312934e+00,-4.049059002039332889e+00,-6.710347534881697662e+00,-1.467266920788420492e+01,-1.483142318079868893e+01,-1.565177763087881857e+01,-1.366636495126618200e+01,-1.266819691078530496e+01
-2.472885201043552783e+01,-1.834565574593014148e+01,-1.166848707613017844e+01,-1.053509485969940762e+01,-1.518841915660434339e+01,-2.090487307641241443e+01,-1.846646126773622143e+01,-1.918393112884627527e+01,-2.096630141635735711e+01,-1.402289129710859683e+01,-1.211460278348790354e+01,-1.151062327043877787e+01,-1.259142744292815586e+01,-1.731513993938763818e+01,-1.955508793724907690e+01,-2.145412220888667676e+01,-1.974430402782228100e+01,-1.324730894797378156e+01,-1.063286802648670104e+01,-5.620385146036117163e+00,-2.393677365965787729e+00,-3.513829447894952107e+00,-4.158790642809536919e+00,-4.218483761987751990e+00,-9.572127860246432363e+00,-1.325050558522343636e+01,-1.546852852735254480e+01,-2.163588420053322992e+01,-2.471552826795313251e+01,-2.193928408622741699e+01,-2.283834570149580756e+01,-2.126230069498221198e+01,-1.718737031022707740e+01,-1.347974856363402552e+01,-1.438294922643237683e+01,-1.357440498429867937e+01,-5.307281760705842011e+00,-4.497173627929037742e+00,-6.732772047321001985e+00,-3.840121025116079334e+00,-5.147638589417005583e+00,-2.865315989849881895e+00,-1.632484657728936250e+00,-3.390144290195570953e+00,-1.098648830586009595e+01,-1.271051846113469885e+01,-1.130075327224201587e+01,-1.493552940007713126e+01,-1.787410283585389337e+01,-2.165997033152315510e+01,-1.593757570617728803e+01,-1.387260415487819287e+01,-1.630117569532659161e+01,-1.729200362662474433e+01,-9.775190552903545438e+00,-8.703777252799934416e+00,-1.120311259519722746e+01,-1.303498790413141251e+01,-1.085194416013028906e+01,-6.145513769653108582e+00,-3.611183873946882006e+00,-1.292312553863060431e+00,-1.160812396539970148e+00,-3.643922108768796075e+00,-5.567337325670653314e+00,-9.314564141134420439e+00,-1.255675649063454813e+01,-7.140606904195414550e+00,-5.065336144839723609e+00,-4.863823940770493515e+00,-7.035202877389060028e+00,-1.354797428929143521e+01,-2.293564128047890094e+01,-2.614397958583301929e+01,-2.609889044695430371e+01,-2.689713455074363324e+01,-2.390024756888548652e+01,-1.710179202093018347e+01,-1.260882517612642673e+01,-1.479608278721570969e+01,-1.536361350781387713e+01,-1.590201645592848401e+01,-1.816614953676859656e+01,-1.389534426397747424e+01,-1.337125228179825598e+01,-2.207123588191138452e+01
-1.199558644990126233e+01,-1.367541409780581851e+01,-1.652459028694364918e+01,-1.127143589489989850e+01,-9.271261306272613467e+00,-9.749027878873878450e+00,-1.143378055178456876e+01,-1.595340294639269452e+01,-2.328289313448799902e+01,-1.514455255534913825e+01,-1.171745274795426184e+01,-1.065143514010641290e+01,-7.005308934797843001e+00,-5.372645374180541999e+00,-5.060646587931033835e+00,-4.628329158398425847e+00,-7.578710220495445959e+00,-9.497277182009485230e+00,-1.155858880529800992e+01,-1.304111992816130261e+01,-1.593285993983348270e+01,-1.281105500376886752e+01,-9.606762705577743588e+00,-4.608700162006749146e+00,-2.991328871705465797e+00,-4.694888478558924660e+00,-9.079198151412937179e+00,-1.888349451124668121e+01,-2.461830494635634992e+01,-1.899522352880901721e+01,-1.229314073175191879e+01,-1.147410890211661716e+01,-1.470060529228713797e+01,-7.131586144574814767e+00,-3.447833966101623293e+00,-2.791191177099891618e+00,-5.889852825552225113e+00,-1.479797545737690356e+01,-9.955966336445676745e+00,-2.988518966594710946e+00,-1.573341341698121898e+00,-6.135864374447717040e+00,-9.752838803455233574e+00,-3.932400632132258878e+00,-2.853408018954926018e+00,-4.478728086791104346e+00,-4.654092777520418167e+00,-9.241565065872338280e+00,-1.179759952012035562e+01,-7.503719821779264443e+00,-8.703827506345179543e+00,-1.057992792895270640e+01,-5.570539075312101573e+00,-3.905451453785644844e+00,-7.228427714564734430e+00,-1.364708929177787589e+01,-1.129784809404777235e+01,-5.437600265257060528e+00,-2.021517301247513387e+00,-3.563464872067318989e+00,-3.578441506246235804e+00,-2.087985181676534463e+00,-7.773405476473271847e+00,-1.784151069571574411e+01,-1.790557120243708411e+01,-1.523673322796821594e+01,-1.338370802750190158e+01,-1.208927515521645546e+01,-1.581269941230615039e+01,-1.416775197866890146e+01,-1.641050661603609839e+01,-1.404399924476941486e+01,-2.321266545355319977e+01,-2.628459037178092572e+01,-2.665885949714316183e+01,-2.647943200502130878e+01,-2.543777532213264081e+01,-2.002550144328011328e+01,-1.223460941430595206e+01,-1.115750924539234923e+01,-1.369921542621321109e+01,-1.767493931204080582e+01,-1.350653369724750519e+01,-1.149816423323419379e+01,-1.784975126385688782e+01,-1.976091697646511847e+01
-1.061882995896869275e+01,-7.425775560239951112e+00,-9.292264061669508024e+00,-1.637805152436097345e+01,-2.025891081657674420e+01,-1.636441615389453119e+01,-1.297848667038811499e+01,-1.842837024728457251e+01,-1.978419530722830189e+01,-1.393982832713259512e+01,-1.003457037773397253e+01,-1.196792862233188437e+01,-6.563425765683253310e+00,-2.904694872597853195e+00,-5.577686148799127608e+00,-6.037994659091863170e+00,-3.413977503569589622e+00,-3.539401519008808616e+00,-8.784226038803657488e+00,-1.221762766130268574e+01,-1.054363772728376958e+01,-9.808114293548795715e+00,-7.778182843493090637e+00,-7.537494230808483131e+00,-7.356955843667189576e+00,-3.265844544602765076e+00,-5.858482763792077996e+00,-1.633510084326068679e+01,-1.575093640635410885e+01,-1.564962609277831262e+01,-9.234381852878463803e+00,-4.291410614012016289e+00,-2.699237174082858015e+00,-4.204026929206317931e+00,-6.076041038503818825e+00,-5.169960829015407100e+00,-9.925840672105550766e+00,-1.610253991683324060e+01,-7.339197027600473433e+00,-2.643235913542513416e+00,-2.682745580251018058e+00,-7.472661556262108817e+00,-3.272167563038844040e+00,-7.313705394181952979e-01,-3.150441497932964463e+00,-7.887769601825210586e+00,-3.637882380435863983e+00,-1.713228903864950858e+00,-1.028240260287323737e+00,-1.393201030099993964e+00,-3.136644209409698458e+00,-2.711085995038350571e+00,-3.087465126972852580e+00,-4.719679520452498167e+00,-2.760198143259104953e+00,-2.661595112488915671e+00,-3.078522433526813984e+00,-2.908985538640990853e+00,-5.805879550308519210e-01,2.550779914880776378e-01,-3.520617211912596911e+00,-6.089146929793059826e+00,-8.638905436628395051e+00,-1.977821319301922998e+01,-1.672492109735806665e+01,-8.435067454146015109e+00,-3.281040078273185223e+00,-1.316623275805290483e+00,-1.804739015682571335e+00,-4.280063310220914907e+00,-7.446424340622292526e+00,-1.300624321897824665e+01,-2.285724320676591503e+01,-2.479373994304074103e+01,-2.453740516718890774e+01,-2.505173325952556240e+01,-2.572638312975565711e+01,-2.060701395074526587e+01,-8.934218306922250719e+00,-2.594073573390940357e+00,-5.615349739770559845e-01,-3.160850102459435984e-01,-1.443240325399731017e+00,-5.693205796914601713e+00,-1.253380907927122401e+01,-1.789377520481745520e+01
-1.525238838626278692e+01,-8.638627337912717863e+00,-7.381140060722827911e+00,-9.968867836727035581e+00,-1.143044781933228116e+01,-1.005188538465234949e+01,-1.119089077578650659e+01,-1.585943065087000470e+01,-2.278366456760300451e+01,-2.116936915616194526e+01,-2.053195364442136395e+01,-1.296791408293777081e+01,-5.770049183525973291e+00,-2.854347120970487595e+00,-4.256202111745046146e+00,-8.355377832634580670e+00,-1.348112130744589621e+01,-8.465200702763265639e+00,-2.378460064203762769e+00,-2.135479144438552981e-02,2.885885593455491671e-01,-2.218875393331270818e+00,-3.837514994290864401e+00,-3.240535034581423890e+00,-5.190667752280003100e+00,-4.922233415146668456e+00,-2.017852001202603329e+00,-3.222028386507493902e+00,-8.488188260131412477e+00,-1.753267913891209417e+01,-1.005194415772954564e+01,-6.055573764774534240e+00,-9.135334859705633193e+00,-6.029120868485835061e+00,-5.932956734403786569e+00,-4.779510899964305892e+00,-8.336975395265552535e+00,-1.679299868477715307e+01,-1.482617594136132055e+01,-1.329510439228680418e+01,-5.581597643386986718e+00,-3.561576885897213440e+00,-4.569780808208128597e+00,-5.923191423314468018e+00,-7.021530654902259805e+00,-9.867407830639017163e+00,-9.134208036379682483e+00,-7.745578086314101718e+00,-1.795575218921941163e+00,-4.418355124122980371e+00,-1.338986081795560068e+01,-1.194816873305373761e+01,-1.169636923074722290e+01,-1.350773665391736600e+01,-1.075881211045715524e+01,-8.510230956392156543e+00,-1.163613152483271307e+01,-1.236276649600929645e+01,-5.731756868565248020e+00,-2.232081027235835791e+00,-4.224238126525758474e+00,-5.649124505722688205e+00,-7.813791519237889283e+00,-1.863053653885920724e+01,-1.843572973211606225e+01,-6.350298314355313778e+00,-1.134349494524915070e+00,-1.099089109579836077e+00,-6.035488180434185779e+00,-7.904498512649701603e+00,-6.646965458989143372e+00,-1.262019696003860858e+01,-2.180985520117812726e+01,-2.265506516231430822e+01,-1.889158473701940721e+01,-1.447924913465976715e+01,-1.378458214385641867e+01,-1.411037185043096542e+01,-7.980932528773943879e+00,-3.583223381949614428e+00,-2.573167542382078565e+00,-2.296801241932876714e+00,5.083144267377469327e-02,-1.694815127161139801e+00,-6.348341674026515946e+00,-1.457605173604355997e+01
-1.901590856247478101e+01,-1.448914584517478943e+01,-1.459475330511728863e+01,-1.788939045204056555e+01,-1.816443030701743311e+01,-1.454997360706329346e+01,-1.389744728224145121e+01,-1.672452649970849237e+01,-2.359128753178649518e+01,-2.682399005360073474e+01,-2.209527242183685303e+01,-1.342859572420517544e+01,-8.433605766958660155e+00,-6.203341204466091163e+00,-7.217770109574000337e+00,-1.131283707833952334e+01,-1.526936724036931992e+01,-9.584821244080862002e+00,-1.068902106831471066e+01,-9.793976824622303567e+00,-2.343907418550871924e+00,-8.617106400782985620e-01,-4.816537543023716950e+00,-1.363200130417115119e+01,-1.156973813556962583e+01,-7.246455963416439161e+00,-2.133584318997842733e+00,-3.716587198794715885e+00,-8.028726512359249057e+00,-6.152525767554632097e+00,-3.281562561242026277e+00,-2.579886194525493615e+00,-3.755165160737103935e+00,-2.579605368470462512e+00,-2.982817582326889649e+00,-5.270346830081608758e+00,-9.460503262778123812e+00,-1.396557291100422482e+01,-1.897759481105539692e+01,-1.965437831812434766e+01,-9.548819358978006377e+00,-8.757448740717437730e+00,-1.165363041580551240e+01,-1.148514969046745016e+01,-8.175517913031702832e+00,-4.728917112160059943e+00,-2.155226144710872482e+00,-5.341226676840354903e-01,-2.621205248326683890e+00,-7.041883386775023013e+00,-7.153736318565076857e+00,-7.323221715374125473e+00,-5.448380283804403312e+00,-7.550308294801248543e+00,-9.052673649663725897e+00,-1.130698743710915188e+01,-6.604584373533725739e+00,-1.547244012348528486e+00,-1.529506390346796252e+00,-7.165026087106929786e+00,-4.015662216374443538e+00,-1.589471143079006499e+00,-5.868490068009123206e+00,-1.746287489599651721e+01,-1.621415149834420788e+01,-9.628304203351339297e+00,-7.767336238382591240e+00,-8.611685028092729510e+00,-1.328908357852035138e+01,-1.683047268705235666e+01,-8.289896145462989807e+00,-6.676943069116936691e+00,-8.978064464405179024e+00,-1.087570594416724390e+01,-1.169083304537667090e+01,-7.477070303737288981e+00,-4.456063513747519522e+00,-4.680158378556370735e+00,-5.625659950506208595e+00,-2.914996276932166897e+00,-4.907991449028486386e+00,-6.981481080926540628e+00,-1.013033015694883154e+01,-6.676871664822101593e+00,-1.068805802613496780e+01,-1.680795865092012775e+01
-2.618406859536965570e+01,-2.585578746431403729e+01,-2.555246842238638294e+01,-2.592617927657233423e+01,-2.620853194097677985e+01,-2.630308097435368353e+01,-2.547398529615666973e+01,-2.606566865079932782e+01,-2.508827029168605804e+01,-2.731162473890516651e+01,-2.132200638287597272e+01,-1.499839764667881781e+01,-1.729110979040463647e+01,-1.842491932378874964e+01,-1.844403543737199413e+01,-1.930553718573517230e+01,-1.234343393478128625e+01,-1.426939267747932050e+01,-1.653676150076919171e+01,-1.190658632086383051e+01,-9.970577774776351987e+00,-1.132046727339426617e+01,-1.194533888374765773e+01,-1.436754792349206156e+01,-6.953518313604742929e+00,-6.348631280169583224e-01,-3.411308015234276736e-01,-5.751500815256601840e+00,-4.547266916242531209e+00,-9.497528357321445291e-01,-1.649051142929238267e+00,-8.639086560656627611e+00,-9.544113355378309294e+00,-8.825070491474535928e+00,-1.621440365786353865e+01,-1.959860689193010330e+01,-1.872903307444519427e+01,-1.674848005010021978e+01,-9.018476451850599318e+00,-6.444048448155323960e+00,-5.537589548569586739e+00,-7.985478074186378450e+00,-2.788572387591557344e+00,1.990686881278330989e-01,-2.702262328433183147e-01,-6.156323024175232916e+00,-9.716084635764774546e+00,-3.630119168067014623e+00,-2.498578227176848188e+00,-3.902065131441405654e+00,-2.334950982744986803e+00,-6.103742861602869496e+00,-5.470251399435154482e+00,-4.285386546459146184e-01,-1.759172458993008226e+00,-6.694449315882391005e+00,-5.113628108985722065e+00,-1.772541014503076440e+00,-2.029972951707248896e+00,-6.950448558355371453e+00,-5.819168486115005479e+00,-8.431054295506328344e-01,-1.978779948851701498e+00,-9.445171734939018293e+00,-1.421517805341217233e+01,-1.422415136049191098e+01,-1.627219216525554657e+01,-1.383977854251861572e+01,-1.588602631207969473e+01,-1.163010690692398263e+01,-5.249405766112936966e+00,-2.610410884643594276e+00,-3.371168441967003826e+00,-8.198630279137027799e+00,-1.514992336763275915e+01,-1.118508077702588466e+01,-9.582909699529409409e+00,-1.043615810262660126e+01,-3.263868025320940891e+00,1.036083739192690700e+00,1.186139854400862781e+00,-1.939452904019870250e+00,-7.078718760154313117e+00,-7.211448919855886430e+00,-8.752289850678709016e+00,-1.375143099659019086e+01
-2.459478256437513721e+01,-2.921372378865877906e+01,-2.992061659362580883e+01,-2.923195837106969464e+01,-2.778051518234941852e+01,-2.818616716232564556e+01,-2.673316611349582672e+01,-2.745133800473477947e+01,-2.308265942169560248e+01,-1.910271679692798230e+01,-1.825047286185953510e+01,-1.550882858948575205e+01,-8.150767326354980469e+00,-6.423993216103149884e+00,-8.911605801122883364e+00,-9.181451870728373876e+00,-5.682100553078473837e+00,-6.738528673640555411e+00,-1.405176256762610620e+01,-2.208663152323828882e+01,-2.292106185025638965e+01,-2.380658957693312061e+01,-2.489759675992859655e+01,-1.730210518505838024e+01,-4.868882511483712427e+00,3.937808113227624085e-02,-1.902817904639656985e-02,-5.006103779887780547e+00,-7.031021798029541969e+00,-3.112917858858256448e+00,-3.162181071626643192e+00,-9.720626854648193316e+00,-1.016311117965314104e+01,-1.134651445845762829e+01,-2.161757195989290992e+01,-2.313489657640457153e+01,-2.129712443219290918e+01,-1.537116775413354297e+01,-7.732851948175165191e+00,-4.226552654471662507e+00,-3.702947513717743888e+00,-4.825208531433923476e+00,-2.353036052440681036e+00,-1.775537513416364011e+00,-3.968096488929859333e+00,-1.102934365719556808e+01,-1.612017450398868945e+01,-1.280754143744707108e+01,-6.384033701072136857e+00,-7.651780270040035248e+00,-5.891603784635663033e+00,-3.357041466369992122e-01,1.165936955763552607e+00,-1.375154031603516291e-01,-4.829247670953918714e+00,-1.352474654300345236e+01,-1.275668661875857168e+01,-1.157399878443943209e+01,-1.318623937252495004e+01,-9.981483661466175050e+00,-5.055257878576715491e+00,-3.424288691409552943e+00,-4.488358750784148476e+00,-8.431589641918739275e+00,-1.069610969225565533e+01,-6.361975803971290588e+00,-4.530182376090023055e+00,-5.947879260198937423e+00,-1.055756685054964450e+01,-1.540873002012570758e+01,-1.289868104664815718e+01,-1.323460733021298985e+01,-1.339321417361497879e+01,-1.344820647769504163e+01,-1.793754700240161526e+01,-2.369276691807640844e+01,-2.333021758331192785e+01,-1.569767101936870191e+01,-7.762951095071104035e+00,-8.017167253924222692e+00,-7.183654665830545127e+00,-5.392385389966269038e+00,-8.300620029369989439e+00,-8.565191715955734253e+00,-1.503173104508055502e+01,-1.987992767327361676e+01
-2.184183934662077320e+01,-2.976651061409049603e+01,-3.038586385382546240e+01,-2.980034536951118085e+01,-2.810160316030184546e+01,-2.349600874715381238e+01,-2.269397262897756207e+01,-2.309980586833423999e+01,-1.741940558950106421e+01,-1.177883219967285733e+01,-1.029371698449055295e+01,-9.616353831357425719e+00,-5.447852155400647156e+00,-4.796993968490925297e+00,-3.679116270580076620e+00,-3.139727159949770030e-01,-9.468145405372183632e-01,-5.913694409860505097e+00,-1.573823156456152539e+01,-2.135351885524060833e+01,-1.861293014718426519e+01,-2.013010081814395136e+01,-2.368139137327671051e+01,-1.803687142994668591e+01,-8.803316336332095204e+00,-5.378140737587171927e+00,-6.303888707918101630e+00,-9.404554978401089116e+00,-7.117444471973511710e+00,-3.309764476890753482e+00,-8.042241820981467157e-03,-1.028928170631236982e+00,-4.925817761363254554e+00,-7.151527272330389984e+00,-9.119772025694450335e+00,-1.130396619025203897e+01,-1.361217441906531711e+01,-1.428408270743158148e+01,-1.385935874200529483e+01,-1.529489696274201016e+01,-9.598853779335817293e+00,-1.216721336005462462e+01,-1.267537336175640483e+01,-1.373765991876522641e+01,-1.044029539409610940e+01,-1.279190461337566376e+01,-2.096540329356988153e+01,-1.631555213530858239e+01,-8.907138528095352115e+00,-4.666095782692234017e+00,-2.435698116637973420e+00,-4.007863510298193432e+00,-9.730419636637735792e+00,-8.702681743022468552e+00,-1.062099088811212155e+01,-1.860815446078777313e+01,-2.153356128931045532e+01,-2.353745561175876233e+01,-2.370919516185919562e+01,-1.221983479294511987e+01,-6.619875247693723708e+00,-1.018652613709370236e+01,-9.571753386822011933e+00,-9.915684151980611816e+00,-1.245941746731599231e+01,-6.130433276088701255e+00,-5.791719455685880646e+00,-9.280725923263364763e+00,-1.029608972039487647e+01,-1.722402672552400205e+01,-2.520131319595707708e+01,-2.677784637941254431e+01,-2.552496280603938672e+01,-2.509178308480315778e+01,-2.482266004549132532e+01,-2.690209795037905494e+01,-2.248943385978539666e+01,-1.475705284708076093e+01,-1.897139010826746741e+01,-1.710526431103547296e+01,-1.113884570201238056e+01,-8.214595394415987073e+00,-7.153530370857980714e+00,-6.525568519615465135e+00,-1.114350974476999667e+01,-2.042151636050807184e+01
-1.937895328303178033e+01,-2.440486253466870892e+01,-2.582670723067389673e+01,-2.566056470904085529e+01,-2.411304880016379926e+01,-1.772678486671712506e+01,-1.021149603236052705e+01,-8.235374158041345538e+00,-7.014807105478313431e+00,-8.708303512384494738e+00,-1.453566770089997107e+01,-1.319577543189128299e+01,-9.995593354105949402e+00,-1.316772059102853198e+01,-1.128084560152557181e+01,-3.965512939812874116e+00,-1.857649099883726951e+00,-6.270318878400656715e+00,-8.018987631632221280e+00,-5.472415267949044093e+00,-6.801490109413862228e+00,-1.276368209057384107e+01,-1.756268464028835297e+01,-1.685178605963786325e+01,-1.848157613558901602e+01,-1.868497064709663391e+01,-1.510620226462682147e+01,-1.139520947800742334e+01,-5.758446155322922699e+00,-4.301703384403683827e+00,-5.218802076864651696e+00,-3.878189815749970570e+00,-4.834725207545691461e+00,-6.736189902242687211e+00,-2.488608258339001011e+00,-3.234788559726439416e+00,-9.566899709817436204e+00,-9.773358364899953798e+00,-8.400313884019851685e+00,-1.418060089068280405e+01,-1.196306833624839783e+01,-7.215496861065427758e+00,-5.273778958233176439e+00,-3.178936669279614158e+00,-2.849851051771515209e+00,-4.732558493968099356e+00,-8.721633100261291460e+00,-1.430713149574067877e+01,-1.362550528099139591e+01,-9.739881864024532376e+00,-1.171673791979750057e+01,-1.237357492993275265e+01,-1.177843916664520840e+01,-1.596039200905296518e+01,-1.699506480577919376e+01,-1.406819524947139932e+01,-1.754254824750953290e+01,-1.830170724954869854e+01,-1.785970845818519592e+01,-1.198971287988954160e+01,-5.224107981969912551e+00,-2.952773180997206204e+00,-4.529835225341634519e+00,-9.629651154908868804e+00,-9.831680979993608460e+00,-4.590030251795218952e+00,-5.906467143653167717e+00,-9.057944888455999433e+00,-1.028596544596883966e+01,-1.890307766199111938e+01,-2.694813315570354462e+01,-2.744264520539177710e+01,-2.689144786198933801e+01,-2.522995177904764930e+01,-2.463600508040851977e+01,-2.642205660872989270e+01,-2.168454195062319556e+01,-1.385063351773553464e+01,-9.381758144332302152e+00,-7.142547602454821565e+00,-7.550843486769331925e+00,-1.281298879782358746e+01,-1.363254732059107965e+01,-1.195466134862767404e+01,-1.272609304222795679e+01,-2.009680917527940380e+01
-2.238538605637020495e+01,-1.738974031143718335e+01,-1.357141368422243310e+01,-1.331995542512999720e+01,-1.582618707749578668e+01,-1.781493277930551145e+01,-8.354270054441359505e+00,-2.887372195824152943e+00,-3.165547429377006061e+00,-9.556898593902587891e+00,-1.100821444640556912e+01,-1.012988335390885730e+01,-1.333525580498907281e+01,-1.741555218233002478e+01,-1.489784841818941885e+01,-1.405345977346102337e+01,-7.909691751210226052e+00,-3.816942953608102318e+00,-3.330765016376972198e+00,-5.279533143698547981e+00,-2.967962100662083991e+00,-2.602448445356761564e+00,-5.316693243674105673e+00,-9.901726908981800079e+00,-1.868169975611898792e+01,-2.720529114868905651e+01,-1.817542099787129217e+01,-1.061314996580282788e+01,-1.287866116811831851e+01,-1.400406594160530283e+01,-1.193879196296135525e+01,-1.045805386702219586e+01,-1.274432145928343196e+01,-5.274525178182456031e+00,-5.310788756236433983e+00,-7.758565891948011384e+00,-2.652451669900781628e+00,-2.600478757276303288e+00,-5.997764559669627182e+00,-1.115810293124781793e+01,-1.174928344620598608e+01,-5.812359342558516495e+00,-4.176506486876557567e+00,-6.397442312859412894e+00,-8.361271285710650147e+00,-5.834804919703553416e+00,-6.822788226107756593e+00,-1.180451202392578125e+01,-2.004841347038745880e+01,-2.276782533360852057e+01,-1.772520891659789655e+01,-1.033638289570808411e+01,-5.230791476037767396e+00,-4.218759064873059295e+00,-6.448474574420187011e+00,-1.248910084780719565e+01,-1.689406384693251795e+01,-8.518931759728324948e+00,-5.860357131511490181e+00,-3.582918614817673486e+00,-3.235488665652357820e+00,-9.712764078958166181e+00,-7.808366726670000091e+00,-3.264539789098004352e+00,-2.790232064254167810e+00,-5.339351553676856987e+00,-5.351794046246343584e+00,-6.234312014033396743e+00,-1.236406636486450772e+01,-1.992789788544178009e+01,-2.479684385657310486e+01,-2.307803774542278674e+01,-2.455658201376597205e+01,-2.269037736290031049e+01,-1.563191971348391718e+01,-1.311490633504258341e+01,-1.251572058432632062e+01,-1.305687490933471295e+01,-6.674293653004699678e+00,-3.265001607644888892e+00,-5.157557613526781104e+00,-1.321297238394618034e+01,-1.856646335870027542e+01,-1.328387182950973511e+01,-1.084649536675877002e+01,-1.492133079800340845e+01
-2.545936754345893860e+01,-1.831763112048308173e+01,-1.430351859993404773e+01,-1.513209735022650904e+01,-1.502990755935510059e+01,-1.903692795667383564e+01,-1.544885693573289487e+01,-6.973836647346615791e+00,-2.541745794937014580e+00,-3.130056688975956902e+00,-8.698850493878126144e+00,-1.937105698386828223e+01,-2.283319740494092187e+01,-2.342883349127239612e+01,-2.329251926143964013e+01,-2.417673104504744330e+01,-1.748479963839054108e+01,-1.456166997800270657e+01,-1.461006572304500395e+01,-1.452486052115758319e+01,-9.886639142615926801e+00,-7.318299301693008907e+00,-6.724070441805654497e+00,-1.057250598735279468e+01,-1.936171265112029261e+01,-2.798474136988322059e+01,-1.839670058422618482e+01,-1.001748981326818466e+01,-5.599840577070911429e+00,-4.351668944789303772e+00,-5.685672190454271302e+00,-1.117322838223642734e+01,-1.471581813775830838e+01,-6.085879991865819960e+00,-3.343673521859778397e+00,-3.214780370963530309e+00,-5.109949919498628645e+00,-1.152681149997644994e+01,-1.729611348112424096e+01,-1.604474253952503204e+01,-1.530455028845204168e+01,-1.580889760123358911e+01,-1.700256150381432718e+01,-1.362601703736517145e+01,-1.535452340212133215e+01,-1.863334378103415290e+01,-1.420447673400243183e+01,-1.679749978085358819e+01,-2.391437769267294300e+01,-2.190949722462230298e+01,-1.830781789786285785e+01,-1.036136314852370077e+01,-5.943976378275288575e+00,-5.314727619497312538e+00,-7.891541084895531633e+00,-1.319896282917923358e+01,-1.713150947954919445e+01,-6.870379586393634774e+00,-1.171683302254273862e+00,-5.892876019412748301e-01,-4.620007243938744068e+00,-1.344333080285125348e+01,-9.502214143673578306e+00,-7.876736343527833917e+00,-9.531864064435163542e+00,-1.383255101492007633e+01,-1.118199658890565296e+01,-8.565666792293390230e+00,-1.177969730935162929e+01,-1.013098072798715776e+01,-1.086382179790073010e+01,-1.677962449772490316e+01,-2.183857426709598926e+01,-2.082101665437221527e+01,-9.831245169043540955e+00,-3.174245075772382130e+00,-1.724658610603202913e+00,-3.303903206629153377e+00,-8.522574237651294737e+00,-1.173099979716870500e+01,-6.336011427972051635e+00,-4.941162700040472977e+00,-4.201526780923207305e+00,-4.965900025020043351e+00,-9.555735380699237780e+00,-1.834454551753070461e+01
-1.737781345513131726e+01,-1.723223226765791694e+01,-1.850663863619168481e+01,-2.355578219062752154e+01,-1.708367636137538526e+01,-1.054361681847108656e+01,-1.134136417859958357e+01,-7.724645380344655976e+00,-8.557871926989820466e+00,-1.162049281431568915e+01,-1.123721273822916800e+01,-2.077286379535992822e+01,-2.792140221430195623e+01,-2.756282906399832910e+01,-2.499734194576740265e+01,-2.551611293686760717e+01,-2.523549958401256177e+01,-2.487500023014015582e+01,-2.262951032982932276e+01,-2.057856068180667108e+01,-2.087507628897825995e+01,-2.244680157303810120e+01,-2.143444103747606277e+01,-2.014716338945759588e+01,-1.994530493517716607e+01,-2.667124814126226795e+01,-1.950996557043658441e+01,-1.231218098352352719e+01,-1.010269707151585195e+01,-1.017371414643194960e+01,-9.409207482304838166e+00,-1.186268734104103473e+01,-1.229770734575059699e+01,-9.305160328331920638e+00,-8.000063994071549445e+00,-8.674741190340784058e+00,-9.972709219488832488e+00,-1.647761042084958660e+01,-2.456496442357699195e+01,-2.022843561735417950e+01,-1.578016701837380786e+01,-1.631726003438234329e+01,-1.177671764521963027e+01,-6.527012187179126457e+00,-4.995392842171390235e+00,-8.997384709137906000e+00,-1.247900578110582259e+01,-1.119924328558974835e+01,-1.076669232630067441e+01,-1.364209645820988470e+01,-1.665400808056195459e+01,-1.142903685486978915e+01,-1.013741968116826442e+01,-1.376859950936502841e+01,-1.268123297972811514e+01,-1.576842957072787854e+01,-1.235879596736696051e+01,-1.108464290036095434e+01,-6.897949445061385632e+00,-4.722716200682851806e+00,-9.932802651491430268e+00,-1.483792266911930469e+01,-1.933497769633929053e+01,-2.084152634772989643e+01,-2.120301398303773510e+01,-2.212353672087192535e+01,-1.538539158221748160e+01,-7.697181085331572525e+00,-3.813656805290116303e+00,-3.257214243989437819e+00,-6.115667563345697388e+00,-1.153142480634980771e+01,-1.063850894735919184e+01,-7.025188198313117027e+00,-2.369978199457465351e+00,-8.476615071453529326e-01,-2.320351613405768454e+00,-3.544140592285354163e+00,-5.367668138196070693e+00,-1.038557178030411343e+01,-7.993832114359570973e+00,-6.370644660252663627e+00,-8.470738308090302482e+00,-4.157132148949636452e+00,-5.668270683950847655e+00,-1.222097075730562210e+01
-1.232442459960778613e+01,-1.427128952576054388e+01,-2.027806748615370935e+01,-2.501178770263989648e+01,-1.565041938010189249e+01,-8.322104384087854356e+00,-3.228203551274620775e+00,-2.175533146136634510e+00,-5.365703029315530337e+00,-1.108376892656087875e+01,-1.694523887584606925e+01,-2.310423139731089393e+01,-2.649928983218140033e+01,-2.594750625060664362e+01,-2.388686135245693976e+01,-2.481449537475903711e+01,-2.435660063227017602e+01,-2.297926233708858490e+01,-2.150033565362294397e+01,-2.319585950838195032e+01,-2.438790173000759509e+01,-2.629545913967821491e+01,-2.328298878669738770e+01,-2.191487399902608502e+01,-1.675813622275988379e+01,-1.437618297917975241e+01,-1.488938117358419611e+01,-1.203347997864087482e+01,-1.419925043814712140e+01,-1.999272972676489246e+01,-2.458713130156199256e+01,-2.400687094198332971e+01,-2.289888280795680231e+01,-2.393074899911880493e+01,-2.451069054669804004e+01,-2.123318097657627490e+01,-2.282730651564068225e+01,-2.188155269788371271e+01,-2.248186399042606354e+01,-1.848639477292696753e+01,-7.726565562188625336e+00,-3.469418936848847501e+00,-1.241727734300335895e+00,-3.102854926473810337e-01,1.411734207611314296e-01,-1.734842471564156163e+00,-4.727562320522135764e+00,-2.952293183654546738e+00,-2.988801321816734191e+00,-5.711732980277803406e+00,-5.033282984772490032e+00,-2.232152299714369903e+00,-1.760987762122466771e+00,-3.196623420329868015e+00,-7.172215107828378677e+00,-1.193139744963910864e+01,-8.930000551872783632e+00,-6.547721581740511887e+00,-3.532733931827048313e+00,-2.927090263770272482e+00,-7.027325937213997342e+00,-1.134878986908329779e+01,-2.014494944198263937e+01,-2.459709049926863855e+01,-2.246773751576741418e+01,-1.883924728797541803e+01,-1.922187749048073968e+01,-1.198694596274031454e+01,-8.211557822922864958e+00,-1.188132533844974326e+01,-1.375472544464800073e+01,-1.331672936181227307e+01,-8.659689813852310181e+00,-5.156181810578952529e+00,-5.266130144397418000e+00,-9.168145632164346637e+00,-1.831264760510789102e+01,-1.639816108428769681e+01,-8.867508000797695189e+00,-3.684895901268141039e+00,-1.863381289980477806e+00,-2.081233568272889745e+00,-2.762279867298073288e+00,-4.239723735799391768e+00,-8.513990826904773712e+00,-1.419636764211787039e+01
-2.147355621390872571e+01,-2.473409902718331921e+01,-2.171118288901116955e+01,-2.104229132168822858e+01,-1.810662676890691003e+01,-1.785476522892713547e+01,-1.152132484523786360e+01,-3.897030421325729854e+00,-3.173539297655224800e+00,-8.293835256662633881e+00,-1.621747541758749378e+01,-1.469936095509264184e+01,-1.595662552449438287e+01,-1.741883277893066406e+01,-1.428105353646808240e+01,-1.256965624292691608e+01,-1.036041444064014527e+01,-1.054108380981617543e+01,-1.226242359065347287e+01,-1.584992375804318243e+01,-1.337418208436833567e+01,-1.232517094661792179e+01,-1.135582586667603877e+01,-1.290101203405194852e+01,-1.444117807100216488e+01,-6.670763194561004639e+00,-3.486906094890501961e+00,-3.815883549758129600e+00,-7.973609683000379533e+00,-1.620177805920441827e+01,-2.661055572165383154e+01,-2.437210205031765753e+01,-2.165788918236891547e+01,-2.165218041174941632e+01,-2.288328912854194641e+01,-2.082415417664580914e+01,-1.475609396646420102e+01,-1.264663910079333498e+01,-1.085501693644457433e+01,-1.112789181040393061e+01,-4.923738252371549606e+00,-7.290662146551767364e-01,-1.900798825788216240e+00,-4.631767340809649802e+00,-1.518369283281370219e+00,-4.312105562431194805e+00,-1.106086021744542691e+01,-1.261171510587963773e+01,-5.904570131666130095e+00,-4.633040914622445605e+00,-8.234174894065493078e+00,-5.908352214888306975e+00,-7.720886122538811236e+00,-8.323729779364335002e+00,-7.759692449122667313e+00,-1.323420281791024777e+01,-8.541262099312412204e+00,-5.674208905961778626e+00,-8.332464271225035191e+00,-2.830572609142917528e+00,-1.125430274530016428e+00,-3.534662478103806738e+00,-7.123671526438556612e+00,-6.847334516488142064e+00,-7.217905020287919804e+00,-6.319593597989296541e+00,-6.111727162885169484e+00,-8.235169649951988191e+00,-1.437768243874112706e+01,-1.371667118743062019e+01,-1.138448792944351773e+01,-1.305147159761852649e+01,-1.040369258821010590e+01,-1.172424549195501520e+01,-8.534487211041980714e+00,-7.748434366865290635e+00,-1.531801607790920450e+01,-1.806273286706871417e+01,-1.301830966108375165e+01,-1.357480808947649287e+01,-9.651171771809458733e+00,-1.132231027384599109e+01,-1.607529246641529852e+01,-1.433414681669738577e+01,-1.673905810548199469e+01,-1.962814408375157171e+01
-2.411986778510941321e+01,-2.723070643511083233e+01,-2.676098403334617615e+01,-1.807733029127120972e+01,-1.473525429930951880e+01,-1.591609094291925430e+01,-9.667753549499643384e+00,-4.031314742440978982e+00,-4.065893888473510742e+00,-9.620555989858177171e+00,-1.077884744935565564e+01,-8.668743631905979186e+00,-6.617868654015991225e+00,-9.153788975543445616e+00,-1.052204949698514369e+01,-4.373357720052202247e+00,-3.068896003703735609e+00,-4.657896061945292487e+00,-4.973079001944926247e+00,-9.525446234435852588e+00,-6.354500274046182007e+00,-2.527511849266981248e+00,-2.858956997625581309e+00,-6.194109877364502914e+00,-1.145139905065298080e+01,-8.884685899648401275e+00,-6.191472009652191133e+00,-8.590722740731305151e+00,-1.081677095840374569e+01,-1.704931005504396069e+01,-2.780888690219985193e+01,-2.362518932918707648e+01,-1.334089725795719339e+01,-8.283242713660001755e+00,-7.276076219355066321e+00,-8.471513345837593079e+00,-4.348259329165658826e+00,-1.200595350139944228e+00,-1.605617581244587200e+00,-6.664866188748015396e+00,-1.036043289262387468e+01,-6.666100128036406502e+00,-4.376955285150971875e+00,-3.522957481109996181e+00,-4.418171688286950172e+00,-4.107378793673382766e+00,-6.210909721441566944e+00,-1.238572410018079850e+01,-9.330972175217336684e+00,-4.177323082875874505e+00,-3.914655180777319554e+00,-5.991724135354161263e+00,-9.638895740111669497e+00,-1.217351477758752054e+01,-1.445234070801072690e+01,-1.575943745175997357e+01,-1.003229145622915652e+01,-6.224096201774147019e+00,-2.278709267453046472e+00,-1.515210474702245014e+00,-6.971058840966886549e+00,-1.054584030951890661e+01,-3.681994561835078006e+00,5.671919660647594119e-01,1.103531199371597493e+00,-2.437610200516549863e+00,-8.208208313832679792e+00,-3.652180188620048895e+00,-2.415331605044128693e+00,-3.003131082863546908e+00,-6.108956211970911987e+00,-1.048228866275813864e+01,-8.643368059976232587e+00,-4.534464069952567122e+00,-3.381965664525826920e+00,-5.710128683182928100e+00,-1.251037361886766242e+01,-1.483761774831348035e+01,-1.015448244412740131e+01,-8.420215697131222754e+00,-9.462891947478055954e+00,-1.626143801543447864e+01,-2.321590037147204200e+01,-2.065351863867706683e+01,-1.621004561417632672e+01,-1.913976856900585943e+01
-1.438644917971558002e+01,-1.599826815393235968e+01,-1.958375918865203857e+01,-1.801306371721956623e+01,-1.309297513796223456e+01,-1.037574838433000757e+01,-1.276283766660425378e+01,-8.970973899794948636e+00,-7.036756536612908342e+00,-6.647906782726447084e+00,-6.690019574844175310e+00,-1.081056359161933322e+01,-7.321209519273704558e+00,-2.620872379270925645e+00,-2.533405225122502546e+00,-7.466885542497038841e+00,-6.435037194647723169e+00,-7.203256243218977950e+00,-3.642871088039504990e+00,7.681931196720042099e-01,1.404543425014304070e+00,-2.577981061981416744e+00,-5.982413222495880589e+00,-2.396435259944862839e+00,-3.799234817994551427e+00,-6.545230057918363542e+00,-1.162065310445096777e+01,-2.120858025385273748e+01,-2.267478079266018298e+01,-2.255665449798107147e+01,-2.851273710860146338e+01,-2.419738426307837287e+01,-1.208396708385811991e+01,-6.178052244087059997e+00,-3.712519825022253528e+00,-4.525552062214249105e+00,-6.697472476867712743e+00,-3.779211605318576250e+00,-3.344163087610569463e+00,-6.949940734853346846e+00,-1.490747698230875784e+01,-2.091299037304189312e+01,-1.654513230340348429e+01,-1.262201315909624100e+01,-1.359120939258072092e+01,-1.355351267713639452e+01,-3.913197561167180538e+00,-1.051936920707400303e+00,-1.887121911900370153e+00,-7.247419967212611169e+00,-1.150581361332701391e+01,-8.586784876469108596e+00,-1.445827414674891287e+01,-2.047435906281073770e+01,-1.291226938780811118e+01,-7.508984496092630856e+00,-7.158922763644820719e+00,-7.009600050126512549e+00,-2.707305881058952313e+00,-2.893104376323107019e+00,-6.728699124107758500e+00,-1.304851469645897488e+01,-8.449439528915617004e+00,-5.858133480460512743e+00,-7.836801016965182498e+00,-7.427776506377591126e+00,-4.314060044785340331e+00,-2.851319278422225878e+00,-4.647947759493642472e+00,-9.253782889391812816e+00,-1.250049537006351663e+01,-1.625537965860631573e+01,-1.344787846919563101e+01,-1.204708223127656552e+01,-1.278451134098900610e+01,-1.271577826639016529e+01,-1.481347986062367816e+01,-1.182062045733133893e+01,-6.143696311033433943e+00,-3.618779324745345249e+00,-4.321628935221168533e+00,-8.095402161383795203e+00,-7.578028885233733192e+00,-8.648743534253704013e+00,-1.448527403300007244e+01,-1.992073375566138083e+01
-1.218270650340451056e+01,-1.511754176020622253e+01,-2.076902592513296497e+01,-2.387689428031444550e+01,-1.953894799616601574e+01,-1.718209967845016095e+01,-1.126714347571962449e+01,-9.324671450484958157e+00,-1.110950153196851353e+01,-1.479795034974813461e+01,-1.316859436862998578e+01,-6.954733524057600036e+00,-9.227263691524663969e+00,-5.867363710163368218e+00,-1.664162456632715781e+00,-2.325648784121666424e+00,-4.138359070238140092e+00,-6.871206472938259147e+00,-7.854052466806024313e+00,-7.731314649650205872e+00,-2.496988743592131410e+00,-1.158712152235441106e+00,-3.663480518475504599e+00,-8.850897328410711751e+00,-7.834596476103696361e+00,-7.284288480050033598e+00,-1.237646848294470026e+01,-2.167118325498368847e+01,-2.608226110537846765e+01,-2.549876868393685925e+01,-2.798749593728118512e+01,-2.524735703567663947e+01,-1.698334923055436718e+01,-1.563078096840116693e+01,-1.700176008832123387e+01,-1.434403667847315411e+01,-1.673533522254890826e+01,-1.542467823872963528e+01,-1.223723892660604662e+01,-1.492437962442636490e+01,-1.954314438667562115e+01,-2.251611936257945246e+01,-1.736058681044313801e+01,-1.127009531110525131e+01,-7.174659799784421921e+00,-6.587377356934464245e+00,-1.846149799203784747e+00,-2.177699121233343860e+00,-6.076028909880228035e+00,-1.321654383589824100e+01,-2.262428543468316278e+01,-1.373022947791549875e+01,-6.307131247801913254e+00,-4.804399185948164508e+00,-2.197665471099349510e+00,-1.110921314272369953e+00,-3.060136895060875606e+00,-6.289990827441215515e+00,-1.151880247601204488e+01,-1.632359172610772902e+01,-1.591397079245911783e+01,-1.735381803247663868e+01,-1.818467265946997458e+01,-1.730887165831195063e+01,-2.208177945183383173e+01,-1.797927733014027396e+01,-1.500570150175028417e+01,-1.491258955374360085e+01,-1.581911581009626389e+01,-2.085708774295117962e+01,-2.466705726418230427e+01,-2.373998534679412842e+01,-2.372885213626755530e+01,-2.576281423866748810e+01,-2.619874499738216400e+01,-2.567380885779857635e+01,-2.322351475225554651e+01,-1.688615938027699670e+01,-1.618202312580413249e+01,-1.390784753031200793e+01,-7.063973074985875122e+00,-4.314430441293451324e+00,-4.144218121758765250e+00,-6.930958737515741319e+00,-1.334135829326179312e+01,-1.636925996508863079e+01
-1.995933510528670496e+01,-2.749128763212097937e+01,-2.435183351404137042e+01,-2.017104132639037317e+01,-1.406050925039582822e+01,-9.391068288021617860e+00,-4.526238635596302018e+00,-2.434746698398763787e+00,-4.330689319719870589e+00,-1.079174346476793289e+01,-1.875886731346448144e+01,-1.028444939106702805e+01,-4.988255324049128525e+00,-3.116124636079701915e+00,-5.433126711597044967e+00,-1.100084608932957053e+01,-6.854827311303880677e+00,-6.713578575187259645e+00,-8.894115223445826501e+00,-7.628971279081371293e+00,-9.639483446048366488e+00,-1.499536821804940701e+01,-1.174019850459363745e+01,-1.519145397924714658e+01,-1.986010599467489612e+01,-1.377452807045645145e+01,-1.474604349583387375e+01,-1.838113843401272973e+01,-1.792913197726011276e+01,-1.821311455799473578e+01,-2.663441264629364014e+01,-2.726768631736437598e+01,-2.609113102654616156e+01,-2.659330288734700787e+01,-1.970404690669642633e+01,-1.185373956296179010e+01,-9.385872746921247511e+00,-8.435468454741769762e+00,-8.761455645991695462e+00,-1.260132406238052560e+01,-1.176884618070390509e+01,-8.312115625788768725e+00,-8.715912380773159995e+00,-8.737292524013254180e+00,-4.290952445111340552e+00,-5.411172940162941813e+00,-7.492945848757194049e+00,-1.076270019511381726e+01,-1.860582942846748722e+01,-2.046972686217890924e+01,-2.243175829615857708e+01,-1.540209621025456244e+01,-5.082237460133102402e+00,-7.224504207604494077e-01,-9.139561928847493855e-01,-5.710268057591747493e+00,-1.620892310722006613e+01,-1.721804123785760510e+01,-2.018800669577386486e+01,-2.428265061312251660e+01,-2.512919136550691235e+01,-2.384646747509638587e+01,-2.615290459328227612e+01,-2.620793878038724145e+01,-2.641977881557411578e+01,-2.477308543854289624e+01,-2.573283749653233343e+01,-2.566951769590377808e+01,-2.630590430895487586e+01,-2.608322337932056811e+01,-2.645138071974118432e+01,-2.796605875425868604e+01,-2.674618287384510040e+01,-2.783698658314015972e+01,-2.648049541480011371e+01,-2.713651980294121557e+01,-2.603132140470875555e+01,-2.579824571311473846e+01,-2.460884376201364887e+01,-1.894160880479547870e+01,-1.599202356653081125e+01,-1.951055178460147488e+01,-1.332114920516808887e+01,-1.058361782547500418e+01,-1.326245030926333612e+01,-1.374358344988690561e+01
-2.333635583685504145e+01,-2.842178816762235272e+01,-2.620216467811001593e+01,-1.682044178081883246e+01,-1.251699048942989734e+01,-1.280248805797762301e+01,-1.092244347391856962e+01,-6.788557906014223597e+00,-6.581593690026137367e+00,-8.955102162642610608e+00,-1.497986776464515302e+01,-1.398248487462600131e+01,-6.012483201507064834e+00,-6.890773816241158478e+00,-1.235029681813385771e+01,-1.277290582822428888e+01,-1.113798124757077979e+01,-5.632343492781122229e+00,-3.570093732999844782e+00,-4.716305630074606903e+00,-8.287773708502450987e+00,-1.541530904339419550e+01,-2.180214119123088068e+01,-2.254874402119053656e+01,-1.964408787257141498e+01,-1.023010322327415089e+01,-5.329245810468112410e+00,-4.117139730435155798e+00,-5.785334135871380568e+00,-1.173142520007159995e+01,-2.536782422330644238e+01,-2.802310996419853595e+01,-2.679271728793780127e+01,-2.680351506173610687e+01,-1.673158383452230069e+01,-9.552361542979875608e+00,-5.713955577462911606e+00,-4.599729591566655174e+00,-6.158532065235906572e+00,-1.201074756185213666e+01,-1.192276150650448230e+01,-5.499412204242414504e+00,-3.176355970609519019e+00,-3.531451029703021049e+00,-7.397969767865207658e+00,-1.684590381466680142e+01,-1.918037623332606501e+01,-1.915808720390002051e+01,-2.256211659808953485e+01,-2.564447120991017925e+01,-2.154084256125820929e+01,-1.553597420454025269e+01,-1.198297934109965901e+01,-1.150878159474167539e+01,-1.015805220935079767e+01,-1.217689906391832544e+01,-1.842710884246561420e+01,-2.505172363254759205e+01,-2.544079582227600866e+01,-2.667435423533121863e+01,-2.625375960436132061e+01,-2.513044038911660394e+01,-2.662515314585632709e+01,-2.624517692128817359e+01,-2.540487652520338813e+01,-2.456991262071662518e+01,-2.443674474789036566e+01,-2.531971983611583710e+01,-2.449288628498713294e+01,-2.428922765784793469e+01,-2.367781220873196801e+01,-2.379131161173184594e+01,-2.432695915301640710e+01,-2.722343915204207221e+01,-2.574244056973192585e+01,-2.683023964365323266e+01,-2.546035659975475696e+01,-2.434519417087237159e+01,-2.296428144474824151e+01,-1.905708874596489721e+01,-1.462151781055662347e+01,-1.567988131153914644e+01,-9.861493778518504172e+00,-5.957152446111042998e+00,-7.988598438186778061e+00,-1.752201433479785919e+01
-2.573335016104910267e+01,-2.152861739860640711e+01,-1.856655729148123157e+01,-1.267525553454955478e+01,-1.296186598555909342e+01,-1.879342737628353888e+01,-1.706401407387521374e+01,-1.516509293268124203e+01,-1.976867107053597650e+01,-1.736199184921052563e+01,-1.056774031619230847e+01,-4.039280167677336664e+00,-1.356594448448858126e+00,-2.253833903028862551e+00,-6.926838720424307816e+00,-1.250406823969549563e+01,-1.313692031800746918e+01,-1.488774334142605404e+01,-1.626869008441765985e+01,-1.552428724078668409e+01,-1.407541261861721615e+01,-1.588312808838155554e+01,-2.531757990519205848e+01,-2.597035268445809564e+01,-2.316843349900510418e+01,-1.007519117908345407e+01,-2.060176292017584121e+00,-4.792212055469412257e-02,-2.694055155478256136e+00,-1.120109249651432037e+01,-2.406340191761652747e+01,-2.723825923767354595e+01,-2.299584407773282635e+01,-2.383012428217464063e+01,-1.531272480140129666e+01,-8.474373740454515413e+00,-1.094159615205393976e+01,-8.676534059147039457e+00,-8.413433853122922912e+00,-1.603204939597182843e+01,-1.289454382244083597e+01,-1.291436783389912790e+01,-1.508980356694923586e+01,-1.416601962140864757e+01,-1.536951960788832849e+01,-1.606693084206845867e+01,-1.271700183053811450e+01,-1.340044315076536563e+01,-1.443091108981105997e+01,-1.626207203004095447e+01,-1.823578866157266987e+01,-2.026007997658517468e+01,-1.972312122583389282e+01,-2.108881401518980780e+01,-2.384909097519185650e+01,-2.370637397633658594e+01,-2.325976869795057667e+01,-2.489549564984109509e+01,-2.647440873086452484e+01,-2.674041633473502344e+01,-2.453894241816467670e+01,-2.202116058104568097e+01,-2.189463561111026380e+01,-1.978587566150559240e+01,-1.634567865232626716e+01,-1.440346539600027853e+01,-1.677261936995718372e+01,-1.902471250957912829e+01,-1.430236331290668872e+01,-1.107599819037649347e+01,-1.032386626013451192e+01,-1.444885597667760280e+01,-2.181241413288646314e+01,-2.296713717447386927e+01,-2.211890927619404223e+01,-2.390744825204213342e+01,-2.161032824383841700e+01,-1.435192739797962957e+01,-1.150659027116166300e+01,-8.438989654390347539e+00,-4.313136547079516880e+00,-2.677819273900240660e+00,-2.329835893224097010e+00,-3.435082483829723365e+00,-7.622850435061587326e+00,-1.531640159255928424e+01
-2.799047549068927765e+01,-1.706954611506726849e+01,-1.159332463724745566e+01,-1.127648877683613016e+01,-1.155848764462603384e+01,-9.220784332189294830e+00,-1.132619736509190744e+01,-1.751015943288803101e+01,-2.009533064564068994e+01,-1.493278563436534689e+01,-1.287740128238995929e+01,-6.764749612297034531e+00,-6.216001269056303791e-01,-1.555129032409537482e+00,-1.045687541448407742e+01,-1.543833426137765308e+01,-1.529963911324739456e+01,-1.017524428996774866e+01,-9.180817993564737378e+00,-9.316884589898917213e+00,-1.022078481399350736e+01,-1.319837396757470316e+01,-1.778693898022174835e+01,-2.005284969674216455e+01,-2.020989846852090466e+01,-1.159640381319655233e+01,-5.697899104302956097e+00,-4.763804180453815817e+00,-8.419350711525314779e+00,-1.120339736425214383e+01,-1.633560656797554600e+01,-1.504504637006256296e+01,-1.487802130728960037e+01,-1.150912506878376007e+01,-6.966554430830809608e+00,-3.496679544241891868e+00,-2.847573257568809524e+00,-3.285554027262454380e+00,-6.865005282892121308e+00,-1.080874760883549790e+01,-8.136549970755973860e+00,-9.513881948259141907e+00,-1.490210067398018268e+01,-2.316581996116373432e+01,-2.453474780917167664e+01,-1.376137674268749045e+01,-7.115004773769113555e+00,-4.264535677205357089e+00,-4.722805949341919884e+00,-1.053095256237106270e+01,-9.678149139094683662e+00,-7.426074428483843803e+00,-9.398713705440362887e+00,-1.571603663845194632e+01,-2.153261331054899586e+01,-2.240404243436124432e+01,-2.355986426273981849e+01,-2.035267896122402576e+01,-2.055998221536477288e+01,-1.992270162122117227e+01,-1.581076480944951435e+01,-1.108642020242081827e+01,-8.310633668882978498e+00,-9.493669716641306877e+00,-1.094160322120620066e+01,-5.820862236536211043e+00,-4.121746685562862389e+00,-4.642316777983473308e+00,-3.214850578767558087e+00,-2.557046659394270893e+00,-2.664120578000114925e+00,-4.537977092627746067e+00,-7.154465755512420699e+00,-1.042546025787790676e+01,-1.297460192110803412e+01,-1.060599197861221121e+01,-7.749663923763566942e+00,-4.216094250894254714e+00,-3.046648977427846905e+00,-3.616323573023287885e+00,-5.560637522695793145e+00,-1.175747858308669613e+01,-1.485186732332739545e+01,-1.410985081849826628e+01,-1.033472930639982224e+01,-1.117803381714555933e+01
-2.404869083563486853e+01,-1.473957262933254242e+01,-1.028633394092321396e+01,-1.217056797610388941e+01,-1.807210791442129505e+01,-1.405795225252707858e+01,-8.946803729567262664e+00,-9.414476828442680301e+00,-9.683239244752460451e+00,-9.615229385594526335e+00,-7.872572163326872818e+00,-3.172589256583402406e+00,-1.467758946694731170e+00,-3.187804588014033769e+00,-4.933590334115756981e+00,-8.547235904054510058e+00,-1.218898396359549707e+01,-7.787932339641782775e+00,-3.506114945126076687e+00,-3.577642131079402432e+00,-6.986239907642205260e+00,-1.391555621971686740e+01,-9.454388534857166349e+00,-6.104959124906195633e+00,-6.500762542140567035e+00,-6.779677334345048934e+00,-1.163521113908953097e+01,-9.371405216554800077e+00,-6.688249721502264045e+00,-6.254855362284514442e+00,-3.795724075080619819e+00,-4.494771107513871655e+00,-8.321123711143931345e+00,-5.375915175717738137e+00,-2.740584690518315103e+00,-5.225110584766500921e+00,-1.157024845605095287e+01,-5.857954190216130286e+00,-2.433580492209229007e+00,-4.008782970550884173e+00,-5.709248615635766022e+00,-5.581834955347908966e+00,-1.017103098995155719e+01,-2.370852101014720148e+01,-2.337902571757634362e+01,-1.102571892489989658e+01,-1.034595696421133226e+01,-9.907688801073366136e+00,-3.673761467656327717e+00,-2.569386820418811723e+00,-3.561056359981497277e+00,-5.905156616638931766e+00,-5.771670634961790114e+00,-5.873505467038437011e+00,-1.046790125626284862e+01,-1.321811813835584992e+01,-1.371802489910300693e+01,-1.102658122656349526e+01,-7.252699484427769683e+00,-7.048215188913875551e+00,-1.162117857982715030e+01,-7.990445057137145035e+00,-2.048632838632632680e+00,-7.803502955098843286e-01,-2.560791429023083765e+00,-7.678320653322669997e+00,-9.030868394817742839e+00,-6.343587839018760555e+00,-6.943859840639763803e+00,-1.138704487081203176e+01,-8.088134143837830692e+00,-3.764446729069782727e+00,-3.939207947606013782e+00,-9.267857024653089582e+00,-1.483573809928364184e+01,-7.738526962283584609e+00,-4.729539140541520581e+00,-6.274288618730174072e+00,-1.133650600330697245e+01,-1.447944776465495487e+01,-1.290150486512316519e+01,-1.795209326181146992e+01,-2.158465105626318348e+01,-2.044622751904858404e+01,-1.413273121830489920e+01,-1.135085069802072333e+01
-1.979538722501860804e+01,-1.166992347853051371e+01,-8.973260730504989624e+00,-1.102825612326463123e+01,-1.846144971913761523e+01,-2.143883739411830902e+01,-1.218514016353421781e+01,-8.073503670593103365e+00,-6.786587437821759217e+00,-8.711264865265953006e+00,-9.339087723029983579e+00,-8.193788453522655502e+00,-1.269977752947145078e+01,-1.405449579324987219e+01,-1.080855966897474474e+01,-4.841411058066619866e+00,-4.117764647067007289e+00,-4.507113062259223923e+00,-6.844671317686636947e+00,-1.321414143260982321e+01,-1.272970414244466397e+01,-1.347494921998845285e+01,-7.460828221092621781e+00,-6.549655005749729142e+00,-6.513954093576305837e+00,-6.026796049955818191e+00,-1.113331800492273516e+01,-9.765655106968349486e+00,-6.861696357114447586e+00,-6.677911018331845305e+00,-9.368890791510542826e+00,-5.094155951299601526e+00,-1.808792318657247655e+00,-4.908046262804418802e+00,-1.182395347445789291e+01,-8.530782734768258990e+00,-1.131387630518939780e+01,-5.557380900614791841e+00,-2.118587196002610806e+00,-4.175350516853439942e+00,-6.374007530924346909e+00,-5.308636991928021409e+00,-1.029283037285009961e+01,-2.296781167056825268e+01,-2.165881742868158710e+01,-1.095412579841083911e+01,-5.416013027334378727e+00,-3.314635470823203534e+00,-4.790619320533652470e+00,-1.202849139997528738e+01,-1.304485011556082341e+01,-1.340994351440005872e+01,-7.304305522806114226e+00,-1.001150039656042434e+00,1.322862578648912102e+00,1.614483759829858478e+00,5.324318860188618219e-01,-2.334528132366055164e+00,-5.740303636425071687e+00,-6.240263880127006502e+00,-9.122116048302915559e+00,-9.177328986633154884e+00,-4.609482409768840938e+00,-6.039048544826477460e+00,-7.716942570379210942e+00,-1.465158143473995978e+01,-2.203216685354709625e+01,-2.272699895335568243e+01,-2.044927252829074860e+01,-1.069267110360993200e+01,-1.110150125539965060e+01,-6.948518949457341165e+00,-3.526424371771605060e+00,-7.259303999702549248e+00,-8.773561799795263738e+00,-8.495824712018171354e+00,-1.661501295450661075e+01,-1.709950387229521951e+01,-1.564914116263389587e+01,-1.700445631146430969e+01,-1.288901090456379706e+01,-1.265239331084820940e+01,-1.012902214957608038e+01,-8.620095543511625991e+00,-6.609245253519879348e+00,-9.417841791278785735e+00
-1.983555823895666492e+01,-1.621091852088769159e+01,-1.544018656760454178e+01,-1.681804290082719433e+01,-1.943563471072249982e+01,-2.388370828827222070e+01,-2.100500278506014240e+01,-2.111921603067053610e+01,-1.963496844553285214e+01,-1.336382452232970053e+01,-1.198336376580927087e+01,-1.543373617364300543e+01,-1.845124698678652564e+01,-1.675355738070275891e+01,-1.116651457051436047e+01,-8.362708519316381484e+00,-1.000631812339027782e+01,-6.765011916764908761e+00,-9.935132609473335208e+00,-1.341011257055732919e+01,-7.512006626360946626e+00,-5.637211411208328471e+00,-5.336550687698440321e+00,-1.062687306230266948e+01,-1.538048217776748849e+01,-9.058932817644542723e+00,-5.671714295736617117e+00,-6.415258317357963591e+00,-1.082022371350063139e+01,-1.287720177570978741e+01,-7.277122195396158233e+00,-3.709712299828728188e+00,-3.511086636326379296e+00,-7.656302036510573394e+00,-1.647410910493797687e+01,-1.078576869600349042e+01,-4.675304106850591168e+00,-3.119655600438515197e+00,-6.381368727617275916e+00,-1.046521889935764982e+01,-6.752272110018465057e+00,-9.546521040300527616e+00,-1.567266192038854022e+01,-1.816741514371501154e+01,-1.810722687840461731e+01,-1.746809937556584558e+01,-5.058452747969163887e+00,5.760705324872913806e-04,-3.181394194204282821e-01,-5.566483499559883974e+00,-1.427992352843284607e+01,-1.375932080133093649e+01,-6.755815654165214568e+00,-8.231191242665873986e+00,-4.604884144704556093e+00,-1.769741118827369064e+00,-3.036408358385162654e+00,-9.527104184445407853e+00,-1.800310312459866324e+01,-1.208303810573286441e+01,-7.123085231623715430e+00,-5.573463706920544602e+00,-8.776411352472173633e+00,-1.602801098095046228e+01,-1.830562759687503060e+01,-1.954595175219906622e+01,-2.514019065101941308e+01,-2.574128662380907429e+01,-2.128584071000416955e+01,-1.103900333742300610e+01,-5.154745284674896233e+00,-2.518417986911825057e+00,-2.549312382933243804e+00,-3.564626843176989190e+00,-3.993875075442095746e+00,-6.568506652696265213e+00,-1.439117059049507041e+01,-1.550135621283617304e+01,-1.543939947916401678e+01,-1.181323234198821837e+01,-7.565371090753211014e+00,-6.423735592514276505e+00,-1.642558779986656115e+00,-1.172518817889188769e+00,-6.275912312997712128e+00,-1.575416034128930853e+01
-2.631997663444942859e+01,-2.796574097375075141e+01,-2.832837958633899689e+01,-2.927321577568848809e+01,-2.809745465715726098e+01,-2.455397003889083862e+01,-1.898894333011574176e+01,-1.831957343469063559e+01,-1.968866487509674457e+01,-1.755223159657584375e+01,-1.692649689482318109e+01,-1.555708431121375845e+01,-1.541211606810490231e+01,-1.486947871454887959e+01,-1.285928725865152167e+01,-1.620718830492761242e+01,-1.581906928122043610e+01,-8.804907393952211336e+00,-4.040036697458061710e+00,-3.899960966780781746e+00,-7.384377600004275344e+00,-2.790156728723862667e+00,-2.040329801893676631e-01,-2.881501829558854144e+00,-9.927757771064838366e+00,-6.883811745171745322e+00,-3.265983922096590053e+00,-3.631950377693606846e+00,-8.104423646297719941e+00,-1.304089100907246213e+01,-1.055802591724528128e+01,-1.279996995338135335e+01,-8.998508332918087049e+00,-1.033014098554849625e+01,-1.367439908451504138e+01,-1.384272139353884512e+01,-6.985992685374286637e+00,-8.767517755428949400e+00,-1.397892801049682809e+01,-1.690362090369065484e+01,-1.423767317914300534e+01,-8.295671680321296648e+00,-7.329037310096383706e+00,-6.396860104447922524e+00,-9.816971818164651253e+00,-9.158874106342510757e+00,-2.490310483743390702e+00,-3.091457403183287322e+00,-5.043674241091947508e+00,-3.455147881474760041e+00,-8.963828940358427033e+00,-1.282517598900530054e+01,-7.145663612832625411e+00,-5.792908757304151557e+00,-7.469987551785177260e+00,-1.487781196522215943e+01,-1.222500673143400007e+01,-1.329729440973864740e+01,-1.454657962918281555e+01,-8.825322586215204268e+00,-4.906406458467245102e+00,-4.572313412403066657e+00,-6.566520138333241441e+00,-1.326521799299452020e+01,-2.266938302417596063e+01,-2.273056172993447888e+01,-2.269290749397542584e+01,-2.601809017856915673e+01,-2.195148264533943561e+01,-1.637214402274953073e+01,-9.825159552196661039e+00,-1.073310467476646046e+01,-1.469272199893991093e+01,-1.414016018807888031e+01,-1.283790875888533023e+01,-5.870005606828878619e+00,-1.304157522901126187e+00,-7.527882625896987756e-01,-1.546514369857807880e+00,-2.429417390460002935e+00,-5.450224221787518530e+00,-5.216597408056259155e+00,-1.872922989161856400e+00,-2.164514153369699212e+00,-7.493353804987338052e+00,-1.517593814846542166e+01
-2.847392512857913971e+01,-3.039223416149616241e+01,-3.066208169029818720e+01,-3.061092404524485389e+01,-2.916265497936142737e+01,-2.504592686063713458e+01,-1.343077876915534397e+01,-7.975265362196498842e+00,-6.495641294866800308e+00,-7.755288694053888321e+00,-1.095146532439523313e+01,-9.828271990434991778e+00,-5.188377654593852029e+00,-3.862051530637674812e+00,-5.212065284657809272e+00,-1.009761681656042676e+01,-1.406019622584184070e+01,-7.794478789799743623e+00,-5.922201091009709373e+00,-7.160051580828924678e+00,-4.597448233075232871e+00,-8.437159221996100023e-01,2.928842867008319972e-01,-4.462348721368471161e+00,-1.221912858055697626e+01,-8.709449070195356413e+00,-9.036031929155191378e+00,-1.630322102747029689e+01,-1.532263970788982199e+01,-1.387286602871285623e+01,-8.571838219132688508e+00,-6.485839704258574479e+00,-5.493718825073705680e+00,-7.186510736640128627e+00,-4.436154541662189033e+00,-2.470304499960144007e+00,-3.457153917846476965e+00,-1.011712388984031108e+01,-2.022727981375323481e+01,-2.447825978861914820e+01,-1.947807959384388354e+01,-8.515806733320156141e+00,-1.827344995498909386e+00,1.005007390848428939e+00,1.150335941638533921e+00,1.534644607163500041e-01,-1.956069337439354738e+00,-7.929534441481034257e+00,-1.443988494947552681e+01,-6.307027977373865113e+00,-3.898508964675582167e+00,-5.201531402692328498e+00,-3.039783508258147471e+00,-3.856001606107585911e+00,-7.336630650278594956e+00,-1.467104687293370624e+01,-2.184506293800141918e+01,-2.315735831194453809e+01,-1.725725752611954888e+01,-1.380024035937256244e+01,-1.446074411686923789e+01,-1.423468831843799975e+01,-8.411800997124778689e+00,-7.790204106726580591e+00,-1.183564992911285785e+01,-1.200000959717565152e+01,-1.747283364335696021e+01,-2.455276392234696203e+01,-2.293807773788769921e+01,-1.721561710950400936e+01,-1.081160118803381920e+01,-1.168272463459935473e+01,-1.135889778741531941e+01,-1.151875614540444559e+01,-1.471384799894359396e+01,-4.734708517427659302e+00,9.738869015846932098e-02,-8.723621676932048763e-02,-5.028346950436469953e+00,-1.049781886420937127e+01,-6.527680954171551697e+00,-9.606196874959600507e+00,-8.193505838720334111e+00,-7.960849060573512048e+00,-1.183493767223424342e+01,-1.682189902166525641e+01
-2.993958166903919604e+01,-3.025742110775576776e+01,-3.090093401239978022e+01,-3.049344224565559003e+01,-2.911991089582443237e+01,-2.639743807911872864e+01,-1.527757161193423840e+01,-6.179630907045470245e+00,-4.805265767706765168e+00,-9.739169493317604065e+00,-1.083615408589442630e+01,-1.003051888487405208e+01,-1.133239817660715865e+01,-8.769674434637030558e+00,-8.140700188775857882e+00,-1.060731021811564823e+01,-1.607199793557326117e+01,-1.770425726804468525e+01,-1.559846771177318381e+01,-1.476439934306674573e+01,-1.230666073556575490e+01,-3.715329442251257053e+00,-1.563754409874288931e-01,-1.540407241395061799e+00,-5.320916160165022113e+00,-6.442256725910636916e+00,-1.246280579020579715e+01,-2.202448505494329822e+01,-2.479093400968445593e+01,-1.761975894868373871e+01,-1.065291092710362619e+01,-8.315839328285720811e+00,-9.634635314966240927e+00,-6.221947699992193215e+00,-2.400783072912114680e+00,-5.265587529066679817e-01,-6.148746510463953818e-01,-5.444480434836198590e+00,-1.583304130534330945e+01,-1.569917021940151791e+01,-1.546221592836081982e+01,-8.343273969988027616e+00,-7.942325691317415171e+00,-7.889650805746593498e+00,-4.538484658867269594e+00,-7.695993082918802131e+00,-4.893290755235486955e+00,-5.592029188656145067e+00,-1.071445331639713672e+01,-8.914265758875343337e+00,-6.332566359287334912e+00,-6.420071627608397336e+00,-8.542579539948039979e+00,-1.318569362536072731e+01,-1.396149422642257498e+01,-1.909726713266637432e+01,-1.948090913312302774e+01,-1.985953468084335327e+01,-1.400490776780578805e+01,-1.145867041498422623e+01,-9.270640757348802552e+00,-5.541406479715886846e+00,-3.263246561607552998e+00,-3.589539764138559352e+00,-3.913751212155653469e+00,-4.330747730059859357e+00,-7.699500208513604171e+00,-1.007528538546628383e+01,-1.280108322203159332e+01,-1.062422530684206201e+01,-5.607771946738163926e+00,-2.910471253097057343e+00,-3.969487681157059189e+00,-8.259352281275722518e+00,-1.076693230867385864e+01,-7.916880008971525662e+00,-7.163096810587982866e+00,-1.033653666813754413e+01,-1.200247962855630490e+01,-1.503134226799011230e+01,-8.063188546647628741e+00,-3.995634418705271251e+00,-4.337942654991315372e+00,-8.220955150990144844e+00,-8.340836486986113130e+00,-1.081494878646400259e+01
-2.650691822667916497e+01,-2.442432713674174494e+01,-2.488894927832815540e+01,-2.524698951012558368e+01,-2.374709751870896923e+01,-2.439438723193274683e+01,-1.467365367793374631e+01,-7.462154826356305115e+00,-5.547444658974806764e+00,-7.420766402035951614e+00,-1.199525705145465082e+01,-1.736316770811875543e+01,-2.260631561610433948e+01,-2.252411858903037256e+01,-2.238268885182009882e+01,-2.007469232214821631e+01,-2.125951382021109382e+01,-2.656919689476490021e+01,-2.006987562775611877e+01,-1.050987392912308316e+01,-7.459950626672555707e+00,-3.328960160336767782e+00,-2.281362794449604436e+00,-7.043646336694816767e+00,-5.506486095798512004e+00,-6.819768663495779037e+00,-1.692304055392742157e+01,-2.133118894696235657e+01,-2.712932502561145398e+01,-2.293272875580522907e+01,-2.156180646518866340e+01,-2.208735865023400891e+01,-2.020075098839070904e+01,-1.540392429712745859e+01,-1.407038024399015619e+01,-1.063317498631982261e+01,-5.737127336071959682e+00,-5.165840025034008853e+00,-2.593076625911382660e+00,-1.206705586432993416e+00,-1.729370625410713957e+00,-7.114482550778323144e+00,-1.173878195799059299e+01,-7.423713445456491478e+00,-5.442684343705574967e+00,-7.378622736988796227e+00,-5.056796409396661751e+00,-7.959067799150943756e+00,-1.677163363744815072e+01,-2.154851554003026592e+01,-2.114204124361276627e+01,-2.197636111825704575e+01,-1.832473440468311310e+01,-1.575510342088010596e+01,-9.344313169933027297e+00,-7.093260284823675654e+00,-7.073053769198143215e+00,-9.756608871122201876e+00,-1.394776346451706317e+01,-8.389600194162792235e+00,-5.278193579572770133e+00,-5.325318095377749472e+00,-7.205224070284101501e+00,-1.200860176897711185e+01,-1.388339592143893242e+01,-7.962115788418385520e+00,-3.894045884617500786e+00,-5.623750641942024231e+00,-1.171940565274821466e+01,-1.381905776758988758e+01,-1.013501138364275356e+01,-9.717580454941424861e+00,-7.152689396507209807e+00,-1.193712732278638455e+01,-1.749167696469359967e+01,-1.342754539185100171e+01,-1.207893075214492029e+01,-1.463436132669448853e+01,-9.034122712496253982e+00,-6.141497062933114037e+00,-7.426181532235609062e+00,-5.733501518662604823e+00,-9.191080205522060842e-01,-1.907306874848371914e+00,-7.161373209208250046e+00,-1.353601241525676535e+01
-2.399370776447985065e+01,-1.685315232723951340e+01,-1.386237947146097760e+01,-1.377236503942145163e+01,-1.660806488494078437e+01,-2.320745539996359241e+01,-1.544775132586558719e+01,-9.509616985089248686e+00,-1.183527096112569232e+01,-1.614119490153259662e+01,-1.544116175174713135e+01,-1.906527739763259888e+01,-1.691267486827241129e+01,-1.591596610678566748e+01,-1.481389288438690954e+01,-1.541305744896332364e+01,-2.061197732057836163e+01,-2.688655608395735541e+01,-1.966306193835205463e+01,-1.095633571677737805e+01,-6.166624539428287477e+00,-4.791391670289966598e+00,-7.692124821038709648e+00,-5.299976353223125436e+00,-2.200329500987815212e+00,-2.946024918880235877e+00,-9.436040435400274262e+00,-1.879127935568491736e+01,-2.789515333043204492e+01,-2.211092818445629504e+01,-2.258391612437036144e+01,-2.453818379508124536e+01,-2.148566959136062238e+01,-2.139224168989393604e+01,-1.545075644718276209e+01,-8.497067246172163024e+00,-6.666741887728373506e+00,-7.306237481534481049e+00,-1.070358644847551055e+00,1.605544571820145316e+00,8.056164692315077591e-01,-5.288949221476084261e+00,-7.044999783341255650e+00,-1.520605207792363522e+00,-2.065287496167810488e+00,-5.886152972823765595e+00,-6.300871576699945464e+00,-1.258509568207793805e+01,-1.898814236289925006e+01,-2.489154020282957447e+01,-2.189711051020357502e+01,-2.210626488924026489e+01,-2.209910183813836682e+01,-1.878400750292671972e+01,-6.678382101986143127e+00,-1.378840406774341165e+00,-1.843260724178334309e+00,-8.813543609033027693e+00,-1.311018423736095428e+01,-1.000416939291689111e+01,-1.367897356798251529e+01,-1.544136485457420349e+01,-1.139656986172000508e+01,-6.460850098066860170e+00,-5.687722698267963395e+00,-6.107970796525478363e+00,-1.258943844876355556e+01,-1.644963152706623077e+01,-1.609817852742142108e+01,-2.070777393215232465e+01,-2.405143559641308215e+01,-1.723123482945892704e+01,-8.855273471938239993e+00,-5.924339059740304947e+00,-5.300702515575620666e+00,-6.030050272328986161e+00,-1.053676029915610890e+01,-1.302573038472069555e+01,-7.330753366980287566e+00,-4.459756186335450678e+00,-4.087962203607377276e+00,-2.617650324562823094e+00,-4.800633296532193839e+00,-1.113663078730719036e+01,-1.245546335395839499e+01,-1.623939364155133447e+01
-2.187814799944559851e+01,-1.847147072189384076e+01,-1.748879020412762841e+01,-1.631949749092261115e+01,-1.741462393436167133e+01,-1.839123155342208094e+01,-1.314239052683115005e+01,-7.576403333081139557e+00,-6.548347226033608415e+00,-8.476381649987565936e+00,-1.138099478350745386e+01,-1.135264403455787274e+01,-6.153549536648723617e+00,-4.194444121689432592e+00,-5.812102435777585008e+00,-1.219924518217643161e+01,-1.677418014903863153e+01,-1.967663222716914362e+01,-1.996595593293507775e+01,-1.730553857982158661e+01,-1.711306280146042624e+01,-1.504716951317257312e+01,-9.112631908721393614e+00,-5.260186616227858991e+00,-1.940221777621951027e+00,-1.478669683636528287e+00,-5.538579831520716645e+00,-1.803709021210670471e+01,-2.669282556739118206e+01,-1.858698713282744208e+01,-1.267557841456598666e+01,-1.110772154894140051e+01,-1.060389873964918905e+01,-1.130497908343871494e+01,-1.523029922776752088e+01,-1.147198461823993298e+01,-7.807284313771459594e+00,-7.966641855736573241e+00,-1.066937015171990666e+01,-1.007245098826549778e+01,-3.265162145999460641e+00,-1.689809240545097735e+00,-1.908884712619005164e+00,-1.816010282317317204e+00,-1.861075225732444549e+00,-3.077642894841978283e+00,-8.927486877371039853e+00,-1.982208931363291171e+01,-1.958003429737355816e+01,-2.158390857113732153e+01,-1.692700153423680121e+01,-1.034079473548465344e+01,-7.947725890411271088e+00,-6.230832696803393134e+00,-2.161748203868531615e+00,-1.822555924103653524e+00,-3.796340548485103383e+00,-8.989142406731843948e+00,-1.590372613072395325e+01,-1.171603563676277737e+01,-5.943543779767221480e+00,-4.880596419266010955e+00,-4.529906037056611545e+00,-5.524262896635466547e+00,-5.264251667385299704e+00,-9.247458960447046294e+00,-2.170543303589026252e+01,-2.504817687471707544e+01,-2.419092737634976586e+01,-2.474689236117733770e+01,-2.611431201961305248e+01,-1.636780153214931488e+01,-9.009894125991397829e+00,-8.910409461706876755e+00,-1.025441060256626891e+01,-8.283948818014728488e+00,-7.446640498936176300e+00,-1.009832982387807654e+01,-7.545713250421815843e+00,-1.053160291992955777e+01,-9.995542647317051888e+00,-5.370376804636584289e+00,-6.879362527694967255e+00,-1.104943968562616163e+01,-1.463418125857909580e+01,-1.605077597912814724e+01
-1.938988376988304907e+01,-1.927708124286598590e+01,-2.098310870925585547e+01,-2.230919968916310125e+01,-2.365010423130459216e+01,-2.197096941868464270e+01,-1.576575556231869513e+01,-1.319843227830198096e+01,-1.123798171472218321e+01,-1.009769839586483187e+01,-1.068125233468082236e+01,-1.038772773452931020e+01,-8.052722799902161555e+00,-6.759450325431923368e+00,-4.031207507476210594e+00,-7.366439411468389764e+00,-7.846680974794758789e+00,-8.338729176670312881e+00,-1.381418163412147138e+01,-1.970043785538938153e+01,-2.066115914119614416e+01,-1.469890457308954623e+01,-6.655125942495134339e+00,-6.489550200808379188e+00,-7.432144926860928535e+00,-4.209076558239758015e+00,-6.352704407440291412e+00,-1.851117648349868006e+01,-2.628398217426406092e+01,-1.942520521415604406e+01,-9.016354006197717652e+00,-5.382346901214784651e+00,-5.092497207638290391e+00,-7.245676287760336898e+00,-1.215895260704888159e+01,-1.834002308961417782e+01,-2.162134048839410028e+01,-2.119027597374386218e+01,-2.059985822935898980e+01,-1.862908599939611065e+01,-1.116555901658203886e+01,-8.245879397866600513e+00,-9.183591689565218985e+00,-1.441966113323966603e+01,-1.606307662278413773e+01,-9.762812938127252593e+00,-1.084491774605380243e+01,-1.897325267228815449e+01,-1.743396984620226675e+01,-1.087689944770601080e+01,-7.417376392727924816e+00,-5.641910221841600404e+00,-4.332128575692574479e+00,-3.351482188180347599e+00,-6.231562034953741502e+00,-8.314618083751863509e+00,-6.835310762586434663e+00,-6.979086349601857364e+00,-1.147770928012000269e+01,-7.330339881694978743e+00,-4.014137193104640566e+00,-3.518618496477655455e+00,-4.069362945532905229e+00,-6.088941568156264417e+00,-5.462467003613710403e+00,-1.050967523952325244e+01,-1.719394187049733347e+01,-1.644685612660315144e+01,-1.651340398689110955e+01,-2.134037424127260962e+01,-2.429293358491526789e+01,-1.558532263421350095e+01,-1.005363007966015054e+01,-9.799593669672807650e+00,-1.110472687530434754e+01,-9.805354604704511701e+00,-5.821417820536428422e+00,-5.740220149978995323e+00,-6.209687037600411408e+00,-1.117488275965054889e+01,-9.943032851649654447e+00,-5.199389684117502242e+00,-4.773326670130093596e+00,-8.837956714133420988e+00,-1.117029379225439456e+01,-1.133692135744624707e+01
-1.165066079712576297e+01,-1.106982921726173785e+01,-1.174629219952556802e+01,-1.343213423921002203e+01,-1.531411779423554798e+01,-1.913469610611597815e+01,-2.501803323460949713e+01,-2.531090005735556403e+01,-2.457728256285190582e+01,-2.371830331616931531e+01,-2.199905805786450586e+01,-1.602837606436676410e+01,-1.099585096662243267e+01,-9.693418116619190172e+00,-5.023589776414963737e+00,-5.529671092517673969e+00,-4.419733987603750691e+00,-7.029923617011970549e+00,-1.145011217478248788e+01,-1.226957369099060635e+01,-1.039691934556079467e+01,-1.093259084266093062e+01,-8.953475416534477205e+00,-4.549371179400218956e+00,-4.332584127576814659e+00,-5.972016974455780058e+00,-1.123701121244165613e+01,-1.779017866154511651e+01,-2.288051800595389551e+01,-2.211983968979782489e+01,-1.175839868519041254e+01,-7.702697791159152985e+00,-1.097370472550392151e+01,-9.604666579928663239e+00,-1.113459805316395190e+01,-2.146386513941817853e+01,-2.238006270594067004e+01,-2.228976759811242303e+01,-2.400991440150473011e+01,-2.410175758765803522e+01,-2.211036345859368524e+01,-2.068184009856647876e+01,-2.070398708681265632e+01,-2.309921968148814386e+01,-2.317129320071803278e+01,-1.385138932118813138e+01,-7.943768815033966035e+00,-7.817054644227027893e+00,-8.185052363201975822e+00,-4.124585037947529287e+00,-2.423051116211960565e+00,-4.820447159858304076e+00,-3.803032986469689902e+00,-3.716127857991776029e+00,-5.703353540247513287e+00,-1.585058751572634872e+00,-5.760353588104610151e-02,-2.077006944591024418e+00,-5.619934201861421563e+00,-4.611601727290286057e+00,-6.005779773410823807e+00,-4.252531968678037622e+00,-7.281169621063681152e-01,-1.642172006950002316e+00,-7.209518413369853995e+00,-7.780662336283260316e+00,-4.374405794673496217e+00,-4.235465774209135503e+00,-6.992564881427420609e+00,-1.209143926927612966e+01,-1.386703742461072153e+01,-1.471194664140542407e+01,-9.874355964362621307e+00,-5.444720890166030891e+00,-2.680255419774362657e+00,-2.138273423938597873e+00,-5.731987780373957619e+00,-6.607202305768926642e+00,-4.910878549433416396e+00,-9.026950848599275545e+00,-1.057702723228269193e+01,-6.740038430939118363e+00,-8.986822548839780822e+00,-1.489646511607699964e+01,-1.055448778470357318e+01,-9.547764417611890764e+00
-1.764684291597869503e+01,-1.546272830002837750e+01,-1.559715793530146222e+01,-1.655843416684203717e+01,-1.461835983561145014e+01,-1.897433799670802301e+01,-2.288891486823558807e+01,-2.404518022471004102e+01,-2.435852889882193750e+01,-2.326943147844738391e+01,-2.192105475233660883e+01,-1.211589689221647070e+01,-5.849378249297539689e+00,-3.469768861515654557e+00,-4.968345264386799798e+00,-1.147492505278852271e+01,-9.615330699831247330e+00,-7.460975004980961778e+00,-7.396905669744430867e+00,-2.025659528048385560e+00,-1.292143152257065331e-01,-1.511974211465308748e+00,-4.928112458347135849e+00,-1.195172181932462507e+01,-1.755091239015261451e+01,-1.754888210114505398e+01,-1.563956213659710315e+01,-1.384674015806781000e+01,-1.143463220364517596e+01,-1.315638888668682860e+01,-1.177629089686605646e+01,-6.030897272750735283e+00,-3.954480813712709431e+00,-3.418293364449507710e+00,-5.002965963859525189e+00,-9.668723946230279864e+00,-1.155704507562849237e+01,-1.657316478259033588e+01,-2.407330024739106378e+01,-2.698537873393959430e+01,-2.643139191468556604e+01,-2.528457848727703094e+01,-2.458218572868241125e+01,-2.645127928422557062e+01,-2.297179289327727503e+01,-1.313912639021873474e+01,-9.209289839284288348e+00,-8.057023069924778014e+00,-4.571706338785588741e+00,-6.715372729632589355e+00,-9.804898145608603954e+00,-2.709014090219473925e+00,-3.674276496005606796e-01,-2.764550194464391097e+00,-6.598658247022992640e+00,-2.092562688799160853e+00,-1.473153676190728900e+00,-4.925115652123673193e+00,-1.036357910227444457e+01,-9.370567093585528085e+00,-2.686427606060331374e+00,-2.683520683355810732e+00,-7.070284487383712069e+00,-4.601872742279535800e+00,-5.954071573292215369e+00,-5.870037340869505904e+00,-8.497736396268010139e+00,-8.748675798790323199e+00,-3.876051428391494635e+00,-3.546149075445201859e+00,-6.288548638009363145e+00,-1.281763167513741308e+01,-1.450727348360750391e+01,-1.272313615638348772e+01,-9.445270737021928653e+00,-5.163094557097388737e+00,-6.782336946680313616e+00,-9.465464153016606375e+00,-6.583353779796096816e+00,-7.574349919541014664e+00,-8.374047181775999604e+00,-4.016619937617280200e+00,-4.856883685382247684e+00,-7.028237831054462426e+00,-7.662990266664160721e+00,-9.154389170308908419e+00
-1.969399317933453375e+01,-1.713905870086616900e+01,-1.415374436312251660e+01,-1.346047422620985223e+01,-1.493959655861059765e+01,-1.763622746202680958e+01,-1.427050845324993134e+01,-1.125393379438254549e+01,-1.120628135485781485e+01,-1.342159863892528726e+01,-1.665705816447734833e+01,-1.169146284129884528e+01,-1.166850172686907960e+01,-1.131989482955800241e+01,-1.080230477493670271e+01,-1.317888305419021222e+01,-1.328695936583810422e+01,-6.593583713803026214e+00,-4.225351754886408351e+00,-5.128879502070857299e+00,-3.814294744818754523e+00,-3.028534895265087012e+00,-6.299547038765417106e+00,-1.647588067915704357e+01,-2.586093110177252186e+01,-2.583819502592086792e+01,-2.193580390512943268e+01,-1.103293619636032297e+01,-5.825069604234562881e+00,-3.990245228943725575e+00,-3.954917598515748978e+00,-5.412736496991580992e+00,-9.737394421257906885e+00,-5.943664581100973621e+00,-5.867840574433405898e+00,-4.866418131937582991e+00,-6.408197335484954849e+00,-1.335332213838895221e+01,-2.353465948502222815e+01,-2.605534807509846118e+01,-2.571691317359606543e+01,-2.443157933983538044e+01,-2.243128438625070942e+01,-2.380172305140230549e+01,-2.138425530658827967e+01,-1.282298250579171750e+01,-9.240674251897466718e+00,-7.724694925463861495e+00,-5.303549783925215699e+00,-8.611784040100044280e+00,-1.368753171049886319e+01,-9.510868154673111974e+00,-6.715065589487090314e+00,-7.777246531306041710e+00,-6.621953035187390313e+00,-7.933601121935579314e+00,-1.235019297566678809e+01,-7.247425062995818124e+00,-4.164471791378066889e+00,-1.901982002137325933e+00,-4.685563960326059180e-02,-3.359596756935288031e-01,-3.571732806547919914e+00,-1.040577751729223444e+01,-1.637001627186934272e+01,-1.737707091371218482e+01,-1.679662462158335501e+01,-1.369840212249093625e+01,-1.147066491386956599e+01,-1.061741054958353381e+01,-1.129067644062969400e+01,-1.546654116941822821e+01,-1.191205652968751139e+01,-8.130594963828722044e+00,-5.288554643177324266e+00,-7.202172467692030899e+00,-1.452395385338200384e+01,-1.431156422611739920e+01,-7.138917001171244614e+00,-3.769220346185142567e+00,-1.249927963030131650e+00,4.681342273316760338e-02,-1.715186201187154591e+00,-7.397037707062231071e+00,-8.720604221026102110e+00,-8.309161976807647676e+00
-2.608181725607978052e+01,-2.207644599013858411e+01,-2.009933657116360095e+01,-2.169099922643767542e+01,-2.115504230393303686e+01,-2.334236877328819659e+01,-1.414704540206326300e+01,-5.921912619430157676e+00,-3.928286266409688476e+00,-6.699708307368887894e+00,-1.187065378328164478e+01,-1.189191692901982123e+01,-1.510393929978211780e+01,-2.151444049841827777e+01,-2.306230562925338745e+01,-2.137755059036943805e+01,-1.696026883357101056e+01,-1.410489343189530942e+01,-1.415333869722154425e+01,-1.678077921105755621e+01,-1.871982590026325610e+01,-1.547045052258504683e+01,-1.481781863090064810e+01,-1.684587468041313940e+01,-2.571616256733735284e+01,-2.580104557176430902e+01,-2.386603616674740991e+01,-1.505768205887741473e+01,-1.172291237529781149e+01,-1.185279141780402945e+01,-1.048791255967484659e+01,-1.271111316813362890e+01,-8.750733135475051938e+00,-5.795428140502837167e+00,-7.429288630477255850e+00,-5.717182224823369019e+00,-5.782968970636527040e+00,-1.195842370804813193e+01,-1.514865799165434268e+01,-1.408683872181508256e+01,-1.394319277194639106e+01,-1.268287483954595274e+01,-1.560756270421875769e+01,-1.365602948682175821e+01,-1.342995616772936529e+01,-8.606364060193300247e+00,-5.369677484863334627e+00,-7.586909773242142663e+00,-7.486752466195159883e+00,-6.839869506657123566e+00,-9.725737293561300234e+00,-1.225546559774213407e+01,-1.118685652191440205e+01,-1.501109886500570489e+01,-1.143646528282099339e+01,-1.012260094367795560e+01,-1.496573674306273460e+01,-1.458075481404860874e+01,-9.884171013073581591e+00,-9.958711864788913459e+00,-7.202635572878837600e+00,-3.465816642840056527e+00,-4.497147116887693308e+00,-1.210074455291032791e+01,-2.088073578476905823e+01,-2.532256741159492108e+01,-2.272910532852013787e+01,-2.370522123244073498e+01,-2.396068946354919049e+01,-2.461234400835301983e+01,-2.237613261573844525e+01,-1.874031789104143897e+01,-1.057402888437112232e+01,-5.661123289002312653e+00,-4.998861289686626463e+00,-6.849183148807949095e+00,-1.176650636146465878e+01,-1.602944257441494358e+01,-1.371011762279603197e+01,-1.100584686746070595e+01,-8.243041324256207503e+00,-8.444569553917972371e+00,-1.055675010766006139e+01,-6.243327637306517630e+00,-4.397417886596587167e+00,-7.392034731391403213e+00
-1.911995866894721985e+01,-2.007703249322043604e+01,-2.128634876012802124e+01,-2.594675137599309167e+01,-2.751115581558810419e+01,-1.964351523915926734e+01,-1.001502452459600256e+01,-4.110645771854454011e+00,-4.666791384004884691e+00,-1.108406431269314574e+01,-1.399953271448612213e+01,-1.399518381307522397e+01,-1.275240893165270428e+01,-1.822775696383582300e+01,-2.455103699862957001e+01,-2.569374016258451832e+01,-2.397024613122145453e+01,-2.523625840081108862e+01,-2.366312604480319592e+01,-2.327779547704590613e+01,-2.416226906908882910e+01,-2.447033549514081585e+01,-2.372316032151381293e+01,-2.282354174719916529e+01,-2.585206032130453480e+01,-2.513581322133541107e+01,-2.309367103543546307e+01,-1.451262309319443133e+01,-1.055933063146140860e+01,-1.063636631684170908e+01,-1.030993177452021214e+01,-1.391577518565787130e+01,-1.345729460153314783e+01,-7.872900997598965667e+00,-6.011424972158339486e+00,-6.164840070530772209e+00,-9.989643557204139768e+00,-1.335498589194483188e+01,-7.864965241816308961e+00,-4.662954691176612876e+00,-3.402067983885192159e+00,-3.562305151329686392e+00,-5.595629764630252190e+00,-4.323904294210175969e+00,-3.336944186801297896e+00,-3.877647630456420913e+00,-7.089977901428937912e+00,-1.478244597547584149e+01,-1.753685472822851565e+01,-9.790290056831306487e+00,-3.093278446852410823e+00,-2.246744075602995050e+00,-4.990974095546537370e+00,-9.744886174798011780e+00,-6.689404982659551635e+00,-4.563644245680835709e+00,-5.380295471495224469e+00,-6.784064693709499494e+00,-5.524783307605805938e+00,-6.424413556795722791e+00,-9.726323812372154265e+00,-7.499263823446300492e+00,-8.135212791048818559e+00,-1.581410924345254898e+01,-1.867791127661864081e+01,-2.035708019137382507e+01,-2.218404645224412164e+01,-2.100117193328009790e+01,-2.115870674037271115e+01,-2.299268575012683868e+01,-2.586256887846522901e+01,-2.173352557255162054e+01,-1.717589537964926905e+01,-1.790810471110873792e+01,-1.845453797529141227e+01,-1.802949304961495969e+01,-1.814117207129796228e+01,-2.271414329773849872e+01,-2.467257558802763739e+01,-2.137434578438599786e+01,-2.128123661544587719e+01,-2.172097794380452740e+01,-1.442446216030253225e+01,-6.501545706556902893e+00,-5.467360849595731764e+00,-1.078664973460965726e+01
-1.378292715797821621e+01,-1.358213165567980951e+01,-1.676122218701574695e+01,-2.028832015560733026e+01,-1.928116117086675274e+01,-1.672870555602841947e+01,-9.216835853954156832e+00,-4.681474881867567994e+00,-5.248767169813315370e+00,-1.095579477151235004e+01,-1.369126053485605432e+01,-1.276156723333729559e+01,-1.275536940826309973e+01,-1.717274903423256305e+01,-2.395386005524132145e+01,-2.398715388443734753e+01,-2.442886706524425122e+01,-2.707594323323832697e+01,-2.529688360790411750e+01,-2.308149670230017847e+01,-2.359153371387057874e+01,-2.191625616451104364e+01,-1.890145004457897571e+01,-1.874035590555932629e+01,-1.911150988356934732e+01,-1.820442145317792892e+01,-1.652839224371645344e+01,-1.081073640286922455e+01,-5.922147381222909956e+00,-4.369963177790244124e+00,-5.854550673729843169e+00,-1.127386177745130347e+01,-1.809516887366771698e+01,-1.319660245213243677e+01,-1.447990575101640509e+01,-1.204988540336489677e+01,-1.314266845915052606e+01,-1.518249071472220990e+01,-1.111389818290869336e+01,-1.040389362350106239e+01,-1.265896016920709855e+01,-6.790506788115534320e+00,-3.716861001371095430e+00,-4.884382892956232958e+00,-1.133707098331716345e+01,-1.114949460865722841e+01,-1.123261867256628221e+01,-1.601756294237242884e+01,-1.674204123682445911e+01,-8.180236163238683744e+00,-4.008099904507010258e+00,-2.150777113598147938e+00,-3.692994345283497903e+00,-9.549381128719282685e+00,-7.970401507284906373e+00,-8.994729492502907320e+00,-5.524580170180545480e+00,-5.126856051417740368e+00,-5.419147697044536471e+00,-4.002794039202854037e+00,-3.963139309858282555e+00,-4.460184344194001227e+00,-7.323108108921183579e+00,-1.377650490734312250e+01,-1.214324103130234533e+01,-8.740085977854000987e+00,-8.098931870526737242e+00,-8.110404403259357409e+00,-1.207928436415063089e+01,-1.749531842850976560e+01,-2.520202012856801232e+01,-2.564448742899629963e+01,-2.588750525812308112e+01,-2.679482793807983398e+01,-2.663185835546917346e+01,-2.598122326698567974e+01,-2.521786693400806811e+01,-2.610658297770553204e+01,-2.612281603945626074e+01,-2.170712322162257379e+01,-1.789517531461185840e+01,-1.842403955095344159e+01,-1.145808313828375624e+01,-6.087836518883705139e+00,-7.497897113362948396e+00,-1.520807207127412219e+01
-2.177498559819327539e+01,-1.864942674338817596e+01,-1.280772089461485486e+01,-1.098554094052976993e+01,-1.019972227596574399e+01,-1.090930360141727640e+01,-1.047486516005463031e+01,-8.987423807796504960e+00,-1.375816200756364438e+01,-1.385664623975753784e+01,-1.262867128600676914e+01,-1.339961622986528589e+01,-1.005738326534628868e+01,-1.183477131939596561e+01,-1.613329916612969583e+01,-1.785889555017153540e+01,-2.283053002092573536e+01,-2.660398379630512622e+01,-2.462359292970763391e+01,-1.578567908207575421e+01,-1.526362023999293704e+01,-1.603729238195551687e+01,-1.298346751266055676e+01,-7.521608127306939728e+00,-6.502335827280250058e+00,-8.828450579610136018e+00,-1.402947002814875788e+01,-1.319230831083324240e+01,-1.339159301627013399e+01,-1.137372310790750696e+01,-1.114679768847094721e+01,-1.597936845239665793e+01,-1.949793168074554828e+01,-1.046836951416399764e+01,-5.111151471451092831e+00,-3.911344997227489628e+00,-6.289245349872443214e+00,-1.362322494304842380e+01,-2.208267326984140766e+01,-2.133138804303275293e+01,-1.682598970333735267e+01,-1.557685760822561072e+01,-1.510377836806906515e+01,-1.477794719735781293e+01,-1.683526355193721002e+01,-1.771108633114231878e+01,-1.534497948653168109e+01,-1.625588943974839395e+01,-1.118363585323095322e+01,-1.073958680530389209e+01,-1.704161746489505092e+01,-1.258745901866091543e+01,-4.559317642201979659e+00,-3.461572386841806903e+00,-7.206830756531821258e+00,-1.350048696249723434e+01,-1.871182829472753895e+01,-2.003537936136126518e+01,-1.480571736436751173e+01,-1.170827199477288438e+01,-1.201055566345652004e+01,-1.226805562298330976e+01,-1.375319997842113118e+01,-1.342843522379795651e+01,-9.230651244521141052e+00,-5.783558834758069978e+00,-7.798839762186010383e+00,-5.240625314207540519e+00,-6.543406608721448414e+00,-1.473719310553537554e+01,-2.319385786354541779e+01,-2.359848505424128717e+01,-2.498459593289428327e+01,-2.655443211562103656e+01,-2.698740925722652051e+01,-2.633446830014387885e+01,-2.597630837725268549e+01,-2.622263038986259076e+01,-2.601527456111378100e+01,-1.890632942650053394e+01,-1.034115232113334848e+01,-6.296388646587729454e+00,-3.943382916454639897e+00,-5.902898929599258437e+00,-1.390656453122695346e+01,-1.906074525415897369e+01
-2.000771645704905310e+01,-1.834228293597698212e+01,-1.515901866058508496e+01,-1.764183774011002726e+01,-1.704697193122572330e+01,-1.473414149797624972e+01,-1.235338035557005121e+01,-1.248781311346424872e+01,-2.044436068998442835e+01,-2.196931560834248742e+01,-1.812511412302653113e+01,-7.244626588498552344e+00,-3.013492272584699094e+00,-2.776217023002876427e+00,-6.893327622984846137e+00,-1.687018563018904871e+01,-1.966780425359805307e+01,-2.166354146103064338e+01,-2.142249682048956672e+01,-1.495900898840692328e+01,-6.549255260673817247e+00,-4.941496455599835969e+00,-5.118535148700983584e+00,-4.676219774041480370e+00,-2.716559222485456004e+00,-5.071417094189706098e+00,-9.691514758082726999e+00,-8.779734123912122712e+00,-1.258925729658868597e+01,-1.619377252790663135e+01,-1.237673077070050809e+01,-1.169612950376338389e+01,-1.117204758752551363e+01,-5.297929883106714755e+00,-1.595746185203703815e+00,-7.487521387350474233e-01,-3.579190111253410578e+00,-1.204928515934281918e+01,-2.024667514777845767e+01,-2.126970896373192588e+01,-2.019071972535716242e+01,-2.009336483726898948e+01,-2.127467700342337409e+01,-2.361466399000750727e+01,-2.364813654621442041e+01,-2.291099681788020703e+01,-1.246299049506584744e+01,-5.934015331789851189e+00,-4.766472169597061104e+00,-8.500119511245024739e+00,-1.740527991164061916e+01,-1.141653665900230408e+01,-5.079625818671451576e+00,-5.273830670863389969e+00,-8.134010043823057146e+00,-1.461867578576008420e+01,-2.395081438620885095e+01,-2.346142915305163967e+01,-1.634604328787989047e+01,-1.186762719849745373e+01,-1.131917511464821047e+01,-9.851600694366627664e+00,-1.053903740623758978e+01,-1.223054740412367636e+01,-1.166419145796034051e+01,-6.199310010713007912e+00,-4.256105991826997226e+00,-9.596597732941316572e-01,-1.558601795255298850e+00,-7.677373091451752174e+00,-1.092605237269567198e+01,-1.468186604479948620e+01,-1.839859918091032398e+01,-2.209209507207075873e+01,-2.271276798182063672e+01,-2.202007113976610952e+01,-2.094574448300732428e+01,-2.427259393036365509e+01,-2.549472746915287402e+01,-1.872778532240126026e+01,-1.054913478841384311e+01,-7.383763419360750646e+00,-7.916795661879910462e+00,-8.282593878606954618e+00,-1.220483245783382031e+01,-1.733304123249318707e+01
-1.362324562999937250e+01,-1.436673744188414759e+01,-1.799088738196426007e+01,-2.220666258368227375e+01,-2.039336039291487879e+01,-2.148620705140961462e+01,-1.945702825321091467e+01,-1.142084703180525018e+01,-1.082439091884427640e+01,-1.311929807646406942e+01,-1.346780341118574142e+01,-6.862143050258358024e+00,-2.183696679754777659e+00,-1.754166621078992572e+00,-6.802641114013062484e+00,-1.599349025802479929e+01,-1.839750151915682608e+01,-1.338676121003097919e+01,-1.003479985949686792e+01,-8.387136444423553883e+00,-2.146670970497022157e+00,6.870934393965499876e-01,-2.767502353077967991e-01,-4.639383025916686165e+00,-2.703096872816483032e+00,-2.274338035435802041e+00,-3.916977353145032037e+00,-4.639118259565697677e+00,-8.644641739626726107e+00,-1.371476224644316488e+01,-8.966880170421468677e+00,-5.878311131149530411e+00,-5.157931148798929222e+00,-6.225288135103053122e+00,-8.536184655398958654e+00,-5.666189400867248871e+00,-8.021832062759333581e+00,-1.507381144497129632e+01,-1.099219318727652173e+01,-8.923146387355195941e+00,-8.738344310265448556e+00,-1.009323422817720228e+01,-1.620256071123812092e+01,-2.341166180868943414e+01,-2.583062623110082257e+01,-2.429925770726468670e+01,-1.221855175743500332e+01,-4.199236921241713993e+00,-1.150822470531137620e+00,-1.804955964560930548e+00,-4.378259757677167130e+00,-4.528020669602685899e+00,-7.752524589084917039e+00,-1.335710389539599419e+01,-1.370369623932573511e+01,-1.862972368217176822e+01,-1.985623235503832618e+01,-2.065541023843818280e+01,-1.261641104767719845e+01,-6.458521660417318344e+00,-4.863846300376786225e+00,-5.625539543934994668e+00,-4.333808452046166160e+00,-5.427096035331487656e+00,-8.110949928768807382e+00,-6.045997384211255543e+00,-2.859385646915648671e+00,-3.316401327096779372e+00,-4.876296928490268634e+00,-5.702065866621625290e+00,-5.859036001894208923e+00,-1.057548406057887647e+01,-1.218847976045476145e+01,-9.301460769027471542e+00,-8.526654063827461272e+00,-9.082473218027088180e+00,-1.298370969047149082e+01,-2.195282255940967175e+01,-2.573183847301536176e+01,-2.121572174463007343e+01,-1.958169004983372119e+01,-1.933458561036322010e+01,-1.694886919690502936e+01,-9.080182039489349322e+00,-6.770593564957380295e+00,-9.941553903122743563e+00
-2.154780167589585105e+01,-2.096975083566374209e+01,-2.328539969689316180e+01,-2.315049668649832526e+01,-1.580303290983041187e+01,-1.333800652292039679e+01,-1.268474325454897311e+01,-7.417842439893219009e+00,-6.805557476977507569e+00,-8.815146692097187042e+00,-1.261198334561454004e+01,-1.232583514932129098e+01,-1.316500101238489151e+01,-8.126409037245643674e+00,-5.562590511722697251e+00,-7.315116961797078154e+00,-6.946909606453522734e+00,-4.610404379387546214e+00,-9.535796725200876844e-01,-2.326503137166986868e+00,-4.860717122598241069e+00,-2.438977188371306060e+00,-5.550945604693778179e+00,-5.839774435631827743e+00,-5.821007285668100550e+00,-7.614721223013475537e+00,-8.456584813021537528e+00,-5.510054015037086472e+00,-8.795336405850118666e+00,-1.773612945857975376e+01,-1.457935606771045300e+01,-1.405013124810324854e+01,-1.498590909689664841e+01,-7.906626192645894058e+00,-4.904741149240483544e+00,-6.176608144848917625e+00,-1.309536284270385842e+01,-1.577203847385115054e+01,-9.450153136832845746e+00,-4.908899276620811492e+00,-5.315172564445270531e+00,-6.882606159067815810e+00,-1.318490560601154904e+01,-2.163345125152005011e+01,-2.331485267314646137e+01,-2.053238570524586493e+01,-1.568451424439748187e+01,-1.279248258678449446e+01,-8.204699766689575569e+00,-7.367631959770935879e+00,-9.457754307219552459e+00,-1.123685937602486895e+01,-1.469335063795248608e+01,-1.250787622481584549e+01,-7.854402238296137817e+00,-7.287847572316725753e+00,-8.793943650503125653e+00,-1.012934989187245627e+01,-5.431307722607420452e+00,-5.568345027251376145e+00,-1.274206209969189452e+01,-1.892263624485995877e+01,-1.039862502262824151e+01,-5.118702374812629685e+00,-5.041355396724409133e+00,-6.773770161180032723e+00,-5.485048300483160943e+00,-8.065942641865047946e+00,-9.502651462434894114e+00,-6.837762658070358768e+00,-4.852366341898838975e+00,-8.752958840380111738e+00,-1.041133971429533389e+01,-5.974340611654850974e+00,-4.988498868213759430e+00,-6.736661273158258467e+00,-1.191483223603831476e+01,-2.122765634953975677e+01,-2.508887083828449249e+01,-2.171966727243529505e+01,-2.129163464903831482e+01,-2.190250765283902368e+01,-1.486105464978350454e+01,-5.999265137645933166e+00,-4.105478807662923835e+00,-7.564742198006974228e+00
-2.610213834047317505e+01,-2.794222963684135053e+01,-2.807628221975432581e+01,-2.514411724938286596e+01,-1.477004311647680090e+01,-7.961886675407488845e+00,-5.793700115962161057e+00,-7.289783459156751633e+00,-1.278438756325178716e+01,-1.513559066421455768e+01,-1.361763494627343363e+01,-1.550641352103816217e+01,-1.553913246757454303e+01,-1.495712702762749480e+01,-7.807819085816542604e+00,-6.504826064118081064e+00,-5.676739723654463887e+00,1.228320198946069725e-01,1.053994087376041611e+00,-2.875205047978346862e+00,-4.783968229260709748e+00,-2.625005644176983122e+00,-4.656751864693230658e+00,-9.615971073094341293e+00,-1.711297484818432224e+01,-1.136608066327042010e+01,-3.592392815921003901e+00,-1.710082737938541264e+00,-4.313270803411594301e+00,-1.301636535798509975e+01,-2.088219232194953534e+01,-2.325173790587319189e+01,-1.819470500283771131e+01,-6.472938055172562599e+00,-1.036559196774356373e+00,-8.648977459211487639e-01,-4.522694471958351947e+00,-6.760419820331865282e+00,-6.449420389615827531e+00,-8.877550831685462995e+00,-1.081095042824745178e+01,-6.582163783514665134e+00,-6.684402769948873058e+00,-1.080440228512614098e+01,-1.245782513750923925e+01,-1.886362850997183216e+01,-2.278123778932624433e+01,-1.891842458479934308e+01,-1.519518059657679743e+01,-1.825886909249756229e+01,-1.986838715937402355e+01,-1.898705564025375736e+01,-1.942951255705621350e+01,-1.299461409863498496e+01,-8.257286646506852179e+00,-5.697321858774456516e+00,-2.542455167884731360e+00,-3.226053429296977360e+00,-6.588504947101076148e+00,-7.582034267485141754e+00,-1.305277634660402875e+01,-1.707424992819627008e+01,-1.841014340933826077e+01,-1.345277061727311896e+01,-5.361881814586619832e+00,-4.375593866325086623e+00,-6.793183330860403046e+00,-3.464599974453449249e+00,-2.182227999987339295e+00,-4.221124374100731380e+00,-7.510064957042534850e+00,-1.252002825670772168e+01,-1.432699221538172907e+01,-1.673458560431997100e+01,-1.741816086197892943e+01,-1.626293026076422876e+01,-1.786759252266751474e+01,-2.116059332009818661e+01,-2.150249924096796406e+01,-1.752936799244748300e+01,-1.174652151556478685e+01,-1.072096079132623103e+01,-6.445189147773715987e+00,-5.933180852896636992e+00,-9.559945906615919142e+00,-1.206255599194102857e+01
-2.684775068196985615e+01,-2.804112531907028583e+01,-2.840105978151162347e+01,-2.433059294521808624e+01,-1.729703111781014258e+01,-1.425563107430934906e+01,-1.297951732658677670e+01,-1.401808563702636334e+01,-1.837571223659647757e+01,-1.533507010506259149e+01,-1.121205306881003949e+01,-9.428486286765998869e+00,-6.052733439538213744e+00,-4.443637490869150497e+00,-1.969250338475022621e+00,-1.945694508669677969e+00,-5.595265149138867855e+00,-5.776729068702682213e+00,-1.752921845846382665e+00,-3.922188344838408280e+00,-9.924312053869167372e+00,-6.171399708319869504e+00,-5.720889471057388320e+00,-1.220812172111537741e+01,-2.029842266937096795e+01,-1.034862455518709368e+01,-3.479779740203715388e+00,-1.449217777199616419e+00,-3.609571430275940962e+00,-1.112889086620675272e+01,-2.325825694865650561e+01,-2.481099963684876641e+01,-1.740894949601756281e+01,-6.557478671272595427e+00,-3.888195066433885128e+00,-3.682616372629935242e+00,-6.785020277679803868e+00,-6.019963786212934487e+00,-4.750120349021421440e+00,-7.993364588357508183e+00,-5.088005913731952212e+00,-3.482360241966994785e+00,-2.564166947775649685e+00,-3.679079465930246595e+00,-8.441505225168334903e+00,-1.521391360503104018e+01,-1.571794068937500377e+01,-1.501031917168034369e+01,-1.049359524270726496e+01,-7.696895129542958180e+00,-7.643708960153162479e+00,-8.314038067642185226e+00,-1.253387548608912283e+01,-1.347305700100130466e+01,-1.145827770398722834e+01,-6.737322112881681591e+00,-3.162155400050121745e+00,-5.753834718049296804e+00,-1.288266535475850105e+01,-1.734488234917322913e+01,-1.981579266488552094e+01,-2.314649602108531568e+01,-2.541806051631768426e+01,-1.656136038154363632e+01,-8.172104679048061371e+00,-5.887786327964729338e+00,-5.902554350594679811e+00,-4.153878867677930131e+00,-6.832490426630505986e+00,-1.441301658045914458e+01,-1.881426658729712287e+01,-1.863749648630619049e+01,-1.739334164559841156e+01,-1.864008350173632422e+01,-1.980254237353801727e+01,-1.882331333143843466e+01,-2.037681874301698315e+01,-1.959795928663677600e+01,-1.385809468064043237e+01,-7.680674585927691922e+00,-3.817876292185650833e+00,-3.970168082043528557e+00,-6.218794588620464303e+00,-1.022188023229440113e+01,-1.272162312020858188e+01,-1.423783674008316424e+01
-2.511615346206558996e+01,-2.266838917798466113e+01,-2.259179309672779468e+01,-2.267271937595473474e+01,-2.052454160981708142e+01,-2.193475210169951239e+01,-2.346578278475337598e+01,-2.336273904475901020e+01,-2.235849647058380896e+01,-1.622897098461787024e+01,-1.301147951765192801e+01,-1.246248340855042080e+01,-8.422082927698889776e+00,-6.346086357894819230e+00,-1.986785167684300024e+00,-1.122166457358010350e+00,-3.364977020679766007e+00,-6.169781045781241424e+00,-7.312787832899226181e+00,-4.887200894894906611e+00,-5.471134967998498411e+00,-5.826811826994849675e+00,-5.705181037800179489e+00,-1.137635394682486911e+01,-1.980188975234826287e+01,-1.494409161392185403e+01,-1.328829336683783247e+01,-1.124578714774300714e+01,-1.183455944351024058e+01,-1.375318595932589716e+01,-1.610497069689962757e+01,-1.701254949925674254e+01,-1.392098875261015323e+01,-1.073133544375499149e+01,-9.423681930949291186e+00,-8.383549308611286222e+00,-4.658985385671257973e+00,-3.887009164292572372e+00,-6.242560724624329538e+00,-4.471211646234021231e+00,-1.806821598259072514e+00,-4.737138300156705562e+00,-3.796787543532749165e+00,-5.373241892394919894e+00,-7.741239223836196892e+00,-5.870134194278055162e+00,-6.400290984867347710e+00,-5.305384276434779167e+00,-2.494448203748712789e+00,-2.980833552457625046e+00,-6.962909207886291973e+00,-6.673463806923892960e+00,-1.068982557952404022e+01,-1.725882286081711570e+01,-9.194269984960556030e+00,-2.414802541456689600e+00,-5.917113816847430208e-01,-2.720064222417426514e+00,-9.782210703939199448e+00,-2.161864220599333564e+01,-2.443740219871203223e+01,-2.514016048610210419e+01,-2.544518915481037524e+01,-1.960250438915358728e+01,-1.449634768731064227e+01,-1.205021225495470816e+01,-1.345874435847832018e+01,-1.242198663411868864e+01,-1.501806087543567081e+01,-2.005900069077809533e+01,-2.375946862167782214e+01,-1.763422112166881561e+01,-1.084143911881579214e+01,-7.501937874903281234e+00,-7.261575821373197570e+00,-9.707649297391375498e+00,-1.070806389498627809e+01,-9.352852305880029249e+00,-4.412426202084235527e+00,-2.554990517117807336e+00,-6.772138938100801475e+00,-1.223301989088455777e+01,-1.321923095484574695e+01,-1.191627690692742725e+01,-9.209786695738634066e+00,-1.090058818542295072e+01
-2.125022354556454474e+01,-1.678487402531835926e+01,-1.464489381180869287e+01,-1.465600706968042566e+01,-1.583621997965706640e+01,-1.991702479289637751e+01,-2.215203118158711248e+01,-2.225097628600067523e+01,-2.040622722771432507e+01,-1.658253412445386132e+01,-1.327301919460296631e+01,-1.300034275982114984e+01,-1.225628647622134970e+01,-1.218609175996648020e+01,-1.062825600078536326e+01,-1.140820080076163201e+01,-1.102333393628295077e+01,-7.428451560334199399e+00,-6.323113831458613276e+00,-5.045844377794613145e+00,-6.165026486605508893e+00,-7.075205720650653340e+00,-6.914490322271983125e+00,-1.074088603423701471e+01,-2.004424424303902441e+01,-2.259417108860280621e+01,-2.385239651468064892e+01,-2.301890680856174853e+01,-2.187214363614718238e+01,-1.841047682364781579e+01,-9.796849202778604493e+00,-6.079576932307746873e+00,-6.333609936344954505e+00,-7.961374958149260550e+00,-4.320468004689448804e+00,-4.369290964264008537e+00,-8.558443767846458883e+00,-1.137547223321679546e+01,-6.578668711086113952e+00,-2.032119414990524398e+00,3.362345480629503336e-01,-1.650334430180515177e+00,-3.813927664010839713e+00,-3.555556440001560681e+00,-4.205026880566340886e+00,-5.301514287996623054e+00,-8.286910738795995712e+00,-5.259573288158410520e+00,-2.676649746226353876e+00,-5.457223675938116081e+00,-1.209216464310884476e+01,-1.475859071314334869e+01,-1.562665796031554599e+01,-1.300844161295228574e+01,-6.146081024987830155e+00,-6.048849102510656550e+00,-5.390319995162347055e+00,-3.429955887090828881e+00,-7.897118801871935823e+00,-1.773698780602878955e+01,-2.139545580082469556e+01,-2.272895703713099280e+01,-2.149083806739913172e+01,-2.014949313468403247e+01,-2.300657389395766828e+01,-2.404587076935503376e+01,-2.430972552961773303e+01,-2.321714415815141308e+01,-2.207764737473593897e+01,-2.013932172291808698e+01,-2.030048008677032101e+01,-1.483990451445182224e+01,-7.567844336231549285e+00,-6.408048438736134500e+00,-5.511763111584716768e+00,-5.090887914722164176e+00,-4.447959814078381591e+00,-5.789902321654759598e-01,-4.795898648504690609e-01,-3.465572601611105252e+00,-7.842467178487115831e+00,-6.873956190422177315e+00,-8.194353190509396256e+00,-7.479707933600163727e+00,-7.824060919798082381e+00,-1.526574134743875888e+01
-2.028818139599429315e+01,-1.507461445861392590e+01,-1.614768442345989996e+01,-1.661854399575127417e+01,-1.498559616837236597e+01,-1.426404048254092594e+01,-1.237936254466573338e+01,-1.078881281158990291e+01,-1.331365076493885802e+01,-1.378517389670014381e+01,-1.439365917609797663e+01,-1.237115756091144370e+01,-1.021060170564386560e+01,-1.170568323673473543e+01,-7.875359702441427245e+00,-7.538144238810572162e+00,-5.437759719141467940e+00,-4.007493776282192499e+00,-3.855594925815239549e+00,-4.295850449759099021e+00,-9.281399577856063843e+00,-1.555481649852461246e+01,-1.823511772354443750e+01,-1.793021975457668304e+01,-2.167121268808841705e+01,-2.508857706520292652e+01,-2.523391969501972198e+01,-2.524640822410583496e+01,-2.429791074825657660e+01,-2.128860994014475239e+01,-1.027209518932633969e+01,-6.080693381735020608e+00,-7.353440701133674651e+00,-4.677316158802972801e+00,-4.842532070353627205e+00,-1.024414610635075285e+01,-1.423832894944482419e+01,-1.911515125135580817e+01,-9.818097489575544401e+00,-3.622109697681379359e+00,-3.182609206920864686e+00,-8.337339872494339943e+00,-1.459173847962584780e+01,-1.529636953998770998e+01,-1.545649819552070525e+01,-1.602783605746096995e+01,-1.069807584128446010e+01,-9.146598500510057406e+00,-8.127132495865225792e+00,-9.714890036731958389e+00,-1.533297579818301770e+01,-2.294894019431538013e+01,-2.262584037582079688e+01,-1.134404747105307010e+01,-6.304617365615235336e+00,-5.494441898539662361e+00,-4.629412312371035121e+00,-4.431510463563932412e+00,-8.723937636241316795e+00,-9.390399997846948565e+00,-8.544576439799534739e+00,-8.570223478807342588e+00,-1.057407062956028554e+01,-1.552293577873044583e+01,-2.361738381120893848e+01,-2.541428339978059014e+01,-2.423613679740164173e+01,-2.428970161245928949e+01,-2.294134930272896966e+01,-1.496280431085162732e+01,-9.877357869719466166e+00,-5.541999995553244851e+00,-3.608473147213873133e+00,-5.270370351900863781e+00,-3.822764838536386378e+00,-4.037145080758717697e+00,-1.952042468295581479e+00,-3.121033836641597947e+00,-6.484211857394054590e+00,-4.614820249973693223e+00,-5.339946068616376884e+00,-7.566689090803265572e+00,-3.184595606039187565e+00,-2.201643336833916997e+00,-6.751957103687648676e+00,-1.482214518719249341e+01
-2.186979460219542304e+01,-1.656621303078200924e+01,-1.430244292898310476e+01,-1.462008131461011118e+01,-1.567677052070697208e+01,-1.328847148931688693e+01,-5.770865411704613201e+00,-3.500740285225523163e+00,-5.864871316072013840e+00,-7.753536213603284821e+00,-8.290010525948471098e+00,-1.174698570950163656e+01,-8.128432376103269519e+00,-4.629741119324332743e+00,-4.055416352012091608e+00,-6.147733901549751856e+00,-6.200634951690314978e+00,-8.713105924841430650e+00,-1.419169214761091524e+01,-1.235788743918722865e+01,-1.309258639646900946e+01,-1.777492119951380545e+01,-2.172124464809894562e+01,-2.301722601552804193e+01,-2.243094265295399481e+01,-2.266575320065021515e+01,-2.222909419983625412e+01,-2.299403721259700006e+01,-2.365660267902745062e+01,-2.152033390104770660e+01,-1.140706497265232855e+01,-6.736921549257305131e+00,-7.899916354566812515e+00,-7.233217594317263632e+00,-1.084435719582769586e+01,-1.447433774090475467e+01,-1.241069717746641921e+01,-1.423949418630864905e+01,-1.080843249460061450e+01,-8.572154195772277774e+00,-1.282196624866790202e+01,-1.483277774933311655e+01,-1.853223889735009777e+01,-2.404468111693859100e+01,-2.308168301151858515e+01,-2.002998491459422681e+01,-1.328213287062115100e+01,-1.400172145830260462e+01,-1.275382508585850339e+01,-1.340517796410454565e+01,-2.002974506881501782e+01,-2.381463095711337274e+01,-2.251123144725958625e+01,-1.639718805419074243e+01,-1.053055161196324541e+01,-1.050638724904921339e+01,-1.201174702008979267e+01,-6.584107856369680434e+00,-3.842291064987269689e+00,-3.514123280636138436e+00,-6.416689707742382787e+00,-6.690138493768042594e+00,-7.792348686605691910e+00,-1.405058518962727732e+01,-2.324217459062735358e+01,-2.487612600127856055e+01,-1.960842267672220984e+01,-1.613049530237913132e+01,-1.634958928699294844e+01,-9.871174474971162738e+00,-5.664482589397165313e+00,-3.076818120264862344e+00,-4.447445446107950673e+00,-7.917444896192238346e+00,-6.682132315168725967e+00,-4.274378079800549735e+00,-1.113374558686271332e+00,-3.011375760992652584e+00,-9.069337860577636690e+00,-1.442709670319325355e+01,-1.621835315765606111e+01,-9.104572651286920504e+00,-2.368149105578342795e+00,-1.599928938081979446e+00,-6.189406989659699931e+00,-1.393865743776162525e+01
-2.567431983351707458e+01,-2.110211127499739447e+01,-2.065477406647470104e+01,-2.055464638438489544e+01,-2.038105686340067280e+01,-1.325439256760809137e+01,-5.764992100704047218e+00,-3.399629742579741709e+00,-5.876027035423451395e+00,-9.764276272720760375e+00,-6.923645834541982680e+00,-6.288900416137443550e+00,-5.922818904535637863e+00,-5.569943979279035062e+00,-8.126175622559255629e+00,-1.390900843176576807e+01,-1.687739578386147699e+01,-1.690643135541015241e+01,-1.798873366663853446e+01,-2.083313393096129218e+01,-2.101185876710547262e+01,-2.070640054262346652e+01,-1.511980210244655609e+01,-1.274796789925959395e+01,-1.135077956175276448e+01,-1.111440490020645910e+01,-1.352602424720923047e+01,-1.646857222335206217e+01,-1.384341680755217929e+01,-1.380573227577325390e+01,-8.581556739924256050e+00,-4.314389612855545231e+00,-5.960668386374083028e+00,-8.129933079704642296e+00,-1.098783069435093118e+01,-1.078413438383075906e+01,-6.477106661846240065e+00,-5.744007934919661551e+00,-6.866335287690162659e+00,-1.108779870553149038e+01,-2.107350458287530515e+01,-2.254988240533404920e+01,-2.090459964672724524e+01,-2.422591772178808966e+01,-2.386569731765323255e+01,-1.719368497861756140e+01,-9.480150709549585386e+00,-5.846967236035400362e+00,-6.075511531697379120e+00,-9.567228190186950698e+00,-1.691103641274902714e+01,-2.341481301188468933e+01,-2.135590001444021979e+01,-1.775963052941693121e+01,-1.096763231812251860e+01,-1.051511989616685483e+01,-1.132112179955260700e+01,-5.692502281473328374e+00,-4.939087229082360864e+00,-9.872199704818841681e+00,-1.377465214497513202e+01,-1.390557537227869034e+01,-1.585938655667834851e+01,-1.804609855926699069e+01,-2.354639894929196942e+01,-2.430831846429241949e+01,-1.624427099112007511e+01,-8.490743369277980790e+00,-5.074698213280902870e+00,-4.812501485976907745e+00,-5.718646904003940712e+00,-2.825167590540432982e+00,-4.677841318959609751e+00,-1.097079434237416962e+01,-1.181109598817096895e+01,-6.371995937221476503e+00,-2.691651701655549456e+00,-5.311149813648727402e+00,-1.247483847124708944e+01,-1.548019782619343943e+01,-1.449567000857657817e+01,-6.978650875389575958e+00,-4.521800926420837641e+00,-5.931362031234635346e+00,-1.279299908876419067e+01,-1.764803967873255530e+01
-2.391968305740091694e+01,-1.910590242842833320e+01,-1.745287111401557922e+01,-1.926937536895275116e+01,-2.108906705346372235e+01,-1.899805087513393786e+01,-1.210973805354701227e+01,-8.031785955859554349e+00,-1.019249981600377275e+01,-1.472166390551461035e+01,-1.496732033085491942e+01,-1.198705057572159483e+01,-1.131224641617801474e+01,-1.539251159876585007e+01,-1.867380234930250538e+01,-1.844724712189700710e+01,-2.086320008171929175e+01,-2.378123220966921991e+01,-2.048488105833530426e+01,-1.713686427225669107e+01,-1.722747027004758635e+01,-1.811464656806654361e+01,-1.258349881155623251e+01,-4.956539507851832838e+00,-1.810346150468098436e+00,-2.740354903815588994e+00,-8.139923790676725446e+00,-1.562455086078908728e+01,-7.757375953098137877e+00,-3.549947680177461429e+00,-1.720936517658755216e+00,-2.099930825992487371e+00,-5.751360752386972308e+00,-8.349608788887659117e+00,-9.914426974952220917e+00,-1.213856446411874579e+01,-9.669427586098512606e+00,-7.063146302062603965e+00,-7.556280812869469621e+00,-1.424227367424302670e+01,-1.714610095446308335e+01,-1.771708193586932367e+01,-1.944746145440472418e+01,-2.323092938131756213e+01,-2.386411999331580347e+01,-1.954964380131827539e+01,-9.639968138602045045e+00,-6.672095077112317085e+00,-9.226281584550937609e+00,-1.290832171423567587e+01,-1.354799881329139133e+01,-1.474178175007303615e+01,-1.487832479282385734e+01,-1.284362286577622037e+01,-6.438132553050915696e+00,-3.694924447478519447e+00,-3.439764247156239740e+00,-4.428259408903411298e+00,-6.526621241950326890e+00,-1.117986524725953679e+01,-1.393108913633558466e+01,-1.685799463507201779e+01,-1.783327918830845249e+01,-1.772001734872658929e+01,-2.373513366944260028e+01,-2.469618582891093439e+01,-1.663990832865238190e+01,-1.013704251001278500e+01,-8.290786266947785421e+00,-8.764632669898370310e+00,-3.213174769350896742e+00,3.984135576461590444e-01,-2.485552014281893207e-01,-4.064986987641128202e+00,-5.068480086559753239e+00,-2.911199050960325163e+00,-3.174167794825431432e+00,-6.296787490901705198e+00,-3.886384949714460468e+00,-3.521267750396065210e+00,-5.695825562708908052e+00,-1.115114176852835470e+01,-1.067236491127146536e+01,-9.988448715872234374e+00,-1.348505462954441647e+01,-1.394828519225120544e+01
-2.189157065749168396e+01,-1.763520958191818622e+01,-1.459184627234935760e+01,-1.291970783472061157e+01,-1.389400671919186969e+01,-1.363613447464174655e+01,-1.156084821042087363e+01,-1.061190938121742633e+01,-1.667745416859785834e+01,-2.267834310730298242e+01,-2.234806818928983319e+01,-1.939044397572676459e+01,-1.999777589241663733e+01,-2.010624800622463226e+01,-1.994301921625931939e+01,-1.950525411963462830e+01,-1.917944673366016772e+01,-2.095983556244108570e+01,-1.603406644281413662e+01,-9.059737148798173934e+00,-6.217230774641696378e+00,-6.677420190562163960e+00,-8.929033453162345424e+00,-5.215671840848194130e+00,-1.513431188909129865e+00,-2.966887777253861103e+00,-1.096500395755800916e+01,-1.606292028311226261e+01,-8.617495232882598444e+00,-3.195926069566565886e+00,-3.650201636195157029e+00,-5.479043587492520295e+00,-2.316407373434534289e+00,-3.358928067211915280e+00,-9.070361929635206266e+00,-1.620730114231507102e+01,-1.810355118165413657e+01,-1.109220788958999826e+01,-6.540862858295440674e+00,-7.602136521910627387e+00,-7.236367129617267580e+00,-8.692332907269397779e+00,-1.357978889014985846e+01,-2.152071579462952045e+01,-2.264380240937073907e+01,-1.846875683549377811e+01,-8.871097485224405332e+00,-6.471456029762824080e+00,-1.013037417208155055e+01,-1.049458341435011910e+01,-6.360292463589252598e+00,-3.644375915813725442e+00,-4.009124369839103252e+00,-5.442322242177194624e+00,-7.776516924508744211e+00,-3.803993723820894957e+00,-4.175696753508721493e+00,-5.981247554947104916e+00,-3.540533224696345016e+00,-4.940643112796048619e+00,-9.418035451794922963e+00,-8.353040155747699202e+00,-8.938837377561462461e+00,-1.466171846290429492e+01,-2.196466957032680511e+01,-2.278167159855365753e+01,-2.005490676065285882e+01,-1.948686933269103250e+01,-1.902938549386130518e+01,-1.492580424994230270e+01,-6.641909810906832412e+00,-3.908890393688731368e+00,-5.568573290918720886e+00,-1.047519693239074634e+01,-1.558089433519894129e+01,-6.700810451413013347e+00,-7.556388735815744440e-01,1.174539454672614891e+00,5.697229240031447262e-01,-4.940935194571567379e+00,-6.757304853242304787e+00,-1.058481651296218295e+01,-1.062856715586450385e+01,-6.301084742570917108e+00,-6.267818959947261348e+00,-9.061286947379509016e+00
-2.159319648974471662e+01,-1.905845915277798852e+01,-1.817650602757930756e+01,-1.658978526128662878e+01,-1.351996891945600510e+01,-7.890430847803751924e+00,-6.446780932032400102e+00,-8.914174710710843996e+00,-1.645511242085033032e+01,-2.394749096367094410e+01,-2.415437286595503608e+01,-1.862437381843725959e+01,-1.343701618868443681e+01,-1.051162793347612023e+01,-7.752970573396952503e+00,-7.274004490034308823e+00,-8.630514906934372732e+00,-8.115235370402741566e+00,-8.245390316885378823e+00,-7.317060537558670141e+00,-1.336649443357600830e+00,-8.726927811735044616e-01,-5.138774784411200613e+00,-1.218451380522714800e+01,-7.892857555170646577e+00,-4.122078681985537507e+00,-6.514836719350165062e+00,-8.079437352406481310e+00,-8.697834970636499463e+00,-7.773260643291804328e+00,-5.031783178862598405e+00,-7.697595931589603424e+00,-4.356018970513509281e+00,-4.883963382026801803e+00,-1.159665888858338256e+01,-1.511468990229898068e+01,-1.623269069857067493e+01,-6.785619697274847262e+00,-3.182634438957191225e+00,-5.325499573308560386e+00,-7.137725078397327394e+00,-5.745931730502181978e+00,-1.013775345186392407e+01,-1.490976654407050894e+01,-1.481754706841376112e+01,-1.060910204508238408e+01,-7.412144841005404494e+00,-7.058900741860270500e+00,-6.469167385871211984e+00,-3.296202532947063446e+00,-4.013879652730086178e+00,-5.263015444578034163e+00,-4.515401266415008052e+00,-6.997104970013929837e+00,-3.778180007273072682e+00,-2.212383161829267308e+00,-3.964392045003478415e+00,-6.316832330077886581e+00,-9.380236030711481376e+00,-6.662312020340727337e+00,-5.510935864618255131e+00,-6.064495204016566277e+00,-8.626905353532897891e+00,-1.381985807336038974e+01,-1.563079789156715016e+01,-1.418178655248549269e+01,-1.344839102650682072e+01,-1.291031624500950237e+01,-1.501338326351510233e+01,-1.546472031623125076e+01,-1.529646514356136322e+01,-1.616170299632681662e+01,-1.559075855049822046e+01,-1.797417321801185608e+01,-1.779238002498944482e+01,-9.756345069398069114e+00,-2.217587546206130966e+00,-7.086731487684624353e-01,-2.879811004887516290e+00,-6.525642320306764610e+00,-5.108828120347526536e+00,-6.667071279138326645e+00,-8.184131987806823716e+00,-3.032550386421563715e+00,-2.822225501162594963e+00,-9.572639885048070951e+00
-2.310321348077721026e+01,-1.701861549665530404e+01,-1.417084823548793793e+01,-1.354937301658921811e+01,-1.350525289194451517e+01,-1.233326736009783176e+01,-1.115886312723159790e+01,-1.015746363004048725e+01,-1.617846130496925738e+01,-2.092056609855757898e+01,-2.284001182681984332e+01,-1.919927093883355340e+01,-7.925578920584586129e+00,-2.060693250962584600e+00,-4.165763905831327829e-01,-2.557362420513527468e+00,-4.860324847722545805e+00,-4.706238285405561328e+00,-3.182271626642128926e+00,-3.364739632651536638e+00,-3.279689671914740146e+00,-4.726945404292968611e+00,-6.825563099183556304e+00,-1.661312916047043231e+01,-1.562568658010827249e+01,-6.391626351823409102e+00,-4.503813037325421043e+00,-5.368087367124745768e+00,-4.206524802087288961e+00,-5.022277806723852933e+00,-7.177493329677316680e+00,-1.512934320502811048e+01,-1.129882130544218732e+01,-7.092188602313399315e+00,-4.667274400100319021e+00,-4.232750990160032423e+00,-4.865078259738361943e+00,-3.330654974758443743e+00,-4.643662317035098575e+00,-5.639389756342603199e+00,-5.935923187062144279e+00,-6.130283017125394807e+00,-1.116607726862033267e+01,-1.167628500900334743e+01,-4.980363128137671680e+00,-3.544911004706389424e+00,-7.001108176538561878e+00,-8.539138338839014963e+00,-7.022627513234813712e+00,-2.827453768268848311e+00,-3.265040864123471387e+00,-4.822116693481802940e+00,-4.966430631155769326e+00,-5.018358041040806405e+00,-4.376674616166080334e+00,-9.435131250182166696e+00,-1.250020000648995300e+01,-1.384455606010225104e+01,-1.388658397727542493e+01,-1.451289170194003297e+01,-1.836200869042012584e+01,-1.810230817521611968e+01,-1.774226384527153400e+01,-1.783549169699351111e+01,-1.149900046239296536e+01,-6.295304806903004646e+00,-4.852392819813555747e+00,-6.402016190191109679e+00,-1.132994514786534879e+01,-1.707203864802916726e+01,-1.860824055638578045e+01,-1.941258420464065182e+01,-1.734383584227826702e+01,-1.691174976693259424e+01,-1.779189833253622055e+01,-1.277420290932059288e+01,-1.166126526075337644e+01,-1.242344308620603321e+01,-1.486209989328765246e+01,-1.432413525765554851e+01,-1.026772179454565048e+01,-5.918572530564334855e+00,-3.960121648722431775e+00,-1.954094374247991484e+00,-3.674782199054283716e+00,-8.684903095786770777e+00
-2.484557779298888391e+01,-1.794442892571290216e+01,-1.486155955493450165e+01,-1.632731359865930187e+01,-1.722992800010575110e+01,-1.483416659467750165e+01,-1.148595410088698010e+01,-7.593248229680789940e+00,-8.589400522824790940e+00,-1.453538152989414023e+01,-2.148862422837151342e+01,-1.913601052347156894e+01,-8.951697760158115358e+00,-4.427773883578386638e+00,-4.137077280698576942e+00,-8.950938881155000360e+00,-1.756464700493961573e+01,-1.708132142821947852e+01,-9.405592498521501810e+00,-4.207128005616444177e+00,-4.336773956608441338e+00,-6.603757480780283906e+00,-5.853799703220526673e+00,-1.179177437846859355e+01,-1.595028736773464395e+01,-7.075831718328926101e+00,-5.443669302492505579e+00,-6.291986208202110298e+00,-4.225715124591563843e+00,-6.809833272599563614e+00,-6.356513959459132224e+00,-9.250204815943208203e+00,-9.560442498212474050e+00,-8.800373628321620956e+00,-3.272186047913338669e+00,-7.645167307232946241e-01,-2.287418611784232780e+00,-8.044049955361211701e+00,-1.425108799110684110e+01,-1.357978948495454219e+01,-1.250884752513633913e+01,-1.222387654210130314e+01,-1.452964135590526773e+01,-1.208984159264299585e+01,-3.606354359899544004e+00,-1.397814098847346864e+00,-3.309237734195550118e+00,-6.910839459962314635e+00,-8.130239126686420903e+00,-8.176267778242213069e+00,-5.294942520545898645e+00,-6.555410990530314841e+00,-1.146711107219258885e+01,-7.634414102571706273e+00,-5.214381087571382523e+00,-8.431708491426332941e+00,-7.974332488995666601e+00,-1.057569466117355539e+01,-1.560414928860134509e+01,-1.453205549634165195e+01,-1.638031230246027192e+01,-1.571698196480671506e+01,-1.548771200618810084e+01,-1.719553648432095727e+01,-1.327712504565715790e+01,-1.196729059062070277e+01,-1.179066208336088373e+01,-1.241583214783006284e+01,-1.361118760704994202e+01,-1.790226462317837530e+01,-1.162837430048320009e+01,-6.996574070144561119e+00,-5.192734927160523206e+00,-6.867666076247890494e+00,-1.265690936023990254e+01,-2.042331350511974719e+01,-2.159552269428968430e+01,-2.283428646375735482e+01,-2.167595115635130298e+01,-2.026977037224504841e+01,-1.173154795956280516e+01,-5.931617426220327616e+00,-6.194329952950486273e+00,-1.069557460782946023e+01,-1.248157295460502247e+01,-1.509881020668480112e+01
-1.962602350612481317e+01,-1.527882955471674542e+01,-1.320587064988083270e+01,-1.495922083159287830e+01,-1.751578821076287085e+01,-1.572057219263580130e+01,-8.063916116125053435e+00,-4.154054891938964822e+00,-4.595971366597546570e+00,-8.898162970112430514e+00,-1.561316423283683008e+01,-1.430444438176022715e+01,-1.458407730360825916e+01,-1.367354344162676050e+01,-1.129089694056245996e+01,-1.480772822846969028e+01,-1.741662715706560505e+01,-1.997525962773296726e+01,-1.655225574059618765e+01,-1.077800055386291689e+01,-4.868971145918799870e+00,-4.734114940071271427e+00,-7.424619530638058684e+00,-9.019766423023408919e+00,-1.240155933714575198e+01,-7.897216769556204774e+00,-5.953617248994608424e+00,-5.997730598836723104e+00,-7.414462713731659882e+00,-1.316819952552517314e+01,-8.871739810125696124e+00,-2.516751661599199608e+00,-1.677151523696213342e+00,-4.359345479221600428e+00,-6.482972724518428542e+00,-4.483535620374216712e+00,-8.715693114403014974e+00,-1.793743479831351095e+01,-2.000992363111840433e+01,-2.177127841446134937e+01,-1.972381592459148791e+01,-1.972850020229816437e+01,-1.736869841317335883e+01,-1.037454691115352823e+01,-7.456468898906475573e+00,-8.398010940009649872e+00,-9.954163731619095401e+00,-1.651805989982353395e+01,-1.903248162733184046e+01,-1.899259024278985208e+01,-1.310766313059462362e+01,-8.933787802855173155e+00,-1.190018226413263136e+01,-8.738313956186175346e+00,-6.655724777943557768e+00,-2.355187290648852017e+00,-2.243841168535494646e+00,-6.653406730877274633e+00,-8.012016502053787903e+00,-4.751751941602884166e+00,-4.489519876376208529e+00,-6.004394499171111121e+00,-7.784947344826327331e+00,-1.164573921635746956e+01,-1.960317325095335761e+01,-2.206843054294586182e+01,-1.849379347181982425e+01,-1.279956466539038473e+01,-1.037421461525890543e+01,-1.113054694131844613e+01,-5.021805611283828519e+00,-1.148458388161897270e+00,-4.929876190682180859e-01,-3.303835675252129178e+00,-1.177699396221174055e+01,-2.251244906584421912e+01,-2.494490132729212561e+01,-2.545970978173944843e+01,-2.383317705657746899e+01,-1.969760015606880188e+01,-1.510245440569188879e+01,-1.497997297677728845e+01,-1.173685078157318884e+01,-1.108425123534268764e+01,-1.090723508223891258e+01,-1.249449070915579796e+01
-1.384878504855765158e+01,-1.576817440986633301e+01,-1.835359276831150055e+01,-1.562187480595376776e+01,-1.750396139174699783e+01,-1.822154689662986371e+01,-1.201766140676206973e+01,-8.291035059218605952e+00,-1.034140331463681406e+01,-1.352675262424680902e+01,-1.067565704633792301e+01,-1.106413406547572897e+01,-1.577049386004606824e+01,-1.764700090554025280e+01,-1.092604396575027081e+01,-1.043978364041281992e+01,-9.733656777689853712e+00,-1.158843645619021601e+01,-1.589467869864569849e+01,-1.383219223966201206e+01,-6.052268126358588241e+00,-5.873999062201215260e+00,-9.172528484629260959e+00,-1.011652938856018835e+01,-1.351953097350067523e+01,-1.455967417359352112e+01,-1.353080564488967319e+01,-1.399359529713789563e+01,-1.204655708455377194e+01,-1.391976314783096313e+01,-9.431519755886661471e+00,-4.177678757786957853e+00,-3.885530219716303080e+00,-4.462930263414616405e+00,-4.716240445876286991e+00,-5.155017646236552231e+00,-9.701036514507400454e+00,-1.731083585487471765e+01,-1.774607289003001398e+01,-1.857638301369216549e+01,-1.684127574496799085e+01,-1.345938310648004155e+01,-9.978601131901895016e+00,-7.541313203310386903e+00,-1.212784528235594372e+01,-1.831018304742044833e+01,-1.912197053018543613e+01,-1.936697974138789746e+01,-1.853825490838951495e+01,-1.796086270776059735e+01,-1.187269923484159762e+01,-5.618486734702148766e+00,-4.763268271254168518e+00,-6.588182985368701949e+00,-6.317253826819877460e+00,-1.774206579262277650e+00,-2.045372109354098633e+00,-4.419468500543896283e+00,-5.096700835804869101e+00,-4.043459083150890976e+00,-5.293547891701261499e+00,-8.296191736227935820e+00,-6.857059039589431748e+00,-1.153610718415843195e+01,-1.700076879147026432e+01,-1.905906347930431366e+01,-1.523826069384813309e+01,-7.889681993673245408e+00,-4.555921943924557738e+00,-3.951326922772245176e+00,-6.116733346393124826e+00,-8.911547183418811358e+00,-6.575195485928109207e+00,-8.044388382178214059e+00,-1.398795101626051718e+01,-2.276546006070243067e+01,-2.517357380357053387e+01,-2.552987032632033149e+01,-2.415217465493414295e+01,-2.205986626611815637e+01,-2.295040561258792877e+01,-2.279668893665075302e+01,-1.178519208729267120e+01,-5.674368109140131011e+00,-4.962354978546500206e+00,-8.521840485019815503e+00
-1.643451128651698312e+01,-2.044542022711700824e+01,-2.403095481461948779e+01,-2.080450821750693891e+01,-1.484968877252605246e+01,-1.369903444871306419e+01,-1.166624435782432556e+01,-1.022398359576861004e+01,-1.517067786306142807e+01,-1.976730496022436512e+01,-1.740524343401193619e+01,-1.446681877391205973e+01,-1.663764002670844278e+01,-1.674292642374833306e+01,-9.835970172037681536e+00,-4.371722532850172982e+00,-3.019185725159736045e+00,-6.380402867371837594e+00,-1.324523701229029271e+01,-1.132576872325605777e+01,-5.051937988390111656e+00,-2.271587077282472666e+00,-4.383644984258959987e+00,-1.255308333287636380e+01,-1.473447828408744620e+01,-9.565693618936670362e+00,-7.022134944796562195e+00,-6.804493679199367762e+00,-7.745647085830569267e+00,-1.068686432225836569e+01,-8.999526831424898177e+00,-1.281998587027192116e+01,-1.507608182507424743e+01,-1.476893521922951003e+01,-1.311504960008379506e+01,-1.194575635136829561e+01,-1.228897971080409235e+01,-1.319906864149702841e+01,-9.488816485222843156e+00,-8.171797275543212891e+00,-8.714505171248069004e+00,-4.220146065023275384e+00,-1.152124366674999845e+00,-2.909795123506152326e+00,-1.120454097497794343e+01,-2.218089393940236675e+01,-2.329517146779431158e+01,-2.024062169094880304e+01,-1.200155822932720184e+01,-7.995685367120636933e+00,-4.460670726503142447e+00,-2.103649414215599034e+00,-3.837737861192888733e+00,-5.682389996118015318e+00,-1.551683745200433728e+00,-1.747280075053115223e+00,-8.602318816456115513e+00,-1.275967093939996388e+01,-1.523432380054146051e+01,-1.216391550045874403e+01,-6.725081366383367509e+00,-5.978331644294990532e+00,-5.662365171230501204e+00,-8.499729093578126893e+00,-6.964434608552336314e+00,-8.235567476962589950e+00,-1.145096866703695682e+01,-1.241339775464600947e+01,-1.117948657543294999e+01,-1.198658666511376758e+01,-1.397470702396498865e+01,-1.696149384478728095e+01,-1.825900690423117823e+01,-1.878415201935503376e+01,-1.741912992133034521e+01,-1.779516093515687558e+01,-1.770251597298516089e+01,-1.794282313187916955e+01,-1.606858273595571518e+01,-1.845212448802259075e+01,-2.344983679221736139e+01,-2.347367101411024848e+01,-1.211419968389802548e+01,-6.213318895134660735e+00,-6.787877945850293138e+00,-1.356713852203554538e+01
-2.044587967958715069e+01,-2.546262737115224084e+01,-2.645100995401541510e+01,-2.418856559362676251e+01,-1.412784880730840875e+01,-8.478748133613002835e+00,-6.051889470881885558e+00,-7.950519471532768279e+00,-1.551935525404082483e+01,-1.698420344541470328e+01,-1.547423904389142990e+01,-1.133557092315620807e+01,-1.064111035606927302e+01,-1.264575466989643004e+01,-1.066999867103166011e+01,-8.552241576628553332e+00,-4.976299254391859606e+00,-2.493273406979925610e+00,-5.330750974574281820e+00,-6.690896801684478312e+00,-5.069432214348732479e+00,-1.955319578901657529e+00,-4.558828059842602975e+00,-1.363136734068393707e+01,-1.740397615772154438e+01,-5.920395554405534000e+00,-2.082619876131906800e+00,-4.015539419552725420e+00,-6.690473559416002303e+00,-4.767543722771936388e+00,-5.251834222736458280e+00,-1.056570022159980482e+01,-1.733185809022850421e+01,-2.010831109020445240e+01,-2.016233355800310889e+01,-2.024936177829901496e+01,-1.861618776371081552e+01,-1.018069132541616817e+01,-5.126254412656028769e+00,-5.910643922371996872e+00,-5.491625866128338807e+00,-1.055985889090354402e+00,-4.260651382711431179e-01,-1.770552411959847028e+00,-7.232942050995512240e+00,-1.450321782401038462e+01,-1.587070259037944986e+01,-1.597564027955134769e+01,-7.579099662601947784e+00,-4.996124175066749551e+00,-7.237546682901059292e+00,-5.619005218807918034e+00,-7.090242396419246695e+00,-8.585272926009363204e+00,-6.874106828744213082e+00,-2.182563244313415751e+00,-4.706877510354388505e+00,-1.024611823012431522e+01,-1.691806877818372357e+01,-1.208544518550237079e+01,-7.097889557066890731e+00,-8.644318082059422537e+00,-4.472486139171653718e+00,-1.871819560593091181e+00,-1.435959312343281224e+00,-4.125025905461774833e+00,-1.213281627247730832e+01,-2.054459940724902722e+01,-2.303991541845930868e+01,-2.201752079692151653e+01,-2.182779793606864160e+01,-2.267412543627951038e+01,-2.528578678435749438e+01,-2.444292683402697364e+01,-1.670080931484699249e+01,-9.098581838938924804e+00,-6.493267896067765221e+00,-6.054556528520253167e+00,-7.883310674172308907e+00,-1.388237423160009953e+01,-2.163857256124417106e+01,-2.010596774104568851e+01,-1.110154103653298563e+01,-6.943972367379400268e+00,-8.030166513390010863e+00,-1.450155048155122373e+01
-1.913942847483687970e+01,-1.981418760452005756e+01,-2.316038004557291785e+01,-2.364821529553996271e+01,-1.638291854494147870e+01,-1.412798808101150705e+01,-9.205386345171266527e+00,-5.984603799879550934e+00,-9.062354304724269838e+00,-1.265795873353878598e+01,-1.158410936097303967e+01,-9.225043358902135893e+00,-5.667550283794601462e+00,-4.497431436450117559e+00,-5.723724517557355895e+00,-8.669288211398654909e+00,-8.551525449173318805e+00,-2.212150952305819374e+00,-8.843748332591430117e-01,-3.529908779826251397e+00,-7.586892123554004996e+00,-5.545741461256208815e+00,-4.749595032539218664e+00,-8.530975398507305130e+00,-7.493106719923768644e+00,-2.736460635509704087e+00,-2.611064113582768798e+00,-3.836167887732800708e+00,-7.267550659210731290e+00,-7.926181248285704584e+00,-3.589123471847011082e+00,-3.606840254480226271e+00,-8.241255197984477476e+00,-1.285658531429039186e+01,-1.558040686448415180e+01,-1.420171251230769727e+01,-1.137720250586668591e+01,-5.768989862046307593e+00,-3.474776474138101090e+00,-5.588921792210182815e+00,-6.544869081220692664e+00,-8.178538908451123746e+00,-1.414027235367878710e+01,-1.066049261150894623e+01,-5.607076299066345193e+00,-5.079925701022148132e+00,-7.688356017900837891e+00,-1.043006956297904253e+01,-5.727947316029005975e+00,-5.084326589273081787e+00,-5.264908101768621229e+00,-5.992173448714311235e+00,-1.193154730668498331e+01,-1.315926949224538234e+01,-7.459704632715632222e+00,-1.369493121260853208e+00,-1.608041984955990378e+00,-8.540711615027653636e+00,-1.645564212815629190e+01,-9.688220536543262540e+00,-5.695725366473197937e+00,-5.278163907014661760e+00,-6.577583912553058632e+00,-9.788860807812953979e+00,-7.563054892790710859e+00,-8.602872214797470107e+00,-1.397728192475107001e+01,-2.405120644966761390e+01,-2.474755113157961262e+01,-2.111895821160740283e+01,-1.910607245150539768e+01,-2.045395733250511938e+01,-2.179157249298360455e+01,-2.139864354332287988e+01,-1.313171920759810263e+01,-7.963958574665917389e+00,-9.603440338538753451e+00,-1.191218106014033218e+01,-7.021706908941268921e+00,-7.768101137027972669e+00,-9.986220219793418451e+00,-1.009868548727697757e+01,-9.963172595741021098e+00,-6.075785537974701889e+00,-7.365177132189273834e+00,-1.517264418303966522e+01
-1.464083264933692163e+01,-1.598880180550946051e+01,-2.048469781710041815e+01,-2.490223255422380078e+01,-2.285624055067698279e+01,-1.624100211179918674e+01,-9.805154471347728773e+00,-4.787070151418447495e+00,-5.395309147735436461e+00,-1.250377055174774554e+01,-1.919558809035354230e+01,-1.771286816646655282e+01,-1.391409245423144725e+01,-1.222535871383216666e+01,-1.086979936518602941e+01,-1.280150474856297116e+01,-1.423669035111864467e+01,-6.120621894951909781e+00,-5.186143253878173098e+00,-9.790715717471256241e+00,-1.183723708904451755e+01,-1.247942062715689282e+01,-6.668961407409773834e+00,-4.905660292340649598e+00,-5.722585421771530179e+00,-3.907544719364927310e+00,-5.611562519088490575e+00,-3.572574102270462237e+00,-2.059358944387996715e+00,-5.216025232334585482e+00,-7.103538758224910765e+00,-6.715693251132809571e+00,-5.581276882025930419e+00,-7.897110900531212785e+00,-1.358159929679499811e+01,-1.097129501319593814e+01,-6.160253507809506424e+00,-5.100068474809329011e+00,-7.660334011332856186e+00,-1.318980954070058154e+01,-1.329483125896917528e+01,-1.477972574366463476e+01,-1.997217484315236291e+01,-1.736212031708823389e+01,-1.276130421252714342e+01,-1.073771630972623825e+01,-5.654872464430001244e+00,-3.634883947903290391e+00,-4.223829428759119153e+00,-4.902564177803772516e+00,-1.704786878436506337e+00,-2.377189464349713788e+00,-6.033961287906600468e+00,-4.829587845894922182e+00,-2.211927955675895952e+00,-3.792209503936141424e+00,-4.199810862693185598e+00,-4.938235024837518417e+00,-9.746378292950490518e+00,-1.058198483412464519e+01,-7.528486120618051558e+00,-1.067226341594424532e+01,-1.396438803606563184e+01,-1.771941526399718470e+01,-1.845372643570105353e+01,-2.049867844167683018e+01,-2.064625750482082367e+01,-2.588561964862876508e+01,-2.357488333019945514e+01,-1.396599239028162387e+01,-9.113435899217924074e+00,-8.546627419586810603e+00,-1.123039844302952162e+01,-1.187988817796576768e+01,-7.110921106352988019e+00,-7.817742008922828667e+00,-1.530983638515075107e+01,-1.455546054989099503e+01,-7.728623828126324646e+00,-5.643381392686730891e+00,-6.498453411066697605e+00,-5.440436545242038235e+00,-4.496788487045301430e+00,-5.521377482554978400e+00,-1.202898683398962021e+01,-1.835452376968330768e+01
-2.265408807165092853e+01,-2.242292364438374719e+01,-2.442321338256200036e+01,-2.793169577254189306e+01,-2.812158894207742321e+01,-1.854531971282429126e+01,-1.037874010619190024e+01,-7.569014637420575120e+00,-8.355027190513080626e+00,-1.196275973237223056e+01,-2.048308221002419671e+01,-2.441295247111055744e+01,-2.392795896530151367e+01,-2.462039226293563843e+01,-2.281291315373447048e+01,-1.949967158337434014e+01,-1.561339480926593204e+01,-7.513607059088018403e+00,-4.256011371190349557e+00,-5.925782635807991028e+00,-8.894140705052349105e+00,-1.329795623405112082e+01,-1.412526434246036722e+01,-1.320658867868284325e+01,-1.362293512022329622e+01,-9.930789920190969511e+00,-6.063939465830723741e+00,-4.309696748594029181e+00,-4.818761306223071195e+00,-8.599860114983231441e+00,-1.580072678377231021e+01,-1.868444536667730915e+01,-1.534216191247105598e+01,-1.542377904719776538e+01,-1.737539087153143313e+01,-1.624380165255731967e+01,-1.497125437855720520e+01,-1.565868692679537588e+01,-1.681690517564614495e+01,-1.950073924495114142e+01,-2.182887744737995916e+01,-2.338481853240066144e+01,-2.253284995423422998e+01,-2.231334109769927210e+01,-2.266700706879298011e+01,-2.065045118249124911e+01,-8.331791420777639345e+00,-3.102514860960784215e+00,-2.982204830970860865e+00,-6.024529203151662848e+00,-8.673885196625228389e+00,-1.030383127491101369e+01,-1.112467148998338295e+01,-1.015720026418825483e+01,-6.264162274601403624e+00,-5.668804825180107088e+00,-4.248064268897804752e+00,-2.941379050098476000e+00,-4.379601366015979380e+00,-6.815249598067667947e+00,-9.484727316432529420e+00,-1.783183095852534095e+01,-2.278989979293611157e+01,-2.437384369969367981e+01,-2.629811209440231323e+01,-2.748294605811436853e+01,-2.630290185908476630e+01,-2.776411546104484174e+01,-2.318033258948061359e+01,-1.264301122890578455e+01,-6.844504318924413688e+00,-4.600318815585018761e+00,-3.960273497911758867e+00,-3.762418576993190378e+00,-4.604721415374013915e+00,-7.606302055219809510e+00,-1.263461740149391943e+01,-1.635766501476367196e+01,-1.507847923619879538e+01,-1.532605706589917283e+01,-1.344395465476231522e+01,-7.994587764143943787e+00,-7.835111766225761443e+00,-1.091693999783860392e+01,-1.585957778990268707e+01,-1.598519134190347479e+01
-2.926063921385341260e+01,-2.930620750619305426e+01,-2.859503364231851208e+01,-2.872779083583090198e+01,-2.908439748817020032e+01,-2.260946425298849860e+01,-1.992117522656917572e+01,-1.968764872103929520e+01,-2.068106364541583631e+01,-2.031516836666398618e+01,-2.251597799360752106e+01,-2.781488392915990460e+01,-2.890149717032909393e+01,-2.910571792721748352e+01,-2.813384512232409662e+01,-2.500666801631450653e+01,-1.533931500878598975e+01,-9.678541744748750730e+00,-7.840013326145708561e+00,-7.612392032622462779e+00,-9.472577078474891721e+00,-1.539255039145549198e+01,-2.369619141022364417e+01,-2.269531281623575580e+01,-2.021374985410107428e+01,-1.847080841577715304e+01,-1.711496049041549483e+01,-1.632975823204550636e+01,-1.549608180837498850e+01,-1.873164993110630405e+01,-2.234161704116397473e+01,-2.659564142756991956e+01,-2.488003692362043751e+01,-2.462767931156688306e+01,-2.434946375423007581e+01,-2.501605987217691052e+01,-2.532697203424241650e+01,-2.609012716015179834e+01,-2.623687057031525427e+01,-2.545732400814692298e+01,-2.617397385835647583e+01,-2.835787957741154486e+01,-2.834951150086190808e+01,-2.690670014255576703e+01,-2.619894522759649647e+01,-2.000641102923287207e+01,-1.179082588851451874e+01,-9.984643528237938881e+00,-1.100804950317574793e+01,-1.489926910296910378e+01,-1.962206547831495485e+01,-2.206657143599457171e+01,-2.260663719475269318e+01,-1.808937236459718889e+01,-1.136104442303379436e+01,-9.811739298411541910e+00,-1.117857393394741727e+01,-1.255197668774700226e+01,-1.022962629670898060e+01,-9.344908794181215228e+00,-1.220774238473839191e+01,-2.078779150214460003e+01,-2.627612362802028656e+01,-2.806643445127540204e+01,-2.816117550598250574e+01,-2.869437014891041571e+01,-2.743154571619298565e+01,-2.829093352291319263e+01,-2.476683289474911120e+01,-1.792605218705203640e+01,-1.699162589344713581e+01,-1.575467363496621509e+01,-1.275186730129644275e+01,-1.306700243211040835e+01,-1.507571912681063075e+01,-1.781120336635245138e+01,-1.924451382292641455e+01,-2.318739238712522877e+01,-2.501127089891168964e+01,-2.245874907407495868e+01,-1.975031961748997489e+01,-1.916794245648715389e+01,-1.890174420012368017e+01,-1.841292596691184613e+01,-1.430865973730882068e+01,-1.379616687529616925e+01
-3.041919398970074084e+01,-3.063924089736408618e+01,-3.050443123281002045e+01,-3.038320932951238262e+01,-2.985416268971231091e+01,-2.715489939517444995e+01,-2.789440467456976691e+01,-2.814130162530475232e+01,-2.909101281563441077e+01,-2.743459956513510889e+01,-2.705669982896910852e+01,-2.877748338381449500e+01,-2.860930576589372265e+01,-2.919329553180270764e+01,-2.902316711511876690e+01,-2.671152994036674500e+01,-2.091673985123634338e+01,-2.008354574855830776e+01,-2.079849829193618405e+01,-2.005371127194828418e+01,-1.972548622306850064e+01,-2.170098830428388226e+01,-2.698363943066861736e+01,-2.640509758889675140e+01,-2.593393478128645313e+01,-2.579856816762023541e+01,-2.607680149045255291e+01,-2.637324776583247754e+01,-2.528534208238124847e+01,-2.559804736740059283e+01,-2.531953687634732830e+01,-2.850603761937883007e+01,-2.794248855941825482e+01,-2.703858661651611328e+01,-2.708056440783871466e+01,-2.773471008075608069e+01,-2.770577628910541534e+01,-2.792790726323922357e+01,-2.806321521434519184e+01,-2.797010702060328668e+01,-2.698811724781990051e+01,-2.871592064698537072e+01,-2.885494768619537354e+01,-2.774280893140369031e+01,-2.732334932022624585e+01,-2.164730115400420374e+01,-2.089883589082294080e+01,-2.199369959367646032e+01,-2.184110971954133618e+01,-2.256928566926055524e+01,-2.332259270714389032e+01,-2.688285906281736004e+01,-2.453882240255673608e+01,-2.105620701776610559e+01,-2.051225812733173370e+01,-2.090588255640533077e+01,-2.277201680921846005e+01,-2.232402118709352123e+01,-2.114979678392410278e+01,-2.000501380529668438e+01,-2.070827520390351495e+01,-2.472600517504745099e+01,-2.741837073696984106e+01,-2.906208093629943079e+01,-2.855013327962822345e+01,-2.896854980455504602e+01,-2.842097588545746234e+01,-2.880759056409199914e+01,-2.678893614146444691e+01,-2.567598906490538013e+01,-2.597623362971676642e+01,-2.510155278113153088e+01,-2.468836383521556854e+01,-2.386415777603785315e+01,-2.521905395057466137e+01,-2.592854085895750416e+01,-2.567834049297703558e+01,-2.635018293559551239e+01,-2.734200102256404108e+01,-2.578162303732501215e+01,-2.728189860118759924e+01,-2.666860458420382685e+01,-2.534040984345806891e+01,-1.958923752440346533e+01,-1.361483258008956909e+01,-1.318181919389300916e+01
-3.118252329528331757e+01,-3.100370944374137494e+01,-3.094569234384430700e+01,-3.093258216645982372e+01,-3.060517357620928180e+01,-2.901783505413267505e+01,-2.994726815819740295e+01,-3.039918510119120398e+01,-3.056900739007526013e+01,-2.868119577897919470e+01,-2.911313397188981256e+01,-2.933110418419043341e+01,-2.905275662408934778e+01,-2.984938747187455377e+01,-2.986491997043291846e+01,-2.844003891282611463e+01,-2.600529004633426666e+01,-2.754731058412128064e+01,-2.842896193431483454e+01,-2.759447081718180073e+01,-2.645831264721022791e+01,-2.722342192133267602e+01,-2.823098040123780450e+01,-2.773096346027321246e+01,-2.786915090348985302e+01,-2.775261521008279431e+01,-2.734270578291680920e+01,-2.893394204974174500e+01,-2.778568274279435357e+01,-2.783404719332854071e+01,-2.618979183004962152e+01,-2.903491090072525793e+01,-2.903814863165219506e+01,-2.820184424685107416e+01,-2.856014328367180255e+01,-2.909634407692485425e+01,-2.859530961679087824e+01,-2.889276961154407886e+01,-2.887405521339840320e+01,-2.850272424519062042e+01,-2.820634127656618872e+01,-2.936494794984658441e+01,-2.925620979236231989e+01,-2.867892033192846668e+01,-2.810118984182675561e+01,-2.681944800913333893e+01,-2.750159556832578289e+01,-2.855355221033096313e+01,-2.771907396117846289e+01,-2.678713199330700689e+01,-2.681275151835547632e+01,-2.912093625631597149e+01,-2.663123197356859961e+01,-2.617691505120860285e+01,-2.653643223146597663e+01,-2.746206624309222022e+01,-2.770314334829648217e+01,-2.670838502877288434e+01,-2.638046019938256848e+01,-2.761709809137715155e+01,-2.744795178870360175e+01,-2.782408500048849476e+01,-2.775830081105232239e+01,-2.959458699160152051e+01,-2.990362702144516760e+01,-2.978951814770698547e+01,-2.923210744228627789e+01,-2.953983759052223590e+01,-2.914498316082689655e+01,-2.832180369065867609e+01,-2.803768728507889563e+01,-2.905013456278377149e+01,-2.809296158949534217e+01,-2.785825625393125904e+01,-2.758963949316077802e+01,-2.823159277107980358e+01,-2.904978524314032740e+01,-2.899971996413336939e+01,-2.880977250801192469e+01,-2.899585540758238977e+01,-2.858034951157040027e+01,-2.780567800005276879e+01,-2.625947007702456659e+01,-2.022166586418946466e+01,-1.356640255120065497e+01,-1.322131567862298773e+01
