-2.214803345330798834e+01,-2.195397330240438905e+01,-2.220450159247594968e+01,-2.212786277559877490e+01,-2.225714868807610713e+01,-2.256476339129091357e+01,-2.294252786745551731e+01,-2.102018278518706040e+01,-1.932122922853659119e+01,-1.779207498062658033e+01,-1.779359176868700843e+01,-1.867476539029419769e+01,-2.021977829023171935e+01,-2.045032648002828424e+01,-2.013845987902342927e+01,-2.027863542906200678e+01,-1.945304984445790453e+01,-1.810228723060083666e+01,-1.863365679933824737e+01,-1.974043087831890375e+01,-2.052857288968472105e+01,-1.925745479296181983e+01,-1.904121124744415283e+01,-1.921734721060017748e+01,-2.015044782907908072e+01,-2.107380749433095346e+01,-2.162416075204165011e+01,-2.011291377690002236e+01,-1.921744788603018250e+01,-1.956949050917880228e+01,-2.116302621091595171e+01,-2.115905749706821481e+01,-2.116940678712975910e+01,-2.083051847683564262e+01,-2.086568293953670050e+01,-2.052658633239396480e+01,-2.111689891887985127e+01,-2.017387259006500244e+01,-1.961672018593504063e+01,-1.972903705462244517e+01,-1.889024826770520349e+01,-1.814514392841863355e+01,-1.834387942852864839e+01,-1.905146222442160919e+01,-2.065674834124004633e+01,-2.191187345708599565e+01,-2.061310247428544429e+01,-1.918009074043681750e+01,-1.995373798144682809e+01,-2.103014582714051528e+01,-2.156618362710675996e+01,-2.170102319280609748e+01,-2.187189311107606216e+01,-2.020054552755282984e+01,-1.854684415846380574e+01,-1.824423570396335847e+01,-1.914512032042932788e+01,-2.136092658261306454e+01,-2.055243236781986482e+01,-2.071254648325097492e+01,-2.049413736994939939e+01,-2.072535265402029481e+01,-2.091419587062515362e+01,-2.069594774901412038e+01,-2.042898340807616364e+01,-1.919464021602659898e+01,-1.863214517276705706e+01,-2.044398703374935522e+01,-2.199079691271745673e+01,-2.143478672377025873e+01,-2.177986715040134058e+01,-2.096262800784511526e+01,-2.077178268487216783e+01,-2.070560006057943170e+01,-2.112308964565509939e+01,-2.088322870057957914e+01,-2.093065099861785683e+01,-1.964155371771514069e+01,-1.859605775625650992e+01,-1.900783402774170128e+01,-1.972704852992341884e+01,-2.066065899652379301e+01,-2.000750079773764512e+01,-1.900983593118099790e+01,-1.904944105184715042e+01,-2.099865086024044203e+01
-2.092810088896569454e+01,-2.082539970456188883e+01,-1.998519802639502529e+01,-1.913383891473289822e+01,-1.912514449940383088e+01,-2.016382929386983491e+01,-2.115357655514287671e+01,-1.901171921227724582e+01,-1.607240568135530978e+01,-1.503741255789312703e+01,-1.556607762820848073e+01,-1.682162316609884911e+01,-1.847739832091877332e+01,-1.817328445875007858e+01,-1.542503629749967864e+01,-1.575773906616764286e+01,-1.669146304367152922e+01,-1.395941714203084771e+01,-1.360783205642045068e+01,-1.297368968079108242e+01,-1.388154718712086044e+01,-1.513200653964326570e+01,-1.495346508317321366e+01,-1.369350451458501539e+01,-1.462778472945890407e+01,-1.689773864327496256e+01,-1.896101755222291274e+01,-1.718635194993201054e+01,-1.534037927225345932e+01,-1.737301598523409396e+01,-1.970397254710889001e+01,-1.818590593338012695e+01,-1.790121373147454875e+01,-1.662481549677957915e+01,-1.578357336448349102e+01,-1.443425916601683312e+01,-1.393690716128312879e+01,-1.211602592309012749e+01,-1.328659583275554823e+01,-1.443297534089052014e+01,-1.182031834034519413e+01,-1.049016447331159085e+01,-1.222007398659946276e+01,-1.510167751967451899e+01,-1.554856497868326848e+01,-1.579390946235365512e+01,-1.504808435731261795e+01,-1.636943957823833529e+01,-1.869206589323873757e+01,-1.831255086869683879e+01,-1.841058471639647820e+01,-1.981285414167943060e+01,-1.933884315454323044e+01,-1.797025306352222174e+01,-1.459003741959579159e+01,-1.246749496687459668e+01,-1.383069806608534869e+01,-1.761690887604050815e+01,-1.909462690262393991e+01,-1.732910984709062774e+01,-1.586553889558515529e+01,-1.646534366371067293e+01,-1.818533568618861906e+01,-1.778439980517816821e+01,-1.806614776786047116e+01,-1.562260109140672704e+01,-1.322918510073013820e+01,-1.404820162837059527e+01,-1.694015355823376723e+01,-1.633340036664300143e+01,-1.604267849994979755e+01,-1.537168409897170918e+01,-1.513460281969026688e+01,-1.405948505146812799e+01,-1.314935467368034416e+01,-1.279426615693755664e+01,-1.420316588986693418e+01,-1.361572654738681010e+01,-1.140327150619211949e+01,-1.083333295720224143e+01,-1.231725314782775982e+01,-1.403844021886359705e+01,-1.425599832616689611e+01,-1.341319271899361709e+01,-1.513069375598703559e+01,-1.906910512010559700e+01
-1.993884187891283233e+01,-1.946285402319813329e+01,-1.632796548705064765e+01,-1.434401149968154598e+01,-1.609888348688605930e+01,-1.797561065295270311e+01,-1.728754409032923434e+01,-1.554293110989432236e+01,-1.277882630042447332e+01,-1.373391950266961814e+01,-1.530472828140695540e+01,-1.546221450721944635e+01,-1.614437262338536527e+01,-1.414518131736580564e+01,-1.064092511166143140e+01,-9.589778787079657363e+00,-1.048397408186934321e+01,-1.240662675595465458e+01,-1.343939792563897129e+01,-8.917023965420613152e+00,-8.961182240311426739e+00,-1.264087247075015341e+01,-1.370968727756092598e+01,-1.198774217285272670e+01,-1.393945744565425038e+01,-1.521092504672421697e+01,-1.656597103235375812e+01,-1.455447724757303796e+01,-1.419798849193194457e+01,-1.789219326372365160e+01,-1.785498791250563855e+01,-1.343548423097333888e+01,-1.111005353449865218e+01,-1.091764556315109047e+01,-1.063468057463187222e+01,-7.103621964122503130e+00,-6.658221411909766019e+00,-6.790946294333188860e+00,-1.069150902933746750e+01,-1.039546477703647831e+01,-8.413580150094650989e+00,-9.439969661126610845e+00,-9.962502223389750000e+00,-1.082863640500844049e+01,-8.509029300385758887e+00,-7.517571624567490396e+00,-9.156536210584276247e+00,-1.323436423772163906e+01,-1.350513149706917027e+01,-1.250172986903490902e+01,-1.381952939893453092e+01,-1.837460083087891860e+01,-1.720607762755328451e+01,-1.604760669478933366e+01,-1.527507335357083562e+01,-1.099616293779766352e+01,-1.023626727957761950e+01,-1.478475092749559217e+01,-1.894271232426621410e+01,-1.638909430176247284e+01,-1.460541538245805349e+01,-1.429580355600546326e+01,-1.308798320602824639e+01,-1.096887696358083808e+01,-1.102287122720980506e+01,-1.262323032990666682e+01,-7.851880427393067130e+00,-6.075233763888947536e+00,-7.325067409691009779e+00,-7.804535638853793422e+00,-1.012879731773420211e+01,-1.388117439601257530e+01,-1.443609109907659871e+01,-1.000309263363139323e+01,-4.976502430895414442e+00,-3.483371864622618830e+00,-5.358202920744075115e+00,-8.229571853401779435e+00,-6.406993474441629921e+00,-7.629571867353133641e+00,-9.511433457600251273e+00,-8.333027143969790274e+00,-1.013783637940428584e+01,-1.387297825867893053e+01,-1.656989222537470141e+01,-1.997351120264475455e+01
-1.855935016934198245e+01,-1.578399283285359367e+01,-1.386707248578544771e+01,-1.391060249587051700e+01,-1.371568812941776905e+01,-1.284822068278116092e+01,-1.257542057437751204e+01,-1.148453154045206936e+01,-8.858845470970823754e+00,-8.753429649895384301e+00,-1.164860058786304897e+01,-1.276378332294580531e+01,-1.026059003913675483e+01,-1.035946840821331705e+01,-9.874379960180238669e+00,-5.315013831637743102e+00,-5.367660473093732065e+00,-1.031890756619795546e+01,-1.334383136989506191e+01,-9.036173124349753394e+00,-1.004578328906124796e+01,-1.471709720005515898e+01,-1.486042891226652074e+01,-1.462792988906379854e+01,-1.659587743810114802e+01,-1.302460891008377075e+01,-1.064593656383852860e+01,-9.984340518485499416e+00,-1.282100362177113517e+01,-1.541528061146044593e+01,-1.297361555354285834e+01,-1.150671395773196082e+01,-6.563643054425261525e+00,-6.075022280017155829e+00,-7.069714504457611959e+00,-5.985568331625625405e+00,-8.722988332955891266e+00,-6.771439147132043423e+00,-7.765189020688296750e+00,-1.051773265117907386e+01,-1.182204581262501186e+01,-1.266680984187672188e+01,-1.133698657814782962e+01,-1.153358798809633967e+01,-9.871635605588213735e+00,-5.776748523229860766e+00,-6.880506139220171846e+00,-7.904658520153460266e+00,-5.291855303892325502e+00,-5.065601124179385906e+00,-7.943167019891374636e+00,-1.379654855537050473e+01,-1.558398363653940066e+01,-1.578376473088300891e+01,-1.521179685155853889e+01,-1.100978590604913165e+01,-8.491771457759478281e+00,-1.139115849114556411e+01,-1.448208040408505681e+01,-1.470364677087041194e+01,-1.244107083204195163e+01,-1.132993752013124045e+01,-8.513123992610125867e+00,-7.380881198425955247e+00,-5.566141844883948586e+00,-5.766452659945223935e+00,-5.145158374984215577e+00,-4.911118875250561899e+00,-7.315829138491899641e+00,-5.201986582410781601e+00,-5.777156422156413562e+00,-9.501281130063624403e+00,-1.164296916673201565e+01,-1.188048238426674352e+01,-6.641241336447535559e+00,-2.652784185374301273e+00,-8.617903974639493647e-01,-3.857385159174214984e+00,-9.298685921057490589e+00,-9.719576749865336041e+00,-8.341377558143994619e+00,-5.946249831610053604e+00,-7.397660808708831581e+00,-1.406272559675551470e+01,-1.612635416656960174e+01,-1.935536701169632678e+01
-1.763709491809815688e+01,-1.632099464285464663e+01,-1.688777737763091835e+01,-1.478397672685957964e+01,-1.196099226165363838e+01,-1.037449174141155872e+01,-8.305559849011078910e+00,-8.596527025672315858e+00,-7.322896600053965699e+00,-4.865539217979170772e+00,-7.850580473210065691e+00,-1.053997007217116000e+01,-1.005568103344385911e+01,-1.103429722376452204e+01,-1.077062460848393322e+01,-4.874416291088093267e+00,-4.405192846332797174e+00,-9.468661189306782688e+00,-1.246901764623991404e+01,-9.787140157841543342e+00,-1.236615284526621039e+01,-1.720295886957008591e+01,-1.684530763225701122e+01,-1.546938113492863742e+01,-1.332256464739792179e+01,-6.840241838388770645e+00,-3.644237984305084055e+00,-4.902393062766072340e+00,-1.027033290153241296e+01,-1.040147879059988156e+01,-8.307978151295021263e+00,-9.854770967068562371e+00,-5.494639874123151024e+00,-3.170634526332825942e+00,-5.939961005432374819e+00,-9.938172748298136128e+00,-1.097565215598535815e+01,-7.700886693392090976e+00,-6.664030633582413543e+00,-9.258357907979542389e+00,-1.192026281993807757e+01,-1.050403133421453816e+01,-1.154232515754419808e+01,-1.285923286618394634e+01,-1.016819312599779046e+01,-9.363748073805378880e+00,-1.123786583611073375e+01,-7.918176910008183356e+00,-4.296962089623317382e+00,-5.445666363277963384e+00,-8.305285579375638605e+00,-7.568701095708453508e+00,-9.799362913797830643e+00,-1.230294162171487571e+01,-1.165038123658595204e+01,-9.461762663744787361e+00,-7.099148907734237568e+00,-1.032997466589658231e+01,-1.084403244730170535e+01,-7.706887828882869051e+00,-4.612175536041595691e+00,-2.377308148737883098e+00,-1.557746762302499866e+00,-2.279417013045656137e+00,-1.518069852257275310e+00,-2.361338696875547427e+00,-7.612042505519361235e+00,-8.170446640435065078e+00,-1.063211201392967276e+01,-8.380951449616265592e+00,-8.396277063903008653e+00,-5.003731264128484568e+00,-5.073613004886921907e+00,-9.538599293195565210e+00,-9.414724332230692383e+00,-6.763149208652268207e+00,-7.259841925100883886e-01,-5.271051576123786386e-01,-6.655689963807870591e+00,-1.135593772150632930e+01,-9.609464616265915637e+00,-6.967366178299634782e+00,-4.989788604203526212e+00,-7.904396177248190547e+00,-1.292774887758356961e+01,-1.585912358214837070e+01
-1.755087057233766856e+01,-1.714789458176561965e+01,-1.621061763235631048e+01,-1.486552194602616872e+01,-1.569198021815933330e+01,-1.197441383400036230e+01,-7.111352015997617571e+00,-7.620206382438426296e+00,-5.587756751887216211e+00,-2.558946785531699852e+00,-4.746747327641449132e+00,-1.154418639554322290e+01,-1.399118229314571060e+01,-1.353193733528370224e+01,-8.325831555626319158e+00,-4.152296194138417995e+00,-5.765134790471491577e+00,-1.209772073289820327e+01,-9.792271478513953298e+00,-8.777122816511692349e+00,-1.229692222689854297e+01,-1.372765910989455662e+01,-1.396284707311455442e+01,-1.442713524185064244e+01,-1.128570145960072502e+01,-8.524020278385577853e+00,-4.322768385092842003e+00,-2.266651295416967304e+00,-4.998704564697216135e+00,-5.733516981050315486e+00,-3.454633797062578893e+00,-5.929343165179274067e+00,-5.713485695336383507e+00,-2.892230677080717349e+00,-5.239124233969523203e+00,-9.681555267963700473e+00,-1.067566901672887525e+01,-8.678328906306782997e+00,-9.002553614041277186e+00,-6.752321887789792143e+00,-7.706996450015834554e+00,-5.627369225948057441e+00,-4.881677814546256045e+00,-6.211306253903125629e+00,-8.607783706019853653e+00,-1.353888868557587877e+01,-1.361523197488930315e+01,-8.231870590957976574e+00,-7.187813253575608741e+00,-8.861506212588029285e+00,-6.938874974050595057e+00,-5.265982532994608611e+00,-8.832855742396288790e+00,-1.243779521407061850e+01,-1.002343338727951050e+01,-8.036788940315938490e+00,-6.305259680019990043e+00,-1.036186724582701224e+01,-1.472984971526924802e+01,-7.782381412637143114e+00,-3.867393346097256490e+00,-3.494090386801434800e+00,-4.720206859151882206e+00,-1.677087542385872432e+00,-7.389113086112241158e-01,-3.931677587301904087e+00,-7.825295181106064923e+00,-1.061888382362045391e+01,-1.460850402189575092e+01,-1.201932814239545699e+01,-8.779182899658007244e+00,-4.470582077123281373e+00,-3.509979575680469477e+00,-8.152019561474560305e+00,-1.237373771194283201e+01,-5.603489005724892280e+00,-1.010751359752789957e+00,-1.008179254956074189e+00,-3.286386876888679698e+00,-7.261371045167209104e+00,-1.002950274580307521e+01,-9.402237730171844277e+00,-5.398740862389557194e+00,-6.335769552310914321e+00,-1.336757784080869449e+01,-1.647143132996013293e+01
-1.623115602431406401e+01,-1.364440217818922640e+01,-1.338019043070669412e+01,-1.728471321186036391e+01,-1.839928601807310216e+01,-1.361149962530791235e+01,-1.015143389305995569e+01,-9.679557190369104447e+00,-5.595276249259824475e+00,-3.369067057259807374e+00,-6.442858315833651872e+00,-1.344755791207306217e+01,-1.562290770861938682e+01,-1.052120037797753049e+01,-4.284807128703776335e+00,-2.974053779865778679e+00,-6.697357455965216921e+00,-1.261107271090718562e+01,-7.477033194694810092e+00,-6.181096005985755149e+00,-8.752953238159646432e+00,-1.197645216907253740e+01,-1.413786867738680009e+01,-1.208592594329637393e+01,-8.320996404604146690e+00,-8.911672240450181803e+00,-6.986888118365508937e+00,-6.398807072062009382e+00,-1.867131777583374452e+00,-5.737151003172550334e-01,-1.415806085672869363e+00,-6.013049853084083018e+00,-7.972419258064896042e+00,-2.862044957914311460e+00,-2.830993315981894742e+00,-7.802681956923644968e+00,-7.892049014795827766e+00,-7.392638253574152607e+00,-9.779864724128300324e+00,-5.254946274611786095e+00,-2.298157727100996528e+00,-1.805550357144688478e+00,-4.528373464397225767e+00,-6.191678951913845985e+00,-8.106745649612586035e+00,-1.215743626574523617e+01,-1.130628319505516721e+01,-9.154228006212310476e+00,-5.457093068505175282e+00,-5.521980163777683970e+00,-3.558507084597669845e+00,-5.282035983444852256e+00,-1.012828948343073066e+01,-1.163963205759761976e+01,-8.905314567548627380e+00,-7.762572696361377922e+00,-4.636968205611839977e+00,-6.597983121509372495e+00,-1.332280290695547187e+01,-1.159130914429671932e+01,-1.193811139312238723e+01,-1.226824733690280489e+01,-1.063845845404301471e+01,-8.503196624811483417e+00,-5.045057785599528444e+00,-6.248441169521849581e+00,-7.217025176941893605e+00,-8.966453696707732846e+00,-1.317886057837318781e+01,-1.260843888926141965e+01,-7.771755046602196515e+00,-3.246971992221269865e+00,-4.363817095486376196e+00,-1.001855699843122771e+01,-1.301981461685122454e+01,-6.496818612151928463e+00,-4.695625833785099346e+00,-8.122271114356019339e+00,-1.133035997744251588e+01,-9.672872423158802135e+00,-1.176102417434444902e+01,-1.180829342767482437e+01,-7.473930923865382603e+00,-7.609410587157912076e+00,-1.323577185805517331e+01,-1.655042015778199271e+01
-1.593508841700226242e+01,-1.369278865188132777e+01,-1.369035284755794102e+01,-1.560813559193647571e+01,-1.609092526763449982e+01,-1.585631480926775794e+01,-1.502303509675819448e+01,-1.099696905285347448e+01,-7.728075719061698656e+00,-6.276828691477083666e+00,-1.034328971041067824e+01,-1.443074183382150721e+01,-1.481446706793690460e+01,-9.064704718935580274e+00,-4.623323228636770921e+00,-6.230059405948739304e+00,-7.336558867046851340e+00,-8.499771954449078848e+00,-8.693808922785839499e+00,-1.045986081056922501e+01,-1.337516297684370947e+01,-1.567957875018811364e+01,-1.339538220549357739e+01,-6.381840078714694720e+00,-3.732479292302186114e+00,-5.690850218857518072e+00,-1.077545877813382980e+01,-8.578275648692182287e+00,-2.467731255442544125e+00,-1.876439403618805013e+00,-7.102585666919596363e+00,-1.040851988592220678e+01,-8.409712480907222343e+00,-2.593649451910581938e+00,-1.741505414347043423e+00,-5.264659455799646892e+00,-8.477575536333878503e+00,-9.021103502229879112e+00,-9.070175618388271133e+00,-7.345679492270218880e+00,-6.770177683974296201e+00,-6.125538468481759757e+00,-8.319691350185916434e+00,-7.229754105324053270e+00,-6.131130216913368791e+00,-9.095873825877676566e+00,-7.675646487822514352e+00,-6.681274028601594139e+00,-4.269618612323098361e+00,-5.298784078804434472e+00,-8.692051570876749622e+00,-9.849987530526314927e+00,-9.952238252827228848e+00,-7.812921510397933034e+00,-7.779311878990580631e+00,-6.150843877633251466e+00,-4.003957162899114408e+00,-4.919644147299855774e+00,-7.076935866122482821e+00,-8.037041223288037273e+00,-1.173505591464634179e+01,-1.131007686765324216e+01,-7.926107823734975355e+00,-8.320421180325269006e+00,-4.626382967908617694e+00,-3.177773949022774325e+00,-5.988937056267932491e+00,-1.161494912173001737e+01,-1.131696837412492052e+01,-7.507365111233168520e+00,-4.737970039230693153e+00,-1.196236436660952585e+00,-2.324661881435406752e+00,-7.962187473276960858e+00,-9.547420639573163115e+00,-1.022044294117061192e+01,-6.642165025226942632e+00,-8.057388719825343770e+00,-1.237803781146311621e+01,-1.026287222363566620e+01,-1.013154201334669402e+01,-1.396476178724347150e+01,-1.289234893922587410e+01,-7.976163238173223036e+00,-8.382421067652812141e+00,-1.265968530323669228e+01
-1.937732963889609650e+01,-1.844445908251609367e+01,-1.634728949579573865e+01,-1.542419267701738583e+01,-1.572685650377783162e+01,-1.694434668817592993e+01,-1.359407837791297347e+01,-1.100202843069120284e+01,-1.006194111636576771e+01,-6.623396353412220883e+00,-7.656319164820299505e+00,-8.468831436097167042e+00,-1.014365089576662982e+01,-8.724689530052302189e+00,-7.737667036193017545e+00,-7.121574538354654926e+00,-4.978391328283571227e+00,-5.855618943751768057e+00,-1.215105628557787654e+01,-1.463373174740157978e+01,-1.734237286425728897e+01,-1.767851045659480036e+01,-1.012385656360451414e+01,-4.676765234899202817e+00,-4.370918780423075134e+00,-5.257098482297875464e+00,-8.280527034945047049e+00,-8.480179202749983602e+00,-5.170724559930786057e+00,-4.488126219555963026e+00,-7.199442981920055828e+00,-8.940102093092358260e+00,-9.479554469348819623e+00,-6.644240009411814363e+00,-6.434363224001544701e+00,-8.296391452883035811e+00,-7.704959454995985446e+00,-6.080024557600494539e+00,-5.478185595844992761e+00,-9.286929960696751252e+00,-1.545701195151751328e+01,-1.441053017427903171e+01,-1.415467931205079744e+01,-9.955282961260101260e+00,-4.963309433140599580e+00,-5.000575359118091257e+00,-3.976163334385598436e+00,-6.356004755787608040e+00,-9.811319383230941327e+00,-1.128037786267640996e+01,-1.354501289356755933e+01,-1.183515652627435344e+01,-9.810629753666070485e+00,-6.243059023645997740e+00,-7.350004245989195439e+00,-7.357059787930422701e+00,-8.075007438105140878e+00,-1.008001648739890221e+01,-7.837098648245553356e+00,-4.332107115622240379e+00,-5.469913487654990192e+00,-5.250140531347595285e+00,-3.517093157381501634e+00,-5.906899187607221435e+00,-2.890200102903510704e+00,-1.057302060653899867e+00,-4.455384190400479838e+00,-1.166478051529585791e+01,-1.059667338624255351e+01,-9.368683035137088666e+00,-4.319846865354027621e+00,-2.539365713144448033e+00,-4.157166517169022413e+00,-7.377610253326538192e+00,-7.641235944423966586e+00,-9.582713244525530527e+00,-8.905384687066987937e+00,-6.910967772698584533e+00,-8.911407699111764558e+00,-1.240569773475632331e+01,-7.785817438182029981e+00,-6.957227369358066404e+00,-8.893062847687771111e+00,-7.303410188216744814e+00,-6.335607535710543914e+00,-9.477871837506768316e+00
-1.844797426143675523e+01,-1.680005533913619686e+01,-1.669298555013787677e+01,-1.682425378752118661e+01,-1.611846328236674708e+01,-1.584767118847097223e+01,-1.306630933284759521e+01,-1.009650639450277154e+01,-9.284117744169162023e+00,-9.906545729696295766e+00,-9.059352064860686227e+00,-1.031997700820442354e+01,-1.008381669530431779e+01,-1.244536569509797452e+01,-9.942381554887495199e+00,-4.389543167905498144e+00,-4.157270841936773209e+00,-7.376444909863799637e+00,-9.296643007347601184e+00,-1.117728432489715473e+01,-1.498201613844805991e+01,-1.466252803210993783e+01,-7.180024382836036168e+00,-4.340776804479137496e+00,-5.994359333963908298e+00,-3.093226498120396961e+00,-2.364620750839955488e+00,-5.181204088840932087e+00,-7.312579633966657333e+00,-6.764551273568440770e+00,-6.043035880129300708e+00,-8.410728343798004047e+00,-1.195818809835055418e+01,-1.370334617145188894e+01,-1.438032541679971921e+01,-1.353353303807382346e+01,-9.704219464582340748e+00,-6.445836409954852186e+00,-4.895781898444504066e+00,-7.904588410417542121e+00,-1.252093094041329380e+01,-1.187035767711300949e+01,-1.267275616708602648e+01,-1.104778288429930022e+01,-7.429472475447727930e+00,-5.349327662262980176e+00,-4.310137499443731812e+00,-7.438968604302588439e+00,-1.268417494078628849e+01,-1.471499115865649188e+01,-1.503454701955081774e+01,-1.408536115766481522e+01,-1.478739770632663841e+01,-9.014044198826068666e+00,-6.916638765853780235e+00,-8.917833237247613454e+00,-8.527048057044735785e+00,-7.231927258242010659e+00,-6.207204309480535365e+00,-2.959629820631319408e+00,-4.960729723793582124e+00,-7.264527729364069764e+00,-5.901544981216656716e+00,-6.774987970137140714e+00,-3.407199335081914970e+00,-1.708514514142817964e+00,-5.981222752680760202e+00,-9.766431101860890251e+00,-9.693463019742310394e+00,-9.839796553586275252e+00,-8.175036010623887961e+00,-1.036528111334875923e+01,-1.357363736303878632e+01,-1.229075787881858517e+01,-1.103876150427883829e+01,-9.240399503980883722e+00,-8.745831916577943232e+00,-5.803816884242438690e+00,-6.182018351747355922e+00,-1.152649835478656648e+01,-8.210075430856406342e+00,-5.212599318502968870e+00,-5.074290865439057718e+00,-8.451628068931229976e+00,-9.513850503977929307e+00,-1.096588164795446119e+01
-1.525598276389464125e+01,-1.555813956260681152e+01,-1.640627692855951381e+01,-1.498451904304154958e+01,-1.411303957637029782e+01,-1.654833866439702916e+01,-1.635135795733400954e+01,-1.295741334011536594e+01,-1.229141265654381954e+01,-1.071541152200626001e+01,-1.015061663716804041e+01,-1.046336521993156587e+01,-1.239607657094038196e+01,-1.265180731092700483e+01,-7.282552092357446050e+00,-5.669347538747860682e+00,-9.918969331821070767e+00,-1.290695101341218454e+01,-1.007189435494765029e+01,-9.774901911047578551e+00,-1.061330071405440023e+01,-5.916377630516644892e+00,-2.662765654404683158e+00,-4.529294021925284852e+00,-7.771172958895393279e+00,-3.033335824433060157e+00,-1.236338103256492182e+00,-4.796755536482491422e+00,-7.517116792101896650e+00,-6.410732447567843550e+00,-7.624879668971509261e+00,-7.689693527680089069e+00,-7.851486989600896749e+00,-1.091413534958029352e+01,-1.225485984355438696e+01,-1.121218173649474892e+01,-1.114729620436675717e+01,-9.463213263690926524e+00,-8.472479166534110817e+00,-9.622614437387190023e+00,-6.333573792158192717e+00,-5.088514982516528562e+00,-7.483841292503226050e+00,-1.235062773446090389e+01,-1.159830454082889339e+01,-9.872297621979058135e+00,-9.374110794135631863e+00,-1.036631766553143486e+01,-1.172770848881652306e+01,-1.298163146417559588e+01,-1.212322359867678401e+01,-1.455975790788199120e+01,-1.728928210626121853e+01,-1.418310996412320968e+01,-9.017577726649873782e+00,-8.149840665455082345e+00,-8.670389772143982654e+00,-4.287479862741387038e+00,-1.672943714775059654e+00,-2.494093794709574485e+00,-7.087407684301999744e+00,-1.280927235388573848e+01,-1.397004465497177073e+01,-1.417804145403490779e+01,-9.128758359199233396e+00,-3.847836344036649425e+00,-4.223464847848046766e+00,-7.591650459872743895e+00,-1.021348954566562384e+01,-1.266652541488181605e+01,-1.020658348876101407e+01,-1.209319278165584244e+01,-1.597269575195458025e+01,-1.292349972251717283e+01,-1.215041642698622759e+01,-1.320973742099208614e+01,-7.911966972451173419e+00,-4.205502267628339119e+00,-3.329516891500279741e+00,-4.084421767106720225e+00,-4.688552713192482457e+00,-7.604836316281602393e+00,-7.324003333638187563e+00,-7.957492743512146305e+00,-1.160776320213579993e+01,-1.506047078443847553e+01
-1.564439110628521235e+01,-1.796481230240741667e+01,-1.775183930742831606e+01,-1.475194780426170915e+01,-1.554676529287382003e+01,-1.882990064511772488e+01,-1.805101590848151005e+01,-1.572814643838023407e+01,-1.119862795968092151e+01,-6.694813170960840942e+00,-7.220399661373545719e+00,-1.082531718761866379e+01,-1.293427168913470027e+01,-9.339350276320944388e+00,-5.080571243098673584e+00,-6.280494453911562580e+00,-1.106032124611030021e+01,-1.150902762667823431e+01,-1.358147098681399001e+01,-8.446981420953765252e+00,-4.327237661328532603e+00,-1.466943065228850651e+00,-2.771256626430785186e+00,-8.317483600556053958e+00,-8.426795818764745150e+00,-4.653035524560721115e+00,-3.350699392087821415e+00,-6.480881691398454159e+00,-9.241616911560525338e+00,-1.007082189608166267e+01,-6.011798691032952391e+00,-4.809920343136742105e+00,-5.087056671219472470e+00,-4.004593058901604330e+00,-5.452039453165449245e+00,-9.556332016264208917e+00,-1.048705927197259768e+01,-1.154179796098752853e+01,-1.250693563741582004e+01,-1.077577996663464788e+01,-7.718496580857015843e+00,-8.383723222344885428e+00,-8.340200903533979471e+00,-1.109681511971786705e+01,-1.178201623408848953e+01,-1.011206201833623020e+01,-6.709845846611295350e+00,-6.190004552455036446e+00,-6.150518353872057808e+00,-8.751529479527292210e+00,-9.450651390406921593e+00,-1.392470255880865437e+01,-1.350387611188961401e+01,-1.180954844146284444e+01,-6.665690529430356115e+00,-4.222986841816028125e+00,-7.042555008908264469e+00,-8.597726800798914937e+00,-6.965342769484597518e+00,-8.721146832693026596e+00,-1.210726336713965701e+01,-1.473250465083668281e+01,-1.690379825530161284e+01,-1.638234108049450910e+01,-1.339680530733734543e+01,-8.728295610833713525e+00,-6.049207350502203262e+00,-4.894068554406345584e+00,-7.644524060815345301e+00,-1.345114750170525753e+01,-1.197166361972575821e+01,-9.458632909159623736e+00,-1.046504768069463864e+01,-1.299015489061370232e+01,-1.388861646907020209e+01,-1.253066829506677493e+01,-1.223222638769004256e+01,-9.031601603533930600e+00,-8.615312214500008281e+00,-7.858484239440112873e+00,-4.068264996654261445e+00,-5.253620039472598258e+00,-9.426952580459245112e+00,-1.033080278917123351e+01,-1.181957162700536657e+01,-1.663142479649026839e+01
-1.733784461476420802e+01,-1.716958048461957631e+01,-1.640802602526795795e+01,-1.434467625708980343e+01,-1.508496626915822425e+01,-1.806673349496972492e+01,-1.828232460076572252e+01,-1.462854080709792193e+01,-6.757992343536314728e+00,-4.550437469632570675e+00,-8.301501747618877047e+00,-1.396309239172753536e+01,-1.064947251418164598e+01,-6.970761663358629789e+00,-7.439568785538200224e+00,-4.490861649778742581e+00,-4.243297337218479015e+00,-6.190843491367142626e+00,-9.789350390548014147e+00,-5.143937144392944916e+00,-3.369124827508366948e+00,-5.255420403681226205e+00,-4.929620078622669155e+00,-8.218935384436418801e+00,-8.979149540417067143e+00,-1.088944703249531010e+01,-6.745525156851601700e+00,-6.408383962136643852e+00,-1.175514560801382302e+01,-1.309242103618519870e+01,-7.031321187738243772e+00,-6.060217117990246649e+00,-6.623605281541138368e+00,-4.469135510180685777e+00,-7.105144791816937477e+00,-9.381344636432997319e+00,-9.298910457896822024e+00,-1.140576301230729150e+01,-1.543152287397675870e+01,-1.476416371660378068e+01,-1.150086985744592738e+01,-9.496395505566633588e+00,-6.880287503974710894e+00,-7.974517515513918298e+00,-8.030814326189316787e+00,-6.604443998387054648e+00,-2.106242809042988551e+00,-1.597595131301760008e+00,-4.093098155514315550e+00,-9.703666307373357114e+00,-8.817723978566759158e+00,-9.894511181889599882e+00,-1.155125280304719482e+01,-7.058412002698156051e+00,-2.541660026949297269e+00,-2.682154290248348616e+00,-6.886991462748468962e+00,-1.271895626460322859e+01,-1.319697181527851271e+01,-1.353935149107270597e+01,-1.336749151462817053e+01,-1.213239417048811042e+01,-1.141161882922849635e+01,-9.553286424688710810e+00,-9.037187758861607634e+00,-1.221343147117672956e+01,-1.344477152551403520e+01,-1.116658370640441689e+01,-1.066459905418730791e+01,-1.324288899843929457e+01,-1.497599366330008408e+01,-1.016754695568375944e+01,-8.608271032344294582e+00,-1.267993994660049850e+01,-1.399605467938284775e+01,-1.077545974636805859e+01,-1.196704184963502904e+01,-1.158100049277298282e+01,-1.136332021301029371e+01,-1.146555382980190174e+01,-7.216739670693419484e+00,-8.026051700115203857e+00,-8.245960586171113604e+00,-9.014623928616064319e+00,-8.256400918801322319e+00,-1.164787132071174725e+01
-1.689481231638493597e+01,-1.635244485804143011e+01,-1.577009592438472119e+01,-1.303341135359902481e+01,-1.405496230562224724e+01,-1.738398490789282391e+01,-1.806738356916049071e+01,-1.394672588037170513e+01,-5.006267244387275994e+00,-2.162665537313890329e+00,-5.025703349093842753e+00,-9.580335292737675701e+00,-9.286598656639343474e+00,-9.149231573780074456e+00,-7.336252123291625793e+00,-3.576902404232021659e+00,-4.219995019756140664e+00,-7.940196713724152033e+00,-7.978955193785310485e+00,-4.187660866524519854e+00,-2.716563400524519167e+00,-3.352629413357704813e+00,-4.471426459829117128e+00,-7.734356921734928392e+00,-9.094314162740269936e+00,-1.203024596274467761e+01,-7.418318464555813563e+00,-6.594752510540358159e+00,-1.131281123725512572e+01,-1.445193212905912894e+01,-1.157477587597970725e+01,-9.434155463621390680e+00,-6.176789904709990786e+00,-5.086605207525364492e+00,-8.013681744900710058e+00,-7.636165326446977097e+00,-7.967282289539584283e+00,-7.874463684995523849e+00,-1.154718372134762028e+01,-1.447375999334204266e+01,-1.288366235121515935e+01,-7.650543467859730384e+00,-2.168082330418121373e+00,-1.945425734016333452e+00,-3.287602543231688212e+00,-3.431854105078195882e+00,-4.061211059124116396e+00,-7.762954955115000999e+00,-6.484009841044668043e+00,-9.897961098274201674e+00,-8.300750263660917838e+00,-6.184282994907320585e+00,-7.368432357928623055e+00,-4.952906340588140388e+00,-4.860121927703979772e+00,-8.210814248429226581e+00,-1.277588460474978937e+01,-1.474892506253628355e+01,-1.191916568861662817e+01,-1.280675423873289809e+01,-1.052841192529401759e+01,-1.108374194266231960e+01,-9.353534929169953216e+00,-5.622050696088157551e+00,-4.832458120322864481e+00,-7.869260167631939140e+00,-1.172372113407113225e+01,-1.210416542437240395e+01,-1.500882656792648007e+01,-1.764209822480005130e+01,-1.355789543244674888e+01,-9.298313847707428081e+00,-9.142713635932398830e+00,-1.163115095546227451e+01,-1.129195170684625182e+01,-9.395017598421519622e+00,-1.060165262040291090e+01,-1.104152223490576645e+01,-6.627327644618100422e+00,-5.571287632189696915e+00,-4.215537386981926815e+00,-6.765689924430414948e+00,-8.939274302392288263e+00,-8.196312124947555233e+00,-5.379329711852865792e+00,-6.509340713980771298e+00
-1.779729674853213695e+01,-1.586567542798646535e+01,-1.429856056930454677e+01,-1.225618279708250746e+01,-1.254327941259355050e+01,-1.407686153440985066e+01,-1.430254094655277086e+01,-1.198749887101522837e+01,-4.256641564890742302e+00,-1.400928399607340058e+00,-3.160139526503572771e+00,-9.067084869355646504e+00,-1.508611711609454531e+01,-1.212128147187123695e+01,-6.538795900708846531e+00,-6.318588808520149591e+00,-1.100016285860128917e+01,-1.132835041612159266e+01,-1.005396372330097776e+01,-9.673791022274558671e+00,-1.246171845563950331e+00,1.072712452678304951e+00,-1.923248407306089147e+00,-7.215850165213337775e+00,-5.896006809504887869e+00,-6.809850694967135354e+00,-6.015461245793422229e+00,-8.126468294904432454e+00,-1.313580285046846896e+01,-1.404179055272167886e+01,-1.172244058128531741e+01,-1.169084437384860209e+01,-9.725470277644296502e+00,-4.919618048797581800e+00,-3.548286386509603485e+00,-5.911197110697741230e+00,-8.585800162480987652e+00,-6.914061713878434823e+00,-9.385384457711955619e+00,-9.650435866517874217e+00,-7.395635960952428256e+00,-4.769989216730411208e+00,-1.633817585734366196e+00,-3.525645405704596502e+00,-6.234599753731741245e+00,-7.445748394340959031e+00,-6.984805891816397327e+00,-1.193814822405804144e+01,-1.100945984145612222e+01,-7.552158069519596673e+00,-5.084198922075274574e+00,-4.706156357546969815e+00,-5.816661783673565900e+00,-4.420305709038213848e+00,-8.885212536076553036e+00,-1.472473555985297899e+01,-1.404288591683365972e+01,-1.184383341738285900e+01,-8.255347204060500488e+00,-9.390155306299224236e+00,-9.448040505401960942e+00,-9.567978004917844004e+00,-8.831128019299216092e+00,-9.466627120801055284e+00,-6.205501800530966783e+00,-7.264807058654668914e+00,-1.008726769492371389e+01,-9.611264833739696201e+00,-1.329296845106678227e+01,-1.805894762414102317e+01,-1.191342183560815471e+01,-6.962453800075836696e+00,-7.149131586988463738e+00,-8.890906299940729340e+00,-6.782933395327502168e+00,-8.470469670476861168e+00,-1.044161121774720868e+01,-1.002959453756743180e+01,-5.598466151678323399e+00,-3.462191338478481040e+00,-3.101634542939416761e+00,-6.373899205651788691e+00,-7.790209103631609011e+00,-8.116939115238496427e+00,-5.697526186505574408e+00,-8.039817581422456172e+00
-1.619408410196085768e+01,-1.469877351695344636e+01,-1.507048988888281826e+01,-1.322381149266512423e+01,-1.279155199900838191e+01,-1.491259040268322877e+01,-1.550865287953660676e+01,-1.259923263474275146e+01,-8.467687343894183982e+00,-6.215297760479223221e+00,-9.023215650914961472e+00,-1.281627795373210432e+01,-1.529857120077118537e+01,-1.405927758280699713e+01,-1.011646957797858626e+01,-8.907243246340570408e+00,-1.254356319531229680e+01,-1.127221566501236971e+01,-1.089277479584321640e+01,-1.080964576128784849e+01,-2.202500518731318024e+00,8.726548394792578156e-01,-6.258161868206900680e-01,-4.140961880774051806e+00,-5.647618762288555416e+00,-5.997969427967145606e+00,-6.616988782507886135e+00,-8.884839317228161448e+00,-9.488797441748760164e+00,-1.059621498670308171e+01,-8.911472279847268751e+00,-7.725952936393272630e+00,-9.863977815216506073e+00,-5.640974282251514538e+00,-2.809754506073437241e+00,-5.562139139631550044e+00,-9.753595238878526530e+00,-9.764323532126331529e+00,-1.244346171936006051e+01,-9.513926059690140491e+00,-3.190814136504817711e+00,-3.285312580241544489e-01,-1.950280777749228589e+00,-6.607610671359775090e+00,-6.878725156074262159e+00,-8.943933053425590529e+00,-7.109145158574781576e+00,-8.397047750139964961e+00,-1.169488837245766355e+01,-9.373448556616105876e+00,-3.446061593345330909e+00,-3.016072708230469246e+00,-5.027044481135733989e+00,-3.722196103734824568e+00,-6.142697996026232232e+00,-1.024102035207489081e+01,-7.771808521146708060e+00,-4.610259237262875232e+00,-3.919085232469871727e+00,-6.873612935704584537e+00,-8.218618182728478772e+00,-8.722944831432959845e+00,-8.216557454630619262e+00,-9.819346436278054924e+00,-7.094077780274034239e+00,-6.754003706068255397e+00,-9.685622541902175087e+00,-1.133951022424770727e+01,-1.146757353011888370e+01,-1.437094461076132212e+01,-1.294769818000211004e+01,-8.654923046021970379e+00,-8.549913941903879433e+00,-8.200916706036975867e+00,-3.421568912798752304e+00,-2.773186319264052901e+00,-3.939294996827783724e+00,-4.626602034809873309e+00,-5.332507613534462898e+00,-8.465780567717276384e+00,-8.079274935676282965e+00,-1.024979673155391424e+01,-1.074113456757014085e+01,-4.816120318535231704e+00,-3.935497595438065321e+00,-8.626506465536946777e+00
-1.177298572181745406e+01,-1.156982002231000983e+01,-1.350361724891735449e+01,-1.117392582338274920e+01,-1.203408142310062523e+01,-1.624622737633362846e+01,-1.813102106829635929e+01,-1.718088302380256138e+01,-1.326011958650050282e+01,-9.559437759732471562e+00,-1.017348920343486363e+01,-1.012001786352568899e+01,-1.147332121829950147e+01,-1.342592623852591416e+01,-1.379676433237454347e+01,-1.060924646827100837e+01,-1.016426827468489869e+01,-1.046536069369043176e+01,-1.137952050475673893e+01,-9.958593087910696084e+00,-4.035083272714764746e+00,-3.681555474868885458e+00,-3.953333677709784943e+00,-8.529110780369689726e-01,-1.270462326192806302e+00,-2.421933599461566722e+00,-5.941184081122961480e+00,-4.987898657759580523e+00,-2.457367579926352796e+00,-3.921444400434048294e+00,-2.955423493147116609e+00,-3.362692472055725190e+00,-6.532329976613782563e+00,-4.411737615391896128e+00,-6.118797076396814916e+00,-8.489464797363936555e+00,-8.328547095524445609e+00,-8.433452294073031652e+00,-1.024611647631830813e+01,-9.520877292024270133e+00,-5.395644479084632295e+00,-2.308798539939243888e+00,-4.440847361014661487e+00,-6.890571798688468697e+00,-7.706818574143730061e+00,-6.558032693184968842e+00,-4.607334115869500479e+00,-6.536827702786176530e+00,-1.275728680159299344e+01,-1.145546879659172212e+01,-6.074528534221284914e+00,-4.727955654789586681e+00,-6.086090531969755801e+00,-4.386975830563038414e+00,-6.804577426899593995e+00,-4.783945775839663739e+00,-2.945537517751915413e+00,-4.929963700615495270e+00,-3.248268537372635212e+00,-2.405571146468269195e+00,-5.007329929069054053e+00,-4.564105615656083970e+00,-4.630854750180062318e+00,-7.281293578715177794e+00,-6.797042776666979869e+00,-8.941631898056460415e+00,-1.075875105612150584e+01,-1.199035672255869933e+01,-1.266739361347872261e+01,-1.142733218495286174e+01,-1.131381173245430993e+01,-8.626306303527973895e+00,-9.506047525933681186e+00,-1.125514668612989766e+01,-5.113015814933158154e+00,-3.650102100024916751e+00,-5.886466390352081746e+00,-5.192024073589287525e+00,-7.208677745729912267e+00,-9.032008131041781240e+00,-9.755857433754069774e+00,-1.273994553316640577e+01,-1.289180726404408439e+01,-6.278922395467872342e+00,-4.622759967132378911e+00,-8.264583656806072653e+00
-1.055562533517830204e+01,-7.491377628770948149e+00,-7.651591192675001096e+00,-8.923418850616643638e+00,-1.189660678917670111e+01,-1.550820470356759273e+01,-1.745911025090981994e+01,-1.676355504625626125e+01,-1.307748433970312973e+01,-9.475991744121522231e+00,-1.071492410786734339e+01,-1.120347695587245518e+01,-1.096846693981694898e+01,-1.365519402591326781e+01,-1.411805047379195166e+01,-1.079676503739284144e+01,-7.686039964718218265e+00,-8.505148869206887952e+00,-1.350182925869945372e+01,-1.071089414026026532e+01,-5.926683878739371636e+00,-5.482321880672496484e+00,-7.992694136466234056e+00,-4.972073145481119560e+00,-3.802247586276183089e+00,-6.239164280895328929e+00,-8.985310599662875930e+00,-4.731151989319909212e+00,-2.863701240250215108e+00,-5.034749612041556688e+00,-2.545530835043937401e+00,-1.554331778787487073e+00,-3.307790588370687956e+00,-5.477361216757247853e+00,-1.172901913694298059e+01,-1.089577230402510111e+01,-6.037243187768768671e+00,-7.012610978752602087e+00,-7.827958547090756447e+00,-5.177613334232614051e+00,-3.310744051496278040e+00,-4.867084480068497143e+00,-1.096937364039103713e+01,-1.178121851452889324e+01,-1.125202722392464416e+01,-4.948003716297618482e+00,-3.892073719540098953e+00,-8.209716689836888293e+00,-1.237251661215972831e+01,-9.828933031760326955e+00,-7.277454158881295321e+00,-6.985223864894787305e+00,-2.801280880376664673e+00,-2.372104554065638471e+00,-7.146684986777347426e+00,-7.099206882976848654e+00,-3.842912010231787523e+00,-5.029005075794224844e+00,-6.133995834965515037e+00,-5.045940229905598429e+00,-5.477624086691564642e+00,-4.496368061390328741e+00,-4.929631273070250508e+00,-8.576739195137077942e+00,-1.001897444138090165e+01,-7.121741392855881259e+00,-5.523971547557481543e+00,-3.937829986259737680e+00,-5.741841202450383541e+00,-6.528908316451231819e+00,-4.563384410096972488e+00,-3.980851124140313058e+00,-7.187048426288969338e+00,-1.306256727796076333e+01,-8.078436958994574368e+00,-5.022088797016509787e+00,-7.295188735232098765e+00,-1.025681907871297227e+01,-1.182196414538922191e+01,-1.353788405019818342e+01,-1.319840530721285887e+01,-1.459858370828264462e+01,-1.384910213452486616e+01,-8.610962728052648174e+00,-7.517599645859867508e+00,-1.185651659379706047e+01
-1.106360593028650996e+01,-7.449196494433261151e+00,-8.708635464196897047e+00,-1.305903643369674683e+01,-1.407561751074008427e+01,-1.503865707989867495e+01,-1.480197662251596213e+01,-1.398860168144220673e+01,-1.308883300105124015e+01,-1.319029956669297832e+01,-1.147296069778558802e+01,-8.897057150952688787e+00,-9.206294858728655939e+00,-1.207698551844094581e+01,-1.392582684072829302e+01,-1.334320722679600379e+01,-1.229356687294162853e+01,-9.824927737779972858e+00,-9.444976950192270237e+00,-7.263655607314880136e+00,-4.802285706190719594e+00,-6.241579765923150447e+00,-1.156183662521475064e+01,-8.856961785950733912e+00,-8.271502547881624423e+00,-1.150274879247206172e+01,-1.162600732089965838e+01,-5.967501230594765893e+00,-4.794572536367923021e+00,-7.935848143947033861e+00,-7.753263702360159826e+00,-7.424645623699619890e+00,-9.122178643621959182e+00,-8.644184555886811339e+00,-1.294292956732839173e+01,-1.049751392348122003e+01,-6.679849067887731806e+00,-5.788323345718521473e+00,-5.668552662366788120e+00,-5.732972846828571889e+00,-4.435388912910324777e+00,-3.119788481096758215e+00,-6.129138124843646729e+00,-8.053567769759483852e+00,-7.683581371912519664e+00,-5.744342392907683781e+00,-6.578379365878592289e+00,-8.546548460976341133e+00,-6.328333029139588284e+00,-4.122570527267805929e+00,-3.728025865778398007e+00,-4.997950111291875608e+00,-4.515909859008166549e+00,-1.970649100826095124e+00,-3.126660619843715683e+00,-5.538439800131014223e+00,-7.016810297226633075e+00,-7.411335472458305595e+00,-6.944706812465406998e+00,-8.407887390551676887e+00,-4.954366560787218710e+00,-4.058545432532942421e+00,-7.861887868465357698e+00,-1.327994889430417302e+01,-1.264924799963718094e+01,-8.699955977783858430e+00,-2.384487007171198325e+00,-8.681711820638490229e-01,-4.554912224867850412e+00,-8.355717057205794163e+00,-8.178612910509677647e+00,-5.055198557081255650e+00,-4.356357374406270466e+00,-9.305354122868703115e+00,-8.687559131101014742e+00,-4.948366925945036243e+00,-7.290117691832644020e+00,-1.363824839651129572e+01,-1.405672883964676956e+01,-1.090596664566120033e+01,-1.111122151310662254e+01,-1.226675975607096625e+01,-1.184329786444552113e+01,-8.132713541870169038e+00,-7.529680856315148496e+00,-1.241167236585880929e+01
-1.280039074854882664e+01,-1.144008664661691377e+01,-1.322510797300070351e+01,-1.345496650597521437e+01,-1.156488047659624563e+01,-1.190055437920657688e+01,-1.091999984367658172e+01,-1.028450103263363502e+01,-1.295284271410858423e+01,-1.451116332787138852e+01,-9.833780639044201521e+00,-7.107766605970513574e+00,-8.836591801001825175e+00,-1.286303246009895851e+01,-1.402218346445615005e+01,-1.383885756316985827e+01,-1.256470431332682658e+01,-1.073600755560830322e+01,-1.171334333683698148e+01,-1.041541604800078780e+01,-9.888980999588966370e+00,-1.149840239896119165e+01,-1.171315389962596676e+01,-9.202556171148787101e+00,-8.622450503918789977e+00,-8.939418845390544988e+00,-7.702292315917842913e+00,-6.484655446536440770e+00,-9.524687464000614057e+00,-9.755716145948598594e+00,-8.170454083828127878e+00,-6.883874119878630182e+00,-9.280169975936754412e+00,-1.050986339642403244e+01,-1.000285873408535942e+01,-8.438059262465685606e+00,-9.431866624129524368e+00,-9.402105466647514120e+00,-7.676065785170511191e+00,-9.563209222018263844e+00,-7.954889777507490933e+00,-3.779241883007539382e+00,-5.190173670734840705e+00,-9.644418711710066816e+00,-8.297342881560325623e+00,-8.008971327503445536e+00,-7.366973594456683649e+00,-4.428354205577883285e+00,-3.396983465453954576e+00,-5.394839904875359693e+00,-5.841291540017962802e+00,-4.363500380376708954e+00,-5.698401589284274316e+00,-4.526350981990437283e+00,-7.036888904320360183e+00,-6.581578849823718436e+00,-5.943328808054669565e+00,-5.361272784860632079e+00,-5.603256297588147916e+00,-9.477528060708223734e+00,-1.045628260149983113e+01,-8.397216168758353305e+00,-7.611215045320168571e+00,-1.110690187600277845e+01,-1.059479299773469307e+01,-9.418341739515540212e+00,-4.375630455823857012e+00,-4.193978455900534641e+00,-7.056281916427475487e+00,-8.672586497701420427e+00,-1.002332240631732851e+01,-9.331058738113359396e+00,-5.306253503752119016e+00,-3.852254531189856390e+00,-4.318808340663019329e+00,-4.548350366131040268e+00,-1.006427390884807060e+01,-1.498267682601932371e+01,-1.276363067658802919e+01,-9.367803590102049327e+00,-6.894214167280961369e+00,-5.667910196996144734e+00,-7.761829054765119196e+00,-9.028944845929855134e+00,-6.667820828092348329e+00,-8.530262504142658742e+00
-1.350651173157091378e+01,-1.464276177834235959e+01,-1.501488415760393380e+01,-1.198726396751767886e+01,-1.167885981326681133e+01,-1.340591715082867452e+01,-8.996687524646292289e+00,-7.440582142559853729e+00,-1.028933995922330702e+01,-1.200369587318815334e+01,-1.198060634027000582e+01,-7.214078398300547867e+00,-6.571907945098142356e+00,-8.678893371463844986e+00,-1.064226746152489156e+01,-1.063361286411758577e+01,-7.581034506948394203e+00,-7.984708467929425346e+00,-1.240379598927293081e+01,-1.309027109276645540e+01,-1.422098927836836779e+01,-1.404915924877895250e+01,-1.028929927097704500e+01,-1.083664239817903230e+01,-1.400783226439970974e+01,-1.189007679657399130e+01,-8.846010324051105655e+00,-6.919953235574350714e+00,-9.363144853301630377e+00,-9.002927121997789328e+00,-4.066809812978350536e+00,-2.728750635711618244e+00,-6.425221460025388076e+00,-8.451427071319736584e+00,-4.287448731727386608e+00,-3.458479760278670323e+00,-6.345614459480244385e+00,-9.763621400444561615e+00,-8.260427377719915754e+00,-7.041829496984661318e+00,-6.246831706117657035e+00,-3.081489815058556125e+00,-4.048872035786549972e+00,-9.277234959115721935e+00,-1.131692810458991438e+01,-7.437289304199508067e+00,-4.803785493426763864e+00,-6.153917584475840918e+00,-6.383333113286217220e+00,-4.603001929364586964e+00,-6.304207522990822099e+00,-7.506937545788197497e+00,-4.413247804093451521e+00,-5.504469045388106885e+00,-1.091513156316435129e+01,-1.154980581168454989e+01,-1.047521746431598189e+01,-5.454873683329187983e+00,-3.941672406699650466e+00,-5.907619968554332246e+00,-7.615169877229073236e+00,-7.437530027617138551e+00,-9.275828747121432016e+00,-8.455615279470919177e+00,-6.999364482544589983e+00,-6.788333781177305681e+00,-5.928676655501809556e+00,-9.259361375340096956e+00,-1.017722376390495320e+01,-6.476743859544623838e+00,-6.273188184143420720e+00,-8.492687093496556372e+00,-8.664494544537809873e+00,-5.018900229465856455e+00,-2.061578020124646304e+00,-4.680391809954628002e+00,-1.260324856798157356e+01,-1.430607095439669507e+01,-1.202977434187445027e+01,-1.216557034355311018e+01,-1.256814031240366880e+01,-8.208197350379164092e+00,-6.726923876008346070e+00,-9.282014655589147623e+00,-7.445329869549920154e+00,-7.367155050901510904e+00
-1.052464263675777012e+01,-1.182395880899697715e+01,-1.205223655576981123e+01,-1.080791245013447011e+01,-1.257964679485058923e+01,-1.336212280870393876e+01,-1.135975247166538971e+01,-9.215355045894401798e+00,-7.860408799026076032e+00,-9.624326252869067844e+00,-1.195628832749851789e+01,-6.367612291742400288e+00,-2.477604642066192131e+00,-2.294789267522380438e+00,-5.615304329404109396e+00,-8.802198882662613855e+00,-7.330116889531944402e+00,-7.888825778060287064e+00,-7.043813377956483102e+00,-6.828738148922264273e+00,-8.393910496851130887e+00,-8.033351756120456599e+00,-7.752258021441352120e+00,-1.194986646161734534e+01,-1.606071836552547083e+01,-1.544292789484367034e+01,-1.444508324398566756e+01,-1.096758912674343378e+01,-7.355587732288559444e+00,-5.604263234791569737e+00,-1.893084425412412619e+00,-2.789893798688284576e+00,-8.168774872108270912e+00,-1.124682545326365712e+01,-5.571692339741830757e+00,-3.134500083243403346e+00,-6.574424802645586041e+00,-6.585797718434616144e+00,-5.114786851454440786e+00,-6.757617445619962027e+00,-6.991639562519907258e+00,-7.008448369523780919e+00,-5.483331961073834471e+00,-4.806032435217372445e+00,-7.870084842937138170e+00,-7.516568698230703838e+00,-5.660571617890995277e+00,-7.189445333427372908e+00,-7.488360841083162356e+00,-8.103990930253425873e+00,-6.680770088982491473e+00,-7.221598770213491392e+00,-6.350925856191693697e+00,-6.383046401422897809e+00,-9.904869053925153821e+00,-9.592186912325502135e+00,-1.270211750217749014e+01,-1.133491837172875627e+01,-9.529866138636668538e+00,-8.170445540301388476e+00,-7.943889673557559483e+00,-5.216355243015266652e+00,-6.265903025296807982e+00,-7.366606472216489898e+00,-9.075270301854336807e+00,-1.140265521808093752e+01,-8.432658183580363342e+00,-7.814411820687410248e+00,-6.397847976023686378e+00,-3.249748765853524901e+00,-4.470741762859632651e+00,-7.748017931029997030e+00,-7.943654327237452684e+00,-7.523768111693722282e+00,-3.489443462064759860e+00,-3.419071575214389647e+00,-8.178334928885499622e+00,-1.228925094858010958e+01,-1.233020373911575440e+01,-9.620032067403538889e+00,-1.052851207221623575e+01,-8.595286731721961004e+00,-7.042439568361253066e+00,-9.010206814259930752e+00,-8.607845570813893232e+00,-1.022026749174217208e+01
-4.903386307944266775e+00,-1.009796426359933719e+01,-1.285157909818732946e+01,-1.387171507621084388e+01,-1.190452801475998079e+01,-1.089616039540962511e+01,-1.205553509511110377e+01,-1.194104746689323271e+01,-1.219104808745265878e+01,-9.696185632516408859e+00,-1.021973935673937461e+01,-9.723825842831709920e+00,-8.389786639333237872e+00,-6.575603130517904127e+00,-5.880231346352068122e+00,-7.759372804626708309e+00,-1.160804624382569905e+01,-1.257793566354244774e+01,-4.116694481243585280e+00,-1.083258300596663393e+00,-2.796624083546217499e+00,-5.852481769085044583e+00,-6.366240936484302004e+00,-1.083377367519695333e+01,-1.488848462860092781e+01,-1.411625563211113388e+01,-1.451492170903135026e+01,-1.434700067591576200e+01,-1.027846935654471316e+01,-3.578959012738222700e+00,-2.760737306388620915e+00,-7.957786996002870872e+00,-1.162598386714021714e+01,-1.255022086663783121e+01,-6.939294881692141814e+00,-3.483988656072329881e+00,-4.723295440520550947e+00,-6.232022705738510915e+00,-7.403478904421092466e+00,-1.054698817758955975e+01,-1.186733990737045019e+01,-1.187350290001348618e+01,-8.910129169585140119e+00,-8.561192798307379448e+00,-6.707862245729406148e+00,-4.502624095865447096e+00,-5.629191014005709981e+00,-7.967233267904237692e+00,-6.969492495486527162e+00,-8.889607997831554087e+00,-9.441026753881050837e+00,-1.003550284444034624e+01,-1.038036935145163397e+01,-5.810954634555195675e+00,-4.039447889826793592e+00,-6.082712261340375015e+00,-1.229185182441964486e+01,-1.534595147051087771e+01,-1.441263602088198326e+01,-1.174809835691943505e+01,-9.535608820560323551e+00,-5.502090475344248333e+00,-3.734083868093959424e+00,-4.611059638763998159e+00,-8.901785724746590134e+00,-9.272651911066233765e+00,-7.205345750267382776e+00,-8.675338471095070503e+00,-8.649944855774688079e+00,-4.915433407987544356e+00,-4.828674152017151222e+00,-9.077841312603185386e+00,-1.054183279921990390e+01,-1.188777703250836559e+01,-1.091303003704502395e+01,-7.228044727120463087e+00,-6.659007009445824465e+00,-1.055254283484839384e+01,-1.242247306111887184e+01,-8.306603916615019401e+00,-7.491430440036054073e+00,-8.464474857578636602e+00,-5.759574716441504094e+00,-5.237065624523879137e+00,-8.122499226556934460e+00,-1.279088288336594204e+01
-3.875781020775209917e+00,-7.990916731817121921e+00,-1.295489587191179481e+01,-1.183225480231051208e+01,-9.917503139245829047e+00,-1.085371634728126011e+01,-9.421320587737870511e+00,-1.108084243126497981e+01,-1.222689659178313804e+01,-9.405064590986221162e+00,-1.126300433801330669e+01,-1.259250586213302370e+01,-1.209793051289579324e+01,-1.150725022401973519e+01,-1.145925885835619873e+01,-1.293922117618374656e+01,-1.119083099146835636e+01,-6.967782265470249037e+00,-3.059567176768883456e+00,-3.725094852214572594e+00,-4.623918550711068498e+00,-6.959906139560327887e+00,-7.139174349606037140e+00,-1.166162144028020009e+01,-1.454764745617640820e+01,-1.219745659617749745e+01,-1.246631867029057261e+01,-1.383297780577007963e+01,-8.694436864649258467e+00,-3.159000658090688418e+00,-3.327344778377317347e+00,-9.901183291046901758e+00,-1.397771436010153323e+01,-1.323206685983064013e+01,-9.487907315725246704e+00,-5.024054141160640974e+00,-6.382891575528579331e+00,-1.158709610577758120e+01,-1.316346973334332482e+01,-1.331748714548258405e+01,-1.194047000525760893e+01,-1.255028177690443414e+01,-9.833021635237640723e+00,-1.008487858401455028e+01,-6.731515782650645541e+00,-4.773800982290324235e+00,-7.087207407157384509e+00,-6.660720133812714217e+00,-7.523357204143811039e+00,-7.907977208864825691e+00,-6.832049153499902161e+00,-8.662319987799033782e+00,-7.823652366247340950e+00,-7.504433808265296157e+00,-5.448628439244508570e+00,-3.464103950742091875e+00,-6.767905066864216224e+00,-1.200623177609029568e+01,-1.034945552164816718e+01,-7.396954954616043132e+00,-5.796680328357993517e+00,-6.961440719777845842e+00,-9.962948201039365514e+00,-8.466893368208681991e+00,-9.725349778437433201e+00,-7.416450930034159228e+00,-5.833484906475734810e+00,-8.934770114776743100e+00,-1.134867529219855342e+01,-7.392322135534677763e+00,-7.301153976583981020e+00,-9.457248405616940801e+00,-1.068782151624816379e+01,-1.162480863320235969e+01,-1.106235199525790414e+01,-8.552520600979336862e+00,-9.265564728101701064e+00,-1.216894950291127664e+01,-1.235729762195175852e+01,-1.091650552342411196e+01,-1.223579668384472008e+01,-1.162188577859570060e+01,-8.279502976799511416e+00,-4.270896899705852512e+00,-5.088391325326337977e+00,-1.045082968309919735e+01
-6.858074178307793645e+00,-7.279425445617041746e+00,-7.939066832671866081e+00,-7.239505103995441004e+00,-1.050442121405410489e+01,-1.300390397282388300e+01,-9.953276638083785599e+00,-8.814479154015657514e+00,-7.747877706076864435e+00,-6.226577354715923995e+00,-8.686179543042001683e+00,-8.933214246984997331e+00,-7.694519893891881956e+00,-9.561333485573301871e+00,-1.361996489598323379e+01,-1.105243715410696659e+01,-5.076740891189236216e+00,-1.119582258450144696e+00,-2.621049794213818007e+00,-5.284031378638927023e+00,-4.117442407967871532e+00,-7.323409712837852581e+00,-9.012891245053241462e+00,-7.666612415311445439e+00,-7.901157469412255274e+00,-7.487930629032713448e+00,-1.069842187835628700e+01,-1.233701825387889706e+01,-6.887761069998457941e+00,-2.922970357249697226e+00,-2.985948266561910813e+00,-7.700517757305207489e+00,-1.267790856292002033e+01,-1.243799963806763031e+01,-8.035958128963519798e+00,-5.023437040152369804e+00,-6.488999172917190528e+00,-1.085588087816900504e+01,-1.493482164806110468e+01,-1.463246512293588175e+01,-1.087645794798172183e+01,-8.904898163187139559e+00,-8.471983219354719097e+00,-1.046247173138744913e+01,-7.663920005897187693e+00,-4.464026027649662609e+00,-4.476501359024888771e+00,-4.523263403633964508e+00,-7.466456897698968476e+00,-6.693972886241403408e+00,-2.489222246381713521e+00,-3.477031292167082732e+00,-9.791769635102903990e+00,-1.174765741836478661e+01,-9.385672297470897263e+00,-6.083244137928060624e+00,-4.680524794797178423e+00,-5.511386115292357779e+00,-7.270807166007980271e+00,-1.036309970767443467e+01,-1.109729469769442289e+01,-9.971362071602342780e+00,-1.035481367345529691e+01,-1.125089343051418922e+01,-1.309878281725726978e+01,-1.034022989806555692e+01,-8.452364961751772654e+00,-7.894895353162561413e+00,-8.917585146870242951e+00,-6.076768058842715980e+00,-6.123865366522364795e+00,-8.792995833855776766e+00,-7.657442535522557492e+00,-7.028609275078500751e+00,-4.192352924895391020e+00,-2.468167991096594793e+00,-4.466730953862477982e+00,-1.016718436069502118e+01,-1.226468632481139132e+01,-1.192401052055923039e+01,-1.297677131878738166e+01,-1.024916900159748501e+01,-7.461542174646645265e+00,-8.426903225652134566e+00,-8.783268443870408504e+00,-9.572038263302893313e+00
-1.304064817226115025e+01,-1.080255338098882234e+01,-8.434363809336005602e+00,-9.150436201011975967e+00,-1.300516290661260399e+01,-1.462076305376209362e+01,-1.218108388730360403e+01,-1.003240493773162889e+01,-7.279746781920886534e+00,-3.772109218528280739e+00,-5.701526092778614441e+00,-8.700027377482411950e+00,-8.488803433979512647e+00,-9.774111133168331023e+00,-1.047403465302746461e+01,-5.068942588533053240e+00,-1.081592675559914785e+00,-2.025489757353802656e+00,-4.634926528979149474e+00,-5.062128499459531916e+00,-7.465154465913545145e+00,-8.669547040271394778e+00,-1.064625082990751892e+01,-6.226661459208671978e+00,-4.006374300905425123e+00,-5.908621368105061222e+00,-9.969738140147720529e+00,-1.189536574341619790e+01,-8.137766814840430740e+00,-6.573711915588617671e+00,-7.250527197281822822e+00,-6.582713899806938329e+00,-8.650860162480300986e+00,-6.791934700021591276e+00,-5.034290114844232278e+00,-7.849801368897653120e+00,-8.331618525116271101e+00,-1.035493845469851593e+01,-1.152675887207920091e+01,-9.787048231912528706e+00,-9.959083460676589894e+00,-9.756430881396504162e+00,-7.127563570462565501e+00,-7.450700455963725766e+00,-9.439006662550772475e+00,-3.812541149673940755e+00,-7.459777447498111558e-01,-3.142728428681601294e+00,-8.168357614228742847e+00,-5.109401011832400030e+00,-1.480093271126313059e+00,-1.647342501062444731e+00,-6.636172331052028639e+00,-1.140293123658376828e+01,-1.017199499940656082e+01,-9.470310014622812744e+00,-8.201369870671795681e+00,-5.671769141027604100e+00,-9.255201739795818838e+00,-1.445080829280933266e+01,-1.483262682697586499e+01,-1.395455369810424529e+01,-1.087820367620305184e+01,-8.834981487367217667e+00,-8.665413205575852373e+00,-8.604897662584903628e+00,-1.119731668290461712e+01,-1.160197808027608701e+01,-1.080799610288600476e+01,-6.800787471999051981e+00,-4.969333201390869093e+00,-8.005878959114143711e+00,-7.920421434907626512e+00,-8.917724912602254861e+00,-8.078872659727966976e+00,-2.240120526381860877e+00,-1.587527503585620670e+00,-6.912772079405396397e+00,-1.258671208353083770e+01,-1.036564841366707057e+01,-1.041059048034122725e+01,-9.275622425687975792e+00,-8.650891184621981367e+00,-8.305281581868992902e+00,-1.037772042262154670e+01,-1.256399726846347775e+01
-1.667393989167140589e+01,-1.413049015334544301e+01,-1.113694328354060126e+01,-1.168772209873636214e+01,-1.306231391880632842e+01,-1.286547642189810325e+01,-1.253386258769012507e+01,-1.158542007822116737e+01,-6.752008530908470085e+00,-2.991537751469988571e+00,-4.322257334643704318e+00,-6.319298822471857591e+00,-7.663187486638549650e+00,-7.996039604745051932e+00,-4.623914021177515821e+00,-3.189899035572396180e+00,-5.780122507822998301e+00,-5.526109254151184480e+00,-5.341945452231715130e+00,-4.838799140239241403e+00,-5.260742601448002098e+00,-4.391441093694431252e+00,-7.012401372969652158e+00,-8.632749637489327554e+00,-7.718744293232946418e+00,-8.501253472662439137e+00,-7.487523833844270449e+00,-4.363793908874771255e+00,-3.737830453662500219e+00,-7.755850603882194605e+00,-9.862656062092090892e+00,-8.683684637528338968e+00,-8.441769836683764794e+00,-3.983654138113137400e+00,-3.643582400718334391e+00,-8.798139624610429976e+00,-8.498271940432431393e+00,-5.929180457064782139e+00,-7.387450119757754230e+00,-1.085390026234659011e+01,-9.838496369430581368e+00,-7.070487717230527380e+00,-5.861791430666815295e+00,-9.392750810405225081e+00,-9.862099826222157972e+00,-4.942327138782524720e+00,-2.212041150295097403e+00,-3.418497647013060359e+00,-6.789707434932410024e+00,-4.951299775718846163e+00,-6.712078410193665690e+00,-4.127092542220085036e+00,-3.522074545589666705e+00,-7.348331031453518847e+00,-1.163779237729902505e+01,-9.575301715634934041e+00,-6.975973975510542324e+00,-6.955345119570047530e+00,-1.120951714042488767e+01,-1.618656609836212112e+01,-1.377906843786703739e+01,-1.081154625197403263e+01,-1.048961511511668476e+01,-1.114621734499703898e+01,-6.673582996156436131e+00,-5.802822271404602716e+00,-8.501720696488636264e+00,-1.318390804631564528e+01,-1.202396687865257263e+01,-9.494767056365731150e+00,-5.264485531266181795e+00,-3.676744781413208152e+00,-5.957596884221051603e+00,-1.087627769363617425e+01,-8.979314801347165087e+00,-4.158593522327888259e+00,-3.419455409758255016e+00,-3.664597275318535186e+00,-4.855916493359014652e+00,-5.562058646935713391e+00,-3.988465792879831717e+00,-3.779003269920651498e+00,-6.303170852929857126e+00,-4.521814053552936308e+00,-5.832460210096972908e+00,-1.265178690623235980e+01
-1.645515553778364293e+01,-1.451472863105644784e+01,-9.515857937738640970e+00,-8.053042137952706625e+00,-9.394005580659500865e+00,-1.366862999118921351e+01,-1.446178373094392100e+01,-1.261610056550903103e+01,-5.945764992713131747e+00,-2.998787148656565371e+00,-5.340248264087753327e+00,-4.075828932950855688e+00,-4.336679457864574871e+00,-6.717193034982294364e+00,-5.371395174930679417e+00,-7.860317596099303472e+00,-7.470910431028038090e+00,-2.914116376831430877e+00,-3.064539186770224521e+00,-6.283247240342711315e+00,-3.380864063636861871e+00,-1.918600768522263467e+00,-3.873913220047261241e+00,-7.702428239219971218e+00,-9.343158227121385551e+00,-8.775961384177207947e+00,-6.119046810545198056e+00,-5.558885209874662614e+00,-3.753357026640695260e+00,-6.852926017339732390e+00,-9.561556764515756868e+00,-1.063840527448604156e+01,-9.654343867290565484e+00,-3.305311171597452802e+00,-1.327135103934654170e+00,-4.209008339589874303e+00,-6.877163008481036677e+00,-6.426420607696507581e+00,-6.682742691193600315e+00,-1.144701819983488811e+01,-8.095095202497399001e+00,-4.935425772751105278e+00,-6.787951613570214704e+00,-9.786462385491788041e+00,-7.968118941048800252e+00,-8.094336981119104379e+00,-5.816850102414156787e+00,-7.819975237838412419e+00,-9.497617491883517005e+00,-9.367473285631028546e+00,-6.972099199336562414e+00,-5.000245754216008365e+00,-6.692834868124252878e+00,-8.845119512149395291e+00,-7.962992286032336331e+00,-8.639312866648644729e+00,-9.619492583119004792e+00,-8.235745498507981210e+00,-1.132747751087632793e+01,-1.693680471215994388e+01,-1.470178401106186428e+01,-1.069740170763649090e+01,-9.244150909531207105e+00,-1.104482701250159948e+01,-1.138654183533810560e+01,-8.885073722219308578e+00,-8.064794655021934489e+00,-1.129365947714629925e+01,-1.078352477856492264e+01,-9.680024619946497211e+00,-5.794810827025248301e+00,-3.875733311238293233e+00,-7.148156522879846264e+00,-1.165631602064684991e+01,-9.291029316678871552e+00,-7.180588913574914578e+00,-7.741270732618015238e+00,-7.565495451030726848e+00,-7.086503348213740949e+00,-9.108761163869203870e+00,-8.366431931332321881e+00,-3.867564719621774394e+00,-3.077975103810237645e+00,-2.965197630205284263e+00,-5.281612443844325711e+00,-1.136746332868364995e+01
-1.597234375462049805e+01,-1.256080632776249395e+01,-6.745021742192729874e+00,-6.076741762386129508e+00,-1.011859233461263585e+01,-1.446795736628634366e+01,-1.421147547923881582e+01,-1.016568092876718232e+01,-5.247104280635372930e+00,-3.937726770165085100e+00,-4.519048215960017600e+00,-7.421319857346363458e-01,-1.013777534495186039e+00,-3.933581277873821946e+00,-6.326556699691724184e+00,-6.076875322732989027e+00,-2.915876232023628223e+00,-2.069160129110080515e+00,-6.720101593105604287e+00,-5.882261441672178570e+00,-3.717337354811491412e+00,-6.566591145884190794e+00,-7.440382640661302283e+00,-7.205126934834108710e+00,-1.196298770162895408e+01,-1.171475901965137290e+01,-8.209504954715949765e+00,-7.014599944642595730e+00,-4.174134978300266141e+00,-6.543933932377978380e+00,-1.095435632409826532e+01,-1.323525916631440147e+01,-1.284927506079428028e+01,-7.562913438746037720e+00,-3.554071031038059214e+00,-3.142206278035527323e+00,-5.625081584874171092e+00,-6.413778888729919636e+00,-5.238713904831359791e+00,-6.350778286935377714e+00,-6.210454792381470135e+00,-8.791000891135620776e+00,-8.550665396555391595e+00,-5.794702649386670679e+00,-2.735446222513942427e+00,-2.300615487271877146e+00,-3.612412657789558779e+00,-7.930368071118056861e+00,-9.555249021594761416e+00,-1.054190786467253638e+01,-1.026293776753067100e+01,-8.240544155524432313e+00,-8.351262388416772708e+00,-7.158369884349917278e+00,-6.427922485026580368e+00,-6.350216740159360107e+00,-5.810983983888681870e+00,-5.298570207099764673e+00,-8.453204423260256561e+00,-1.350571974224716598e+01,-1.392155748764977119e+01,-1.068219442919202322e+01,-8.663399224681423760e+00,-1.070285199332328219e+01,-9.361775098638680959e+00,-7.243813264347214620e+00,-5.766678676691673999e+00,-7.082813097576376116e+00,-1.050886556608531386e+01,-7.350466013806054910e+00,-3.484000861171974162e+00,-3.845297631359737345e+00,-7.832283047944989640e+00,-9.528478046552143255e+00,-9.509569734448694689e+00,-1.216911045558580007e+01,-1.094280762890823055e+01,-4.912411481170481764e+00,-3.371180702977945476e+00,-4.588815678362485606e+00,-6.361385264406371753e+00,-6.309478166605566152e+00,-9.318394089828579752e+00,-9.523860358675756643e+00,-9.539645157015050003e+00,-1.373732543075528234e+01
-1.551910479605652959e+01,-8.107460123380176853e+00,-5.505101451561395187e+00,-8.273881515246310769e+00,-1.386736144933081682e+01,-1.268782035451922674e+01,-9.665812159767588341e+00,-9.188548222129972132e+00,-9.505492137417993703e+00,-7.725258301915102876e+00,-4.831792631568671226e+00,1.484435108998605479e-01,2.753830790352644886e-01,-4.519785766066798161e+00,-8.733073958686290439e+00,-7.525743404566843431e+00,-5.739417889239870618e+00,-1.614706123755171197e+00,-3.032993148244519155e+00,-4.682814562154706373e+00,-8.737511267075101173e+00,-6.493313032223750447e+00,-7.054548392513098953e+00,-1.092600881183192918e+01,-1.068440091083864196e+01,-9.061308489159772606e+00,-5.380288268930015327e+00,-3.309276102320468649e+00,-3.686756606128436253e+00,-7.355769601444364980e+00,-9.658657732938650042e+00,-1.021016070088158401e+01,-1.086867902736456770e+01,-9.436120218007278737e+00,-1.034772404790180644e+01,-8.733502053332209414e+00,-6.495094711040963809e+00,-8.557778804783374937e+00,-1.057481658578146444e+01,-1.056879264567018950e+01,-1.108968939740239179e+01,-1.095370032280001027e+01,-1.227536669231325561e+01,-1.163035066964687658e+01,-5.298030425598027726e+00,-2.547129060196839490e+00,-4.929386806041571312e+00,-1.168482529187534169e+01,-9.828361065958747034e+00,-7.177481540748920530e+00,-7.638131630073749179e+00,-7.359232521162702767e+00,-8.311539834806026761e+00,-5.840156078395497552e+00,-6.246204512961607058e+00,-6.286506983927425907e+00,-4.837459164237930764e+00,-5.421128374695038943e+00,-4.949706935447299117e+00,-7.672239628855053617e+00,-1.128014533344002146e+01,-1.007330236900668829e+01,-6.936398348962987903e+00,-9.153382772821506919e+00,-6.474775771156997095e+00,-4.011388495052588432e+00,-7.151108677335481723e+00,-6.279103950092583375e+00,-6.558722186520809849e+00,-9.030069831673426251e+00,-6.275059025635131960e+00,-7.192321490266232686e+00,-6.311370776667621918e+00,-3.932552137559649275e+00,-4.847988204272138724e+00,-9.770351486692902654e+00,-1.313951241606064357e+01,-7.344304744566556131e+00,-1.468106784345937665e+00,-1.065494194378870274e+00,-6.004242936817516529e+00,-7.607042595187827771e+00,-9.592726065926537871e+00,-1.336798683457247172e+01,-1.336164438275208077e+01,-1.455633870449685041e+01
-1.187133916791613863e+01,-4.924627388466704225e+00,-3.244476827185308832e+00,-5.880134118848856950e+00,-1.062793536956301210e+01,-1.133331245486091277e+01,-1.027939661398871252e+01,-1.130765423383421542e+01,-1.113753966748259394e+01,-7.352527806265208632e+00,-6.478857155220995701e+00,-1.791005231383192564e+00,-1.805092828893031687e+00,-7.878742253448770327e+00,-1.002392086978177055e+01,-1.079259863427577137e+01,-3.532202181429424659e+00,5.508196199817568806e-01,-1.030995713781480028e+00,-8.529576322682315137e+00,-1.059426369614728536e+01,-5.304740776814420578e+00,-4.333869377975814174e+00,-6.432337383903164785e+00,-8.018941422057061175e+00,-8.183299789560660287e+00,-9.769500500231071527e+00,-9.273548912871913075e+00,-9.617111603352631377e+00,-8.589955981564886045e+00,-4.626824546555583062e+00,-3.622870983698099678e+00,-5.814691129179657025e+00,-9.868522053854611897e+00,-8.215315034513482217e+00,-8.071153019220774993e+00,-1.250074264427064108e+01,-1.232713920617376502e+01,-1.089767945921830616e+01,-1.042196585272104770e+01,-9.288369234017263665e+00,-7.997005216165922192e+00,-1.073394988619416779e+01,-1.469514594778759786e+01,-1.100296119498159975e+01,-7.376774041501108492e+00,-7.429707575859572977e+00,-9.922184346883579309e+00,-1.058067765399699844e+01,-5.028780943685644544e+00,-3.335507626652376434e+00,-6.540440939117990737e+00,-1.049344509646637746e+01,-9.056802313860135456e+00,-8.889164783096097366e+00,-8.252825175006767822e+00,-8.129239764377361510e+00,-8.074095565939449770e+00,-5.752173290396009442e+00,-8.086374691310728835e+00,-1.019521925239006244e+01,-8.350558136063733983e+00,-4.426605211912106874e+00,-5.091285311648949374e+00,-5.209710559999670032e+00,-3.427580778266637207e+00,-4.819992300373136196e+00,-6.540594933327031235e+00,-7.549604331962551207e+00,-6.763970668540506992e+00,-5.536451820341002694e+00,-6.381607238288599326e+00,-9.035993774940493495e+00,-6.080422050433361036e+00,-6.656682184605880792e+00,-8.043972212451560466e+00,-8.066423782888614724e+00,-7.711907066358608454e+00,-4.521595666087268484e+00,-5.009262971441396317e+00,-4.329346531362251227e+00,-4.649262942722109493e+00,-5.233918023700932842e+00,-9.989671035122325904e+00,-1.342458180741954443e+01,-1.536369562808793887e+01
-8.028613216549386422e+00,-4.160232189037651906e+00,-5.061902064702096915e+00,-7.726618238276880213e+00,-8.724309316573252815e+00,-1.384439783423911585e+01,-1.571450448047568749e+01,-1.166738615133835211e+01,-8.101573083435988920e+00,-4.483811590379771950e+00,-3.428708602519677573e+00,-8.824621582362012218e-01,-1.925567256189875565e+00,-7.753593127790639805e+00,-1.109286347821440266e+01,-9.175780850398631117e+00,-3.574863832685669873e+00,-2.949370847320013644e-01,-2.438286048432150910e+00,-1.103663537401051897e+01,-1.164943205806931381e+01,-1.066999412487253807e+01,-9.679495149611971883e+00,-8.596521726318897549e+00,-8.776322431130093804e+00,-8.309775109547688388e+00,-8.504855748621448441e+00,-1.213136013136565161e+01,-1.158647692732456136e+01,-1.006982349462181503e+01,-9.349454193937642543e+00,-6.396918589704250202e+00,-7.319924727451938118e+00,-6.864728420489389471e+00,-4.212830585946563566e+00,-5.151866791704100557e+00,-8.906028937491523578e+00,-1.049177921043339268e+01,-7.061480618401906995e+00,-7.154353136034995231e+00,-6.358886403333793957e+00,-3.507207004189667021e+00,-5.321343359985310606e+00,-1.071667580698965239e+01,-8.702774373970868282e+00,-9.248962919220669932e+00,-1.002666640554675581e+01,-1.038718792818884751e+01,-8.811421255403347530e+00,-6.609138997797747273e+00,-7.280971416933391005e+00,-7.899036562454154087e+00,-1.252985765392543627e+01,-1.642852780200142959e+01,-1.735314939313262528e+01,-1.670948654549722434e+01,-1.491604058410375089e+01,-7.170946312997177330e+00,-4.079616891932922762e+00,-6.026861990119494195e+00,-8.084553726984344380e+00,-4.526357473441193768e+00,-3.293196433321537331e+00,-7.041175274363228098e+00,-9.938207320357097529e+00,-1.079969718438068504e+01,-1.240807729731989184e+01,-9.810603291592524755e+00,-8.733130037059424922e+00,-3.759154219386516171e+00,-3.472042223445729991e+00,-9.231183434146961631e+00,-1.027227234385395782e+01,-7.238177964364298944e+00,-4.722264328329443650e+00,-5.746486910938761739e+00,-5.299231262052900959e+00,-4.763950258898655754e+00,-4.273711135610938072e+00,-6.064339232296888760e+00,-5.922479802301821472e+00,-6.941545362065311586e+00,-4.415839794916562866e+00,-4.088540169346423170e+00,-7.663899841625954501e+00,-1.141084201099308437e+01
-9.804625417667491405e+00,-6.869680081273763506e+00,-9.470475776448049388e+00,-1.356736748659883673e+01,-1.548215486587003831e+01,-1.642726422345820225e+01,-1.565897968365945836e+01,-8.830692773556890529e+00,-3.351636239327490330e+00,-1.766491856564688101e+00,-4.285068609215006319e+00,-2.419527075404500349e-01,5.640589063533916203e-01,-3.735820410865579255e+00,-7.405218734757847088e+00,-1.131098725515922432e+01,-6.524165840818588968e+00,-1.544883191498451547e+00,-2.961426939201880604e+00,-1.097926239111951219e+01,-1.668437733495508368e+01,-1.771097354488518505e+01,-1.724207217274731363e+01,-1.307148210601952165e+01,-5.826320879417293597e+00,-3.112325621681742760e+00,-4.181591572766085285e+00,-8.184821310559756924e+00,-8.562924468107805609e+00,-9.458953908381571907e+00,-1.132030169097066796e+01,-1.128642636423802514e+01,-1.387030402622150049e+01,-1.040537675623675362e+01,-7.645841339830565353e+00,-9.987390304567249188e+00,-8.221463508050860014e+00,-5.388010392342303057e+00,-3.408340627320451954e+00,-2.709124625057963254e+00,-2.166190171856895219e+00,-4.252220571353917400e+00,-4.728030684510715176e+00,-5.990514823299555758e+00,-5.452614511206802739e+00,-3.348403175823561284e+00,-4.438350430933247104e+00,-9.542750886947144906e+00,-7.931194757484610669e+00,-6.485231886824010417e+00,-8.269863280318393350e+00,-7.542220581294470705e+00,-1.214082328463328686e+01,-1.813096822127130991e+01,-1.785992174203159166e+01,-1.662864124683933298e+01,-1.386374218682296444e+01,-7.655187430272575533e+00,-6.655617649233295907e+00,-8.353714755407484205e+00,-1.291126752863744720e+01,-1.112392439613943473e+01,-6.518987712628058873e+00,-7.348462267288270233e+00,-1.200953609160794500e+01,-1.266358614559391960e+01,-1.169363617942533473e+01,-7.252369832080426626e+00,-2.827357352825009773e+00,-1.823418740078807776e+00,-5.660414474088527825e+00,-1.081704226431955895e+01,-9.410522320457086920e+00,-6.528701952168050049e+00,-7.113102596381124521e+00,-7.312745334310386092e+00,-9.362094711473226027e+00,-1.207602133573466574e+01,-9.529785670510685591e+00,-6.811385802526510602e+00,-6.071020164420358967e+00,-5.261020207024030171e+00,-4.594526743971322880e+00,-6.443932810016260504e+00,-1.107074333420236556e+01,-1.082020550943513015e+01
-8.775726760161742135e+00,-4.222960838607249023e+00,-5.177946811668994620e+00,-1.107771107409405431e+01,-1.441907473147370489e+01,-1.666087283705936883e+01,-1.448028549074216720e+01,-1.265847855726726223e+01,-6.878157459640207527e+00,-5.155391737447255096e+00,-2.801520329524179953e+00,2.415945003139750913e+00,2.469576751852393670e+00,-2.176704089112849960e+00,-5.511656130145069277e+00,-8.189139606274721928e+00,-3.075457279594838944e+00,-1.328517725221983470e-01,-2.145465064884469086e+00,-1.033975809858045558e+01,-1.402750710676644630e+01,-1.213843760781615799e+01,-1.070420829428516285e+01,-7.934111195552439710e+00,-8.306370978094353319e+00,-5.449109763134527107e+00,-4.394538198645717486e+00,-8.839377983835817076e+00,-9.872215002775192261e+00,-9.389614896806142141e+00,-1.212628069815744958e+01,-1.066326156872829323e+01,-1.078772052468461773e+01,-8.047542913155702138e+00,-6.236430920944869172e+00,-9.181465782282007382e+00,-1.183142224113449714e+01,-8.002813159736968274e+00,-7.717266300287922043e+00,-6.921470046887629124e+00,-4.145074454221505000e+00,-5.359045724775500119e+00,-4.204247731408406352e+00,-4.172523017290211911e+00,-4.696392365493136545e+00,-4.475134574977026602e+00,-4.354372931662093826e+00,-7.233986123600079310e+00,-6.335615338658103113e+00,-2.024681712055528937e+00,-1.356875228862640670e+00,-4.148748866058459051e+00,-1.084666781252577117e+01,-1.312872114060944284e+01,-1.173319684702704002e+01,-9.222117768373085056e+00,-7.674645421386674826e+00,-1.100578918871078749e+01,-1.513320435944745590e+01,-1.495718209525101017e+01,-1.360672053455851405e+01,-9.193994045204249232e+00,-3.947131500006226812e+00,-3.632569315111022767e+00,-7.904720051370504486e+00,-1.081609343981924809e+01,-8.951620681140258995e+00,-7.472841992974281311e+00,-6.509362698426000904e+00,-3.898220310648832232e+00,-7.633767495571657236e+00,-1.364447070191834754e+01,-1.129593635287903730e+01,-1.167737828206469963e+01,-1.344594846472485372e+01,-1.051257264204607722e+01,-5.941378868014359327e+00,-5.611930761443636229e+00,-6.822715295336514885e+00,-7.256233868821886368e+00,-9.323147959609068280e+00,-8.315715508905189068e+00,-9.489450158153212911e+00,-6.854891256066679261e+00,-8.198156041384653037e+00,-1.173662353244446699e+01
-1.138393021198629462e+01,-4.378141416034142530e+00,-2.239209467134587683e+00,-4.547528733547336444e+00,-9.959539994483685987e+00,-1.588824826797456247e+01,-1.714244658710392244e+01,-1.614438052486827502e+01,-8.983648646878831912e+00,-4.749833039324446560e+00,8.884256043905065514e-01,3.942053220768011457e+00,1.636440276895215984e+00,-4.094099285527139642e+00,-4.890760138687741510e+00,-7.540773693138008049e+00,-4.884630670332112956e+00,-2.689853441463392336e+00,-5.311165853442609830e+00,-9.349931181045889161e+00,-1.104561292988653420e+01,-1.136952755469402199e+01,-6.549547840734474491e+00,-3.370748388005122109e+00,-4.390925580333520095e+00,-5.765920624279111451e+00,-1.077046912863054295e+01,-1.088264739786395552e+01,-1.136572444211435595e+01,-7.522573670813145874e+00,-8.080802850823365802e+00,-1.140726546078692927e+01,-7.468021422169591084e+00,-5.014996857446341494e+00,-4.444925524592968635e+00,-8.190167981477184611e+00,-1.021725099778357304e+01,-6.979950906310714132e+00,-6.936837485159626837e+00,-9.391273199374438718e+00,-1.138577475939088224e+01,-1.074893623260951792e+01,-4.736304249344322592e+00,-1.295248244793326675e+00,-2.297842016406286270e+00,-8.386030415201005894e+00,-8.731885528177706135e+00,-1.134810900756420970e+01,-8.976427064483402773e+00,-7.523340082688271480e+00,-7.190739702707056757e+00,-5.241463368888304331e+00,-6.110977595302325760e+00,-8.039642997256672530e+00,-5.224989697052777160e+00,-2.821001146217978928e+00,-5.226805504155523252e+00,-1.287243867284469090e+01,-1.460330129943731237e+01,-1.545808651861343641e+01,-1.282440762125126277e+01,-3.843770586088100405e+00,4.062201953555265588e-01,-1.125803343429166159e-01,-4.682023637234908442e+00,-1.344764174532344292e+01,-1.377389685252240525e+01,-1.041473992089278866e+01,-9.848902469827928385e+00,-4.294815486737790344e+00,-2.718428636513622099e+00,-5.289035665724455271e+00,-7.021877412236373850e+00,-7.820446295137624126e+00,-9.548822609067872946e+00,-8.910732760229183924e+00,-5.467577049394941824e+00,-5.152707053362640899e+00,-7.841818580389705140e+00,-6.380844449723950262e+00,-8.782932993906145569e+00,-7.968680833132212094e+00,-8.162410487427965933e+00,-9.377535863516440529e+00,-9.818400724812319069e+00,-1.252479053248885954e+01
-1.518412274031238773e+01,-7.167267050906901638e+00,-5.795882959821694769e+00,-9.594129026234718083e+00,-1.275191461493950840e+01,-1.449921803278777510e+01,-1.539236834258523601e+01,-1.245906575308501196e+01,-5.860995648752272302e+00,-2.428897384168188900e+00,-1.701076479212786152e+00,3.278568641343047485e+00,2.980042534155188161e+00,-3.290368271781885401e+00,-5.924901016774580143e+00,-6.572852462757635017e+00,-1.016230639769830724e+01,-8.062739049648788736e+00,-9.580719932572531405e+00,-1.065973203191320451e+01,-1.044522265942042161e+01,-1.127564418088388720e+01,-8.950369749929159013e+00,-2.589105697924569682e+00,-2.217518545652096496e+00,-7.153913913280454118e+00,-1.064865127478847029e+01,-9.111119632047550709e+00,-8.599107422446476079e+00,-7.775755831758484504e+00,-9.586536138339807778e+00,-6.354551438531347074e+00,-5.140651995551644760e+00,-8.140963196640706556e+00,-5.760097463394849626e+00,-5.122337201382708649e+00,-6.669693320079614018e+00,-1.009167351010646563e+01,-1.196236250668991552e+01,-1.486652714150552512e+01,-1.587978662243326156e+01,-1.309627315151782412e+01,-8.722411738097212819e+00,-7.600890858984643117e+00,-4.278943259083267669e+00,-6.200655906823755004e+00,-1.138754147200184086e+01,-1.327472727626334681e+01,-9.333805070123599279e+00,-9.356008957360536726e+00,-9.359499413889782460e+00,-9.795159502566315624e+00,-6.193535130630951180e+00,-6.400191454941989377e+00,-6.453140798984593474e+00,-6.295652229186033288e+00,-5.514537236887876226e+00,-6.228604023124425737e+00,-6.206174371892031694e+00,-7.065416437353341905e+00,-5.111889620034294701e+00,-2.566837352105569181e+00,-3.263720864257668719e+00,-5.566075743151160715e+00,-8.973829315491874681e+00,-9.364522999707068251e+00,-9.311069242243888766e+00,-9.214944413713826776e+00,-1.370174393609507391e+01,-8.041668831313895538e+00,-3.775442622445580820e+00,-5.394397901627057124e+00,-1.203035066236976469e+01,-1.188929405194202538e+01,-1.359660982164262855e+01,-1.532299747539840595e+01,-1.156782878446214902e+01,-7.045442503144722757e+00,-7.910865276710677740e+00,-9.597928802475674814e+00,-7.376377292318653467e+00,-5.540204991778458599e+00,-3.536835176165514127e+00,-6.614033687959304686e+00,-1.054406283283961621e+01,-1.142029948862454347e+01
-1.322658560476230249e+01,-1.222304604185446486e+01,-1.224788196703404886e+01,-1.258745087876574686e+01,-1.286599158967724321e+01,-1.583838752480863654e+01,-1.864591225958962539e+01,-1.306799592635103835e+01,-8.830760087533533920e+00,-8.350891453960469946e+00,-4.064490233539987507e+00,2.586274648092345974e+00,3.637821412474656402e+00,-5.050288086120778841e-01,-5.904783314776443248e+00,-9.116091592607038052e+00,-9.386151852271028773e+00,-7.623067267750966103e+00,-1.100026143029445969e+01,-1.271448872562583254e+01,-1.186104122145485285e+01,-8.849267435665348458e+00,-4.607200359314225224e+00,-2.719077272216241958e+00,-6.266490874399665678e+00,-1.201345502582328884e+01,-7.570825777834153669e+00,-4.776020360101043138e+00,-7.686807390956478692e+00,-7.034950790457598302e+00,-6.046361860291293411e+00,-3.428086315150166374e+00,-2.966842620365165217e+00,-4.014073071020249905e+00,-8.318398554816500479e+00,-6.404149432218711802e+00,-5.900153070005751843e+00,-1.048470154609388949e+01,-8.626061087346258205e+00,-8.720868506618128180e+00,-8.990249647552730039e+00,-9.083519255841961737e+00,-5.676436573594901169e+00,-5.313249773157489919e+00,-3.790435320704834243e+00,-7.249303527688252480e+00,-1.042061933806834340e+01,-9.317551967751889208e+00,-1.015511685746316672e+01,-1.011211199751337020e+01,-5.505528391985833991e+00,-3.623538288131413321e+00,-4.016570705685849951e+00,-6.154120331729641791e+00,-8.733117362242618142e+00,-1.396791128893844913e+01,-1.145352410419154410e+01,-3.584203626552423749e+00,-3.036544270333584983e+00,-7.039281544126286150e+00,-7.092113084010495783e+00,-9.469760704145745223e+00,-8.206585556211816623e+00,-8.071750064469332742e+00,-5.555501172966447854e+00,-2.629563344163528882e+00,-1.959183867515565947e+00,-4.402262849178705473e+00,-9.186957044000843453e+00,-9.475617163053906111e+00,-7.305028684295088226e+00,-8.500081455165286570e+00,-1.008333729833137049e+01,-1.305783994666492731e+01,-1.355493200371283535e+01,-1.369259238334102413e+01,-1.044741947186812148e+01,-4.197736189380742999e+00,-3.712534689145404521e+00,-8.460939544644064725e+00,-8.411688016798660072e+00,-2.859653116139860618e+00,-2.232375867405323344e+00,-7.102150827589380988e+00,-1.024425299795529298e+01,-9.982518406769701258e+00
-1.490701760931779418e+01,-1.330440692910711320e+01,-1.149046584213052924e+01,-8.898694821441447189e+00,-1.094971778875088830e+01,-1.465598525345780523e+01,-1.500646852627965266e+01,-1.363692163420087589e+01,-1.513583939448567683e+01,-1.379637163649988452e+01,-5.212090936403202868e+00,1.107387726298241892e+00,1.524709899271731617e+00,-3.284782116159171039e+00,-1.134951843924194748e+01,-8.553612951103968243e+00,-3.961322434982911478e+00,-2.700673210506597588e+00,-6.493436846270702389e+00,-1.101752992281477006e+01,-1.276826098174539226e+01,-1.234828819473849926e+01,-6.519736759250855940e+00,-3.942279365226512677e+00,-7.196635310203974178e+00,-8.647142847758212625e+00,-4.470341215869909846e+00,-3.481991479763377306e+00,-4.990417936610640481e+00,-3.274522854889234669e+00,-2.328263649937362789e+00,-6.123171634819244424e+00,-7.519725151566206023e+00,-6.214783420999541619e+00,-5.737161276790931907e+00,-6.760291052683618851e+00,-1.028889054219231269e+01,-1.228584651728622745e+01,-7.230721199330482740e+00,-4.534236882587553197e+00,-4.081465993844370921e+00,-5.756124547284580117e+00,-2.319545098637294522e+00,-1.466260321507850684e+00,-3.858841121052782874e+00,-8.513435872285874950e+00,-1.016435382862127490e+01,-1.407581764118362067e+01,-1.370691500137780494e+01,-7.984934026446506294e+00,-3.667330579107044297e+00,-4.092188831600040544e+00,-9.207646782374904859e+00,-1.174407110300682966e+01,-1.148175538996703793e+01,-7.781610106761418066e+00,-4.308390134694907836e+00,-5.638076130457165824e-01,-2.117881277729845468e+00,-7.381641761033675309e+00,-8.010967294678433603e+00,-8.204890888155871309e+00,-4.230649542895266180e+00,-2.485208575236335538e+00,-3.050784563252929793e+00,-5.247850399622995710e+00,-8.915151569100082440e+00,-9.607225421702361601e+00,-1.173989056767398154e+01,-1.078684450606353451e+01,-1.023332324544437100e+01,-1.265219690053517532e+01,-1.201146572896542430e+01,-7.782932840117060991e+00,-5.156083578423362290e+00,-6.385281946026641897e+00,-8.520946994196368252e+00,-3.848917157382114151e+00,-2.114962749605294512e+00,-4.097095610847596880e+00,-8.597185697491841694e+00,-7.143176621153154215e+00,-7.694197147387925817e+00,-8.151670312835969767e+00,-1.042539286476965188e+01,-1.041203851645229506e+01
-1.507542346634027552e+01,-9.666185791710860897e+00,-7.567735710216842548e+00,-1.043376665442954554e+01,-1.481769361932769158e+01,-1.242546328879494766e+01,-8.846944117364083482e+00,-1.008083022323273603e+01,-1.276913880050637395e+01,-9.792369815911955655e+00,-7.474156709085751693e+00,-2.148268240878984159e+00,-1.058627278465583910e+00,-6.169580042134714226e+00,-1.328574019624986668e+01,-8.674373072749785862e+00,-2.213937192383481634e+00,-1.031263849043948522e-01,-3.272674678860388653e+00,-1.177770101330207453e+01,-1.435611660152901159e+01,-8.505209286476819841e+00,-4.398349040109692965e+00,-5.667641538586325467e+00,-1.275477789285528729e+01,-1.254066184959338770e+01,-1.065386061501184578e+01,-1.164542331630435079e+01,-1.197988731761015124e+01,-1.099900464319716420e+01,-6.523209575549450356e+00,-3.932706960967478960e+00,-6.211813835242322668e+00,-8.860297935268350855e+00,-4.646725245843861707e+00,-5.413785199348580157e+00,-9.811132411365859340e+00,-1.052149386396844832e+01,-1.076632783112635217e+01,-1.005746890189310960e+01,-4.736986718659356832e+00,-5.138535795605364775e+00,-9.428087010119423184e+00,-8.334535455217457312e+00,-7.323307996601548631e+00,-8.931275987898120050e+00,-7.603125331966021250e+00,-8.436722631615991119e+00,-6.188133418666668106e+00,-3.976405214432996438e+00,-7.554083596317823002e+00,-8.357716234813210576e+00,-1.022476771553509067e+01,-7.238936805422239829e+00,-4.610091319428154755e+00,-4.260748743289328289e+00,-1.275592998000313338e+00,3.134290344882285639e-01,-4.349902863749338877e+00,-1.391905324741174255e+01,-1.115964532762993322e+01,-9.280366085412847355e+00,-5.353731409340869440e+00,-7.920219404075493408e+00,-1.104116792500530941e+01,-9.841133177280426025e+00,-9.757410902558392607e+00,-9.900278094615645230e+00,-1.159022495264315467e+01,-1.087405353420563259e+01,-7.802146256197500129e+00,-7.231180091680005972e+00,-7.856565539007082322e+00,-4.410944123815954576e+00,-1.364557803851527362e+00,-3.728418048289924513e+00,-1.026339790953024611e+01,-9.720045138406389285e+00,-1.027326349203140765e+01,-1.040388457465717842e+01,-6.950212196084379457e+00,-6.867041020902968640e+00,-1.087863906421734228e+01,-1.193956888518260584e+01,-1.532429584070243855e+01,-1.396140012622789506e+01
-1.255243093093842965e+01,-8.127106829908967711e+00,-8.316417730946577436e+00,-1.302511546447986923e+01,-1.505880990192180313e+01,-1.255395377865274398e+01,-9.581006186609050346e+00,-8.628812768987117465e+00,-6.451493689889899130e+00,-3.208935134215920471e+00,-2.879184816339682484e+00,-7.692446062778556248e-01,-2.457620348903983398e+00,-9.871660135245619472e+00,-1.470144269939597415e+01,-1.402894660352750655e+01,-6.256935722265705380e+00,-2.784853108660922061e+00,-4.464227585146871569e+00,-8.666659479832830471e+00,-9.468564936677918098e+00,-5.005954497927472602e+00,-2.860717925264407491e+00,-5.105178024164820805e+00,-9.504238864620223382e+00,-7.716098340413042322e+00,-8.657530490223591002e+00,-8.767848649851352150e+00,-7.990226573161496759e+00,-9.552193684204844715e+00,-8.416997064615934221e+00,-5.566830466039307979e+00,-5.224187958331508064e+00,-5.862346564991202769e+00,-2.864033028710889495e-01,1.471011396888501355e-01,-3.939556936576130486e+00,-1.014961838449230669e+01,-8.152392597598883128e+00,-8.942878444799939430e+00,-9.080359344605271943e+00,-7.350346520884346369e+00,-1.166711697187132479e+01,-1.250882927641158737e+01,-1.130576065705932720e+01,-1.145661349150970665e+01,-6.167178520264516628e+00,-2.892806551120606695e+00,-4.070142436545086007e+00,-7.325561611539904483e+00,-8.410849872891230206e+00,-5.524957676560312336e+00,-3.802248907504774067e+00,-1.339448394952341914e+00,1.806181585771664544e-01,-2.471634862288647760e-01,2.892641931743794581e-01,4.554984568376520548e-01,-3.828313833499651153e+00,-9.151214683783873483e+00,-6.312154590401030774e+00,-3.778516282490987699e+00,-3.305366021300175650e+00,-7.431747943244675803e+00,-7.797020884003234009e+00,-8.549459300423396968e+00,-5.986711371263474746e+00,-5.048966136824994067e+00,-8.192220911611126866e+00,-9.399945265464200617e+00,-7.733149059401213776e+00,-7.540020578690157294e+00,-8.641187878510423914e+00,-3.820644490628419376e+00,-2.142654137824526739e+00,-4.717215971288960752e+00,-1.310829927630096847e+01,-1.693621165333813394e+01,-1.466013340640614082e+01,-1.398512545774001126e+01,-9.020852425569341193e+00,-3.318378064168691743e+00,-2.954194260704267272e+00,-6.965890943435312010e+00,-1.355997609910164137e+01,-1.487806328835378089e+01
-1.264127285425899672e+01,-1.417282468945015417e+01,-1.009526666475616352e+01,-8.503421731122577043e+00,-1.054916195742046625e+01,-1.138152934667718341e+01,-1.455026203348436376e+01,-1.111430304787541168e+01,-2.721222217878564997e+00,-8.741306419633613212e-01,-4.535625658228189749e+00,-1.424460047289448195e+00,-1.334784742626263787e+00,-6.656563327996102508e+00,-1.141881969411864617e+01,-1.562176079513462490e+01,-1.033875679514790313e+01,-6.700488887670386084e+00,-9.475138503290315484e+00,-8.588861621745669694e+00,-9.155297243413125230e+00,-9.764862948701582113e+00,-6.504332847836363563e+00,-7.737677734771757798e+00,-9.161179519791639692e+00,-7.907878979528677910e+00,-2.991899768555295047e+00,-2.058031928281207179e+00,-5.983854667333360133e+00,-9.982582285659002963e+00,-9.251019586247341664e+00,-6.049728451147391439e+00,-3.551684347914890960e+00,-3.332230957160981166e+00,-1.806381908111196033e+00,-1.879998763137295192e+00,-3.926257532847981402e+00,-7.955406223011437739e+00,-4.332606168705543048e+00,-5.572885664592262422e+00,-7.403335545581716026e+00,-5.055783576182736994e+00,-4.587601087475550621e+00,-5.322980791785334453e+00,-7.302934530923384848e+00,-9.727019562066056224e+00,-7.601370819424855263e+00,-3.731066791653519399e+00,-5.701058830980580971e+00,-9.355466716901490898e+00,-1.015035546076206785e+01,-4.726716562899412111e+00,-8.577939521268949097e-01,-1.840826531958798196e+00,-6.827121531939176258e+00,-8.189897254221132350e-01,1.435834274385106690e+00,-2.126556123402467247e+00,-1.168412927663280776e+01,-1.112937390849790553e+01,-9.189499312229738592e+00,-7.291141330840364532e+00,-1.975189436059125114e+00,-2.344081967786480369e+00,-3.805035768937006679e+00,-5.708108551345254078e+00,-5.068328280300471000e+00,-4.436470658667669653e+00,-7.727320701793860103e+00,-1.067468583583831787e+01,-9.858993542785862374e+00,-6.709952698864099396e+00,-7.343853408143720785e+00,-1.148468949480821166e+01,-1.178491684288241537e+01,-7.476077222983345649e+00,-1.013128173499161910e+01,-1.410944446457820156e+01,-8.609685783828110672e+00,-6.554928611139304806e+00,-7.683820686950028289e+00,-6.014457509852945805e+00,-5.697905673163779383e+00,-5.932263791930812324e+00,-6.673024137056510874e+00,-9.477093787593695140e+00
-1.968124286637051412e+01,-1.739401076222194220e+01,-1.184584425924388462e+01,-1.111005673563207452e+01,-1.407973003478450558e+01,-1.360644392566826433e+01,-1.315025722525501983e+01,-1.093505977310297084e+01,-3.819438257710768170e+00,-1.575909020128526183e+00,-2.060327455374760586e+00,-2.896415034356573326e+00,-5.657848401714066888e+00,-8.976180872730626703e+00,-1.152560560393879463e+01,-1.648688933503536802e+01,-1.383700786474096844e+01,-9.197482906225072696e+00,-7.670681971630067153e+00,-8.313965184542968956e+00,-1.120914179041185399e+01,-1.322934486301800661e+01,-1.171346345066114303e+01,-1.363866597778014622e+01,-1.552297656317703556e+01,-1.281579876128043871e+01,-4.766822841103750541e+00,-2.438723256424041086e+00,-5.718211127089634971e+00,-1.238873403490954672e+01,-7.839994693302926088e+00,-3.357793933363588668e+00,-5.340009240891681053e+00,-7.927757465451216845e+00,-8.434065637185828024e+00,-6.535959841583975916e+00,-2.987809432469635595e+00,-3.680425271419417221e+00,-6.374609315611478699e+00,-1.207942536006902046e+01,-1.378169100976172246e+01,-1.021850259727194121e+01,-6.789434487071201119e+00,-7.819724885334495390e+00,-5.939406043529965373e+00,-2.545410444889404822e+00,-3.997659221796304507e+00,-8.570748709710954927e+00,-5.800687820458684918e+00,-5.762501771782190474e+00,-8.721282825670169103e+00,-9.265764912576166523e+00,-7.042958162611222761e+00,-2.224056202902294999e+00,-4.608504370048212451e+00,-3.010126376839155515e+00,9.790002170324553221e-01,-7.831149508524331004e-01,-9.646709439977435352e+00,-1.612584113346711234e+01,-1.012918115754163928e+01,-4.014818360897506544e+00,-1.304515464947637149e+00,-4.487574090167190555e+00,-9.022162446190552743e+00,-7.048679175324567225e+00,-4.763285672183696029e+00,-8.122043221620202758e+00,-7.760720407007304367e+00,-6.526014985815259628e+00,-6.286173850639175775e+00,-9.296605571535707213e+00,-1.422854454053267226e+01,-1.124003194443142206e+01,-1.279714835506956305e+01,-8.077476279426166528e+00,-3.461355696835747064e+00,-2.828070415724210918e+00,-3.219669141223696851e+00,-7.303936938748105234e+00,-1.507219448890394808e+01,-1.763959728670484139e+01,-1.437622247988941027e+01,-1.252524159336818066e+01,-8.757047092641583319e+00,-8.744686186768626968e+00
-2.192891353960255785e+01,-1.599366934881865454e+01,-1.344362921842181890e+01,-1.615795905626456985e+01,-2.025021493161907671e+01,-1.665727437179507220e+01,-1.037547236589985111e+01,-7.546067456252702144e+00,-9.151172017891898491e+00,-5.885685817231886219e+00,-8.617767150727107861e+00,-1.260017648940721102e+01,-1.309852628398487617e+01,-1.512637268768922105e+01,-1.624643911751171999e+01,-1.687378513176022565e+01,-1.722290464484964545e+01,-1.623659857993817468e+01,-1.706554689116150314e+01,-1.625698206670411494e+01,-1.689180554779431276e+01,-1.435820979744423376e+01,-7.334524586228013732e+00,-4.811323514113999167e+00,-5.636854511028055903e+00,-7.319537916881892592e+00,-7.961177125004411437e+00,-6.306735290996446253e+00,-8.316491465077145762e+00,-1.452540267059821133e+01,-9.558698696489551949e+00,-4.163252399750906996e+00,-3.124358078628380220e+00,-6.368452715509720363e+00,-7.744941523227527824e+00,-4.175413184066992578e+00,-6.322743803930987561e+00,-1.157422573367873042e+01,-1.136659829398147892e+01,-1.793064710839104237e+01,-1.788282489503612993e+01,-1.755001066568243573e+01,-1.575076471257755806e+01,-9.578008971596492671e+00,-5.055136739468301776e+00,-2.735103596087175681e+00,-3.780557342774753860e+00,-8.742131906497569105e+00,-1.042812566277179975e+01,-6.135915570842628064e+00,-7.040211028270139337e+00,-6.748430986895815664e+00,-4.874168992565966363e+00,-2.361926284508481189e+00,-1.189136743938322915e+00,-1.281910260889113973e+00,-2.152349119007548328e+00,-2.887093702769742087e+00,-4.610092517386638278e+00,-1.327012549740269520e+01,-1.043433245015508426e+01,-1.831881148868617304e+00,-4.387572326258407651e-01,-3.041104066733071765e+00,-5.751330041817126038e+00,-7.116614995339444860e+00,-3.372856291839212872e+00,-3.570983921415848084e+00,-6.601406355623070432e+00,-9.749951058330426079e+00,-7.190198010103848070e+00,-7.168011203258945585e+00,-1.212986990593316960e+01,-6.726827844177578619e+00,-2.923532532514212967e+00,-2.604368523575049110e+00,-6.618078891930831098e+00,-8.454904530879877811e+00,-6.139517098103600468e+00,-1.093605350947562016e+01,-1.626855702436607132e+01,-1.896389766867834226e+01,-1.622464943387126368e+01,-1.328628590452762026e+01,-1.364242496290279760e+01,-1.391818095209034389e+01
-1.966833158940759319e+01,-1.367899613890029009e+01,-9.859138105206817215e+00,-9.430986434448765721e+00,-1.176048518865163039e+01,-1.228206006079229695e+01,-7.082174159188307172e+00,-5.914446902184086419e+00,-7.435374558881949092e+00,-6.786950433072242994e+00,-9.031770755316465227e+00,-1.376971071549044368e+01,-1.036177432946576360e+01,-8.947603356747226400e+00,-1.073220070138687454e+01,-1.348286791248176009e+01,-1.881299193669821435e+01,-2.014919981974681917e+01,-2.208962562793993811e+01,-2.138388087913280344e+01,-2.122805844463464808e+01,-1.504016361709769534e+01,-8.195639535215974547e+00,-3.850394574603606124e+00,-7.199454513749015128e-01,-2.746401053419663896e+00,-9.182182914086880032e+00,-1.154813157829619463e+01,-1.403561011707509820e+01,-1.183135077380041977e+01,-6.293505823566713175e+00,-6.392617952505140977e+00,-7.171292278787675833e+00,-2.536822268945513326e+00,-2.101482085187791338e+00,-2.853799249145081429e+00,-6.150849766176165190e+00,-1.301917164516813052e+01,-1.626094620373412880e+01,-1.810557300989864515e+01,-2.005403415119375055e+01,-2.151531758563208996e+01,-1.916349128548425540e+01,-1.273200566896045416e+01,-1.091551461707772219e+01,-1.060499955708061393e+01,-9.228266609782879826e+00,-3.577353163118445867e+00,-3.002294802862283341e+00,-4.227381864439994530e+00,-6.443551708098131492e+00,-6.709122469719812187e+00,-1.093492797085347057e+01,-1.287126506483964405e+01,-1.224438259605485335e+01,-1.298008577174414668e+01,-1.278443128587180411e+01,-8.426881075246644315e+00,-2.091370497522733629e+00,-1.338481674659646181e+00,-2.854440659862780283e+00,-4.509587993251714444e+00,-4.401449781800318206e+00,-7.641288816324570021e+00,-7.197450694741808874e+00,-7.599667572494567480e+00,-2.726160023187266024e+00,-2.586641610024198457e+00,-7.053142895566598014e+00,-8.361828008567103510e+00,-2.722385479758479221e+00,-1.829524053194922617e+00,-5.923847325259947283e+00,-5.784788284934204050e+00,-2.281777044334306837e+00,-2.693161720653483915e+00,-7.975120227982979593e+00,-1.634577197882965294e+01,-9.337108432791614732e+00,-6.000576980518646408e+00,-7.476299911388196051e+00,-8.924282587382174725e+00,-1.257832155427859888e+01,-1.145649613587910842e+01,-1.181981262405410149e+01,-1.386683979926218591e+01
-1.016082197518749020e+01,-1.314254345784660494e+01,-8.497280725541004998e+00,-6.447727859475230083e+00,-8.874238086565760852e+00,-1.209649247932070004e+01,-6.233219183128298369e+00,-5.412589650117713980e+00,-7.941985890724276409e+00,-5.446670241938292634e+00,-7.698788963656388873e+00,-1.351172107594613792e+01,-8.192712622516937770e+00,-3.489319707753975486e+00,-4.619925664240167151e+00,-1.136736202262740036e+01,-1.807723620010696308e+01,-1.550769103619888512e+01,-1.454674245701491309e+01,-1.455672989478548018e+01,-1.434354732873785565e+01,-1.443067921481969762e+01,-1.384665383318908383e+01,-8.045850488719821669e+00,-1.389130557791280252e+00,-1.029720698840532300e+00,-6.312880917224776844e+00,-1.093403148469124098e+01,-7.422733030701411217e+00,-4.270550101881719129e+00,-4.107085683532343268e+00,-6.987827539102721808e+00,-5.908737718561337005e+00,-3.727308317353968281e+00,-4.935176487312972426e+00,-6.185759649548025152e+00,-2.080888124257468164e+00,-4.039622577074346133e+00,-1.027984702638314829e+01,-1.457727312814188281e+01,-1.354258126763001258e+01,-1.320504350880630184e+01,-1.526766189364076531e+01,-1.878377297452387751e+01,-1.931304031837987623e+01,-1.727503618575234512e+01,-7.935965322356187457e+00,-1.827759653184107824e+00,-1.459695293402782701e+00,-7.364137517586919479e+00,-1.338305119203247173e+01,-9.655785952360576019e+00,-1.178619595804742204e+01,-1.220529773495806936e+01,-1.332108063961713285e+01,-1.513145905141612069e+01,-1.012690435452315718e+01,-5.927919161228733635e+00,-5.152821629882242682e+00,-2.317407737469179718e+00,-3.364139299431392782e+00,-9.395581833278859207e+00,-4.812356207766819161e+00,-7.875488931011010996e-01,-1.190587414425037016e+00,-4.297658813153997670e+00,-9.245580330320441576e+00,-1.129477408337797861e+01,-1.176053669297968085e+01,-1.032801610547053883e+01,-2.268374771924817512e+00,-4.999362314042176680e-01,-4.079996034218609680e+00,-1.169894090909084206e+01,-1.108941672947115542e+01,-9.290279914802722416e+00,-1.192431078293851243e+01,-1.424074689122556769e+01,-1.277239601757690224e+01,-3.220067835831481595e+00,-3.880461804050674979e-01,-2.719707296261002050e+00,-9.425715897829478607e+00,-9.344400998290257832e+00,-7.562870691750795515e+00,-1.110834742684400744e+01
-7.789164213733818620e+00,-1.274170378601278131e+01,-1.106260118093199374e+01,-1.273423503919412170e+01,-1.644533904545179936e+01,-1.319115272778591041e+01,-7.395596711917687749e+00,-5.193051855072720713e+00,-5.507151072688457383e+00,-6.987074401314932182e+00,-1.140635883171139753e+01,-1.707161374674498688e+01,-1.030560554052127209e+01,-2.355923609687228915e+00,-1.287969053667820774e+00,-6.181795367117942419e+00,-1.160928266671777642e+01,-8.534950466101406619e+00,-4.889354237504587530e+00,-4.521079854968622413e+00,-7.978303362167518564e+00,-1.433397163598591995e+01,-1.346922654686993326e+01,-7.361659201388140339e+00,-5.210263445840096708e+00,-5.501702447857295120e+00,-9.087415211201282261e+00,-1.119093802457547326e+01,-7.625466897514940001e+00,-7.021271625348857626e+00,-9.102596388973353214e+00,-1.422939057614057035e+01,-1.448777401640669993e+01,-1.155357254757226038e+01,-9.717178389657544102e+00,-1.844840084981059558e+00,7.414043177761677761e-01,-1.762190367090284759e+00,-5.376872118932145561e+00,-4.330417289160448213e+00,-3.348174810573060434e+00,-4.970716167383521622e+00,-1.152029169333800063e+01,-1.815113549014084171e+01,-1.765769527067664768e+01,-1.588877512844464235e+01,-8.257954496008748535e+00,-5.097346003668539183e+00,-4.264882079702410955e+00,-8.612987286261930109e+00,-9.408495308902427468e+00,-2.746136338269170807e+00,-9.794644544715104262e-01,-2.577481153711845607e+00,-7.839173399765073214e+00,-1.523201126542710249e+01,-7.139469611280746975e+00,-3.907535484821343719e+00,-5.007725601400895954e+00,-3.740583516714226953e+00,-4.979546271207678565e+00,-7.811890972934606658e+00,-2.632022736668728768e+00,-8.972463738048833126e-02,-1.988140525744218401e+00,-9.659718034931152886e+00,-1.800639026629105643e+01,-2.063582492011193992e+01,-1.830898396477444479e+01,-1.566213612065060445e+01,-4.731677230319562888e+00,-3.004889169890959666e-01,-2.616163956923836853e+00,-1.031704088212310744e+01,-1.047636802987202742e+01,-9.672119772616232680e+00,-1.395790008279203498e+01,-1.699570815981799399e+01,-1.180492066654540118e+01,-3.309967906722614206e+00,-3.693264038733771182e-01,-2.315752595414243942e+00,-9.421175058788925583e+00,-8.957239112781204327e+00,-8.013132913422039039e+00,-1.254922653245561825e+01
-1.102048680891517485e+01,-1.514346628425685459e+01,-1.767297764952856198e+01,-1.765507702882053209e+01,-1.837571465423089023e+01,-1.455341197425172517e+01,-1.589762369731000291e+01,-1.490870952196703669e+01,-1.611439692928590972e+01,-1.663323899944320061e+01,-1.876471873185106887e+01,-1.861645514455460315e+01,-9.504791536403976338e+00,-4.725190962625681834e+00,-2.182937280837453642e+00,-1.076426768138025292e+00,-5.600290634747565832e+00,-6.734764222834145109e+00,-6.016610481555908052e+00,-5.126503823140195593e+00,-9.353695784361308441e+00,-1.678167380722424440e+01,-1.475174406739591682e+01,-1.390475554502647348e+01,-1.727057561210093439e+01,-1.628004743807188603e+01,-1.568501288199242794e+01,-1.570994506992456508e+01,-1.729254315008643772e+01,-1.806758357641351154e+01,-1.815751656958165228e+01,-1.745891760141794791e+01,-1.270497654685537370e+01,-7.179706316839419955e+00,-3.590567668239614374e+00,-1.082419059274874612e-01,-6.524045368512552123e-01,-2.868523898861506272e+00,-5.459634071031144842e+00,-7.359729566924159805e+00,-8.568261267240549373e+00,-6.021978060594041615e+00,-4.130150729163375445e+00,-6.150141792795318807e+00,-7.697162918689596900e+00,-1.218736457096711412e+01,-1.693739424680025607e+01,-1.473756947749443569e+01,-7.372937706818107451e+00,-5.815201629322904076e+00,-3.408875699751328092e+00,1.051790090962064356e-01,-3.385771331643927518e-01,-2.650328793246583547e+00,-7.765945897757552174e+00,-1.631410820247562654e+01,-1.088032158185507470e+01,-7.895275574774687222e+00,-7.172391342649676815e+00,-7.044884719921432392e+00,-1.060045667368037137e+01,-9.389025593986948692e+00,-7.948557621543473672e+00,-8.619399524329386608e+00,-7.517762821864422129e+00,-1.160617884106308395e+01,-1.452144853099611943e+01,-1.433460059358190897e+01,-1.402658331462445140e+01,-1.106148088244607486e+01,-2.234468808334555412e+00,1.240931807741707527e+00,-5.169934472113577595e-01,-2.353116732917393872e+00,-2.525810462006773172e+00,-4.719238175690628978e+00,-1.065125251635340398e+01,-1.587116458761783022e+01,-7.714337689503458328e+00,-5.876752081888777290e+00,-6.845366633553164881e+00,-6.322725237453825642e+00,-1.028621706434788585e+01,-1.077893587196146186e+01,-9.290511040742160276e+00,-1.315577493642122775e+01
-1.146854887208865748e+01,-9.722330846859298603e+00,-1.048623328991518733e+01,-9.674636419492824047e+00,-1.034227035336822098e+01,-1.218314154548499495e+01,-1.568453896318683150e+01,-1.682522295813524238e+01,-1.764847360494482587e+01,-1.558642974336638787e+01,-1.649837380693158906e+01,-1.457736720474621706e+01,-1.116027378262454306e+01,-1.113404700410275083e+01,-6.196242492017691283e+00,-5.233416356331178632e-01,4.055111459643004346e-01,-3.285773107586944075e+00,-1.072762719359789152e+01,-6.262760503388202338e+00,-4.539781057837913636e+00,-6.098881416570196556e+00,-7.916066274501894817e+00,-1.498710815278628417e+01,-1.894290564806406607e+01,-2.047788904459421744e+01,-1.928233574455930821e+01,-1.372927524206292560e+01,-1.459951794238490841e+01,-1.466206249185190913e+01,-1.560859042724580270e+01,-1.586522648989699213e+01,-1.152291931951318915e+01,-4.547212351333946856e+00,-1.455966623838571561e+00,-2.877637551971249152e+00,-4.976266428984644996e+00,-1.336599141866980089e-01,-9.536948906884702426e-01,-7.474548693703672697e+00,-1.069118148077080299e+01,-9.551441372805879126e+00,-1.821059819870319174e+00,3.542427957184143272e-01,-2.410992604423645602e+00,-1.061110333085970048e+01,-1.471767360244998457e+01,-1.143692628434994241e+01,-3.615442597652067658e+00,-2.082605572785397374e+00,-5.208001248818423967e+00,-4.897051101778402860e+00,-8.313165886909700930e+00,-1.127264770706191399e+01,-1.164097793639161260e+01,-1.578625674466140438e+01,-1.729140665421959255e+01,-1.768202924910392326e+01,-1.904918304017481745e+01,-1.726632046836023093e+01,-1.464465397368860522e+01,-9.400075052075713700e+00,-7.269772954114520402e+00,-7.514788198334570346e+00,-7.815156315403585019e+00,-9.016580962440894353e+00,-4.940942873822823600e+00,-3.668419080518918296e+00,-3.140252820088040409e+00,-1.490894544974079583e+00,1.132848315907798664e+00,7.635299257502201620e-01,-4.919412833163052667e+00,-9.156598188430924878e+00,-6.991795374265381113e+00,-6.851312325542210147e+00,-1.003624598454427996e+01,-8.045476372119123809e+00,-3.700913979250667563e+00,-3.758294698945779722e+00,-6.658430172969366900e+00,-7.980445515563469705e+00,-1.221057260491465790e+01,-1.222132713012112859e+01,-1.010466566431613344e+01,-1.384841934688218679e+01
-8.136953496295987520e+00,-6.266235089029065009e+00,-9.809618967635030273e+00,-1.380429752318913650e+01,-1.576844598546282938e+01,-1.650878658913473984e+01,-1.621029413474425240e+01,-1.739220688361248079e+01,-1.443937738342139632e+01,-8.202223016560532542e+00,-5.376576677419756756e+00,-6.024726052530366083e+00,-7.598119530812588174e+00,-5.191901903942525820e+00,-6.543776081718561066e+00,-5.458288427321453362e+00,-5.633769469724022594e-01,-8.106652738220762044e-01,-4.678672591505131706e+00,-1.865346028234006193e+00,1.232142336835430618e-01,-1.243887970046289482e+00,-5.655627247543280056e+00,-1.587833002323412757e+01,-1.874255398393587413e+01,-1.520765388011932373e+01,-1.188729944074426825e+01,-5.630439666476640959e+00,-3.200745729514475890e+00,-3.305141612446603983e+00,-6.829612974887038668e+00,-1.368482630645842058e+01,-1.360319153907644818e+01,-7.774348165242726871e+00,-9.088795876628115167e+00,-1.238804618789608192e+01,-4.777282412185241078e+00,-1.565689795480806334e-01,-8.341239940344874482e-01,-1.672377871065802601e+00,-2.684124891809720914e+00,-5.128359663661014700e+00,-3.193050887609853117e+00,-3.773630332045314173e+00,-4.888788952552606482e+00,-9.120341346919081715e+00,-6.609162936683829592e+00,-2.569341096877767239e+00,-1.396524394969660188e+00,-2.017841181018432462e+00,-3.840295413857368612e+00,-4.417274975964359029e+00,-7.614090153279195583e+00,-1.570148939030771018e+01,-2.024643376401362360e+01,-1.566017852029727564e+01,-1.274285264825092945e+01,-1.015309965078015075e+01,-1.083628192852528471e+01,-9.881998204206691838e+00,-1.261904917191003150e+01,-1.317268086116732562e+01,-7.284757116823706191e+00,-5.606985497679419339e+00,-4.176630721578573180e+00,-1.203121362673474248e+00,-1.299846836392863692e+00,-6.678686947302310273e+00,-8.259355317389784901e+00,-1.004970236522508209e+01,-8.361990606526040537e+00,-4.996956270639313580e+00,-6.073047812260289113e+00,-1.113064128865722502e+01,-1.359970969507712368e+01,-6.874806660618490994e+00,-4.082677124498699683e+00,-1.400710659593926710e+00,-1.622236284990759447e+00,-6.309342016213580706e+00,-4.553075940725002546e+00,-5.900006658020820360e+00,-1.215331058829795374e+01,-1.024879049981823442e+01,-7.842256334901765769e+00,-1.150366058877406239e+01
-9.586047530174255371e+00,-7.336159815315071775e+00,-1.067221056277515245e+01,-1.371373979462922144e+01,-1.393135058697853346e+01,-1.510743851971080254e+01,-1.681455223250934949e+01,-1.786133560333543002e+01,-1.599349714326494443e+01,-1.006176986130139284e+01,-6.673840965905034395e+00,-3.158883585796210536e+00,-3.022983368173355334e+00,-7.868527188555884955e+00,-6.935995403591912911e+00,-5.165518252562930179e+00,-6.809179342728648443e+00,-8.486717853651610355e+00,-3.376721635903853880e+00,-3.360319687644524489e+00,-8.850298539667837971e+00,-9.830726399620393963e+00,-1.010106013931390834e+01,-1.246937194489340683e+01,-1.500964021773738644e+01,-8.170241246657544920e+00,-1.916955877653543583e+00,-1.285548256923451760e+00,-5.005070488668892814e+00,-1.357218216567696700e+00,-1.086359236446273302e+00,-4.462425154601827870e+00,-5.375989913712930779e+00,-7.603887772742118578e+00,-1.216685139677906768e+01,-1.316702305542603746e+01,-4.588677676806923067e+00,-2.123517268770978461e+00,-5.062991916649896673e+00,-3.400582310875152725e+00,-1.422550330332210233e+00,-5.594587196382242666e+00,-6.854304670804101995e+00,-8.379448052723216023e+00,-7.563008069992065430e+00,-1.101380724033326608e+01,-6.862455740684771044e+00,-4.642499258382715155e+00,-8.449893728929451342e+00,-8.790032144152482019e+00,-1.450237784737308688e+00,-1.190094303056235203e+00,-7.816701880065664021e+00,-1.554483953869069879e+01,-1.668518953195965082e+01,-1.366901102855460337e+01,-5.442470831931604636e+00,-2.801262846557807329e+00,-3.730829502276379550e+00,-3.876322247656702302e+00,-6.718344828327193596e+00,-1.351548122995682277e+01,-1.674689145397594103e+01,-1.609613599986520427e+01,-1.222725013421691997e+01,-4.660144688600659890e+00,-2.134929988078261065e+00,-4.167767247744970760e+00,-1.011265514643137742e+01,-1.682446790924509017e+01,-1.829859285136215519e+01,-1.569653174531368833e+01,-1.287597444266763347e+01,-1.481921510751010729e+01,-1.695975752641226464e+01,-9.639359941009347565e+00,-8.126657859287188757e+00,-6.584081531912870489e+00,-1.380595645837962016e+00,-2.363704483895558095e+00,-5.811602530247382603e+00,-3.965551055740309305e+00,-5.568517036610820981e+00,-4.277645064997735780e+00,-5.255443333328225108e+00,-1.209225085491442542e+01
-8.962871470069156743e+00,-5.777629449167324793e+00,-8.643480093197057457e+00,-9.690481670712696172e+00,-8.432856878706516568e+00,-1.266259347209493669e+01,-1.568879696613049646e+01,-1.685207047808261294e+01,-1.882345123509414364e+01,-1.959049984243990039e+01,-1.677702908934527670e+01,-9.324353502679416650e+00,-5.515256560599531177e+00,-4.917198073673453074e+00,-3.365509719339035755e+00,-6.372652009172179888e+00,-8.327913095136635135e+00,-6.657213826215904184e+00,-7.012557548193531609e+00,-1.023608266761284824e+01,-8.396848500229930679e+00,-6.893471803885835136e+00,-5.902078804588443361e+00,-5.882419310140472923e+00,-7.588188738768337771e+00,-1.498378544406234969e+00,1.004906662578853638e+00,-1.018341214346294210e+00,-2.574711433169920571e+00,-2.541693692554129580e+00,-5.084264202290463608e+00,-7.890367685532808650e+00,-4.913558302148607559e+00,-6.252832176505040529e+00,-1.187416657725818325e+01,-8.251524657921025963e+00,-1.456775016213575302e+00,-7.920481693532801515e-01,-5.480029879241403279e+00,-1.965964300575522072e+00,6.293848970014502830e-01,-1.228546234931910508e+00,-1.228451639655550931e+00,-2.838705729452345672e+00,-9.029706522708631056e+00,-9.045733597666337999e+00,-3.996334583299476328e+00,-2.125494577929925022e+00,-4.530072949808944038e+00,-3.100529402475324048e+00,1.004895642282261692e+00,9.209120490158133610e-01,-3.926970105767534580e+00,-1.260647292901541405e+01,-8.558467158720693746e+00,-4.244866247036501505e+00,-1.049373409907219834e+00,-1.707669921952720937e+00,-5.858973990091413953e+00,-4.146854061548036263e+00,-5.676638765075734838e+00,-1.477370833258592420e+01,-2.185491442134362217e+01,-1.905588518117220431e+01,-1.371868178771652325e+01,-1.191977451411822386e+01,-1.139914835585665109e+01,-1.203819979738643120e+01,-1.231849976077334574e+01,-1.454361528021688699e+01,-1.518062709351532291e+01,-1.518684570388939470e+01,-1.284994792301236188e+01,-8.270894668569773955e+00,-1.035931800845974848e+01,-9.609734533823855784e+00,-9.482240468036128078e+00,-5.487882200543206856e+00,-3.054959343533024452e+00,-2.482924729796705865e+00,-4.749736302937487942e+00,-4.285278415861930590e+00,-2.854441043598229033e+00,-3.574450413312730390e+00,-6.782934388302209960e+00,-1.410262139971929685e+01
-1.111818150573104447e+01,-9.309478070899730895e+00,-6.202836233240957675e+00,-5.337068306808252949e+00,-8.473694034660136154e+00,-1.608734752294671466e+01,-1.922777474654539986e+01,-1.879370497292234532e+01,-2.161733349588991260e+01,-1.988299682122150358e+01,-1.703954515293354177e+01,-1.520042144797230499e+01,-1.150663293886730720e+01,-1.040178148882847431e+01,-5.214129881137086642e+00,-4.152855869354182161e+00,-5.196033145976430845e+00,-6.294739270483264093e+00,-1.119192280432650222e+01,-1.644072582248513115e+01,-6.865022184398338112e+00,-1.178602026015336035e+00,-3.675501067142485923e-01,-4.133187454392891702e+00,-5.591318154209897529e+00,-5.882361180460941030e-01,-7.613060018760715586e-01,-6.325599264751636142e+00,-7.476724565825389135e+00,-9.325132121794096562e+00,-1.119425699865545099e+01,-5.135756323411518665e+00,-2.743532311581857286e+00,-1.955089250529377765e+00,-2.633190242586060048e+00,-2.092247091332816833e+00,-1.753695909889638888e-02,-2.632632317302530112e+00,-6.845265365497187560e+00,-5.881363068236294289e+00,-2.833651574897288583e+00,-1.191506068488824788e+00,-4.294318791779241806e+00,-7.544917189288628201e+00,-4.725318372952538759e+00,-1.995514985110845352e+00,-1.122165184854156506e+00,-5.927339811006006265e+00,-7.469118606683065487e+00,-8.062600942158837825e+00,-3.880584606093679945e+00,-2.697864045807780720e+00,-6.672892592772699416e+00,-1.231640571219320535e+01,-8.246125233992366077e+00,-5.238690576830124179e+00,-8.783045805905384640e+00,-8.458074730813844866e+00,-5.437253861510344066e+00,-5.033682311963261213e+00,-8.007305457846808139e+00,-1.407635921558351022e+01,-1.979908202167685616e+01,-1.665017455770769317e+01,-1.143442011084265353e+01,-1.068231418785703113e+01,-1.043695328832525782e+01,-1.169764271054331495e+01,-1.115117618942078792e+01,-1.173814769692093307e+01,-6.463125646796845203e+00,-4.582942822948098183e+00,-5.077893929352507385e+00,-2.178229126647356573e+00,-5.666261439717984461e-01,-1.514784725047008118e+00,-4.474481204084746366e+00,-5.824269259448042746e+00,-1.245125440206691536e+01,-1.090168672686314721e+01,-8.057248997722417982e+00,-9.856896089631637992e+00,-1.378577454541703240e+01,-1.488093474848579767e+01,-1.394855402626154017e+01,-1.701890624934480556e+01
-2.133400772728082728e+01,-1.972338903496283535e+01,-1.476003591841413787e+01,-1.062536750995475821e+01,-1.111884952410486882e+01,-1.717970692838421343e+01,-1.911886919181765521e+01,-1.167254800605409848e+01,-9.305033612256968567e+00,-7.761320315400949355e+00,-1.049388465370613233e+01,-1.416208133260712287e+01,-1.312893686039757135e+01,-9.424247659572207780e+00,-7.204002293011614100e+00,-1.199714230581094299e+01,-1.658535373028908211e+01,-1.395589916942683750e+01,-1.557774985564573988e+01,-1.662355564386789908e+01,-1.154179645130652432e+01,-5.251943742614666455e+00,-3.930732027336044876e+00,-8.742509382144184826e+00,-1.000717165952420373e+01,-6.702646570337068788e+00,-6.578365651105054113e+00,-7.773509606377769110e+00,-1.137607412210857660e+01,-1.748816739056856662e+01,-1.209931561328072647e+01,-9.704679945043025668e+00,-1.262715716421149104e+01,-1.053370987534352388e+01,-6.212244120216750431e+00,-6.396174750658719432e+00,-3.579782338584559742e+00,-3.881894122926475621e+00,-8.905707956369937506e+00,-1.105117720866021358e+01,-1.100961680039194768e+01,-4.575230767779791208e+00,-4.005187509803612933e+00,-9.442930452797547503e+00,-5.591861236826267678e+00,-1.338618286856883888e+00,-2.576566945956948906e+00,-9.405182316103054774e+00,-1.687322381889547174e+01,-1.775562990712755607e+01,-1.240609084012854169e+01,-6.774459794049954908e+00,-8.151623663300549438e+00,-1.088007167738130043e+01,-7.998278794625333532e+00,-1.015968637566530042e+01,-1.702694530796458849e+01,-1.866960488657915107e+01,-1.728255033720540723e+01,-1.634614190095253505e+01,-1.455706789293362036e+01,-1.080209085595516783e+01,-8.278567203415427400e+00,-7.311806096809112532e+00,-5.634377114190399993e+00,-4.692057459863997693e+00,-3.558323802696611970e+00,-2.658493547613256069e+00,-3.892534446141874493e+00,-7.916771706577589107e+00,-5.031511383429738693e+00,-3.886078908179268154e+00,-5.112409199320512521e+00,-7.154499864264369791e+00,-7.351670084176372022e+00,-1.321678030760496725e+00,-2.451268647657885158e-01,-2.066081632190394757e+00,-4.997425486960122676e+00,-8.209702678401564313e+00,-8.426811191530628520e+00,-1.285058695669392570e+01,-1.785577198112283881e+01,-1.437968805910066727e+01,-1.378659850677461129e+01,-1.556558160654461176e+01
-2.350372365230822425e+01,-2.193274194047651093e+01,-2.125984750267203438e+01,-1.555340568527920553e+01,-1.283860545849982060e+01,-1.449792589577099733e+01,-1.207783371437596998e+01,-6.463236533162247888e+00,-1.639023310508852749e+00,-2.439283823571345711e-01,-3.252572398627877170e+00,-1.101872791543261698e+01,-9.110718114230468956e+00,-3.017705129870064340e+00,-2.693060407125327238e+00,-8.053977939149165266e+00,-1.304977822399037102e+01,-1.244851741427911129e+01,-1.163116055105649416e+01,-1.105621980014079320e+01,-1.057548402271141086e+01,-5.640264930576797120e+00,-3.815359743072838761e+00,-8.098597551262333383e+00,-1.083544291499006818e+01,-1.163977146376180372e+01,-1.665095760531097824e+01,-1.860121211659817320e+01,-1.766950229379056836e+01,-1.999006703245730776e+01,-1.386838555972994769e+01,-1.289922742716228754e+01,-1.583794325863132002e+01,-1.327935121987612277e+01,-1.533290370548044379e+01,-1.653484045822201765e+01,-7.546773683478813943e+00,-1.265553455556545526e+00,-8.966561922188563960e-01,-4.723651780626018315e+00,-5.373421722525403510e+00,-2.479838576551725848e-01,5.131946162339335871e-01,-2.643546420046864132e+00,-8.964098405661701463e+00,-7.183894329171144122e+00,-6.893576485737589188e+00,-1.099915666298101868e+01,-1.258977373046729475e+01,-1.417721125642761848e+01,-1.612374449504240914e+01,-8.581601115355965703e+00,-2.395964493592916522e+00,-1.174477091753137303e+00,-4.407344603264093053e+00,-1.434460456316707777e+01,-2.050577361165112222e+01,-2.182919845326256336e+01,-2.120926588000232016e+01,-2.118532345950148610e+01,-1.573601519879493971e+01,-6.167141984088901019e+00,-1.350116325406809148e+00,-6.638265243273331340e-01,-4.621213520827297749e+00,-7.087172201009936501e+00,-7.596203461943464852e+00,-6.321871961424312403e+00,-4.184063887124070291e+00,-3.673059656633106851e+00,-6.518455312679741986e+00,-1.127700810464283876e+01,-1.243785084317658729e+01,-9.422603758236833826e+00,-1.014955336765478577e+01,-6.330876367977102070e+00,-5.391427832484984251e+00,-8.185423339377619456e+00,-5.217801335033114718e+00,-2.966136120124684528e+00,-5.007460410358341996e+00,-1.269776480525504603e+01,-1.551761390416676711e+01,-1.128856775733350837e+01,-1.045919946177315119e+01,-1.537509433185781305e+01
-1.830562207535022878e+01,-1.855086969328290536e+01,-1.859446970379079644e+01,-1.728928492451442267e+01,-1.455774858252692816e+01,-1.586458958924271734e+01,-1.173593129456498296e+01,-1.092063668051748770e+01,-2.925132884671520550e+00,7.902409801535568157e-01,-1.563668913462030519e+00,-1.115705229583701019e+01,-9.423383143566946174e+00,-4.276734211111089756e+00,-1.655458802096159143e+00,-1.098210754382196619e+00,-1.915964660901027017e+00,-2.549565843575747781e+00,-3.007771108736717824e+00,-1.884919627728687264e+00,-2.368757043104043003e+00,-5.090365465666444322e+00,-6.360706548810801664e+00,-3.269087980497799251e+00,-3.599884928268103135e+00,-7.538870036374521355e+00,-1.449119700002306210e+01,-2.067091187174993649e+01,-1.870802705706530844e+01,-1.679062328083824696e+01,-9.863299058138869313e+00,-6.107080892297148011e+00,-5.900506916164442117e+00,-8.034893999117931784e+00,-1.394882305523821486e+01,-1.569423656973219927e+01,-7.395002941707618405e+00,-4.703865784144860562e+00,-4.001261510182872350e+00,-6.249451044292849922e+00,-7.492650402866247283e+00,-2.886853159227557697e+00,-1.524052199950978848e+00,-5.296494648443492714e+00,-1.528634032675328136e+01,-1.358220237994012081e+01,-6.721647066696909256e+00,-4.842907777034770156e+00,-4.256151780063990309e+00,-6.484951609077344692e+00,-1.349186560215840736e+01,-1.529486471096067923e+01,-3.333968667164660449e+00,5.808776990612830593e-01,-1.378304547482842812e+00,-1.030609890986376165e+01,-1.894503062644987779e+01,-2.211901350967756841e+01,-1.873423509834377043e+01,-1.355710203092516863e+01,-1.176444923163939116e+01,-3.626224261376751912e+00,-1.497937800974997513e+00,-5.707075955047634430e+00,-3.787314878762450654e+00,-2.856983260425316029e+00,-2.264432689452273717e+00,-2.640747762596206361e+00,-7.393177898501166467e+00,-8.633688185051196839e+00,-4.510850609088216778e+00,-3.897856403379043488e+00,-2.092079960152805285e+00,-3.776255246976973456e+00,-9.517586997447123665e+00,-6.678070891620093263e+00,-3.034026508732300620e+00,-4.388759808117196570e+00,-1.050082072774872444e+01,-8.249137217648156550e+00,-1.854096698768839868e+00,-2.360781741187961469e+00,-4.041121046006402651e+00,-5.964560846051641718e+00,-1.194014754095150366e+01,-1.712260445929665664e+01
-1.064388927885594249e+01,-1.254794958529581628e+01,-1.773041162691043482e+01,-1.633427858716659031e+01,-1.511817508708429614e+01,-1.739239866314953531e+01,-1.551430884481386308e+01,-7.542667018434473292e+00,-1.614773032160383481e+00,-4.028233007602535776e-01,-3.662974252177132239e+00,-1.081998977406334284e+01,-1.439008612669151255e+01,-1.314159024660368935e+01,-1.150917307702461834e+01,-9.887703036114515953e+00,-9.579294245459054835e+00,-6.930868967877032993e+00,-6.454502167834239579e+00,-3.235051108738816072e+00,-5.644893258498357547e+00,-1.356155282850483879e+01,-1.201421077014835781e+01,-8.646020175960227760e+00,-3.456301521381917929e+00,-5.283561499426781438e+00,-1.041395428973314097e+01,-9.794829299915155829e+00,-1.357146065562736048e+01,-1.692352354799518110e+01,-1.098877669381731259e+01,-8.599293864865339643e+00,-9.424184409716657385e+00,-7.687026005664854722e+00,-1.135884285200643262e+01,-1.552298893273331792e+01,-1.130418340304425584e+01,-1.240484414437344896e+01,-8.754735707781696519e+00,-5.208668447519076317e+00,-7.326922754927730708e+00,-6.996885391250821762e+00,-9.932228527650350358e+00,-9.309953792404582984e+00,-1.085221930769563592e+01,-1.349982098427437727e+01,-6.631235407508966340e+00,-4.217045333641688210e+00,-5.697934789348479079e+00,-8.341526431209258519e+00,-1.291872813546930487e+01,-1.340553421874082751e+01,-3.982348254209967298e+00,-6.979124853742942058e-02,-7.650304680084987208e-01,-6.356073415319200670e+00,-1.772367465587062796e+01,-2.188009390576195301e+01,-1.955137370378916373e+01,-9.308671542706379753e+00,-3.294352581866711205e+00,-2.187575978415357003e+00,-6.310717756127196765e+00,-4.379997581410584040e+00,-1.318628510382054975e+00,-2.270194162856582931e+00,-2.019688914603682939e+00,3.983955416221434676e-01,-2.753735279464058383e+00,-1.069775783697157401e+01,-7.053146670337851809e+00,-1.047122152529315731e+00,2.293966447637693640e-01,-3.772213063278335166e-01,-3.203775295776458698e+00,-4.606875426669157392e+00,-7.419525629200951045e+00,-5.061872006372641231e+00,-8.119088748256668708e+00,-7.960405345636469399e+00,-3.962670331165898396e+00,3.985216196711736658e-01,1.322628280122138733e+00,-3.013447991513668267e+00,-1.137047556793416803e+01,-1.311782253880537219e+01
-1.498674895654197847e+01,-1.335488664557915683e+01,-1.358132388937564272e+01,-1.125676180024183459e+01,-1.214028137603788871e+01,-1.713307195128375326e+01,-1.656675317906241318e+01,-1.085411337359260919e+01,-9.715055471418367006e+00,-8.205517137103237602e+00,-1.068051275042177117e+01,-1.280092332745326367e+01,-8.193632893434918074e+00,-7.110869076415782253e+00,-6.269706007121628843e+00,-6.930842235072992352e+00,-9.668678103626229259e+00,-7.145733403991831878e+00,-2.234899352591676713e+00,-2.184421819733377568e+00,-3.405340472179401168e+00,-5.654630427252330449e+00,-9.193572636380904939e+00,-1.363800552373623987e+01,-2.954902708633511565e+00,6.993274447785420289e-01,-5.838267790279813019e-01,-6.206552204114335503e+00,-1.402729356743907196e+01,-1.637142628476819795e+01,-1.868207683090035331e+01,-1.702620082775145249e+01,-1.268889238907180683e+01,-6.134804784284748180e+00,-3.818440156356068815e+00,-5.261727926828756452e+00,-7.898809550941445323e+00,-1.208901650623510804e+01,-6.384745513892355895e+00,-3.184704211529856277e+00,-2.600326117650669566e+00,-5.689195517592757767e+00,-1.334963240423275366e+01,-1.052423377346446465e+01,-3.279702813109962367e+00,-1.726384137940187857e+00,-3.896209675296145925e+00,-1.176892001824524492e+01,-1.363744320805746213e+01,-1.430659141977324822e+01,-1.468411531885161736e+01,-1.300503493902337482e+01,-1.101556528865835993e+01,-8.314986822159804447e+00,-8.014885857075681130e+00,-1.012994099141077164e+01,-1.864921178435551141e+01,-2.266653317713555538e+01,-2.140443855569562714e+01,-1.006188568586611609e+01,-2.763692542029018817e+00,-2.738162165720954278e+00,-8.405246239127093233e+00,-4.494950180325855804e+00,2.785615225643353066e-01,-2.141900799603322358e-01,-2.060335501514816148e+00,-1.722747473535838791e+00,-4.404438405211940299e+00,-1.268804995158246385e+01,-1.250797394805282181e+01,-8.772988495054363511e+00,-7.368727669436200500e+00,-6.696765118898852620e+00,-6.444445160814766815e-01,-1.598073509372486489e+00,-9.248105953938065227e+00,-5.906773686700478976e+00,-1.538445843564513416e+00,-2.573354660600907451e+00,-7.646176309530972048e+00,-3.906881011411092786e+00,-7.163747289466391166e-01,-2.529034486495470357e+00,-8.505235739336669099e+00,-1.462062172489311784e+01
-2.266494737872640641e+01,-1.695387547707739628e+01,-8.841163833632723623e+00,-6.175566008982767308e+00,-8.350880927711953561e+00,-1.570605627817051975e+01,-1.672827604344782770e+01,-1.445438442202924811e+01,-1.222164012093580432e+01,-1.109941820561430781e+01,-1.356857101152871437e+01,-8.504107253014586476e+00,-6.084157901410837788e+00,-8.630515566763987678e+00,-5.266960979247365948e+00,-2.323749849643871102e+00,-3.089457863335717924e+00,-2.416104988672215903e+00,-1.521274670623491643e+00,-3.801764484905488573e+00,-1.740198080272427950e+00,3.801924895352101208e-01,-1.230840427795125480e+00,-2.000934007564268313e+00,-1.495261372104358166e+00,-1.369137097526437641e+00,-7.673412443604431532e-01,-6.910911507293127087e+00,-1.398123074942872712e+01,-1.778155896499866628e+01,-2.145306327688784975e+01,-1.927509714810902963e+01,-1.118601566598615626e+01,-5.101684056848060145e+00,-2.974981156651922198e+00,-3.431100712247096673e+00,-6.969684545661657182e+00,-8.974082848497928921e+00,-7.535899201763495370e+00,-8.187258414707310195e+00,-3.528887457685289331e+00,-4.997950747793980852e+00,-1.123449835993122115e+01,-6.680447831497534850e+00,-1.275063825943614004e+00,-1.734155718639727728e-01,-9.105234052203879935e-01,-3.671056251062918996e+00,-5.744493450260301337e+00,-1.015582805166717684e+01,-1.156789190691845981e+01,-1.024868553694877882e+01,-1.393383625172476670e+01,-1.796405043856788097e+01,-1.947748647027343338e+01,-1.894188613109006170e+01,-1.737725060768709895e+01,-2.041997922831819423e+01,-1.840133176687109540e+01,-1.063826768430134706e+01,-5.346766921087303004e+00,-4.018825441556236555e+00,-4.743543496483382249e+00,-3.522936591494629344e+00,-3.824754861615356383e+00,-7.684523687840133732e+00,-1.212203249844317199e+01,-1.035160065789259143e+01,-1.172398470262534786e+01,-9.358014345851563220e+00,-1.134586917257775340e+01,-1.231069714837629370e+01,-1.045062312847785435e+01,-6.455783816921801588e+00,-3.004670927440320050e+00,1.284545091574457176e-01,4.603814442645587923e-01,5.621461055120666739e-01,1.839734767311259844e+00,-8.660599710103742410e-01,-7.927360126990397937e+00,-8.707491234058641894e+00,-7.332962001496143856e+00,-6.678582477632142300e+00,-1.229699944585334315e+01,-1.473426478691683528e+01
-2.239118572045828515e+01,-1.821857923860768480e+01,-1.260718514446083738e+01,-8.779394982425310801e+00,-8.856030637526330906e+00,-1.373646205709180812e+01,-1.088272745099686567e+01,-5.478828595112298139e+00,-3.815353785421101929e+00,-5.636664605322684984e+00,-1.144294515820859992e+01,-1.146274715116005893e+01,-6.332952036657406580e+00,-5.691843993393064238e+00,-7.194310878069345883e+00,-6.890320075235066177e+00,-3.836124948922630118e+00,-7.399704856982895151e+00,-4.453234560727248770e+00,-7.825177933086324700e-01,-1.861510426394342721e+00,-7.566451923006377811e+00,-6.157255956741362724e+00,-1.367657916548836061e+00,-3.524630103171412010e+00,-4.836037322893056434e+00,-7.306045705244613053e+00,-9.008353925160779596e+00,-9.710420223137804285e+00,-1.546810112381709423e+01,-1.876053703468264544e+01,-1.598109047740470423e+01,-1.151142012708969631e+01,-1.272971852271611404e+01,-1.409222109558928082e+01,-1.349545130975373830e+01,-1.122575634854440452e+01,-7.183654410465982743e+00,-2.628954436969481279e+00,-9.813724618082281248e-01,-2.942936769833269128e+00,-5.682610404187145470e+00,-2.532720224761212169e+00,-3.241067245282687637e+00,-8.341273969949314804e+00,-1.343195130106395752e+01,-1.282055136733084133e+01,-7.137904455723553809e+00,-2.722281523312811480e+00,-2.625415087926809221e+00,-3.304498637381244386e+00,-4.040646603970809991e+00,-8.659258580844820585e+00,-1.730283882963748354e+01,-2.222181712216093175e+01,-1.949119767705902717e+01,-1.224079382874583466e+01,-9.383271827099433082e+00,-1.080569016905003821e+01,-1.055012100661983965e+01,-8.549848433214290111e+00,-9.493542503323832094e+00,-4.124504765572083009e+00,-3.725993201605804828e+00,-9.409951553118364842e+00,-1.212104491059106692e+01,-1.369183737449063543e+01,-1.344574095684153470e+01,-9.288592359946884258e+00,-4.947098716997492041e+00,-1.920103310813544351e+00,-2.147435351795222047e+00,-2.964775548271382899e+00,-3.086857825049771353e+00,-4.620362851667423776e+00,-2.852982760602537304e+00,-4.860485473494196462e+00,-1.037428863496761444e+00,-2.587543975842675703e+00,-7.881730517168096029e+00,-6.845193175072888714e+00,-5.225520862678762590e+00,-6.004584817871636560e+00,-3.883288829812232557e+00,-7.173190472690203379e+00,-1.608664631843566895e+01
-2.198291142114246099e+01,-2.208241973760473797e+01,-2.167392902155868839e+01,-1.565712843505480834e+01,-1.254438108888291303e+01,-1.430670029061441184e+01,-9.201790128045409745e+00,-6.080398668940286022e+00,-6.124076259898320274e+00,-7.339118983226877724e+00,-1.349844225626865502e+01,-1.293117566418101738e+01,-7.610439827878966668e+00,-3.227963281098667814e+00,-4.391961372535647001e+00,-5.123501332604702974e+00,-1.326145522802968602e+00,-2.522454581651765615e+00,-5.502681608525112011e+00,-2.081764359631440353e+00,-2.904100304151323364e+00,-7.236704204430561838e+00,-3.589048569551882562e+00,-1.766983053859373098e-01,-7.211134369122504384e-03,-4.724661042721842286e+00,-1.329198808251446451e+01,-9.360444449343299667e+00,-4.746270461351866921e+00,-4.563654939613823736e+00,-7.402497227182824879e+00,-1.133148596259473884e+01,-1.056385943634819391e+01,-6.230520134606889471e+00,-6.461907976214553706e+00,-7.160578964416734138e+00,-1.147349056988272054e+01,-1.248857566964535337e+01,-3.122750022200661224e+00,-3.803263427098708127e-01,-2.616126124189015023e+00,-6.450215965281915764e+00,-8.371139555799825160e+00,-1.075904631535060574e+01,-1.016730142185706143e+01,-1.474957693988130281e+01,-1.684559697231263442e+01,-1.345644303132559472e+01,-1.042800852394741007e+01,-7.425769089468762019e+00,-7.345597911337728547e+00,-8.686751985367928697e+00,-1.158071707496206315e+01,-1.794630173144449614e+01,-2.255894513712584626e+01,-1.891848432289734916e+01,-9.805227202768543648e+00,-4.258160665858793159e+00,-2.296249980661477785e+00,-3.676280484710089613e+00,-7.498539178589544107e+00,-2.816544123952817280e+00,3.184425230226870518e-01,6.982747610504668190e-01,-1.053107549537254162e+00,-2.910371641585788094e+00,-2.984513974872520681e+00,-3.447732242425896487e+00,-4.684697252705351644e+00,-3.279755900480663566e+00,-3.698337664998328389e+00,-5.735503416154746681e+00,-1.935508366452906914e+00,-4.629238823857336982e+00,-4.072794725768310364e+00,-1.899512067234556012e+00,-2.715012831332602961e+00,-3.349032938914046298e+00,-3.669345487165087238e+00,-7.925842395478873925e+00,-1.013323106641795768e+01,-5.627961323795598325e+00,-2.070866950727063394e+00,-9.443205802544564209e-01,-4.951647676104494522e+00,-1.546018276414798365e+01
-2.230361643820318562e+01,-2.413772557163966681e+01,-2.379379260631008108e+01,-2.121030967108166010e+01,-1.582423307058465412e+01,-1.312890729285378555e+01,-1.148408352191211534e+01,-9.400550814302823355e+00,-6.898065391661357459e+00,-2.718944287474555299e+00,-3.664002381757929250e+00,-5.645341163989909816e+00,-4.775450098833054824e+00,-2.190003265093528384e+00,-3.799329369378681598e+00,-4.627505563370144515e+00,-1.844825488626281595e+00,-4.114676974584945413e-01,-8.642060733586904853e-01,-4.471956183821077069e+00,-8.975226001316354285e+00,-5.787537317225382338e+00,-7.876092367616254641e+00,-4.339739023821556074e+00,-2.482606327168302318e+00,-6.316391932998449477e+00,-4.277685296551132055e+00,-1.162335704553919991e+00,-2.842105414491335136e+00,-7.490228651285185890e+00,-6.616258251303024807e+00,-9.757052374705104114e+00,-6.596204377085197912e+00,-2.758625257874035785e+00,-3.731005670953780218e+00,-3.163187140062138525e+00,-6.046700075725520485e+00,-9.320323549232353955e+00,-4.421628844419508653e+00,-8.143481323360429514e+00,-8.600374830815628258e+00,-1.081678649350886978e+01,-1.538709581444281582e+01,-1.251756848178747106e+01,-6.316081197889706900e+00,-4.401290314058766029e+00,-6.294532505411456036e+00,-1.212023883102504307e+01,-1.789311137818198105e+01,-1.930623551361433599e+01,-2.092162902664592394e+01,-1.993105655863084991e+01,-2.064725415215237447e+01,-2.058684028923966380e+01,-2.214870173148526433e+01,-1.978422725655650538e+01,-1.422463131496924404e+01,-1.166426437137691074e+01,-1.113288578139937890e+01,-5.108239010815288417e+00,-1.693222655660231890e+00,-3.919127469365053962e+00,-7.699545009151893993e+00,-6.889769706254130099e+00,-2.670849754405741017e+00,-4.526162643271733010e+00,-2.021187209652182126e+00,2.028187718900019976e-01,-3.035717966003016244e+00,-4.940949442419614535e+00,-1.294557673079921534e+00,-7.761146955515119128e-01,-2.755673110587717911e+00,-8.789719505619457252e+00,-1.552248092644087230e+01,-1.230942188737956577e+01,-1.166701791347324324e+01,-1.290603916608650259e+01,-8.151600569031620225e+00,-2.681612412493235009e+00,-9.857724503315082876e-01,-2.568979447115681936e+00,-4.129945088690763377e+00,-5.214889320024583830e-01,-2.126439594438847003e+00,-1.130495277843402491e+01
-2.219400995560274836e+01,-2.201364147208118993e+01,-2.216771517273123848e+01,-2.276845942562772862e+01,-1.624749521535771635e+01,-1.175777909045910974e+01,-1.013520134723823496e+01,-5.014420929414625583e+00,-2.844652765480275569e+00,-1.013614593776105632e+00,-1.546705911116397214e+00,-6.049362063237273546e+00,-7.699905592407889188e+00,-3.103882007748741678e+00,-5.246060946131594349e+00,-9.171828757033093638e+00,-9.866056357289998857e+00,-5.630209763910939635e+00,-4.544935703988521425e+00,-1.170626155929710954e+01,-1.790243451649905992e+01,-1.243737907628066708e+01,-8.033178660705798890e+00,-4.233825035677611481e+00,-2.322631607941202603e+00,-2.320188090577099516e+00,-5.248740292331985913e-01,-1.011090202933534687e+00,-6.491703014977219688e+00,-1.602787443779352117e+01,-1.333055716116009748e+01,-9.768372962038025520e+00,-4.464394616944189487e+00,-2.070697416135515390e+00,-4.028024092519243204e+00,-7.702657603720942658e-01,1.769943798330562812e+00,6.038407553369463665e-01,-4.552735074586768071e+00,-1.339908743177661421e+01,-1.044965880119618618e+01,-6.982554691808141811e+00,-9.061716602859265279e+00,-9.237866145281390828e+00,-3.867448148040371070e+00,-4.264307634976074013e+00,-7.909175799093173254e+00,-1.263283356091448439e+01,-2.035799251621915928e+01,-2.211436553765799218e+01,-2.013120618303313591e+01,-1.732616590907555576e+01,-1.923175688918310300e+01,-1.892851922166256529e+01,-1.931109647532455753e+01,-1.930141046757006507e+01,-1.842111371491701632e+01,-1.982994012887241198e+01,-1.833597389614309137e+01,-9.446896496619887174e+00,-2.707244120925693220e+00,-2.214073031748385656e+00,-5.497688786156888163e+00,-5.884128310006708773e+00,-3.489940106299997069e+00,-2.356552607655340470e+00,-2.254738120628762665e+00,-7.848546373096244588e-01,-4.958378870395645066e+00,-7.618918638192970327e+00,-7.899034074898667157e+00,-8.731318072750026360e+00,-7.007698742743894371e+00,-9.136193809163479784e+00,-1.765563130196724373e+01,-2.009742252608291935e+01,-2.036491628457571679e+01,-1.850574546369887585e+01,-1.718654314161257091e+01,-1.153595621042124186e+01,-5.899552033504094517e+00,-3.895970575091560750e+00,-6.367301286102889257e+00,-2.796774728237900298e+00,-1.223407095499898345e+00,-5.283789591451410139e+00
-1.879870325008421617e+01,-1.344708633513850948e+01,-1.259554463488455056e+01,-1.538248866204997078e+01,-1.437484855142258589e+01,-9.551327308625666035e+00,-3.839866124264156522e+00,-4.766455116504021206e+00,-7.701653181937814452e+00,-6.653935928174955272e+00,-1.128665147283832582e+01,-8.202242424014871247e+00,-7.058280265513267260e+00,-9.107320775285021597e+00,-7.750280944673159311e+00,-2.819834988992590219e+00,-6.138741401457832314e-01,-1.502284847476292207e+00,-8.070122730185968152e+00,-1.280010692945873529e+01,-8.272782336209566267e+00,-8.866366539975159000e+00,-6.523492118670739970e+00,-5.310045272225641710e+00,-7.191540474054325394e+00,-4.618298397705186353e+00,-7.662354976905666248e+00,-4.076158701051168620e+00,-2.001710284842562082e+00,-3.487024440849555429e+00,-5.444089808451537671e+00,-8.307789669656514775e+00,-2.774960986196369106e+00,-1.980108325565162808e+00,-6.003723134730591049e+00,-1.313252026060123256e+00,6.564017528075305474e-01,-3.554444680802652190e+00,-7.590848327877412594e+00,-4.152474466900568650e+00,-1.377175675113667674e+00,-8.010263359325205945e-01,-4.014825621570055070e+00,-2.416303292329188501e+00,-2.598911352199679836e+00,-8.915616392520547606e+00,-1.489624336293635487e+01,-1.592562852379020022e+01,-1.947184518457369151e+01,-1.911600363163547556e+01,-1.395973242193687902e+01,-6.733096418518374371e+00,-5.175434398791887602e+00,-6.112266926546332080e+00,-1.110806390973703728e+01,-1.251123106256233974e+01,-9.865821187931844705e+00,-1.086246069515024359e+01,-1.153769136430653042e+01,-8.356371320840967343e+00,-7.571957161842013839e+00,-1.725527928540157019e+00,-1.179925864954294301e+00,-7.338278429099280409e+00,-7.659078083420527427e+00,-1.106245792298826558e+01,-1.380778900334853176e+01,-4.596831504447485450e+00,-6.074844846655907959e-01,-2.182634399913230272e+00,-7.420850495374157418e+00,-1.507614832616034306e+01,-1.840334739393860275e+01,-1.830156883893122099e+01,-1.541966573518651096e+01,-1.722119682617769953e+01,-1.721380980324199328e+01,-1.820342121779463795e+01,-1.803662379097392687e+01,-1.637830951741633356e+01,-1.601213169825896188e+01,-1.612612329321053295e+01,-9.801663602581461632e+00,-5.464210407879516396e+00,-3.416082648489311424e+00,-5.785189876357761385e+00
-1.641475852118193757e+01,-8.857079248391945825e+00,-6.176074479372446469e+00,-7.469195327685989483e+00,-1.210966847689097214e+01,-7.970168584630689779e+00,-3.331135437347506834e+00,-3.576784987656669745e+00,-8.043464202689760256e+00,-6.072721250184619279e+00,-7.423726340286604497e+00,-1.419487355638096382e+01,-1.906239677749517369e+01,-1.673261110928222450e+01,-7.544736710896018828e+00,-5.322451412189886932e-01,3.789593215439938101e-01,-4.030788683966122221e+00,-1.249581058698756131e+01,-9.834448185585836555e+00,-5.600580333298399438e+00,-3.818442896918486262e+00,-3.366851924122346684e+00,-1.779100667152070381e+00,-3.680650132054192891e-01,-1.614974770702080509e+00,-6.273613955910879447e+00,-1.063260983215033484e+01,-5.284203109262112896e+00,-5.643427038821213770e+00,-3.253713434455891562e+00,-1.419932706857398808e+00,-5.721707394161752447e+00,-6.471685632846481795e+00,-2.272852585835823280e+00,-2.110246000918986287e+00,-2.652981339509506320e+00,-6.920969271477852125e+00,-8.869780539385690332e+00,-3.509972756472593769e+00,-4.433982064751979202e+00,-3.656172645555539003e+00,-4.591990765369006411e+00,-2.541295428308907312e+00,-7.054771596918198995e-01,-3.348716884812354522e+00,-9.382344517913711712e+00,-7.747392578327757739e+00,-8.038404119535142556e+00,-9.507589990841864847e+00,-4.761622560427360540e+00,-4.040902943848028173e+00,-3.847110359433848270e+00,-1.551905638758023898e+00,-2.281992470978213561e+00,-6.239380656531834379e-01,-9.641359875312800753e-02,-3.261010409610075822e+00,-5.310139809848868353e+00,-5.707621411285327184e+00,-1.034223829380428583e+01,-4.662005420887970430e+00,-5.428252659119552348e-01,-1.664500856143111385e+00,-7.753208042101095820e+00,-1.093971643147577844e+01,-9.391999278132242779e+00,-6.994013761518565353e+00,-3.994998376431718512e+00,5.299413452139977165e-01,-1.141359020757688025e+00,-8.339925562379924884e+00,-1.765709795114648273e+01,-2.027908094966684516e+01,-1.623324069631008726e+01,-9.068710979614548862e+00,-5.666799884716063218e+00,-5.484375194852589175e+00,-8.175319393627516362e+00,-1.461090717424873198e+01,-1.493975678564027909e+01,-1.302422185617548855e+01,-7.781828588429298144e+00,-6.542152434814977546e+00,-1.168295442466517464e+01,-1.342497073967038190e+01
-1.924954617569464688e+01,-1.186113063524697608e+01,-9.540206521976994480e+00,-1.229481895734335595e+01,-1.702880109903466632e+01,-1.051760074610018592e+01,-6.421367208238776492e+00,-5.421318917101576318e+00,-5.672311717260430264e+00,-4.423221693239138830e+00,-6.891629052298669400e+00,-1.563402801342592952e+01,-1.597342298322051590e+01,-1.553911048901900038e+01,-8.180104077089833226e+00,-2.112817521211477700e+00,-2.616213616143684639e+00,-8.728481001753843671e+00,-1.142778982972825830e+01,-7.510178874239667124e+00,-1.071143158610540524e+01,-1.321225721189993862e+01,-1.174219805479959611e+01,-5.542917263144023110e+00,-1.938867117004568597e+00,-3.991757559472737693e+00,-1.244895931600614425e+01,-9.073057883113394340e+00,-4.574268943935860143e+00,-4.435240857985638385e+00,-2.074326470824854329e+00,-2.927851714346671574e+00,-6.143934030995796824e+00,-3.826224718157571481e+00,-6.319085489475090078e+00,-1.444441954825670749e+01,-8.499359138480580000e+00,-2.549855319902172734e+00,-1.586888401298774731e+00,-3.068570719050769391e+00,-9.058718633560733480e+00,-9.389373557258197778e+00,-8.885150512893691399e+00,-9.310633083108728059e+00,-9.725630711131366013e+00,-2.769332689348428911e+00,-1.112797165959575896e+00,-4.339879117109848750e+00,-3.971643865421300656e+00,-5.880329452942921753e-01,-1.888931526411744555e+00,-4.994360131673685643e+00,-3.350261307015787615e+00,-7.658236928262840415e-02,-1.374334936023099640e+00,1.439396664164320550e+00,1.072279704862651117e+00,-1.671136045809355375e+00,-5.669629538961853399e-01,-4.096076985366130963e+00,-1.088238544273012387e+01,-5.994614472371021741e+00,-3.606997034533788060e+00,-5.758787199961490799e+00,-4.959661502668808453e+00,-5.247990932077869708e+00,-3.733801873827367501e+00,-6.772050420746548838e+00,-4.601966916921171880e+00,-5.318409307683882314e-01,-9.709608963382331259e-01,-7.264356525003455189e+00,-1.115462232955539434e+01,-9.867560252888512906e+00,-1.149287818372249603e+01,-8.192453266555116187e+00,-3.997429285155793988e+00,-4.900606769840908150e+00,-8.595441086146667686e+00,-1.514533894571639117e+01,-1.324862542407203314e+01,-4.533329940209065434e+00,-2.162320965030124054e+00,-4.764012498311869237e+00,-1.357802764696019260e+01,-1.795165968669279977e+01
-2.399433322717215233e+01,-1.568251588963370224e+01,-1.204767976644384930e+01,-1.459753546095986465e+01,-1.323707852745784130e+01,-1.471991790341966855e+01,-1.334434163479404667e+01,-1.269744258664036529e+01,-1.307067272908814992e+01,-8.181034129312021008e+00,-5.854459381740511503e+00,-9.297875678038778346e+00,-7.294269420945917126e+00,-3.863445742325928300e+00,-1.360610861953068795e+00,-3.438539423101816261e+00,-1.030507096045344895e+01,-5.592110126983118157e+00,-3.002599526530856711e+00,-3.840865068990765518e+00,-9.005987738834992484e+00,-1.679424298446597064e+01,-1.247568707338726313e+01,-2.623311972455299124e+00,-1.332230626748082125e+00,-6.239380830004882306e+00,-5.961836579454820928e+00,-4.137238803340960835e+00,-7.796429466964491795e+00,-7.871508187678365687e+00,-4.572971105525573954e+00,-2.527249233037382581e+00,-3.159768691492865322e+00,-2.905517292834590926e+00,-6.779237780179686368e+00,-1.172640376964598197e+01,-6.630116031142591737e+00,-3.854764182904365732e+00,-7.193240643702651926e-01,-2.376753363796316076e+00,-1.185707893580880778e+01,-1.366472909559730375e+01,-1.806341504595661718e+01,-1.862879874324070428e+01,-1.686540463043533222e+01,-8.556671388959156133e+00,-3.825682562573293755e+00,-3.055594445451496721e+00,-3.100929628478235056e+00,-5.240911882421364076e+00,-7.951897714713602738e+00,-8.175340277661803157e+00,-2.207036222310786666e+00,-2.530949967309036319e-01,-3.646546371046983093e-01,1.559562860821011310e-01,1.332631826777551431e+00,-2.684564472190353324e-01,-2.932424093217843031e-01,-5.476317694395574698e+00,-1.676661012554896857e+01,-9.460748734819979688e+00,-4.822078357671053084e+00,-3.650089175110675654e+00,2.248494550354693533e-01,1.615370295895619090e+00,-2.375832973708370321e+00,-1.119544415801536097e+01,-1.144542533591503464e+01,-7.260989697237733687e+00,-7.537859328133800219e+00,-8.589504087244280939e+00,-7.856028990891143593e+00,-3.427783464117132084e+00,-2.306049655260916431e+00,-3.958522899943681228e+00,-9.606174855286838010e+00,-1.330052298989914839e+01,-1.446357099427521753e+01,-1.632399770321736909e+01,-1.171698504094859139e+01,-3.693653129547735059e+00,-6.631586452487459038e-01,-1.880082831877987637e+00,-8.851132743856833685e+00,-1.180120416633955394e+01
-2.169691355901819918e+01,-1.626174530364174942e+01,-1.007923534717268588e+01,-9.186210678733942814e+00,-1.161622805449798790e+01,-1.420934581665592411e+01,-1.026790659254743865e+01,-8.694330494026191403e+00,-9.258610014494450979e+00,-5.844757813987085271e+00,-2.088586957059722415e+00,-3.940734445366240735e+00,-9.034985136439782849e+00,-3.775087651046604265e+00,-3.128323744766757120e+00,-6.276503657566681937e+00,-1.180270580162528837e+01,-1.189263781290928002e+01,-9.815108566793776745e+00,-9.274729048022786415e+00,-6.858759158895216146e+00,-7.712336690815606133e+00,-3.196900922733755479e+00,-2.171350799664706899e-01,9.656884975212391975e-01,-2.613016097075021582e-01,-4.656885714792710296e+00,-6.515825984814695104e+00,-8.428739535899563151e+00,-1.298057570257259741e+01,-1.514533962821232471e+01,-5.589900968240872459e+00,-1.638274471572322977e+00,-4.186556152203156245e+00,-1.347368542065147246e+01,-1.189402423818588517e+01,-7.031595106229527659e+00,-7.238597549576283541e+00,-2.394019991978789452e+00,-6.877898983826207235e-01,-2.339366021162638365e+00,-7.112339790313298771e+00,-1.332029604001809631e+01,-1.635877973250760320e+01,-1.278643190041753108e+01,-1.347174148523170523e+01,-8.171653660199114100e+00,-5.870678331048888587e+00,-6.845544338360951109e+00,-4.266752946446471739e+00,-3.330410737069750216e+00,-4.169428367974176153e-01,-3.469451753028049978e+00,-6.394832493710457477e+00,-6.533689200138772968e+00,-8.766079824474704907e+00,-1.405921292843169246e+00,8.323675751479925333e-02,-2.767723500519770674e+00,-4.443303012651682593e+00,-8.873510551134138780e+00,-1.336764735665940229e+01,-1.059047863592628325e+01,-6.442269270423286898e+00,-1.968522505622307461e+00,-9.013143291817764247e-02,-1.734123817299322079e+00,-9.796867690468562984e+00,-1.667930914700486156e+01,-1.227073951668411667e+01,-1.142264119814370460e+01,-1.471798797600141917e+01,-1.061812017846653511e+01,-1.046882488390871657e+01,-3.969560092953140273e+00,-3.572813184016547794e+00,-8.656968792708491733e+00,-6.915745896296148665e+00,-4.413377766504542166e+00,-4.958843894320618340e+00,-8.548094964323153633e+00,-1.041349119721478189e+01,-9.021345638534949529e+00,-4.371923027671198447e+00,-3.756922641669520946e+00,-7.934048595774264356e+00
-1.229674242107012816e+01,-1.065633847513271704e+01,-1.448962451756455572e+01,-1.954681030302557332e+01,-2.004510065617452241e+01,-1.760667568672704419e+01,-1.086010335601923060e+01,-6.238729875392586166e+00,-3.227185292116131698e+00,-1.749777758364274183e+00,-2.395970434893299306e+00,-5.465669886870238692e+00,-9.391812090200321705e+00,-1.452607232559728345e+01,-1.046563821667023220e+01,-1.146197111915996025e+01,-1.692669989066269665e+01,-1.657714303804717915e+01,-1.567816087990316731e+01,-1.070250030589922652e+01,-3.293444004728288022e+00,1.066432148191494844e-01,-1.080763714302700906e+00,-5.164709086002931215e+00,-2.247134138553630756e+00,-4.493892987102326764e+00,-1.183401122029501096e+01,-8.372285046955955323e+00,-4.266000081394009769e+00,-7.313355954669643388e+00,-1.102485424450790674e+01,-1.033067883539745857e+01,-6.105386919875181562e+00,-2.120014284936469373e+00,-3.172189030930478104e+00,-2.048097428614682247e+00,-3.010232633100609068e-01,-1.503057757609360223e+00,-7.964683152337110883e+00,-6.992342118746138979e+00,-4.394034902213268978e+00,-6.747824837688271238e+00,-1.376236149281945842e+01,-9.672207791386670195e+00,-5.061163430450526413e+00,-3.269426902681447089e+00,-2.559765505739523217e+00,-4.819188566139067653e+00,-8.511347099228670388e+00,-8.495102562863408480e+00,-1.209840037055732953e+00,1.166289426261942985e+00,3.189456176398435816e-01,-1.480166510219359299e+00,-3.682484952137069723e+00,-8.196607256244213602e+00,-8.280964971726177737e+00,-3.239322495469041385e+00,-4.241841040550773378e+00,-4.065460121557685547e+00,-6.951544667928273746e+00,-1.273009928219190989e+01,-1.153850554145929408e+01,-1.314394466385586568e+01,-1.260200507995736530e+01,-1.354735567790406314e+01,-1.258446126141165955e+01,-5.572866703490264584e+00,-4.325740822789948758e+00,-3.651843572305586427e+00,-6.726849417536313602e+00,-1.436656313224603210e+01,-1.081877548471875272e+01,-4.406513545687047007e+00,-3.981027428330924378e-02,5.375166175716364902e-01,-1.579748214806677931e+00,-3.393592148272761566e+00,-6.452113620421221718e+00,-3.951571043776277214e+00,-1.364848097487659784e+00,-2.499389254749318834e+00,-4.244546771236119120e+00,-5.439905137859839535e+00,-1.155780758293530397e+01,-1.331510529399828080e+01
-5.864435100373420973e+00,-9.172191867391571662e+00,-1.842568135989531442e+01,-2.135911011513863045e+01,-2.148083734785327437e+01,-1.938396955264433785e+01,-1.851276247009976217e+01,-1.816518707948786471e+01,-1.560151630480780938e+01,-1.448308202032824532e+01,-1.527439958721626745e+01,-1.858348014245506619e+01,-1.823723463065751460e+01,-1.999259827064193829e+01,-1.400072066474506904e+01,-5.563214477464442531e+00,-2.506024594514680626e+00,-2.528053202800530919e+00,-2.611049470211999513e+00,-2.954845680170941513e+00,-8.120968324844973552e+00,-7.458599355227521599e+00,-2.107356106738012436e+00,-2.923965054576619149e+00,-4.843874131976306785e+00,-1.232124722068631772e+00,-1.851173815049074634e+00,-4.571434157445515289e+00,-1.725476619308967230e+00,-1.508214119180336210e+00,-6.758047652352630053e+00,-6.659407379973025343e+00,-3.213256045832042940e+00,-4.078051340801797764e+00,-7.693464732451634980e+00,-6.256141506567688637e+00,-4.866652679046658214e+00,-1.090828316414618637e+00,-4.217146027449319767e+00,-1.006742325369695301e+01,-6.412722437322594615e+00,-9.760890405141671167e+00,-1.708094452082655934e+01,-1.303771453868341723e+01,-7.173435390905569697e+00,-8.951780963717526518e+00,-8.376198308272215343e+00,-2.641872433187503866e+00,-2.174913279060807447e+00,-4.161833362070885833e+00,-6.947570695108129968e+00,-8.254972875640792296e+00,-5.365140313716278087e+00,-6.902935566565462366e+00,-2.774574562232721142e+00,-1.940350707212928683e+00,-4.509355988352157674e+00,-1.226247043790071878e+00,7.176822868143812872e-01,1.451017915548005854e+00,-6.809830438587387569e-01,-4.081650654636039377e+00,-6.454653867783437526e+00,-1.247454187888225441e+01,-2.001527589332056323e+01,-2.158178606106124775e+01,-2.085235519536578863e+01,-8.985454942206390072e+00,-2.279843351199426937e+00,-2.610074093991904931e+00,-6.924655750962614320e+00,-4.376749077431710155e+00,-9.880927954125040547e-01,2.449970832158534062e+00,1.840382390602257168e+00,-4.051443067854732405e+00,-1.618646050093851940e+01,-1.328477297984916738e+01,-9.245602950795007047e+00,-8.492978761441834834e+00,-2.959008724905038523e+00,7.211029813607144900e-01,-7.629785523318884932e-01,-5.501340998535733995e+00,-9.470166857460982968e+00,-1.404594999051276005e+01
-1.327118294839640633e+01,-1.168929511172170876e+01,-1.020704639685972914e+01,-1.075977352375292639e+01,-1.285949003878440600e+01,-1.926913849634068754e+01,-2.289161316129087353e+01,-2.277491956448736943e+01,-2.312532310813437775e+01,-2.286107278234176121e+01,-2.328585324032616199e+01,-2.258627096387266064e+01,-2.235459936848123519e+01,-2.260788416134491996e+01,-1.467315271610522132e+01,-5.573858632134693458e+00,-1.141074236949376042e+00,-4.608416606775193602e-01,-3.160132956980791441e+00,-7.556157228828386252e+00,-1.194847259721683130e+01,-1.163351563733952609e+01,-7.236651377823516640e+00,-5.672954388645313983e+00,-1.252576092479818159e+00,2.438066252759650610e+00,1.769296257106590886e+00,-2.411240584274330967e+00,-2.261394891703060406e+00,-4.302847194934143360e+00,-6.334766874104055923e+00,-3.668664880779408222e+00,-4.232665899117256991e+00,-6.728686582268649019e+00,-4.232181946562162622e+00,-3.926255712642881868e+00,-4.445607589486673561e+00,-2.119367009943896818e+00,2.267443679832099879e-01,-2.297498863221960175e+00,-4.253864630004604130e+00,-6.130728563896330918e+00,-8.865443948009371411e+00,-6.079810581703222638e+00,-7.000044499644796581e+00,-1.329385869466621450e+01,-1.237398186894773566e+01,-1.063015856383410984e+01,-9.152231086898623857e+00,-9.258046177507356589e+00,-1.185368557194717098e+01,-8.235545875461957266e+00,-3.819212990862722812e+00,-2.622420458322149095e+00,-7.413888684097137194e+00,-4.401257674740696402e+00,-9.504412586857629019e-01,-4.192636549671870050e+00,-7.133853292954687397e+00,-4.299062211727652461e+00,-5.988596454563547056e+00,-8.560046637786253854e+00,-1.090346215972463639e+01,-1.423305273056030273e+01,-1.608369664199479487e+01,-1.490479701165934578e+01,-1.700284693350318577e+01,-1.060679733207207676e+01,-3.177447210968905811e+00,-2.191629298927106007e+00,-4.310611516777568042e+00,-8.315252041836750374e-01,1.076992118125070563e+00,-1.640032428362982575e+00,-2.765064853616769902e+00,-7.129471516848065349e+00,-1.629347978111441719e+01,-1.331002372730779371e+01,-6.420050139645583798e+00,-5.606644956679403435e+00,-5.075894141697701478e+00,-3.831880869425634106e+00,-7.027866060561180461e+00,-1.423793855332236191e+01,-1.618169480789708814e+01,-1.837176154042018439e+01
-2.470210833221901581e+01,-1.783238807707342488e+01,-1.220524612455877644e+01,-1.180939328124505039e+01,-1.424668790092905013e+01,-1.764335099431394482e+01,-2.226348852019273750e+01,-2.348319069847805807e+01,-2.361708120535348243e+01,-2.407417853733965529e+01,-2.343433518264129845e+01,-2.260621503109240393e+01,-2.287864448642002557e+01,-2.205188860966049091e+01,-1.564653409983365506e+01,-1.234071299865955673e+01,-1.227279814656909274e+01,-9.840709747703931143e+00,-1.366214131853962677e+01,-1.641972092817757911e+01,-7.727416072410481895e+00,-3.402963675979794989e+00,-3.769320225536837654e+00,-3.271007648775267729e+00,-6.155618854304277798e-01,-1.676859241378856114e+00,-5.763853022238623502e+00,-4.291471597466632204e+00,-3.149539664302390740e+00,-6.697343292013379745e+00,-3.721726077612318662e+00,-5.255276927902214013e+00,-1.251063650436983821e+01,-8.551459244303121210e+00,-5.756264694367414503e-01,2.002530827926372492e+00,-3.698129964128620273e-01,-6.143091353338979710e-01,1.097716508620064868e+00,-1.033704919882744377e+00,-1.921529354829961456e+00,-6.421295743098649478e-01,-2.031929257491119856e+00,-4.000473148125500700e+00,-9.078771883067284776e+00,-1.426106293510844658e+01,-1.012017061669407880e+01,-9.758491303288300500e+00,-8.805683532914587275e+00,-1.004298255985019850e+01,-1.588494793331350152e+01,-1.303613658897749339e+01,-1.261222240033040443e+01,-7.099688660666232387e+00,-3.030229463775194532e+00,-5.689476266048337116e+00,-5.284172702950375999e+00,-5.985398456966149361e+00,-8.970296366524150855e+00,-8.164491679377228195e+00,-1.294520809905219672e+01,-2.042259270362271550e+01,-2.139330210940528332e+01,-1.819297035777841742e+01,-9.859713962514891961e+00,-5.549731354449541243e+00,-4.536309115048355878e+00,-4.504856632091104984e+00,-7.317015594539751255e+00,-9.688409180302201662e+00,-7.684585135003537459e+00,-3.094044803474667038e+00,6.910258640174377076e-01,-1.421478203347642300e+00,-3.011069694065172442e+00,-6.411978918063731214e+00,-1.104374625142805932e+01,-5.424152584092420959e+00,-4.622068623777564333e+00,-6.800081446198106505e+00,-5.629982127943112147e+00,-8.474480208094792744e+00,-1.461357404894501144e+01,-1.121729486862211722e+01,-1.203465455815992335e+01,-1.563683130813918964e+01
-2.450444820455012263e+01,-1.782356445934936318e+01,-1.362345251691250425e+01,-1.552482194299916252e+01,-1.790816112511030767e+01,-1.876270733261836554e+01,-2.173010143614907363e+01,-2.019890056857625993e+01,-1.978246384540587144e+01,-1.782718469714390253e+01,-1.796253036997700292e+01,-1.995061108356213708e+01,-2.265771844186855688e+01,-1.780979684563993359e+01,-1.067425859156455736e+01,-8.225443686465270687e+00,-7.267875755106219415e+00,-7.919117420911788940e+00,-1.419921743460283992e+01,-1.643993989292901858e+01,-6.504442428942513565e+00,-1.328653007771514183e+00,1.759173039467791869e-02,-3.437072386905614785e+00,-1.230098967450379455e+01,-1.622973285831567836e+01,-1.103215940854021682e+01,-7.245983130604256139e+00,-8.017254271636938157e+00,-7.138805922547369676e+00,-5.538211800897394177e+00,-1.138429129078187962e+01,-1.407165759665365456e+01,-8.418148408181794551e+00,-4.870510075625230861e+00,-1.538969381487100163e+00,-1.773806038591655199e+00,-6.186603254642166760e+00,-4.431703028078937123e+00,-4.953534620341255024e-01,-1.508966064684278185e+00,-8.605060263507544605e+00,-1.487943278287203341e+01,-1.195764327595252041e+01,-1.419584903735240822e+01,-1.031807471049650893e+01,-4.677249789863597407e+00,-2.344770035912631112e+00,-2.936659077907564086e+00,-6.679901221781286758e+00,-1.329100170117298241e+01,-1.070015116047313164e+01,-6.211823380929026861e+00,-3.037298972754852944e+00,-1.658769791394841819e+00,-3.555472283958251101e+00,-2.766924807346845316e+00,-1.291837065250484917e+00,-2.376741054646811957e+00,-3.975106183922927805e+00,-9.086411776433465093e+00,-1.917663358368036342e+01,-2.222387389190324214e+01,-1.940385363120159212e+01,-1.182066764995341934e+01,-8.156594956649168893e+00,-7.784721177554767557e+00,-8.025644164390236313e+00,-1.040324656153453198e+01,-1.327089769330643598e+01,-9.022679304803601141e+00,-6.632853861727559419e+00,-3.191053056864837423e+00,1.016925795053537085e+00,1.425181393319703949e+00,-2.382958961626957528e+00,-2.809947119904451007e+00,-9.514226485021547441e-01,-3.374803874431931749e+00,-9.844975601170808943e+00,-1.492950556660426464e+01,-1.726982587348413745e+01,-1.334692776567153416e+01,-9.373080549804308603e+00,-1.087185948768644828e+01,-1.722403729962938712e+01
-2.467833356820900192e+01,-1.900222348347875112e+01,-1.062212307489555307e+01,-6.677203493263885292e+00,-6.619373381592844829e+00,-8.706078639922251838e+00,-1.018305637135760477e+01,-8.580642218580683434e+00,-5.563694579453911437e+00,-5.153853831336413727e+00,-8.190481137683374158e+00,-1.677527869202708644e+01,-2.287678925681660047e+01,-1.397507257861945540e+01,-6.274682753413688197e+00,-4.422335832401086186e+00,-5.746993526588869194e+00,-4.878326323082428750e+00,-7.362780697473132463e+00,-1.041720584330668053e+01,-1.163084228530184916e+01,-7.426063845118948237e+00,-5.225461497099515462e+00,-9.778808672919527822e+00,-1.731970603957431010e+01,-1.392288209554803302e+01,-1.057934257769175090e+01,-4.147735410812710910e+00,-3.519512521387397896e+00,-4.172496150884038357e+00,-7.912583590748201168e+00,-1.673699428561989677e+01,-1.334664787772957517e+01,-1.416822006593223726e+01,-1.529506091125138845e+01,-1.576982875293447783e+01,-1.424978714134856972e+01,-1.371578969482247068e+01,-8.590613069140729863e+00,-6.678924514336213036e+00,-1.077189911830857483e+01,-9.938767180415510438e+00,-1.205923488485904116e+01,-1.018333023877544186e+01,-6.365990738263566762e+00,-3.707634274286168097e+00,-5.251959630096231457e+00,-1.214122306726133615e+01,-1.006036169792859525e+01,-1.068397202928557732e+01,-1.290638408042092422e+01,-7.862603367057465320e+00,-3.564920591972483788e+00,-3.660764770854250116e+00,-6.919348165776779247e+00,-1.052694309804275719e+01,-6.137613279346860296e+00,-4.790051470313377635e+00,-6.334232061361993793e+00,-9.086496976097576450e+00,-1.267485692528367913e+01,-1.865935051532192190e+01,-2.238848963766607625e+01,-2.161639351153191768e+01,-1.906363847055508032e+01,-1.895044432705595128e+01,-1.935914903287669020e+01,-1.566740036010742188e+01,-1.388962372568727410e+01,-1.551640065389735135e+01,-1.501489343715988056e+01,-1.620172901189964065e+01,-1.392184376307116267e+01,-4.425195517391677491e+00,-1.510048195127867032e+00,-3.684030565379884159e+00,-4.002603949736341704e+00,-1.433190027712613279e+00,-3.318936609037447916e+00,-9.443524218747349153e+00,-1.529013052696490149e+01,-1.567128574211178815e+01,-9.497366673178003538e+00,-4.497860972517177203e+00,-4.896694065732810408e+00,-1.005627442452743736e+01
-2.398951109129053805e+01,-1.938136453118942981e+01,-9.231438388806262552e+00,-6.041188454809989672e+00,-9.536530759043365890e+00,-9.747606647833613636e+00,-1.006210177545329110e+01,-7.580034367455780853e+00,-1.566383047770524062e+00,-1.211466181525855612e+00,-5.631531283373140795e+00,-1.575268417551317235e+01,-2.185281804499735259e+01,-1.367839302952963010e+01,-6.158456536422248995e+00,-5.272231930788635168e+00,-6.289377605983319519e+00,-4.395036215318068429e+00,-7.408284931464959477e+00,-9.002999357139790604e+00,-5.996773026371729820e+00,-3.557714887077116916e+00,-4.530387925851435682e+00,-1.017172361148222670e+01,-1.133854864116843508e+01,-6.361544022578319080e+00,-2.129259422274825564e+00,4.218340423022564067e-01,6.120536003256472624e-01,-5.784715181854215293e-01,-2.444715185165047711e+00,-3.929555486365157613e+00,-4.640299701530002707e+00,-8.096016826520440191e+00,-1.549615182767387545e+01,-1.898783044232666839e+01,-1.984382546676024361e+01,-2.040098598531184138e+01,-1.241171897913663358e+01,-4.163455477855275255e+00,-2.402554625296033919e+00,-3.433836313959865105e+00,-7.774637404288954556e+00,-1.166883782212060794e+01,-5.156203488812192148e+00,-4.261245217145853914e+00,-7.397030403595844739e+00,-1.307593904378759930e+01,-2.024735093480758152e+01,-2.169239925792199131e+01,-2.085499530894155740e+01,-1.003304329355254509e+01,-4.885277358175233786e+00,-7.357545231767567806e+00,-5.754142455322995175e+00,-4.581494717083814727e+00,-9.669347011704594763e+00,-1.016920429559154293e+01,-1.219413086749215225e+01,-1.860997444982747240e+01,-1.891833541866477120e+01,-2.056412862639390937e+01,-1.935700092424873020e+01,-1.821389346450339630e+01,-1.817802328644818033e+01,-1.957812076033526694e+01,-2.064697143503727972e+01,-1.387124930993291194e+01,-5.513601048785538694e+00,-4.525470743496113002e+00,-6.504811595266912327e+00,-4.879204462588949909e+00,-2.342123597224051057e+00,-1.250838107715373182e+00,-5.626847127779521784e+00,-7.467073568178497212e+00,-6.529661906470779265e+00,-1.116744171219472648e+01,-1.272711451090019175e+01,-1.468736160165481053e+01,-8.699596836366726649e+00,-4.188113684019514338e+00,-2.005928426749599591e+00,-3.084920210639398697e+00,-5.432832079957317539e+00,-8.226402763874476776e+00
-2.157332482410751240e+01,-1.470922980144733749e+01,-9.013961068546498367e+00,-8.333495624647795808e+00,-1.014421272277832031e+01,-9.498073320352395044e+00,-7.929965281304512281e+00,-6.788767640372268986e+00,-6.403573250078119727e+00,-5.558825489275783127e+00,-9.427013692055039584e+00,-1.842732537611750132e+01,-1.861394927519878451e+01,-1.802644298276828394e+01,-1.062358341599238720e+01,-5.161497457109335052e+00,-6.552806479102782689e+00,-8.430327807218974456e+00,-1.015816373087977631e+01,-1.198904024644662414e+01,-7.673124235777454949e+00,-7.368277949003773308e+00,-8.260407024439965440e+00,-1.168679177488079546e+01,-1.399168161308492486e+01,-9.172277900098844583e+00,-9.740230349638990148e+00,-9.587343186602167222e+00,-7.046115488553319928e+00,-8.918286046677959433e+00,-7.597769780013397423e+00,-7.194045810284846354e+00,-4.128084853632759454e+00,-6.885129875976250702e+00,-1.483891391845149776e+01,-8.817016699614415032e+00,-7.206945736544164482e+00,-6.881095752432828228e+00,-5.134666879782240123e+00,-5.980030630145556358e-01,1.157541113591909365e+00,-1.705620720243181010e+00,-1.086838854633214879e+01,-8.395584059353092599e+00,-7.662038766473304285e+00,-1.449655017051988004e+01,-1.774812371039208614e+01,-1.757675819451572252e+01,-2.181749863296974823e+01,-2.225135859460321086e+01,-1.917803728216476955e+01,-7.946241756431929204e+00,-3.569306887259692473e+00,-1.545524463612045984e+00,-9.299349403827780192e-01,-2.752080443162357337e+00,-4.259079239004156747e+00,-5.801759713706169386e+00,-1.240904828018814499e+01,-1.074007212205697570e+01,-7.596169825643301010e+00,-6.846941691524711437e+00,-7.387440772105065001e+00,-1.212628982108057940e+01,-1.056220251845039471e+01,-6.551261722700286505e+00,-5.849198488532814544e+00,-4.046108362852784524e+00,-9.520411161885362628e-01,3.469205764360581146e-01,1.119003216936857337e+00,-1.544361626450327929e+00,-7.705916808494224668e+00,-3.535480431876881102e+00,-1.917680071163851530e+00,-3.698097030426027221e+00,-7.566303340533307775e+00,-9.965641918073174566e+00,-8.786293633339059994e+00,-1.113092402084410715e+01,-9.106294387681337810e+00,-4.158953853577147974e+00,-5.993079768380022543e+00,-1.241280505288648328e+01,-1.787451515943949332e+01,-1.562837391500254647e+01
-2.121076393673438076e+01,-1.705478371736657550e+01,-1.670286613930272779e+01,-1.741719369396908590e+01,-2.031624870627890900e+01,-1.669962203047657567e+01,-1.019758137992320179e+01,-9.245888886105923632e+00,-7.855236146712803347e+00,-8.799944076658659853e+00,-1.058313463503167817e+01,-8.419955610773945054e+00,-9.712782717388094511e+00,-1.498763254671606404e+01,-1.146140530045705930e+01,-5.701306644286818326e+00,-6.573779884640496896e+00,-7.477549402654625865e+00,-9.165373234348443532e+00,-1.223441573499723312e+01,-1.542174763624904799e+01,-1.479573283918941229e+01,-1.463857715639449175e+01,-1.178134729798513547e+01,-1.485866173715081828e+01,-1.297785587529189755e+01,-1.241416873276688726e+01,-1.312226021653823338e+01,-5.993299802068535520e+00,-3.523851628248217072e+00,-3.301141072562291612e+00,-1.670509885378068216e+00,-1.014179420107371277e+00,-4.570185950121225638e+00,-6.957800044503972714e+00,-3.352671970129866175e+00,-3.562052071158496869e+00,-2.338171302874124891e+00,-6.248526291879079153e+00,-9.098706342443426465e+00,-3.125744524816200354e+00,-8.036391350062108696e-01,-1.525304792036856316e+00,-3.621096080496111203e+00,-7.862148678484763842e+00,-1.623616570370797874e+01,-1.985148875039952543e+01,-2.127535904454821036e+01,-2.069294534748746983e+01,-1.964923512662640093e+01,-1.772235195418350528e+01,-1.041117319714932066e+01,-6.113928399013198955e+00,-8.854066364979015447e+00,-4.561988031413434896e+00,-4.591406097081098814e+00,-5.969681933593317780e+00,-4.441469156332598089e+00,-8.458466563515990799e+00,-7.041606106375920326e+00,-5.627643983668953354e+00,-4.059352230274416939e+00,-5.538714061427207902e-01,-1.197019309873643023e+00,-3.789324606832770836e+00,-5.966836341351043238e+00,-5.172109589250829309e+00,-9.146921955764858447e-01,-2.860718055987261366e+00,-5.323432560405828795e+00,-5.173023949270598720e+00,-7.748547174608804156e+00,-7.447293222860525752e+00,-1.149425497855848910e+01,-1.354550897483607308e+01,-8.962719386315527004e+00,-8.839730565784542193e+00,-7.481088427812543351e+00,-3.764229231080367555e+00,-3.853474440650289434e+00,-4.341806513207559171e+00,-8.388182655545591615e+00,-1.625626451960046737e+01,-1.951264882087707520e+01,-2.058451651252863002e+01,-1.820594226676999128e+01
-2.087787451634880398e+01,-2.296558705541013623e+01,-2.373056086693101108e+01,-2.319017009607708246e+01,-2.309807975601604113e+01,-2.186189327349189426e+01,-1.691880557919276740e+01,-5.471742400231252468e+00,-9.363773747119352731e-01,-1.816123778943349310e-01,-1.779688439572777447e+00,-5.492875348179395267e+00,-5.905881097753539422e+00,-8.770257981223913646e+00,-1.044859789255011151e+01,-4.601294691169648843e+00,-3.462120762820007247e+00,-6.144914625937701658e+00,-1.061119158577372978e+01,-1.076283656322319082e+01,-5.282534309470926281e+00,-3.254031093037538014e+00,-2.994795534867066511e+00,-5.217568499555114592e+00,-1.158475912299775068e+01,-1.030129879394560355e+01,-6.460488851288802792e+00,-5.057507768500852485e+00,-4.218200652426435937e+00,-8.605220061449603719e+00,-9.395601934376562880e+00,-6.054837655414692321e+00,-4.649936010240833362e+00,6.508779979274494920e-01,1.325261678297618317e+00,-2.074989066988883746e+00,-5.182685061855568875e+00,-1.594416851262234980e+00,-1.871306653358468797e+00,-7.593201941142271316e+00,-4.157654394829318534e+00,-5.469506989453584822e+00,-7.166348290617688299e+00,-4.077769048568856469e+00,-8.530333983989162761e+00,-1.688087631454904525e+01,-1.203494767924301456e+01,-1.067016951617507559e+01,-7.549241978924841945e+00,-6.709483162911416443e+00,-9.660564667893616786e+00,-1.174823696581461974e+01,-4.454020609845449563e+00,-1.767812089498673744e+00,-3.889108394137548164e+00,-8.444125471793057613e+00,-6.334589275538579756e+00,-3.965239937523849179e+00,-6.104933756538702738e+00,-7.510857174023701788e+00,-1.092883755232541532e+01,-7.766935410178870569e+00,-4.880109675928864799e-01,-5.229864266855670518e-01,-9.119393448594189877e+00,-1.556209307135516440e+01,-8.114666338306175675e+00,-1.371317385239988695e+00,4.338644520816826722e-01,-1.790441670674539187e+00,-2.880788661681741303e+00,-3.532114448143126584e+00,-3.668325424990581229e+00,-7.271375815376980967e+00,-1.482451978075595278e+01,-1.387774407408619659e+01,-3.805479772702634378e+00,-1.118596177521510027e-01,-1.932387020034233016e+00,-6.302217801097284244e+00,-5.334757027337114543e+00,-1.054094796371824039e+01,-2.004566611770455253e+01,-1.922648128389402089e+01,-1.727916972509777338e+01,-1.471028767833272966e+01
-1.438337585216260095e+01,-1.430535366152989063e+01,-1.642288870483864471e+01,-2.051426832912532561e+01,-2.389579861218692614e+01,-2.347904861610354388e+01,-1.607759807401031082e+01,-8.754776304232255058e+00,-4.612589004506420842e+00,-4.370518704988275438e+00,-8.080874283520774526e+00,-1.051932154629976779e+01,-6.508339157768788574e+00,-3.936941641788104906e+00,-3.984948727579517236e+00,-6.101810893484654663e+00,-1.154177585858425026e+01,-1.435482122151906204e+01,-1.431718129647597060e+01,-7.935813859218859179e+00,-6.839000212782211818e+00,-1.179667720790127738e+01,-8.790534407014154894e+00,-4.392390121442784512e+00,-3.189549568640636767e+00,-3.594269956698470381e+00,-6.797139676927610452e+00,-6.552124851006252193e+00,-5.785709459818046518e+00,-1.420316216690849664e+01,-1.159294647751873697e+01,-6.174924583835456282e+00,-2.517989903194332246e+00,1.539910223439223902e+00,2.587283342398653541e-01,-5.587969798843539948e+00,-2.725280935129591686e+00,-5.076810482142933623e+00,-7.784925709428791585e+00,-1.783786778256051919e+00,-2.701978316466601360e+00,-5.873763562002368488e+00,-1.172189134007358913e+00,-5.197788230332328618e-01,-4.497909623233757870e+00,-1.028041975734798008e+01,-6.277394307706192222e+00,-2.583614237265277502e+00,-1.793472510570560674e+00,-2.049863900454539145e+00,-1.755184601636679886e+00,-2.066870383373088593e+00,-2.213849253616142931e+00,-3.748799715944715061e+00,-8.621523453192857289e+00,-1.899389765007805408e+01,-1.724475582455860589e+01,-5.316171803120665729e+00,-1.121139704980283147e+00,-1.846898595730503967e+00,-3.880437453928801794e+00,-1.247342968894122439e+00,3.890415510813214905e-01,-1.305030771029068060e+00,-6.857503547695756652e+00,-1.463796106640619143e+01,-3.847520194062607590e+00,1.334565505695543441e+00,3.250495891445778218e-01,-5.535713445132185662e+00,-6.447433760944213610e+00,-9.337439549792707183e+00,-6.740016208691451460e+00,-3.571778206666575972e+00,-6.680366597502698234e+00,-1.008896050312136872e+01,-5.490706547069228449e+00,-6.595951139354608861e-01,-1.787298636807782781e+00,-2.476349024661062881e+00,-2.398540736673727025e+00,-6.413741626357304604e+00,-1.044169152419985735e+01,-8.261649631361924762e+00,-7.265607585433785154e+00,-9.298775894041279244e+00
-9.188772835804305927e+00,-7.420712147050231522e+00,-1.029645714869026030e+01,-1.883181375674618963e+01,-2.399366987388552630e+01,-2.310343931467478384e+01,-2.024878064002699674e+01,-2.063860905625438136e+01,-1.443123088993188929e+01,-9.255737982633458927e+00,-8.981393350672176368e+00,-7.615118755184057342e+00,-9.789085372941183749e+00,-1.241426479952935935e+01,-1.225199255028753775e+01,-9.461971534117488147e+00,-1.293654334272137163e+01,-8.591989485817101979e+00,-4.340149091314951413e+00,-2.217779611930506878e+00,-3.304407558169301318e+00,-7.395516714511282785e+00,-8.642478911305657263e+00,-7.765900981107741075e+00,-5.086798733400053507e+00,-5.761458453260635826e-02,-1.461254469598003647e+00,-3.938425718257488217e+00,-9.956571359670798316e+00,-1.851004163909504285e+01,-1.354507804371928437e+01,-6.606882771235386365e+00,-4.833266591322644246e+00,-5.007706958096730609e+00,-2.254866147550260269e+00,-1.647960592416747749e+00,-4.637925155915831432e+00,-1.036147596226393652e+01,-1.224798695003713433e+01,-9.645494726322988654e+00,-3.617699799593538046e+00,-7.801342553473326058e-01,1.583887257387964764e+00,3.032068811989752088e-01,-7.479044912397179168e+00,-1.665999659873147110e+01,-9.609031897464781480e+00,-6.595962378814930638e+00,-1.205267881890687853e+01,-1.506246743516157593e+01,-9.631686614556166148e+00,-8.201452269933350081e+00,-8.680510312887548707e+00,-8.613845305815907238e+00,-4.482486893771258529e+00,-5.689207706987886581e+00,-5.701743181453633902e+00,-1.387477765525851225e+00,-7.581345908030980851e-01,-5.580613680326074189e+00,-4.923552717985087313e+00,-4.193091650775150114e+00,-9.190401231998023945e+00,-9.157191852001004051e+00,-5.025180992279343783e+00,-6.713481694911357600e+00,-7.811654304591441056e-01,9.951356408712347390e-01,-2.610026889122517790e+00,-5.384937493510913775e+00,-7.982934602344308850e+00,-1.537676492447161536e+01,-1.076907094198328885e+01,-5.089942662315514177e+00,-2.677960715716960483e+00,-2.767987559003869169e+00,-4.495073504552230759e+00,-8.453454342124209209e-01,-6.635395613048431507e-01,-1.212554863274616368e+00,1.623561327800666643e-01,-4.307861241388920348e+00,-7.647261719098527699e+00,-8.896054281988217127e+00,-1.195322509894844210e+01,-1.096095782745885572e+01
-9.598214732781620739e+00,-6.963371467044335184e+00,-1.032187784992101598e+01,-1.928364215006354954e+01,-2.513667115182366985e+01,-2.416179626042606188e+01,-2.418183481602268259e+01,-2.187553959766417222e+01,-1.906146429968244149e+01,-9.486973442194116757e+00,-6.504781951886097424e+00,-6.865746995647445061e+00,-6.920004913142618896e+00,-5.816165003451902571e+00,-4.396759659215409677e+00,-5.333361190491807236e+00,-1.040411581292407206e+01,-7.532859717389099430e+00,-5.341433043868941688e+00,-7.400968814311363886e+00,-8.693735650584159202e+00,-4.141991776986516882e+00,-1.830818990175256733e+00,-1.610744502586010540e+00,-5.045825185517262002e-01,6.577095583957470737e-01,-6.805301540467234567e-02,-4.385600021835914575e+00,-1.453233013262275541e+01,-1.961116705959989659e+01,-1.466712177982767074e+01,-1.651898107910884406e+01,-1.803893361382812088e+01,-1.750756191661339756e+01,-1.481669919818412318e+01,-1.337655607775877442e+01,-1.076066004729452885e+01,-1.499016231343946437e+01,-2.099078344206773750e+01,-1.731534436003852306e+01,-6.390144953006551276e+00,-2.539999978465093733e+00,-2.683890506650058239e+00,-6.258938080236628565e+00,-6.081926427042211536e+00,-4.778369250820189151e+00,-3.102941801520917586e+00,-6.297988618830688168e+00,-1.613779312599706373e+01,-2.153659417065045290e+01,-2.076600280426840683e+01,-2.111388753752672187e+01,-1.656587826204663827e+01,-4.587303865445024442e+00,4.127966373970461816e-02,-8.053571420168736950e-01,-8.514746262059183834e+00,-6.884102807685960279e+00,-2.880486183753592666e+00,-2.904187323689062517e+00,-8.043519317591918849e+00,-1.427522718860902806e+01,-1.609483061400988646e+01,-1.360156565404120244e+01,-6.334586662873056717e+00,-5.381263125830024308e+00,-6.167043669649598492e+00,-1.803456376080991408e+00,-2.783047870835929416e+00,-5.400874146182118807e+00,-4.472242424506267078e+00,-8.752237820443307115e+00,-1.450641591676318853e+01,-1.081647820281618344e+01,-1.126564710831824101e+01,-4.070190659844589831e+00,6.323033264613326931e-01,-2.723807326456237021e+00,-2.062517739232551328e+00,3.806220406918779386e-01,-3.046179331292554693e+00,-3.439813234480626480e+00,-3.909331932223139017e+00,-7.155889460603699348e+00,-1.347433467038715094e+01,-1.734757723881088154e+01
-7.118863937508969286e+00,-8.894925734923996075e+00,-1.654150695655182091e+01,-2.273501952185885600e+01,-2.484876607574579310e+01,-2.516970812091390641e+01,-2.481334886296104969e+01,-2.292532119132180313e+01,-2.156014927106959078e+01,-1.095040219157706751e+01,-7.504489885941716842e+00,-8.560778153079157349e+00,-3.517853817491941371e+00,-1.393768773790989179e+00,-1.619771434186570325e+00,-3.796390985856756828e+00,-9.511356539398660104e+00,-1.636910993179292007e+01,-1.552602392344074467e+01,-1.764099213185201265e+01,-1.717181773313129156e+01,-1.218342059896192531e+01,-1.249808289053785870e+01,-9.961119222191681999e+00,-1.214370494047250837e+01,-1.108927565137677895e+01,-1.302186242394319926e+01,-9.047903783903777253e+00,-9.640555092851624153e+00,-9.704487718698633358e+00,-9.014385711373263277e+00,-1.344580511555416891e+01,-1.762301793990244292e+01,-2.188697218348961826e+01,-1.926869588407851452e+01,-1.365719549892512852e+01,-9.374789309410648031e+00,-1.051242750928602199e+01,-1.635481238547172111e+01,-1.126809671998933915e+01,-5.958654066988530396e+00,-8.612203039740787602e+00,-1.325999408095847620e+01,-8.958781798377291494e+00,-5.527615536260240603e+00,-1.718034659813265641e+00,-1.268024947799303304e+00,-4.760680693365235250e+00,-1.527134883312778690e+01,-2.329792219263906716e+01,-2.280781603587492867e+01,-2.293877110226463856e+01,-1.783934090246680881e+01,-6.137025393602502099e+00,-8.705437130400047741e-01,1.550050606519669805e-01,-1.927062383748036511e+00,-6.665016704871681519e+00,-3.852048093829844255e+00,-2.337367666439146063e+00,-6.052708692109312061e+00,-9.480403918118877726e+00,-1.053532300241120900e+01,-1.255817984351675065e+01,-8.256334771181791155e+00,-4.077440901225759973e+00,-2.958172175947946236e+00,-3.275551990001597691e+00,-6.529208527124337635e+00,-7.282947325581357489e+00,-3.845950670710956754e+00,-7.135442157283083731e+00,-1.740013014269239022e+01,-1.905203548278517545e+01,-9.160553047447713482e+00,-2.667723454753619272e+00,-6.049213965822416439e-01,1.878588677638117987e+00,2.392711444820974087e+00,-1.236751962714228270e+00,-1.107677077974071977e+01,-1.546902288826367311e+01,-1.412450191492342810e+01,-1.117502922274684174e+01,-1.038843877988917264e+01,-1.539227629071883641e+01
-1.019737581169332330e+01,-1.231499139043211066e+01,-1.910930780054048839e+01,-2.387877821740303474e+01,-2.531375509091006037e+01,-2.427512763383734296e+01,-2.413087118672960685e+01,-2.317144024645099165e+01,-1.764129889102382620e+01,-9.557363769935287579e+00,-6.426903492621793390e+00,-5.579655617816757562e+00,-4.849232709646679851e+00,-8.169237146623261836e+00,-6.482706846171662818e+00,-5.314884650115748066e+00,-1.204680778507057859e+01,-2.232441533248843157e+01,-1.971279214356691867e+01,-1.240364441616844537e+01,-7.171610240490381649e+00,-6.535119768089920456e+00,-7.578435573414082249e+00,-1.017290235384730046e+01,-1.609234850643245451e+01,-2.110911739873522208e+01,-1.481148696309737645e+01,-7.081063148629574755e+00,-4.725405519245234665e+00,-5.069002323478232874e+00,-4.889527140000394567e+00,-7.452263541804015290e+00,-1.640466117676887947e+01,-2.297160159358541520e+01,-1.874963230850132234e+01,-9.901803929842154517e+00,-4.566779445942121818e+00,-2.624244040196392014e+00,-2.441146490596659557e+00,-1.656515320688343840e+00,-2.325654545055750422e+00,-6.178719683002879215e+00,-1.349790471382723567e+01,-7.126429464980845729e+00,-5.790142559709440029e+00,-9.213049627669894548e+00,-4.570097760503529116e+00,-5.747354335912310930e+00,-1.552153634206029231e+01,-2.325813423768254751e+01,-2.328331701628124506e+01,-2.305881926849598074e+01,-1.859023900796438866e+01,-1.411007620724102907e+01,-6.379259463257461960e+00,-6.294999555862359486e+00,-1.042272384163305077e+01,-3.814493594826234624e+00,-1.878595077706401328e+00,-4.989937037425044686e+00,-5.544259780102573032e+00,-3.608812891728891525e+00,-6.239280913394826378e+00,-1.331188787030809628e+01,-1.232096415075636919e+01,-3.748829463397273631e+00,-3.211933122848281474e+00,-7.832985038293227120e+00,-5.419865053289264267e+00,-3.163398396692999270e+00,-2.118841159998133605e+00,-2.006009340654162809e+00,-5.483107469858643945e+00,-8.550719435433395077e+00,-6.998931566722520259e+00,-4.234332185665159898e+00,-6.181375622976827522e+00,-3.452071561767783514e+00,-2.844998656457489172e+00,-3.857938671065138880e+00,-3.364271184993829600e+00,-3.862773104034051386e+00,-4.304463189024165359e+00,-4.579969417047864866e+00,-4.501073601591677686e+00,-7.465272850662697302e+00
-1.850631502566446684e+01,-2.041763692229758576e+01,-2.095225577682029083e+01,-2.273460921440415561e+01,-2.097643387226657907e+01,-2.020261896657579825e+01,-1.934045163183721883e+01,-1.835716782453405926e+01,-1.767852815052935256e+01,-1.541818252774595344e+01,-1.626960384754734079e+01,-1.571716643744752595e+01,-9.863639502579928831e+00,-5.597606528351325217e+00,-5.999153215466565214e+00,-8.573633251754381845e+00,-1.350985083325218561e+01,-2.049600215358588429e+01,-1.976774651767643221e+01,-1.232165468649099793e+01,-6.136669258124955562e+00,-3.009932906857428758e+00,-4.872454461405224535e+00,-1.100698640055328781e+01,-1.880988290018707687e+01,-2.153934872969416148e+01,-1.520812288313421590e+01,-7.153140232535719178e+00,-5.476963993929724772e+00,-7.881033774180949081e+00,-5.779815937954050575e+00,-7.611365759645709161e+00,-1.632993884487006397e+01,-2.220977291988052471e+01,-1.980676242777409612e+01,-1.447722484137265653e+01,-1.209324041077198864e+01,-1.042049455891526755e+01,-7.757786208596649580e+00,-8.247969099818124761e+00,-1.137359800448513170e+01,-1.227152609552135942e+01,-1.320435123043205827e+01,-8.474652950090305836e+00,-5.206828510488263007e+00,-4.404829477706483587e+00,-5.274365398265023153e+00,-1.042214369227868076e+01,-1.627559352103080315e+01,-2.188752405516063959e+01,-2.216262614818019827e+01,-2.103406923963823516e+01,-1.981032430852642534e+01,-1.641548892832894424e+01,-7.457738209771745730e+00,-3.885186730677844924e+00,-6.292307904388271922e+00,-6.673063835555701928e+00,-2.873530152196932086e+00,-4.486538618148965263e+00,-9.103735778622954911e+00,-1.353762410706236174e+01,-1.184097274387155707e+01,-1.102209781690408263e+01,-8.655223372328372022e+00,-5.917252407501671918e+00,-4.956881973409015707e+00,-4.184918428166904292e+00,-8.025071501049376721e+00,-1.251900295082849368e+01,-8.742022177190271748e+00,-3.386459738165424671e+00,-3.679314739419190072e+00,-7.860379975488167581e+00,-1.027841861739413432e+01,-6.631738630187420824e+00,-5.050444838711778850e+00,-6.163909445737154158e+00,-1.329671312606971689e+01,-1.957649233414016621e+01,-1.168335257322733689e+01,-5.797583246134392354e+00,-4.926081355280804708e+00,-8.492928165174623345e+00,-9.181712908371714832e+00,-1.109313211595739190e+01
-2.227290732441967691e+01,-2.460147325683185926e+01,-2.493180734874637849e+01,-2.410187148501854892e+01,-1.765500546957700223e+01,-1.094526165223303593e+01,-8.687272445846149438e+00,-1.100939149847467391e+01,-1.744922013774172953e+01,-2.033249439537980052e+01,-1.652719173540595676e+01,-1.507052177964276041e+01,-7.789345575197962113e+00,-8.719167525076684910e+00,-1.148436619034250228e+01,-9.385992470588393033e+00,-1.123455334073714695e+01,-1.097786319301328639e+01,-9.583540372266114105e+00,-1.131718545697117584e+01,-7.701195974841372305e+00,-1.112144452105951586e+01,-9.221700393061601275e+00,-1.146959041366140397e+01,-1.348755125189555493e+01,-1.316850477138548392e+01,-1.389523459208830580e+01,-8.283763030558141338e+00,-6.320267826091241936e+00,-5.065207416205915969e+00,-4.813119679461908440e+00,-1.170988198227554733e+01,-1.076556888154444813e+01,-1.082081419957503066e+01,-1.367804259926308141e+01,-1.756959680928528655e+01,-1.903038854817397763e+01,-2.006323538481734303e+01,-1.854856975296981503e+01,-1.754396549981969144e+01,-1.886381031174695977e+01,-2.120525201040369723e+01,-1.429117366102815545e+01,-1.341826333708435470e+01,-1.537288660357016568e+01,-1.565878151209299851e+01,-1.477536835379272873e+01,-1.192264236020677792e+01,-1.195999026753520234e+01,-9.277096393681665276e+00,-7.877679582173359840e+00,-8.119848415998472291e+00,-9.835542675193028828e+00,-1.276420844329222426e+01,-8.654497356360195681e+00,-3.995904579701769599e+00,-2.840826284609564212e+00,-2.338440721591522387e+00,-1.937763975716359610e+00,-3.804338376428789914e+00,-9.848631305321482898e+00,-7.675390156057044777e+00,-5.305294076768141132e+00,-7.546638005334912691e+00,-9.920383354634729756e+00,-6.537308060258399500e+00,-6.760793938664079405e+00,-3.412585875549076331e+00,-3.477060822370099391e+00,-4.863697693064694683e+00,-4.999514703759710521e+00,-1.029203322780041319e+01,-1.630343568734540227e+01,-1.534555751767777387e+01,-1.210443501299574187e+01,-9.309666249133249138e+00,-1.081586448046314786e+01,-7.371114504928807598e+00,-9.582325993148424814e+00,-1.519941470641216164e+01,-1.527093905346994163e+01,-1.468823875816723756e+01,-1.304214716594637835e+01,-1.466782127809888614e+01,-1.911769393746179446e+01,-1.931744125053172922e+01
-2.371365963411695077e+01,-2.483192461319552180e+01,-2.479723802231650254e+01,-2.357933631380095818e+01,-1.762770631113125219e+01,-1.327493991196610601e+01,-9.429316232677633636e+00,-5.237292062348991806e+00,-5.876167340644898651e+00,-8.493900233097658514e+00,-1.364562925582623620e+01,-1.044496174077041317e+01,-5.760693710268908418e+00,-4.865125995328408059e+00,-6.394811410940330454e+00,-1.065958274684789586e+01,-1.398535362272772176e+01,-7.666263678601679565e+00,-4.839825099071964232e+00,-4.001906788801305126e+00,-5.195952285564582773e+00,-9.193935806969649960e+00,-9.353469410015426533e+00,-3.001945536430811412e+00,-1.980990150248016946e+00,-5.286077258273077284e+00,-7.861894919718295682e+00,-5.877126138742643668e+00,-1.005719187923970104e+01,-9.772671959782375239e+00,-5.352193597391361912e+00,-4.884574534897585529e+00,-5.878498924370030743e+00,-6.405202306408918744e+00,-1.158169599935298599e+01,-1.242578808132928714e+01,-7.310150927942217436e+00,-6.334480247822881438e+00,-7.387995737882060432e+00,-1.069461398042795253e+01,-1.473594104060689958e+01,-1.600250151002679999e+01,-1.343781748641538343e+01,-6.976217064295560988e+00,-4.970083501927540226e+00,-5.335236268924933078e+00,-7.578741652251199667e+00,-1.319735770143625331e+01,-1.093725696547340753e+01,-4.523026745567340079e+00,-2.623337550700165721e+00,-2.345005151004137645e+00,-2.440972032006794468e+00,-5.680875964405882605e+00,-7.409998045509098574e+00,-1.199504923638496656e+01,-1.586123990057078892e+01,-1.551690364475468620e+01,-1.432464156624015139e+01,-6.303847307012281576e+00,-3.540087424218654633e+00,-3.547909534575403256e+00,-3.939253320741781028e+00,-1.847704010507276617e+00,-1.126653115345051415e+00,-3.496820995724983838e+00,-7.005690154683499316e+00,-2.178716594091161696e+00,-3.075496791511816763e+00,-5.210190155692682623e+00,-8.965761904498092960e+00,-1.576845843646362511e+01,-1.985754311721743548e+01,-1.881502035737947764e+01,-1.324362769381690619e+01,-7.121200504193779146e+00,-4.085023029330577593e+00,-3.703521645393307971e+00,-6.487226400666564530e+00,-9.796582017236083573e+00,-7.755587455880551317e+00,-6.097221104982700091e+00,-6.506172526883714724e+00,-1.098252640061706131e+01,-1.440226431930338080e+01,-1.605818241698141335e+01
-1.937255590653601445e+01,-1.936094749792841441e+01,-2.061538185782104904e+01,-2.252228753257343641e+01,-2.095349453423769504e+01,-2.069164848691634617e+01,-1.379073516194146976e+01,-7.018056266862927828e+00,-5.048464909764646791e+00,-6.501481309646868212e+00,-1.086085694345809038e+01,-8.453053236462688247e+00,-5.953925795682513566e+00,-9.142785169468581330e+00,-5.953834135227531021e+00,-6.561159917053887014e+00,-9.589714687904129065e+00,-4.757783009978153288e+00,-7.095246022865745239e+00,-7.526078134206414916e+00,-6.200757488267112372e+00,-1.174469612345440694e+01,-9.625994961225350366e+00,-2.305505693394722666e+00,6.503612669682456993e-02,-1.158990161798233220e+00,-4.434389233831112165e+00,-5.188790327492561083e+00,-8.418859144658533467e+00,-1.163878628406815885e+01,-6.298018147927204602e+00,-7.177554717955698216e+00,-8.409080720129813002e+00,-5.774243742227554321e+00,-9.409685080743017238e+00,-9.967090979332231981e+00,-5.684939249098755809e+00,-5.293604028048633836e+00,-4.363297924427813612e+00,-6.427102110426844206e+00,-1.005271820564761498e+01,-5.282241474581129026e+00,-1.871168288940791236e+00,-3.542786871564293505e-01,-2.887839267947462041e+00,-6.797070599153979487e+00,-6.449158176665997999e+00,-9.609770601032344928e+00,-1.391745454072952271e+01,-1.248434840313350946e+01,-1.312850011168545450e+01,-1.204877727359305872e+01,-3.943510266529211439e+00,-9.024037221137377607e-01,-4.564272715219559906e+00,-1.536719190710373439e+01,-2.037913886281370068e+01,-2.112456275488584012e+01,-1.731327184739003755e+01,-1.261639434326696119e+01,-1.120556424182789890e+01,-1.301131019883483475e+01,-1.351442779202497668e+01,-6.183621271744455861e+00,3.533163848022027320e-01,1.134169688361220674e+00,-2.055850776070586861e+00,-7.866292235562364787e+00,-8.301982805587863723e+00,-9.394564035618749642e+00,-7.262997517490204835e+00,-1.171670989552868214e+01,-1.270660061417645181e+01,-1.619367064137495049e+01,-1.780600071226367476e+01,-9.814766891130053850e+00,-7.728186397834588384e+00,-1.065905468381998134e+01,-6.310748909934217998e+00,-7.382969533800651796e+00,-4.813686021241068147e+00,-3.776135992319660684e+00,-4.483860872117162444e+00,-6.938377147639981146e+00,-1.416162778221013951e+01,-1.623698472339688337e+01
-1.045215279455403312e+01,-1.248550409852093424e+01,-1.727812494212434657e+01,-2.254751734333184032e+01,-2.469419475002143116e+01,-2.130690594847875730e+01,-1.719248311938220297e+01,-1.759202673872008660e+01,-1.776039086862374816e+01,-1.706395001629836727e+01,-1.527360998856202379e+01,-1.118710909908964446e+01,-7.626544749691285929e+00,-5.922590446551792454e+00,-3.983020486566060558e+00,-8.396554997373897877e-02,1.379038235200177986e+00,-2.766900164464431988e-01,-3.460658892850526858e+00,-3.155998036009437069e+00,-7.281806139090589269e+00,-1.592996522670483728e+01,-8.978275709707318697e+00,-7.258412700800495720e+00,-9.104953053254520867e+00,-7.111451651758819992e+00,-1.106452426382603527e+01,-1.372934791331982751e+01,-1.618711978788594408e+01,-1.526297895416958639e+01,-9.817248142857588178e+00,-6.631949348986603709e+00,-6.354143452212100307e+00,-8.473559087924375177e+00,-1.227904432693510550e+01,-1.461925668024834835e+01,-1.545012975922067611e+01,-1.442428807083886966e+01,-8.772414556896412918e+00,-2.969674352684434915e+00,-2.761879176253324797e+00,-8.104151751931386372e+00,-1.794879762030149761e+00,-6.960073590255519971e-01,-7.050416492433589255e+00,-1.644051642181308992e+01,-1.157463709680178710e+01,-1.046511934822752288e+01,-1.887750469455282243e+01,-1.979781979185934304e+01,-1.882560278805157594e+01,-8.819048993005097259e+00,-2.208797980753086421e+00,-1.406119699714321492e+00,-5.036495130253202390e+00,-1.571575160972944651e+01,-2.222828432803845544e+01,-2.194679153238543989e+01,-2.184987894633344041e+01,-2.248572011576354157e+01,-1.742166830383184362e+01,-7.191172391858719593e+00,-2.490163928119977665e+00,-1.414267446751571233e+00,-5.788395786565952328e+00,-7.068440576184821467e+00,-2.945990760156614652e+00,-4.709303451723326539e+00,-3.635553166839002870e+00,-2.042333235347444376e+00,-1.379046718170510832e+00,-1.444389299640631119e+00,-4.665945341312930594e+00,-1.180375092061421327e+01,-1.837718520091690166e+01,-1.131998557421087348e+01,-4.936227148043290214e+00,-4.173001723459971224e+00,-5.028877750010662950e+00,-1.877414369085654400e+00,-1.605833991304953523e+00,-6.625754123482540336e+00,-1.026900546468851161e+01,-1.009242641015817199e+01,-1.292508332692939810e+01,-1.588103953481630448e+01
-1.754758719451554683e+01,-1.624216545538137879e+01,-1.943759219337055555e+01,-2.381998113457483157e+01,-2.474598726425461948e+01,-2.278075517406900374e+01,-2.294581402531106917e+01,-2.295852343726703992e+01,-2.430689115014694934e+01,-2.268363062480023729e+01,-2.057401664384448736e+01,-1.872799071373830415e+01,-1.842724919000654893e+01,-2.096513144478543111e+01,-1.340937898177226906e+01,-4.329618526807495371e+00,-2.270869432460207449e+00,-4.248494773817014014e+00,-8.717173302446612482e+00,-5.394918487979568411e+00,-1.552151599516807812e+00,-1.189844693835711009e+00,-9.374671049504043063e-01,-2.537153409296319495e+00,-4.004738571193382057e+00,-5.399651884350157971e+00,-9.664601459757971469e+00,-2.022533624135811081e+01,-2.296866014167552805e+01,-1.997182012514303651e+01,-1.884882717915163752e+01,-2.058835399423846724e+01,-2.126757050925538906e+01,-1.931002102917387120e+01,-2.037980467490567449e+01,-2.193729324923216950e+01,-2.264898452321991584e+01,-1.538950846304420317e+01,-1.018684989213943481e+01,-8.712440625629351842e+00,-8.273555424860642660e+00,-2.818087698778009464e+00,-3.312600986328231745e+00,-3.880646394259111620e+00,-6.720252918116819130e-01,-1.989368836556291154e+00,-4.795085182768925591e+00,-1.304661814584076929e+01,-1.670990676552284881e+01,-1.763398481325338807e+01,-1.661426314233823476e+01,-7.861549625869925784e+00,-9.298183116749042298e+00,-7.462145842810850915e+00,-8.408077424036637382e+00,-1.570490077160696885e+01,-2.305248874744386001e+01,-2.194720585837618998e+01,-2.121653878051816022e+01,-2.269455912458987612e+01,-1.695454098705117119e+01,-5.546712651052548182e+00,-2.011645287374844937e+00,-2.635847854014971681e+00,-7.290963329204165788e+00,-1.316859053018438885e+01,-5.528630818688232473e+00,-4.192416250990092408e+00,-9.725963773731967521e+00,-1.274296632340846180e+01,-1.296734196061396460e+01,-8.744311405104079782e+00,-2.243882073841292346e+00,-6.683343891649798918e-01,-1.156734074791848865e+00,-1.412390359752022428e+00,-6.457616919907563258e+00,-8.724196338471566392e+00,-6.838852243483748872e+00,-3.563612590451504580e+00,-1.533334147026904626e+00,-4.614292433911948876e+00,-1.351801735344733935e+01,-1.807028901030999180e+01,-1.643219723046280834e+01,-1.436062966048262446e+01
-2.399714050766165840e+01,-2.426610961033187763e+01,-2.448750424385070801e+01,-2.486123179388410165e+01,-2.501922097460914074e+01,-2.110272258110628840e+01,-1.593405042804834437e+01,-1.505569410142097730e+01,-1.590574418906947152e+01,-1.525357767643819251e+01,-1.534871237605582728e+01,-1.593470108873061619e+01,-1.399089057208927578e+01,-1.446054080424418053e+01,-9.524912156449019562e+00,-4.978707569701071201e+00,-8.100903476467570030e+00,-5.571592564004977710e+00,-3.796208462357975932e+00,-4.821857785520575312e+00,-5.542703015371652775e-01,-1.660128125830247825e+00,-6.520729373443786336e+00,-1.285993023216724396e+01,-1.229052467974087648e+01,-1.176426301066202029e+01,-1.481993366470773665e+01,-2.098508713991587271e+01,-2.346385320270334418e+01,-2.309558760755844631e+01,-2.364166589274661234e+01,-2.331940208682577165e+01,-2.393587853344342165e+01,-2.424752875138785058e+01,-2.019073771884423252e+01,-1.512118484500710203e+01,-1.495912184788070576e+01,-1.319653628072665796e+01,-1.222164787363460015e+01,-1.642380641070941039e+01,-1.398742108354131730e+01,-5.377574955234091014e+00,-2.256550836285313277e+00,-8.380523674307348569e-01,1.751194973387364406e+00,5.719222188305166377e-01,-6.809944785278261747e+00,-2.073533514983781245e+01,-1.605892273578934848e+01,-7.704427840372988001e+00,-3.969994704241292194e+00,-4.931677788453361799e+00,-1.001895637412107654e+01,-8.658398500380625862e+00,-7.249581445292889725e+00,-1.076116829137993136e+01,-1.225309457999604312e+01,-1.259101133446656995e+01,-1.648776737879250831e+01,-1.610181416537015409e+01,-1.416936818060984216e+01,-5.384125411624216540e+00,-2.968393194197698204e+00,-6.674599847550155118e+00,-4.427849994161884517e+00,-1.553861646459772095e+00,-2.893722609354214992e+00,-6.180188197102255643e+00,-1.001249597773297140e+01,-7.142071901614428953e+00,-3.600994675713040216e+00,-2.517805268595222579e+00,-5.995650698523257383e+00,-2.824180243163367798e+00,9.874592233690937526e-01,-6.956130883528474085e-01,-3.493647712035786945e+00,-3.751709875259690463e+00,-3.966152170601919380e+00,-6.995319843733015297e+00,-9.894219586753663975e+00,-6.436662738787308768e+00,-9.977531509090015405e+00,-1.375891239042500480e+01,-1.028216211031411476e+01,-1.096805711738935862e+01
-2.446775272784342192e+01,-2.431720939301352402e+01,-2.394535218668347909e+01,-2.525993273640407111e+01,-2.553634034040319989e+01,-1.873835411781573157e+01,-1.043234980151853541e+01,-5.482384896232881388e+00,-4.251569502567517311e+00,-6.288793584772649048e+00,-1.019951233017535586e+01,-9.715155409947605847e+00,-5.721468493228650587e+00,-4.095462102016419692e+00,-2.385971320693502040e+00,-1.213541868268599444e+00,-2.363737420230492603e+00,-7.118008000079456998e+00,-3.882839274137700247e+00,-3.919137436225619275e-01,-4.523728572020577765e+00,-1.428050218238175439e+01,-1.577593868379374520e+01,-1.831488784487920896e+01,-1.914687503385179923e+01,-2.020898363608440462e+01,-2.046608723756921222e+01,-2.047076255674580736e+01,-2.015610660487459072e+01,-1.999383617721441198e+01,-2.362759975258630618e+01,-2.380873125382052180e+01,-2.402884667520304518e+01,-2.390961172380520239e+01,-1.924499200136606802e+01,-9.906578052134914714e+00,-5.044603719966102240e+00,-3.374862857902323210e+00,-5.145971116105108933e+00,-1.079392274008452368e+01,-1.286660272019510032e+01,-6.783433840930007008e+00,-6.774398803476329611e+00,-6.817215703230507629e+00,-1.303596965545603670e+00,-2.656726821799822780e+00,-1.091051094905110652e+01,-1.333257948396770054e+01,-1.220175245472493053e+01,-9.259184233559906829e+00,-1.368957209134232578e+00,7.564358747322539323e-01,-1.669115842324468302e+00,-1.558815299506578045e+00,-1.000443982883740368e+00,-2.180892856652983713e+00,-1.963036247002998946e+00,-2.323890767564760651e+00,-6.308072150364973041e+00,-1.138724403845444932e+01,-5.138816618851122620e+00,-3.548600904131663736e+00,-7.385838451461141041e+00,-3.881311992083797069e+00,-3.425625296114083618e+00,-4.717646525790630818e+00,-6.225900707809069345e+00,-1.056393165647528498e+01,-1.059129665780613472e+01,-5.068657918413745911e+00,-1.393958339317682149e-01,7.393158899778136117e-01,-5.716816321617873564e-01,-4.545389286043364230e+00,-8.237150552650586377e+00,-8.804469662768239502e+00,-1.431089337272498518e+01,-1.414252666753666965e+01,-1.441855270034484349e+01,-1.558257113886243594e+01,-8.396224526503614172e+00,-3.611878425167262208e+00,-2.736695653773161929e+00,-4.575091216155107610e+00,-4.120624211225800693e+00,-8.233119884520085918e+00
-1.426843446993645870e+01,-1.625823676677150686e+01,-2.316092128426064178e+01,-2.418217890499202483e+01,-2.227001297928904933e+01,-1.608748905167324850e+01,-1.140176710008664962e+01,-1.116950483449542730e+01,-9.273934170490003126e+00,-8.280429284081204599e+00,-1.273673470056693979e+01,-7.484224031672223276e+00,-5.003142031321998751e+00,-9.061640499429849172e+00,-7.267796199740343965e+00,-1.049035363684173738e+01,-1.010419548035577897e+01,-6.426885707460287200e+00,-2.130098620116824382e+00,-5.941644795656645384e-01,-3.102609556381597855e+00,-1.111422844060504644e+01,-1.587516280348974362e+01,-1.881129771061526057e+01,-1.525088463575785447e+01,-9.049725613521255596e+00,-7.460880763203133093e+00,-7.490150746498398959e+00,-9.834809707321284122e+00,-1.673690028682009867e+01,-2.407142826619039155e+01,-2.377900544923680570e+01,-2.418345342337630299e+01,-2.409395215165524107e+01,-2.032101368904113770e+01,-1.150544241730493411e+01,-8.918527750568536305e+00,-1.015532734057375563e+01,-8.200916423597409022e+00,-8.904274012296253815e+00,-1.495852665227788059e+01,-1.333279430866241455e+01,-1.030402275897164444e+01,-1.082847928818855543e+01,-8.809096951066083037e+00,-4.588225257248823574e+00,-3.189800917419768567e+00,-3.257797592639468220e+00,-3.391168130021400273e+00,-4.289518624273989111e+00,-6.606113921339047401e+00,-2.025575261028307761e+00,-1.397827871406863154e-01,-6.396500936517392155e+00,-6.768997881732142119e+00,-6.903602763896680372e+00,-5.047110260329173315e+00,-1.662404103826674584e+00,-1.396233425738591105e+00,-1.931368891973553215e+00,-3.206086571937967200e+00,-5.854026424293299335e+00,-3.638600208438428130e+00,-1.294129211440920635e+00,-2.582473244535814949e+00,-5.343319952534156592e+00,-4.435646689575136747e+00,-3.008702041623929180e+00,-4.522898760858837797e+00,-5.136922211706183461e+00,-4.775667970594843048e+00,-7.261845717533626399e+00,-4.465436126723999699e+00,-5.208494166493458088e+00,-1.258974137879510025e+01,-1.485213353797679581e+01,-1.533794550677292179e+01,-2.159348354175800466e+01,-2.208550132139948374e+01,-1.713023392389748878e+01,-1.047018747611810241e+01,-7.623494280431106773e+00,-4.695643246429794360e+00,-2.448509596108693565e+00,-3.526302530878145269e+00,-8.672451967956455121e+00
-8.246111417089709406e+00,-1.541240342973752853e+01,-2.076228920376027887e+01,-1.586379638063998598e+01,-1.247405081668882865e+01,-1.427797638823967930e+01,-1.218308159413228431e+01,-1.013365840229369219e+01,-8.218448375472584999e+00,-1.080105722633027021e+01,-8.604187718784535477e+00,-4.073784445078318051e+00,-4.580441325447941914e+00,-5.947237735713711615e+00,-6.716843855745009861e+00,-9.998465751418629921e+00,-1.261990013832354407e+01,-1.422976076784934740e+01,-6.060738281197561861e+00,3.896899809087768785e-01,-8.446577169385006689e-01,-7.932431067823510595e+00,-8.011695342437000988e+00,-1.043056153614102399e+01,-1.255477072992397680e+01,-6.471545614359032861e+00,-3.653047989342959045e+00,-4.140980417719323903e+00,-7.985724772660787174e+00,-1.430316719117055335e+01,-1.515289536505255086e+01,-1.616636652345875902e+01,-1.669888910446458041e+01,-1.578724930122608505e+01,-1.617375929665019640e+01,-2.096260293385454787e+01,-2.077009696996848831e+01,-1.859072497418818415e+01,-9.015995384627625953e+00,-4.636349831487386552e+00,-4.742582645864431790e+00,-7.426819997206899338e+00,-1.362186542449106774e+01,-1.513377453716656618e+01,-1.329850044914784313e+01,-1.223556521876167658e+01,-6.722205339952279424e+00,-7.324497213128612572e+00,-4.558718819646626841e+00,-4.046966265955338482e-01,-1.263223373313745013e+00,-2.774899313859072958e+00,-6.459096002555985372e+00,-6.728821036697343771e+00,-5.308809886224397090e+00,-7.282929921195707479e+00,-6.808915426485411260e+00,-8.835501802331618748e+00,-9.875143651516383514e+00,-7.776945217875123717e+00,-1.217941165607394183e+01,-1.123865981161139338e+01,-3.365852678272844845e+00,9.290005156560623423e-01,9.282131065865125708e-01,-1.802880171178982360e+00,-7.146304435743630279e+00,-2.644927473560167552e+00,-1.775521740626600620e+00,-5.193575275308303318e+00,-3.384112004796754114e+00,-3.120877492629019923e+00,-1.185226583767448050e+00,3.433119907262264237e-01,-1.826330279461321426e+00,-7.204050375760056468e+00,-1.515175636306063822e+01,-2.108647675550620804e+01,-2.362484256183828180e+01,-2.084543350998681888e+01,-2.120198089930847374e+01,-2.078666920516327110e+01,-1.825476088869662661e+01,-1.477188596698164069e+01,-1.399328015232814160e+01,-1.607333729740317452e+01
-1.120486723557683284e+01,-1.601383729927412602e+01,-1.124727312936127710e+01,-9.506790041923522949e+00,-1.192632710751686353e+01,-1.243195889014324074e+01,-7.696536697959172280e+00,-4.866585779508561416e+00,-3.944597098663563006e+00,-3.847705133998667204e+00,-5.430579902106568824e+00,-1.008406210355176214e+01,-1.386647488415696294e+01,-1.642115155704148677e+01,-1.587280484556241866e+01,-1.546982823892404113e+01,-1.486297286739786117e+01,-1.015759651397020846e+01,-5.377587992413580764e+00,-2.648397660858659020e+00,1.002951727311823582e+00,1.239329353202390349e+00,-2.769316340398527032e+00,-1.246403246935997267e+01,-1.843203018639833957e+01,-1.405290481971420391e+01,-1.602030146849974557e+01,-1.554117119676284275e+01,-1.483472649741718818e+01,-1.428079327918191055e+01,-9.548130908995183574e+00,-5.235721686869177383e+00,-4.764067380710412358e+00,-7.460924867910283531e+00,-1.430252699451592058e+01,-2.260932007818731648e+01,-2.276861796306289776e+01,-2.207800217257201325e+01,-8.536239185633549553e+00,-1.580117357140411460e+00,-1.128546993442782531e+00,-6.374890399115686002e+00,-1.282612032016725045e+01,-7.397613760624222934e+00,-5.357007450729835973e+00,-4.051870792990422743e+00,-7.709528318095778543e-01,9.663640466262763962e-01,3.475014967603394511e-02,-4.744214446545700348e+00,-9.786728642653418575e+00,-1.110229685151849921e+01,-1.282633547018502540e+01,-1.027302348158741729e+01,-5.154240083603458977e+00,-5.274889335832522619e+00,-5.649974541127226857e+00,-5.726921538587744998e+00,-1.077111545955861871e+01,-1.106073377696612425e+01,-4.437297390853871981e+00,-1.592581926861010189e+00,-2.490850239361188656e+00,-1.130383659335464763e+01,-1.329036087345132877e+01,-1.085689524717572141e+01,-1.022912383489026311e+01,-8.668171747381450132e+00,-8.431815627692195392e+00,-4.076888501093161032e+00,-3.800080951815115515e+00,-6.453185181353838118e+00,-3.361193501499822656e+00,5.983434562737527385e-01,-1.916534290430829124e+00,-1.290815376120669278e+01,-1.518678547225835729e+01,-2.178181540329037702e+01,-2.457634143792946091e+01,-2.331741527928650726e+01,-2.431413757346058446e+01,-2.395445677160306630e+01,-2.166197554027761285e+01,-2.119643309098163542e+01,-1.920073292637599494e+01,-1.875020157835865575e+01
-1.529632673190750225e+01,-1.182146597181567671e+01,-1.081965284766131674e+01,-1.504679688515553870e+01,-1.894120894679586442e+01,-1.608627305322021073e+01,-1.627302487660910302e+01,-1.890067566442125724e+01,-1.857550964100670399e+01,-1.663370365222901626e+01,-1.373802760630163533e+01,-1.141627026150244717e+01,-7.604010088639404863e+00,-7.259147489685138233e+00,-1.028097415721143548e+01,-1.568836235727062700e+01,-1.813284720355317958e+01,-1.673639887798833570e+01,-1.548237408663480252e+01,-1.214641119596612384e+01,-3.824727555260574174e+00,-2.310167512857312477e+00,-3.049343314660860393e+00,-9.291845842399670374e+00,-1.837833190510291104e+01,-1.783975473979047166e+01,-1.703549488810182666e+01,-2.007041916956428196e+01,-2.386525085318179507e+01,-1.882600104899806936e+01,-1.154230625301826940e+01,-8.930536290616480244e+00,-8.230711968345495677e+00,-1.023727121471448775e+01,-1.532418221826771720e+01,-1.868938938442987308e+01,-2.001547554249071936e+01,-1.854457249532219265e+01,-9.768943584602297392e+00,-2.393935251853052115e+00,-1.550346883350649074e+00,-6.659305741541258428e+00,-1.313204571763977668e+01,-5.863450225982957065e+00,-5.709506027116120208e+00,-6.539264734478965835e+00,7.966538078572871218e-01,2.641338607196817012e+00,-7.908719708847116170e-01,-7.200091679189496219e+00,-5.204970543109278758e+00,-6.907429811836198752e+00,-1.046325496498864993e+01,-1.205306486501038599e+01,-8.984626358246984523e+00,-6.741348186977036860e+00,-6.771551775568314113e+00,-9.931583743968992906e+00,-1.469888868131710424e+01,-6.239068259435300412e+00,-3.984246588929046262e-01,-2.284597097477255312e-01,-4.289226663046523669e+00,-1.325938024411674654e+01,-1.574433974910328438e+01,-1.595902864236868091e+01,-1.187049204224848609e+01,-7.960112381162200101e+00,-5.770913449500843839e+00,-5.106390129007000844e+00,-9.939638348936124856e+00,-1.095964225762672939e+01,-2.613103962912160405e+00,4.645566443311946458e-02,-1.900599068899830879e+00,-8.792829795648122726e+00,-1.639817927083896265e+01,-2.211824749262278189e+01,-2.393681177656159065e+01,-2.289466706487058545e+01,-2.448877143677864510e+01,-2.370702264509128199e+01,-2.027000735188258673e+01,-1.361591844886313929e+01,-1.068761855682343942e+01,-1.171134643336288761e+01
-2.476895825189488676e+01,-1.601794715510069977e+01,-1.145688059129787817e+01,-1.231538705061410255e+01,-1.400054024012034226e+01,-1.834237005146405153e+01,-2.343890717921366118e+01,-2.399068050348121872e+01,-2.483824478578931405e+01,-2.356081305751363786e+01,-1.861282209221643313e+01,-7.297083862865243908e+00,-1.742100471632025416e+00,-1.234682550102397691e+00,-5.619379266300274622e+00,-1.649872953200158321e+01,-1.979971834903454919e+01,-1.073359025571182457e+01,-5.380791152109399178e+00,-2.512838248167904798e+00,-5.136291755121628277e+00,-1.549287770904657435e+01,-1.013041136624248928e+01,-3.743152585079651651e+00,-3.087277351302727624e+00,-4.414707630645227532e+00,-8.690289061033089624e+00,-1.418338092683835860e+01,-1.606949531577015478e+01,-1.744959330376778084e+01,-1.628317756871230770e+01,-1.533652646304996914e+01,-1.492079609768991233e+01,-1.256783992188577415e+01,-1.633300096388081712e+01,-1.617416098827624182e+01,-9.319755576039089107e+00,-1.039347140388634294e+01,-7.040884757542428041e+00,-6.237112708048511145e+00,-4.279538577209219596e+00,-6.393195992691143914e+00,-9.850360009278960050e+00,-4.437320253776229961e+00,-4.240556005416936003e+00,-6.974942045243642141e+00,-7.256421652688282542e+00,-5.825976147899361912e+00,-3.834100940919708655e+00,-2.439539651987178370e+00,-5.404185296135834093e+00,-4.310183502563083024e+00,-6.039714791847549336e+00,-1.251162147521972656e+01,-1.283289336794205227e+01,-1.418488426153896498e+01,-1.400503719489993060e+01,-1.351158746326242621e+01,-1.283049692179410428e+01,-4.891561425710452049e+00,-2.456519994195873746e+00,-3.433409339359087209e+00,-8.654598332315911691e+00,-4.253382484570771283e+00,-1.116635171947147676e+00,-3.418081407778486014e-01,-9.951177869882533999e-02,8.297482482419804573e-01,7.863246015013544143e-01,-2.244836529529340652e+00,-1.086355579126882276e+01,-1.405962138048565180e+01,-1.023198913890896833e+01,-9.188032590250932330e+00,-8.886980645387000166e+00,-9.517374462753762643e+00,-1.685540855749872691e+01,-1.406515414933211972e+01,-1.496825407661554408e+01,-1.615315152579591640e+01,-2.322336195989419494e+01,-2.401091813131143127e+01,-2.047121635102133652e+01,-1.358521195313402785e+01,-1.092770577842042634e+01,-1.231013622993731360e+01
-2.261297548818224357e+01,-1.610433743564227171e+01,-1.218974992974113825e+01,-1.170403417649159827e+01,-1.387186328145383918e+01,-1.871235040125955962e+01,-1.457349769577725240e+01,-1.310427968465644888e+01,-1.307051203405584161e+01,-1.268561962542643151e+01,-1.333348492993653345e+01,-9.422153735888823434e+00,-4.870891379043175817e+00,-5.308371254182527643e+00,-8.069867387072729770e+00,-1.461915291993672561e+01,-2.076895081086923156e+01,-1.052414460673587016e+01,-2.734765872649536522e+00,-2.974516017516214972e-01,-1.908925810149863622e+00,-7.565172410193290453e+00,-5.733230888843536377e+00,-7.061962597015249976e+00,-9.511227200731976694e+00,-5.392927747646361070e+00,-3.020602081575295639e+00,-3.421470989736209223e+00,-7.567870733249961290e+00,-1.554381551997352240e+01,-1.346296434593564761e+01,-6.427785122411624030e+00,-2.560010279267528777e+00,-3.692957680492896522e+00,-9.178476936944568010e+00,-1.422829400765076890e+01,-4.664766593715389043e+00,3.954892864678311026e-01,-9.133883314704849266e-02,-3.853697291867576702e+00,-3.984024473657930887e+00,-3.986876986579585669e+00,-1.912922935112457701e+00,-3.720526189066981626e+00,-1.081462319616142942e+01,-1.821578305368204909e+01,-1.741516582383454192e+01,-1.732985009491898509e+01,-1.166892989173190287e+01,-6.716984302032995124e+00,-5.659152923571300953e+00,-3.604414165117742375e+00,-4.522294734725515575e+00,-1.035422369997009895e+01,-8.204938555946787559e+00,-4.164469774670273239e+00,-3.867500746978148385e+00,-7.637741000142716175e+00,-1.416798282033614598e+01,-1.471336020495145291e+01,-1.384591626483975446e+01,-1.612655120997028391e+01,-7.938867249334131238e+00,-1.525415643660575027e+00,-6.397945501593667039e-01,-4.919270716920380870e+00,-1.341541410854996208e+01,-1.165750245064610802e+01,-7.548618120347498461e+00,-6.619937568227582503e+00,-1.091236848867576548e+01,-1.780007792611158379e+01,-2.060490747808499989e+01,-2.224401103813229597e+01,-2.125633742973094797e+01,-1.059485375699196119e+01,-4.726039803785961446e+00,-3.358376417117094004e+00,-4.830899764015872400e+00,-1.068765962669867520e+01,-2.021817314715785940e+01,-2.133562496236262263e+01,-2.075911835677750972e+01,-1.713505152891610450e+01,-1.937278743190619679e+01,-2.152936504087375269e+01
-2.139659751826570400e+01,-2.308001847121551720e+01,-2.406469198583646474e+01,-2.400806259744949855e+01,-2.259925838281180077e+01,-1.763644505184115374e+01,-1.044862574793910248e+01,-5.391841400215644065e+00,-4.050461848273531729e+00,-6.052754330726069831e+00,-1.027777763541418210e+01,-1.200733449076878223e+01,-1.628752566293905701e+01,-1.534651906708724667e+01,-1.555754683718426534e+01,-1.300923360850064725e+01,-1.646280769719422210e+01,-9.673403585230120783e+00,-8.023696649620550403e+00,-8.421965703993807395e+00,-5.445642972720488473e+00,-8.798441905101746841e+00,-5.120206512340152116e+00,-2.977158579579021414e+00,-4.277418437321450106e+00,-7.745166696551192054e+00,-4.736173288882461030e+00,-3.925261262162844100e-01,-5.559840932851017881e-01,-2.981768530162534958e+00,-3.615330982939091164e+00,-3.292026637420626844e+00,-1.380030466890074026e+00,-8.653677755918794956e-01,-2.429233044627627347e+00,-4.576984032761049370e+00,-7.406233587504883253e+00,-4.171536847526022385e+00,1.667033453494119799e+00,2.049936380400855462e+00,-3.403182123581530494e+00,-7.269225672911141523e+00,-7.336628205391741986e+00,-6.226287820412002461e+00,-1.269203911118835038e+01,-1.758577216126536769e+01,-1.285447679494173556e+01,-1.087098442234155726e+01,-1.222974245034101415e+01,-4.734049183380513171e+00,-5.596171141012024286e+00,-7.565437568223658538e+00,-3.724095328391053172e+00,-7.496441420395183464e+00,-6.746094734955380368e+00,-4.066157500024970339e+00,-6.417155567471307442e+00,-9.378266602527094875e+00,-1.560384300009894964e+01,-2.327092887973057245e+01,-2.346574826822936188e+01,-2.167271989902467055e+01,-1.187982890351127985e+01,-9.076766962768466840e+00,-8.623029887676239014e+00,-1.051487013674874405e+01,-1.694341026098673453e+01,-2.055467834363457058e+01,-2.044870979731319593e+01,-1.999217624336708710e+01,-1.791105828849413939e+01,-1.958745356916471181e+01,-1.834267576778207953e+01,-1.958414649053384338e+01,-1.785228401604499382e+01,-9.106179736725247054e+00,-1.363313441450497931e+00,2.323459755822141759e-01,-4.023191800241479044e+00,-1.059018390551778133e+01,-9.998637546564786760e+00,-1.431037144260552019e+01,-2.070374085702968969e+01,-1.762285036167115493e+01,-1.520571044929154958e+01,-1.694638564750438547e+01
-2.405000612207951605e+01,-2.739125083421022921e+01,-2.692852598292227029e+01,-2.666107032863238402e+01,-2.660987074866549662e+01,-2.266101099334600377e+01,-1.411331447572198527e+01,-1.088685580473819847e+01,-1.153690633428005796e+01,-1.157401072978973389e+01,-1.576967251755809052e+01,-1.501467600760569177e+01,-8.230270825724565142e+00,-5.033910174918084124e+00,-3.136368954909666940e+00,-2.819388540033322066e+00,-4.240079501771744752e+00,-9.074895063770636483e+00,-6.326106532021845474e+00,-2.920659190434820474e+00,-1.577678457780506416e-01,-2.078011834883763953e-01,-3.848813863606227681e+00,-1.052761595144526652e+01,-4.966471875555642512e+00,-2.162410635771300882e+00,-7.068448210014243394e+00,-4.159204252121102563e+00,4.038883304913912231e-02,-2.515041609166300152e+00,-9.655164481119344444e+00,-8.749314243101892430e+00,-6.775927331383901908e+00,-7.023969518546839375e+00,-1.560757467087770634e+00,-2.194351141006892103e+00,-1.033863483221476365e+01,-1.011230225235451208e+01,-7.947773901407983566e+00,-1.220954754957680466e+00,5.509930428813784031e-01,-4.907572179895875131e+00,-1.247811189953607425e+01,-1.294133766188876322e+01,-1.003437018803967717e+01,-1.205311278282231058e+01,-6.712026512264523070e+00,-2.623082433249587897e+00,-2.192698979679182258e+00,-5.625585730635482840e+00,-9.612585191508285831e+00,-8.621069628773755156e+00,-4.249903144499727503e+00,-2.225437193650411150e+00,-4.282096532123689236e+00,-1.145143843470638956e+01,-2.103158463958565605e+01,-2.165189115145734178e+01,-1.644452920396819451e+01,-1.571125192678611704e+01,-1.640111930133732088e+01,-1.745416095693602898e+01,-1.416312053640380242e+01,-1.592685787550365717e+01,-2.026114230847540654e+01,-1.717782186460858895e+01,-1.618545947821085562e+01,-1.505481284629297534e+01,-1.502542575443063910e+01,-1.701354694730452977e+01,-1.707154264704871593e+01,-1.664161774584355413e+01,-1.030081982558010267e+01,-5.735924666619482970e+00,-3.156035954785957109e+00,-3.556565982809482218e+00,-7.324329477062143212e+00,-6.069317448183090269e-01,1.522761467897567833e+00,-1.634991134243185540e+00,-8.087373150668980770e+00,-1.154817027809055752e+01,-1.550915057968547295e+01,-1.451785999400015115e+01,-1.746500442410243537e+01,-1.819952375288228197e+01
-2.390659015779276686e+01,-2.571043320102545948e+01,-2.559996440938410700e+01,-2.371961155920538289e+01,-2.200695570370623244e+01,-2.360441757704465360e+01,-1.588198760083613514e+01,-1.385150049569952557e+01,-1.440657136549476469e+01,-1.384763553124347801e+01,-1.917577413566239741e+01,-1.617744895156103269e+01,-5.429575622309255500e+00,-2.245061844473576596e+00,-6.883252666651747731e+00,-7.544175929695595251e+00,-5.457893540044777225e+00,-3.354729954217283261e+00,-2.431660672029452019e-01,6.483050896306273847e-01,-2.321300591170638583e+00,-7.992901071612830144e+00,-6.531849106759515244e+00,-1.170257213006492769e+01,-1.100690095888749376e+01,-6.570972207165856283e+00,-3.094800477619958468e+00,-4.705453630622106864e+00,-7.344470807358280950e+00,-3.275746474682374565e+00,-5.325553144506473657e+00,-4.046678904895421702e+00,-4.770539265438800136e+00,-2.522335896965201663e+00,-4.822198099332314136e+00,-5.943838648071498199e+00,-3.634764791444967891e+00,-3.626032974315053448e+00,-2.943705839137164659e+00,7.950741796619223423e-02,-2.274013248336224091e+00,-5.686944721622982257e+00,-3.642844761563607037e+00,-5.072497217816421156e+00,-4.269484499512055109e+00,-5.339696441215413536e+00,-2.837661931589814390e+00,-4.438819466322262208e+00,-1.186279064382760495e+01,-1.340235647900413873e+01,-1.253982589627040234e+01,-1.022278723370937925e+01,-1.147163493214672769e+01,-6.955619865701399007e+00,-6.659476523635951217e+00,-1.751890112061536797e+01,-2.204848589969955341e+01,-2.283695289378857751e+01,-1.427130867324712682e+01,-7.608450901872329197e+00,-4.393295606470290160e+00,-4.073418750335242144e+00,-5.850548914370645726e+00,-1.037204468432273607e+01,-1.919689401415468311e+01,-1.935360902775335035e+01,-9.915429103465481120e+00,-3.329820084906332411e+00,-1.919787743718910811e+00,-3.911564378341560566e+00,-1.148275332778464808e+01,-1.573773487469622268e+01,-1.200989899676264727e+01,-4.037975035095942467e+00,-3.982125770357501260e+00,-5.006775326998406328e+00,-1.697634514886441570e+00,-3.084670100334448772e+00,-4.685156732294637472e+00,-8.353217151753590253e-01,-3.142843147534041925e+00,-3.378759920597076416e+00,-2.529073356789401483e+00,-5.566277063416160686e+00,-1.043218781884390012e+01,-1.534113106745799904e+01
-2.313818654759239735e+01,-1.745915386694988314e+01,-1.616213233962313822e+01,-1.917083894205457284e+01,-1.653390251498186103e+01,-1.193734582280384693e+01,-6.462683054440804042e+00,-3.033613670920377370e+00,-3.356644777636859533e+00,-8.617970144475689764e+00,-1.580293146708539354e+01,-9.241091731167932366e+00,-2.316716826512584593e+00,-1.415424444566957041e+00,-4.632886647979039374e+00,-6.205809990413316157e+00,-8.308464597199709090e+00,-7.322712179813676059e+00,-1.199796865664365697e+01,-1.311483860084118724e+01,-5.440814817224749689e+00,-4.668085572942522354e+00,-6.115589487700517246e+00,-1.179835587057448443e+01,-1.848325254716946020e+01,-1.646465248096990308e+01,-1.450730577725490456e+01,-5.447528864818674599e+00,-2.049259023056170026e+00,4.801961551278203788e-01,4.061153611141161135e-01,-5.910715450175489938e-01,-1.358443506246873378e+00,6.009196149192409520e-01,-5.200712579952994075e-01,-2.879836172633271296e+00,-7.182888191278654411e+00,-9.848947742058120625e+00,-1.132842766075707885e+00,1.970309054891344225e+00,-2.169724692576538161e-01,-4.225425994237071770e+00,-3.935573781026484586e+00,-9.892027167163928159e-01,-1.965069788293059894e+00,-5.261609033283329850e+00,-4.759409136899554582e+00,-7.831959020090467405e+00,-1.512319386824396794e+01,-1.906609004144450026e+01,-1.632980035370542637e+01,-9.696234592954620979e+00,-3.696421872227246386e+00,-2.247686141437161389e+00,-4.983342819427716286e+00,-1.222240789974008734e+01,-2.223711195064865009e+01,-2.296818183942605529e+01,-1.219904974853719537e+01,-5.566211664949664240e+00,-7.226073847472212819e+00,-9.353008222033960095e+00,-5.288119255586434697e+00,-8.874615631940709903e+00,-1.585335172405679671e+01,-9.518216553990168194e+00,-3.290751787524169192e+00,6.810120353124189396e-01,9.616383302286764245e-02,-3.630149217545524110e+00,-5.565993338595819573e+00,-2.074410175308336157e+00,-1.899765892472395357e-01,-1.547014111130434300e+00,-7.871878390776291923e+00,-1.216961761490079219e+01,-9.337000763143292303e+00,-5.536442635851051897e+00,-3.895908272107138970e+00,-1.799716434864512049e+00,-3.341874228775294942e+00,-8.580763080818506694e+00,-7.335926291028052049e+00,-3.607426270387554812e+00,-4.532157621993363250e+00,-1.036580207284170285e+01
-2.203132558232955418e+01,-1.450008790092613786e+01,-1.078009285180623245e+01,-9.294945052561869758e+00,-9.540728784699476606e+00,-8.368841297298898141e+00,-3.933328983644094556e+00,-1.845167966670612669e+00,-3.173505542394598589e+00,-8.726438091911433048e+00,-1.565023128312962619e+01,-7.797994984925248119e+00,-3.014473960550061005e+00,-2.488643296916066117e+00,-5.848035250001281327e+00,-4.482623947485712357e+00,-3.132135918008462028e+00,-5.934172671259814180e+00,-1.348016329758039866e+01,-1.416290886438529917e+01,-5.728194038376553721e+00,-3.262220596254782112e+00,-4.285871063024942806e+00,-9.193380151996175087e+00,-1.868539332251512519e+01,-2.419293019607776785e+01,-1.392940700691164935e+01,-3.337521062884835299e+00,5.513667927675912628e-01,-1.288788157937566625e+00,-7.097311762396160795e+00,-5.057629040614808780e+00,-6.977684278103330584e+00,-2.527825331656646135e+00,-2.359602228928986634e+00,-3.054624186462601809e+00,-8.237102886082254827e+00,-4.065321251646906831e+00,-1.748605436689214976e+00,-2.180934433748888512e+00,-3.589642829730935958e+00,-9.732608468022965198e+00,-1.508480927234387536e+01,-1.013826364324293117e+01,-9.010669569922113098e+00,-6.322139514254704551e+00,-7.530641343757396022e+00,-1.688147374782853305e+01,-1.616366598988307501e+01,-9.152254703390688917e+00,-8.764535412761091493e+00,-6.608563026740350566e+00,-3.586089286867898629e+00,-7.054825044628090680e+00,-1.055841050985205243e+01,-1.382929947085052902e+01,-2.032701541449277371e+01,-2.238259531159437188e+01,-1.424067430550815416e+01,-7.369103850299165259e+00,-4.033103072688779989e+00,-3.415547198694171005e+00,-5.539284000187429946e+00,-9.992917298360636025e+00,-1.458418904188025067e+01,-5.397325340345616063e+00,-1.824042754289329771e-01,-1.309198189051804073e+00,-9.466599082901277384e+00,-9.653667425381318168e+00,-6.691277451415098554e+00,-1.867643185270033035e+00,-5.091079054720244468e-01,-3.296829612079638316e+00,-1.121192129263441117e+01,-1.971137710154511424e+01,-2.044751668158378166e+01,-1.284007612348512772e+01,-8.851582442076152191e+00,-9.301490274321942309e+00,-1.253178423324614066e+01,-1.040160307856916511e+01,-1.406225563688132674e+01,-8.279981361545679874e+00,-5.788602117363732980e+00,-9.848613227141722604e+00
-2.400926179376267200e+01,-2.049894440993097788e+01,-1.936125329432596587e+01,-1.965038224394994870e+01,-1.941726279440726799e+01,-1.419418692770805102e+01,-9.558674306359909778e+00,-1.230948798210566331e+01,-9.169984621856048790e+00,-8.401708336731859461e+00,-1.499798428466301914e+01,-1.562617314680842107e+01,-1.290291736053146465e+01,-1.241904926846045498e+01,-1.048114864380305100e+01,-9.924635830726332486e+00,-1.330531833099044903e+01,-1.461092651618345961e+01,-1.560903337984594685e+01,-1.592361633650219233e+01,-1.476994246380929710e+01,-1.466025053908806797e+01,-1.413702672992953779e+01,-1.465670218358513033e+01,-2.043893128133002079e+01,-2.430104406007373541e+01,-1.716846972658434112e+01,-8.045327561615987833e+00,-2.022758956882615866e+00,-2.140763764471377506e+00,-7.778914599714957134e+00,-7.209139528620333692e+00,-6.158965075744017525e+00,-9.085896350045240766e+00,-1.177689327265469998e+01,-6.623855707470242216e+00,-1.642782376036004743e+00,-1.628244508319989459e+00,-7.782161533605051140e+00,-1.543692571607254926e+01,-1.304271831676250137e+01,-1.396489034536230633e+01,-2.026612582279525654e+01,-1.961216059349875351e+01,-1.880463094019707881e+01,-1.170191753183612349e+01,-5.840417634667330660e+00,-5.408401899004198654e+00,-6.919981479310636452e+00,-4.395352351983994765e+00,-4.935593474457282248e+00,-3.980401348066693767e+00,-4.893475073439474521e+00,-1.276441038382872328e+01,-2.166703871916268653e+01,-1.556036417629882607e+01,-1.300335044669740903e+01,-1.029289052277120931e+01,-1.175638313284357039e+01,-1.101076993004966376e+01,-8.422095682329803878e+00,-1.282955577537303604e+01,-1.224862409729994006e+01,-1.604441994019137141e+01,-8.764045808151477601e+00,-6.121807961063530534e+00,-8.170212691102376468e+00,-4.415263207586667349e+00,-5.347186761503000874e+00,-1.299369606261944909e+01,-1.348188361093288101e+01,-1.298710005383455091e+01,-1.165117492657581444e+01,-1.153355457855544941e+01,-1.434969498228480766e+01,-1.478413942666681713e+01,-1.301252096072408015e+01,-1.402657830806178829e+01,-1.095455778828103988e+01,-1.236233497484949773e+01,-9.093679303886325727e+00,-4.282012865629814868e+00,-3.070223443892620807e+00,-6.198021331588730476e+00,-1.294384423558038577e+01,-1.583012063357666221e+01
-2.698477013966509475e+01,-2.697452747184811628e+01,-2.756406003282270234e+01,-2.790211806224502666e+01,-2.534087716896115339e+01,-1.635789875492794820e+01,-9.258888450287679817e+00,-5.321585571492901678e+00,-4.067892503192406473e+00,-5.977674285419114497e+00,-1.153035555723059247e+01,-2.077373553232382264e+01,-2.215956163770369969e+01,-2.106576087274624243e+01,-2.304956415591349028e+01,-2.185447291017488780e+01,-2.203700306215359106e+01,-2.391782622300941696e+01,-2.299777586041516031e+01,-2.307426986803535129e+01,-2.465902574371745715e+01,-2.495816945847664314e+01,-2.387910495823576085e+01,-2.411770217655269377e+01,-2.355191224585962573e+01,-2.448970928992934049e+01,-2.078853467584566417e+01,-1.284019098391059721e+01,-4.250032811674453015e+00,-2.031749590804786010e+00,-4.162575414434029675e+00,-7.476752666002921544e+00,-9.970628775258100873e+00,-5.591846731782869284e+00,-9.755555848583920664e+00,-1.329613999647038547e+01,-4.645424608624618479e+00,-1.477864147731785538e+00,-4.389782464344992974e+00,-1.398588308305230754e+01,-1.166955636839830213e+01,-8.592187719945689750e+00,-8.552472365152745226e+00,-8.020906845121892559e+00,-8.959808071151034170e+00,-5.700985385261419403e+00,-3.365634056675525176e+00,-7.052755681783643205e+00,-2.958693342331355947e+00,-7.796752269314033423e-01,-3.904000796259021744e+00,-4.118004112980748310e+00,-5.808802459076161107e+00,-1.290970522301797629e+01,-2.358975912596433133e+01,-1.414195064369958743e+01,-4.664649840302139694e+00,-8.013027865814670303e-01,-1.347372996831447844e+00,-5.353987847803202804e+00,-6.613574020280182708e+00,-8.787199240376931897e+00,-9.483948549241510761e+00,-1.491324124081444147e+01,-9.930966901415176906e+00,-4.779463745483004899e+00,-4.300938198357138198e+00,-4.714253686268934374e+00,-8.678555569575943096e+00,-1.560227400928963171e+01,-2.238160568885220769e+01,-2.390820778963220050e+01,-2.368799358970336399e+01,-2.385531283676169423e+01,-2.143454874278479849e+01,-1.158052509704618949e+01,-3.892571988899015345e+00,-1.333871303598986646e+00,-2.915160775545874383e+00,-7.636073165722475409e+00,-8.743414284163758765e+00,-6.394793980904207586e+00,-5.028331592508399339e+00,-7.694606379698250898e+00,-1.648986747246662077e+01,-2.021096981026744288e+01
-2.420476222948263612e+01,-2.336549304459841281e+01,-2.268598393993523388e+01,-2.380923707430599379e+01,-2.235573723843989313e+01,-1.517467134781466243e+01,-8.805142911335893885e+00,-1.143093561489163434e+01,-1.293575744365007907e+01,-1.084481740543860440e+01,-8.974299779830088752e+00,-8.871411494171345780e+00,-1.107911836645985382e+01,-1.414048105432786961e+01,-1.627896460322023486e+01,-1.714227540438411879e+01,-1.925760850287575821e+01,-1.658826913997417307e+01,-1.749585198992081203e+01,-2.221300328414858782e+01,-2.603301230823720758e+01,-2.577565175158376931e+01,-2.558904077806545629e+01,-2.467654665189844820e+01,-2.316430534661271068e+01,-2.377099936791048762e+01,-1.804237713886581318e+01,-9.475135342765399926e+00,-1.146766335591105168e+01,-4.854870807976667813e+00,-1.425277570743542110e+00,-2.566643968331165482e+00,-4.713555508670006056e+00,-6.657005435637845636e+00,-1.049888510740440317e+01,-9.279146758654645666e+00,-2.347732641833713441e+00,-1.330981008804452914e+00,-6.308296326348799887e+00,-1.757590436025430236e+01,-1.095609919806473087e+01,-4.516589536580420727e+00,-2.351803103532954964e+00,-2.513441904511956704e+00,-6.500876284737623578e+00,-5.917924603214931523e+00,-8.514709145924652389e-02,3.017010986645002335e-01,-1.454283095483902777e+00,-2.437876330018652116e+00,-4.768316798902428211e+00,-9.212301825521556964e+00,-8.322125113647402372e+00,-1.341916183205961310e+01,-2.396298107300095737e+01,-1.293971878335676173e+01,-3.321946193080196341e+00,-1.301772106040752552e+00,-2.696936727093109720e+00,-6.413142672363128405e+00,-4.976387905198653705e+00,-2.476004729779456515e+00,-3.801663617766995351e+00,-8.199319633363767679e+00,-1.340603192616964989e+01,-3.914450053298021093e+00,-1.097998872132730064e+00,-3.474284781278146550e+00,-1.204341843474002260e+01,-1.756831893393101751e+01,-1.629461015271776603e+01,-1.822607158704568420e+01,-2.438346415439634995e+01,-2.574850183042861218e+01,-2.192563549707864112e+01,-1.148672236945792946e+01,-3.638963134239520336e+00,-1.443579527959120812e+00,-3.300541524533608939e+00,-1.074671235589580753e+01,-2.013385712281438344e+01,-2.093283742620744903e+01,-1.522800095299728085e+01,-7.700750883298975502e+00,-7.242278433483065214e+00,-1.231124253946406277e+01
-1.202872766247232406e+01,-1.383508389778719661e+01,-1.916658944210023208e+01,-2.176448169919370557e+01,-1.617598507695525711e+01,-8.431750021818029239e+00,-4.838549596207742276e+00,-3.914374895564472379e+00,-5.379415893145189642e+00,-8.050755401149050527e+00,-8.331538703605419371e+00,-9.491869315391278761e+00,-8.612076728398562864e+00,-1.205770216552355834e+01,-9.315736934883904752e+00,-4.906762427046098551e+00,-3.909402281614660524e+00,-5.901881440905214049e+00,-1.128446760705409169e+01,-2.138885619440151586e+01,-2.603547115726325245e+01,-2.588782203652476710e+01,-2.562058163599203553e+01,-2.378521783115299471e+01,-1.632995242653912271e+01,-1.398663164368112533e+01,-1.284289052104221973e+01,-5.596427351236343384e+00,-3.365127904482811516e+00,-2.387416672530292772e+00,-5.458065750489708101e+00,-1.322778294059156501e+01,-1.414655436950785550e+01,-1.256521715826660568e+01,-1.416213861858571832e+01,-5.520208587628284924e+00,-4.204935361506801361e-01,-1.009125662867143447e+00,-7.194413546159977635e+00,-1.810482211058376478e+01,-1.563083668519522362e+01,-1.263155800422639352e+01,-1.315501290468769291e+01,-1.392283520216250281e+01,-5.741870598938628945e+00,6.223315846900107084e-02,-3.740073373187546846e-01,-4.639838283664710517e+00,-4.857855479680854849e+00,-6.985668302492331172e+00,-3.527151643149270210e+00,-4.871400595962546376e+00,-7.741713297276096917e+00,-1.478301661433154379e+01,-2.408549811639858618e+01,-1.422588018515637742e+01,-5.632477187473355684e+00,-4.191054725692472616e+00,-7.389519425293871180e+00,-2.985745263008670936e+00,-3.047525517016876684e+00,-8.552769713501893634e+00,-4.132736558364775270e+00,-1.877514955111359907e+00,-4.874892518891178028e+00,-1.008689753745348483e+01,-2.435654208629271178e+00,-8.265147850753646885e-01,-5.814342581922941733e+00,-6.020440135179585539e+00,-7.009624591310515740e+00,-1.333481672701944909e+01,-2.141948878765106201e+01,-2.269327930389469827e+01,-1.866928626744801889e+01,-1.552603276267306498e+01,-1.291533952086936488e+01,-9.131215184699488674e+00,-1.090019062093196034e+01,-1.341181913495973710e+01,-1.192092738442748612e+01,-1.446386488339373244e+01,-1.431149254318412112e+01,-7.927238967127472336e+00,-6.082087480839882154e+00,-9.267181303664928649e+00
-1.252909660976351702e+01,-1.267543784079660973e+01,-1.821239046286080665e+01,-1.564124394100130999e+01,-1.681499539440824620e+01,-1.129060580803237812e+01,-6.521025588949218132e+00,-8.942977606795215806e+00,-6.826762253546532655e+00,-3.805568592466471056e+00,-6.499464075983935274e+00,-8.984524777372374871e+00,-9.025137160570567474e+00,-1.469524521864097544e+01,-1.086856788260336160e+01,-6.467239459507338140e+00,-5.881965838770829791e+00,-7.421919742158350708e+00,-1.247278245987782874e+01,-2.132483508022686891e+01,-2.551845451711698232e+01,-2.506515938453091863e+01,-2.512812689970467872e+01,-2.415599595317403825e+01,-1.472659136229798982e+01,-6.353303721387877800e+00,-2.616652666839934582e+00,-4.220687831858642269e+00,-7.485759371109590887e+00,-3.143278946062080692e+00,-4.599224910026288526e+00,-1.413915174881010550e+01,-1.605565910120956730e+01,-1.890606530022075304e+01,-1.357332045522355024e+01,-8.874886156720968700e+00,-5.165996955437514693e+00,-5.411844964188929019e+00,-8.712138391178072538e+00,-1.806760160795604975e+01,-1.928928059476022483e+01,-1.859467848020655367e+01,-1.639433452919239187e+01,-9.670081088561138571e+00,-1.780772876769361135e+00,6.129190637658969015e-02,-3.603435683195685524e+00,-1.301613285068337156e+01,-6.924497973372917947e+00,-4.340869296143073264e+00,-6.423741262718920986e+00,-6.051666015432081380e+00,-8.013278728678026042e+00,-1.636983292339412444e+01,-2.051626517026479135e+01,-1.505745744250202911e+01,-9.469466916477406571e+00,-5.746188876283078173e+00,-4.630985574057425502e+00,-5.415443954918220726e+00,-1.050958506706106732e+01,-8.503101079518557981e+00,-1.780647891365660040e+00,-1.190388288985642751e+00,-6.574830167279898774e+00,-8.814906436068410400e+00,-1.411132169951407445e+00,1.620756696440450062e+00,1.362212585054474845e+00,-2.548482390017984489e+00,-7.661567336730374933e+00,-1.449205441056317056e+01,-1.132192214663702146e+01,-8.863795685859127360e+00,-1.177588321962429418e+01,-1.587630459006506101e+01,-1.992834432434489855e+01,-1.641432001026532106e+01,-7.207379560661680173e+00,-3.770586111163364951e+00,-4.512260606611958380e+00,-9.198501775282940329e+00,-1.508792937256907685e+01,-9.965550752996488626e+00,-8.007577208162263815e+00,-1.217707094527382949e+01
-1.890284692968121050e+01,-1.317332688542722785e+01,-9.950289625247926040e+00,-1.047603344917297363e+01,-1.456474262339468240e+01,-1.298512813517155529e+01,-8.935027396405926581e+00,-9.272513004659696634e+00,-1.068394076096192613e+01,-1.081255622537991457e+01,-1.085747353812210392e+01,-1.140100655118927619e+01,-1.288562148217936532e+01,-1.460205995126534972e+01,-1.794466162819898614e+01,-2.169459276708937878e+01,-2.331533237267996483e+01,-2.086044978549462314e+01,-1.998154322063649957e+01,-2.400422158314071552e+01,-2.383272182486439306e+01,-1.888883103669144603e+01,-1.591209223889212510e+01,-1.591088578537220322e+01,-1.557166296607665501e+01,-6.643657899767387853e+00,-4.246888135453216861e+00,-6.644697672651924236e+00,-3.361617872903820192e+00,-1.790347293900852010e+00,-4.077741878405782394e+00,-1.211235683746920344e+01,-9.332965763925596292e+00,-4.675956354672018200e+00,-6.170720401031625890e+00,-9.688512933767535529e+00,-1.279972314197598493e+01,-1.580250107969036577e+01,-1.741182120064742733e+01,-1.278503995451308306e+01,-1.025728879084113920e+01,-6.520897863475420664e+00,-7.486044246731824003e+00,-6.991420020996272910e+00,-8.256864192718580409e-01,-5.117380111700435830e-01,-2.456644848943510429e+00,-5.628845468845986133e+00,-5.249703450512339664e+00,-1.061335738060128620e+01,-1.618664349490449794e+01,-1.101042072190583276e+01,-4.904845193369697931e+00,-4.290185759398545962e+00,-7.419952425337929647e+00,-1.341707494695678093e+01,-1.957825115345816513e+01,-2.034114192096331664e+01,-2.273492454208490443e+01,-1.896389795987660776e+01,-1.619789977201068609e+01,-1.015705904068837562e+01,-8.304654783874978463e+00,-6.096325064092192214e+00,-3.380714899938525253e+00,-4.563538099063261910e+00,-9.174902154061630455e+00,-3.667654737304071322e+00,-4.346749159139545071e+00,-1.312233922909234352e+01,-2.038506674584541756e+01,-1.080675044542050500e+01,-5.545401245128107171e+00,-3.656592506033773837e+00,-3.207388900949100563e+00,-2.859619700810186238e+00,-2.657371049028161902e+00,-2.348576698395359763e+00,-2.425298554666397433e+00,-4.701208483626824197e+00,-8.435280581694522439e+00,-1.252116598791748459e+01,-1.922747888273865158e+01,-1.295904549751572965e+01,-9.736836496200270474e+00,-1.225517944070219123e+01
-2.238487029075622559e+01,-1.927596303160864011e+01,-1.905291219704023931e+01,-1.758006988954907968e+01,-1.319572175550096738e+01,-1.105182835709957700e+01,-1.045089455051276595e+01,-1.239015039323850509e+01,-1.587889987002802172e+01,-1.745636791582326097e+01,-1.888947723749029706e+01,-1.749179801322121719e+01,-1.767744715432174374e+01,-1.889945209117336233e+01,-2.404629734818261966e+01,-2.572673718073895799e+01,-2.726726792058871851e+01,-2.597511149362753358e+01,-2.136063876042839382e+01,-1.497297684381936378e+01,-1.418327786995254414e+01,-1.127376891911484869e+01,-4.917328795290175414e+00,-2.502923016841629877e+00,-2.069982923633944871e+00,-1.355926689222181292e+00,-1.957168136534942260e+00,-2.764911585810899908e+00,-1.551873215490184421e+00,-4.694054537857989651e+00,-1.244990696433846189e+01,-1.015773299086184878e+01,-6.249581513741544470e+00,1.208767412720916298e-02,2.037966788682432639e+00,9.677080172696150839e-01,-2.090225111211486464e+00,-3.569842953234910965e+00,-5.407843079730754177e+00,-9.835679845955535683e+00,-6.743066072236490349e+00,-3.252483928249082279e+00,-2.850070574868271311e+00,-1.759717492348680468e+00,-3.779799671575270636e+00,-1.039823309337819879e+01,-1.038187003954676335e+01,-3.838144662718907085e+00,-3.076947086184989466e+00,-1.017158423671285661e+01,-9.868199301129989109e+00,-4.464894661694082778e+00,-3.631673010080370467e+00,-4.395493944722960400e+00,-5.589272754565450363e+00,-1.092698139179753980e+01,-2.080012102891470605e+01,-2.407332129878852101e+01,-2.369224463892346932e+01,-2.300035735487027821e+01,-2.049051149200847277e+01,-2.184522331579950816e+01,-2.271323444279095582e+01,-1.855721421278159866e+01,-9.039496692992349480e+00,-4.669876960170178393e+00,-3.719826666112164393e+00,-4.925405805575028495e+00,-7.712626785722397571e+00,-1.435089531199622748e+01,-2.283093591864782468e+01,-1.062476658366108673e+01,-3.068530834827372988e+00,-3.540881934497978278e+00,-5.856926491825293901e+00,-1.445735398248968462e+00,-2.311610282963508123e+00,-8.044800067277810385e+00,-5.590390989798625476e+00,-7.247614709475568517e+00,-1.224347636626876934e+01,-1.442285669122943403e+01,-1.987613865983395200e+01,-1.677991394414246429e+01,-1.333473795242892024e+01,-1.505805215762771709e+01
-2.490247326952810525e+01,-2.847360284091861971e+01,-2.885286008128683122e+01,-2.725104677586154978e+01,-1.668453624776301325e+01,-1.471851879403791408e+01,-1.772890761699385465e+01,-1.513086762410083885e+01,-1.730907589970654215e+01,-1.095219063576851148e+01,-7.588481767941977374e+00,-7.530225603180077165e+00,-1.023292878474897982e+01,-1.777766189684394504e+01,-2.357788779171368532e+01,-2.631690520184640647e+01,-2.794938317692006891e+01,-2.598453530100465869e+01,-2.208952452936245336e+01,-1.120746233627086319e+01,-4.883397939664717136e+00,-2.340932669814761447e+00,-4.527553642552544666e+00,-1.018153940607573205e+01,-1.275356763260055182e+01,-1.168164076218168290e+01,-1.157188146077949575e+01,-8.361980480888417944e+00,-3.507207906406856424e+00,-2.604591106455631078e+00,-6.346779958664916066e+00,-1.360873800379629373e+01,-1.099849073895971330e+01,-3.014021428861790586e+00,-2.961593716256035957e+00,-8.362522840043103756e+00,-2.161969897285715092e+00,-1.286582920989128409e+00,-8.165350530253908445e+00,-4.166997294503313576e+00,-2.310836495049582329e+00,-6.801985335714034520e+00,-1.116261936235063779e+01,-1.258635544822416286e+01,-1.474187575769788516e+01,-1.722919304680278429e+01,-1.399424744744337268e+01,-1.352134535967848628e+01,-5.724072765985518174e+00,-1.855603965597390825e+00,-2.116954594160934899e+00,-5.043545119635021834e+00,-1.247126285629417985e+01,-1.740794419605313337e+01,-1.541653646676594924e+01,-1.702060953806374854e+01,-1.239493067664954573e+01,-9.382743155342021524e+00,-9.660855060087815360e+00,-9.323819099036791513e+00,-1.298872570955116323e+01,-1.896613628991687506e+01,-2.431731263007826627e+01,-2.345804274719180071e+01,-1.689890107853722157e+01,-7.156902793254561246e+00,-8.102795152718783811e+00,-1.022029946778566867e+01,-8.812539996081635962e+00,-1.510207702276360919e+01,-2.195911540693909103e+01,-1.119133621044741389e+01,-2.195404479442740087e+00,5.917676954280464141e-01,-1.399805668623716359e+00,-8.217429915684780539e+00,-4.072486523453515694e+00,-1.768547185476272210e+00,-2.652313792203616849e+00,-2.433742924273468944e+00,-4.000219663932123026e+00,-9.328405796116545190e+00,-1.812965760249218050e+01,-1.955721387244362930e+01,-1.825952149893491239e+01,-2.175262211843301330e+01
-2.433731278936371467e+01,-2.861868473227697507e+01,-2.930641165944456006e+01,-2.499297964845904829e+01,-1.914669098926864521e+01,-1.127740767984899861e+01,-8.143168897119187122e+00,-9.416710501408758205e+00,-1.310751214919199548e+01,-1.416762681953779612e+01,-1.190139018397294812e+01,-1.363272111015465349e+01,-1.394143272993218829e+01,-1.681878245149859907e+01,-2.208290804433458732e+01,-2.343449552550570658e+01,-2.444162681084552702e+01,-2.452590368358233519e+01,-2.115018742139102770e+01,-1.486547855566476173e+01,-6.373605647159896748e+00,-6.337607656726400585e+00,-8.028382334545367982e+00,-1.109344436330649764e+01,-9.305840115055783457e+00,-1.078299912696576257e+01,-1.586146576622970272e+01,-8.875587625812938697e+00,-6.914766837622373430e+00,-9.523683029731721206e+00,-3.817407547318525829e+00,-2.588112442491163900e+00,-3.650805191830833962e+00,-6.394125462488363887e+00,-1.152470479302733963e+01,-1.309002338110945551e+01,-6.474201120038069135e+00,1.559125437871783926e-01,1.081023462488625242e+00,-4.544178669929205938e+00,-8.379617335687157720e+00,-4.422282755374908447e+00,-8.823455043421446931e+00,-2.154767086851687807e+01,-2.390385287044612639e+01,-1.703826934872692789e+01,-8.795006650549764160e+00,-4.559119298421415500e+00,-1.948086362444077624e+00,-5.786591765421037259e+00,-6.439556500725164057e+00,-4.601048504009501272e+00,-1.148167401779699048e+01,-1.869956617136947941e+01,-1.831405462381493976e+01,-1.233428349385734712e+01,-6.573639385117829192e+00,-3.760014811431178661e+00,-3.265542247254429764e+00,-5.280575006745244160e+00,-8.998332786196060695e+00,-1.411249323109634091e+01,-1.844794386579790313e+01,-1.953737635466888634e+01,-1.724093170748412263e+01,-6.238607261358326994e+00,-1.208433724570137757e+00,-8.017133282660151572e-01,-4.503512121082944297e+00,-8.373805755877313572e+00,-7.256823729922753152e+00,-3.377850989747138488e+00,-2.467935520531751692e+00,-8.473915422158421862e+00,-1.236044179403599941e+01,-3.293806096234977332e+00,-6.306026948732185167e-01,-3.979194537444992630e+00,-1.079696901290471267e+01,-9.608982147151277076e+00,-8.912728230916817651e+00,-1.195982089752459387e+01,-1.891524123053514472e+01,-2.013216311877010511e+01,-1.980057631012137520e+01,-2.587090677341431899e+01
-2.392290559069800793e+01,-2.863091316295944111e+01,-2.909828255012745046e+01,-2.451469484904340135e+01,-2.172636106178050852e+01,-1.149988051225210839e+01,-7.426005895811182533e+00,-9.570901408450293246e+00,-1.746800891133664990e+01,-2.236031437648161813e+01,-1.982724934133864636e+01,-1.508370913895031862e+01,-1.241056213670104569e+01,-1.198051432434839114e+01,-1.091730090179516210e+01,-1.065692301742903147e+01,-1.460933555219009605e+01,-1.495979286787164142e+01,-1.539213581303603817e+01,-1.121747258146300652e+01,-5.589478469986952192e+00,-4.932173939606615320e+00,-5.329359051563958616e+00,-1.275300252969591819e+00,-1.505462941082677863e+00,-6.823693732041438587e+00,-1.098263190220330543e+01,-5.266219009424894182e+00,-3.822440330308812140e+00,-4.924025458802703703e+00,-2.309043726158676701e+00,-2.294263796207898665e+00,-6.053051832741666693e+00,-5.442587925277593719e+00,-5.968804481034060139e+00,-4.839965820667966767e+00,-3.365272946072785043e+00,-5.478152216948881659e+00,-2.978261216775556885e+00,-1.031103977885982292e+00,-2.504254642746034598e+00,-6.195296819655950138e+00,-1.127365290208627258e+01,-2.027051849401633987e+01,-2.240848931465439975e+01,-1.432625297462667291e+01,-7.012658195641204628e+00,-4.311705508048980562e+00,-5.475337617127722822e+00,-3.392881166912172564e+00,-7.106997531651872979e-01,5.996610958569945637e-01,-2.705146381391553834e-01,-3.971892873312254046e+00,-8.968412065778979425e+00,-1.495857679024907405e+01,-6.197414910065308646e+00,-4.531022707014593642e+00,-7.947254729862431866e+00,-4.710076212143625263e+00,-6.545865842631754639e+00,-8.577620106344005180e+00,-7.953200815743162622e+00,-1.433502962025067262e+01,-1.477118424877865621e+01,-6.640689121857854538e+00,-3.421743153948116678e+00,-2.993459560597510283e+00,-6.546459732961108280e+00,-1.138527935060835894e+01,-5.064911278832049391e+00,-3.488058314964402662e+00,-4.192155419756438128e+00,-8.302496141604795099e+00,-1.141660411576278378e+01,-3.484331261082232345e+00,-3.992791708891159086e-01,-2.133998031807505136e+00,-1.171916810701821632e+01,-1.921667448800938871e+01,-1.291593980698185185e+01,-1.466272140732248275e+01,-1.212827356808058177e+01,-1.205317634753598455e+01,-1.662907140036575626e+01,-2.234098816827963319e+01
-1.673336406973482227e+01,-1.825111469421677768e+01,-2.018550956886233294e+01,-2.434772303450198550e+01,-1.688838636420155126e+01,-7.883770694259468748e+00,-7.462790111549027827e+00,-1.369144973864082182e+01,-1.863431852100459807e+01,-1.492897384039318354e+01,-1.010433212195643904e+01,-4.452205516317973455e+00,-1.134898660674223292e+00,-1.550213619891575467e+00,-6.205709843235161394e+00,-4.698751875007425305e+00,-2.781866498938441623e+00,-5.394658619210920492e+00,-1.040052617961213777e+01,-6.771693769757074044e+00,-4.947983889179375261e+00,-8.600153746950716993e+00,-2.261085998890779436e+00,-4.442234648393159624e-01,-6.755806826339423310e+00,-6.713462989748888887e+00,-3.431981060938298356e+00,-3.855781770275749309e+00,-1.040602784711895978e+01,-1.906235659031467478e+01,-1.008238007549111082e+01,-4.627531084509295844e+00,-4.255287427565381364e+00,-3.087580879169110837e+00,-5.219640162268667893e+00,-4.641665131341531136e+00,-4.166925013065338135e+00,-9.831954240798950195e+00,-1.084791426713229967e+01,-1.438509405887763926e+01,-9.986664151872387762e+00,-1.094545352367954472e+01,-1.908215694391090622e+01,-1.924503450357277146e+01,-1.921096240291158708e+01,-1.879647752164884267e+01,-1.597107341453319229e+01,-1.736431658813971524e+01,-1.583391099849730033e+01,-6.740198443636639780e+00,-4.350156765687101412e+00,-6.826156592647054211e+00,-1.198657621760170100e+00,7.844717223606008372e-02,-3.965061558225682514e+00,-9.112323097827779605e+00,-4.747158838137415238e+00,-4.566843358614972814e+00,-4.308850774655246241e+00,-2.139994190902740456e+00,-1.072095033677416209e+00,-1.813025029593650306e+00,-7.082405367197881496e+00,-1.262339674516488586e+01,-8.464457595621356134e+00,-1.289291137138395804e+01,-1.491500302671476241e+01,-1.465237811503519616e+01,-1.655973559663495820e+01,-1.692157623058056970e+01,-1.549564023509280375e+01,-1.416989106622361128e+01,-1.314817356244298274e+01,-7.304265302101164536e+00,-9.316211148527742125e+00,-5.666810777806143840e+00,-2.484633738903740952e+00,-5.432317482569265721e+00,-1.131953142480995744e+01,-1.698526242853121104e+01,-8.866051278496517085e+00,-3.864081515347627782e+00,-5.224954198930370275e+00,-1.093994239029538562e+01,-9.364547835506556339e+00,-9.446855552323901506e+00
-1.088728947311867223e+01,-1.294729835750492519e+01,-1.879578919083107635e+01,-2.279192895743683067e+01,-1.423989754414740361e+01,-1.092652264351153235e+01,-6.062273653863950784e+00,-5.475458989161571033e+00,-6.875033643978242459e+00,-7.818003668129898998e+00,-6.985083684666466119e+00,-5.565282407844126311e+00,-4.018485433184754818e+00,-2.570297236851139200e+00,-3.689069302290507224e+00,-2.026161272661717749e+00,-1.023032582245894995e+00,-4.923454411953460230e+00,-1.348292944631503687e+01,-8.246948838688945571e+00,-4.606797517255972529e+00,-3.488351000629308363e+00,-3.701424441264785870e+00,-3.061567745965955378e+00,-1.775891405441407223e+00,-1.709399159367636978e+00,-3.644747892615051388e+00,-6.846404430179195977e+00,-1.037698006720943233e+01,-9.671864589662042988e+00,-6.430010129932228757e+00,-7.703861258867132911e+00,-6.392586134374141693e+00,-1.040948848174316099e+00,-1.498029723985965678e+00,-2.853248257056550052e+00,-4.693223071348576525e+00,-9.573227201709309853e+00,-1.207015743601413149e+01,-5.858741254220496408e+00,-2.335019065298225449e+00,-1.186265897322161811e+00,-2.639632199286173986e+00,-5.405264178305182021e+00,-9.714531483086011221e+00,-1.718052668607871780e+01,-2.339817696127272839e+01,-2.509249131552135736e+01,-1.805707142917254515e+01,-4.869868797314076403e+00,-1.024791899387469618e+00,-7.173022829611138684e-01,-4.239378746015993293e+00,-1.222152111104881556e+01,-7.917066235351198245e+00,-2.417328794294868910e+00,-4.158548916171070253e+00,-9.901538503989009143e+00,-1.067968573916049380e+01,-7.987022955909029776e+00,-7.727258922489545157e+00,-1.146999769720412310e+01,-4.754748559748853687e+00,-2.849481654730234403e+00,-4.299933902862417945e+00,-8.341996964607529819e+00,-1.735991008773104838e+01,-2.506594192526722509e+01,-2.466712504852819166e+01,-2.250282799742603856e+01,-2.532691376627856528e+01,-1.765640054040282791e+01,-8.751808079144426600e+00,-3.790709505668123480e+00,-2.165627122593631437e+00,-3.571949790907269939e+00,-9.111625366538534720e+00,-1.925206404059897736e+01,-2.001893446736663407e+01,-2.128503931387690074e+01,-1.488774790108658941e+01,-3.047639262265541937e+00,1.877425944078926934e+00,2.335870596683292888e+00,-4.696092910456776681e-01,-6.595906784743752915e+00
-1.601503133227807041e+01,-1.436413591144649082e+01,-2.169896995202275747e+01,-2.189157095210242687e+01,-1.969644290436315259e+01,-1.654717998104241161e+01,-7.003918248733491225e+00,-1.899794211824431756e+00,-2.195802008605185485e+00,-6.992828220356511970e+00,-7.777218389147110500e+00,-1.070119019228083523e+01,-1.310868083429700626e+01,-1.303749778844018081e+01,-1.331931324587523413e+01,-6.040886017657418172e+00,-3.105474500540103655e+00,-6.029487664235457345e+00,-1.417358157015938858e+01,-1.342626561372334670e+01,-1.117710917369099910e+01,-1.388778367661337754e+01,-1.643766404108236756e+01,-1.594184177886438647e+01,-1.148910087984026873e+01,-1.073775825837186204e+01,-1.353596952853312096e+01,-2.063205039592189749e+01,-2.135419291394357444e+01,-1.705149794443872935e+01,-8.791717363677861385e+00,-5.144420525727380955e+00,-3.561789541161807460e+00,-8.041714302216166343e-01,-1.976380734668888195e+00,-8.842386736783362622e+00,-8.160012287947967735e+00,-1.177475468439000217e+01,-1.111377976732399553e+01,-2.068286669405020817e+00,8.570778794539558598e-01,-6.265765245406682560e-01,-4.129755749932279230e+00,-4.497360107097916782e+00,-8.368014562675970325e+00,-1.700977842316372701e+01,-2.324611315108437637e+01,-2.336253161648757626e+01,-1.601853927492185292e+01,-4.471681041344431229e+00,-2.003607171967995426e-01,-2.024297127904519655e+00,-1.201701280315413811e+01,-1.525832360573397395e+01,-1.301618185389132876e+01,-1.066304056744539075e+01,-4.293862567603133229e+00,-2.439663394419156361e+00,-2.223960306808238752e+00,-4.081669622477684278e+00,-9.561539816947384196e+00,-1.359603119169482710e+01,-1.112767500276783927e+01,-1.175018680550669892e+01,-1.306723676519539445e+01,-1.243538971620661648e+01,-1.761133872734681205e+01,-2.418773794174194336e+01,-2.330535012347097634e+01,-2.261034232787503484e+01,-2.562631469464484013e+01,-1.711518374381174468e+01,-1.000065727088287559e+01,-1.213186741694239323e+01,-6.878148106218294089e+00,-5.891612362315636453e+00,-1.395861122080387950e+01,-1.987503379537859161e+01,-2.265379465809305159e+01,-2.272185331446523904e+01,-1.692916008352323232e+01,-4.621882459276732469e+00,5.830430200595394519e-01,2.235910808951913908e-01,-4.198834151969795592e+00,-1.350228283787501660e+01
-1.005207090250408442e+01,-1.287830705497101036e+01,-1.888590275968304155e+01,-2.720969878262235753e+01,-2.709321891260510995e+01,-1.453174099485382698e+01,-7.607692990139240941e+00,-6.816631078947591682e+00,-7.707795086025281961e+00,-1.134367937122592451e+01,-9.090761391716149831e+00,-5.030666166134462713e+00,-4.994292698516190399e+00,-5.283830868037602713e+00,-4.452279181539557484e+00,-6.483019016171229332e+00,-1.464531752535405040e+01,-1.679519265753622292e+01,-1.672514072447332723e+01,-2.378602703655039008e+01,-2.470502501589651345e+01,-2.280676227580499926e+01,-2.383370288637758350e+01,-2.253079824411232224e+01,-2.292399558766197742e+01,-2.101769056028992111e+01,-2.141183559767162592e+01,-1.729347125810521391e+01,-2.292591518846176868e+01,-2.041559357952525744e+01,-1.002446966089365077e+01,-6.029105091709216602e+00,-7.790489816483650465e+00,-3.891937581864932216e+00,-7.945788377242336553e-01,-1.105604475663569675e+00,-2.974076833261376063e+00,-7.065522069011935358e+00,-6.212140742149061978e+00,-7.764081638505440530e+00,-8.490909523344846832e+00,-6.845339263668496876e+00,-9.692791309975484992e+00,-9.435788582299501570e+00,-1.348542677901173370e+01,-1.296368207003324002e+01,-1.149222745877185936e+01,-1.428975787781577012e+01,-1.444390598053240637e+01,-5.931700202344938333e+00,-5.843463385676723298e+00,-6.772391139323474363e+00,-7.499511760154753404e+00,-1.704595041275024414e+01,-2.027086760979572233e+01,-1.585150995873312851e+01,-8.916543738532611840e+00,-1.108317046038067133e+01,-8.236309216677687672e+00,-5.904373158707873159e+00,-1.298641614604542305e+01,-2.442209219932556152e+01,-2.393259092869649507e+01,-2.183242715952050617e+01,-1.456431781335641418e+01,-1.049015367804592813e+01,-1.063354227970574684e+01,-1.213980964986422606e+01,-1.412025933957281865e+01,-2.130575762996236833e+01,-2.550322847147934269e+01,-2.139879590500402173e+01,-1.376316615461393233e+01,-5.385457157747436163e+00,-1.801833444017248542e+00,-2.055872077952345389e+00,-7.307045237936136139e+00,-1.867676003106677740e+01,-2.165752182298034256e+01,-2.291337382702426950e+01,-1.355520447974896570e+01,-6.513453423521901264e+00,-8.768567847386570691e+00,-1.191431242091055154e+01,-1.215779489415292502e+01,-1.891842704510870732e+01
-1.924963013270429002e+01,-1.738974653855535024e+01,-1.943504709687851673e+01,-2.293688229204134288e+01,-2.423543989931354048e+01,-1.599896796605059279e+01,-9.471034791633373473e+00,-9.846159279801463882e+00,-8.626283133302935724e+00,-7.660238694143659544e+00,-1.381664437283086500e+01,-1.360144488684093744e+01,-7.929262252936836397e+00,-6.437375766630391460e+00,-7.575503137957959154e+00,-1.107861637250157649e+01,-1.872967429925467187e+01,-2.390870206410648180e+01,-2.408248249629071580e+01,-2.583726590644312182e+01,-2.578048130392118154e+01,-2.098286405228476426e+01,-1.886893732311161287e+01,-1.849530090266511806e+01,-1.646081620682286939e+01,-1.500189225637275747e+01,-1.592321906471980419e+01,-1.367895380049261433e+01,-7.778820812019683117e+00,-4.923117404505041428e+00,-2.464706543050990906e+00,-1.868701499275408073e+00,-4.946744215624932828e+00,-7.654544715435450009e+00,-2.819159580607905724e+00,-5.788720454309732588e+00,-6.511027770415517502e+00,-3.049042820020486211e+00,-6.035281084876023883e+00,-1.492723561061247572e+01,-1.781527735895782882e+01,-7.475591268703227321e+00,-6.291960390014502913e+00,-1.014462812631639821e+01,-4.987006509577044611e+00,-3.178757318331085102e+00,-5.339111374307225155e+00,-1.216008561804094334e+01,-1.371965568939238089e+01,-5.953365696295526810e+00,-3.578006525307126040e+00,-2.821065539519928222e+00,-1.572726457581929971e+00,-4.536812230448757255e+00,-1.032361990395393114e+01,-1.258771111400982790e+01,-8.503661784051939065e+00,-3.827291108952223908e+00,-2.688564282777996528e+00,-4.812586829976271297e+00,-9.675446103547365340e+00,-2.104312042971603702e+01,-2.423217598536542283e+01,-2.092860173087083808e+01,-1.011313800411369890e+01,-4.525516376695559728e+00,-3.093729893783576657e+00,-5.041392109321273907e+00,-1.161452158989797034e+01,-2.149416362056295426e+01,-2.508045532503200903e+01,-2.351386656833969013e+01,-1.739368877019591153e+01,-5.263029145944209120e+00,-7.504566410695956424e-01,-8.390416531918662990e-01,-4.738601950118105144e+00,-9.501594082544778885e+00,-9.340189658958493624e+00,-1.004463419659447077e+01,-1.267166005928097761e+01,-9.199507963111383191e+00,-6.458263625170438615e+00,-7.650928699105750574e+00,-9.551601206073323524e+00,-1.381462782575883885e+01
-2.529639491416115860e+01,-2.620366848334101206e+01,-2.549020100913885045e+01,-2.105584940109543979e+01,-1.474314188866214970e+01,-9.746680964950387605e+00,-7.018231108443427679e+00,-6.195871387729208202e+00,-5.821426336774389476e+00,-6.279991371031026226e+00,-9.224133700814865833e+00,-1.687592516145633326e+01,-1.777930963858393199e+01,-1.961828953437222722e+01,-2.003377574636736114e+01,-1.958067962231526948e+01,-2.364162995433079217e+01,-2.483012384312753440e+01,-2.302475464617022993e+01,-2.482345186845036977e+01,-2.590144700494431262e+01,-1.723325837295474017e+01,-9.132978393831326258e+00,-4.838401582177358939e+00,-2.719022628616627024e+00,-1.673777451857796583e+00,-2.723859166328847170e+00,-6.831373330859737969e+00,-6.848506451108073101e+00,-9.331655065734107968e-01,-3.000321077367731792e+00,-1.206945153456607933e+01,-6.355707133658059504e+00,2.057593085275223610e-02,1.107700241422582721e+00,-1.489191357630552881e+00,-9.502585462941468109e+00,-1.308060400267593693e+01,-1.182958205692640696e+01,-1.421315192812271633e+01,-1.028275469150251986e+01,-4.935541395922653507e+00,-2.379870452100539158e+00,-1.680625532000176392e+00,-3.109102863512705817e+00,-8.320591624001510311e+00,-1.269674629109506370e+01,-1.309842011036763587e+01,-9.605233860379867039e+00,-5.457465701885805487e+00,-5.194942535589029298e+00,-1.806151957767169192e+00,1.035187676586281746e+00,-4.816898267087659780e-01,-7.580594355823429886e+00,-1.306568066036428277e+01,-9.049134734022707960e+00,-1.157987004200010794e+01,-1.141466672320402331e+01,-8.498152935322915269e+00,-1.042300181170456241e+01,-1.539482956533213631e+01,-1.628236489805556531e+01,-1.502952216781732631e+01,-1.482684613275163876e+01,-1.210349021886141330e+01,-9.065828509230650312e+00,-8.394438300423949784e+00,-1.309234028827142993e+01,-9.730158905264074676e+00,-9.739656011339361541e+00,-1.114900974735958883e+01,-1.406291921266162603e+01,-7.849428347048868382e+00,-9.597761039515487980e+00,-1.061869873424977762e+01,-1.069523763383617876e+01,-1.304304384639245029e+01,-5.878857784826337252e+00,-2.369553156410351136e+00,-1.751053610207861322e+00,-3.156610388777979281e+00,-6.656573202773814479e+00,-9.324717165404603492e+00,-1.503905322078530027e+01,-1.569292975109042132e+01
-2.557162178563707755e+01,-2.838139248622282906e+01,-2.682110022042543918e+01,-1.973343452970490119e+01,-1.460102598721744371e+01,-1.376053527202314974e+01,-1.749236248194716481e+01,-2.022615428917280767e+01,-2.089201101273980754e+01,-1.344326482292350100e+01,-7.588112107215036595e+00,-9.011658366854863544e+00,-1.667785183163999463e+01,-1.096511584998087052e+01,-6.708273549230043820e+00,-7.040556053623898691e+00,-9.454500797595686734e+00,-1.130734956582993966e+01,-1.434128436696438413e+01,-2.273478575153205128e+01,-2.505816609986865728e+01,-1.669894840153119020e+01,-8.752408862113952637e+00,-6.560642373925857029e+00,-8.976204576041862282e+00,-9.064580257271082075e+00,-7.235539101682717522e+00,-1.691469070610042813e+00,5.288579432499943556e-01,8.507739063458986672e-01,-4.933171738881105828e-01,-4.699950075118255022e+00,-5.780005419754799867e+00,-4.587391426667699057e-01,-8.033445688259596151e-01,-4.961887681366207836e+00,-1.323019735958740029e+01,-2.082552199509307655e+01,-2.135079006930343937e+01,-1.875245587698375971e+01,-1.217467975889453413e+01,-1.304251360438252227e+01,-1.395206929709165067e+01,-1.466073983771200417e+01,-1.310950140643665840e+01,-1.342988602987682611e+01,-1.180966728880205174e+01,-9.806420484116969760e+00,-8.966272124352345330e+00,-1.215566985297749092e+01,-1.267975317476359898e+01,-6.033307583277462527e+00,-7.065077937741316205e+00,-8.560433162305191246e+00,-5.444539086054299482e+00,-8.687254437508473259e+00,-4.629522000140872784e+00,-2.212708503178512753e+00,-2.616965611416398829e+00,-5.606919492378063197e+00,-4.854318036605383746e+00,-3.788898546504610554e+00,-6.389105001933701899e+00,-1.312607520136214312e+01,-2.142324276552855622e+01,-2.126439024655873666e+01,-1.403858127666793720e+01,-6.714285618931282507e+00,-3.466805818085452184e+00,-2.054272767227455887e+00,-1.307571128652367021e+00,-1.595391592694906713e+00,-3.679936119959554386e+00,-9.565386223884029704e+00,-1.481714229911338343e+01,-1.168543920353168808e+01,-1.084920532830798834e+01,-1.294345518650899329e+01,-9.848066469185225102e+00,-1.139545988445063607e+01,-5.847823986527687978e+00,-3.056633400723679284e+00,-6.477304579746973268e+00,-6.709940864270880212e+00,-8.005342503085390859e+00,-1.375725625398504803e+01
-2.419497328132163361e+01,-2.714975127373032748e+01,-2.729030609858855172e+01,-2.266533850713540588e+01,-2.331043237402239043e+01,-2.328612711775393862e+01,-1.933233247640478680e+01,-2.172060706415249243e+01,-1.672414820794840651e+01,-1.221857677798234754e+01,-1.100287388390257171e+01,-6.547091947257063893e+00,-3.803726899373622405e+00,-3.048023266532948750e+00,-3.504393625817837421e+00,-3.252280466059464636e+00,-2.656735640701674228e+00,-4.888234730667740280e+00,-1.066607323584665856e+01,-2.020427823066711426e+01,-2.489798740758240569e+01,-1.773045319091272631e+01,-1.588620129978383844e+01,-1.465215372493248935e+01,-9.368891959881963771e+00,-7.648739712817580028e+00,-3.875945084715859412e+00,-2.599396002696620744e+00,-7.645887098716271701e+00,-1.002100408736986026e+01,-1.414058324717383286e+01,-1.149166147217495748e+01,-5.106639642353731467e+00,-5.961644310305136862e+00,-1.330522845810606292e+01,-1.829357610040038651e+01,-1.638895929041709465e+01,-1.380844367369440739e+01,-9.479290723800659180e+00,-6.735925640484303756e+00,-3.519279943658252474e+00,-2.899112750549946327e+00,-4.226046112728596427e+00,-5.700704308269360254e+00,-7.566766035807042101e+00,-8.953213164824566306e+00,-4.668494142136956349e+00,-1.167157906609701090e+00,-2.902097918909000374e+00,-9.915616912923695736e+00,-1.263907326359785266e+01,-6.373637233981649608e+00,-3.747215593702920344e+00,-3.358213108075597919e+00,-4.760447265310141951e+00,-1.055092631997042929e+01,-5.987064858827427116e+00,-2.880209411371353334e-01,-3.431695359741259166e-01,-5.930916215687233262e+00,-6.462496380428321530e+00,-8.387323835423885043e+00,-9.939250169364550302e+00,-1.073200023174285889e+01,-1.695414222924764047e+01,-2.003983450572909319e+01,-1.419701924487834610e+01,-7.963685292324036880e+00,-1.042196737946444784e+01,-1.369948856157200900e+01,-1.468949912659084589e+01,-7.412420985637274917e+00,-4.052069328895962386e+00,-8.792061336395395443e+00,-1.380276085766217165e+01,-5.969554937067832689e+00,-2.451039507825821584e+00,-4.266210999524661318e+00,-1.266923518854243191e+01,-1.794268054998557815e+01,-1.564533253389460477e+01,-5.632321574760757343e+00,-7.532927595084054628e-01,-1.980896914589311164e+00,-9.560705961161897193e+00,-1.756698759457537307e+01
-2.369281194956247916e+01,-2.200524092812574395e+01,-2.120719338737371373e+01,-2.256728741412854333e+01,-1.924406612556399310e+01,-1.889653008857756333e+01,-1.265099032416598490e+01,-8.564524987044224602e+00,-6.307071133196808788e+00,-8.886233931734361491e+00,-1.480656102322440049e+01,-1.383927621641231909e+01,-1.366023030171867525e+01,-1.197613852078677965e+01,-1.129434896607435412e+01,-1.092268850239178590e+01,-1.210573616055131829e+01,-9.696782278195591687e+00,-9.413769674210147542e+00,-1.657847622241682828e+01,-1.529232899014276370e+01,-1.507493034391912801e+01,-9.928463165086643727e+00,-4.879288137527822755e+00,-5.685579218132275070e-01,1.370771107621107099e+00,2.174239365569714116e-02,-4.231297696705992983e+00,-1.460173447987505568e+01,-1.624284810328301631e+01,-1.288442481110114102e+01,-8.808304345334759589e+00,-8.179262151699939309e+00,-1.188308922298081960e+01,-1.307195098163517422e+01,-1.037022663891770513e+01,-9.571496763984665535e+00,-1.220120268605137603e+01,-5.760552968232686588e+00,-2.392729343633160255e+00,-2.956655219168836002e+00,-7.719715074614714290e+00,-4.221746194197703694e+00,-2.880703193963796593e+00,-2.260403428368896073e+00,-3.848210178049039421e+00,-4.237367850044059803e-01,2.950597927713667357e+00,1.386202534911745277e+00,-6.255352336145539205e+00,-1.546762105617814420e+01,-1.206860198228413772e+01,-8.591498396323837383e+00,-1.118032520736446855e+01,-8.696249498665787669e+00,-7.364532821961031317e+00,-1.076918378813576105e+01,-7.727825829090963161e+00,-5.835919703804809622e+00,-4.150285620142826204e+00,-5.272304167942577280e+00,-6.584576898261563116e+00,-1.101905134252009510e+01,-1.497055974443450310e+01,-1.188540417547444328e+01,-6.521490326592030762e+00,-5.015097318259813974e+00,-7.299589850520360024e+00,-1.567354246860242029e+01,-1.854680808081881693e+01,-2.020765763930691961e+01,-1.604262117211145267e+01,-8.143360350878184661e+00,-2.833423126062363906e+00,-6.643447790913398210e-02,1.852468571999778657e+00,1.991196043188648013e-01,-7.176880722101208754e+00,-9.649600619578180272e+00,-8.587211987444462125e+00,-7.225566721372022272e+00,-5.442434522259326002e+00,-4.705188283767864021e+00,-4.835969154161351646e+00,-9.601161138246988358e+00,-1.439518862371226327e+01
-2.081909899493210148e+01,-1.254971952474754282e+01,-1.043872524035795912e+01,-1.121692965594866820e+01,-1.021012307487371373e+01,-7.976245567543815973e+00,-3.789874053809024090e+00,-9.713464391183193047e-01,-2.008562478930013828e+00,-8.719019089263813527e+00,-1.286125856683454494e+01,-9.522549813485326808e+00,-7.202784544411506396e+00,-5.024661060971855164e+00,-3.042480999572097833e+00,-5.369403556103014452e+00,-1.331240850732526759e+01,-8.026160495426818642e+00,-3.667526064597013136e+00,-3.439973779648314967e+00,-7.220470539031137669e+00,-1.482734679811783352e+01,-1.026339941306878600e+01,-3.379862007237117716e+00,-4.817731300212499512e+00,-1.005497115477919579e+01,-8.604723374010951886e+00,-7.921837741409548883e+00,-1.243126600753259936e+01,-1.673806734667479645e+01,-9.097046559776059027e+00,-1.478624909837154444e+00,6.507088883356937359e-02,-1.364321004205597987e+00,-1.464988410938308894e+00,3.918535697757344893e-01,6.903032232173682559e-01,-1.662913122897761609e+00,-6.848885359825524155e+00,-2.831468956139763460e+00,-2.195739192328503009e+00,-5.671578285120825846e+00,-1.225863604327194523e+01,-1.068514151063584272e+01,-7.671700345195886506e+00,-7.386898719684313441e+00,-5.032489564434628609e-02,1.311836832493564975e+00,4.148161621797182841e-01,-4.724211163347843190e+00,-1.272040346674336675e+01,-1.164837465850451537e+01,-1.180572047124382173e+01,-1.406758527810336901e+01,-7.447624024999051073e+00,-4.137478783271695271e+00,-4.372535490238939282e+00,-6.956894335400967577e+00,-7.553563324549726232e+00,-1.704664559850917138e+00,2.562507271983497370e-01,-2.652261186176057883e+00,-9.309020901454314156e+00,-1.605023510583484381e+01,-1.006513978506772489e+01,-5.526241408959600143e+00,-3.306501874373159122e+00,-5.837301928350943747e+00,-1.516062939531020604e+01,-1.798982955845257692e+01,-1.749574093418267040e+01,-1.543687317389568214e+01,-1.069888302774829647e+01,-5.946982816885445722e+00,-6.664322677890706537e+00,-1.885281890458070819e+00,-1.546412589236870083e+00,-3.192365899099079751e+00,-3.690753742028738849e+00,-3.038247418426375468e+00,-5.123156432204574173e+00,-9.571811088168894699e+00,-1.078304715283954351e+01,-6.690503335636080351e+00,-8.008644711880283040e+00,-1.144435887937327401e+01
-2.092425685620489872e+01,-1.282366739884587581e+01,-7.155391840079358801e+00,-7.102639226058057531e+00,-1.207511245021383317e+01,-9.170221443394668270e+00,-1.080622743195249846e+01,-4.288551578731880198e+00,-2.289008624911244294e-01,-2.065026242782287191e+00,-7.385053502694341354e+00,-1.147351333885702473e+01,-6.912018925747798193e+00,-1.868160409011295098e+00,-1.006462368255708562e+00,-4.144367986365811163e+00,-1.085505211353302002e+01,-7.938605647050697378e+00,-5.359108443023594681e+00,-8.775095616360657047e+00,-8.555853309067151358e+00,-1.020076295073705808e+01,-9.086017782451541791e+00,-3.263917005926598058e+00,-1.605053517857267797e+00,-3.228754332136249072e+00,-4.740089053910168992e+00,-3.571255407274793292e+00,-2.422304193766517511e+00,-3.056166800108688353e+00,-3.013891454629657130e+00,-2.856918693911142171e+00,-2.979211569836590634e+00,-7.023285837587189384e+00,-1.168310893093811664e+01,-9.943805734786907990e+00,-2.835466396239522346e+00,-2.399242317499910460e+00,-7.189078173934276172e+00,-2.119669694136224081e+00,-1.206894946592848461e+00,-6.606140439974442558e+00,-1.397522380242820894e+01,-7.424592484499662248e+00,-4.495889313803374421e+00,-2.856070102085821460e+00,-3.050407699057352318e+00,-6.889028556474292131e+00,-4.339731770276113565e+00,-1.280078343644059258e+00,-2.062976253690386397e+00,-4.367990047877071902e+00,-8.741563559488485069e+00,-1.477189815408400975e+01,-7.877317171970396714e+00,-4.146354029481192249e+00,-4.464981912201597680e+00,-9.612958480838601716e+00,-3.826758577331957678e+00,-1.885055718216547549e-01,-5.338437100351638875e+00,-8.324895424242237496e+00,-6.777084216361737745e+00,-1.632026992044376001e+01,-1.716255446062743317e+01,-1.531439683091549497e+01,-1.101514265600961551e+01,-3.823533412381892926e+00,-2.626478730231694314e+00,-3.501925847713501572e+00,-3.664425732290642390e+00,-2.216766802654495105e+00,-1.310510960386227053e+00,-1.997965662096776285e+00,-3.147137826342377487e+00,-7.038903697073914500e+00,-1.259714418604173680e+01,-1.108346161815046393e+01,-1.388381503647520354e+01,-1.651792513232194892e+01,-1.109610649647603431e+01,-1.054469214140913813e+01,-5.676988588717147621e+00,-2.942355573070697616e+00,-6.166286260344599590e+00,-1.226065404542529791e+01
-2.454599176290381024e+01,-1.876071075992729931e+01,-1.163123234628721114e+01,-8.455843147430710971e+00,-1.108481803923162801e+01,-1.124001982921862464e+01,-3.909774613061934190e+00,-9.684768153538034774e-01,-2.653773913302153176e+00,-8.272903548852177380e+00,-1.878533853738362680e+01,-1.971939177913520069e+01,-1.399301261392258589e+01,-1.222053475461843419e+01,-1.062599973300941159e+01,-1.178804179184309397e+01,-1.261057483603936191e+01,-7.733268483904481627e+00,-4.591924598653807976e+00,-6.018603890793014166e+00,-7.781119108200073242e+00,-1.255049479917715516e+01,-1.110278306207584009e+01,-1.063999476278101142e+01,-4.475693895973847702e+00,-3.622243334517906810e+00,-6.614251603877157493e+00,-3.357741126342754789e+00,-6.721980176467932111e+00,-9.167237888708823945e+00,-1.047584913932640127e+01,-1.382987660215101222e+01,-1.543363048375107915e+01,-1.632869305137459648e+01,-1.805723612181103022e+01,-1.263188687262644372e+01,-1.133620837444567542e+01,-9.479666144793270632e+00,-4.609030275626946782e+00,-2.655735922678736483e+00,-2.745729641064660331e+00,-6.490583397959935219e+00,-1.441603026772273388e+01,-1.153125307032170177e+01,-1.206956403856059090e+01,-1.608784503882167982e+01,-1.040280516457011650e+01,-5.875361015778461926e+00,-5.313590439335080795e+00,-8.542441731645860514e+00,-1.098302660279601639e+01,-7.236670025432382580e+00,-1.234318620194005689e+01,-1.076212754094873603e+01,-4.301302223302822192e+00,-4.350505703583871231e+00,-7.078693573857224308e+00,-2.442932714494869373e+00,-2.473806761994332248e+00,-3.075641124837637186e+00,1.321980749138716195e-02,-6.233447177996788158e-01,-5.057910389359329351e+00,-1.676137489853924478e+01,-1.635660995599877765e+01,-8.094243735984990806e+00,-3.070385873289281253e+00,-3.048402781832877828e+00,-1.019063220520055957e+01,-7.939405016373586754e+00,-3.025911288371466057e+00,-4.649968618342212423e+00,-8.777505121840775359e+00,-3.968541586572546187e+00,-4.093118665400423239e+00,-5.288386315448593500e+00,-1.228376850099053996e+01,-1.813156467084666090e+01,-1.049239874887102353e+01,-1.057896678570572568e+01,-8.986821651743113648e+00,-2.973982001516171980e+00,-2.500959642771773517e+00,-6.918287294739075222e+00,-1.335804309371773435e+01,-2.170362920797508011e+01
-2.332990613420501091e+01,-2.220522839968441176e+01,-2.111080485081854619e+01,-2.058936200342105494e+01,-1.287772285483265655e+01,-7.632070464942291466e+00,-5.440918309542968956e+00,-8.018526062483095629e+00,-1.279093558051203949e+01,-1.605124446726937393e+01,-2.052376465397026806e+01,-2.332176892994014494e+01,-2.489502727894382517e+01,-2.508724793951019905e+01,-2.289916705539208408e+01,-2.171316426764917651e+01,-1.520569288639621952e+01,-7.950379369823076914e+00,-5.301670081742846818e+00,-5.314631471424612563e+00,-4.101369516540120053e+00,-8.046187741610840050e+00,-1.254721740183939538e+01,-6.415465422031533471e+00,-3.713655927026545012e+00,-6.301355773256025472e+00,-1.306553559994879521e+01,-9.622672713439882841e+00,-5.439631420464915657e+00,-5.132706940287851793e+00,-5.453242598144152353e+00,-1.023845346738363915e+01,-2.053020380289499869e+01,-2.470970970073729234e+01,-2.047779156779514764e+01,-2.372519909334546639e+01,-2.230779183001918753e+01,-1.633717654679567843e+01,-1.298476004009028451e+01,-1.343921330639424205e+01,-1.541280269440803785e+01,-1.433464700120095969e+01,-1.493156515550977481e+01,-1.300364761953135506e+01,-1.540124052034989610e+01,-9.533961210087054994e+00,-8.847543016644834779e+00,-1.668241878957238811e+01,-1.875931903060156003e+01,-7.205842476309710420e+00,-3.298144112788993887e+00,-6.116969291376703310e+00,-1.168186494958309751e+01,-4.597600413770734917e+00,2.998825515196516522e-01,8.116368321250441165e-01,-1.878585115394142635e+00,-9.331226587409281237e+00,-1.593931915650840914e+01,-1.161836952562550529e+01,-3.568254805013594488e+00,3.840202966652533356e-01,-2.925831554475318841e-01,-6.197466568957359812e+00,-1.163286018917578701e+01,-7.575203646230333376e+00,-1.457865892584215173e+00,-9.464648833670760153e-01,-4.638326845949388044e+00,-1.017338502634572706e+01,-5.823800080832634229e+00,-1.419151988519864016e+00,-1.300140897133778672e+00,-6.928350020918056629e+00,-1.049798653507960644e+01,-1.108789454889661563e+01,-8.867534454314762726e+00,-9.166711515938962052e+00,-2.312814150226190524e+00,8.493984179177591631e-01,8.699141573480806411e-01,-3.479517924252769401e+00,-9.805538117430591782e+00,-1.617822982518727670e+01,-1.893250932038285228e+01,-1.930591098042844678e+01
-2.685890000285083090e+01,-2.794705807161695077e+01,-2.837510047432120430e+01,-2.322071426515360670e+01,-1.310019682472898772e+01,-9.040498760820344870e+00,-1.234815003125722122e+01,-1.290134479526344968e+01,-1.126729472447897606e+01,-1.298618859553155147e+01,-1.719522309667281590e+01,-2.206800228766812566e+01,-2.325495238522536923e+01,-2.482924595861944539e+01,-2.623382633332987623e+01,-2.339754360686731616e+01,-1.840283978258380415e+01,-1.741994740671783859e+01,-1.587546432382277928e+01,-1.363580281042870723e+01,-6.058737052305963822e+00,-2.777542527651286175e+00,-2.513790086978150651e+00,-2.521405736254599184e+00,-4.557073156342251963e+00,-8.254091371106737185e+00,-1.134632049535067111e+01,-1.086781921550517716e+01,-7.500302130484398866e+00,-6.816532757559805589e+00,-7.760241513488856491e+00,-1.139565596689704741e+01,-2.090568984919832118e+01,-2.527209928199535227e+01,-2.155958494703278205e+01,-1.977718550922306306e+01,-2.095108569851358382e+01,-1.582854185304568873e+01,-1.554828098985075080e+01,-1.598721493928487014e+01,-1.389416136268440916e+01,-1.044571438499989391e+01,-8.230491410684949827e+00,-6.743197699084536367e+00,-5.057119937570950796e+00,-2.841871860145612327e+00,-5.059164549391147681e+00,-1.382420576437739079e+01,-1.172786893553406173e+01,-4.036673383751727684e+00,-2.658510735997830832e+00,-2.905723302326527868e+00,-2.009209642560001008e+00,-1.385750998642459209e+00,-5.855047327237032917e+00,-1.265640798393096667e+01,-9.669287101458047928e+00,-1.354654330060682277e+01,-2.198254075487151482e+01,-1.414029706616438098e+01,-9.705245997614532882e+00,-9.742720533930162574e+00,-2.377400171017018504e+00,2.335397991262250228e-01,-2.388579293900659817e+00,-4.960959694127886621e+00,-9.700010321977483585e+00,-5.387282983492348798e+00,-5.701408085022263705e+00,-1.232891747059712806e+01,-6.901639210358831100e+00,-6.993252657069504608e+00,-8.732617787220551264e+00,-2.022767987233792919e+00,-1.330947890795966426e+00,-3.677656057608875706e+00,-2.957169126766335587e+00,-4.127351405127472006e+00,-2.293646024192597999e+00,-1.300666090975451494e+00,-3.190575832765876640e+00,-1.020485025007306135e+01,-2.060889077914580270e+01,-1.650516589179293803e+01,-1.357826152739634118e+01,-1.681818627401162658e+01
-2.749226732108429161e+01,-2.783161859111931591e+01,-2.755045456376694446e+01,-2.300975755516809329e+01,-1.747882760754068343e+01,-1.362036656696377790e+01,-8.248650236894155441e+00,-4.973524875995766870e+00,-4.203555074811891501e+00,-6.690439395322144378e+00,-1.439541244142838039e+01,-1.372314021059574962e+01,-1.350151167025092924e+01,-1.651582315859903716e+01,-1.597174248167576671e+01,-1.723063994636972396e+01,-1.867523791771808561e+01,-1.839388308452285870e+01,-1.523375691075361438e+01,-9.103516296575998368e+00,-9.064027733930194231e+00,-1.047438649867327243e+01,-8.568701241876333086e+00,-9.934620846773832170e+00,-1.683084318019051651e+01,-2.193330521801955868e+01,-2.176028078566980639e+01,-2.163760912509365042e+01,-2.236817459659722118e+01,-2.423472353338285146e+01,-2.081704536467108113e+01,-2.157054483799533884e+01,-2.327890504589517562e+01,-2.563431169058530301e+01,-1.929941353907111790e+01,-1.121539692842323355e+01,-6.652005257042310049e+00,-3.902000090661849718e+00,-2.462966197867031859e+00,-3.364303757870242606e+00,-8.416799838647587961e+00,-4.778643156163650652e+00,-1.425241014076830570e+00,-2.933966207538397430e+00,-5.795646857441836275e+00,-8.195997734922020328e-01,3.803482252823629506e-01,-1.160356245775003181e+00,-2.351308637128019630e+00,-2.363563444217905207e+00,-3.774947710555644154e+00,-4.763792894377625764e+00,-1.834103994325197995e+00,-6.656035091756409727e+00,-1.262724854381939821e+01,-1.310921219833024587e+01,-1.677468768421930179e+01,-1.367941549079108832e+01,-1.581811365553440929e+01,-1.560432853953528998e+01,-1.187034195525045632e+01,-8.803749996742219253e+00,-3.782631794573696471e+00,-2.446609060077408859e+00,-5.219685369796601471e+00,-4.294929990488040694e+00,-2.521803241649656968e+00,-4.209706347407275118e+00,-1.044494725183676209e+01,-1.422832215378302578e+01,-6.022350988770258873e+00,-3.354518906226339858e+00,-4.346516108808626377e+00,-9.545546380276897835e+00,-2.964333541767728786e+00,1.675851562142173012e+00,4.651719719102208050e-01,-3.613075963641274146e+00,-5.768026029790631171e+00,-9.242705622929653586e+00,-5.490837213874772971e+00,-5.747434860422410807e+00,-1.409515138573318893e+01,-1.655963576112994673e+01,-1.417413488417181355e+01,-1.737353844133042102e+01
-2.441922062407923022e+01,-1.991667965168261389e+01,-1.931676140086341320e+01,-2.034113473200616085e+01,-2.004020637228288848e+01,-2.030311057221798521e+01,-1.550784971695819969e+01,-8.916915422177495998e+00,-1.098943347648809876e+01,-9.853630216977068201e+00,-5.309061249703851182e+00,-7.338260834453669723e+00,-1.198048321800377458e+01,-1.502037581778664688e+01,-9.165196608496076536e+00,-5.170352466006315595e+00,-5.645739657278279644e+00,-8.354314973336139261e+00,-5.465209255748577633e+00,-2.745518584970299436e+00,-4.472444798399246579e+00,-8.726860657675576505e+00,-1.414345843145865445e+01,-1.221700834954967974e+01,-1.722709646661773064e+01,-2.369831871986389160e+01,-2.404299769874747383e+01,-2.426007156517669472e+01,-2.589483473137134695e+01,-2.274002259924211700e+01,-2.319749817411408088e+01,-2.437888114688960783e+01,-2.480418509563416762e+01,-2.383749146133888885e+01,-1.898562463731256145e+01,-1.112285824222419173e+01,-5.836553963541074808e+00,-5.684871265451416633e+00,-9.271810882419119437e+00,-6.434974746963449732e+00,-3.736532236801332285e+00,-2.740021515495449478e+00,-6.386112116163468855e+00,-7.719483972335134503e+00,-9.582372794397004512e+00,-7.684158594781205665e+00,-6.336633959543386929e+00,-1.103747414951106087e+01,-1.121627233410609570e+01,-9.589246178401335641e+00,-4.266416430914106606e+00,-5.095780747410675993e+00,-1.868633879174457002e+00,-2.348738964030320009e+00,-5.906324078108518449e+00,-1.138985692453748477e+01,-1.020909966039293515e+01,-4.851174807503022990e+00,-3.531989515794597523e+00,-5.218985223133145723e+00,-1.050972646611337424e+01,-1.332226945061720080e+01,-1.317874463869415180e+01,-1.392717496129392707e+01,-1.665719285994085652e+01,-6.811867923226975208e+00,-1.182013138947397124e+00,-1.753683204026821763e+00,-9.961194756604333733e+00,-9.554454946335946275e+00,-5.430867514537490948e+00,-3.884257650443615706e+00,-4.826561110506530916e+00,-8.324037376250929654e+00,-8.663165669746071273e+00,-3.465186250113476696e+00,-2.893674036239554770e+00,-5.993727229931924860e+00,-9.049934728454998023e+00,-2.735112639382225819e+00,-6.955645299207362520e-01,-4.154841938930499801e+00,-1.312216036192333490e+01,-1.542454312229884472e+01,-1.314603645928943365e+01,-1.499431366228875362e+01
-2.133961730694952763e+01,-1.373233439904132958e+01,-1.080278040343568513e+01,-1.128612494104691066e+01,-1.400907614212909813e+01,-2.048633737600486526e+01,-1.711819435075949158e+01,-7.690053657493518102e+00,-3.784932287182403154e+00,-3.240666999061945663e+00,-7.467736216901823099e+00,-1.693743420102214259e+01,-2.229804360957546194e+01,-1.589640904746892858e+01,-8.940769692413679692e+00,-7.451292401279202338e+00,-3.559757257122119878e+00,-2.089320053526854348e+00,-4.378091556265353290e+00,-8.485279190403813843e+00,-6.551809724846869187e+00,-2.125170956067172323e+00,-3.091522431356533929e+00,-9.264056178449674661e+00,-2.002927840939004867e+01,-2.042474418924054902e+01,-2.102051378388441094e+01,-2.397088705128385655e+01,-2.539898997408743142e+01,-1.886299490564652004e+01,-1.234626004077096084e+01,-1.020267919183687333e+01,-1.040897723918652673e+01,-1.154732298487015285e+01,-1.470574497448579088e+01,-1.667278256671119152e+01,-1.890494808895897449e+01,-2.010312073285343004e+01,-1.047665921058363558e+01,-7.286485554152772437e+00,-7.427442895618217911e+00,-2.431165227346577140e+00,-1.179024610480023494e+00,-2.518609748238818558e+00,-4.055779943886063776e+00,-9.912810315953866080e+00,-8.224053771441219851e+00,-4.061600387413658808e+00,-2.107384200735757052e+00,-2.035053994391723631e+00,-7.502093603137795164e+00,-1.248376500879535200e+01,-8.857641033088887283e+00,-6.962009533216025225e+00,-7.089340075281739928e+00,-9.884266918852128825e+00,-8.755651981320999866e+00,-8.206215743345158131e+00,-5.483975298077095495e+00,-5.409593375129554182e+00,-1.229657895692432135e+01,-2.148975041440424860e+01,-2.213659349652646924e+01,-1.912131532639947551e+01,-1.315860728635132837e+01,-5.258486879577163542e+00,-1.536410555630950858e+00,-1.484742326898329745e+00,-5.298230464051242983e+00,-1.593662367977258754e+01,-1.712188964490671950e+01,-1.730295751022018536e+01,-1.746948232905555187e+01,-1.412712831715591122e+01,-1.022678085683866378e+01,-1.444928590816850900e+01,-1.570644145885496634e+01,-1.418905445000597609e+01,-5.818100889394671071e+00,-3.775040099738549704e-01,-1.616828922470249452e+00,-9.615432958111508555e+00,-1.737690045451389764e+01,-1.468348213552518722e+01,-1.169279809307506035e+01,-1.377367932377880777e+01
-1.214737871312003037e+01,-1.125005614939536791e+01,-1.735010785182923598e+01,-1.796451237729487360e+01,-1.806195868335607457e+01,-1.653772067113687072e+01,-9.051543866405049599e+00,-2.419146138705484006e+00,-6.314617770436070643e-01,-3.856287503174243181e+00,-1.254096880623402477e+01,-2.040884762683897691e+01,-2.611108218622571542e+01,-1.491761006653763921e+01,-9.093200570754422785e+00,-8.347708860198959968e+00,-6.018107381144552903e+00,-9.030637063142908261e+00,-1.598042111269390375e+01,-1.125120751502859662e+01,-3.745917164195392779e+00,-1.923121240721479719e+00,-7.052628565835588503e+00,-8.139291092184663512e+00,-6.179036901879856991e+00,-7.945488769134492202e+00,-1.348979943854208230e+01,-2.253675819899289579e+01,-2.396251194713680022e+01,-1.638271593137551818e+01,-8.189650635682900415e+00,-4.746518204685385989e+00,-4.618401625229202168e+00,-7.011788961086564242e+00,-1.428602860265105789e+01,-2.405288284243518149e+01,-2.527770605888075650e+01,-2.548024764315772472e+01,-1.158147278450827500e+01,-2.893824542207885209e+00,7.632097786813192286e-01,2.299526111286787633e-01,-4.745491888551601534e+00,-1.706071270690192820e+00,6.444574654376451495e-01,-7.517875437995771293e-01,-7.636258362813760137e+00,-3.446635320260125646e+00,1.184981720713553788e-01,-3.107357519996914341e+00,-1.350083490819421428e+01,-2.182488325715975108e+01,-2.148510842832900281e+01,-2.173414732845684938e+01,-2.044412473685868648e+01,-1.797482810857641766e+01,-9.738144622049258459e+00,-7.751603669451393230e+00,-4.955638898237970658e+00,-4.008276865398156197e+00,-1.025630750364929611e+01,-1.466183509307963284e+01,-1.304643649681833928e+01,-1.377181387971375770e+01,-6.145924233525764002e+00,-4.303861583689696957e+00,-8.888992539798939774e+00,-5.329588303129181526e+00,-5.089349573350134825e+00,-7.959967216007582280e+00,-6.929517702746937680e+00,-5.780943691161752440e+00,-6.226446347495981470e+00,-9.371195529253428802e+00,-1.496296118461448721e+01,-8.862404876992902913e+00,-5.755602520499520480e+00,-2.977408818530900003e+00,-1.906768394092707597e+00,-4.850298356023112767e+00,-5.090176150458686877e+00,-7.856176271693397162e+00,-1.540990960415992994e+01,-1.465211335211309773e+01,-1.363322934485573867e+01,-2.043644217316430911e+01
-9.036336641275246606e+00,-9.024344469754749909e+00,-1.368085289820460027e+01,-2.284644447756177499e+01,-2.600166690076580522e+01,-1.862031650179214992e+01,-8.644619266040452388e+00,-4.982508687572624773e+00,-5.348760701886570601e+00,-9.720443682361194604e+00,-1.891024646322235725e+01,-2.405967853815500845e+01,-2.637955581322881216e+01,-1.595427834441643711e+01,-8.397279494136343558e+00,-4.494533658482645855e+00,-3.116436568607810820e+00,-4.121315642679465263e+00,-5.443399225574925282e+00,-3.165292946152559850e+00,-5.500666622186207277e+00,-3.589280549177316981e+00,-2.185187682907544726e+00,-2.379776614654155242e+00,-3.195680195024905412e+00,-6.027800807516083381e+00,-1.259847227489675348e+01,-1.402648190323633060e+01,-1.461125102388949770e+01,-1.185046765458492857e+01,-8.933814547444118404e+00,-1.550429985086426399e+01,-1.700440258470200305e+01,-1.342238081047553067e+01,-1.548680119296066593e+01,-2.249732335105197123e+01,-2.327512052404971499e+01,-2.104782545839557173e+01,-1.138294345094957372e+01,-5.252313088255983864e+00,-4.375849433929325016e+00,-7.220057510806404011e+00,-1.190093302635746220e+01,-6.688897799899559793e+00,-6.806372361478061350e+00,-8.112263345877632759e+00,-2.112211954969653416e+00,-5.456202431851402412e-01,-1.866147158216002522e+00,-7.618117672568969212e+00,-1.956204974014340436e+01,-2.215114879426155525e+01,-2.492950229062378753e+01,-2.509821857932869804e+01,-2.186448140726744782e+01,-1.964485854228944106e+01,-1.218283887582880887e+01,-4.700154313831839126e+00,-3.713307805234061565e+00,-6.633642663112805593e+00,-4.083244379609823227e+00,-8.375135378063192082e-01,2.393027262403167599e-01,-4.392348420050862789e-01,-2.648834197209678720e+00,-5.038202113322629572e+00,-5.305962819862001467e+00,-5.514002601153977778e+00,-1.007414525974797925e+01,-1.195049064577990805e+01,-5.622309142169151563e+00,-3.104907939224752944e+00,-4.202244197821799254e+00,-7.399293661117553711e+00,-1.164736981792304427e+01,-7.989471117958768076e+00,-5.275746733405207500e+00,-7.579293453966387872e+00,-9.381553974315410827e+00,-6.512078940072132838e+00,-4.328117544791227900e+00,-4.331599171493799361e+00,-1.004932838041363752e+01,-1.213928382815295492e+01,-1.149113247412761574e+01,-1.476474755865926980e+01
-1.387255044656855496e+01,-1.353223664523991054e+01,-1.613876268699878835e+01,-2.334481054589948457e+01,-2.699972006564831872e+01,-2.055485300799362491e+01,-1.752075878536428277e+01,-1.837018785858882453e+01,-1.946814527675395823e+01,-1.966582754004092592e+01,-1.962297591908287586e+01,-2.066178008072249028e+01,-2.089409261441412724e+01,-1.686371368124284942e+01,-1.336792219686144101e+01,-1.497584399831204038e+01,-1.482676574292073646e+01,-5.441706220889535039e+00,1.471216915333501407e-01,-1.977262966064665228e+00,-9.817593031712160467e+00,-1.451760342876419685e+01,-1.140579509803357006e+01,-1.245106199269986291e+01,-1.640442678400578558e+01,-1.743815531985450207e+01,-1.458483437363427981e+01,-1.064935977131355749e+01,-5.064416291832014139e+00,-3.131276685545462790e+00,-4.857461525966193072e+00,-9.799624785212159850e+00,-1.273067165422075497e+01,-9.441118554759571069e+00,-7.867314615777430298e+00,-9.499737046602117374e+00,-1.059007519984063350e+01,-1.765927106369542798e+01,-1.727867196534426242e+01,-1.980504095372353035e+01,-1.693069306857713130e+01,-1.571989419715095160e+01,-7.972594406996064365e+00,-3.222632674351050053e+00,-2.238664605917377148e+00,-4.399385109771299263e+00,-1.250717691292289580e+01,-1.212237798234888686e+01,-7.897816556328125515e+00,-9.592711718937822596e+00,-1.726544900977884467e+01,-2.446439366122238468e+01,-2.461782464726280750e+01,-2.132887870300817212e+01,-2.159702929467645305e+01,-2.116740528863805082e+01,-1.296935181126339742e+01,-5.399861237019982774e+00,-6.455697339056557738e+00,-1.500988817123966435e+01,-8.263400960059566813e+00,-1.732939121299840846e+00,-3.096474314416858054e+00,-1.060151307182457536e+01,-1.021967764574152859e+01,-1.332625653179547243e+01,-1.937663443397929797e+01,-1.693516139674732557e+01,-1.673720173799354782e+01,-1.438043205064671604e+01,-6.779143938126455105e+00,-6.741864435545361189e+00,-1.074834029820129189e+01,-9.282787819855085942e+00,-1.169553036726158091e+01,-1.611043887010967524e+01,-1.663000690846042673e+01,-1.677268238832022362e+01,-9.812532956818587948e+00,-2.236372303637100156e+00,-5.207962136247322738e-01,-4.561297388853974510e+00,-1.289004841196627993e+01,-1.361112873790828282e+01,-1.147145951522215590e+01,-1.451663338501034772e+01
-2.728426772219534158e+01,-2.582755646086831192e+01,-2.567330605929134535e+01,-2.527111618391430170e+01,-2.424437741286881831e+01,-2.471865385907296897e+01,-2.207957028614655570e+01,-2.426356594981128012e+01,-2.509371127427079173e+01,-2.645158056630432952e+01,-1.985697928639768506e+01,-9.741818519949003274e+00,-6.633450079282731338e+00,-4.914927717753266201e+00,-4.086085313831576471e+00,-4.468625813267613545e+00,-3.774348602861251400e+00,-1.824760240621736918e+00,-3.307229266736571027e+00,-3.759089556505782692e+00,-5.420287034893763511e+00,-1.121162437255145861e+01,-2.001658292035110165e+01,-2.288266988746992681e+01,-2.351648841377432930e+01,-2.344465617005151614e+01,-2.290222020367629696e+01,-1.417998676081650089e+01,-9.027403265010310207e+00,-8.722668343827924886e+00,-1.013933835912296821e+01,-1.327132343335916076e+01,-1.355762524459198204e+01,-5.211543063853532942e+00,-2.065119143490117715e+00,-2.506448085242100277e+00,-7.158209433992400506e+00,-1.466054105940665941e+01,-2.332095525828936644e+01,-2.159860025835401132e+01,-1.652833501619237211e+01,-1.710758077006303779e+01,-9.409112422520877317e+00,-3.136509798088142897e+00,-2.575330367402479115e-01,-3.044802804046953693e+00,-1.550881530219361970e+01,-1.781702879366983794e+01,-1.981703709555036141e+01,-2.162049550955532240e+01,-1.927872011133732855e+01,-2.243370003190659290e+01,-2.419932951817985867e+01,-1.515666652635763612e+01,-8.493935775210839978e+00,-5.731302849891531714e+00,-2.961102989509360572e+00,-2.410668416112263124e+00,-2.752644740373877408e+00,-2.886184320877526410e+00,-4.364431740673444082e+00,-1.009924941322275771e+01,-8.318266474108659381e+00,-4.438896784118113281e+00,-5.489389905549642457e+00,-1.006464130095853093e+01,-2.077494136249746148e+01,-2.443231855275976727e+01,-2.515844859603707206e+01,-1.226888306450297783e+01,-5.266856380318867714e+00,-2.095084527564298860e+00,-3.292648242175124196e+00,-1.007557150971798521e+01,-1.573023884988013066e+01,-1.755823881207531656e+01,-1.791390530025686090e+01,-1.675482112123766143e+01,-6.112288057007862818e+00,-1.118185721946913791e+00,-2.679457523051350876e+00,-1.135206944546626673e+01,-2.012102741503533565e+01,-1.828212630111752546e+01,-1.646925578408568924e+01,-1.937927932593658653e+01
-2.939326469224828031e+01,-2.972196286871233184e+01,-2.913354220463119404e+01,-2.504142554115703234e+01,-1.694388549564449065e+01,-1.396309251002682927e+01,-1.550498655916170243e+01,-1.946929324310244525e+01,-1.882948929298925123e+01,-1.633539976782471115e+01,-1.514474081447106357e+01,-7.973533140794011764e+00,-1.700118931541788170e+00,-1.578972538353747401e+00,-7.320170991065848121e+00,-4.325185089279677264e+00,-2.691443331141508466e+00,-8.691703996244276809e+00,-7.976940131170376702e+00,-6.005250268896601185e+00,-3.314693793825065793e+00,-7.900042797090443436e+00,-2.007327376431181065e+01,-2.325149030539825645e+01,-1.542560510689975573e+01,-1.235359631740409903e+01,-1.254290691359352472e+01,-1.354675891108185226e+01,-1.293663864099342398e+01,-1.709229424527583063e+01,-1.661959021055061569e+01,-1.176883062424550452e+01,-1.382458143288852526e+01,-7.978501901371788385e+00,-6.924673038812083625e+00,-1.270702986180327265e+01,-1.246159419849628769e+01,-1.773720612416740749e+01,-2.401695028334173543e+01,-2.058112361412921842e+01,-1.006139865631365637e+01,-5.041086716278818436e+00,-5.845362721665101624e+00,-2.820617892055146569e+00,-1.167015238022538343e-01,-2.147201025741106495e+00,-8.473604569453319968e+00,-1.710709585943294897e+01,-2.393729667263176708e+01,-2.458663880734043161e+01,-1.662972225123689540e+01,-1.279909509010897395e+01,-1.162777333041183780e+01,-1.425231021324186820e+01,-8.671879644612319638e+00,-3.858906175571543695e+00,-5.517450045310813955e+00,-1.313552911181486316e+01,-1.477626659078452498e+01,-1.068365117793774743e+01,-7.666647855107110665e+00,-1.319549639170406508e+01,-8.741436753564208573e+00,-3.806472070458281287e+00,-4.236994975850782552e+00,-8.620842781685690071e+00,-1.725057046832019125e+01,-2.347055343089212798e+01,-2.364803997250913525e+01,-1.639012303789153435e+01,-1.004702403936677335e+01,-9.323137965821127082e+00,-7.370001984916570770e+00,-5.419033227104494976e+00,-5.969114573857256190e+00,-6.229673714810655127e+00,-1.040268822389704617e+01,-8.258653220329575717e+00,-4.648277194388494848e+00,-5.179406914092202108e+00,-6.059127390157175164e+00,-1.132027411506376247e+01,-1.975478968729499485e+01,-1.979573377580133098e+01,-2.255255022667746445e+01,-2.368188528432190765e+01
-2.947492109910222524e+01,-2.942992113200762816e+01,-2.939863415892797605e+01,-2.615173754073281387e+01,-1.633762232219899957e+01,-8.189825609440111620e+00,-5.540808785280198379e+00,-5.918423376693070281e+00,-6.315308212323953008e+00,-9.284440408226187103e+00,-1.737479454233446319e+01,-1.321459000210725598e+01,-2.490437209773240124e+00,-3.366567043861719011e-01,-4.783127679638848662e+00,-5.752894558979354755e+00,-4.357009570590639758e-01,4.141887958918676893e-01,3.479786798605012943e-01,4.427059383646101409e-01,-1.561912518467190703e+00,-6.697818452620324159e+00,-1.191083661108526570e+01,-9.467889090758243142e+00,-5.507048748604214339e+00,-2.470040271940235677e+00,-2.168698707325313002e+00,-3.630501692872921016e+00,-7.177988735774091467e+00,-1.333066668674235977e+01,-1.314341159722277297e+01,-6.205184736779627563e+00,-2.841130026850763990e+00,-3.123159893948357357e+00,-7.258951957444198300e+00,-1.876220368701993024e+01,-2.450103084549649068e+01,-2.225384620309786143e+01,-1.348752596633124945e+01,-1.021503076116547248e+01,-4.239951863849379166e+00,-3.384235708469539361e+00,-5.954242125750725201e+00,-3.759744089644203147e+00,-5.337195778980083460e+00,-1.251041602769880789e+01,-1.641545767456520721e+01,-1.938940540251840972e+01,-2.327762496926402491e+01,-2.506766774090191774e+01,-1.200263675478578485e+01,-3.955315757990736536e+00,-1.926337710157853600e+00,-2.336724544492308375e+00,-5.868317725136876106e+00,-1.208761701966060009e+01,-8.534883174277444695e+00,-9.039172531084249229e+00,-1.811300399831232966e+01,-1.208630734090586678e+01,-5.733906249736101302e+00,-3.653176747091853915e+00,-4.239568988216742440e+00,-8.787061873738092999e+00,-1.774014812298403498e+01,-1.751369571958789351e+01,-1.661408801570193461e+01,-1.087146744564289413e+01,-8.729268515383013849e+00,-7.060592955476000299e+00,-4.784804427455968678e+00,-6.100647312389928523e+00,-8.732753006101564353e+00,-7.792114155779358065e+00,-4.357227996290076732e-01,1.235422835896815424e-01,-2.762574704886477939e+00,-4.120402940371223011e+00,-9.243650160616136091e+00,-1.399513934677793792e+01,-1.481639475403851236e+01,-1.742412222250727183e+01,-2.280404442503252227e+01,-2.292866359230216133e+01,-1.695127546878261526e+01,-1.543424708606632656e+01
-2.968005730541607790e+01,-2.953242821547821251e+01,-2.889045511129248212e+01,-2.555170347672382292e+01,-1.843816633442886044e+01,-1.148243452301462142e+01,-7.732315543043704054e+00,-7.043866515387105842e+00,-6.877412674536231840e+00,-6.007973244172016614e+00,-7.417883085385533981e+00,-7.457881262739196160e+00,-5.225070738695732686e+00,-2.698006077612686404e+00,-4.054900099502037669e+00,-3.682114834435113337e+00,-5.871235011245447000e-01,-3.009194754258312177e+00,-1.054951817587814311e+01,-8.775133631497849862e+00,-7.892349744571074410e+00,-1.361591940162746006e+01,-8.693004794703185212e+00,-3.351451709923398248e+00,-2.957778470690241246e+00,-8.038183641570215698e+00,-1.273204449751904832e+01,-9.428200504934514115e+00,-1.011999339820774502e+01,-1.741151633881430527e+01,-1.789017521880055028e+01,-8.649185079199666504e+00,-1.587983070918046025e+00,-1.661502742795060383e+00,-6.948374406527016767e+00,-1.359052480996110113e+01,-1.649731058018808127e+01,-1.806038956241753368e+01,-1.186886015011154072e+01,-2.651089881844943097e+00,-3.467027121558980962e-01,-2.861545442990098387e+00,-1.041665029412007470e+01,-1.504911828860071843e+01,-1.181827044305000562e+01,-1.458722898341317276e+01,-1.817722983214691368e+01,-1.893152815331029615e+01,-2.225390570764323073e+01,-2.225263348244528672e+01,-1.035530905232174703e+01,-3.476308532865657774e+00,-3.171071659450113572e-02,-2.518421968983713732e+00,-5.791916844840268475e+00,-1.112921881356155662e+00,-1.123797195785828151e+00,-6.085926975707438125e+00,-9.119471423304428725e+00,-5.828345844276513255e+00,-2.925165348949323008e+00,-7.697208611166659331e+00,-1.011676954813585994e+01,-1.072641947888235947e+01,-1.928405682731220594e+01,-2.284057566409802575e+01,-1.378565701455560344e+01,-6.809712212049324087e+00,-3.432869340968495830e+00,-3.181250611405450179e+00,-3.456192221377002216e+00,-2.252737060281668313e+00,-2.154507456532189114e+00,-3.062245792574213699e+00,-4.472443941335428441e+00,-2.789696289593432077e+00,-2.260230079540300530e+00,-7.728453816803357412e+00,-1.047899952553610703e+01,-1.418396786788037645e+01,-1.912632947477675671e+01,-1.969313481199832339e+01,-1.973537593670473811e+01,-1.708559140540261367e+01,-1.204182629184868425e+01,-1.226908552282639064e+01
-2.942245859954193321e+01,-2.917750064289296930e+01,-2.763191158898914068e+01,-2.380069227619025440e+01,-2.002607316825226036e+01,-1.638206476564625902e+01,-1.144307475417624964e+01,-1.398273671583364930e+01,-1.687298838236859666e+01,-1.445221210527055966e+01,-1.095591233977834733e+01,-1.588456242230102333e+01,-1.765632171121262317e+01,-1.246804775582014990e+01,-7.877777949544309877e+00,-4.528733453251250651e+00,-1.961270979984187202e+00,-4.582787358806333700e+00,-1.468688465893723638e+01,-1.619950978628551752e+01,-1.880284856839944396e+01,-1.815404340147062001e+01,-1.316751485198508753e+01,-1.157601388356157912e+01,-1.140188893198057052e+01,-1.306588300425587690e+01,-1.777147727795229670e+01,-2.311824042651489464e+01,-2.135661673909835301e+01,-1.562085538602057255e+01,-1.154785738555529662e+01,-4.838567012366447706e+00,-5.694602672925986875e-01,-1.033759908812859951e+00,-5.846988050831403605e+00,-5.051757285840638545e+00,-7.315456162882215452e+00,-1.380216989990409182e+01,-1.217340067051749131e+01,-3.843299643283190736e+00,-1.245567481711862046e+00,-4.479778817229200349e+00,-9.324236231905812744e+00,-5.561924642465568169e+00,-3.221176879722198461e+00,-4.196700784086271341e+00,-9.651768213465013346e+00,-1.336658079933574150e+01,-1.204079618845277189e+01,-1.207032149302140489e+01,-1.151583253108818106e+01,-7.848590334863152940e+00,-1.115595846978648886e+01,-2.554442085050064648e+00,2.375654555761205433e+00,4.913282460611284819e+00,4.362007603845523107e+00,2.652007723452642352e-01,-3.315813884444762216e+00,-3.408257370738255521e+00,-2.382671799482280139e+00,-3.414431896601014316e+00,-5.967250743667587898e+00,-9.625772652735236079e+00,-1.691979563873232806e+01,-1.555829189751894504e+01,-1.189588115051502548e+01,-9.485541798686252690e+00,-1.265443372453442095e+01,-1.081297648590029681e+01,-1.023691169405711499e+01,-1.006084762070015159e+01,-1.206649035056128838e+01,-1.176142047971259608e+01,-1.497386700961425987e+01,-8.456450963293322687e+00,-4.131769115005740289e+00,-4.923649045006009750e+00,-8.082652309013687031e+00,-1.142932201614816634e+01,-8.558167885278017195e+00,-5.084868409706436054e+00,-4.569044668184778502e+00,-7.888080272965758866e+00,-1.413066569812425222e+01,-1.207606618640986973e+01
-2.876281749747181493e+01,-2.940536841909393928e+01,-2.746821936578241008e+01,-1.947077880924894444e+01,-1.302223595317083493e+01,-9.472610058675286382e+00,-8.224859496109358403e+00,-5.690535169976357999e+00,-4.906369615374631010e+00,-6.963504124233740988e+00,-1.430478321049959689e+01,-2.213166865319696086e+01,-2.460125883480974807e+01,-2.210977147007716681e+01,-1.061820072390650971e+01,-5.155431135010172916e+00,-5.158781645862200449e+00,-7.657526164564467663e+00,-1.158474963584929007e+01,-1.486995692380511969e+01,-1.038899689093800838e+01,-9.962026849275327223e+00,-9.883656246289042713e+00,-9.289841783410720311e+00,-1.129219168743104440e+01,-1.117232540363573889e+01,-1.321203010773840703e+01,-1.244171473907150371e+01,-1.338862664917953182e+01,-1.473533597793287875e+01,-1.134251354759886077e+01,-9.518429198110377243e+00,-1.525145413034008079e+00,-2.664715368194036094e-01,-6.319657430802791964e+00,-5.488678113649819501e+00,-4.697918081784066224e+00,-1.112340839218547295e+01,-1.156561290034811051e+01,-7.885554219930226871e+00,-1.075562294885402359e+01,-5.063810151041918672e+00,-2.628916041365689349e+00,-2.678597602637783126e+00,-7.602789770612734976e+00,-7.475673821477490044e+00,-3.877349167493463256e+00,-2.298701493366455129e+00,2.002673439089678042e-01,7.383586362938268643e-02,-4.766589106184977886e+00,-1.068028519990789960e+01,-3.986376449152940982e+00,-2.026242441768786318e+00,-5.573770755235432972e+00,9.662902950998377705e-01,2.924180287226167074e+00,-2.056097606742640860e+00,-4.065605425592893951e+00,-4.354130030385722883e+00,-1.445875348098549340e+00,-5.183558368429769025e+00,-6.015299449440177249e+00,-2.496929779790967530e+00,-5.055928674391434896e+00,-1.263195569551628061e+01,-1.082017267205332978e+01,-6.367218025768075940e+00,-4.015610393222051933e+00,-2.870813046368763111e+00,-4.682859594130333925e+00,-9.996061164686697254e+00,-1.912233873178030663e+01,-1.830077589377192027e+01,-1.375093049311455928e+01,-9.112952007137181454e+00,-5.024524122704076667e+00,-4.786248066043126137e+00,-8.746009016309985284e+00,-1.263311141137858407e+01,-8.039417978006465404e+00,-5.689192715321333083e+00,-4.515493659807354732e+00,-2.518490703520542606e+00,-3.727064270668357437e+00,-7.166963008068900187e+00
-2.552943200919464317e+01,-2.955924272719230217e+01,-2.763397842509145974e+01,-2.067460349133906305e+01,-1.678215784334954463e+01,-1.512579564101823415e+01,-1.395430794836000565e+01,-6.980696641306840533e+00,-3.515020704906405502e+00,-6.493673444704245235e+00,-1.827497635906889073e+01,-2.435029515601296524e+01,-2.515854992757316921e+01,-1.837784458298719414e+01,-1.084932760382426586e+01,-5.224035633884313690e+00,-6.949847745076390915e+00,-9.161972774349095516e+00,-8.409755869676137863e+00,-9.034974381213880079e+00,-5.195501530898436471e+00,-2.831604047472240371e+00,-2.165252397412732677e+00,-3.452330439543450868e+00,-9.589851758634770462e+00,-4.627667281730511561e+00,-1.648324213399932070e+00,-4.049240231226937325e+00,-1.294191220880464677e+01,-1.549666269589926415e+01,-8.234147329366843238e+00,-4.149901823176227467e+00,-3.471767276944948133e+00,-3.569371519311693941e+00,-3.204037998426165323e+00,-3.522047272847808941e+00,-5.238295444322906391e+00,-1.149339194516189266e+01,-1.168227848933853252e+01,-4.826633562909737662e+00,-1.056847199361517164e+00,6.718422998052147044e-01,-2.196984551358214244e+00,-8.846119079198546231e+00,-1.012939261662141099e+01,-1.544919596191581057e+01,-9.131416064637308594e+00,-3.626832280958512289e+00,-2.061950871642707295e+00,1.174655568970141672e+00,1.307796684707841939e+00,-1.399231678033994175e+00,-6.463832947247810878e+00,-6.100097055426080495e+00,-6.134180278495978023e+00,-6.131022298079382260e+00,-1.207455099227959128e+00,-1.230223594873233628e+00,-2.301499538793662314e+00,-2.144042779127144804e+00,-2.572274296055864440e+00,-1.923234579105370878e+00,-3.730599269153592745e-01,-7.677954023393788185e-01,-4.346813752792264118e+00,-1.285548678427252156e+01,-1.106001229231594252e+01,-5.178384278566782406e+00,-7.961523331758630029e+00,-7.101775621184866161e+00,-1.707502189554444660e+00,-2.772557275173590075e+00,-8.005005188343179867e+00,-1.195149845021371604e+01,-1.803519240726951267e+01,-1.408285710888111453e+01,-1.320879965975084325e+01,-1.222999219585011055e+01,-9.281361384701183326e+00,-8.511038864386900826e+00,-7.500800456254537174e+00,-1.370986750107685204e+01,-1.675324514348998406e+01,-7.275744985191876957e+00,-4.488865340484007760e+00,-8.040782620888629495e+00
-2.466553492764480282e+01,-2.867548675755508114e+01,-2.827519194406407621e+01,-2.570783670985971625e+01,-2.633256420652374885e+01,-2.270422364555242467e+01,-1.205277919951286059e+01,-6.544900381383095045e+00,-5.531398903095085196e+00,-7.593787785704809501e+00,-1.482475524822264212e+01,-2.505171115889804057e+01,-2.443582492566290654e+01,-1.375889904444454359e+01,-6.247375860469031927e+00,-4.467922134367563913e+00,-4.798895331056973745e+00,-6.785741062109707400e+00,-1.419686012504664951e+01,-1.619796763030627318e+01,-8.567430353801668730e+00,-9.927056425855360189e+00,-1.173434298229581607e+01,-5.263216278138961535e+00,-9.147816961240166078e-01,8.214524199729358322e-01,2.657069574440794058e-01,-3.832876136682870527e+00,-1.412874838232084151e+01,-1.604466833777100021e+01,-1.237424119556223090e+01,-1.493655864883015205e+01,-1.887253051495734013e+01,-1.848645284157672819e+01,-1.697321291188247372e+01,-1.251683101217255256e+01,-7.522823428834668036e+00,-1.145591065810836895e+01,-1.474454562536632807e+01,-5.114537673938365003e+00,-1.232249633175363623e+00,-2.074529123820679111e+00,-6.442384217929749468e+00,-9.055508249588594794e+00,-4.971681499754199152e+00,-3.394914894727349974e+00,-6.545106309970826430e+00,-1.598701529921466147e+01,-1.452646177961626073e+01,-5.495294735973118350e+00,-4.061077614531688695e+00,-6.356480171946623514e+00,-1.413148157833186680e+01,-1.130325904784311852e+01,-7.512906448986694130e+00,-4.924298055014992848e+00,-4.075836486488808141e+00,-9.122828026764265630e+00,-1.776004308234644213e+01,-2.092015411926589863e+01,-1.861339095257620713e+01,-1.282176959469118138e+01,-1.018839054935761013e+01,-9.700179933136656274e+00,-1.286091536237993260e+01,-1.514706391414613229e+01,-1.515827894574813328e+01,-7.341423240099244296e+00,-1.978168352846525480e+00,-2.733917597386246623e+00,-6.893250296162512392e+00,-1.381826276060252434e+00,-7.459679330443209633e-01,-4.470997237643041800e+00,-3.561650667682588534e+00,-2.197584385596187406e+00,-4.436094097002189152e+00,-9.900006952517815151e+00,-4.896336602154614859e+00,-9.910354998694974604e-01,-3.396629608078070461e+00,-1.296932433397715378e+01,-1.862708599694812506e+01,-1.065634214195586260e+01,-7.875213749536120744e+00,-1.001428673558562821e+01
-2.594446555348752881e+01,-2.766983186379643911e+01,-2.716830134209785896e+01,-2.378396911111496692e+01,-1.950633614117862535e+01,-1.520999348163604736e+01,-1.171968157509811093e+01,-1.615027801317113187e+01,-1.646088091835720846e+01,-1.665119209089352026e+01,-1.681118559837341309e+01,-2.212763316576717543e+01,-2.196498548893528024e+01,-1.254855042741498927e+01,-4.417718437564282397e+00,-4.428400689821320846e+00,-4.884163012901384882e+00,-2.114079379870175135e+00,-3.488763974271252621e+00,-4.869248956484534929e+00,-7.145583794772170094e+00,-1.518750673304987231e+01,-1.572524075562717272e+01,-1.380153855021673337e+01,-1.136911893027429343e+01,-9.663807978654521236e+00,-9.809826095368116228e+00,-8.045537342552011140e+00,-1.071354943695869189e+01,-1.034545486482955035e+01,-8.072537053632371951e+00,-1.070585760542454601e+01,-1.014512238520702248e+01,-1.147363948276024814e+01,-1.202191240004910711e+01,-1.007510093514245852e+01,-5.325474423761586529e+00,-2.940359392182062770e+00,-1.921301361538633401e+00,-2.292555129622066534e+00,-7.233100132789206604e+00,-4.186332501840728249e+00,-3.729897091561530154e+00,-4.817391160591185439e+00,-6.071278104004059095e+00,-6.699941231890488957e+00,-7.628315791828941705e+00,-1.697309546070244579e+01,-1.389685858478982894e+01,-8.119813107352220172e+00,-9.666274026150011522e+00,-1.252286803767881374e+01,-1.044659731770289746e+01,-1.074852412620573539e+01,-6.619766386410661951e+00,-4.814918070007826678e+00,-4.938805456379897763e+00,-9.572661086803174513e+00,-1.840068937166956431e+01,-2.363040156582839657e+01,-2.246518659409676033e+01,-2.185960407839476716e+01,-1.923892730610971213e+01,-2.267777949253111558e+01,-2.249300161572812939e+01,-1.971764443575881032e+01,-1.938547633440439810e+01,-1.734614415341661342e+01,-3.106226231790865544e+00,9.533188939947663254e-01,1.771858691998565494e+00,6.149708886065641256e-01,-4.210667170623302979e+00,-7.173932756155103618e+00,-8.447177308265658713e-01,7.485508712715973623e-01,-1.438022022906918218e-01,-1.839863866736014097e+00,-1.528447172467646498e+00,-8.165994485456297136e-01,-1.385787329931551515e+00,-6.235047796520738927e+00,-1.108194509330596667e+01,-9.442171773382725064e+00,-7.252480532831818039e+00,-1.135869306462411643e+01
-1.563884518164714699e+01,-1.723114637382157710e+01,-2.050402407427780460e+01,-2.484445140561984644e+01,-1.603439736366271973e+01,-8.581549239522628270e+00,-6.353503556651923567e+00,-9.081040790062823831e+00,-1.735225810167443683e+01,-2.119322771152467055e+01,-1.639847419826129027e+01,-9.779013580038347087e+00,-6.849623879403558213e+00,-7.802211740089736836e+00,-4.940061588507596468e+00,1.503270955517255425e+00,1.373161598326432253e+00,-4.525074666067388840e+00,-2.465717422661286129e+00,-2.816382362471737011e+00,-1.180986326614408988e+01,-1.267901164065790454e+01,-9.404984816795087355e+00,-7.519971898266377686e+00,-8.218387152857452804e+00,-8.840534934560761116e+00,-8.064616290667585119e+00,-4.411941808314268521e+00,-9.689024367296618090e-01,-1.837671461877704582e+00,-8.747949247028081743e+00,-5.862404010791815168e+00,-1.397157134640909071e+00,-2.722841302963784127e+00,-9.770507822964937361e+00,-1.262363029345301335e+01,-8.851476012295439233e+00,-1.130722151139310228e+01,-9.787038016609335145e+00,-3.504940876006752859e+00,-2.666421754452762638e+00,-2.871747951375414942e+00,-1.915829473178663145e+00,-3.244643998318102796e+00,-8.854608516656716333e+00,-9.096329179428915168e+00,-7.663789006134935633e+00,-1.169837182487240312e+01,-1.504696753234353679e+01,-7.100476898764836342e+00,-3.440430465317864339e+00,-3.417858603801436246e+00,-6.467997715673373449e+00,-1.358031325394870592e+01,-1.345923332039636477e+01,-1.528536827327640957e+01,-1.460340839760904075e+01,-1.420556703960622613e+01,-1.884041116073841238e+01,-2.389458011124880343e+01,-2.530347112298921886e+01,-2.103833617144868740e+01,-1.226798632217727558e+01,-8.990693752092258961e+00,-7.679709099858771815e+00,-7.753057435268663866e+00,-1.015789815123754636e+01,-8.652712716401078197e+00,-3.394890915396274966e+00,-2.439557165554404605e+00,-6.305520063278599707e+00,-1.055784938972841402e+01,-4.407700193519811016e+00,-4.958402378868510318e+00,-1.025460281478994595e+01,-7.271830091722138789e+00,-1.042002279567354428e+01,-1.498421194535175438e+01,-1.331378302956355419e+01,-1.321184166424147044e+01,-9.098710857616126191e+00,-3.164323872083243394e+00,-2.424308412747443242e+00,-4.816672290326985184e+00,-1.149164008093244327e+01,-2.255872499669781206e+01
-1.209874080519639783e+01,-1.362507144549420701e+01,-1.924321618698935410e+01,-2.510384341596646962e+01,-1.654943093088747119e+01,-1.167846223598218103e+01,-9.967311290384248679e+00,-5.555201987273820308e+00,-5.440069833329615356e+00,-8.803196326011919481e+00,-1.351697271015807900e+01,-6.830649072887333695e+00,-1.762731922879274826e+00,-2.520397738263878473e+00,-4.555812426704116902e+00,9.015561122169988284e-01,2.170391146109603042e+00,1.348514474524035833e+00,6.321233002618239505e-01,-2.016240615730052976e+00,-1.218568698601185751e+01,-1.222905655216624687e+01,-5.311877136580816838e+00,-3.560101906477494804e+00,-3.975184524218544624e+00,-5.996438976007563149e+00,-1.055067204246084245e+01,-4.680392523985783093e+00,-3.107431395237071126e+00,-5.291484090574227750e+00,-3.595443864360110542e+00,-3.581970082965629576e+00,-3.485877227353844088e+00,-3.914663246427556142e+00,-8.783708856306002843e+00,-1.750363021042510780e+01,-2.260201427044759370e+01,-1.749532098715542006e+01,-1.419360713194344825e+01,-1.438297034765927762e+01,-1.202361991569286026e+01,-1.168751636261248450e+01,-1.043770947711158392e+01,-1.274338004834779348e+01,-9.678899159413257181e+00,-1.037136883954055477e+01,-5.634619544025595950e+00,-4.727376812969454889e+00,-2.821165998928419683e+00,-2.812224636240044706e+00,-8.068188037936582901e+00,-6.598417905905774816e+00,-5.968790340059586086e+00,-1.304586193306755426e+01,-7.561889291264628277e+00,-4.928674247656159579e+00,-5.105724633948606872e+00,-9.002252564175439176e+00,-1.447035933996884793e+01,-1.492310211130680919e+01,-1.570661210922794560e+01,-1.697221240105519868e+01,-7.657530799166846869e+00,-1.368657686252623185e+00,-1.800257901307630859e-01,-3.246009409150378833e+00,-1.030539515728258948e+01,-5.916334137661766412e+00,-7.513885652290955619e+00,-8.709578402738534564e+00,-5.161589797095659016e+00,-9.288176988628302766e+00,-5.683176363469990555e+00,-1.907015133935261453e+00,-2.364398436980741369e+00,-5.263979743910200071e+00,-1.002487785579594082e+01,-1.017824226481313943e+01,-6.413310511421610904e+00,-4.555308676630485998e+00,-5.421089992268394830e+00,-1.198368940508092706e+01,-9.927971304827973853e+00,-8.676244475459323979e+00,-1.544342229384502296e+01,-2.294394976856144197e+01
-1.599574947721175633e+01,-1.476437077813476151e+01,-2.194884106767086607e+01,-2.404722628884643143e+01,-2.324585855826166636e+01,-2.379280483995685103e+01,-1.709259595397774589e+01,-7.100443650292985964e+00,-3.760826138594678181e+00,-6.560467195419865227e+00,-1.459545886789569380e+01,-8.557546978688421291e+00,-4.058449658330615328e+00,-2.261812449496893418e+00,-2.717641463826716008e-01,1.805860356385746712e-01,-4.581003174663188737e+00,-4.154998487687824316e+00,-3.031322674179727006e+00,-5.988921779961474456e+00,-2.960130305377809190e+00,-2.304349769045463514e+00,-5.121865055715765003e+00,-1.300635136629788846e+01,-1.579407644089851637e+01,-1.455324047940377952e+01,-1.410590221135670852e+01,-6.872585370340420496e+00,-4.766678502427712516e+00,-6.587880355426828594e+00,-6.529890359813020240e+00,-1.021073292912417685e+01,-1.075782785797847119e+01,-1.312511594786898783e+01,-1.626366863996927847e+01,-2.082821341871305165e+01,-2.199046724443217116e+01,-2.126313354040830106e+01,-2.601693583262785836e+01,-2.136768930558939772e+01,-1.180211606462493279e+01,-4.742193849487159163e+00,-3.291100936144668587e+00,-4.564613101591590727e+00,-9.188541676251942292e+00,-1.158688769813712405e+01,-6.224345498867617010e+00,-7.693400489919968166e+00,-3.929441288369530216e+00,7.130199264737649978e-01,7.962959845739089326e-01,-2.575052280858770359e+00,-1.143900653060156003e+01,-1.228598847371021385e+01,-6.719424298701395237e+00,-5.152474649421131758e+00,-5.109702568700295267e+00,-8.163667202450847427e+00,-1.252671448238023366e+01,-8.324888609747850055e+00,-4.477961446265227963e+00,-3.416919784009001759e+00,-5.037498701847236582e+00,-7.174733659575998956e+00,-4.580004903686922368e+00,-6.067752726205432268e+00,-1.141583665636659539e+01,-8.188862765108355646e+00,-3.547529172436654221e+00,-1.400172287975269159e+00,-1.203455175846976921e+00,-1.274594630927864181e+00,-1.908638991317747280e+00,-5.550335079907859459e+00,-1.242066423174079226e+01,-1.420393026967085071e+01,-1.510005540702179161e+01,-1.212424319573031184e+01,-6.979106828001619078e+00,-6.224255835964479289e+00,-6.644144241591446232e+00,-1.008912498350361808e+01,-1.415530872708968602e+01,-1.107751285938816288e+01,-1.143774674775946210e+01,-1.866378209245113950e+01
-1.193638927426957075e+01,-1.325495662671009178e+01,-1.724878293321332734e+01,-2.599139318939383614e+01,-2.846269850694496384e+01,-2.853620961786226573e+01,-1.757257312217741685e+01,-5.855137973796320061e+00,-3.559939739472083531e+00,-6.948043083416596488e+00,-1.732804132326868540e+01,-1.844733925084121395e+01,-1.939983025215964219e+01,-1.529612783621285743e+01,-8.042799546873865779e+00,-6.864979636863421941e-01,3.429815656401551394e-01,-4.383540179815057947e+00,-1.457678362021919405e+01,-1.257821759831814390e+01,-1.182021722265782238e+01,-6.803639093655665881e+00,-5.672767520860861445e+00,-1.344131450434677433e+01,-1.900663043706471811e+01,-2.117374013762437812e+01,-1.446417442077898841e+01,-1.090502359120900344e+01,-7.603977722066049161e+00,-7.538499588957269459e+00,-8.049441897687112046e+00,-1.256484899175076109e+01,-1.380185581618592927e+01,-8.633212508136079322e+00,-8.287351177848933048e+00,-7.237931286560669975e+00,-1.018534471606480274e+01,-1.741916478954198766e+01,-2.501805658922850739e+01,-2.190468599596096411e+01,-1.256767639495034317e+01,-7.828058680505242783e+00,-4.032253125981065445e+00,-2.980864598664618725e+00,-9.295530430460704707e+00,-1.441409124217870641e+01,-7.184746033362760187e+00,-5.933046255402892655e+00,-9.772948108442866655e+00,-4.236831770659307494e+00,-1.096944890128100258e+00,-4.340395343937832884e+00,-1.277647325601286532e+01,-8.907852755703089542e+00,-1.162679971629426667e+01,-1.821849444804300688e+01,-1.431696444613332986e+01,-1.346004584090400336e+01,-1.388017916952380659e+01,-9.327326961601054123e+00,-1.022903634528167416e+01,-7.675400000947122159e+00,-9.533833278044490100e+00,-1.818662335672451391e+01,-1.788643744337649721e+01,-1.609128443885395399e+01,-1.486279046262493608e+01,-1.639497543473279961e+01,-1.653958075055639299e+01,-7.664613681895132480e+00,-6.935680963610875160e+00,-7.387311531387212860e+00,-4.836106911642860773e+00,-1.041116105099670719e+01,-2.335186179175631693e+01,-2.341471104585487595e+01,-2.287256348952082163e+01,-1.824673528889663388e+01,-1.847066688537597656e+01,-1.706344603218195033e+01,-1.261273719245240876e+01,-6.727158678851965057e+00,-5.551858336415909534e+00,-7.587344049952412739e+00,-1.543138201910120877e+01,-2.371112975637421272e+01
-1.804259104037102901e+01,-1.636942411015051846e+01,-1.888177963249556157e+01,-2.130033694514791520e+01,-2.115206697150951243e+01,-2.442993595035931520e+01,-1.571918038739502954e+01,-5.490257709990930657e+00,-3.266236804596340360e+00,-6.661568183935325571e+00,-1.839232153109921697e+01,-2.605223331196617664e+01,-2.474872614045179375e+01,-2.178929544587171563e+01,-1.106151076673551437e+01,-4.535480405026264705e+00,-3.203862790028983998e+00,-4.848251862835337711e+00,-1.082812976928157589e+01,-9.035573453393601184e+00,-6.413473528134458590e+00,-3.634593443484721131e+00,-1.836886982632559118e+00,-2.856627104107205106e+00,-5.092745611088648872e+00,-7.438879938981004969e+00,-1.543118298326739790e+01,-2.138055955180685075e+01,-2.241512155532836914e+01,-2.397645873695839569e+01,-2.170587993032149754e+01,-1.738464452656170778e+01,-1.069836739547380056e+01,-5.076220032595496257e+00,-2.679020576136371456e+00,-3.414930455841636014e+00,-7.554785213397659405e+00,-1.683538309490407769e+01,-2.534266059999247389e+01,-2.270808601561393303e+01,-1.981903771589730567e+01,-2.127426433563232422e+01,-1.323063213042630437e+01,-3.422589821044270231e+00,-1.709482438883651867e-01,-8.882263390967650718e-01,-5.462889181293603791e+00,-1.478000309176117355e+01,-1.013120721769696964e+01,-1.186749422823199751e+01,-1.014366586426742245e+01,-3.961166691710418686e+00,-1.419275054935399627e+00,-1.730208741259256389e+00,-5.484437454089287733e+00,-8.369789382897829810e+00,-7.220382163542827136e+00,-1.314199272639878835e+01,-1.381312317065610173e+01,-8.751368230535783610e+00,-7.618558223238427907e+00,-5.537369023980074800e+00,-7.917233152698924137e+00,-1.713646566139832572e+01,-2.489366862246098577e+01,-2.323024836933339898e+01,-2.489121969601580275e+01,-2.390397142453958068e+01,-1.684487862805373837e+01,-1.045699910717156023e+01,-4.467487521526467553e+00,-2.412385600100036775e+00,-3.956016505378803227e+00,-8.814356396216473044e+00,-1.900838484017903696e+01,-2.333915585597962661e+01,-2.272291022584638398e+01,-2.289617581767890186e+01,-2.509572127393183649e+01,-1.870259001600833315e+01,-9.087836315158670075e+00,-4.015023766583158960e+00,-3.499488831021403623e+00,-6.960370662558169386e+00,-1.638344383421744865e+01,-2.079197752930735987e+01
-8.643954343468179147e+00,-8.898343583099714849e+00,-1.142036890073586974e+01,-1.237069948574968947e+01,-1.447359566652137808e+01,-1.959522700309753418e+01,-1.257002559599985680e+01,-8.297584584196105340e+00,-7.057345210140898217e+00,-8.579093224219693781e+00,-1.534571593772363940e+01,-2.390127151249019377e+01,-2.559248136382066718e+01,-2.077798277913159097e+01,-1.488031066101016009e+01,-1.327343407933038577e+01,-1.301843765582747103e+01,-9.618456648506281681e+00,-7.239896106583471713e+00,-6.487755024706133966e+00,-6.096067994975179261e+00,-5.193070826298407994e+00,-8.731621427276662573e+00,-5.255846451029523081e+00,-1.870789889502161296e+00,-5.854715293372860785e+00,-1.745068797901386404e+01,-2.072898651261365899e+01,-2.199298551974405669e+01,-1.802400679806716610e+01,-1.219390999087850602e+01,-1.342054146482744237e+01,-9.229815355694020340e+00,-1.115680452157522851e+01,-1.507015138364020146e+01,-1.115405348375553451e+01,-1.262990620755057236e+01,-2.089034291988110681e+01,-2.460510942954143587e+01,-2.162844824426956691e+01,-2.077462685745181048e+01,-2.066755759079037702e+01,-1.376714571741701043e+01,-6.959689936337579930e+00,-3.896689105320380708e+00,-5.358671129965543400e+00,-5.158357039435219171e+00,-3.371006934014895595e+00,-4.451360907035929237e+00,-7.635500096637784395e+00,-1.485748899346999607e+01,-1.266021600570387484e+01,-1.210733095653184499e+01,-4.491819953736547077e+00,6.452648502561034727e-01,5.406263311725031384e-01,-3.829165559517973438e+00,-1.328579501614315816e+01,-1.310690036256804802e+01,-7.995530686305679424e+00,-5.712419771966133375e+00,-4.281301619442364981e+00,-7.742225178780446804e+00,-1.611892843610457859e+01,-1.548559320245990278e+01,-1.438137431272113531e+01,-1.417472705358767371e+01,-1.325659243842117618e+01,-1.592521559100114636e+01,-1.415811570000102471e+01,-1.412780529033136645e+01,-1.310272604409064989e+01,-1.057253511579892091e+01,-1.254512468913129197e+01,-1.273753717291446108e+01,-1.130069152771971552e+01,-1.196457265533563685e+01,-1.790985697189360337e+01,-2.317024699786237107e+01,-2.031194781529084281e+01,-1.590013143670467954e+01,-1.141485044109912295e+01,-1.377485248059716838e+01,-1.234393226281377132e+01,-8.602172224576236204e+00,-1.022457974785156765e+01
-1.044087136064776900e+01,-1.309804561574950554e+01,-1.748876780681027654e+01,-1.688926065423106593e+01,-1.459921296498247756e+01,-9.764310201615778340e+00,-9.298671308819574932e+00,-1.310138408873827487e+01,-1.435903812728765416e+01,-1.529119381467804573e+01,-1.790789691819489349e+01,-1.624734876174053255e+01,-1.689012381138692476e+01,-2.003807784764821420e+01,-2.481815524683653962e+01,-2.207111698616552076e+01,-1.004546976453475438e+01,-2.731490014337326855e+00,-8.846793782088939739e-01,-4.048215353534422078e+00,-1.527807664325219150e+01,-1.492367547158976571e+01,-6.931267135015881209e+00,-2.434044615685484914e+00,-2.400609933636115745e+00,-6.485085158857680554e+00,-1.732982020978709059e+01,-1.268670954504085913e+01,-8.494431071609030326e+00,-4.964118290621474472e+00,-2.564774712021569147e+00,-2.364675534960195336e+00,-4.723683551067614061e+00,-1.155486835414216706e+01,-1.248505426863677670e+01,-8.394484718337313467e+00,-1.081607090880852695e+01,-1.782807120294061320e+01,-2.450205430547699592e+01,-1.816128072665847881e+01,-9.755571852203543060e+00,-6.997715374668135979e+00,-8.326113017460771815e+00,-9.962065247861483286e+00,-9.411462100407549158e+00,-1.421929951387507352e+01,-1.164069051505955166e+01,-8.983319389683598999e+00,-7.632909914464440782e+00,-9.973576781403927782e+00,-1.702550141319973775e+01,-1.153984956158936548e+01,-8.117472120141254521e+00,-3.409955066123991685e+00,-4.558949715859533569e+00,-8.211558472839188383e+00,-7.292532511567341835e+00,-1.348243479965297276e+01,-1.377691747487046392e+01,-9.592299125576747798e+00,-9.721144143747919131e+00,-4.137644285919102494e+00,-3.854589478247834489e+00,-9.582178803573128789e+00,-1.238157307009660535e+01,-6.354565461742058829e+00,-3.550802640673768273e+00,-5.338248216468869600e+00,-1.076113020918751495e+01,-1.782059543005382807e+01,-2.083760780778549915e+01,-1.908858022799018528e+01,-1.245896476097689387e+01,-4.205408844471205221e+00,-9.805627966740431134e-01,-1.892116618994978960e+00,-8.721960529343771640e+00,-1.466484017590530087e+01,-9.295901227543371448e+00,-8.264099159768520053e+00,-8.009125389670597173e+00,-9.541919463690911485e+00,-1.526924674110558122e+01,-1.039347872524771077e+01,-5.822176143413281935e+00,-6.657625698861274977e+00
-1.808078972619908598e+01,-1.786032980270968196e+01,-2.387211232148964157e+01,-2.249434201589977533e+01,-1.624534465793434990e+01,-7.632364284901218987e+00,-3.190890677614521387e+00,-2.973564987703589235e+00,-6.785108519191960674e+00,-1.068114549240083200e+01,-9.089768512558391578e+00,-1.005870767859102166e+01,-1.290939860125534366e+01,-1.927732101287550748e+01,-2.518148145602859600e+01,-2.176467687665051187e+01,-1.148549869770312171e+01,-3.023306760003875659e+00,-3.644415250235549797e-01,-3.069492919448734813e+00,-1.438597567026851820e+01,-1.430962162163421425e+01,-8.671377528714769412e+00,-1.116271465903020044e+01,-4.847303834125285427e+00,-5.968550251640436066e+00,-1.236991114288795934e+01,-7.104148250044756807e+00,-4.230300753626204724e+00,-5.632649697960560253e+00,-4.516827381198216251e+00,-6.985483646165323357e+00,-7.183444926415690546e+00,-2.672798433724989930e+00,-2.628752393207249849e+00,-4.164065683843525711e+00,-7.578682687446360866e+00,-1.219168017565749018e+01,-1.482261480447900226e+01,-1.610388768265265469e+01,-6.134536853273406365e+00,-4.913939243406483803e-01,4.272224781577091401e-02,-3.975961082764254417e+00,-1.434960893820260353e+01,-2.346284148165288030e+01,-2.249093477416584363e+01,-2.213683960455974642e+01,-2.283594045020241836e+01,-2.190096749786202324e+01,-1.404275890798059123e+01,-7.715928494475270405e+00,-3.234230521867293540e+00,-3.250189064113238491e+00,-8.924043961153685700e+00,-1.459599461719279923e+01,-9.534662395488215481e+00,-9.724816086183068364e+00,-1.200894594829501116e+01,-5.678060826454453647e+00,-3.786090717743371137e+00,-4.980033828556992503e+00,-7.519168327100404170e+00,-2.912447891921473353e+00,-1.967521341218975595e+00,-4.574143972390025681e+00,-7.654129608669354212e+00,-8.009211887385099260e+00,-1.675957911524153943e+01,-1.911750337913746023e+01,-9.828913231842390630e+00,-4.774673192996446325e+00,-8.323555980730830139e-01,1.781291702156175605e+00,1.396223142348098412e+00,-2.698065297287988162e+00,-1.072402477537402632e+01,-1.032116632425148062e+01,-5.913896223060957524e+00,-3.844316261301513826e+00,-4.033748358033085957e+00,-3.337307863108074368e+00,-5.162560220893102958e+00,-1.098449990312561653e+01,-9.034512590816003552e+00,-8.264164263055524984e+00
-2.321101170277777470e+01,-1.641210252638081712e+01,-1.259924491671205438e+01,-1.179425151839511088e+01,-1.257511182777754222e+01,-1.640077827995969884e+01,-8.760004888964063596e+00,-2.873528638556031023e+00,-2.616753802613447810e+00,-8.001216446397869220e+00,-1.874915394346222541e+01,-1.925296978914100876e+01,-1.961477894091424190e+01,-2.169573950949515861e+01,-2.512359444057668512e+01,-2.299076450144061567e+01,-1.966863477230072021e+01,-1.136107163483859850e+01,-2.675798686349209810e+00,-1.720676588449086886e+00,-7.272247478707146051e+00,-8.856669697597736146e+00,-4.297956269831602505e+00,-2.576119454040810552e+00,-1.797220432985118910e+00,-1.644833622414988428e+00,-1.852100231575438460e+00,-3.706640640060410163e+00,-1.007410832466059958e+01,-2.164342007564224346e+01,-1.501386391115552676e+01,-6.237257581858234978e+00,-1.521760176605089887e+00,-1.090613963047427637e+00,-5.953036559304890396e+00,-4.624540561369356872e+00,-3.308134944705698910e+00,-4.983028081578082080e+00,-4.104934701752912751e+00,-6.862032618231445724e+00,-7.861101194874930975e+00,-3.116754431622316357e+00,-2.984026629753226079e+00,-5.976022061045843436e+00,-1.365549796319189824e+01,-2.281407237962912049e+01,-2.441363636591962205e+01,-2.533571959997861356e+01,-2.522642054448601101e+01,-2.546202782456201419e+01,-1.441425845186218879e+01,-9.931070926535220167e+00,-1.185961969890667334e+01,-4.904628154430680453e+00,-2.235963592938732258e+00,-2.732091669376694121e+00,-2.361637345991516757e+00,-2.285503384379940162e+00,-2.939128230084160354e+00,-7.536990315177058086e+00,-1.545031266631060873e+01,-1.524433578789689214e+01,-9.515294140076818508e+00,-3.151277408800052360e+00,-3.192933688636954592e+00,-1.021066552810086492e+01,-1.492489078481688836e+01,-7.208693698162340624e+00,-5.564828338058850576e+00,-6.309457154674384505e+00,-3.218887578383201831e+00,-2.945099734630122867e+00,-8.084946528676086430e+00,-8.983021743146379023e+00,-6.276147066372915972e+00,-9.023643897689936466e+00,-1.773316466990317863e+01,-1.746232099751479794e+01,-1.285492133366242662e+01,-1.494229701002135613e+01,-1.262751698038960235e+01,-4.235577569350258642e+00,-1.054915601095248734e+00,-3.128209231671733370e+00,-9.337624137638179889e+00,-1.817336312869122850e+01
-2.287263305314624517e+01,-1.712336923875881567e+01,-1.416546298347356725e+01,-1.700582683723391497e+01,-1.993288933593808210e+01,-2.046381826983153474e+01,-1.256396468996091720e+01,-9.159350632256224145e+00,-8.991547498084207390e+00,-1.226936391382727010e+01,-2.223941859762177131e+01,-2.487949941176494661e+01,-2.494248379641816982e+01,-2.333380003011863479e+01,-2.515559380291072600e+01,-2.415567974279855079e+01,-1.927284616914414173e+01,-1.788240946704194911e+01,-5.608105114419440262e+00,-3.265303133396815771e-02,-1.875448938892827211e-01,-2.366252834108753422e+00,-3.238499114261442546e+00,-8.675961169236488857e+00,-1.449613813407548513e+01,-1.394898624411066024e+01,-1.139959384654541985e+01,-8.057013962105029847e+00,-1.005860243771822482e+01,-1.540393104444023287e+01,-1.936215195583023174e+01,-1.615191069450087369e+01,-9.335706188706041075e+00,-5.126004287674454041e+00,-3.811092067453015098e+00,-4.934222926108437157e+00,-3.842274911214690114e+00,1.055589197705613519e-01,-9.616420286212592483e-01,-6.407831151294343996e+00,-1.060089533292610220e+01,-1.491902819662603719e+01,-1.634038837720419579e+01,-1.758137530679921312e+01,-1.565472257865294203e+01,-1.851312796032155816e+01,-2.452724127551071476e+01,-2.556367362000560206e+01,-2.524353793195185602e+01,-2.616516259426379065e+01,-1.512491680192583310e+01,-7.784304450486452254e+00,-3.429222874969016566e+00,-3.164448545179294303e+00,-8.838402343807272743e+00,-4.305751682109846712e+00,-5.212966229396921669e+00,-8.250031722865941219e+00,-3.906832673906825093e+00,-2.724528856831425205e+00,-4.180157971291142083e+00,-5.156053618620370038e+00,-3.546386451780341176e+00,-3.266350102788619481e+00,-5.302377804090048663e+00,-1.012203582643552657e+01,-1.225334803020681207e+01,-8.051602319451689027e+00,-7.341409409546669984e+00,-3.771996168917372216e+00,-5.256721554480436431e+00,-1.231491181004138369e+01,-1.654689042076809713e+01,-2.067694568270035305e+01,-1.939820603559945411e+01,-1.949648606959189934e+01,-1.977430616626302751e+01,-1.528759580077105795e+01,-9.547615979009002274e+00,-7.884963919870726201e+00,-4.022822448429260511e+00,-1.533543422927489797e+00,-1.960858994243108500e+00,-4.089308898469418807e+00,-7.459879323726392286e+00,-1.218119240717123475e+01
-2.366021573270550249e+01,-1.775806462127743757e+01,-1.400000935110426958e+01,-1.531219915397294606e+01,-1.783107520969769411e+01,-1.844565567715477528e+01,-2.157610884149566033e+01,-2.269552002790319989e+01,-1.893217455703793561e+01,-1.381895663174054079e+01,-1.344088588689119845e+01,-1.351440070330641596e+01,-1.419694385273765924e+01,-2.055936774588723281e+01,-2.459159419554790560e+01,-2.515364319313573560e+01,-1.869255508175332992e+01,-1.140498611808733109e+01,-2.793296329197224814e+00,1.601830108390826846e+00,8.004424399827368974e-01,-6.603469272741322449e+00,-6.636561701543458369e+00,-7.181258936419741445e+00,-1.477497880786429896e+01,-2.039698841189609979e+01,-2.133794757974056822e+01,-2.009175938686341567e+01,-2.007969885200034454e+01,-2.184591668616724291e+01,-2.538364069880420004e+01,-2.104354352987449417e+01,-2.053574198438921172e+01,-1.866464285359127828e+01,-1.959998257833582613e+01,-1.422713330774816853e+01,-6.283093311404454262e+00,-1.412778996987550828e+00,-2.386970280520333443e+00,-1.181592586272545375e+01,-1.540223757547276584e+01,-9.656370713510586512e+00,-8.099102173370258839e+00,-7.193220689096524012e+00,-1.033259025056853631e+01,-1.741398349609083951e+01,-2.415277567892584187e+01,-2.567784720340758042e+01,-2.411567465585606840e+01,-2.652448859469581066e+01,-1.646740465491782501e+01,-1.113670451677482554e+01,-1.059477435063769768e+01,-6.992346259018846766e+00,-3.567141123457264307e+00,-2.112945422515955407e+00,-2.825218568264527885e+00,-7.546881576758305066e+00,-1.160957221675465156e+01,-4.572934554278395680e+00,-6.263840931289978542e+00,-6.826246960017517296e+00,-5.257871245951142747e+00,-8.685834769870488969e+00,-6.857588361692792844e+00,-9.530447604092023184e+00,-1.204797838935415299e+01,-8.845320136492489382e+00,-7.085143199176278550e+00,-4.783215455426514495e+00,-7.537628920933672205e+00,-1.845509120890202581e+01,-2.258421727719197847e+01,-2.558755946887358590e+01,-2.625812516139663799e+01,-2.531090571498142694e+01,-2.124126386278458156e+01,-1.166574338647245490e+01,-5.978894847494955478e+00,-3.897434443349146793e+00,-6.525753589190599335e+00,-1.445570614911217788e+01,-1.429074255792239256e+01,-1.557500155099475592e+01,-1.351293394765781031e+01,-1.240205947042421464e+01
-2.472913375701613248e+01,-1.872302569687821361e+01,-1.180329066378469705e+01,-1.048114908833540149e+01,-1.508948050746480973e+01,-2.132402400206063575e+01,-1.912862924401086673e+01,-1.947086622696796354e+01,-2.083527529876650775e+01,-1.417040182342966048e+01,-1.182881566859383682e+01,-1.121032181040931341e+01,-1.245115021257910115e+01,-1.718020682298500290e+01,-1.995139708591781513e+01,-2.208723028925539111e+01,-1.988673561583948413e+01,-1.334501125885330097e+01,-9.990149595355259038e+00,-5.320439039078142862e+00,-2.129374183841969081e+00,-3.171393433312053478e+00,-4.063529913207046818e+00,-4.328866418536382987e+00,-9.942729815271974303e+00,-1.393038869177112105e+01,-1.568417168391569838e+01,-2.161759428941566696e+01,-2.468510552399031255e+01,-2.216649204356069802e+01,-2.312287257281878539e+01,-2.151464239877599027e+01,-1.774258471627271661e+01,-1.423741125514489170e+01,-1.480768005720531733e+01,-1.396164830586382521e+01,-5.397648012820090990e+00,-4.144846205023750230e+00,-6.224524673557918497e+00,-3.970925073928505356e+00,-5.949497688305742216e+00,-3.241909471475554749e+00,-1.621384420994009812e+00,-3.424422710678959536e+00,-1.102154503068851099e+01,-1.310534516181654574e+01,-1.185669624077454820e+01,-1.556588837845634821e+01,-1.860706879892422094e+01,-2.212725497748105496e+01,-1.614664612289603340e+01,-1.402420150414677913e+01,-1.693946857033795084e+01,-1.728321711798660587e+01,-9.615549687210840801e+00,-8.220847415958196791e+00,-1.056262655567576836e+01,-1.281860474138769490e+01,-1.079795961707602991e+01,-5.988450365212127480e+00,-3.458331471351721920e+00,-1.387684530320840270e+00,-1.149222276873801185e+00,-3.425025186437459457e+00,-5.432228378894675025e+00,-9.219811403114377413e+00,-1.298371897398970454e+01,-6.977936808844559025e+00,-4.783429340324328649e+00,-4.585270804417042712e+00,-6.941841258347489330e+00,-1.373849346437527075e+01,-2.316011944617934049e+01,-2.601581918192273690e+01,-2.599671212043471158e+01,-2.666254844556328152e+01,-2.374179134842093575e+01,-1.658196157535523696e+01,-1.229560020361237882e+01,-1.429342125117323725e+01,-1.490857290129625135e+01,-1.591058574196036624e+01,-1.821700315439064255e+01,-1.373916388649976916e+01,-1.332950382742262896e+01,-2.205995982293864088e+01
-1.249688350244332824e+01,-1.388316718949616480e+01,-1.675131673667267052e+01,-1.146540370242286322e+01,-9.255433766896487668e+00,-9.951984779525348657e+00,-1.141434817004749824e+01,-1.567552351405602451e+01,-2.331495265014298823e+01,-1.567408028267722031e+01,-1.198587070257609177e+01,-1.128228918286680305e+01,-7.533004140125886039e+00,-6.047126246886398881e+00,-5.736281104840849743e+00,-5.189054979110947485e+00,-8.204846775429395223e+00,-9.952552251233399261e+00,-1.182907124967065471e+01,-1.273822747114050458e+01,-1.507450847953330531e+01,-1.268400442054253574e+01,-1.000114047891311131e+01,-4.524774909929464961e+00,-2.928249896596406110e+00,-4.755024798726307900e+00,-9.113893302797361429e+00,-1.875935828776760061e+01,-2.462934683843423400e+01,-1.938667733978679308e+01,-1.283459465922290121e+01,-1.205413503637750594e+01,-1.508351768337133336e+01,-7.541318364043272382e+00,-3.837854220041336806e+00,-3.066571097700138804e+00,-5.728085965145635505e+00,-1.419945715538418085e+01,-1.030571857663511359e+01,-3.171904461330357528e+00,-1.426543428439945638e+00,-5.631883247256926239e+00,-9.546277868497462293e+00,-3.935908460321317026e+00,-3.017169757994986767e+00,-4.451593595379181423e+00,-4.839197621090721491e+00,-9.445793113408198494e+00,-1.201720958584137477e+01,-8.104093800064260833e+00,-9.246674936008817625e+00,-1.103007539424277361e+01,-6.001680080558507768e+00,-4.459065730466670985e+00,-7.538069033668241659e+00,-1.421062939949618098e+01,-1.198027302745644285e+01,-6.038117603235344966e+00,-2.455339981552270512e+00,-3.956312990416808173e+00,-4.030631399890523880e+00,-2.037307202225934866e+00,-7.587058337135169417e+00,-1.734004212244776255e+01,-1.729232461306884971e+01,-1.507137687515666435e+01,-1.330713349808263501e+01,-1.211958265987061445e+01,-1.571854654523252570e+01,-1.395302776889946550e+01,-1.624274537490524395e+01,-1.411578756980313543e+01,-2.340984941438864197e+01,-2.605243664297438855e+01,-2.668825888906726362e+01,-2.643827742838677608e+01,-2.557475975633577647e+01,-1.977816201894338022e+01,-1.237414016614433443e+01,-1.179732143378439702e+01,-1.430416414255404334e+01,-1.796455979711226902e+01,-1.388871013572197910e+01,-1.176077987310540607e+01,-1.780889857088336470e+01,-2.003983964628845627e+01
-1.077713630763629027e+01,-7.609493490393835380e+00,-9.168582119104517147e+00,-1.552594756352082506e+01,-1.995569448616668495e+01,-1.639958671577103999e+01,-1.285841165062125491e+01,-1.771364021483268303e+01,-2.014370254523881343e+01,-1.417634404069594822e+01,-1.000283712376165113e+01,-1.153144583447288873e+01,-6.673018901402713254e+00,-2.843798719744645709e+00,-4.892637068533715272e+00,-5.801170793198447306e+00,-3.193074307368911846e+00,-3.496913761582993274e+00,-8.905855981220724971e+00,-1.294008868909974197e+01,-1.136432196984764254e+01,-9.858797253543183814e+00,-7.659373467205134567e+00,-7.625022714374629196e+00,-7.682677904158148330e+00,-3.407189791439143800e+00,-5.871563453568529489e+00,-1.664442761617762301e+01,-1.635004994341435491e+01,-1.552436584734734737e+01,-9.303880787077750014e+00,-4.478325981675213896e+00,-2.982266364405855796e+00,-3.970860309500730878e+00,-5.518247333383685671e+00,-4.954249334784637249e+00,-9.526207908874249952e+00,-1.622854949681813608e+01,-7.556711270153977367e+00,-2.549307939390303535e+00,-2.686601998924298851e+00,-7.971094681163325646e+00,-3.680741981927568407e+00,-8.698288159514243612e-01,-3.138365146945735429e+00,-8.158453972740026927e+00,-3.588240890102531999e+00,-1.817039389549492512e+00,-1.292651610434737863e+00,-1.417486272621651056e+00,-2.906451219875447300e+00,-2.685931781093582771e+00,-2.827861781480885739e+00,-4.160583935237226250e+00,-2.654142634616098118e+00,-2.710541328457930721e+00,-3.001302651890361606e+00,-2.494861760310906895e+00,-2.926538582075429717e-01,3.723522407677689050e-01,-3.070280520975027905e+00,-5.736010314512799191e+00,-8.624353264124339447e+00,-1.980545667109598540e+01,-1.666846637507431339e+01,-8.660613758873394019e+00,-3.635766973660348622e+00,-1.757874477942623415e+00,-2.254716820884691497e+00,-4.829281040161620631e+00,-7.880700693785689381e+00,-1.324685820732407926e+01,-2.296746294917041098e+01,-2.485505432390984737e+01,-2.470745966361679180e+01,-2.530782797955374619e+01,-2.573961605734497482e+01,-2.021205891179674552e+01,-8.671112926406713939e+00,-2.622001754111105587e+00,-1.007688194367579504e+00,-9.814704018427264920e-01,-1.928839441864948601e+00,-6.303964778064671926e+00,-1.341650358229193074e+01,-1.819979844384521073e+01
-1.567319436109703013e+01,-8.670426903790190210e+00,-7.320455352768643564e+00,-1.013890314102172852e+01,-1.204539232126629145e+01,-1.038111916298174719e+01,-1.120487281202360030e+01,-1.558952462036191022e+01,-2.257241909194538465e+01,-2.080811842343279494e+01,-2.002210537531903611e+01,-1.340290279606826473e+01,-6.290422601781728851e+00,-2.958431306686110318e+00,-4.352375132323221152e+00,-8.326975180447556468e+00,-1.332218536575332024e+01,-8.664008884939528699e+00,-2.465643528607169177e+00,-2.213304552035997297e-01,5.492195236773891182e-02,-2.564710282693965393e+00,-4.348435812007692469e+00,-3.121350282237985940e+00,-4.752663983984757756e+00,-4.565371794640335601e+00,-2.043123709507115748e+00,-3.513066853531671807e+00,-8.422893608116922337e+00,-1.748429250353165187e+01,-1.042833843485999701e+01,-6.020071725808937124e+00,-8.664197947346528039e+00,-6.163538457555625349e+00,-6.566033866672371211e+00,-4.950335828630068491e+00,-8.311480433431290393e+00,-1.660072107533462216e+01,-1.422715075052421518e+01,-1.269744198257459011e+01,-5.319333149049118248e+00,-3.193959890432897630e+00,-4.042017777972030323e+00,-5.226437611057501265e+00,-6.530655725766684405e+00,-9.230622964050933632e+00,-9.001052436027817905e+00,-7.735033847114341832e+00,-1.754493980753797144e+00,-4.352945208812545097e+00,-1.330995885561440772e+01,-1.127048695223932029e+01,-1.146007513362942731e+01,-1.346385416001763957e+01,-1.034736043556045892e+01,-8.282301453233674948e+00,-1.165949022360430476e+01,-1.251707764481770191e+01,-5.907153951516019852e+00,-2.156548165883300339e+00,-4.514602608992967170e+00,-6.025436295011571630e+00,-7.952736213462043402e+00,-1.875403022402115383e+01,-1.823335989922967570e+01,-6.236036960973994070e+00,-1.001638735573398220e+00,-8.669535617028827357e-01,-5.404799980039882712e+00,-7.119573039351073440e+00,-6.533186397479690655e+00,-1.274672998908821775e+01,-2.202477057835528029e+01,-2.299178005174826112e+01,-1.882800387562686240e+01,-1.495049499646397884e+01,-1.459074799341099826e+01,-1.468901209066842384e+01,-7.708825393942476012e+00,-3.263162133131062514e+00,-2.064967290866224214e+00,-1.567053409979344503e+00,3.379024910031398488e-01,-1.673587678798242440e+00,-6.569444847243432584e+00,-1.493944069629407068e+01
-1.905009123387227632e+01,-1.414972142044824466e+01,-1.385430371943320971e+01,-1.694442701612720015e+01,-1.746598282479147812e+01,-1.406070200450547780e+01,-1.338234356796468560e+01,-1.634223119175161187e+01,-2.330562182601171628e+01,-2.676016703452772916e+01,-2.243537316613524979e+01,-1.378932879262298172e+01,-8.125474256413584229e+00,-5.779726345802991716e+00,-6.673715358017054733e+00,-1.063449523876641578e+01,-1.524417539862275994e+01,-9.444511355334565650e+00,-9.945154043554349954e+00,-9.498175801529782802e+00,-2.184693742721192322e+00,-5.787989485173868909e-01,-4.268087570326231983e+00,-1.302034089014730434e+01,-1.162454628489399688e+01,-7.903019196887052900e+00,-2.298211598925235410e+00,-3.424335813931836281e+00,-7.795484670587168097e+00,-6.822673917982641889e+00,-3.736960895277758876e+00,-2.692790674571772680e+00,-4.117735586776078094e+00,-2.704730606929377945e+00,-2.665492746730171447e+00,-4.897119014659001124e+00,-9.121401430541322242e+00,-1.409608163451420459e+01,-1.928454388552949794e+01,-2.003047116840158637e+01,-9.592322842765399926e+00,-8.935163133016979842e+00,-1.212119482582762053e+01,-1.215676260426754318e+01,-8.817521834077725273e+00,-5.374530236912137937e+00,-2.457269119501348520e+00,-7.127114266476181070e-01,-2.491035984573132023e+00,-6.522656493287049884e+00,-7.500174718503733295e+00,-8.024747116420105186e+00,-5.881153629253838666e+00,-8.093258674135645592e+00,-9.645037567342511053e+00,-1.135424773474685978e+01,-6.654579895598287997e+00,-1.870520507869708693e+00,-1.644823391838283522e+00,-7.131721091463820272e+00,-3.923740126135695228e+00,-1.676441326044688207e+00,-6.137348429847309994e+00,-1.791055465017566206e+01,-1.586278791464012095e+01,-9.222276072010739512e+00,-7.245187099767095518e+00,-8.246533797897455997e+00,-1.344306899209058948e+01,-1.696455959782345602e+01,-8.256983362991391573e+00,-7.137587360525858848e+00,-9.851967512196257104e+00,-1.156443041517534276e+01,-1.203774948520514876e+01,-7.459879516986489989e+00,-4.557699249218438275e+00,-4.940871701213239930e+00,-6.219101558292137177e+00,-3.238741891769663983e+00,-5.473071261117135045e+00,-7.429591599027164150e+00,-1.005430974379068054e+01,-6.489853096372298680e+00,-1.080651540792625376e+01,-1.705964111735802646e+01
-2.613191949502202505e+01,-2.539574704461425370e+01,-2.509718200632634222e+01,-2.569632097418981687e+01,-2.612603096743576359e+01,-2.604769464849515614e+01,-2.505373837383648805e+01,-2.569981255968108513e+01,-2.493343587868086431e+01,-2.747309828896558770e+01,-2.191973678210309373e+01,-1.515505233611769320e+01,-1.747184780535807036e+01,-1.827743177741538361e+01,-1.792637071900695389e+01,-1.906561386494236032e+01,-1.257645393782899568e+01,-1.426306975706843083e+01,-1.655436798452420888e+01,-1.199569135221816119e+01,-9.410887876994737056e+00,-1.046838519090914588e+01,-1.132190441493769661e+01,-1.459752058527851837e+01,-7.544063415812001239e+00,-9.372747121498749001e-01,-2.885216759777279316e-01,-5.174979828923713221e+00,-4.954296838150907156e+00,-1.125381473397477405e+00,-1.492951239638727223e+00,-8.323782614851726436e+00,-9.127890558415696631e+00,-8.360538663072439647e+00,-1.519700625243077674e+01,-1.899905629831415865e+01,-1.821005834149950431e+01,-1.699229054414589157e+01,-9.392143107097567167e+00,-7.198727891645358312e+00,-5.793047333491667672e+00,-7.535881362343562095e+00,-2.905251465257495447e+00,-8.962758089493931546e-02,-3.293008608068161980e-01,-5.794367343301081164e+00,-9.218170488580264887e+00,-3.322097930093899976e+00,-2.517916585254760253e+00,-4.330753599403724508e+00,-2.464069870702268350e+00,-6.113348108894042454e+00,-5.477568568221029999e+00,-6.002519294470264333e-01,-1.882442211073655391e+00,-6.633776355790727663e+00,-4.895470015761506311e+00,-1.525152845425932879e+00,-1.868824886613106084e+00,-6.711568396282560300e+00,-5.475764910455878542e+00,-8.370625088915569778e-01,-2.097209115855694250e+00,-9.692242648765331481e+00,-1.440868897747447441e+01,-1.442216218245848403e+01,-1.657617076844659465e+01,-1.393248485699864680e+01,-1.582379771279924618e+01,-1.165122805478918622e+01,-5.199500737299445952e+00,-2.547728225930046442e+00,-3.366275169239699494e+00,-8.256157695337106972e+00,-1.529259949877061864e+01,-1.075467606582714453e+01,-8.933094372276132233e+00,-9.519269842910402346e+00,-2.690594159682967224e+00,1.192197678376074599e+00,1.161922452232471148e+00,-2.087198612844048728e+00,-6.874679923285055061e+00,-7.094478231349974351e+00,-8.798722074232028234e+00,-1.390208138764359624e+01
-2.459091831345594414e+01,-2.912028875423751728e+01,-3.005439004097275912e+01,-2.937452786387378012e+01,-2.797328149817371923e+01,-2.853977483283472338e+01,-2.682462284037175237e+01,-2.777783899634848908e+01,-2.371684683734224208e+01,-1.980330441744272818e+01,-1.854822495147472239e+01,-1.559326571726617061e+01,-8.607908654303951579e+00,-7.040013551029540295e+00,-9.850600844576158366e+00,-1.036270251700953260e+01,-6.288390734951004646e+00,-6.884233395334418582e+00,-1.352332064577641368e+01,-2.152496138601812703e+01,-2.251659114306209730e+01,-2.349686884516068019e+01,-2.489461113842389040e+01,-1.743661948287759955e+01,-5.099488725473407591e+00,5.307113950963679438e-02,3.470027287675508249e-02,-5.224892478521543815e+00,-6.653743183339825507e+00,-2.905091913356552258e+00,-3.106658939129978592e+00,-9.644725420547805683e+00,-1.056272453615683560e+01,-1.152119219121132154e+01,-2.162091214238232340e+01,-2.338610381570481067e+01,-2.142418212017030044e+01,-1.516488593771257420e+01,-7.666106688612289943e+00,-4.001209537264045046e+00,-3.588565449905759319e+00,-5.237772093190036671e+00,-2.302501960444256923e+00,-1.395419641589845439e+00,-3.595554837084298239e+00,-1.066649278520627853e+01,-1.553421300877141675e+01,-1.211069212888033420e+01,-6.049358722135310451e+00,-7.347505752935663992e+00,-5.734548341795687953e+00,-5.298846025563748174e-01,1.026727914357182803e+00,2.855111697541180219e-03,-4.527851281638740844e+00,-1.339175335869534322e+01,-1.241901895745109918e+01,-1.079530024551253220e+01,-1.222556243325007763e+01,-9.674091785008670286e+00,-5.120249577151000153e+00,-3.100385127219421388e+00,-4.144942103223946184e+00,-8.520687474094273739e+00,-1.108828233671552432e+01,-6.616927993206577874e+00,-4.891600346974744440e+00,-6.357488231804534706e+00,-1.078448566953644416e+01,-1.499836597096829038e+01,-1.214854631260151230e+01,-1.221395876685171622e+01,-1.235709138817459518e+01,-1.287719500883845036e+01,-1.749223345927609685e+01,-2.325278449422530613e+01,-2.290572374649630305e+01,-1.555053264676159586e+01,-7.423223546841217768e+00,-7.280106315218651147e+00,-6.202639500857579868e+00,-5.202643179028998865e+00,-8.933218666387878315e+00,-8.744291292802067517e+00,-1.523786433416468533e+01,-1.993066887091134376e+01
-2.144776769994779286e+01,-2.980725276561183890e+01,-3.079777685922520902e+01,-3.010502037565216682e+01,-2.849892250454152887e+01,-2.412890614262063949e+01,-2.331078042692810470e+01,-2.371002355604681355e+01,-1.812278629441297539e+01,-1.229013616074132642e+01,-1.052263982059391445e+01,-1.022892937041421035e+01,-5.613085628465841914e+00,-4.423629831153017555e+00,-3.392846061265138768e+00,-4.038020967637395153e-01,-8.585886233482417085e-01,-5.456186625338692586e+00,-1.557524978386536851e+01,-2.187685691491338247e+01,-1.921603896235691522e+01,-2.038092787939173434e+01,-2.366853281377835927e+01,-1.855819183815526685e+01,-8.641989839440993748e+00,-5.013537879045057544e+00,-5.601824829409979500e+00,-8.634445480177648236e+00,-7.476599247855994612e+00,-3.778384600847760399e+00,-1.991256593330230085e-01,-1.316732242081593451e+00,-4.789958778683465646e+00,-7.061177211863394199e+00,-9.741598736238843870e+00,-1.204137615347636547e+01,-1.393867065069329669e+01,-1.462893685129762567e+01,-1.361297109472842592e+01,-1.503499997026137791e+01,-9.271965713901373363e+00,-1.157431740364955530e+01,-1.218161917620032852e+01,-1.354716828215213198e+01,-1.038526577894924330e+01,-1.283663980287449924e+01,-2.138220267623435333e+01,-1.676218347513038864e+01,-8.837253773485430841e+00,-4.835916547602369775e+00,-2.467732268918789273e+00,-3.570655854559283249e+00,-8.687344384768920236e+00,-7.895938923141655685e+00,-1.025166029602516637e+01,-1.867585656479114675e+01,-2.126747489339522801e+01,-2.319816464868210559e+01,-2.378171551864565814e+01,-1.226121932495641431e+01,-6.638510187618605229e+00,-1.051008525559010387e+01,-9.779387689728773481e+00,-9.750244294414082802e+00,-1.219764312078024560e+01,-5.943852062216241627e+00,-5.497055555345448319e+00,-8.636925144959951339e+00,-1.038556993553656582e+01,-1.755703442515307700e+01,-2.496072431011054249e+01,-2.671299126312023020e+01,-2.557377314021569248e+01,-2.495220169402260879e+01,-2.468739855744456690e+01,-2.695002257368946630e+01,-2.247815029129727193e+01,-1.468104746687503237e+01,-1.883300478585803717e+01,-1.698196337241252962e+01,-1.127501694482701389e+01,-7.835439336208897210e+00,-6.558708036673888131e+00,-6.545657105573260637e+00,-1.145195724490944578e+01,-2.086439046422943733e+01
-1.903684726198211052e+01,-2.491289068542364049e+01,-2.650733492028622251e+01,-2.639001523629399770e+01,-2.464420438904798516e+01,-1.828939240579386549e+01,-1.088381386895216174e+01,-9.033993630463839963e+00,-7.509988084094215033e+00,-8.325742235620513298e+00,-1.412223483314950911e+01,-1.331936375148423757e+01,-9.666031633624593056e+00,-1.260629059704205446e+01,-1.163358008497543850e+01,-3.956486808953678658e+00,-1.775359894938141281e+00,-6.437026202906179329e+00,-8.752872615370131726e+00,-6.272124101187436906e+00,-7.290247700369085315e+00,-1.315883819656517595e+01,-1.838165638647006617e+01,-1.717265333383138071e+01,-1.822914069390478886e+01,-1.781215060485228463e+01,-1.480666885303176983e+01,-1.180346513613489812e+01,-5.749562685271255802e+00,-3.812982195261923835e+00,-4.338117911043143593e+00,-3.426169917312670954e+00,-4.881825037016213287e+00,-7.260132130320745780e+00,-2.668537788124193177e+00,-3.464630168301003454e+00,-9.991880573502934126e+00,-1.033412301039877690e+01,-8.814046280984660697e+00,-1.441818538694891316e+01,-1.221272899540326051e+01,-7.875556380921647559e+00,-6.015500947719312208e+00,-3.686785535090638444e+00,-3.211416841548590195e+00,-5.183954197771221573e+00,-9.305390420305819532e+00,-1.440901496392170067e+01,-1.354694250430769564e+01,-9.138083234088110629e+00,-1.107539333641984136e+01,-1.192082901901871139e+01,-1.225801730337943773e+01,-1.634592151186848241e+01,-1.727390579685910055e+01,-1.417319148642416238e+01,-1.764955636199194089e+01,-1.896491094763952390e+01,-1.832703080523105044e+01,-1.178685447823910337e+01,-5.250459535886313311e+00,-2.980901126415675062e+00,-4.649323486644803438e+00,-1.011552305758454473e+01,-1.022142190423630659e+01,-4.835604000751298592e+00,-6.260036624569929486e+00,-9.721031035630756989e+00,-1.032057116504843997e+01,-1.902026828554750537e+01,-2.709307083282761752e+01,-2.770121737836881337e+01,-2.697695835856081104e+01,-2.532512558871553310e+01,-2.503275600098471543e+01,-2.685175411391804090e+01,-2.179026840297320433e+01,-1.376000945622684313e+01,-9.873825431780050010e+00,-7.619722834525217259e+00,-7.823937720469846369e+00,-1.313246995074148415e+01,-1.320566863322076046e+01,-1.135942417428693751e+01,-1.270231509299678585e+01,-2.053465031121523410e+01
-2.252721031749521430e+01,-1.788578806760656903e+01,-1.405753931926406963e+01,-1.374797220994497948e+01,-1.599232050116735593e+01,-1.828759995671628857e+01,-8.764546732866127954e+00,-3.083930698401145420e+00,-3.229951359957229151e+00,-9.771719504858701555e+00,-1.140951636547350745e+01,-9.959839653422815076e+00,-1.293548833504887874e+01,-1.741253571473915329e+01,-1.449536146189420194e+01,-1.309353564213250465e+01,-7.616055950408673780e+00,-3.613818857619780722e+00,-3.061738312926911121e+00,-4.594898142233376781e+00,-2.876947964619816833e+00,-2.786487247055495775e+00,-5.586121313672029132e+00,-9.920392808113389194e+00,-1.837785858962372032e+01,-2.723570114965657396e+01,-1.860434143415844233e+01,-1.072468611575265030e+01,-1.282086538813496368e+01,-1.413230725372110541e+01,-1.240501897571651035e+01,-1.035721634999486263e+01,-1.214767901224034397e+01,-5.123837448485934587e+00,-5.025511353297997807e+00,-7.368974902702651875e+00,-2.741438599488207561e+00,-2.578916349483810322e+00,-5.766930107851974796e+00,-1.071660865172175114e+01,-1.145888885923924327e+01,-5.608166507182230198e+00,-3.826320532993733536e+00,-5.713430226816020863e+00,-7.426151393308439097e+00,-5.417188095625575350e+00,-6.589414342214133136e+00,-1.158769930137022719e+01,-1.957321462922423905e+01,-2.232457115267979120e+01,-1.730072098833914040e+01,-1.063325590668743814e+01,-5.471580876648880931e+00,-4.595705664794863310e+00,-6.799593982805732573e+00,-1.261457779389301415e+01,-1.718039966539572205e+01,-8.762417501620664240e+00,-6.484818875462613263e+00,-4.264117133098952905e+00,-3.336094145499568064e+00,-9.623258868701585200e+00,-7.623551456982852415e+00,-3.323549338993225355e+00,-2.833897021378724457e+00,-4.817502328230224506e+00,-4.867060738437958278e+00,-6.082884999176927820e+00,-1.215885237428068244e+01,-2.014051810839703904e+01,-2.524333943665482494e+01,-2.386334297311215025e+01,-2.487426516117940523e+01,-2.281734363177350389e+01,-1.600877551450074066e+01,-1.395365605827506350e+01,-1.320326517556459933e+01,-1.320463439799447158e+01,-6.551392991124219023e+00,-3.185489642938584609e+00,-5.308138360958973401e+00,-1.362595003160811480e+01,-1.896755159538210833e+01,-1.377364175374271227e+01,-1.115349287932155775e+01,-1.528785150287715489e+01
-2.535182074190096202e+01,-1.843541601595987700e+01,-1.407816206771908796e+01,-1.437130756050575719e+01,-1.480263719849914139e+01,-1.882263018884731665e+01,-1.510505288065844809e+01,-6.948818149229952112e+00,-2.498096691060612162e+00,-2.944032661104930337e+00,-8.230291009404277602e+00,-1.851913313101266212e+01,-2.195370200390124182e+01,-2.284356645591386226e+01,-2.292497118192774508e+01,-2.413309952138944325e+01,-1.736949216318494393e+01,-1.373003372163262981e+01,-1.379317512721505778e+01,-1.454791061659805607e+01,-9.753678600296719736e+00,-6.744707289429110908e+00,-6.182998696697577401e+00,-1.011917495272541778e+01,-1.895939725591936309e+01,-2.801098539265057497e+01,-1.873318383711895052e+01,-1.021868318091821948e+01,-5.904853022508039118e+00,-4.725562464189893674e+00,-5.721906770731656877e+00,-1.087714158669682796e+01,-1.504808196675686460e+01,-6.253423569311622465e+00,-3.545830730832260080e+00,-3.585914291782688501e+00,-4.845970068951599430e+00,-1.075770789953588569e+01,-1.627999290164190427e+01,-1.555431872105780400e+01,-1.530601216727540681e+01,-1.509585657374549506e+01,-1.650190358216525865e+01,-1.364110159145966783e+01,-1.547088436497986841e+01,-1.838866983388216525e+01,-1.396178002939879370e+01,-1.649895451724074391e+01,-2.407437111221197057e+01,-2.241763441617252184e+01,-1.867066110909440013e+01,-1.006832854711372427e+01,-5.573724809493727506e+00,-4.884952781992104143e+00,-7.532819805709459970e+00,-1.281168796087949246e+01,-1.744780605439921217e+01,-6.850426545807423828e+00,-1.134049384607684674e+00,-4.743900202771911823e-01,-4.490317082245841362e+00,-1.316780330934597387e+01,-9.156251777219408083e+00,-7.385094578939539467e+00,-9.000025109707854298e+00,-1.370411795878228389e+01,-1.097808662716668948e+01,-8.595773433000987396e+00,-1.247804393977609294e+01,-1.093990855362579140e+01,-1.168416223817199295e+01,-1.710976304443737916e+01,-2.222412707423435663e+01,-2.106778299899501761e+01,-9.773598907558062265e+00,-3.438666474113448945e+00,-2.228958871659915353e+00,-3.941064687483083695e+00,-8.618956728745962081e+00,-1.126134380220456954e+01,-5.958493556230123112e+00,-5.117768190289271324e+00,-4.611346196127302122e+00,-5.209071613450086957e+00,-9.818989106716999871e+00,-1.858826192826715129e+01
-1.813354752081951204e+01,-1.773436499187964444e+01,-1.811663690960134332e+01,-2.324120195403353861e+01,-1.767599746653142034e+01,-1.125337307780753626e+01,-1.239089166435576495e+01,-8.229325374574152363e+00,-7.814278911088258894e+00,-1.104758057157501838e+01,-1.077202505055274706e+01,-2.019900061429001781e+01,-2.775930496208540532e+01,-2.763648086649770974e+01,-2.491220091317446261e+01,-2.545523625839757642e+01,-2.503369414351368505e+01,-2.458024207326291943e+01,-2.251370351005146375e+01,-1.995299117801753752e+01,-2.030380031170735933e+01,-2.122972739197825831e+01,-2.076582019474670204e+01,-1.940656037458026617e+01,-1.973483811443998448e+01,-2.696821431895248722e+01,-1.962177883031714032e+01,-1.218400748267428568e+01,-9.390213687001294218e+00,-9.378447065826589935e+00,-8.783826241056427619e+00,-1.140253481883129005e+01,-1.212274098851298554e+01,-8.858485272367492058e+00,-7.208882801632844561e+00,-7.921324462153529034e+00,-9.488354789846725978e+00,-1.615607120062558621e+01,-2.425084338479369706e+01,-2.056054992894179989e+01,-1.612312192680271394e+01,-1.715490524550430607e+01,-1.264424627564335601e+01,-7.253367293355915457e+00,-5.733432988738392133e+00,-9.865266861578890101e+00,-1.316264579268812263e+01,-1.200576683947148204e+01,-1.164375576672663293e+01,-1.371813527136358601e+01,-1.679561486680999138e+01,-1.196012240693769435e+01,-1.040888972819306524e+01,-1.407690723979746039e+01,-1.277249715437415922e+01,-1.579880844909726179e+01,-1.244505606898824723e+01,-1.073146529325092047e+01,-6.473537269126595106e+00,-4.522993177118647345e+00,-9.495894498952472063e+00,-1.467697113524866381e+01,-1.884043723754300359e+01,-2.006987987765829118e+01,-2.085197931755590162e+01,-2.161557151343076200e+01,-1.530011852915960446e+01,-7.441821140642384869e+00,-3.787466738060230487e+00,-3.338595415742797723e+00,-6.166830740357172935e+00,-1.160543129462322121e+01,-1.094444363262817177e+01,-7.646722106305697153e+00,-2.613246843677355269e+00,-6.839276642462182032e-01,-1.791222549501259032e+00,-3.081211099824121558e+00,-5.615278990441606055e+00,-1.103901593967248473e+01,-8.320476915886384717e+00,-6.513122721255280467e+00,-8.433021362728744919e+00,-4.119810998212289910e+00,-6.051378758354041487e+00,-1.276335007816780553e+01
-1.219326551451937846e+01,-1.390789425100079058e+01,-1.959435189771288321e+01,-2.513889008623953103e+01,-1.628767130302108868e+01,-8.552290054223009363e+00,-3.381205560198722093e+00,-2.306606533139133663e+00,-5.492497011638808324e+00,-1.109057779621531914e+01,-1.632868769969649136e+01,-2.276472006681311200e+01,-2.675298181744932080e+01,-2.622058346617312807e+01,-2.400533341997452297e+01,-2.499190458996605457e+01,-2.469686071381314107e+01,-2.340721061211505827e+01,-2.153286971026704677e+01,-2.318884010715338917e+01,-2.461925518057728368e+01,-2.645275913668042733e+01,-2.379035708012471773e+01,-2.271752229355673691e+01,-1.749249659603788487e+01,-1.526354118794885295e+01,-1.587366861605462276e+01,-1.261673504341649732e+01,-1.445625237472184743e+01,-1.976148423893761219e+01,-2.383728876550689080e+01,-2.374887147932562215e+01,-2.232421343927164870e+01,-2.327218236086022785e+01,-2.389391289230521309e+01,-2.092924229061330621e+01,-2.249120037610294176e+01,-2.165723952264276164e+01,-2.265547780226205177e+01,-1.850892560536624742e+01,-8.038696314542347565e+00,-3.983054769584439825e+00,-1.479817443418030898e+00,-1.709378318503882999e-01,1.991199173278953849e-01,-1.631849873006763207e+00,-4.395370456326098463e+00,-3.001847426172431277e+00,-3.174878581988675119e+00,-6.357430581941859060e+00,-5.634998007471324399e+00,-2.454943606777264087e+00,-2.015632904106253509e+00,-3.466401487517789093e+00,-7.457816769603554441e+00,-1.235531427569061691e+01,-9.228864415001323707e+00,-6.983199613239928993e+00,-3.791185937082494295e+00,-3.121488479257540138e+00,-7.672950665573127438e+00,-1.190574057502601057e+01,-2.050152167837128303e+01,-2.507155625328762838e+01,-2.267157945378136219e+01,-1.893653445207435837e+01,-1.925871238999694413e+01,-1.177729362567872506e+01,-7.833095376728144821e+00,-1.103102815424212935e+01,-1.285332959207869585e+01,-1.357403372353269866e+01,-8.771966604786065602e+00,-4.747685152553875021e+00,-4.775830636383923355e+00,-8.965361891982665199e+00,-1.798948204608364065e+01,-1.572804070838535040e+01,-8.414039559946715485e+00,-3.478481790321018785e+00,-1.816572927507280388e+00,-2.222044752139370694e+00,-2.840647034858929221e+00,-4.107245309434774505e+00,-8.165735070942012896e+00,-1.385486104561172382e+01
-2.042916044206109660e+01,-2.384840287143037685e+01,-2.160642604245484222e+01,-2.175569966549181800e+01,-1.765144406930181020e+01,-1.698354005995597404e+01,-1.154243630989817326e+01,-3.940106172711794752e+00,-2.987140822842830890e+00,-7.827891462176810755e+00,-1.656860904748203112e+01,-1.546872299227095660e+01,-1.671869508000730420e+01,-1.813936237251485650e+01,-1.481139030802340883e+01,-1.354742616460523585e+01,-1.140419461458693995e+01,-1.144276968895933955e+01,-1.266840976795167428e+01,-1.620172705177132499e+01,-1.415394572720272848e+01,-1.327609433973108466e+01,-1.233343937378803368e+01,-1.305896337068717905e+01,-1.451261596006291477e+01,-6.996660015055241821e+00,-3.763390224171048626e+00,-3.985669371735958588e+00,-7.955453101915257896e+00,-1.612138314465530087e+01,-2.609943620849201551e+01,-2.451753012642605611e+01,-2.223499891048169275e+01,-2.252318244854002671e+01,-2.334293911475261751e+01,-2.095185000659855135e+01,-1.541161057512268684e+01,-1.372652939075732093e+01,-1.172430716671106410e+01,-1.202897037440583894e+01,-5.077638134246564405e+00,-6.850239091520802237e-01,-1.900104319852935042e+00,-4.931500852352606934e+00,-1.549121992086692989e+00,-4.336174542350936356e+00,-1.107462254962848291e+01,-1.172314261275393399e+01,-5.419673697411559132e+00,-4.348912579981424997e+00,-7.855897951558346470e+00,-5.590147855684502787e+00,-7.044269172368101906e+00,-7.714264159552923772e+00,-7.406960780838973690e+00,-1.283523395862288119e+01,-8.257395619654474217e+00,-5.612678907299769371e+00,-8.274605776631196008e+00,-2.759172304298814105e+00,-1.137116811048054732e+00,-3.714469695099423152e+00,-8.000006375180287677e+00,-8.003421455051640265e+00,-8.350739290956887828e+00,-7.257544768320125961e+00,-6.869032578500172903e+00,-8.601475315239593300e+00,-1.468220908041218742e+01,-1.433714971651557768e+01,-1.209253178116019534e+01,-1.294776767992791378e+01,-1.019482248248034750e+01,-1.208426343666688219e+01,-8.852941468471788866e+00,-7.995759889369702833e+00,-1.586234590206437467e+01,-1.819816778816339564e+01,-1.274315616556706310e+01,-1.287966536156093866e+01,-8.994677768238172888e+00,-1.078236626845052193e+01,-1.497200572308693189e+01,-1.325019308856425404e+01,-1.669245716269689694e+01,-1.975996165603171661e+01
-2.417425642122748997e+01,-2.773349474950601135e+01,-2.752524657467849423e+01,-1.852560520354117912e+01,-1.523396390085001961e+01,-1.670259420380337545e+01,-1.054515462067291054e+01,-4.232233374400903081e+00,-4.002660106156618269e+00,-9.704325196397213915e+00,-1.114920007636528965e+01,-8.486742525610305066e+00,-6.828758698383360581e+00,-9.606162161772488162e+00,-1.132004791111436504e+01,-4.812898527574903440e+00,-3.055742359417135123e+00,-4.263001548652430195e+00,-5.153661395757253239e+00,-1.032222437497071965e+01,-7.216530944855229279e+00,-2.764819121050456463e+00,-2.876826814631753937e+00,-6.408367626084626067e+00,-1.166227613651115469e+01,-8.848537978325181186e+00,-5.693359793142508174e+00,-7.643700548483215229e+00,-1.021903127659368238e+01,-1.658452970926998304e+01,-2.730374106924042366e+01,-2.393735821556499133e+01,-1.381908086784013356e+01,-8.924539278936750364e+00,-8.081180277899020936e+00,-9.534820579390489215e+00,-5.068381955169091846e+00,-1.613703307734343895e+00,-1.814450636728691668e+00,-6.642613279682989536e+00,-1.018836764115413551e+01,-6.068512936072949948e+00,-3.767535582543812822e+00,-3.026768131909415516e+00,-3.738991484835118229e+00,-3.724420663594972147e+00,-6.554147637527407255e+00,-1.327968876780444418e+01,-9.801353400900163493e+00,-4.460090453843124081e+00,-4.225181794576062799e+00,-6.077367386972631458e+00,-9.625776470162486831e+00,-1.192487718312794875e+01,-1.438035544366326945e+01,-1.586441313765431183e+01,-9.867732169973940870e+00,-5.886960431819654005e+00,-2.486272059267258694e+00,-1.612387908164070627e+00,-6.785401840473859636e+00,-1.011026918148721521e+01,-3.216307654900308233e+00,6.511970809918565806e-01,1.081981484943517424e+00,-2.452455446659942861e+00,-8.179377502612485529e+00,-3.785328949538578680e+00,-2.963300855547715607e+00,-3.294088429167070675e+00,-6.203082872256067581e+00,-1.057417836717066884e+01,-8.399113704685037263e+00,-4.497410711896328905e+00,-3.362325578131748482e+00,-5.778466604593146094e+00,-1.285010075660152218e+01,-1.518476939747351651e+01,-1.052287024350566647e+01,-9.146257562036732125e+00,-9.878142028819514309e+00,-1.636339592933654785e+01,-2.371389278928742073e+01,-2.091334532235415011e+01,-1.623944516946341210e+01,-1.892514953904479569e+01
-1.490787769637945104e+01,-1.638144590108449350e+01,-1.928307282105657094e+01,-1.796246492589703081e+01,-1.299626411918465330e+01,-1.017991309493552698e+01,-1.196969387276481989e+01,-8.626154807687715476e+00,-6.416540078534424651e+00,-6.248942116289648574e+00,-6.728519125749136798e+00,-1.110074131725398594e+01,-7.583764163592389806e+00,-2.765713731740523151e+00,-2.591063124582683397e+00,-6.983546957259870069e+00,-6.429502097477439726e+00,-7.557747515558286722e+00,-4.064103322594163181e+00,5.602809789044895794e-01,1.284035481492551645e+00,-2.556577817466019198e+00,-6.203469034028417539e+00,-2.508310311623202171e+00,-4.115145133367476227e+00,-6.783141100679644708e+00,-1.127577946113266094e+01,-2.082311926998254847e+01,-2.196241994850508306e+01,-2.194266809579980304e+01,-2.817417398845876519e+01,-2.440628899872757884e+01,-1.214913691000174012e+01,-6.069594663063078599e+00,-3.473417784762746319e+00,-3.972904280510567432e+00,-5.640149817412775768e+00,-3.192702931346627526e+00,-2.911956757918455097e+00,-6.511160224448633294e+00,-1.427245769518932228e+01,-2.028002286776331431e+01,-1.624697623043569905e+01,-1.246364623535680494e+01,-1.372868104654414090e+01,-1.313656778963467531e+01,-3.879933186046039761e+00,-1.380317740052812381e+00,-2.005488941107364642e+00,-6.575694397888110387e+00,-1.048067330290342980e+01,-8.189354653576858212e+00,-1.458808339552114930e+01,-2.064881471186193806e+01,-1.298930453799153106e+01,-8.163493257215005627e+00,-7.751749524178396022e+00,-7.537478449462934549e+00,-2.580983499384961632e+00,-2.589208774240189914e+00,-6.604585319529962639e+00,-1.325910919950208644e+01,-8.241139733495602471e+00,-5.210543035454906047e+00,-6.786071204619467778e+00,-6.526769983982098289e+00,-4.147720530970405939e+00,-2.611764122156127854e+00,-4.123402185592345504e+00,-8.378858108670657501e+00,-1.168388853546317385e+01,-1.615799435495420155e+01,-1.316175120295459067e+01,-1.113557741341700158e+01,-1.166175989658778001e+01,-1.180454917627436551e+01,-1.420756784104208847e+01,-1.125660314996734002e+01,-5.856356947021629900e+00,-3.490195859365790909e+00,-4.574536470738985727e+00,-9.041673697929345721e+00,-8.465305074025655685e+00,-9.257417404014645967e+00,-1.507496774378623705e+01,-2.038300207189021052e+01
-1.178847341683074745e+01,-1.457610145779966437e+01,-2.027553818426059351e+01,-2.401076420208880080e+01,-1.937327982269170690e+01,-1.732056040436257049e+01,-1.202593163383826003e+01,-9.952888976412875621e+00,-1.134051820749544959e+01,-1.450535377200323239e+01,-1.280388545079995666e+01,-6.927177175310731627e+00,-9.342591681098209477e+00,-6.191200053646364054e+00,-1.731520251391350129e+00,-2.512047161200645640e+00,-4.318810642561839330e+00,-5.956482714369096598e+00,-7.012826804156977012e+00,-6.997654177205822279e+00,-2.156753733807478035e+00,-7.992642154259063103e-01,-3.230144792985533808e+00,-7.754011406470801226e+00,-7.019364671739003469e+00,-6.790876760282589686e+00,-1.194707518406496760e+01,-2.134032266922579524e+01,-2.628887853549636944e+01,-2.564774297211916476e+01,-2.753412971423782452e+01,-2.545180498916684186e+01,-1.655972573411373716e+01,-1.477392795886702181e+01,-1.598654206654497756e+01,-1.410906183947133741e+01,-1.656199217479647601e+01,-1.500955034803798149e+01,-1.189817880856171861e+01,-1.433035864720817720e+01,-1.976903049090436326e+01,-2.323397044371102638e+01,-1.766448983163324016e+01,-1.113108265672931196e+01,-7.402924393424551219e+00,-7.407896057851896643e+00,-2.014459694582855231e+00,-1.833672616674198341e+00,-5.524883496123615068e+00,-1.289861286778486438e+01,-2.244401775971623891e+01,-1.350083703849151817e+01,-6.633612916214775446e+00,-5.811721328775689699e+00,-2.859428289656541722e+00,-1.227287048031398209e+00,-2.735852356633981852e+00,-5.824801712090732053e+00,-1.077288637725451537e+01,-1.508424645434809008e+01,-1.481626326710213171e+01,-1.660313644572978831e+01,-1.720637023539943655e+01,-1.664960906523784701e+01,-2.147774661042308253e+01,-1.723240177321979871e+01,-1.417453639015896627e+01,-1.380114890714638065e+01,-1.508711148127344792e+01,-2.044756735008181536e+01,-2.444607987658667980e+01,-2.309368634951933785e+01,-2.303567501606832124e+01,-2.551361301291079897e+01,-2.610446750298711294e+01,-2.533300667864675759e+01,-2.279264517776838872e+01,-1.643193768544961486e+01,-1.539909425810093246e+01,-1.272663861490388015e+01,-6.303910120070435497e+00,-3.826239418437462625e+00,-3.878074515866869465e+00,-6.861009518608792490e+00,-1.298678734102321997e+01,-1.636863021450188427e+01
-1.897151575925695965e+01,-2.676850832873628505e+01,-2.417891027727199926e+01,-2.091448408228750466e+01,-1.478852962719575181e+01,-1.017180737693801262e+01,-5.007515959384787330e+00,-2.617033077361246907e+00,-4.346673092769302471e+00,-1.032039932895252754e+01,-1.848492836588211574e+01,-1.035937100421381274e+01,-5.158124871836363923e+00,-3.078396046320900581e+00,-4.725549697819102057e+00,-1.029845788853086574e+01,-6.651740713542654504e+00,-7.068101273693200959e+00,-9.671814382986257286e+00,-8.151590623928390400e+00,-9.226435392867518459e+00,-1.425109225761799436e+01,-1.118317704733091489e+01,-1.489935526866039162e+01,-1.969421243303604641e+01,-1.373883735132581485e+01,-1.492009174095765367e+01,-1.910314284754163339e+01,-1.875973712396985604e+01,-1.882232466908811475e+01,-2.638659480145869196e+01,-2.739412967667324850e+01,-2.558977647592093163e+01,-2.631846823401123459e+01,-1.989789898886935404e+01,-1.235136295820920438e+01,-1.003994987666151850e+01,-9.264519822506503743e+00,-9.173256508266652176e+00,-1.278716723518517107e+01,-1.204193010312000389e+01,-8.999813015224368939e+00,-9.468565698115879670e+00,-9.518966361994051439e+00,-4.428333821642489454e+00,-4.628922834736473035e+00,-6.671390818332442407e+00,-1.019148290771564369e+01,-1.798947162391575105e+01,-1.957635585406354295e+01,-2.244553275690734040e+01,-1.539520651875561441e+01,-5.000046383561068453e+00,-5.420558075478322246e-01,-6.263575633874035598e-01,-5.347254429005428022e+00,-1.565738984646687904e+01,-1.641162378460396454e+01,-1.962454575254717071e+01,-2.415288353330306492e+01,-2.493650605114361696e+01,-2.356927129512524743e+01,-2.579264147045048006e+01,-2.584244189917586354e+01,-2.642232345988732334e+01,-2.453716223112499506e+01,-2.542041275337452078e+01,-2.536118516121201694e+01,-2.593788616347858778e+01,-2.571165890366066620e+01,-2.637127641503137454e+01,-2.800360907671105792e+01,-2.675313408138187654e+01,-2.781517838521768127e+01,-2.670409999912931553e+01,-2.704455147444746999e+01,-2.601365709850806240e+01,-2.541403551684081208e+01,-2.467399058087181629e+01,-1.861042661339272186e+01,-1.548362070640534860e+01,-1.887918358904714822e+01,-1.255242088732828698e+01,-1.041043994262928329e+01,-1.396837809795641761e+01,-1.411380752261358396e+01
-2.268552216136728461e+01,-2.826300204801195548e+01,-2.671381193626928052e+01,-1.728338088516060722e+01,-1.225866963845172997e+01,-1.161651066241373620e+01,-9.997580449772245359e+00,-6.240216294147130860e+00,-5.929749071598052979e+00,-8.701148369385085957e+00,-1.557907919938327623e+01,-1.485177244257380913e+01,-6.313080425025852982e+00,-6.704767332732222584e+00,-1.213396202698918636e+01,-1.266373985232287680e+01,-1.092105327853719743e+01,-5.484109278398615395e+00,-3.314557704022367712e+00,-4.433991193998861213e+00,-8.014878098291294606e+00,-1.517261286364256812e+01,-2.096255328273045038e+01,-2.176614970287293716e+01,-1.950445776313315704e+01,-1.066922829305852716e+01,-5.950831567719294668e+00,-4.813127751966923995e+00,-6.227616761249440636e+00,-1.171009138522257409e+01,-2.511951381195592603e+01,-2.798850958947916823e+01,-2.670301459399798460e+01,-2.693571242121339893e+01,-1.711725421443240336e+01,-9.697470247290516099e+00,-5.475112495076565722e+00,-4.352256759204937708e+00,-6.061402259892179956e+00,-1.190836406027087691e+01,-1.209539311441756304e+01,-5.408749951206091033e+00,-3.033861496976313799e+00,-3.283753003327900988e+00,-7.008005799455497176e+00,-1.616809889651436905e+01,-1.899437386479996448e+01,-1.859095708104490186e+01,-2.212337906306026625e+01,-2.584507318489424321e+01,-2.188059075188090929e+01,-1.538094362775787971e+01,-1.112034604408358796e+01,-1.024716021221967388e+01,-9.184347916252285415e+00,-1.149855036407936559e+01,-1.831883602469931915e+01,-2.471425614102196278e+01,-2.512549855872875071e+01,-2.649597460077009003e+01,-2.597775749395821876e+01,-2.501494929262700140e+01,-2.659352633061299898e+01,-2.624625141930034289e+01,-2.578410645659643308e+01,-2.490083161383184773e+01,-2.487819367510671853e+01,-2.564885022804027415e+01,-2.501629510180640636e+01,-2.480336414038680104e+01,-2.401073736452874385e+01,-2.453070138246958365e+01,-2.460077832491343131e+01,-2.720925798124939377e+01,-2.612760687420386319e+01,-2.654922533035278320e+01,-2.587961734342211173e+01,-2.497843327595077412e+01,-2.343649178060866589e+01,-1.875630446790738759e+01,-1.499498181761676108e+01,-1.690136093765724823e+01,-1.057287131124780366e+01,-6.353229918097722084e+00,-8.175642955394192057e+00,-1.739463975775332827e+01
-2.609129725157759694e+01,-2.204765739331718777e+01,-1.974739572656063658e+01,-1.323785123661274277e+01,-1.328366273323088187e+01,-1.924640420738977298e+01,-1.762871909141540527e+01,-1.477673477889927334e+01,-1.848560499871960161e+01,-1.737096117198012379e+01,-1.058077456386944704e+01,-4.464527587626726302e+00,-1.649478656252804321e+00,-2.367706909999677922e+00,-6.849862083678937452e+00,-1.240813114624897118e+01,-1.338575968396572691e+01,-1.422154349771164839e+01,-1.570075696752271632e+01,-1.477073738092684607e+01,-1.361752249994350805e+01,-1.559079809589240462e+01,-2.492106591290189854e+01,-2.610467031711840491e+01,-2.326807205549633295e+01,-1.036162139532220294e+01,-2.185723688503645512e+00,-9.231486046729091635e-03,-2.499205243342755178e+00,-1.069639773041237341e+01,-2.361893787638831554e+01,-2.748106493658691818e+01,-2.342119499927258630e+01,-2.448409470347047900e+01,-1.565588362981344872e+01,-8.719078129939450861e+00,-1.137405092092870795e+01,-8.978510428020971545e+00,-8.151864919953673905e+00,-1.586726123049058934e+01,-1.277933611851612206e+01,-1.240732307197483486e+01,-1.432279833810020087e+01,-1.293069049147249139e+01,-1.414197015671329716e+01,-1.641697970601438428e+01,-1.344906657433691777e+01,-1.435768752425681605e+01,-1.537373955832182837e+01,-1.676870339881372729e+01,-1.837862988646703855e+01,-2.064786230516797616e+01,-2.001670164006356956e+01,-2.105207518402856692e+01,-2.318630771418564152e+01,-2.316550580235837842e+01,-2.295797035348324400e+01,-2.466282104535867248e+01,-2.638569693710967812e+01,-2.662833409636985138e+01,-2.466018282912159520e+01,-2.254309471144931010e+01,-2.264361656349123919e+01,-2.043223818385873969e+01,-1.671554333017072480e+01,-1.500880923707976677e+01,-1.772714518863736188e+01,-1.971502360132814502e+01,-1.482168235942607559e+01,-1.206626926442138981e+01,-1.139448344525490064e+01,-1.508101834595658453e+01,-2.234152792610284877e+01,-2.384260931269813000e+01,-2.267591037277047050e+01,-2.451522584179885555e+01,-2.205214780705575706e+01,-1.476502958508848273e+01,-1.248562189458890792e+01,-9.324993346938649452e+00,-4.771446087433181660e+00,-2.891679679107574952e+00,-2.282513359177658518e+00,-3.351965888083435985e+00,-7.882508609131092747e+00,-1.605814752596935335e+01
-2.830524496085770991e+01,-1.769097949712331186e+01,-1.187593912623310821e+01,-1.077263533250066097e+01,-1.107180034204293761e+01,-9.409430793223490852e+00,-1.135808136171966964e+01,-1.706543094693249429e+01,-2.068754078413693875e+01,-1.588082976923644019e+01,-1.335105641288611800e+01,-7.260092953006729743e+00,-7.472697229314335665e-01,-1.423586393332031630e+00,-1.012059781615060672e+01,-1.538074115214457116e+01,-1.550904473457627653e+01,-1.087529801048395228e+01,-1.011988410057912269e+01,-1.022535931290560995e+01,-1.062094431114560855e+01,-1.308508336908034764e+01,-1.838472415290716100e+01,-2.102227613398137152e+01,-2.085188804509985516e+01,-1.193375435676283480e+01,-5.281520728619043759e+00,-4.225371884164322189e+00,-7.694814720546528264e+00,-1.114718696816276911e+01,-1.747378876191059049e+01,-1.608555035645725084e+01,-1.496388994009440232e+01,-1.218637976118626476e+01,-7.762963729277822189e+00,-3.786645517663191463e+00,-2.783089964558150164e+00,-3.407962128264075741e+00,-7.225916550587151654e+00,-1.166385591803616251e+01,-8.778705179691314697e+00,-9.963638270629271432e+00,-1.534052285893272760e+01,-2.282932315345938790e+01,-2.459940720696485528e+01,-1.394480081550947581e+01,-7.172492687028783287e+00,-4.400637982569578277e+00,-5.060691981825209851e+00,-1.131363886412773390e+01,-1.063811136975543192e+01,-8.207786812354589401e+00,-1.011359429859933101e+01,-1.635111930352130827e+01,-2.218910071322026312e+01,-2.249459633754409893e+01,-2.348655679935717444e+01,-2.061043963723510331e+01,-2.124492041209271775e+01,-2.092379836817734073e+01,-1.642347498522460114e+01,-1.141190247135307878e+01,-9.010888453658299824e+00,-1.032229409440783208e+01,-1.176756744780613317e+01,-6.291847211259011807e+00,-4.586457244426239477e+00,-5.423080085513700688e+00,-3.624689906551182617e+00,-2.533942728097202224e+00,-2.686435906401344997e+00,-5.162303546727954995e+00,-8.029303740681582369e+00,-1.104897259573900037e+01,-1.324630209689831872e+01,-1.117268296598478194e+01,-8.482083195493421712e+00,-4.624342081200985888e+00,-3.046388572522702010e+00,-3.253595504284132467e+00,-5.114472962972771874e+00,-1.112273413306884251e+01,-1.355057011829077673e+01,-1.305233422217478356e+01,-9.645202768667964222e+00,-1.122345069892533864e+01
-2.497470346843923394e+01,-1.555392493000467269e+01,-1.050227036548934834e+01,-1.213698495981347492e+01,-1.767579063568406283e+01,-1.383713359596165127e+01,-9.043490497210553869e+00,-1.007588219187641876e+01,-1.041479332938449076e+01,-9.324401922808348786e+00,-7.970099357248262351e+00,-3.408644244472943896e+00,-1.173404114058717473e+00,-2.495330351867841134e+00,-4.812057361575483583e+00,-9.020866800355546999e+00,-1.236785221736849749e+01,-8.104731179375685102e+00,-3.593897368047983765e+00,-3.371417341910245558e+00,-6.719335409521146829e+00,-1.427644672375599022e+01,-1.000375466583339268e+01,-6.698400879179247980e+00,-7.255793807900134063e+00,-7.129768359752101325e+00,-1.176381250283190383e+01,-9.609944712114698362e+00,-7.063525578447880982e+00,-6.862674627367776559e+00,-3.959468388375435133e+00,-4.833902174393639228e+00,-9.070625680889792264e+00,-5.994109480890609021e+00,-2.644021842067080019e+00,-4.794123511619240219e+00,-1.114400489412191320e+01,-5.796680731855276214e+00,-2.477747095108942421e+00,-3.751123328174229776e+00,-5.284345970354006994e+00,-5.644763160297888938e+00,-1.021340196733256356e+01,-2.354414776445345225e+01,-2.347116204072500878e+01,-1.122609747548139758e+01,-1.028841164685387710e+01,-9.663802215616211555e+00,-3.562101629512910428e+00,-2.387868213637923898e+00,-3.369236044528830298e+00,-5.313267016797575515e+00,-5.374703979674186449e+00,-6.457451485133399061e+00,-1.164214600311265180e+01,-1.460090155016545488e+01,-1.514719986542348451e+01,-1.217114862799644470e+01,-8.080525356849641128e+00,-7.562681457013574082e+00,-1.209983702288329077e+01,-8.266390998399893775e+00,-2.161704849620960101e+00,-9.929175613668412836e-01,-2.612640217889476979e+00,-7.024506941778969171e+00,-7.887389884991500288e+00,-5.409906322747923824e+00,-6.225195651063482494e+00,-1.115209066094332968e+01,-7.577597547891258500e+00,-3.245420663297631236e+00,-3.827138043655693878e+00,-9.302199468812869299e+00,-1.483263240515730708e+01,-7.646932279335633353e+00,-4.347386130963572626e+00,-5.703007295841478808e+00,-1.097536237162488071e+01,-1.410451407741954277e+01,-1.260522811103413154e+01,-1.789329414877272839e+01,-2.183657955031358711e+01,-2.028732419377974949e+01,-1.385822481144475660e+01,-1.151197618018579760e+01
-2.020983868882856171e+01,-1.192523654453627024e+01,-8.892383221451563458e+00,-1.067264473529262325e+01,-1.775255714664022477e+01,-2.143070804981784860e+01,-1.216764064053542782e+01,-7.736376250973184376e+00,-6.474374301560962053e+00,-8.765710444850775218e+00,-9.596040106001700210e+00,-7.585803956703375484e+00,-1.157675473221385687e+01,-1.355883730868346859e+01,-1.107648072988932419e+01,-4.995043766407566643e+00,-4.514890854538396781e+00,-4.723977541878022990e+00,-6.281197219859552483e+00,-1.263041910529136658e+01,-1.238201379139004743e+01,-1.338577401456032057e+01,-7.531163191522351141e+00,-5.811631499810983037e+00,-5.754577563577935706e+00,-5.746450079306391068e+00,-1.086473817543219056e+01,-9.747430987030496041e+00,-6.312144979720807569e+00,-6.028297169972922198e+00,-9.203524404582177354e+00,-5.219318764127847565e+00,-1.827421060869939495e+00,-4.508099123892438165e+00,-1.092518137031384029e+01,-8.302770767503112381e+00,-1.191238270051606740e+01,-6.020521139825573798e+00,-2.150300385302487349e+00,-4.256765393383857621e+00,-6.712455961540455540e+00,-5.241684378103445674e+00,-9.977117449272679295e+00,-2.277350033148554331e+01,-2.192039238951588231e+01,-1.085363648410971926e+01,-5.777753620657302136e+00,-3.914332174426762290e+00,-4.912703105369369716e+00,-1.194082415229036620e+01,-1.225559751268561648e+01,-1.302173040932371428e+01,-7.623042134838249773e+00,-1.008178682170474127e+00,1.110092716635460830e+00,1.248693226446497162e+00,2.453129935551093543e-01,-2.166287900757343010e+00,-5.061895315428726505e+00,-5.763401068348921186e+00,-8.955548342857651889e+00,-8.794479100986292153e+00,-4.165279402589525226e+00,-5.043667567431755927e+00,-7.193447146479409859e+00,-1.450379743011853151e+01,-2.136521757559011903e+01,-2.188996264224743982e+01,-1.981235618900706896e+01,-1.063073497055141026e+01,-1.141944695338038152e+01,-7.208619014224932897e+00,-3.793497227659299753e+00,-7.902426847690389167e+00,-9.590501582690777127e+00,-8.505571614694959592e+00,-1.624527830840976961e+01,-1.620298267229822642e+01,-1.539307395374502008e+01,-1.710567012815985066e+01,-1.299386284096550348e+01,-1.356323446299283475e+01,-1.123124959951138635e+01,-9.642387273543663539e+00,-7.219842368409834066e+00,-9.565890702582498406e+00
-1.984781896795025347e+01,-1.568102726135545133e+01,-1.447386337964589309e+01,-1.579483716542484117e+01,-1.906977444386664189e+01,-2.386202627283926248e+01,-2.037351865622833458e+01,-2.010679072278146506e+01,-1.903070013941699301e+01,-1.271211277528573547e+01,-1.149879756774611117e+01,-1.434428644180297852e+01,-1.810833312536923856e+01,-1.684693955829125400e+01,-1.097840625275182447e+01,-7.630194214009146769e+00,-8.639560297927783239e+00,-6.402512553311486165e+00,-9.945990016442218362e+00,-1.413277747521873629e+01,-8.297250647808759538e+00,-6.522619129137228633e+00,-5.759403683302056542e+00,-1.096727225571188313e+01,-1.595355954152027245e+01,-9.457691583014627312e+00,-6.218566283697390062e+00,-6.888196367116374397e+00,-1.070353275355491895e+01,-1.284461168569462863e+01,-7.378917688631829286e+00,-3.699440246092454032e+00,-3.262257258286913153e+00,-7.405206598398339501e+00,-1.646536005726297347e+01,-1.082035719347364200e+01,-4.826182132572617967e+00,-3.012994799905150956e+00,-5.685978132676873464e+00,-9.589447693515369409e+00,-6.317251836070577831e+00,-9.139358308024078781e+00,-1.534695969192126341e+01,-1.867801411825281832e+01,-1.830357356471869679e+01,-1.708085952005313501e+01,-5.025565559968693918e+00,-4.953071750515631450e-02,-5.256038038451081862e-01,-5.983833495982502804e+00,-1.462359006441276499e+01,-1.375047046355618718e+01,-6.675051304220243509e+00,-7.544158823456693419e+00,-3.959339371686872333e+00,-9.722716422637797118e-01,-2.429551102650071570e+00,-9.366186490609445414e+00,-1.798588712706820658e+01,-1.223240771093441381e+01,-7.504981597188774778e+00,-6.046383016892061590e+00,-8.925012989353588111e+00,-1.619023682324941049e+01,-1.767450829680639401e+01,-1.891654245908023668e+01,-2.531026989995068277e+01,-2.554718773237621576e+01,-2.123464669708077324e+01,-1.077294138824666803e+01,-5.175902201246668888e+00,-2.433614653001987094e+00,-2.171426067935686710e+00,-3.062144493442455317e+00,-3.781820699373501959e+00,-6.971203982375050678e+00,-1.558874129407278453e+01,-1.658306125056652647e+01,-1.613314220650505604e+01,-1.245042356166220721e+01,-7.862217376705344485e+00,-5.861723812936826761e+00,-1.660669137480693669e+00,-1.341969514557361354e+00,-6.285751843270454664e+00,-1.530023438784912315e+01
-2.566241708784612996e+01,-2.729872836047456630e+01,-2.759577437029540192e+01,-2.894765345740864149e+01,-2.758775686307717834e+01,-2.468746354015728883e+01,-1.985330147051629268e+01,-1.928566072733347525e+01,-2.083893259882016835e+01,-1.824306535356827297e+01,-1.670265591599559230e+01,-1.596257216511791910e+01,-1.630344965439716276e+01,-1.590352838048498185e+01,-1.332431515027548485e+01,-1.647865623463201246e+01,-1.644225501104165588e+01,-9.439901881545553763e+00,-4.409786456527601040e+00,-4.274418384746740962e+00,-7.206486920591529177e+00,-2.890081136103520354e+00,-3.684676583542644823e-01,-2.919614699985547457e+00,-9.291413330394803438e+00,-6.861794602552443223e+00,-3.167650293871646650e+00,-3.363276168476534433e+00,-7.915763474147738066e+00,-1.344599219132925683e+01,-1.053511866267400876e+01,-1.250245409657937046e+01,-8.706425025262905848e+00,-9.719779556944169840e+00,-1.399296539339400347e+01,-1.421877610046444929e+01,-7.000945753268613458e+00,-8.078145601367221929e+00,-1.323407511037724582e+01,-1.612477420486566615e+01,-1.377811399761957034e+01,-8.484211830237439855e+00,-8.310901938816746437e+00,-7.326897056317418944e+00,-1.100758085640872430e+01,-1.068211778769098963e+01,-2.848358208627283616e+00,-2.472473108013274246e+00,-4.003962096921923397e+00,-3.260590152317330848e+00,-9.302689218339120103e+00,-1.298838032110956853e+01,-7.292537362975928694e+00,-6.352703481685114006e+00,-7.569460380168361091e+00,-1.473436126431436044e+01,-1.165182668471154415e+01,-1.248717421702756170e+01,-1.427475712317546730e+01,-8.707966197083013782e+00,-4.642351520425490818e+00,-4.161994957286893282e+00,-6.534828558222938177e+00,-1.346715118684841528e+01,-2.274231213649720473e+01,-2.290619100323160140e+01,-2.316853610249875928e+01,-2.613178587323836766e+01,-2.165647815566026679e+01,-1.567217824841273632e+01,-9.286592508545359337e+00,-9.926861141587941972e+00,-1.381716759946510109e+01,-1.393142831575779539e+01,-1.233579796916655980e+01,-5.439711353933538440e+00,-1.699011409093131642e+00,-1.465234265860902330e+00,-2.341600232083130173e+00,-2.676989885373663114e+00,-5.719283327119041083e+00,-5.482978834678198687e+00,-1.534415343395995945e+00,-2.003218477075265458e+00,-7.744600154743849885e+00,-1.570123750562886222e+01
-2.802786921362840644e+01,-3.001672405504998409e+01,-3.075582179404397110e+01,-3.085984755108374600e+01,-2.934838592005139901e+01,-2.554456002293652261e+01,-1.401288393799585208e+01,-8.550540432675195035e+00,-6.998548189192328017e+00,-8.010068147237063840e+00,-1.134678434870625274e+01,-1.063082278138808690e+01,-5.604141875532747008e+00,-4.180901505564915688e+00,-5.353574135603795803e+00,-9.808091912105792787e+00,-1.386843547384247444e+01,-7.679709763472317263e+00,-5.340109222262870325e+00,-6.142511203202582593e+00,-4.694764209186075732e+00,-1.172293213797725997e+00,3.189763502219606361e-01,-4.055422685205054556e+00,-1.234575178241001758e+01,-8.973042153220140094e+00,-8.364918684231415824e+00,-1.488624956134621335e+01,-1.430883763946649623e+01,-1.345734175015951806e+01,-8.737293566456278526e+00,-7.077139489523327498e+00,-5.938485955464020805e+00,-7.884645344646832754e+00,-5.295224868248124217e+00,-3.304490433612399247e+00,-3.800330736126949827e+00,-1.022038040452331131e+01,-2.019109024346329662e+01,-2.446733032110083172e+01,-1.936760938804568255e+01,-8.406166427463064750e+00,-1.774566352224325794e+00,9.916818135507753373e-01,1.148025792947204193e+00,3.810699747480764676e-01,-1.761835254233806713e+00,-7.920996991050152758e+00,-1.443084268943044002e+01,-6.264380682288235747e+00,-4.079654190092141697e+00,-5.846259449988973067e+00,-3.158670460904827504e+00,-3.566804778655521702e+00,-7.007554880080332005e+00,-1.447204868211091089e+01,-2.116274499711189705e+01,-2.277453064008523498e+01,-1.710970187369193596e+01,-1.359029306892220212e+01,-1.378808902693158878e+01,-1.411093955231076968e+01,-8.545387155227079035e+00,-8.405093056100016113e+00,-1.322494918312735201e+01,-1.291752976588620427e+01,-1.804991633018464370e+01,-2.513366051484610253e+01,-2.328617243184388030e+01,-1.734011709417095659e+01,-1.117808760486486364e+01,-1.243724948895796523e+01,-1.235531141694265500e+01,-1.188694096430567448e+01,-1.485995856587213382e+01,-4.628996227590637780e+00,3.184823502616722091e-01,2.718848124965034252e-01,-4.486222496856082209e+00,-9.564629180001393394e+00,-5.958613433000695458e+00,-9.567993543985235050e+00,-8.001816852402141578e+00,-7.368123159836266645e+00,-1.118754598657593391e+01,-1.702287291570474181e+01
-3.009638528969451698e+01,-3.044188840334652113e+01,-3.112986229212229361e+01,-3.064928536560699257e+01,-2.916195726394653320e+01,-2.676634811263048164e+01,-1.601150229232001720e+01,-6.446614591219953283e+00,-4.750597164831088293e+00,-9.521469318229733858e+00,-1.080518656104575648e+01,-9.131885042172351419e+00,-1.017851616817576321e+01,-7.815790737630757157e+00,-7.397552013397216797e+00,-1.007064576640383891e+01,-1.552781827759196709e+01,-1.658630084718456743e+01,-1.486344004450863565e+01,-1.508025910563141281e+01,-1.199991903437002883e+01,-3.591963897736917488e+00,-6.785621210597926611e-02,-1.557020485699967649e+00,-5.706816653543301143e+00,-6.388939256431492630e+00,-1.174738364456264073e+01,-2.194098432555453471e+01,-2.459621904096530542e+01,-1.754617758015639950e+01,-1.031027482575132659e+01,-7.617193678408178847e+00,-8.415061766637190743e+00,-5.561195773022775235e+00,-1.869807095152240528e+00,-9.372473554963420272e-02,-5.067521002386227158e-01,-5.697201191241504148e+00,-1.654334279781079431e+01,-1.695816608057677399e+01,-1.673280215945862537e+01,-8.776912901692718094e+00,-7.197782167272627873e+00,-7.108221751939903577e+00,-4.117589688400439485e+00,-7.796124918042425911e+00,-4.857749788556247950e+00,-5.540405009084075516e+00,-1.046915243782159877e+01,-8.386252766347112697e+00,-5.619596103106745844e+00,-5.527759100388706770e+00,-7.899223277587016590e+00,-1.265260576382848079e+01,-1.384675604514493230e+01,-1.935687029179726082e+01,-2.032316083580483124e+01,-2.070220848804211755e+01,-1.405337282446504510e+01,-1.184201735303602199e+01,-1.010558679085651512e+01,-6.327157884551823486e+00,-3.422143340452026727e+00,-3.273590280468227309e+00,-3.606000967949401392e+00,-4.511776431897327910e+00,-8.542756946942278162e+00,-1.114096895292515121e+01,-1.360262598609196338e+01,-1.066911142109004551e+01,-5.578904939061812840e+00,-3.049002383160227314e+00,-4.138204163494910937e+00,-8.474812079931943742e+00,-1.071068566719084281e+01,-7.064074253194204900e+00,-6.409876986279219757e+00,-9.620409983089407646e+00,-1.173045954267487190e+01,-1.545650598475041271e+01,-8.002292170324398768e+00,-4.356928397567217282e+00,-4.781195551014810974e+00,-9.045769374496801518e+00,-9.123445727897964375e+00,-1.138617126632282783e+01
-2.704935024894830775e+01,-2.530885151870377925e+01,-2.584738592519104827e+01,-2.619926913457972262e+01,-2.436762409719802136e+01,-2.452969425325175123e+01,-1.534057841774161624e+01,-7.462827460456440853e+00,-5.265614877675325545e+00,-7.020862851434081620e+00,-1.162010964273496505e+01,-1.668238373112132678e+01,-2.204075208238062800e+01,-2.209904187690210620e+01,-2.193865787982940674e+01,-1.980927462341221101e+01,-2.087982740293022488e+01,-2.640851553705812549e+01,-2.050454805643503775e+01,-1.086381490812956763e+01,-8.201876902853259210e+00,-3.702748671970294669e+00,-2.101051283408425618e+00,-6.855776221377647417e+00,-5.506355835053756920e+00,-6.790727536641914419e+00,-1.668856947112629285e+01,-2.140140074082003352e+01,-2.680301312817871917e+01,-2.286844304681734386e+01,-2.087640021957513881e+01,-2.115910419707989831e+01,-2.007985729479607784e+01,-1.491992196872944199e+01,-1.350950423570506231e+01,-1.053527678490282327e+01,-5.296707915042647485e+00,-4.447652643503806402e+00,-3.217202369345586010e+00,-2.016024736379617988e+00,-2.271343335071187575e+00,-7.188743855434519325e+00,-1.211109774167301012e+01,-8.040329149206176140e+00,-5.521648664965884024e+00,-6.825697508704571703e+00,-4.989717451443199003e+00,-7.771877322488158768e+00,-1.651169196430963382e+01,-2.089795493442593610e+01,-2.035904011517080647e+01,-2.111684797283347237e+01,-1.737544782107113051e+01,-1.531533443290768659e+01,-9.779017403380560580e+00,-8.010329540449244945e+00,-7.925478239095848032e+00,-1.029475533780250807e+01,-1.424024237112234559e+01,-8.373147910787858805e+00,-4.936333549386672459e+00,-4.603038340579462151e+00,-6.817224215687685884e+00,-1.203996088122593555e+01,-1.375186693008619443e+01,-7.730525983881403995e+00,-3.714978609603779791e+00,-5.474500049161546755e+00,-1.177386222085879908e+01,-1.380391301817566330e+01,-9.353288531758403579e+00,-8.402346090392301292e+00,-6.653427113103502322e+00,-1.213450845143267287e+01,-1.791773629461535933e+01,-1.388395731230728458e+01,-1.211788021881161725e+01,-1.438835893514502118e+01,-9.302184624981334693e+00,-6.702643984829196100e+00,-7.737074609476191078e+00,-5.614934498913415339e+00,-8.899827847141285053e-01,-1.894449104816219087e+00,-6.963498138744412813e+00,-1.301560187794779999e+01
-2.434088430695861405e+01,-1.740093223830215763e+01,-1.434658104772786125e+01,-1.409287334671457259e+01,-1.670381779343117401e+01,-2.313092784481194286e+01,-1.619099835403092769e+01,-9.593211160361311940e+00,-1.153543890341547673e+01,-1.588305495986501725e+01,-1.487139501826453802e+01,-1.931242642511848118e+01,-1.782885242054480557e+01,-1.723564465355327258e+01,-1.595790875413035614e+01,-1.601467045845876314e+01,-2.030374765578116936e+01,-2.680098815182693173e+01,-2.012129123338306158e+01,-1.098114125965205723e+01,-5.766346437102965794e+00,-4.261534723957986159e+00,-7.007129224102574661e+00,-5.539977783692702218e+00,-2.651144752318025155e+00,-3.221834842796359233e+00,-9.783586314616313118e+00,-1.867806114313256671e+01,-2.783814460812634195e+01,-2.256161130293634898e+01,-2.331122981318990739e+01,-2.495545614766710685e+01,-2.194722601475606538e+01,-2.177175958283984869e+01,-1.593372490933833241e+01,-8.692030902127273251e+00,-6.889969087284029570e+00,-7.892206135824436863e+00,-1.030366273824381507e+00,1.904464815491330620e+00,8.662161151193151776e-01,-5.384956441080297473e+00,-7.472245964612669766e+00,-1.911310055315803780e+00,-2.458677627680332822e+00,-6.505551068980481411e+00,-6.181287120771772337e+00,-1.179366840752026491e+01,-1.865738578789106938e+01,-2.485095530429869370e+01,-2.204933322658975570e+01,-2.296260852122124874e+01,-2.271917892048377041e+01,-1.916128305988457470e+01,-6.811878542181189822e+00,-1.623832417114811966e+00,-1.980214954515606252e+00,-8.825628915815862285e+00,-1.301459324359893799e+01,-9.866172524808927591e+00,-1.386090983461787651e+01,-1.556631520913757427e+01,-1.174800964393688574e+01,-6.981851269043128916e+00,-6.433081370728616299e+00,-6.178937235406336548e+00,-1.182758694796161869e+01,-1.503133925044809516e+01,-1.513485583822235725e+01,-1.993449373099640098e+01,-2.309024955844150995e+01,-1.700278135565401172e+01,-8.789431452751159668e+00,-6.318476915359497070e+00,-5.914865542914121477e+00,-6.457971754874892056e+00,-1.099365821321502068e+01,-1.304483837207765085e+01,-6.898344665993261238e+00,-4.187626458875095992e+00,-3.901845334766020468e+00,-2.612406261272387287e+00,-4.466791882492487709e+00,-1.018932032061897175e+01,-1.222432433648873840e+01,-1.653449857325954397e+01
-2.212366109767943101e+01,-1.806249263632388491e+01,-1.640088861953211108e+01,-1.553781456619728552e+01,-1.665296222053411412e+01,-1.848079458993809965e+01,-1.371483611150552306e+01,-7.804436853823770726e+00,-6.818810515276348738e+00,-9.081410737893053309e+00,-1.196802052832741836e+01,-1.225176771269499731e+01,-6.826732278552674060e+00,-4.712800241494906395e+00,-5.878745114985313158e+00,-1.159620063996496953e+01,-1.709410477048568211e+01,-2.066888520371822935e+01,-2.047127439775539770e+01,-1.695343591602703981e+01,-1.615377787324308301e+01,-1.487104295091774553e+01,-9.381926854148165518e+00,-5.463500830849618239e+00,-1.580410350625534699e+00,-1.278926856775824961e+00,-5.396797066426459288e+00,-1.751759982746066058e+01,-2.679728522373519795e+01,-1.893591200668393171e+01,-1.337155643947251882e+01,-1.215259772948636297e+01,-1.172528269409223434e+01,-1.202333807763252516e+01,-1.530202059254391500e+01,-1.129171161069214868e+01,-7.277624692625671798e+00,-6.996200055566452747e+00,-9.583732843484359165e+00,-9.196836902169005512e+00,-2.773558647829491797e+00,-1.702804201142595897e+00,-2.064258883708113945e+00,-1.184116593587615673e+00,-1.177617245222235765e+00,-2.756828484275231084e+00,-8.581596071824773020e+00,-1.942316293625431101e+01,-1.987423842735872981e+01,-2.246079764657348221e+01,-1.750836862316568343e+01,-1.118345231909788318e+01,-8.979614774120673104e+00,-7.202986331160698974e+00,-2.490795744518138122e+00,-1.354833559663646270e+00,-3.346200166184824631e+00,-8.912717581250285903e+00,-1.541567928554447597e+01,-1.143367657315640074e+01,-6.446351486421723287e+00,-5.798299342351219465e+00,-4.851177402466308131e+00,-4.856597723169181258e+00,-4.977856131000373274e+00,-8.986215316612302217e+00,-2.140241455849800545e+01,-2.479174591384771276e+01,-2.431609261490916651e+01,-2.486657567424628468e+01,-2.585535543747530696e+01,-1.611959074471743136e+01,-8.901383021405635532e+00,-8.201271956203548541e+00,-9.120054324164645010e+00,-7.202975853253867022e+00,-7.366705437197939688e+00,-1.086283283379241738e+01,-7.802453031066719724e+00,-1.032650900592330778e+01,-9.530602693216490451e+00,-5.171746357706666686e+00,-7.222270817702053591e+00,-1.187568780802588364e+01,-1.501524585530958156e+01,-1.644006229720952916e+01
-1.998400884548216538e+01,-2.001627829056659635e+01,-2.163785425033278287e+01,-2.280771327200736565e+01,-2.402760633985504768e+01,-2.245966487440444226e+01,-1.525435723967224533e+01,-1.208948377616532888e+01,-1.019724607968148433e+01,-9.073494849769213388e+00,-9.630836627865566157e+00,-9.667588214382870859e+00,-7.329013789655598465e+00,-5.950145401231205611e+00,-4.041974648264528014e+00,-8.030204517695739952e+00,-8.700066664064204147e+00,-8.778411276012887399e+00,-1.344966483116149902e+01,-1.986383802654178865e+01,-2.089399883037305017e+01,-1.550878498845428055e+01,-6.827561422613740660e+00,-6.548730079226821488e+00,-7.759003810561440062e+00,-4.142970921144685903e+00,-5.995644720001075179e+00,-1.794745182263032035e+01,-2.644255907844951281e+01,-1.955058197392762054e+01,-9.109207333499238501e+00,-5.363850030280251424e+00,-4.805167872487134062e+00,-7.035279201187250031e+00,-1.224987105558846778e+01,-1.773402643294734915e+01,-2.045897219199260775e+01,-2.046275165153823750e+01,-2.023482527805648701e+01,-1.819777654145510226e+01,-1.040018207426289543e+01,-7.255080854164734916e+00,-8.083817473250149988e+00,-1.365420501517089313e+01,-1.520201253987678136e+01,-9.220639365092488049e+00,-1.083946754732204809e+01,-1.957210770909112796e+01,-1.753242263539146961e+01,-1.160879522607526759e+01,-8.278414709422424522e+00,-5.424120119054808953e+00,-3.885320682220786637e+00,-3.039580963573325967e+00,-5.559156990191501002e+00,-8.540298107812422046e+00,-7.299378765050236417e+00,-7.585811392837808143e+00,-1.268492738049448931e+01,-8.077363979497938828e+00,-3.802171484073126440e+00,-2.849990846212413054e+00,-4.296978268022328962e+00,-6.757098494346417183e+00,-5.613129914261912212e+00,-1.083765582364934055e+01,-1.851117851533962622e+01,-1.779638775250383986e+01,-1.746158291183355260e+01,-2.147639819683919526e+01,-2.445004994450634683e+01,-1.526687608238395022e+01,-9.881687538314411157e+00,-1.038524896452445034e+01,-1.202749709580235837e+01,-1.064849060637350320e+01,-5.924990015175506386e+00,-5.188072867065895544e+00,-6.269561117841996989e+00,-1.157208960201904091e+01,-9.989246970824613214e+00,-4.951447767155770840e+00,-4.649295154873651192e+00,-8.536039438866476203e+00,-1.092941867577210679e+01,-1.157233896783290028e+01
-1.190627986966198648e+01,-1.127421570370215420e+01,-1.179365575131569166e+01,-1.355380122716190172e+01,-1.553457175138342450e+01,-1.918508991758331916e+01,-2.428806464908687346e+01,-2.504561005839864762e+01,-2.407569194477023089e+01,-2.301718408187836928e+01,-2.191398085983654909e+01,-1.656410873664244576e+01,-1.151763469253787520e+01,-1.061542224338036533e+01,-5.088716307214197876e+00,-4.589223935062648252e+00,-4.111072511163376575e+00,-6.539584764087472912e+00,-1.135379261187924627e+01,-1.340994103491761358e+01,-1.157653142500469734e+01,-1.154738392493197097e+01,-9.265576506389006539e+00,-4.564768468833151793e+00,-4.080986485908959516e+00,-5.542918558794123207e+00,-1.057843972981431158e+01,-1.757081843150481149e+01,-2.367965902080972640e+01,-2.233142850781215216e+01,-1.168548977375030518e+01,-7.637698569370590107e+00,-1.126168715498829620e+01,-9.951289889011674106e+00,-1.114789198646108659e+01,-2.149201869964599609e+01,-2.315306337735125197e+01,-2.254241918971520420e+01,-2.390221124750967263e+01,-2.389957338617048066e+01,-2.147594299480205393e+01,-1.994465475591994519e+01,-2.009319020773618192e+01,-2.248558732571492769e+01,-2.325837371549533472e+01,-1.388003916139821037e+01,-8.158419192292308608e+00,-8.528239793904864641e+00,-9.165630659529270474e+00,-4.467980361508049114e+00,-2.340418345429970071e+00,-5.222761355160970176e+00,-4.392487086736924340e+00,-3.954035320212595295e+00,-5.978016356589230362e+00,-1.966637813434616078e+00,-3.831725412080391191e-01,-1.920614080994127004e+00,-4.829827878482014114e+00,-4.095327994068160393e+00,-6.133228648709886599e+00,-4.621290141958316333e+00,-6.712405986262783841e-01,-1.608701026737192397e+00,-7.366960411763373351e+00,-7.980795525412522906e+00,-4.714543346457809037e+00,-4.650665318579163987e+00,-7.679750210001268229e+00,-1.329448106156960741e+01,-1.498050236383467215e+01,-1.533525413229265233e+01,-9.492548519873437840e+00,-5.039838967205003684e+00,-2.578642953918599989e+00,-2.226950021972524230e+00,-6.070401781387911200e+00,-7.085798825016458302e+00,-5.073977268834150678e+00,-9.288713959337190573e+00,-1.073995385188182716e+01,-6.660465250488456057e+00,-8.959468339690724648e+00,-1.493526982078115495e+01,-1.092984163124142682e+01,-9.792421190338281178e+00
-1.713056222810089935e+01,-1.511418942185758674e+01,-1.548572091473877954e+01,-1.664385565910630405e+01,-1.460365033695715908e+01,-1.907611160423919472e+01,-2.369092102633177888e+01,-2.504193480506198100e+01,-2.507247795039461025e+01,-2.397210468772713554e+01,-2.263992498485186644e+01,-1.280407477790162751e+01,-6.169000799874313046e+00,-3.464979607185334487e+00,-4.728285095846380237e+00,-1.115677082766103467e+01,-9.487678666151206031e+00,-7.664100161035552361e+00,-8.237218966849773949e+00,-2.636151847328265685e+00,-5.554865665541862674e-01,-1.877824647510281997e+00,-4.974513592226928793e+00,-1.087411370213705197e+01,-1.603573858646945993e+01,-1.604890952810986349e+01,-1.509852377330983941e+01,-1.445682822747994933e+01,-1.239006213195451345e+01,-1.429750321839602023e+01,-1.274018695199762519e+01,-6.406406868050116721e+00,-4.156340919036901838e+00,-3.720921190640398724e+00,-5.489746363563392073e+00,-1.064556463051388313e+01,-1.236413831838214605e+01,-1.678880252910934345e+01,-2.413668517120011714e+01,-2.689013436550402503e+01,-2.646748068132473364e+01,-2.528489431170106982e+01,-2.453499772894473452e+01,-2.630545006271536934e+01,-2.328212793728777541e+01,-1.336260890869693974e+01,-8.919380527871256348e+00,-7.265135835600263547e+00,-4.305927015329134910e+00,-6.331045443320092225e+00,-9.157505306351275465e+00,-2.356023304564309750e+00,-2.071188388655374468e-01,-2.711814113924607028e+00,-6.772298487656899013e+00,-1.814390718222432142e+00,-9.571743159559786829e-01,-4.868960335550791108e+00,-1.104053976312848384e+01,-1.001870232103890146e+01,-3.010273936280148721e+00,-2.775409118990406654e+00,-6.952023064470600922e+00,-4.236505535835105363e+00,-5.474006827778488571e+00,-5.611504314509966562e+00,-7.839087072902053421e+00,-7.849429342582936009e+00,-3.530166728777512475e+00,-3.598759529017310221e+00,-6.490864385175340701e+00,-1.277382780577390164e+01,-1.451923744278099626e+01,-1.245930639773834692e+01,-8.990286215510616685e+00,-4.764913388108479531e+00,-5.906307634165268716e+00,-8.336687047745435564e+00,-6.025595739142585394e+00,-8.028912777209100682e+00,-8.849037458195940786e+00,-4.451272381178124959e+00,-5.545515272456206901e+00,-7.579503376292818118e+00,-7.392585956868324537e+00,-9.229663856156909318e+00
-1.910593379544847892e+01,-1.731493298152020799e+01,-1.417407198716665917e+01,-1.350415119324021695e+01,-1.445862451946462457e+01,-1.694431477830610078e+01,-1.490625425149466210e+01,-1.224799041848146253e+01,-1.225191361258048062e+01,-1.400122074680473894e+01,-1.685141441294255316e+01,-1.184392794124952708e+01,-1.050932288397359571e+01,-1.020550237971407803e+01,-9.564704270308254763e+00,-1.283238142592306374e+01,-1.351641567972780145e+01,-6.611516839220323405e+00,-3.749404279387179351e+00,-3.817583338643214308e+00,-2.760254255722353278e+00,-2.321763395971639721e+00,-5.769762567891419280e+00,-1.592800296080931410e+01,-2.558819055739249748e+01,-2.565915454070986712e+01,-2.187568999974782358e+01,-1.110279272348826218e+01,-5.868027043251591301e+00,-4.122858798458375773e+00,-4.046103152837462247e+00,-5.132571230407889651e+00,-9.544738022653200815e+00,-5.764674208887660356e+00,-5.017140099337992432e+00,-4.524736103665738085e+00,-6.513429215846170628e+00,-1.293857232577928151e+01,-2.363901375632249824e+01,-2.632768127936443392e+01,-2.580609726541824855e+01,-2.496698121260140724e+01,-2.320629757233248469e+01,-2.455647031405499803e+01,-2.158820544308378331e+01,-1.264579985614951418e+01,-9.536074044595238774e+00,-8.414211865144832103e+00,-5.488898351902269823e+00,-8.687916432628194130e+00,-1.383649748063269413e+01,-8.533591539577672691e+00,-5.938255368869215012e+00,-6.838785006998832294e+00,-6.064050878049763504e+00,-7.452241158411475830e+00,-1.179794830493344548e+01,-6.700749171371678692e+00,-4.094133131198926634e+00,-1.963834836136172823e+00,1.383727015274263950e-01,-4.857633210876814434e-01,-3.971776119179184938e+00,-1.041420072135124464e+01,-1.601103877475243564e+01,-1.605504712940172496e+01,-1.588601418851896163e+01,-1.294217040520588036e+01,-1.018561261960568309e+01,-9.483757584945845309e+00,-1.040118970761772310e+01,-1.553830351720329439e+01,-1.221670536230538673e+01,-8.757789574051631831e+00,-5.760733302085454532e+00,-7.437520744691368257e+00,-1.494941576837583419e+01,-1.457856136969937566e+01,-7.035844607207611290e+00,-3.826398078739227326e+00,-1.409405974166704212e+00,1.265019810019160362e-01,-1.539874316807231969e+00,-7.682597670618814156e+00,-9.228688453444997108e+00,-8.568602599260461972e+00
-2.586093617213591500e+01,-2.188444184164964668e+01,-1.925880021175355239e+01,-2.082936581582513469e+01,-2.043825660043090409e+01,-2.349559801225443678e+01,-1.494322819928176571e+01,-6.400747409758676731e+00,-4.171089524531182313e+00,-6.769407053030174204e+00,-1.206955103018811570e+01,-1.194239584999229997e+01,-1.500070872379623310e+01,-2.131049497436931262e+01,-2.262077255740420512e+01,-2.096901981976196083e+01,-1.630932341823141130e+01,-1.301540411974637479e+01,-1.322448475875017238e+01,-1.573390323219408593e+01,-1.787393022175053758e+01,-1.441239236010850000e+01,-1.380190058791910346e+01,-1.624181792390255552e+01,-2.533404137888027563e+01,-2.574297605580045811e+01,-2.393338329919421881e+01,-1.498078255161984274e+01,-1.114087863414342117e+01,-1.095086529145713961e+01,-9.855037987004710232e+00,-1.223062831936901773e+01,-8.729074418999767104e+00,-5.932913027646887549e+00,-7.910679216603286434e+00,-6.090080856821919575e+00,-5.627585234077832510e+00,-1.208757086109569023e+01,-1.627496168358635487e+01,-1.540796698277233290e+01,-1.539363227773258735e+01,-1.383612413397272078e+01,-1.603844581305525807e+01,-1.449512608633696509e+01,-1.472604939500794075e+01,-9.491796685766628272e+00,-5.389401323012723566e+00,-6.546155053468150520e+00,-6.552432098916468384e+00,-6.584081801749367635e+00,-1.039366868661560162e+01,-1.311846038175903217e+01,-1.151111370780085785e+01,-1.499015489971364801e+01,-1.158226254423156121e+01,-1.038620516999077203e+01,-1.544820518439052748e+01,-1.442530505074799585e+01,-9.448159679514533948e+00,-9.488006257956833167e+00,-6.765940384217715931e+00,-2.829526375593503840e+00,-4.131079246325574772e+00,-1.175821306232277585e+01,-2.061706559894649260e+01,-2.499613207533159454e+01,-2.237751109363468416e+01,-2.334328470885298756e+01,-2.342492662495329014e+01,-2.397201014839055944e+01,-2.173467462663431959e+01,-1.810332527051445339e+01,-1.013793892077817205e+01,-5.211580326993956902e+00,-4.497036978943657282e+00,-6.502130931570329508e+00,-1.164737520964091111e+01,-1.537016940207881710e+01,-1.244123480747674293e+01,-9.622601578272488965e+00,-6.942435745407563807e+00,-7.224915997669071999e+00,-9.835842468512764114e+00,-5.959191890390775015e+00,-4.446792597761590748e+00,-7.543702328933104440e+00
-2.005766116753789419e+01,-2.082915418202640367e+01,-2.125563796603952582e+01,-2.575322748868520151e+01,-2.746667819532729382e+01,-2.054220313698280975e+01,-1.092496296194673455e+01,-4.315944404547451541e+00,-4.240147410458281030e+00,-9.901303055177208989e+00,-1.352828284438329831e+01,-1.394417775769270129e+01,-1.275372097874415722e+01,-1.805485559965817899e+01,-2.457699357280294450e+01,-2.589333685481821234e+01,-2.361887062596910880e+01,-2.474119561865129668e+01,-2.324373652370831422e+01,-2.279423855097239127e+01,-2.398424847799402926e+01,-2.431309352576277760e+01,-2.348705995901850230e+01,-2.256186269439813685e+01,-2.569049599152484831e+01,-2.520863818576317783e+01,-2.367343110164613051e+01,-1.523480554118411234e+01,-1.122590940280725036e+01,-1.149371561567291877e+01,-1.087740677731637717e+01,-1.395240831648120405e+01,-1.318238264003782767e+01,-7.462494081213273844e+00,-5.238035998954117645e+00,-5.504250900208495167e+00,-9.353294537267611730e+00,-1.293619506959696785e+01,-7.966269736981574034e+00,-4.777912245679448056e+00,-3.367776228896989021e+00,-3.776279934319376252e+00,-6.438278997530236580e+00,-4.898192717345389191e+00,-3.345879649046723081e+00,-3.660457172921595781e+00,-6.925488911967240924e+00,-1.463557931485066810e+01,-1.712708784105213411e+01,-9.912306530785015113e+00,-3.406260968971542624e+00,-2.739856165450422765e+00,-5.372916531130557338e+00,-9.931654001920277253e+00,-6.888120997498053732e+00,-4.880654755894464181e+00,-6.077287808743141895e+00,-7.774353028392376963e+00,-6.270322182791606025e+00,-7.145330852103768393e+00,-1.023880134739038539e+01,-7.689735167354117884e+00,-8.155979548701802528e+00,-1.585714720132696698e+01,-1.901313210807683873e+01,-2.137109745367792613e+01,-2.299303635568109172e+01,-2.183401959088012489e+01,-2.194106900236988622e+01,-2.334667179966701056e+01,-2.567525280158938372e+01,-2.143584628869558983e+01,-1.605803793350249009e+01,-1.651659326107447257e+01,-1.706972638068308257e+01,-1.678685722824271309e+01,-1.729867286900527645e+01,-2.222905476220691412e+01,-2.418698177628844803e+01,-2.079322760250732216e+01,-2.078563510370618417e+01,-2.117708854456894230e+01,-1.397323262509498853e+01,-6.303410581050028050e+00,-5.393484571052871601e+00,-1.063135359487460718e+01
-1.342847127131833318e+01,-1.355965705682303124e+01,-1.718155856168906936e+01,-2.142478746130266387e+01,-2.058547104223993784e+01,-1.710758456292043306e+01,-9.294094618950181186e+00,-4.581751871200007820e+00,-5.037851164814170168e+00,-1.112908213830176152e+01,-1.393961744272071890e+01,-1.288494872773876665e+01,-1.273852237854295133e+01,-1.669497145041254527e+01,-2.389432878257663972e+01,-2.456033300443460021e+01,-2.455244373365212951e+01,-2.735065076733363654e+01,-2.565273311847948889e+01,-2.359916017619708128e+01,-2.407337669379838374e+01,-2.256213695948360609e+01,-1.978516343713716807e+01,-1.970037970470108135e+01,-2.035142563135569205e+01,-1.930170210900197603e+01,-1.684041641868707728e+01,-1.086953136939128761e+01,-5.901272119001577998e+00,-4.254668621161512121e+00,-5.724115282979630237e+00,-1.102863408045004334e+01,-1.796924798361217768e+01,-1.312885879560281310e+01,-1.494465576237394622e+01,-1.242001198812295470e+01,-1.340055637869216021e+01,-1.548018037544862047e+01,-1.051375998294990488e+01,-9.416423619760356800e+00,-1.192839089038831624e+01,-6.311233912374227373e+00,-3.132979077464751683e+00,-4.322862378613070433e+00,-1.071529095523229991e+01,-1.063871983990414449e+01,-1.051303958210326250e+01,-1.551519262881679317e+01,-1.711534580383591830e+01,-8.289051133712739272e+00,-3.403986800031892912e+00,-1.614480654758917444e+00,-3.670688366951093684e+00,-1.007515363042591261e+01,-7.821162860357124380e+00,-8.197167999303067276e+00,-4.722474382678401916e+00,-4.099568963029514457e+00,-4.225488808219328263e+00,-3.526533887970424885e+00,-4.086614679744225320e+00,-4.471604293539323649e+00,-7.300189380882350143e+00,-1.419096997403006455e+01,-1.283496136155747358e+01,-9.458667131553170293e+00,-9.091186687691521939e+00,-8.873868221090040365e+00,-1.277791066297137945e+01,-1.803436556117225109e+01,-2.526694680898244272e+01,-2.531396489652968640e+01,-2.549103721953530410e+01,-2.645419993473373310e+01,-2.637560978190589367e+01,-2.572366596724240750e+01,-2.490558881614044395e+01,-2.566645706700914786e+01,-2.586463728569846054e+01,-2.160610625580066824e+01,-1.852115434180689135e+01,-1.963366319660012138e+01,-1.202352004105808092e+01,-6.224891702182420161e+00,-7.374587137280530058e+00,-1.518101243936378530e+01
-2.106935663077667442e+01,-1.859210168132345231e+01,-1.304919631608569830e+01,-1.118376808312103066e+01,-1.033016311758347072e+01,-1.125029830441220113e+01,-1.082058054982250894e+01,-8.382700309498620328e+00,-1.221019409631044894e+01,-1.234569050610520513e+01,-1.240190145805591904e+01,-1.401990389368916290e+01,-1.071945445592166735e+01,-1.258322890978733177e+01,-1.725468436179270171e+01,-1.822183304524603642e+01,-2.289380453379099478e+01,-2.638173689551025802e+01,-2.461733450780388210e+01,-1.632672461116586859e+01,-1.636628969116065235e+01,-1.669411980559807773e+01,-1.357939853650013085e+01,-8.389336297274319065e+00,-7.273326144987390052e+00,-9.037482544666028517e+00,-1.391500068256873135e+01,-1.330597287370958348e+01,-1.268241350068390894e+01,-1.064178432535579155e+01,-1.049744992037765812e+01,-1.535687102343289823e+01,-1.950754992288487699e+01,-1.098701324080692920e+01,-5.990925153987553209e+00,-4.698609421752172999e+00,-6.812096023832568292e+00,-1.349011982488268124e+01,-2.130768208467323532e+01,-2.084531952133615462e+01,-1.637569209455533681e+01,-1.441584202442460416e+01,-1.387622985084548333e+01,-1.362064845825879544e+01,-1.595062132282111556e+01,-1.694808257627123282e+01,-1.550343358061695831e+01,-1.722937564267456878e+01,-1.189073460065681509e+01,-1.065739376581352182e+01,-1.631578696979821075e+01,-1.184869725672343321e+01,-4.417816634624059269e+00,-3.716751274375515113e+00,-7.485756326722734499e+00,-1.359179296566329853e+01,-1.773636917167037552e+01,-1.907738318015600854e+01,-1.444973543400072913e+01,-1.106852352767045211e+01,-1.100536468488569497e+01,-1.125395497270212886e+01,-1.310994244759319471e+01,-1.309768579934389621e+01,-8.913925374737223351e+00,-5.782057437277932088e+00,-7.525999761037244440e+00,-5.222184411442007068e+00,-7.027605028666612519e+00,-1.516841840562019605e+01,-2.386534510132010567e+01,-2.426888812771280257e+01,-2.508056082070328685e+01,-2.653832146229634859e+01,-2.697723920472705572e+01,-2.641429447763748684e+01,-2.600383329937476162e+01,-2.628183463511576079e+01,-2.573087913571423258e+01,-1.861306256738327747e+01,-1.041816432148445593e+01,-6.797439529013087345e+00,-4.267752255078490542e+00,-5.997559213911303644e+00,-1.389127827418669447e+01,-1.878354437842623881e+01
-2.077051002742679842e+01,-1.911837051478961058e+01,-1.483705309329142175e+01,-1.685718385499852445e+01,-1.633419649837581389e+01,-1.359133120620523627e+01,-1.159068716391352361e+01,-1.230043476865491847e+01,-2.028889889935500790e+01,-2.240961690167434384e+01,-1.856929302215576172e+01,-8.012862311974735974e+00,-3.631749562272190701e+00,-3.142044621292245932e+00,-6.914345864348739212e+00,-1.623858103770336214e+01,-2.000171559912557839e+01,-2.237686509212464614e+01,-2.218827347537033390e+01,-1.532011349692599467e+01,-7.222203046310949226e+00,-5.883749267453538323e+00,-5.930945829182635798e+00,-4.277941691674974400e+00,-2.701659107594999831e+00,-5.505811660922885764e+00,-1.057490703964051448e+01,-9.404090141522065238e+00,-1.296666373733345701e+01,-1.650071156115932425e+01,-1.284825938075553431e+01,-1.261077346328560544e+01,-1.237493447083553200e+01,-5.830585095604867263e+00,-1.413175443073606763e+00,-5.124771961513977514e-01,-3.343834770772293297e+00,-1.188606028247425606e+01,-2.119618197160822604e+01,-2.232351086157878939e+01,-2.072380910028937961e+01,-2.076804868137563531e+01,-2.148598483500589751e+01,-2.335109034021392205e+01,-2.337205760351574213e+01,-2.248582479789966726e+01,-1.254914820740241055e+01,-6.526711689379379067e+00,-5.379602755339485398e+00,-9.127986333752406978e+00,-1.838724169931338892e+01,-1.239709362683405480e+01,-5.073441113906961952e+00,-4.676684475354566217e+00,-7.483343052045079880e+00,-1.412301136519162625e+01,-2.419798028560085257e+01,-2.317515165660217491e+01,-1.634605493709331370e+01,-1.231992309421073450e+01,-1.216282180838912552e+01,-1.086353774061639754e+01,-1.149150813126382076e+01,-1.298660380740202136e+01,-1.155290699460124237e+01,-6.226000319682914785e+00,-4.819112057399043358e+00,-1.361935728187370742e+00,-1.895869417628806675e+00,-8.589456612983619621e+00,-1.201078334973968609e+01,-1.546464470597623908e+01,-1.899695584428219419e+01,-2.311303955544042310e+01,-2.378972856325047758e+01,-2.293805867024050471e+01,-2.179551830728545525e+01,-2.475009813563514172e+01,-2.530807890418831718e+01,-1.824477425058379509e+01,-1.001450037683239458e+01,-6.561829493132256275e+00,-6.882721350165724061e+00,-7.731457612896693199e+00,-1.282840251649609087e+01,-1.804937263845487294e+01
-1.349037843624144095e+01,-1.426305822015718583e+01,-1.735533801835912016e+01,-2.212035246477782380e+01,-2.069763159205895420e+01,-2.117026244593030526e+01,-1.970913429660651417e+01,-1.193601018417882642e+01,-1.166306316306572910e+01,-1.400195852672780816e+01,-1.350787166238741044e+01,-6.865647586247392908e+00,-1.917520357765086780e+00,-1.488551668393983674e+00,-6.489397497350022803e+00,-1.616427374159106733e+01,-1.904916759665685788e+01,-1.418826015486972025e+01,-1.113098084175859626e+01,-9.479797179718280731e+00,-2.437481763023076287e+00,6.861084875480080170e-01,-1.681049796668208363e-01,-4.896144682594587572e+00,-2.949060525119532095e+00,-1.883346343120401833e+00,-3.543508618568845137e+00,-4.572942711924778969e+00,-8.386802731579496850e+00,-1.338055837882384047e+01,-9.011733162949102649e+00,-5.727334136271294618e+00,-4.606333854544253370e+00,-5.913318314170109780e+00,-8.403729410145347245e+00,-5.286273741170422369e+00,-7.369477946595608842e+00,-1.484568822747878514e+01,-1.142086497972939796e+01,-9.814510715371779881e+00,-9.743526805675665869e+00,-1.086284715392207367e+01,-1.652913088379925455e+01,-2.342936374212949246e+01,-2.537399730063576797e+01,-2.430336151050247295e+01,-1.232899312117627488e+01,-3.989873366842743074e+00,-1.033432923666804060e+00,-2.013131252172285723e+00,-5.070496075843080597e+00,-4.654765072669691861e+00,-7.466539847941798591e+00,-1.326812044172796590e+01,-1.393615724658238086e+01,-1.922319773226293904e+01,-2.046047875717395925e+01,-2.101551222437210598e+01,-1.313143848644868150e+01,-6.750026946759406066e+00,-4.660171320647683579e+00,-4.749605273472443656e+00,-4.049006917720078036e+00,-5.796892279204521436e+00,-8.689327553028368456e+00,-5.441479117246984742e+00,-2.358739375339852895e+00,-2.260459694797541719e+00,-3.715816728402713931e+00,-4.672880896388460492e+00,-5.900045524571687849e+00,-1.110355376742268341e+01,-1.288986163557940756e+01,-1.006209385759047947e+01,-9.573268844198635108e+00,-9.934364380272290518e+00,-1.356657365806230153e+01,-2.247427252776749995e+01,-2.546759610685683484e+01,-2.077189906680856879e+01,-1.868249158549854627e+01,-1.843337623490631927e+01,-1.640190768787878994e+01,-9.209447711478663479e+00,-7.117011707702666001e+00,-1.070770788966244425e+01
-2.067910788532431710e+01,-1.995470626390617142e+01,-2.225676517268173527e+01,-2.318577508525994091e+01,-1.649092304615573923e+01,-1.424881475390368735e+01,-1.394053578604268750e+01,-7.903437096654004179e+00,-6.394607114882869148e+00,-8.448364993088118169e+00,-1.272690218823556663e+01,-1.187887449164426990e+01,-1.177524541267229452e+01,-7.567959513742732902e+00,-5.430694368959382956e+00,-7.872482080040997587e+00,-7.857751492791247294e+00,-5.669344286491004858e+00,-1.558337055288880890e+00,-2.497711131500279347e+00,-4.877692891810913700e+00,-2.234400136601126352e+00,-5.132903569308642666e+00,-5.391205862121841719e+00,-4.844727775622301280e+00,-6.983388612565819109e+00,-8.875698693039762333e+00,-5.688871602293189333e+00,-8.858401954629039565e+00,-1.765420356142611880e+01,-1.401828503062706943e+01,-1.299610163328301837e+01,-1.443604075590162772e+01,-8.174845096719174364e+00,-5.510109757250956974e+00,-6.574098555044136205e+00,-1.336566323951910462e+01,-1.636036082715478557e+01,-9.836787724767932062e+00,-4.914032749092306140e+00,-4.667226921283561758e+00,-6.774250006402722235e+00,-1.327370673008547541e+01,-2.197028413437704941e+01,-2.413451936772761286e+01,-2.094823368451067580e+01,-1.491121257170466130e+01,-1.162764473191199421e+01,-7.194743329847502089e+00,-6.021504538172841592e+00,-7.935450997061401779e+00,-9.857095645584223575e+00,-1.375125688996933881e+01,-1.248050374384144767e+01,-8.259300888494680137e+00,-8.159027474754639186e+00,-9.873762240277901725e+00,-1.146605163255265580e+01,-6.095020125271710221e+00,-5.607977905346237080e+00,-1.255845017196567959e+01,-1.849088237440313165e+01,-9.935997240643464679e+00,-4.614409713799716428e+00,-5.046497453260057497e+00,-7.314155150005835715e+00,-5.678764050243464645e+00,-8.568021662703907637e+00,-1.021031112843797395e+01,-7.498002993924017368e+00,-4.964267009314689894e+00,-8.678879923947894426e+00,-9.848636158550059250e+00,-5.550128684016584657e+00,-4.523527343764559561e+00,-6.435663857532821552e+00,-1.181261778241805516e+01,-2.158974892310513738e+01,-2.501673114390773733e+01,-2.185360703577521946e+01,-2.184071811282907660e+01,-2.238126596603684604e+01,-1.473916798420534846e+01,-6.117517208325043754e+00,-4.145467660581792835e+00,-7.591343570301551047e+00
-2.574352178500808819e+01,-2.747664556430496319e+01,-2.780693443858896430e+01,-2.542832290307256216e+01,-1.521644637875884598e+01,-8.172210213337235629e+00,-5.705749166830805130e+00,-6.714281963938065090e+00,-1.194443448991265910e+01,-1.511683238280638442e+01,-1.360998132847647568e+01,-1.561493473198577675e+01,-1.635217213994674168e+01,-1.573174647065519416e+01,-8.179560574866433953e+00,-6.481573082108534223e+00,-5.726340361707310755e+00,2.014937420763992515e-01,1.285098592201310064e+00,-2.134185270875521567e+00,-4.602232466295418156e+00,-2.661494654041665076e+00,-4.625490459094520723e+00,-9.241253952033646968e+00,-1.602022875037812000e+01,-1.173835405957607847e+01,-4.089356597115393122e+00,-2.086499937971074470e+00,-4.541215715801897979e+00,-1.319680791820278642e+01,-2.026750054978232285e+01,-2.271019031255299936e+01,-1.829790297355360806e+01,-6.777221088418523998e+00,-1.223014050014032739e+00,-1.070854337546505164e+00,-4.981139071776268246e+00,-7.493965721084871134e+00,-6.640739338543578896e+00,-8.067806055072610505e+00,-1.101948042452790411e+01,-7.038097233035181866e+00,-7.450569288051537953e+00,-1.191747654311870797e+01,-1.314409313584102001e+01,-1.889063068018614899e+01,-2.253822686836009836e+01,-1.888490372304697829e+01,-1.513401467154044155e+01,-1.852107042392701430e+01,-2.046385367772051467e+01,-1.962860266761925487e+01,-1.974099001083665073e+01,-1.297305408961900319e+01,-7.900442003066302732e+00,-4.940009615462244597e+00,-2.463928956524219949e+00,-3.020715394599420289e+00,-5.576520875210070116e+00,-7.096327343969854873e+00,-1.295599108706903735e+01,-1.707999610354882236e+01,-1.728352469069357156e+01,-1.267223058584082196e+01,-5.099092750262667728e+00,-4.224911980046570648e+00,-6.514352486788771657e+00,-3.483307605140081975e+00,-2.306167658425526401e+00,-3.770968678912133498e+00,-6.947510525470471876e+00,-1.200814492101887687e+01,-1.393567157610682195e+01,-1.561091672555180843e+01,-1.591611645785906859e+01,-1.509957887562176637e+01,-1.705792553734233508e+01,-2.096557155001254458e+01,-2.217556996927916657e+01,-1.815983953821750063e+01,-1.243694590703221614e+01,-1.202337461391478080e+01,-7.141422840247627413e+00,-5.664697381831307332e+00,-8.514641496061368997e+00,-1.171189914086392747e+01
-2.656152422009533609e+01,-2.812323241379424843e+01,-2.830007124493140225e+01,-2.437598996490012482e+01,-1.709746074676513672e+01,-1.318999529157886030e+01,-1.180695894383292099e+01,-1.304524373143683924e+01,-1.800709608492960356e+01,-1.564854019470797297e+01,-1.153090814506734674e+01,-1.006038641110631282e+01,-6.587143945557470737e+00,-5.309667580677480458e+00,-2.646892142574079010e+00,-2.410048628412542637e+00,-5.699693314148155387e+00,-5.583063335261016391e+00,-1.558038815093504059e+00,-3.853746203734105702e+00,-9.600988230404963630e+00,-5.827251208761266454e+00,-5.457151965103076208e+00,-1.166288436960627983e+01,-2.068256923078580556e+01,-1.081245225713453273e+01,-3.289112545809360189e+00,-1.047469942018261824e+00,-3.213079746855238117e+00,-1.090506725365878893e+01,-2.325448537418860440e+01,-2.482463750766433819e+01,-1.773250846462395458e+01,-6.651749936678937658e+00,-3.079579204583064111e+00,-2.790408612888320761e+00,-6.524331515754007604e+00,-6.004740980972770537e+00,-4.842631952680704011e+00,-8.688622112720066681e+00,-5.646272457169212444e+00,-3.145012746820980087e+00,-2.298593359924710811e+00,-3.598490910163817613e+00,-8.499250508446730024e+00,-1.618794080228295940e+01,-1.699157395526653147e+01,-1.618659072295400136e+01,-1.148669208552091092e+01,-8.786347793941279960e+00,-8.694140453033774918e+00,-9.033052449917974513e+00,-1.318553015293965736e+01,-1.297630168645436477e+01,-1.126162698978686194e+01,-7.319821531422265437e+00,-3.406042523443066017e+00,-5.931396053606317054e+00,-1.311052100713016344e+01,-1.654564415498544250e+01,-1.879914558297805272e+01,-2.276452053776224105e+01,-2.522905466392749929e+01,-1.633522465847830674e+01,-7.781466181496627499e+00,-5.746468302402787387e+00,-6.045310997098456873e+00,-3.917009834740452945e+00,-6.292058999116980189e+00,-1.389299556066971775e+01,-1.799605425168539696e+01,-1.824921912910373933e+01,-1.769193848216806586e+01,-1.987223638560025663e+01,-2.070965538043102327e+01,-1.914940109234729704e+01,-2.051410866147689305e+01,-1.974575797838109281e+01,-1.422959859953581763e+01,-8.414595124148229743e+00,-4.210485012704179297e+00,-3.675166342094654315e+00,-5.567659850793940102e+00,-1.037342189286501437e+01,-1.332270910630699312e+01,-1.452405341253935767e+01
-2.571007283043315539e+01,-2.341617820281108919e+01,-2.348932329934972074e+01,-2.359391508029617412e+01,-2.066906448720975575e+01,-2.175787650719853872e+01,-2.287680871614062994e+01,-2.278989491389907940e+01,-2.220376861004428903e+01,-1.651688152051153935e+01,-1.278156422294733119e+01,-1.203511334557569690e+01,-7.662951427106638569e+00,-5.506621081673518603e+00,-1.402996656632420569e+00,-5.536874471043897739e-01,-2.682900803049898197e+00,-6.110000600455371078e+00,-6.642233897825233768e+00,-4.694040424752098595e+00,-5.910832293445372088e+00,-6.336657178652195910e+00,-5.757772805581566011e+00,-1.116111709143369168e+01,-1.969328086794787680e+01,-1.394242122064109957e+01,-1.168543372570558425e+01,-9.882088902704985856e+00,-1.051962602195393970e+01,-1.311268562214975120e+01,-1.686766132962612730e+01,-1.835841626702374185e+01,-1.465172850539666172e+01,-1.026892481505415766e+01,-9.618739901153185556e+00,-8.945907289517744942e+00,-4.952244159374528110e+00,-4.040263282632782449e+00,-6.107691795543860103e+00,-4.610076515818056997e+00,-2.086547560778353905e+00,-5.287998222795720515e+00,-4.173060286434665755e+00,-5.559624264372214242e+00,-8.280085830060579966e+00,-6.502942390341795331e+00,-6.385572915996304388e+00,-5.525471832461029464e+00,-2.861119225734972904e+00,-2.799165677126383311e+00,-5.986977862379022852e+00,-6.228379145378374560e+00,-1.044787185974703547e+01,-1.718856267255681303e+01,-9.501666582267702665e+00,-2.403434223315913165e+00,-5.553287403926410182e-01,-2.878838667730585055e+00,-1.012240671201516662e+01,-2.163406764459973886e+01,-2.447221897940599433e+01,-2.494249942102505102e+01,-2.513117177795817980e+01,-1.921649954701198126e+01,-1.345332695145643420e+01,-1.064746168278555771e+01,-1.170796285353544164e+01,-1.097611314012804051e+01,-1.410091528819717510e+01,-1.964841084079888134e+01,-2.366784149817837957e+01,-1.763349907270824701e+01,-1.116524732658881192e+01,-8.174996367847645828e+00,-8.243645596367711548e+00,-1.067648522134955691e+01,-1.216127620239294238e+01,-1.065165643557596908e+01,-5.298152531253685460e+00,-2.725549813146695755e+00,-6.058382970231179776e+00,-1.218833653094204372e+01,-1.316286325636710863e+01,-1.138209107631945471e+01,-9.275691883254596704e+00,-1.121650409607486942e+01
-2.199571430410137651e+01,-1.739306382368539161e+01,-1.464139928162552984e+01,-1.476155631232807686e+01,-1.620373791774720473e+01,-2.031614690336562390e+01,-2.279644881313993565e+01,-2.309916673725797764e+01,-2.066902968719715261e+01,-1.662882100898800886e+01,-1.322547290889361449e+01,-1.317603945186120029e+01,-1.229839758927585436e+01,-1.211121361492244297e+01,-1.027905967582785074e+01,-1.081520678392675450e+01,-1.107996279151953800e+01,-7.878058013797716086e+00,-6.971756628949109746e+00,-5.370206435843733139e+00,-5.302506986536256406e+00,-6.098818977256767582e+00,-6.254791338935152822e+00,-1.010147658559202277e+01,-1.948699960453819813e+01,-2.190495218211458095e+01,-2.343516444340917104e+01,-2.247194505647848572e+01,-2.138289951550141410e+01,-1.807441800423250911e+01,-1.013518590508526529e+01,-6.581566944377112982e+00,-6.975496859723374854e+00,-8.850007282072350989e+00,-4.823501080615829828e+00,-4.296062839622716290e+00,-7.579569083247475803e+00,-1.000808948164677759e+01,-6.317617623860598997e+00,-2.306449973303358103e+00,3.562002404564493796e-01,-1.137700449814286863e+00,-2.913545844603702584e+00,-3.214570290544105813e+00,-3.958331605718108381e+00,-4.671407473678807598e+00,-8.184823115818373296e+00,-5.459850311506795784e+00,-2.463396089848216342e+00,-5.260942961650949989e+00,-1.202840383635222388e+01,-1.375764157207867555e+01,-1.466789493396992050e+01,-1.333066585136733906e+01,-6.368229973407191657e+00,-5.828615584943927175e+00,-5.063184652101402783e+00,-3.236888969288641338e+00,-7.829186676567747583e+00,-1.864293478463442355e+01,-2.240162421455820052e+01,-2.377590916538966681e+01,-2.271647041626559016e+01,-2.048059239460311787e+01,-2.281392310411875357e+01,-2.363341877478679720e+01,-2.386820990893676964e+01,-2.253275129904273655e+01,-2.140525014527881353e+01,-2.037851497963184499e+01,-2.122557032199306448e+01,-1.532577646051654341e+01,-7.824900567531585693e+00,-6.146545165595207472e+00,-5.135934158135916583e+00,-4.955292313381005620e+00,-4.102963257396153196e+00,-5.377090671792882359e-01,-1.397433763805697726e-01,-3.500532166705331516e+00,-8.573070408506247020e+00,-7.586261272202921013e+00,-9.068007572461629806e+00,-8.293546424510369164e+00,-8.062214489201553036e+00,-1.493758153733406324e+01
-2.071467459656810206e+01,-1.528111469654636601e+01,-1.635682125673949372e+01,-1.680562003696237738e+01,-1.467502446757018042e+01,-1.450860843767646635e+01,-1.349657664408210600e+01,-1.186537663217719363e+01,-1.437268976218827810e+01,-1.470919088143428688e+01,-1.474350905327396610e+01,-1.267009489317886661e+01,-1.054663885094737275e+01,-1.243194690141969083e+01,-8.632887647352145422e+00,-8.504260135288456368e+00,-6.118761013734744125e+00,-3.997683886253765362e+00,-3.195567936302369016e+00,-3.849427196815723651e+00,-8.972734780711981273e+00,-1.507086038725976707e+01,-1.711710573835227223e+01,-1.712230333117128467e+01,-2.111598425057098183e+01,-2.500426109510523531e+01,-2.509677573742757417e+01,-2.522152012541094024e+01,-2.419867555057729547e+01,-2.114284317184040418e+01,-1.023985673544061115e+01,-5.883091920432243604e+00,-6.561776453984602853e+00,-4.298499449746299383e+00,-4.343193799939774280e+00,-9.197788157535873310e+00,-1.371623124102599789e+01,-1.923957782665281968e+01,-9.784137457836674656e+00,-3.206806378384860157e+00,-2.587481850887940027e+00,-7.808010079307865503e+00,-1.386223575279457876e+01,-1.375970292455367527e+01,-1.398788734007882795e+01,-1.496528570547358683e+01,-1.026543289013491389e+01,-8.013621837128209080e+00,-7.076959569490592905e+00,-9.009995956912295156e+00,-1.449334497397182631e+01,-2.248818413173879449e+01,-2.233566300013593064e+01,-1.113793478758280564e+01,-6.036910992087298311e+00,-5.563360917431707797e+00,-4.483045641133803549e+00,-4.377908419789248384e+00,-9.076793088030269629e+00,-1.025499984713001034e+01,-9.732528013127451416e+00,-9.674771794836029670e+00,-1.139478648254889492e+01,-1.601124580306861134e+01,-2.372458828314569956e+01,-2.509591666614736383e+01,-2.463295494327108415e+01,-2.467311600328401866e+01,-2.284974200852954596e+01,-1.488134012604487744e+01,-1.070263983411643416e+01,-6.290429655547815635e+00,-3.945583971686490443e+00,-5.638058417313199122e+00,-4.081460886334516758e+00,-4.512937667561900845e+00,-2.418995434673367750e+00,-3.160588588668673538e+00,-6.476911727583190448e+00,-4.094117250520992179e+00,-4.796842969783389421e+00,-7.136099211814749488e+00,-3.013081616295487208e+00,-2.441562632909702213e+00,-7.295047333620432006e+00,-1.562265653737628668e+01
-2.194380533604221384e+01,-1.637376006049964161e+01,-1.398787735163710444e+01,-1.447714908523414046e+01,-1.548408344592756869e+01,-1.392445391371049901e+01,-6.307203781058769998e+00,-3.771396790396507548e+00,-5.546002679198752894e+00,-7.627630008995987865e+00,-8.689753683468767420e+00,-1.224319973701739173e+01,-8.655934446640596747e+00,-5.178508247924215269e+00,-3.893002069860924230e+00,-4.873477371679689973e+00,-5.221301190142754400e+00,-8.029093022906144128e+00,-1.353651669666967372e+01,-1.109333799195383463e+01,-1.201313214720660483e+01,-1.708228156857818192e+01,-2.206465475613834215e+01,-2.320161325694950349e+01,-2.285876843310494522e+01,-2.334409983831507418e+01,-2.286062179266951588e+01,-2.323829095964213209e+01,-2.415828199786994190e+01,-2.179222068895820286e+01,-1.155445994311616609e+01,-6.911698392329324925e+00,-8.443997143561603025e+00,-7.345695859830797758e+00,-1.018819647799921313e+01,-1.457427907627047503e+01,-1.307499884239589960e+01,-1.500312818097704159e+01,-1.120575232633197515e+01,-8.209554175384171870e+00,-1.150453617271988627e+01,-1.368150340600778136e+01,-1.817424007408491704e+01,-2.352432056055724274e+01,-2.266077533387045762e+01,-2.013787589728377370e+01,-1.353203764671587805e+01,-1.473264138571178705e+01,-1.339390227630848251e+01,-1.366530445331835608e+01,-2.007411016034716056e+01,-2.371124078845249628e+01,-2.255588773916695899e+01,-1.580946946599101288e+01,-1.008700416242803399e+01,-9.803162017396388705e+00,-1.108568405047172867e+01,-6.170410493402990859e+00,-4.136582651111574194e+00,-3.531132856398138564e+00,-5.375891652441661783e+00,-5.854058623541402717e+00,-7.510851327244561837e+00,-1.394642766650396482e+01,-2.312631199742091681e+01,-2.455577949531205562e+01,-1.981904254614851979e+01,-1.700408326669503722e+01,-1.772401427585660016e+01,-1.070149675125384192e+01,-5.112994239075493219e+00,-2.743332745820170171e+00,-4.142152715389054940e+00,-7.261052937488575942e+00,-5.434315235794785259e+00,-2.943070094683207572e+00,-7.495809972669406074e-01,-3.019917476893836383e+00,-8.572924874211086177e+00,-1.353045588049269732e+01,-1.498658694019754378e+01,-8.761081970830000287e+00,-2.284193296281441743e+00,-1.464791026894173731e+00,-5.918085160487480678e+00,-1.338204148707499108e+01
-2.572627611378677059e+01,-2.109969490721025664e+01,-2.032888399371664079e+01,-2.002525438425195148e+01,-2.017035517710765902e+01,-1.344097573702572035e+01,-5.691438569822384608e+00,-3.150110619839366244e+00,-5.672741886882382012e+00,-9.696462897398999914e+00,-6.706484088915904529e+00,-6.413712429181310348e+00,-5.996654486838187914e+00,-4.832028532187447212e+00,-7.181513521251559951e+00,-1.321667452873164450e+01,-1.614202180800547026e+01,-1.580902915146514687e+01,-1.741150438057557182e+01,-2.060631806795833754e+01,-2.075336754413051565e+01,-2.046489950809769809e+01,-1.582801078203070233e+01,-1.394733978364303795e+01,-1.282451916195964081e+01,-1.214772688523503597e+01,-1.425762359149583425e+01,-1.649650457797159575e+01,-1.479602448630878975e+01,-1.518528222264224325e+01,-9.602155147916601408e+00,-4.697192009737473306e+00,-5.397892067336854005e+00,-7.553712369148968264e+00,-1.103477357635061296e+01,-1.100647765079527396e+01,-6.814302317513764251e+00,-6.230620001563589305e+00,-7.097428988409406614e+00,-1.089501303570871116e+01,-2.067548753014047591e+01,-2.238382607379942613e+01,-2.044896187673088406e+01,-2.417280939517130278e+01,-2.386106149840900770e+01,-1.733592614326768100e+01,-9.721591916703085090e+00,-6.247972088005706581e+00,-6.383555554706632051e+00,-9.700520984544098724e+00,-1.722401233574816359e+01,-2.387729185956125022e+01,-2.145433615910187797e+01,-1.801644482048413209e+01,-1.141974516861311351e+01,-1.131831980707081264e+01,-1.250140653971497251e+01,-6.166508085343219037e+00,-4.549716587540984847e+00,-8.855781762142672875e+00,-1.374776685442633273e+01,-1.336277800115920122e+01,-1.473837291648369785e+01,-1.740119135925787930e+01,-2.336463905654790807e+01,-2.418532731514850553e+01,-1.622671765134534638e+01,-8.628412894165242264e+00,-5.451256334099150891e+00,-5.081522292308225275e+00,-6.370167735896298922e+00,-3.263887249556270742e+00,-5.222718977895458359e+00,-1.175019752185877131e+01,-1.252467318709570065e+01,-6.913204838813260977e+00,-2.602539834225166437e+00,-4.978331073784475258e+00,-1.312523481272559067e+01,-1.653437759994550404e+01,-1.562561637163162231e+01,-6.936052683200545133e+00,-3.899170630789212666e+00,-5.444642653958942979e+00,-1.240006290410311252e+01,-1.774613310362546414e+01
-2.425148894040639291e+01,-1.983454629665112634e+01,-1.819939413871474088e+01,-1.988719405290734699e+01,-2.134904815040471959e+01,-1.871052388744499950e+01,-1.186680950053775518e+01,-7.494321549552997119e+00,-9.027393167255489459e+00,-1.364755002505906667e+01,-1.425148569081575900e+01,-1.077100116037230393e+01,-1.007450906647980737e+01,-1.404970491296462498e+01,-1.779652467847780528e+01,-1.776400655371542214e+01,-2.069025366906901198e+01,-2.342416113023539381e+01,-2.070251329254558215e+01,-1.804330443243944160e+01,-1.826415001254045478e+01,-1.902231906752550117e+01,-1.261675395856376802e+01,-5.279446840855001710e+00,-2.233867697831493526e+00,-2.974448296901297084e+00,-8.034459547232126297e+00,-1.568039324083401098e+01,-8.078052498912082768e+00,-4.130220756428369278e+00,-1.916911545416562612e+00,-1.881805205291122940e+00,-6.069877198947067676e+00,-8.967979225493570183e+00,-1.007346112582519737e+01,-1.191956691250546285e+01,-8.591241410215392449e+00,-6.208976563379054348e+00,-7.371492743492126465e+00,-1.423926937398109693e+01,-1.812609964563646514e+01,-1.877671927168169219e+01,-2.012455966636424876e+01,-2.320492122737505980e+01,-2.414660479276234994e+01,-1.950951513079286670e+01,-9.564621597755955662e+00,-6.344053711486226987e+00,-8.263627043207183220e+00,-1.214588515176117944e+01,-1.382379189702390754e+01,-1.596006152693551883e+01,-1.614286497895044192e+01,-1.371149879102488534e+01,-6.565113917106890185e+00,-3.845022833984316879e+00,-3.551613014884548836e+00,-3.776452402207460146e+00,-6.700845410805622571e+00,-1.180300974117890611e+01,-1.380620454194891522e+01,-1.705838867271219428e+01,-1.862520733225436587e+01,-1.824983706001107109e+01,-2.386531348810851227e+01,-2.446715190210415258e+01,-1.638371120700399430e+01,-9.352861002656339906e+00,-7.115801823730687481e+00,-7.352129497487126741e+00,-2.703378473493832423e+00,5.314814840325239320e-01,-2.645613303937783267e-01,-4.218412589559283887e+00,-4.852272376014658661e+00,-2.507314897325415792e+00,-3.402171442007916102e+00,-7.102835069206109964e+00,-4.676686985721791423e+00,-4.359726441656203377e+00,-6.070701208164673623e+00,-1.104075806059000087e+01,-9.996164164015354459e+00,-9.935752858642404206e+00,-1.421684652430410623e+01,-1.475055694671077511e+01
-2.231330575469796074e+01,-1.759456620507567948e+01,-1.421039173985255566e+01,-1.299462666220337326e+01,-1.461749980558875883e+01,-1.468894742645380092e+01,-1.231840814160936581e+01,-1.061904053469650577e+01,-1.610122079248646898e+01,-2.197820865106946542e+01,-2.203145689090699477e+01,-1.928199671242983371e+01,-1.978873172607130826e+01,-2.059704430048702406e+01,-2.090722977023088447e+01,-2.017041340129065929e+01,-1.967031979196854152e+01,-2.212571150564965450e+01,-1.721614728265136307e+01,-9.835788038850740378e+00,-7.143178985830936689e+00,-7.666134994972020777e+00,-9.738332806197741220e+00,-5.223697506971941351e+00,-1.244086184634876746e+00,-2.673065779897524585e+00,-1.049189355832929849e+01,-1.643714483730665776e+01,-8.945913354290350838e+00,-2.923878216760531501e+00,-3.397129470194540701e+00,-5.614803490456449886e+00,-2.380479582109957803e+00,-3.278903934468323289e+00,-8.601752415868162416e+00,-1.583587359381086124e+01,-1.779302598774888011e+01,-1.148008351289588980e+01,-6.862265202380318563e+00,-8.235100236102825377e+00,-7.840580716842913134e+00,-9.225648905939728195e+00,-1.397158377407161289e+01,-2.167507558924551248e+01,-2.293304235152615789e+01,-1.896872456474158497e+01,-9.197869340882046885e+00,-6.759573602494392652e+00,-1.081390222679567614e+01,-1.163530874934815351e+01,-7.152071081642203509e+00,-4.162741234248774624e+00,-4.493040018195983087e+00,-5.896475350242535107e+00,-8.116598315138853437e+00,-3.975253433102869938e+00,-4.403167574630893810e+00,-6.460511200641858132e+00,-3.540067154096567581e+00,-5.279377029824803280e+00,-1.041287702715152363e+01,-9.273946930092709096e+00,-9.548770496863445700e+00,-1.487347234023436293e+01,-2.219557632198770492e+01,-2.341084209107260605e+01,-1.992956998148037329e+01,-1.926026149560476952e+01,-1.887020959835925993e+01,-1.496027874946594238e+01,-6.024783346871312339e+00,-3.011737568428356049e+00,-4.584977113716446340e+00,-9.788456038010256322e+00,-1.476656634083287933e+01,-6.218492083695809747e+00,-7.771999554008552913e-01,7.732677211494447533e-01,4.869094588225067466e-01,-4.549421273654670195e+00,-6.557142394417114772e+00,-1.120754357785668986e+01,-1.111772716045379639e+01,-6.741818845044565300e+00,-6.955622085405670063e+00,-9.378745989035104813e+00
-2.175399434293499468e+01,-1.931058720595963862e+01,-1.852762535510172270e+01,-1.635499772952713116e+01,-1.352485824905279088e+01,-7.917043888841876154e+00,-6.359915860736642834e+00,-8.588263580817303122e+00,-1.598405878416454584e+01,-2.349763274010811287e+01,-2.405459931242556948e+01,-1.894313882689439765e+01,-1.452058133915180527e+01,-1.196870183114332065e+01,-9.161781069120563004e+00,-8.505233135972375180e+00,-9.877293163933613229e+00,-9.344022799738263885e+00,-9.057258566372267339e+00,-7.751384349383470429e+00,-1.611598402626087223e+00,-8.447582970212483833e-01,-4.784220725411676867e+00,-1.111820920232598020e+01,-7.230872967856303291e+00,-3.978973027404028251e+00,-7.093829303667063435e+00,-9.091097101796673741e+00,-8.987880644452481249e+00,-7.726530955720494198e+00,-4.685534108003587050e+00,-6.713432800678806878e+00,-3.814621041863019091e+00,-4.744543768010522022e+00,-1.195686184404460484e+01,-1.592852565623421768e+01,-1.724188810450430154e+01,-7.481104038314509985e+00,-3.472125398009333175e+00,-5.283359705036833276e+00,-7.076433837868784771e+00,-5.817986688086095093e+00,-1.020045789962506433e+01,-1.555970583526232787e+01,-1.613034095927959299e+01,-1.167059124335077946e+01,-7.023801156582723415e+00,-6.373264096392929901e+00,-5.934764687796585392e+00,-3.363426175736289103e+00,-3.898063361957555539e+00,-4.927330628016124869e+00,-4.347274080661786222e+00,-6.943946099804557903e+00,-4.049352726031749228e+00,-2.090980169185586490e+00,-3.252986335211597080e+00,-5.533975008334822476e+00,-8.700536780628084443e+00,-5.952429947393540921e+00,-4.704181548179560579e+00,-5.343688786257314582e+00,-8.050563785411020135e+00,-1.343630559480827280e+01,-1.639416273632122412e+01,-1.536103120650953890e+01,-1.479955965417032004e+01,-1.407800341835458724e+01,-1.573477623753875321e+01,-1.529662976920149653e+01,-1.419106616591679249e+01,-1.475729553845092568e+01,-1.455418127502193926e+01,-1.726408731118413442e+01,-1.775301643364302251e+01,-8.865099635117381638e+00,-1.506825294395382597e+00,8.275750303242838946e-02,-2.045434809904830065e+00,-6.293638204117767643e+00,-5.105131810403052306e+00,-7.006233878718077790e+00,-8.473418693961077608e+00,-3.132784007113597724e+00,-3.048178153076984032e+00,-9.949395002754590323e+00
-2.298830905579428574e+01,-1.728983078658125905e+01,-1.444030590275771786e+01,-1.374166809966546055e+01,-1.359326802592241101e+01,-1.188608353829565800e+01,-1.072248265943454371e+01,-1.005856541185888631e+01,-1.631655640638511429e+01,-2.142627050858417448e+01,-2.285792074676688301e+01,-1.947221570524550671e+01,-8.450225412845611572e+00,-2.450002029641240142e+00,-3.722773532877242664e-01,-1.631272426091902261e+00,-3.561217821839901987e+00,-3.669380340184874356e+00,-3.016579198288440011e+00,-3.713278368936997254e+00,-2.665438257161357072e+00,-3.851694870446693120e+00,-6.601292421230833263e+00,-1.664411291184316255e+01,-1.570525829573623966e+01,-6.315808941844765378e+00,-4.070128940543487062e+00,-4.714197253988778868e+00,-4.442891484481915398e+00,-5.507235431083911337e+00,-7.095459288768186212e+00,-1.478013048531444973e+01,-1.094917673577789152e+01,-6.411281481726478937e+00,-5.217639249721043981e+00,-5.200741874477079918e+00,-5.783380320985630263e+00,-3.286533556754153373e+00,-3.615599773084844148e+00,-5.105862060575995010e+00,-5.929658769196226586e+00,-5.847563276764090823e+00,-1.078557372275199633e+01,-1.173995419904475845e+01,-5.420937074902858477e+00,-4.043082665481412263e+00,-7.659877175554092865e+00,-9.138610949498096048e+00,-7.520389347927260992e+00,-2.933187819363279214e+00,-3.441051118036746459e+00,-5.036693217773132503e+00,-4.656273716506157179e+00,-5.087949416593058771e+00,-4.118955754340832165e+00,-8.489266423437431541e+00,-1.230259189043791324e+01,-1.394811731303921221e+01,-1.323759690859845506e+01,-1.378347678220909067e+01,-1.722303795268517490e+01,-1.690201185313799925e+01,-1.683191240379828457e+01,-1.729103042333180795e+01,-1.134031487330225652e+01,-6.354632578960812239e+00,-4.861516889952521403e+00,-6.439154929332151056e+00,-1.151075405109929761e+01,-1.689314435729543717e+01,-1.919462312723844022e+01,-2.038562609312188556e+01,-1.828555602972744154e+01,-1.793527316683121242e+01,-1.851717655531322748e+01,-1.236647045794334154e+01,-1.018086364920044851e+01,-1.093540978536208819e+01,-1.359223429604748112e+01,-1.317819736761446237e+01,-9.197428799312532988e+00,-5.829875181194480227e+00,-4.170515841569836901e+00,-1.663651910140836687e+00,-3.218947418624151346e+00,-8.634800014832547888e+00
-2.526390182334958112e+01,-1.842069760715688531e+01,-1.484942088418334549e+01,-1.594771839553163240e+01,-1.656905523511289502e+01,-1.462352650675154742e+01,-1.219581690862888657e+01,-8.257135644441342848e+00,-9.202052890799427232e+00,-1.484732636786599258e+01,-2.125498782769414419e+01,-1.993588264115894049e+01,-8.869229521460205490e+00,-3.769996413706005800e+00,-3.394112983862478394e+00,-8.128937767342245380e+00,-1.667376670892570800e+01,-1.617281860232580826e+01,-8.916075841953821524e+00,-3.760124838360023425e+00,-4.368160551399674851e+00,-7.149195189353164004e+00,-6.029733690596718709e+00,-1.178754035616648999e+01,-1.633717815566608778e+01,-7.363734539683538749e+00,-5.741754577246330982e+00,-6.758807905757699963e+00,-3.899679982053641858e+00,-5.729015401678287489e+00,-6.147195101011800666e+00,-1.014399980747972663e+01,-1.048850054603837911e+01,-9.344324389714321555e+00,-2.995392392124653469e+00,-4.201107190242961420e-01,-1.648781121185916687e+00,-6.977105617082414390e+00,-1.338927672996775797e+01,-1.248356803478175436e+01,-1.117568236907929879e+01,-1.090029464104703294e+01,-1.412604183186101636e+01,-1.244210809241724291e+01,-3.563042071768800501e+00,-1.184856826928155416e+00,-2.957602963438933141e+00,-5.766622367251009962e+00,-7.024853549272049413e+00,-6.629240751550852906e+00,-4.349753683944808991e+00,-6.007768857385252126e+00,-1.070229773030026266e+01,-6.946214795226358873e+00,-5.263375039887792539e+00,-9.382068350576558302e+00,-8.869695805837862324e+00,-1.092084178123765348e+01,-1.585371692763030005e+01,-1.528647967422281440e+01,-1.790203234303088564e+01,-1.721803730316744563e+01,-1.651803316232812335e+01,-1.799110466469335279e+01,-1.274584680295172490e+01,-1.045967320039982162e+01,-1.055500659505829475e+01,-1.155630886054220952e+01,-1.346535096277717436e+01,-1.792876797778005837e+01,-1.208043100815693016e+01,-7.944936398073732420e+00,-6.169408579826184180e+00,-7.701696968772484553e+00,-1.304013229781434724e+01,-1.978294575669383448e+01,-2.086361195021913417e+01,-2.224272482995768385e+01,-2.143299551956526372e+01,-1.996890072786171189e+01,-1.154777028860936561e+01,-5.418905884766851422e+00,-5.696612609848949127e+00,-1.007951327973535882e+01,-1.171582168181434014e+01,-1.470024358589230573e+01
-2.080524242561282122e+01,-1.588128825271402533e+01,-1.318036654068313496e+01,-1.492712823307241266e+01,-1.755217257528814656e+01,-1.608089762516604182e+01,-8.358977922046458175e+00,-4.138832001513197412e+00,-4.399571825302284189e+00,-8.936247337410467395e+00,-1.648934873733811557e+01,-1.483754752155478762e+01,-1.410283734962230362e+01,-1.301707660446640169e+01,-1.081217604238568342e+01,-1.433578985883989354e+01,-1.781046922334277838e+01,-2.083532038990777835e+01,-1.631100731496592360e+01,-1.043689852588959255e+01,-4.673200660875735046e+00,-4.194781511453271605e+00,-6.535525255758344088e+00,-8.943659149508439654e+00,-1.261657448761335765e+01,-7.391131364207231158e+00,-5.009734632973452229e+00,-5.102642179161082758e+00,-6.795835938162475998e+00,-1.280603280686240097e+01,-8.794394461253217443e+00,-2.746240055821267401e+00,-2.090138698568148268e+00,-4.803320664535667639e+00,-6.816958810991913253e+00,-4.356057349368502862e+00,-8.228581168127195866e+00,-1.727348755743667397e+01,-1.973707160967907015e+01,-2.157084410973177668e+01,-1.998251035559268374e+01,-2.012143884451334586e+01,-1.775774448882532397e+01,-1.062404947335483385e+01,-6.638204536478937712e+00,-7.109544944227851104e+00,-9.122977709287479087e+00,-1.614357732771007292e+01,-1.840483708327053236e+01,-1.842971980662746390e+01,-1.262353862196434484e+01,-9.021227820228984839e+00,-1.278204995462002636e+01,-9.292891938950269548e+00,-6.165797982962076595e+00,-2.336428192653870806e+00,-2.620418769076533927e+00,-7.382749992893752555e+00,-9.129958551632993746e+00,-5.500990429878917176e+00,-5.022148728882538826e+00,-5.938681908463704140e+00,-8.080046020391332462e+00,-1.212079385309728963e+01,-1.959637347250494344e+01,-2.174861404822982891e+01,-1.852445192191436973e+01,-1.316807219181352018e+01,-1.118134385756863836e+01,-1.237983964736224962e+01,-5.561281538021018100e+00,-1.047214511685955030e+00,-3.527528690729638816e-01,-3.333780281831339565e+00,-1.196864053766235969e+01,-2.283925892378537625e+01,-2.496529163659073802e+01,-2.539387453057383937e+01,-2.373946478894648493e+01,-1.931514546525387388e+01,-1.439621446332858667e+01,-1.377440718658097829e+01,-1.091223580600651211e+01,-1.155815179293392347e+01,-1.182972479822071499e+01,-1.337687419844037784e+01
-1.404832134174026592e+01,-1.520405103960110083e+01,-1.763802605366888798e+01,-1.519058657966497350e+01,-1.758757797907327003e+01,-1.798041485466119838e+01,-1.188851367062284758e+01,-7.815716632677398579e+00,-9.387851996276214805e+00,-1.265266718482243213e+01,-1.048409618585164260e+01,-1.093239231055019545e+01,-1.562064490154499374e+01,-1.818096391845295301e+01,-1.148882177722363096e+01,-1.147393858114271659e+01,-1.075439557956375225e+01,-1.241116718163017119e+01,-1.611046243441924020e+01,-1.436937998997346178e+01,-6.328320681593800678e+00,-6.189301031463928737e+00,-9.698013449898203575e+00,-9.997830843197480277e+00,-1.337919583120418920e+01,-1.467465485234296985e+01,-1.377244073107042333e+01,-1.425474718986576761e+01,-1.210238156882861205e+01,-1.358664710103100504e+01,-9.729016737173532547e+00,-3.623835950322050969e+00,-2.721138087377434012e+00,-3.389565345760122028e+00,-4.490463647792357627e+00,-4.938272948938471352e+00,-9.451761090118466768e+00,-1.744979805345753832e+01,-1.856376475960243866e+01,-1.990941347875667944e+01,-1.755176618991007231e+01,-1.447452007586719347e+01,-1.116806199418679491e+01,-8.102992815143279515e+00,-1.213323919918700966e+01,-1.778648978426256377e+01,-1.820399776123862168e+01,-1.916914670885974203e+01,-1.923603459714933095e+01,-1.910647035737073907e+01,-1.280187449336961869e+01,-6.196570854491859848e+00,-5.085498017436675511e+00,-6.295227713484800702e+00,-6.865908080612429742e+00,-1.896825606961830557e+00,-1.305553596084653156e+00,-3.641411832913237223e+00,-4.073667071972980835e+00,-3.142805395566126148e+00,-5.057229400363587146e+00,-8.633811392401920415e+00,-6.913052502934259103e+00,-1.117922566774237225e+01,-1.780004690075648810e+01,-2.035239800970062873e+01,-1.598611855415897587e+01,-7.990953415859746833e+00,-4.562110172501117944e+00,-3.869840882149816252e+00,-5.610982395879185347e+00,-8.016504701383688314e+00,-5.438285432835926692e+00,-7.018853828879713319e+00,-1.376832105367238235e+01,-2.308684927088613748e+01,-2.550055198815032753e+01,-2.573253498914587567e+01,-2.449591262467944830e+01,-2.208787519149197820e+01,-2.279765929520585033e+01,-2.232250886746035334e+01,-1.132253700813264352e+01,-5.666302008938242984e+00,-5.075619363830289998e+00,-8.633961519667209927e+00
-1.530005963977056638e+01,-1.959169442963054308e+01,-2.365706884587994097e+01,-2.067174942256839998e+01,-1.537102355756832495e+01,-1.482662233232541915e+01,-1.251526198132347467e+01,-1.026068943329439875e+01,-1.476050986952454025e+01,-1.939560025702905932e+01,-1.691063705200457434e+01,-1.428165671934608305e+01,-1.658301784519020927e+01,-1.691776733726035431e+01,-9.676745905675961268e+00,-4.462122134124959949e+00,-3.243456550511240266e+00,-6.550477147329854866e+00,-1.362727595467603869e+01,-1.146711187053272774e+01,-5.065278335097636919e+00,-2.482549245120914794e+00,-4.492183668638459082e+00,-1.177007950990254592e+01,-1.426188258815357734e+01,-1.026505417814691512e+01,-8.008440899826188897e+00,-7.773949679811947178e+00,-8.462526265446467022e+00,-1.160595741572270789e+01,-9.310184215771332816e+00,-1.219279013426249314e+01,-1.444443525188026634e+01,-1.388457942840764048e+01,-1.194682938804608341e+01,-1.051460292139126196e+01,-1.144288057134351710e+01,-1.379094972046276979e+01,-1.029606089837678518e+01,-8.882640632964273308e+00,-9.599911555306601230e+00,-5.135778601731010085e+00,-1.764436470505178045e+00,-3.253432884009000325e+00,-1.112526303757238111e+01,-2.233900002486833003e+01,-2.367746997789572205e+01,-2.031474712240786928e+01,-1.261472642239723463e+01,-8.679282292609906690e+00,-4.865186895833898184e+00,-2.067208030744533964e+00,-3.900456460434516881e+00,-6.052328541761136549e+00,-1.669902883280550254e+00,-1.750241037138261513e+00,-8.713280596439762604e+00,-1.277127326631079640e+01,-1.479640524134836177e+01,-1.175530162408151647e+01,-6.607927377897364174e+00,-5.685313754636823091e+00,-5.667799562898300891e+00,-9.475248342109772182e+00,-8.106020157991460806e+00,-9.250113914031109275e+00,-1.157582365738526597e+01,-1.134152510102468625e+01,-9.545602374631940279e+00,-1.051617389940123459e+01,-1.271330848404469371e+01,-1.606065629183791188e+01,-1.724156654791067567e+01,-1.776088574824442290e+01,-1.702534554386867072e+01,-1.890236627327576713e+01,-1.921584644208427761e+01,-1.969534619209420612e+01,-1.740033507620105269e+01,-1.926541742932705503e+01,-2.385527778763807305e+01,-2.345586522480913771e+01,-1.141125833169194514e+01,-5.953913384266481756e+00,-6.574689780027811459e+00,-1.332842385495892046e+01
-1.989773038689416751e+01,-2.562395933566202544e+01,-2.655824644146984781e+01,-2.453441373446515428e+01,-1.443866851948599717e+01,-8.369618391262665824e+00,-6.108337408258714518e+00,-7.937139269959835985e+00,-1.558245505540425491e+01,-1.786085981449097915e+01,-1.658240564451872956e+01,-1.225852814521498324e+01,-1.166320180892944336e+01,-1.382319109812947566e+01,-1.146613445263782616e+01,-8.227038471753360227e+00,-4.784788719527707457e+00,-2.788780053890886013e+00,-6.267009781030155935e+00,-7.457221034837830054e+00,-5.590091290570909699e+00,-1.897395406458669109e+00,-4.213841526392307024e+00,-1.321536135218525665e+01,-1.823911679064044478e+01,-6.487172579606070855e+00,-2.356920142000441754e+00,-3.683862464601984410e+00,-6.281264425006531482e+00,-4.771017884252635177e+00,-5.586670797176033432e+00,-1.125771423378063574e+01,-1.794334158369603216e+01,-2.061589812686425205e+01,-2.043201273998231216e+01,-2.054076538468135382e+01,-1.900772875319910327e+01,-1.074667882919311523e+01,-5.542618504234853027e+00,-5.958137308823243217e+00,-5.516564197440184003e+00,-7.200366874751528146e-01,3.431719165021653306e-01,-1.330423746977229316e+00,-7.732718068679780288e+00,-1.602036486895939760e+01,-1.683639838495327368e+01,-1.658175791037901803e+01,-7.977940760496008643e+00,-5.160287915295317163e+00,-7.088628438507555529e+00,-5.206061555044227518e+00,-6.378798697058480904e+00,-7.547474402962750517e+00,-5.981996144544873495e+00,-2.097584294766642543e+00,-5.312361854789707571e+00,-1.082505238010683080e+01,-1.691371495487125642e+01,-1.224820067136342239e+01,-7.200104497771226519e+00,-8.994958375018970997e+00,-4.646796123217080243e+00,-1.815576624675326878e+00,-1.315234882966348717e+00,-4.097014609183974088e+00,-1.215652353526981777e+01,-2.018714771197952373e+01,-2.249981427010689217e+01,-2.180084806453180590e+01,-2.134771517214884184e+01,-2.252173821798717768e+01,-2.502093939926788124e+01,-2.428401692950998481e+01,-1.670970849226449317e+01,-9.500014535343373367e+00,-7.038454187507848125e+00,-6.506804552242045681e+00,-8.491314814973422997e+00,-1.469364875418539285e+01,-2.259397725021566217e+01,-2.109379489003246988e+01,-1.102726400262526951e+01,-6.797391249933316004e+00,-8.194548287464462177e+00,-1.500109978486563378e+01
-1.987135938833688087e+01,-2.045848200521396265e+01,-2.343830598401659415e+01,-2.419542265302352391e+01,-1.618936272613875005e+01,-1.375733526244418314e+01,-9.255365529588161166e+00,-6.205487302696432117e+00,-9.486099992089599198e+00,-1.222320748194483464e+01,-1.086596592874017375e+01,-8.468278551374682550e+00,-5.434064260648407085e+00,-4.523455169023447908e+00,-5.861934678245137142e+00,-8.274140490830399486e+00,-8.201083383487381084e+00,-2.011737000814795451e+00,-4.514955307280588137e-01,-2.786306597817180819e+00,-6.623061286825828731e+00,-4.950593829425122827e+00,-4.714417155917364433e+00,-9.359645184783534688e+00,-8.765973952789932966e+00,-3.082622498483574613e+00,-1.822144129944481827e+00,-3.714753272936089257e+00,-7.808858005258873192e+00,-8.194425122428485864e+00,-3.710812924131182466e+00,-3.897543352609144751e+00,-8.928206431501694240e+00,-1.381750593112625225e+01,-1.585393455010334129e+01,-1.488158648614665047e+01,-1.259335308948545951e+01,-6.423975743182742448e+00,-3.343977929299114304e+00,-5.062227536049735299e+00,-6.206091230379715995e+00,-7.347752317249462095e+00,-1.262408441440770979e+01,-9.460399184523520688e+00,-5.160660480497447189e+00,-5.191065974817931306e+00,-8.349526860331760503e+00,-1.144242482672210848e+01,-5.813193894979607812e+00,-4.542752921126271382e+00,-5.733011221740651031e+00,-6.497153080475538189e+00,-1.220494125681068986e+01,-1.378265539334930523e+01,-8.230978342441430229e+00,-1.498082184645779247e+00,-1.627720655776108805e+00,-8.787690738685258296e+00,-1.704612117960252959e+01,-9.731408782587706696e+00,-5.612289355456374196e+00,-5.374459111053525362e+00,-6.041429441280037338e+00,-8.805939127268084476e+00,-6.364607179338354292e+00,-7.488747666582806772e+00,-1.348193863602995002e+01,-2.400709936273007017e+01,-2.479257145728773892e+01,-2.192986679077148438e+01,-2.031129818927240649e+01,-2.172948243053814821e+01,-2.275256095769751141e+01,-2.184693853909732653e+01,-1.344953476017668059e+01,-7.842624321238685248e+00,-8.694110660607577756e+00,-1.042832838328740053e+01,-6.645823808571764246e+00,-8.375123763129911580e+00,-1.143351551378501263e+01,-1.134617197741079053e+01,-1.060399027453123999e+01,-6.277827155499058343e+00,-7.369996927166712730e+00,-1.505066250480768275e+01
-1.448124148645473852e+01,-1.565691453445958814e+01,-2.009072093563225536e+01,-2.468250911108410151e+01,-2.254237177899775446e+01,-1.640912972879773690e+01,-1.036938050776037556e+01,-4.921917200543497906e+00,-5.275912065542381235e+00,-1.223672198248273624e+01,-1.889344110470691618e+01,-1.718854640367376874e+01,-1.267482835600394253e+01,-1.067531362835687503e+01,-9.500976213517079216e+00,-1.206032084781704938e+01,-1.384952413398800886e+01,-5.991595124996459631e+00,-5.037639179057263661e+00,-9.714676156536967255e+00,-1.184326232867386430e+01,-1.206773630808327979e+01,-6.279172697595057251e+00,-4.462654926963434576e+00,-4.584244623444001299e+00,-3.234039765874186845e+00,-5.747541931863049847e+00,-3.944538261947570401e+00,-2.206393178085839235e+00,-5.216879677593100340e+00,-5.956981696245324365e+00,-5.485134426881168146e+00,-4.888457252779080164e+00,-7.578022646084996872e+00,-1.361781931833456483e+01,-1.107756444061075385e+01,-5.820339511369020613e+00,-4.430113845426618013e+00,-6.862414610977391582e+00,-1.244680179052680558e+01,-1.227354108877764460e+01,-1.379809002930881334e+01,-1.988774837246377913e+01,-1.724648561550460713e+01,-1.136250570393700698e+01,-9.382777629917814721e+00,-5.347024373653280982e+00,-4.088308809069163274e+00,-4.652803531602621945e+00,-5.415440031618789618e+00,-1.660908436838125057e+00,-2.301263124691784512e+00,-6.447187887575790199e+00,-5.354243184802413680e+00,-2.276753177073648882e+00,-3.386592876944577224e+00,-3.897795409671535705e+00,-5.410949990743387339e+00,-1.074628983403890103e+01,-1.095600478749238782e+01,-7.248387962807226081e+00,-9.472461290714395687e+00,-1.290791455479978644e+01,-1.703788104949106597e+01,-1.740275813104542024e+01,-1.959037173886335381e+01,-1.996563468816626141e+01,-2.610870755901773421e+01,-2.367013813157117852e+01,-1.423272118313621881e+01,-9.813047077364593918e+00,-9.653362279629888576e+00,-1.263824684895176986e+01,-1.353241611892030427e+01,-7.869349275836508006e+00,-8.228487075285146446e+00,-1.578882482215648331e+01,-1.484140380557256833e+01,-7.287170145347828587e+00,-4.997959743360526730e+00,-5.402480399449363091e+00,-5.283898956789315093e+00,-4.755684302280877240e+00,-5.443949955110331196e+00,-1.141398099997571336e+01,-1.816334807235775983e+01
-2.177740944978845050e+01,-2.144291795119074351e+01,-2.375861841849698308e+01,-2.785175924264747849e+01,-2.829540095438483860e+01,-1.884373645200074066e+01,-9.898861764951517372e+00,-6.616760806272957929e+00,-7.257700096104890974e+00,-1.129195836937154596e+01,-1.997880869603338994e+01,-2.405612046118001146e+01,-2.360615485497103450e+01,-2.416339573969367649e+01,-2.224213361012116508e+01,-1.891013175294599336e+01,-1.625768890999655625e+01,-7.847938386083558981e+00,-4.430385193524469578e+00,-6.263540515462860725e+00,-9.181079782147444135e+00,-1.310207274851908288e+01,-1.308342640090534736e+01,-1.216192973911307185e+01,-1.302453822403691142e+01,-9.684380571350796885e+00,-5.551916076481797191e+00,-3.633233016513230940e+00,-3.942786867428172748e+00,-7.449500528178426784e+00,-1.456680777919201475e+01,-1.767426136795801028e+01,-1.422007335733821343e+01,-1.402127232123877221e+01,-1.667826916880279953e+01,-1.528914621222110171e+01,-1.374416915423997487e+01,-1.429160498207762053e+01,-1.534746758719436954e+01,-1.873252426030981610e+01,-2.122330125597597217e+01,-2.268300226262507380e+01,-2.196813572818086513e+01,-2.166169486883032391e+01,-2.217883375946802005e+01,-2.026197181494181265e+01,-8.166117924770325942e+00,-2.756957148966016735e+00,-2.493150323691585957e+00,-5.212001534079321985e+00,-6.938807582408047736e+00,-8.774211514309735449e+00,-9.538072353954078153e+00,-8.727832146401283353e+00,-5.401101406228209889e+00,-5.527476549034810560e+00,-4.174231068892333418e+00,-2.465235467762010746e+00,-4.277592898581091596e+00,-7.146333173941109784e+00,-9.416488412682337383e+00,-1.748841330113301851e+01,-2.230306158720992116e+01,-2.394012408402129921e+01,-2.599276737948410343e+01,-2.732940150581243444e+01,-2.607756000074721570e+01,-2.781255594828656541e+01,-2.323317916338680433e+01,-1.229176476984533650e+01,-6.287929808365479545e+00,-3.996954800034979716e+00,-3.777651131514793814e+00,-3.719655269385450769e+00,-4.157175292040555803e+00,-7.038154496491410228e+00,-1.245918417067928097e+01,-1.582564564333617163e+01,-1.369851437597784383e+01,-1.406250394778397173e+01,-1.293472489998995734e+01,-7.168090767077817560e+00,-6.775063945136907684e+00,-9.816586559510412258e+00,-1.600816381250628950e+01,-1.646932058843947644e+01
-2.899803544910809450e+01,-2.907548830163387876e+01,-2.842208921090337270e+01,-2.877292738798010419e+01,-2.896871466673057327e+01,-2.221366390017152881e+01,-1.862035661799307107e+01,-1.827779468234258786e+01,-1.936372559944182115e+01,-1.924412080349813081e+01,-2.186001756173053678e+01,-2.745484103319299152e+01,-2.880142652533436376e+01,-2.875132369085122619e+01,-2.803036553259114427e+01,-2.488813660163005892e+01,-1.548909363491844537e+01,-8.896324150434887557e+00,-6.367733838790245571e+00,-6.313337900142633075e+00,-8.540210110085611817e+00,-1.467055111622992314e+01,-2.299896377279558379e+01,-2.209609236790023701e+01,-1.952029599306237628e+01,-1.746339054235065191e+01,-1.587237417879905443e+01,-1.492919195481826655e+01,-1.391688280581062997e+01,-1.736918623984314891e+01,-2.164925264402200256e+01,-2.621908058646981132e+01,-2.434950060880820999e+01,-2.418463117293729070e+01,-2.387710637354668819e+01,-2.457091243212459730e+01,-2.475032397444921628e+01,-2.564796322902650161e+01,-2.576237143269021956e+01,-2.504687467786191846e+01,-2.595477158604687418e+01,-2.824272576907208787e+01,-2.816939199607790911e+01,-2.669683516480540675e+01,-2.610183728560236460e+01,-2.023100332449410743e+01,-1.106270114793122339e+01,-8.596197744362227056e+00,-9.663424873221593714e+00,-1.385914396056692155e+01,-1.934815675566214566e+01,-2.096205945415351124e+01,-2.190908153366496691e+01,-1.784418109309582334e+01,-1.062160645413944771e+01,-8.531395213977070568e+00,-9.709656085676819259e+00,-1.137742889767605092e+01,-8.977867537782392660e+00,-8.205628077947457300e+00,-1.154044375255817734e+01,-2.053020276004121669e+01,-2.609011934913751674e+01,-2.798717788703568843e+01,-2.812083940287582706e+01,-2.885694392218844584e+01,-2.715820330881890499e+01,-2.837045619687961207e+01,-2.452906381992893259e+01,-1.678140321669687651e+01,-1.551777787017458188e+01,-1.423075997738437870e+01,-1.112611367291849085e+01,-1.139323953783694066e+01,-1.366490630612118551e+01,-1.645323762729877615e+01,-1.800834644113788130e+01,-2.263031064645024770e+01,-2.435549211320076424e+01,-2.196439385414123535e+01,-1.865538861642357205e+01,-1.769378595816269950e+01,-1.759879940566215950e+01,-1.798476412096096411e+01,-1.448491831772200022e+01,-1.392409321370015540e+01
-3.072669536830814607e+01,-3.080045504970404835e+01,-3.054613517986908988e+01,-3.037775805706286292e+01,-2.972361893326271698e+01,-2.705189486678320065e+01,-2.754236657564876722e+01,-2.772617610720277881e+01,-2.881968993267030044e+01,-2.742933999309103044e+01,-2.674751400219575004e+01,-2.850009357292233503e+01,-2.871402995640994860e+01,-2.921272475118855638e+01,-2.927391382938122888e+01,-2.700305970388514254e+01,-2.045743092143808539e+01,-1.916690957637233694e+01,-1.963344985974654122e+01,-1.898845686575838698e+01,-1.848540343128087926e+01,-2.061622792709874830e+01,-2.698058820862806328e+01,-2.628524419733586370e+01,-2.557068017784875735e+01,-2.563712059450513436e+01,-2.570008399468341764e+01,-2.593577797904269389e+01,-2.474740705417312725e+01,-2.519219739746501574e+01,-2.510500927371833058e+01,-2.845903368214614559e+01,-2.778545717610657562e+01,-2.690949468940268829e+01,-2.696610940685708968e+01,-2.776158977282866402e+01,-2.760525324326435026e+01,-2.801694184041205204e+01,-2.812738678291553640e+01,-2.795982524638867517e+01,-2.705002777631046129e+01,-2.878025719955677175e+01,-2.898504498532710016e+01,-2.780607956966370864e+01,-2.708929077541555230e+01,-2.129133154781720094e+01,-2.003347923191449098e+01,-2.098736124002296677e+01,-2.106199790867230348e+01,-2.203330052171954634e+01,-2.299835804400553130e+01,-2.661874002900742298e+01,-2.437415228909208409e+01,-2.047060493476518062e+01,-1.963923240799940118e+01,-1.981256414551771172e+01,-2.196180576495541814e+01,-2.146408670367175375e+01,-2.001028428368896073e+01,-1.901326620578765869e+01,-1.966009369242282290e+01,-2.429110346677649090e+01,-2.729181620182881929e+01,-2.933989723948122119e+01,-2.879374233820966111e+01,-2.919395250946510956e+01,-2.841822335010266443e+01,-2.910677635760707815e+01,-2.666444816662155048e+01,-2.518568859755538014e+01,-2.586176506435598199e+01,-2.458512330783232613e+01,-2.394264062761350331e+01,-2.322384376653278082e+01,-2.466177188167135270e+01,-2.551968228361988622e+01,-2.530911647272473886e+01,-2.633837327338357071e+01,-2.746935154463498563e+01,-2.561378166693767611e+01,-2.692207366455602369e+01,-2.628395838955886532e+01,-2.512330462732387915e+01,-1.906134851106250494e+01,-1.338146660892108031e+01,-1.326327141186663283e+01
-3.124451266172277997e+01,-3.107018240535532172e+01,-3.101704469709905965e+01,-3.110737315935033109e+01,-3.066961723247557359e+01,-2.925411364140401460e+01,-3.000186787306807545e+01,-3.043572108800174547e+01,-3.050836812812863386e+01,-2.877812522422266284e+01,-2.899708492519291170e+01,-2.935011966173885511e+01,-2.883225266988040758e+01,-2.964384422411445286e+01,-2.971650958607214932e+01,-2.854444424614651510e+01,-2.559384341822325837e+01,-2.728846348150995738e+01,-2.830894491144719183e+01,-2.738253394520009820e+01,-2.614567065602950535e+01,-2.714334667729967521e+01,-2.820856332596931892e+01,-2.761957254300590847e+01,-2.788419219373746571e+01,-2.776309704962577385e+01,-2.744627386923054857e+01,-2.881240310741744892e+01,-2.764986948384583343e+01,-2.793500201210720846e+01,-2.614229002981695515e+01,-2.901255346982533823e+01,-2.908025193578414402e+01,-2.839856704500795459e+01,-2.863973513086333611e+01,-2.923246320331369574e+01,-2.868132332627099856e+01,-2.878301076306641448e+01,-2.881309482341504236e+01,-2.833355908175461124e+01,-2.822757748611100581e+01,-2.931153658692163333e+01,-2.920494460149575744e+01,-2.858257169213913684e+01,-2.788627467628653633e+01,-2.635056607959834807e+01,-2.718123833277753221e+01,-2.835933338048803876e+01,-2.749230251239456280e+01,-2.652416932309856890e+01,-2.670351554783245973e+01,-2.917864493559335060e+01,-2.653899090708667075e+01,-2.598118780223467894e+01,-2.632592633116336245e+01,-2.728446493076004131e+01,-2.755682988931204491e+01,-2.625225754002578427e+01,-2.622900836886340414e+01,-2.742470587482889144e+01,-2.719161091142028397e+01,-2.767355040375512942e+01,-2.772098162338023997e+01,-2.973934731228661121e+01,-2.997962316847939590e+01,-2.983369589215926609e+01,-2.929347160390314997e+01,-2.964665487886385264e+01,-2.926372489674400867e+01,-2.820644390128040868e+01,-2.803130921516709506e+01,-2.898278539781351881e+01,-2.799317153173548434e+01,-2.773377215407276708e+01,-2.763500345572260386e+01,-2.815618952176043166e+01,-2.900982817074724807e+01,-2.901154376532285184e+01,-2.882724067455029626e+01,-2.872865712187672216e+01,-2.846258536913922654e+01,-2.775018227737368548e+01,-2.624909699418162745e+01,-2.021919749165309454e+01,-1.345814655027316675e+01,-1.313405989144594699e+01
