-2.468111963487054084e+01,-3.185852251205983166e+01,-3.750179759528293033e+01,-3.076604747079727531e+01,-1.703218166868524719e+01,-2.302353497923025571e+01,-2.570166190331871192e+01,-2.300606857079224454e+01,-1.657595348454577433e+01,-2.978616114772862034e+01,-1.981471460766633896e+01,-1.818706301385222801e+01,-3.948288761462817575e+01,-2.430378183115238500e+01,-3.437039604227055634e+01,-2.995879380589183327e+01,-2.815030707922873887e+01,-2.375128898464504346e+01,-2.413805169258669636e+01,-1.957815172381722135e+01,-2.723636885659436047e+01,-3.075722634737205397e+01,-2.446583366365021561e+01,-2.868407749610744162e+01,-2.660228093316675313e+01,-3.083419583268933906e+01,-2.003401950149650190e+01,-3.789766230551079218e+01,-2.556643523027756970e+01,-2.458772671906764273e+01,-2.449833657095456729e+01,-2.567017052057473592e+01,-2.262787608231070280e+01,-2.543384779982876864e+01,-2.462828168452212907e+01,-2.111217527258285287e+01,-2.290950686392848823e+01,-2.090855374179819037e+01,-2.369592104559610135e+01,-3.049296688968115987e+01,-1.995853677200906162e+01
-3.235516281982439324e+01,-2.747263511195016150e+01,-2.716804602140248903e+01,-2.235517557486739548e+01,-2.013324082798592229e+01,-1.862587160859653324e+01,-2.407945492987365910e+01,-1.997262338632937073e+01,-1.852985191751744409e+01,-1.811903688901800891e+01,-2.592803918927087281e+01,-1.491127915913747337e+01,-2.957710368586311844e+01,-2.281082072841012831e+01,-2.755216067414854564e+01,-1.939617360170110416e+01,-1.601306643505783001e+01,-1.202264366616344837e+01,-2.082975758301903113e+01,-1.485956847130589686e+01,-2.739742278711612755e+01,-1.559721729149967118e+01,-2.429524099577126606e+01,-2.392343095070850723e+01,-3.251865996267125070e+01,-2.076085521467992834e+01,-1.779739042567417684e+01,-2.317229181869043586e+01,-2.790995482563188546e+01,-1.755149985892803244e+01,-1.932386447240162042e+01,-2.286554448907804726e+01,-1.216595110403481961e+01,-1.687469540188207517e+01,-2.110052659981980128e+01,-1.511702925126358465e+01,-1.183590626370047083e+01,-1.706355539090036544e+01,-1.563733583103028479e+01,-1.557704959979370685e+01,-1.914805046425024315e+01
-2.455609096168892691e+01,-2.033019368224998047e+01,-2.097466891030410352e+01,-1.933116771761622488e+01,-1.859180208530918321e+01,-1.948835572983379194e+01,-2.141215837657770749e+01,-1.247002363591958130e+01,-2.782156528914125104e+01,-1.697202961069420013e+01,-1.775614782526207591e+01,-2.158045462654995106e+01,-2.260780046329781712e+01,-2.346487369221872399e+01,-2.418269345440950602e+01,-1.330088560530261432e+01,-1.753126524698421562e+01,-1.370221055700288026e+01,-2.022132340388893468e+01,-1.930521609229592173e+01,-1.585960911983710098e+01,-1.226631328070892479e+01,-1.658494312921240876e+01,-1.345883466459245348e+01,-2.742523361294307094e+01,-2.140478574724686212e+01,-2.361359197855781389e+01,-2.596061365613026695e+01,-4.174251325989928318e+01,-2.005611184870738128e+01,-1.410715756687401345e+01,-1.915722036564478259e+01,-9.559000049521943154e+00,-1.129789411002779786e+01,-2.019918850664047838e+01,-1.522902238976015710e+01,-6.021951831668107324e+00,-1.146872050395260700e+01,-1.874103720157286901e+01,-1.164253978996988437e+01,-2.350528014745301419e+01
-2.032185953832547298e+01,-1.974061483942190520e+01,-1.556019811142504849e+01,-1.913091979107969820e+01,-1.384174329641109047e+01,-1.588701348367725075e+01,-2.327578438479844891e+01,-9.343484313625470605e+00,-1.894047008156024603e+01,-1.908488819378244727e+01,-1.970672886123530532e+01,-2.619629719464619200e+01,-1.140466380937038160e+01,-2.435243033439702032e+01,-1.555869464758518461e+01,-1.112293873566960123e+01,-1.250814631432369772e+01,-1.899234261125294054e+01,-1.219034091131056741e+01,-1.877416900743953221e+01,-1.971478880260401567e+01,-1.594953268678780134e+01,-1.684020121440576645e+01,-9.216686483033814881e+00,-1.505555175181816630e+01,-2.125531882125099159e+01,-4.161174609476559993e+01,-1.660890637802273062e+01,-1.730536678825702879e+01,-1.072758141138500676e+01,-1.578738179217625337e+01,-1.044514784340545788e+01,-1.148930401105016230e+01,-1.194652096765243954e+01,-1.238754318288735590e+01,-3.954416925505409353e+01,-1.019674366741226379e+01,-1.525560526360653313e+01,-1.685507247923193930e+01,-9.383210930278565343e+00,-1.822858578856148171e+01
-3.301840404416104491e+01,-2.369007379863314000e+01,-1.493095301076429848e+01,-1.921914751667057430e+01,-9.745990616341948964e+00,-1.606236649604998590e+01,-2.394895051315861778e+01,-9.300208608169374003e+00,-2.550494847348026539e+01,-2.218868558523817924e+01,-2.668116578580250220e+01,-1.964566622207559732e+01,-8.509192630412515612e+00,-2.118671550991806285e+01,-1.043616978169541021e+01,-1.217164326755754189e+01,-2.903991564526153724e+01,-1.776504272061182022e+01,-1.455510847873741653e+01,-2.166411646411020797e+01,-1.399937829099890507e+01,-1.597440344340189000e+01,-2.122478696655396035e+01,-1.135397512369714867e+01,-1.345544021285531144e+01,-1.845779933061225364e+01,-1.386060006714694026e+01,-2.046238435400782407e+01,-1.455751535428190380e+01,-5.357994775165674461e+00,-6.339029360856686779e+00,-1.010889767102021253e+01,-1.320850947144155185e+01,-1.584111116978370148e+01,-1.023867962265243747e+01,-2.077397796560649823e+01,-1.463126059745650664e+01,-7.165615302199849879e+00,-1.227361404091176489e+01,-1.151373531822953034e+01,-2.210340813215201194e+01
-1.888446846580649208e+01,-2.258272380927748202e+01,-1.848707421955692709e+01,-1.401027743531624381e+01,-8.242762869344296917e+00,-1.683797395481288817e+01,-1.416504674578156830e+01,-1.109878443146797267e+01,-1.850861505120312600e+01,-1.561812333019701882e+01,-1.883860684974890276e+01,-2.229758087386307608e+01,-1.196225560739511806e+01,-9.118432394806804453e+00,-6.802783037558162604e+00,-1.504189226094591803e+01,-1.254272831559256574e+01,-1.493838093804023615e+01,-1.594589822216345354e+01,-1.080585452082110720e+01,-8.282963554293537811e+00,-3.088234349075220209e+01,-1.816740716093415031e+01,-2.436275374520735681e+01,-9.957853377942496920e+00,-3.190116095132712104e+01,-1.709334361542128633e+01,-1.813282992340985089e+01,-1.893969961657636247e+01,-9.591706692714360827e+00,-1.080049341054435175e+01,-1.311100997025197223e+01,-2.033619132960008358e+01,-1.859007144924724741e+01,-1.017919077003471173e+01,-2.203973719193971093e+01,-9.064241586922541671e+00,-9.546403003792956810e+00,-1.372247305752774338e+01,-1.395683636598903377e+01,-1.837459450173453845e+01
-1.644751336543560782e+01,-2.314566354217313204e+01,-2.209165033847192916e+01,-2.345668709585254419e+01,-1.208061127534759649e+01,-2.184341317404946636e+01,-1.125394063404178624e+01,-1.114911430155606809e+01,-1.299891947568433892e+01,-1.327721869860383386e+01,-1.830775183851161003e+01,-1.329936986126455167e+01,-1.448807968719118122e+01,-8.246454117056773114e+00,-9.074623239175267031e+00,-2.122935181084749701e+01,-1.115368391924015867e+01,-1.145620274888428369e+01,-1.696604919157747915e+01,-6.289954769079047381e+00,-1.764260089743342164e+01,-1.677438781346825536e+01,-2.140933018898291706e+01,-9.921279303869402710e+00,-1.202454768129393514e+01,-2.293360871534764200e+01,-1.678679017650462768e+01,-1.095757538362676264e+01,-1.702281974623778282e+01,-2.683161229458625030e+01,-2.081867461062786617e+01,-1.202297339030930168e+01,-2.135243032307230138e+01,-1.429928252618451623e+01,-9.168254001425378164e+00,-1.688014428088159136e+01,-1.182545023087523184e+01,-3.001665256713093299e+01,-1.570879664436740342e+01,-1.970191975450606847e+01,-1.497024084663476273e+01
-2.467079385115587442e+01,-1.890846222392154274e+01,-3.162716318561134088e+01,-2.082113599245674607e+01,-1.624500461534126927e+01,-1.827394507791966660e+01,-1.183107215618166563e+01,-1.211643922278599206e+01,-1.527058945013718905e+01,-2.284417212709497491e+01,-2.085026086344779372e+01,-8.754499324659558823e+00,-2.047155217408005967e+01,-9.312441937823662030e+00,-1.932914925640245229e+01,-1.383854833571549392e+01,-8.435188211165405292e+00,-2.818298577698047325e+01,-1.475291030390066815e+01,-1.282135979176377738e+01,-1.953416975101650621e+01,-1.505415167273898014e+01,-1.212196078786786657e+01,-1.126909671578437155e+01,-1.955992503839638275e+01,-1.196058009536172051e+01,-1.811518510465948495e+01,-1.132941816233849508e+01,-1.178056599564694551e+01,-1.386966130922671070e+01,-1.711867907401394362e+01,-6.692970559189696189e+00,-2.058849581175817178e+01,-1.255147240427121957e+01,-6.553667559659114517e+00,-1.233834892766025426e+01,-1.999348698896619680e+01,-1.782248853479671169e+01,-1.474523906993733924e+01,-1.911097632669650181e+01,-1.157934993161997639e+01
-2.270256524978982782e+01,-1.836790345713754746e+01,-2.662165759712221913e+01,-1.991701569441276121e+01,-1.011402700211237793e+01,-1.168311453513689813e+01,-1.596379839073772899e+01,-1.002549890570769620e+01,-2.297655404478602748e+01,-3.117143051716697144e+01,-2.554479257929415681e+01,-1.303588731558581415e+01,-1.215052901633499971e+01,-1.225809405175962397e+01,-1.073213290771735551e+01,-2.207172459181467516e+01,-1.635001704648985310e+01,-1.257736386988442945e+01,-1.235702647591982739e+01,-2.154405723759753499e+01,-2.516681441253703966e+01,-1.002036718688622230e+01,-1.459617449098006148e+01,-1.830269036300513363e+01,-2.021170068361498906e+01,-1.251619871416871632e+01,-1.402265610383781791e+01,-1.909451269787678385e+01,-1.059043337833297116e+01,-1.287310906805950950e+01,-1.739218110937252249e+01,-7.659635960273423194e+00,-2.078892573141158095e+01,-2.607125271818993184e+01,-9.224503886599361380e+00,-1.504741488049466902e+01,-1.529233844509780482e+01,-1.565880844410774309e+01,-1.811799694391937976e+01,-1.102148372014560174e+01,-1.316733029838753843e+01
-2.015860725106483287e+01,-2.283523199196665843e+01,-2.432862270394258175e+01,-1.479509708617379360e+01,-1.382148670051767958e+01,-1.379462141936696362e+01,-2.317482093682755462e+01,-1.097179607138089352e+01,-1.371553563399985798e+01,-2.271811971264793328e+01,-1.206165643205639526e+01,-1.471867044563015625e+01,-6.898350955575745402e+00,-2.440793167606268099e+01,-1.149266751931432040e+01,-1.670431198024477482e+01,-2.392322278821446346e+01,-1.696314887989744591e+01,-1.249408433591107759e+01,-1.313657719326529083e+01,-1.997265300953939615e+01,-1.359439508951523834e+01,-1.312666195625032373e+01,-2.066431238959555472e+01,-1.796474088584744422e+01,-2.271065579876053420e+01,-1.726576361298349482e+01,-1.018948128547704002e+01,-7.758168397886848311e+00,-2.369649427344333148e+01,-1.521979983022078109e+01,-9.395443839493642812e+00,-1.628651911993949142e+01,-1.935510142741112460e+01,-2.143112416240055751e+01,-2.501283897279904167e+01,-1.742919790241380085e+01,-1.148027312743063888e+01,-1.385115187041460594e+01,-1.149625622238898792e+01,-2.400579782849748511e+01
-2.732656585124773940e+01,-2.053895957553628904e+01,-4.683043419187136180e+01,-2.191416571533492785e+01,-1.439035578759902911e+01,-1.590873372195652280e+01,-1.449962314633496163e+01,-2.308562183440088944e+01,-1.813646134887396855e+01,-1.963939478358102875e+01,-8.041322131367021342e+00,-1.737419784370345965e+01,-7.441755295579359775e+00,-1.428671081192202053e+01,-1.426636168144861472e+01,-1.071593688029612323e+01,-1.290821704268641135e+01,-2.074371577588630089e+01,-1.606103863965186207e+01,-1.139767629870696197e+01,-2.076732139180453984e+01,-2.076728514626318400e+01,-3.036374740971326958e+01,-1.613011429604391722e+01,-1.981927830333420104e+01,-2.206413401406581798e+01,-1.297219311100320027e+01,-1.359709023384082371e+01,-9.524746424560790459e+00,-2.821598820708881661e+01,-3.846443946497187483e+01,-1.284119482691978575e+01,-1.174763848548312062e+01,-2.119562608362776857e+01,-1.878144170327968254e+01,-1.973138600098183559e+01,-2.166446123494644382e+01,-1.116479258423203014e+01,-8.632232298038598373e+00,-1.811895139911058550e+01,-1.554380830059440655e+01
-3.071234580820164695e+01,-2.011315222894857158e+01,-5.249473633549668250e+01,-2.296912848948006314e+01,-1.278592575265931508e+01,-1.472286292873876334e+01,-1.096291544372722981e+01,-1.386971102439383152e+01,-2.460591660379278878e+01,-1.142949873148363160e+01,-9.315434445744527281e+00,-1.387852522206280703e+01,-9.915875675478547535e+00,-2.161913392828154556e+01,-1.041771579928502689e+01,-1.073382167060576009e+01,-1.120286597858476796e+01,-1.511994566014187313e+01,-1.671397673770290382e+01,-1.526491498018507365e+01,-1.469206823574385190e+01,-1.783310604147016321e+01,-1.007810607754510102e+01,-1.212546026524327125e+01,-2.057228295151159614e+01,-1.842807168210967106e+01,-8.722814951800559768e+00,-1.886117632200035388e+01,-1.910941317991790811e+01,-1.639286099554995957e+01,-2.509607825769127132e+01,-1.787267281390159113e+01,-1.094546784955443286e+01,-2.281853874933609561e+01,-1.320282138654272686e+01,-3.026876038998606688e+01,-1.484596142395091078e+01,-1.658986002655815639e+01,-1.460288477354630743e+01,-1.322136301330227326e+01,-1.396043344591966928e+01
-2.143214153276893441e+01,-1.728335573790329960e+01,-2.908780813194794490e+01,-1.643222549180248393e+01,-1.394245781514707261e+01,-1.687917376545697579e+01,-1.470273424140795804e+01,-7.223890935964271343e+00,-1.417434909244772889e+01,-1.035387091871240273e+01,-1.038428151235602215e+01,-1.427557018329564542e+01,-1.484193773941404437e+01,-2.457604428706354582e+01,-1.222519041065408629e+01,-1.171338026737322835e+01,-1.388784069900235174e+01,-1.365075299221658156e+01,-1.786464846772842918e+01,-1.770969897330006049e+01,-1.044491291776898478e+01,-1.048158474949581631e+01,-7.911028101903435861e+00,-2.107381649106584831e+01,-1.473797953390829107e+01,-2.124825620520571334e+01,-8.733983811885774884e+00,-2.461821059694110403e+01,-2.145544671528325509e+01,-1.458001738227028454e+01,-1.357481827428136612e+01,-2.386237298773545490e+01,-1.631668178120652613e+01,-1.933127803400871869e+01,-1.600074154406642890e+01,-2.289436085160459555e+01,-1.513894637671173982e+01,-1.615872118420557513e+01,-1.721689408447283398e+01,-1.623901159125450278e+01,-1.273060376650258974e+01
-2.264045961981631905e+01,-1.536868143770935191e+01,-3.075663972365110155e+01,-1.919888858077038662e+01,-8.624819932220548324e+00,-1.667901398715322969e+01,-1.420526219853256578e+01,-9.254266792602344083e+00,-1.747945738212373712e+01,-7.986959333757103430e+00,-1.123027012341747621e+01,-1.281098258521745592e+01,-1.453724017438999283e+01,-2.125835808186751308e+01,-1.422782936921070629e+01,-1.106839560995616978e+01,-1.584283087525304978e+01,-1.471625677313819658e+01,-1.559808314652639893e+01,-2.154808381867343314e+01,-5.453591802785852316e+00,-9.282192270024440361e+00,-2.022682788276046395e+01,-1.227281664540033290e+01,-1.370911760416596437e+01,-1.191586834074231405e+01,-1.339815039456551560e+01,-2.941517708680456877e+01,-1.736357622982502846e+01,-1.592840685209447926e+01,-1.220069089636380255e+01,-1.644447796755801861e+01,-2.039615783550482320e+01,-3.170584202112443961e+01,-1.215286364445014300e+01,-2.035481688632660280e+01,-1.701108397787186988e+01,-1.539921792793083810e+01,-7.487672877921340842e+00,-1.241999333891360457e+01,-1.689393315199002643e+01
-2.156304620509087044e+01,-1.632149903151850978e+01,-2.458097288423573090e+01,-1.547524021945148043e+01,-8.320947564584130873e+00,-2.204452733280327337e+01,-1.544892490313620215e+01,-2.435069901297731931e+01,-1.640691220489572189e+01,-1.087826043998064662e+01,-1.111611139011587923e+01,-1.183860261993577367e+01,-1.232310703867409885e+01,-3.373299817117158028e+01,-1.585979868701636875e+01,-1.839593917480056007e+01,-9.388892675946433286e+00,-1.495394376738259723e+01,-1.789938768208887510e+01,-1.056119360881951152e+01,-8.552748609480564923e+00,-2.849468080738430942e+01,-1.921347425937607056e+01,-1.339286583203979930e+01,-1.078661240732000337e+01,-1.033050608323958031e+01,-1.889510245162204427e+01,-1.983367877053914796e+01,-1.913276038434003112e+01,-1.672629750870192566e+01,-2.877017691507695574e+01,-1.647989811953978290e+01,-1.596846898306169393e+01,-2.915317404574459204e+01,-1.019697164770682285e+01,-1.352682817625064082e+01,-2.106268158623598197e+01,-3.206202513771857809e+01,-7.989721406165815942e+00,-1.531713075902424848e+01,-1.095643415841649926e+01
-2.131595600075822006e+01,-1.767969985194433846e+01,-2.077648949968972758e+01,-1.558807122379967325e+01,-1.377241362590417850e+01,-1.854955653052935105e+01,-2.154523459346207659e+01,-1.936715092878187860e+01,-1.531273908915856019e+01,-1.550891234261943907e+01,-7.366278853431953877e+00,-1.308961874476136877e+01,-1.863546731536121470e+01,-1.492069375515039908e+01,-1.320581926225198899e+01,-3.560060089007743755e+01,-9.266866991433900580e+00,-1.398380605282973299e+01,-3.130590300922461466e+01,-7.742470852923193370e+00,-1.556902848960307217e+01,-1.796237836561389045e+01,-1.231094486529045007e+01,-2.285739160599043629e+01,-8.050640800284153187e+00,-1.095778981581324629e+01,-1.392093031221604882e+01,-9.858282147504940696e+00,-1.173102825882739708e+01,-1.548204026869286309e+01,-1.658060415436076340e+01,-1.317625208290386141e+01,-1.592446477435758467e+01,-2.367951324846235295e+01,-1.402184454901598798e+01,-2.163578944578226526e+01,-8.539894106390267581e+00,-1.083531145711409494e+01,-1.648584276823189398e+01,-2.144287672346720086e+01,-8.754059669679030264e+00
-1.881339837468401299e+01,-1.559265712450613250e+01,-2.480617486241005309e+01,-3.156389670480401222e+01,-1.454089545662110794e+01,-1.372535523770380017e+01,-2.481170769819641109e+01,-1.537520628988337634e+01,-1.939785764863655615e+01,-1.348113062836384302e+01,-1.400338964693528432e+01,-5.869460416183562401e+00,-1.759081655469177008e+01,-9.668165843638997003e+00,-8.069620484261822213e+00,-1.433217354833623958e+01,-1.435808436680511946e+01,-1.160198930314832211e+01,-1.590551412322466440e+01,-9.800301758184634338e+00,-1.057829627993051602e+01,-1.768821607398603035e+01,-1.117027001785140961e+01,-2.065371413374983334e+01,-9.517922569952506961e+00,-8.950667963251314418e+00,-1.405447314688462868e+01,-1.135529384748436499e+01,-6.790556520173702815e+00,-8.952836503936222101e+00,-2.036595711723153457e+01,-2.141788196047032500e+01,-2.149973648947140603e+01,-2.035260362599062844e+01,-1.460467025439579913e+01,-2.118360532224711790e+01,-1.109312248349601582e+01,-1.210493650127124354e+01,-1.403598920640321523e+01,-2.224138519308488071e+01,-1.077637955537365855e+01
-1.225802966803000160e+01,-1.813724428193795646e+01,-2.753089136152491534e+01,-2.991456552972074689e+01,-1.613080100059935162e+01,-1.437771900681837955e+01,-2.146359676237708314e+01,-1.384362823368452311e+01,-2.315734007277518458e+01,-1.535597723072086751e+01,-2.018362722207535853e+01,-8.171586446487570043e+00,-2.172480955786365797e+01,-1.027354462398235135e+01,-9.089395594909694509e+00,-9.214015861618555903e+00,-2.268729756661361208e+01,-1.024889118948547129e+01,-1.096754656109692050e+01,-8.229999882606096051e+00,-1.559748427371497925e+01,-1.905909846282489895e+01,-1.868716229110403049e+01,-1.653808830156912180e+01,-2.032642398188207977e+01,-6.005250986727524776e+00,-1.788661265091192831e+01,-9.611665930063246321e+00,-1.044046289890037116e+01,-9.785937107609379737e+00,-1.607940432459246338e+01,-1.462195136999659795e+01,-9.013387482922244232e+00,-1.141816927219760736e+01,-1.120222150378146964e+01,-4.160663440659056533e+01,-1.148156680150822240e+01,-1.740775957061369894e+01,-1.470836692433073090e+01,-1.805104636092952930e+01,-1.248774856373960418e+01
-1.247593583043309984e+01,-2.193653371070692160e+01,-1.499643474429337786e+01,-2.246340154355257468e+01,-1.998096077886663124e+01,-1.420375669597413193e+01,-2.459441703328182882e+01,-1.737893833227760965e+01,-1.470833314758035115e+01,-1.308864583076774935e+01,-2.963904483573028159e+01,-1.361453818957783213e+01,-2.508306271532760690e+01,-1.265393848878531280e+01,-1.514715120887095878e+01,-1.533243097627713425e+01,-2.308394128445897309e+01,-1.134531259089392563e+01,-9.143821620569381636e+00,-9.750195622180266142e+00,-1.262856247023487377e+01,-1.207483750862047778e+01,-1.686009164199461097e+01,-9.947838177445051500e+00,-9.861542283964814359e+00,-8.287400020628755470e+00,-1.171414403950075744e+01,-1.424664941619027658e+01,-2.419261140314819158e+01,-1.023525488708429165e+01,-2.163875596166534621e+01,-1.727710834481358759e+01,-7.360160772262995366e+00,-1.158056235772886211e+01,-1.213035978378917079e+01,-2.239133253051453920e+01,-9.365988740245452249e+00,-3.430340004841409751e+01,-1.371285931199405539e+01,-1.463799813727574239e+01,-1.246593486129242478e+01
-1.838913153574956283e+01,-1.537033306100006058e+01,-1.416264948301976467e+01,-1.722037828927788183e+01,-2.036720789780081731e+01,-1.360916965856553418e+01,-2.329026786864664800e+01,-1.781203104274755944e+01,-2.027459966273043079e+01,-1.485310409899667761e+01,-1.718087578786521163e+01,-1.476175956690890523e+01,-1.197186791734959499e+01,-3.244209708556793714e+01,-1.290920421680770502e+01,-2.488391330988082473e+01,-1.671213009587140164e+01,-2.344904534293798193e+01,-1.063047657513806499e+01,-1.586136972318689153e+01,-1.817895006226789434e+01,-1.531753294388579789e+01,-1.303499133599767923e+01,-8.928276955754748556e+00,-8.860374873338191293e+00,-9.379887989358810074e+00,-1.178202021319081894e+01,-1.128191025936198066e+01,-3.597509390445847544e+01,-2.189909386475010322e+01,-3.231194756754207020e+01,-1.667197287772943426e+01,-9.960458680896206118e+00,-1.109577873778846246e+01,-1.795504088843652823e+01,-1.044495290419064482e+01,-1.102678027182041021e+01,-3.403850942611183683e+01,-1.353441375741849306e+01,-1.111293056533486379e+01,-1.526094292845109024e+01
-2.321773373374618288e+01,-1.286354546820742328e+01,-3.894788592631720547e+01,-1.492218176028155696e+01,-2.768644229088691588e+01,-9.808416436605950750e+00,-1.609815638241143887e+01,-1.306962452763295701e+01,-2.838349165293444543e+01,-1.528729688863310621e+01,-1.165281007379420863e+01,-1.954378617395274986e+01,-1.195920164874177694e+01,-1.350059502739392059e+01,-8.681087145167566632e+00,-1.433112761444585104e+01,-8.874278218944960273e+00,-1.452199772884970486e+01,-1.118953701554782043e+01,-1.166412426802922120e+01,-1.351927118391908778e+01,-2.150308715000640092e+01,-1.353003746736063562e+01,-9.216347927235013060e+00,-1.689022250402706860e+01,-9.718671276744299092e+00,-1.590956076818965670e+01,-1.170154349053602516e+01,-1.101727698346362772e+01,-1.370807417240477122e+01,-1.642772170254909980e+01,-1.217582121644141324e+01,-1.975637679425611282e+01,-9.456621537002884992e+00,-1.568132740192947239e+01,-1.230021912001516071e+01,-2.107974202911682227e+01,-2.138123072945615988e+01,-2.227901448474392865e+01,-1.323239811689086309e+01,-1.889242484605963668e+01
-1.892530189398551599e+01,-1.497362429923427030e+01,-2.129991730655354587e+01,-1.431816673591485944e+01,-1.789451739701214450e+01,-9.637714522407286211e+00,-1.334387958031768662e+01,-1.296833443028777566e+01,-1.403107977912840454e+01,-1.428471670379063418e+01,-1.091983652554841377e+01,-1.878051640016218826e+01,-1.763789432368760757e+01,-1.256273367564464749e+01,-6.953368305056787158e+00,-1.619441968279760857e+01,-1.114149130397414922e+01,-2.968871640231027342e+01,-1.009889636670271607e+01,-1.095016485194616607e+01,-1.042049214112875255e+01,-2.150015206650596156e+01,-1.579432604604315493e+01,-1.181144644473309313e+01,-1.645477681026778072e+01,-1.169518217931442727e+01,-1.335929583229515494e+01,-1.409134565021080654e+01,-1.175450980549875446e+01,-1.149515018141540779e+01,-1.232775076970431272e+01,-2.291686564813277727e+01,-1.658330642615688788e+01,-7.962321602317672387e+00,-1.911663652988281825e+01,-1.153651481421094793e+01,-1.297844243130604980e+01,-2.319058021506310752e+01,-1.485601786524604151e+01,-1.437578511885367227e+01,-1.913356189804268226e+01
-1.982472664094137471e+01,-2.371584707247130908e+01,-2.029411717420220285e+01,-2.484045434238960581e+01,-1.498740710399406240e+01,-1.442205158688645739e+01,-1.163199642178788906e+01,-1.895408239163248254e+01,-1.488651911616480739e+01,-9.877125190840018831e+00,-1.186666984997733465e+01,-1.796144534579898178e+01,-2.609994218376971631e+01,-2.214134891381871384e+01,-8.366335350461413967e+00,-1.445794785247275449e+01,-1.493330505419280918e+01,-1.102025365748840535e+01,-1.360934440742585672e+01,-1.540244157929101476e+01,-1.325099844493168355e+01,-1.174789276724766651e+01,-2.001006334813437348e+01,-1.673675714551074378e+01,-1.782197096922991975e+01,-1.863360349687112816e+01,-1.269925576341768192e+01,-2.269553690501039966e+01,-2.442292898894954689e+01,-1.188237269111487748e+01,-1.099348561518247003e+01,-1.603564655201492428e+01,-1.435644208594735893e+01,-1.111119868401451427e+01,-2.963370079092404907e+01,-1.443942782899511457e+01,-1.345734698925479123e+01,-1.781662804182011683e+01,-1.233195709459133660e+01,-1.175027850495997228e+01,-1.416913249082906212e+01
-1.985113386464068697e+01,-2.102207469833310327e+01,-1.638896048508177827e+01,-2.113889795506123903e+01,-1.550045433588033639e+01,-1.785045713690164959e+01,-2.079659091805802973e+01,-2.087590886198852758e+01,-1.204079152181347645e+01,-1.126699846029849894e+01,-1.428232409768059696e+01,-2.342843815372163263e+01,-1.778480786605882713e+01,-1.758019365776005927e+01,-9.434318806869470109e+00,-1.825032659061102791e+01,-1.378299652414353460e+01,-1.888605864672188872e+01,-2.587804153103785865e+01,-1.852395561698859794e+01,-1.425338902960085719e+01,-9.737317089020901761e+00,-1.428543340505706993e+01,-2.963463718985931195e+01,-1.587217579572975623e+01,-1.296669768472539985e+01,-1.016789534457725530e+01,-2.098064970800845330e+01,-1.695419788853965315e+01,-1.179598731283721769e+01,-1.278915007402528126e+01,-1.605146467487824680e+01,-2.496926855358954001e+01,-1.353242670641954071e+01,-2.571296294786476722e+01,-3.042827958397926835e+01,-1.297774446824069550e+01,-2.013149510424902289e+01,-1.853452745939373969e+01,-1.797696658379719992e+01,-9.337736824515165068e+00
-1.760541961132729938e+01,-1.838630103461926879e+01,-2.061483301100399146e+01,-2.489538256790413939e+01,-1.795213134403840272e+01,-1.538347943239107884e+01,-2.084930532464849762e+01,-1.945956412855142759e+01,-9.876093887964712437e+00,-1.041504914951688932e+01,-2.043716462629576824e+01,-1.300452943320160770e+01,-1.576451697760123771e+01,-1.451196855528358043e+01,-9.988558661586454335e+00,-2.201517672806973280e+01,-1.595737832364698505e+01,-1.412347959290974053e+01,-2.169065639267477508e+01,-1.543452878463851263e+01,-1.630841334948655330e+01,-1.223304505088434802e+01,-1.089194485296091308e+01,-1.846057240258065235e+01,-8.690091048971545717e+00,-1.636981274594263169e+01,-1.340550919077305458e+01,-1.045721135026212778e+01,-1.843846685761139881e+01,-1.541211809181949377e+01,-1.832528077611885919e+01,-2.057855618597836411e+01,-1.418984978970091682e+01,-1.216371243854459827e+01,-1.630786333720459425e+01,-1.278924079105385125e+01,-8.040691958853882326e+00,-2.611829910781746378e+01,-2.340006775489051449e+01,-1.404743265394038687e+01,-1.362066363453300788e+01
-1.376382651325546114e+01,-1.892285041891319608e+01,-2.399181797015936013e+01,-2.289590370034725453e+01,-1.067484448127069108e+01,-1.848789995639571515e+01,-1.621041920283852988e+01,-1.023248237220416179e+01,-8.971290510330000245e+00,-1.578474346585228716e+01,-1.477720916237871762e+01,-1.148344241347585282e+01,-1.447583802981723267e+01,-1.736406394725759839e+01,-1.481524990684730092e+01,-2.519480407984698189e+01,-1.594612485632941556e+01,-1.185844741520581636e+01,-1.477895800428195017e+01,-1.442420892760760154e+01,-1.376302128841724759e+01,-2.071126021059969702e+01,-6.693317054003596667e+00,-2.027344358364424437e+01,-7.085929877819701517e+00,-1.962179293029736371e+01,-1.579556624037104129e+01,-1.043308650082818900e+01,-2.404799288558158565e+01,-2.473176499332883083e+01,-2.291060280550508566e+01,-2.059946843878784506e+01,-2.190229224634684968e+01,-1.754592027392953923e+01,-2.290939877633798716e+01,-1.315324308823042365e+01,-7.750918206982994718e+00,-3.457455235234193935e+01,-1.673658788988949198e+01,-1.378164515172953131e+01,-2.038386345979371939e+01
-1.885753559955244540e+01,-1.747059595746031135e+01,-2.465845358927190745e+01,-1.260726487446305200e+01,-8.284027005998725102e+00,-1.606252272864944075e+01,-1.123789326411986522e+01,-1.275660115001132766e+01,-1.694098814804397435e+01,-1.140042545505974125e+01,-2.655589165138907859e+01,-1.837601437450975084e+01,-1.166850586289561065e+01,-1.221637690265169773e+01,-1.809321477000469969e+01,-1.695759671815910608e+01,-1.674864402078620174e+01,-1.180501479608723869e+01,-1.249195254996307902e+01,-1.293845179120946298e+01,-1.569598585853718475e+01,-1.136725142428897684e+01,-6.594067821285626074e+00,-1.473776319617679853e+01,-1.229044884882370070e+01,-1.451284633063137086e+01,-2.137000548508127906e+01,-1.319107587744682419e+01,-1.910650092043203330e+01,-2.510740054139306920e+01,-2.169858466905274952e+01,-1.758051405467077544e+01,-1.905993059322502603e+01,-1.674234778919746347e+01,-1.281645131386373393e+01,-1.791946859828507144e+01,-8.129596983216295314e+00,-1.426557780374459128e+01,-1.148971186201559291e+01,-1.080981770227813321e+01,-1.285339328699441275e+01
-2.223531301849392605e+01,-1.569071498808757248e+01,-2.616197131778053375e+01,-1.586740473210947044e+01,-1.068791361991299027e+01,-1.037527137841587965e+01,-1.132635140847724742e+01,-1.833693233742840789e+01,-8.124427574924318662e+00,-1.197811240737481242e+01,-1.199133311812751401e+01,-1.886283227555235698e+01,-1.259619934444181233e+01,-1.047987096183038602e+01,-1.525844074126495542e+01,-1.657523237417034068e+01,-8.817372980423565210e+00,-1.316681862156830718e+01,-2.142160566558512258e+01,-1.327546663562106488e+01,-3.448452931732780513e+01,-1.464176029406176838e+01,-1.065050282667615278e+01,-1.816599350011084013e+01,-1.334987537488988529e+01,-1.751579167185793295e+01,-1.468898813705944839e+01,-1.472141277666309023e+01,-2.537989449397372610e+01,-1.637297284579978296e+01,-1.512514717169545619e+01,-1.534392837632531581e+01,-2.258523880801644168e+01,-2.178718817154020826e+01,-9.716119656796108117e+00,-1.924423016664428587e+01,-1.100087700693652337e+01,-1.249623208802617746e+01,-1.337879970129374740e+01,-7.863593108442461954e+00,-1.052649369815046398e+01
-2.081766589353904351e+01,-1.614022696924677547e+01,-2.356155057006267128e+01,-1.530565314642163699e+01,-1.001679974154086317e+01,-6.895492017051577882e+00,-1.457264655975441769e+01,-1.175459601345398397e+01,-1.194765706917354287e+01,-1.003701124721174232e+01,-1.342223651815989172e+01,-2.083170820636966880e+01,-1.474436155109635216e+01,-9.313571820622611241e+00,-2.202078869704624964e+01,-1.519109727794785591e+01,-9.043558149095252574e+00,-2.615105819484205085e+01,-1.422870186416520610e+01,-1.268743090517329186e+01,-1.453566589707289580e+01,-9.098527940187171481e+00,-1.650302379126021535e+01,-2.134280727938264732e+01,-1.427337861953541420e+01,-1.272308300911582712e+01,-1.330551762672822136e+01,-1.202072261397493236e+01,-2.285359397561296646e+01,-2.054100096645404250e+01,-3.140981403654623705e+01,-1.612207633373399318e+01,-1.761270867266702211e+01,-1.666633775358558367e+01,-1.118326983991970458e+01,-1.782146887695970605e+01,-2.259601753792059853e+01,-1.100855710902770745e+01,-1.182880637560819892e+01,-1.130281077639856413e+01,-1.506506638144617760e+01
-1.723656415785874785e+01,-1.851287560099309815e+01,-1.706133114824254449e+01,-1.537379982445633608e+01,-1.491385605423929128e+01,-4.924035534905217837e+00,-3.022571113110845786e+01,-1.877938941594134903e+01,-1.240192209131919121e+01,-1.311964904665714826e+01,-1.375696057665782845e+01,-1.259079428771675424e+01,-1.418571677650873930e+01,-9.041100965237792053e+00,-2.076919680225833531e+01,-1.647237369251331529e+01,-1.973297244977149845e+01,-1.337429467204452216e+01,-1.928966853479214194e+01,-1.579506988050929550e+01,-1.516143254208366287e+01,-8.362688900433616013e+00,-1.983556753830704267e+01,-1.579288901142211543e+01,-1.431403380340696074e+01,-1.263529900341776013e+01,-2.773118593549085276e+01,-1.154132476546407915e+01,-1.349453089458598498e+01,-1.926809854937012645e+01,-1.813969620107266678e+01,-1.119660445500367629e+01,-1.270256414979539272e+01,-1.478842268329583653e+01,-1.505521224846903472e+01,-9.432773945220912282e+00,-2.786436386380628605e+01,-1.034682831599740105e+01,-1.062584542567802259e+01,-1.715261277514587235e+01,-2.178046567868191374e+01
-1.169612369084720882e+01,-1.702640925619496670e+01,-1.774673031284724445e+01,-2.182301920932730610e+01,-1.387370395907099940e+01,-5.690466207354079486e+00,-1.745860987044571999e+01,-1.524407215250324121e+01,-6.259746532569630872e+00,-2.322583549219124421e+01,-1.072585701737056318e+01,-1.236221460856389776e+01,-1.554508138226075076e+01,-1.523047787768931194e+01,-1.089748877567311425e+01,-1.587047382705841336e+01,-1.853980360631666358e+01,-2.217269098286114826e+01,-2.171062338007584458e+01,-1.333331943643758066e+01,-2.925802712912121706e+01,-1.527205038691417549e+01,-1.703918666419453842e+01,-1.619383777735071561e+01,-1.270079873859110187e+01,-1.446967205930888234e+01,-1.222746079886518089e+01,-3.139600951141977703e+01,-1.570478368300497962e+01,-2.225252061925817770e+01,-1.342705956680773838e+01,-9.592745590535839639e+00,-1.260251032145142958e+01,-2.102913274018368028e+01,-1.372277876400886676e+01,-9.109988342072647072e+00,-1.519752714602647892e+01,-2.339706340318251065e+01,-1.090259429429102411e+01,-1.072654851824514211e+01,-2.014197866354557220e+01
-9.878944923837861936e+00,-1.365882560056610728e+01,-1.712820819328464950e+01,-1.913493291332781610e+01,-1.189443685486870095e+01,-6.499669220652708468e+00,-1.627979502865220240e+01,-1.435517892969138387e+01,-6.723755858583054135e+00,-1.640592368110065280e+01,-1.110247652543603891e+01,-2.465623629385314075e+01,-1.875998571870280429e+01,-2.072140786536984436e+01,-1.281149241914240022e+01,-1.333998094954530345e+01,-1.067999215096726928e+01,-2.075704508197201648e+01,-1.257769957153817408e+01,-1.300633448344496124e+01,-2.297510558386168711e+01,-1.555296271780962236e+01,-1.279759349863750018e+01,-1.203959401914441507e+01,-1.373861113669330081e+01,-2.464190226109073123e+01,-1.753681956503659478e+01,-1.462070466642576605e+01,-1.051417129057365329e+01,-9.861395416552747761e+00,-1.434034012807935632e+01,-1.171841826401931996e+01,-1.689861081722466096e+01,-1.098652131170073787e+01,-1.494170177659727017e+01,-1.271488137465720136e+01,-1.035276911143259326e+01,-9.774840150274760830e+00,-1.529940635499361257e+01,-1.176169500723990424e+01,-1.287364047618870622e+01
-1.331206267120070663e+01,-2.114639783029285525e+01,-2.033326476967879159e+01,-1.342471773963426429e+01,-9.748919717335464696e+00,-5.141601842956439405e+00,-1.388131607383119004e+01,-1.866625886221962460e+01,-8.755235326968509924e+00,-1.887591407619182604e+01,-1.922512256883463877e+01,-1.409360030978722911e+01,-1.039050268109548192e+01,-1.537820179715448710e+01,-2.333174429893017177e+01,-2.996870091520637303e+01,-1.265118203422862209e+01,-1.231253093084049688e+01,-8.173553182375508541e+00,-9.045208948224892964e+00,-1.301924333518276633e+01,-1.124088583534241614e+01,-1.486654856136622627e+01,-1.284980191652952186e+01,-1.339173117868232410e+01,-2.995135935821235762e+01,-2.294848004904194028e+01,-1.645529926413472666e+01,-1.030649852811177070e+01,-1.567069210020452985e+01,-1.310434996684193010e+01,-2.224363496569008447e+01,-1.669719797402849792e+01,-9.076567601516691397e+00,-2.230764121793787780e+01,-1.040065685777875260e+01,-1.039421450321644969e+01,-1.338655009723552780e+01,-1.079291876010628926e+01,-1.739379207483747436e+01,-1.387847521718136079e+01
-1.012677256450637131e+01,-2.306136799018612749e+01,-1.824720333853150223e+01,-1.766136878968576696e+01,-1.071509011284842927e+01,-2.998395348970181562e+00,-1.239266311272052512e+01,-1.431989236025691881e+01,-8.048150864956349793e+00,-2.210677522588175847e+01,-1.972483167410682015e+01,-1.470836854992892029e+01,-9.300911391942028317e+00,-1.543281680173658188e+01,-2.951879647318618183e+01,-1.984966271902182910e+01,-1.615461770178080769e+01,-1.827155259094606521e+01,-1.318720276598616081e+01,-9.494478309387732295e+00,-9.534903844502697012e+00,-1.007758122800438372e+01,-1.306461597257287721e+01,-1.002540762699640808e+01,-1.054473661697547193e+01,-2.792505218923006183e+01,-1.798303567865118779e+01,-1.502074209834451679e+01,-1.574046886671285783e+01,-2.133099004643808883e+01,-1.034378675033684480e+01,-1.849292734302222385e+01,-1.160657961744332489e+01,-1.028792906962770637e+01,-2.469187340160765487e+01,-1.506999955192514129e+01,-1.680487583133837859e+01,-1.402465219571224964e+01,-1.754004080132825294e+01,-1.448981469240394127e+01,-1.756534517227375503e+01
-7.549924404023338198e+00,-1.487335875920035022e+01,-2.145726380096068198e+01,-2.198584354518455442e+01,-1.405724434206070939e+01,-3.077564729558287304e+00,-1.074892847757912939e+01,-1.344083534270359337e+01,-8.195493859969488426e+00,-1.737571988460640071e+01,-1.373506934440750626e+01,-1.390284119996421808e+01,-1.414917753389785382e+01,-1.817249613090890747e+01,-1.825948309960843474e+01,-1.476424727806511328e+01,-1.339311451537326114e+01,-1.640318603492775651e+01,-1.547566313337204669e+01,-1.170627557028416277e+01,-8.874718723542073917e+00,-1.336160317665198960e+01,-1.380704055412501852e+01,-1.007403306045072888e+01,-9.984640545248744559e+00,-1.537600561539156807e+01,-1.023443220293975386e+01,-2.256910188396412664e+01,-2.579960105815870008e+01,-1.710423276292241468e+01,-6.317235881631802386e+00,-2.581038198035968634e+01,-1.410839016262686485e+01,-1.090377501226826595e+01,-1.586524060149243098e+01,-1.973431433800400114e+01,-1.320397848452231138e+01,-1.064798111713173334e+01,-1.457064990425831930e+01,-1.746745596770823994e+01,-1.542339095357912271e+01
-1.046535712814734254e+01,-1.345227797854597540e+01,-2.482578204887617090e+01,-2.524481260417395845e+01,-7.085196048371567024e+00,-2.634308006261744772e+00,-1.321008222023216305e+01,-1.523850453885166978e+01,-1.461924451432757621e+01,-1.528336320631701284e+01,-2.041556082397759653e+01,-7.518682732545080682e+00,-2.043089281112972344e+01,-1.909642303847189737e+01,-1.706491710614582757e+01,-1.288718037311955733e+01,-1.121763805934848790e+01,-1.220970932836546829e+01,-1.675731726179797931e+01,-2.218643632223255580e+01,-1.286445491177922129e+01,-1.017772177479154649e+01,-2.098394698058289265e+01,-1.219962272973159578e+01,-1.666682309602650136e+01,-1.225838704526028167e+01,-9.686866857895431338e+00,-1.829536297006745471e+01,-1.642558566526435015e+01,-8.544665935540830759e+00,-8.166103556250494222e+00,-2.099491416836841040e+01,-1.608693174484698929e+01,-1.301595152589995408e+01,-1.349036621333320873e+01,-1.606998106742825172e+01,-1.727718988091652719e+01,-1.431711966870577335e+01,-1.557930073325788456e+01,-1.100398146203821526e+01,-2.223453217047715569e+01
-1.712131001329290214e+01,-2.185924978978390953e+01,-2.508492071956590053e+01,-1.616172531669709045e+01,-1.189807654937254711e+01,-1.754672445402997161e+00,-1.152352846403925213e+01,-2.087450417277138115e+01,-1.874124984392123139e+01,-1.501102938802576325e+01,-1.519947040420148454e+01,-1.247942409635710526e+01,-1.408087840600041929e+01,-1.589511006675756732e+01,-1.668095979400313311e+01,-9.333715523487569499e+00,-1.574190410419863007e+01,-1.381922797611294484e+01,-1.567112972100752444e+01,-1.786801602155421165e+01,-1.726238308853231018e+01,-1.215011175064109494e+01,-2.086668408807708985e+01,-1.484849650395884524e+01,-1.170243082497696818e+01,-9.951588140570965635e+00,-1.836313215705388657e+01,-1.292317679132305486e+01,-2.413573375357258755e+01,-1.180024914356891941e+01,-1.595196557625749456e+01,-1.015910077073437634e+01,-1.567906236654898677e+01,-1.970175500551986758e+01,-1.549577794451748147e+01,-3.673459921943850759e+01,-2.556743957376475507e+01,-1.099367019666994061e+01,-2.125702664540001052e+01,-7.702728534700655771e+00,-1.615521908272232920e+01
-2.192768584090845252e+01,-1.474751493689772985e+01,-3.003428574993515099e+01,-2.114260074987694793e+01,-1.756738475232178942e+01,-2.439476805127022807e+00,-1.599316896189075266e+01,-1.588181593509569467e+01,-1.650587806814665015e+01,-3.279575427220297712e+01,-1.742014336944313158e+01,-1.610598342529929994e+01,-1.266758905356986631e+01,-1.457844867306833159e+01,-7.923905414430018723e+00,-9.391720409271972159e+00,-1.618322986239308747e+01,-1.700130266089669462e+01,-1.282546892994230348e+01,-1.706670752728706830e+01,-8.270825243742450539e+00,-1.204708091119453606e+01,-1.692255041791473502e+01,-1.864365872214616715e+01,-8.409201615785635298e+00,-1.397256487724833285e+01,-1.767210648827296282e+01,-8.713690471772961743e+00,-1.331077422274378108e+01,-2.102787384740020471e+01,-1.125792844217736288e+01,-8.757232122245032002e+00,-1.279115595688716844e+01,-1.395503764932835011e+01,-1.772179772234593642e+01,-1.685448437450867232e+01,-1.687151442438944571e+01,-8.399429021029757081e+00,-1.604937481330861360e+01,-9.780445242414518958e+00,-2.471006225885245300e+01
-1.427440387088674356e+01,-1.824074733367437773e+01,-1.770008142301514908e+01,-2.299883858040501394e+01,-2.139831696471232192e+01,-4.814842575759572085e+00,-2.540142283634493481e+01,-9.942045048498046711e+00,-9.580693330027170163e+00,-1.687718978547598780e+01,-1.204145907785445324e+01,-1.514169979484195494e+01,-1.168281909101096971e+01,-1.286269083936367252e+01,-9.618552685868982266e+00,-1.190794636049703037e+01,-1.079618763836887751e+01,-2.070478072895637567e+01,-1.586290130407046739e+01,-1.043400077813657667e+01,-1.099591154669435866e+01,-2.767994151456579033e+01,-2.586082428980731152e+01,-1.283225226465245328e+01,-1.143088388727265858e+01,-2.046187625509646324e+01,-1.151519652371792901e+01,-4.681119077426555641e+00,-1.869403164675426154e+01,-2.690879389747033557e+01,-9.402119288833292288e+00,-1.437801140378882536e+01,-1.900153814172753286e+01,-2.494897982243241330e+01,-1.301248954805827296e+01,-1.155230627688999689e+01,-1.294999989902579962e+01,-1.032230174263552414e+01,-1.296070603825241108e+01,-1.839399568144283492e+01,-1.991652671521395845e+01
-1.334485862986461591e+01,-2.959775414177483910e+01,-1.680129654299915032e+01,-1.926159790877008859e+01,-1.223611627194322971e+01,-7.518687808833406372e+00,-2.479284157593900773e+01,-1.580289052365011493e+01,-9.162352323822974043e+00,-1.732663029310685943e+01,-8.470752175053423372e+00,-1.691964512562398681e+01,-2.199761872522483941e+01,-1.617279758922101252e+01,-1.760663072806124063e+01,-1.809920948809965324e+01,-7.734426336644833810e+00,-1.850820476958359251e+01,-1.577666313157882527e+01,-1.091913983300788615e+01,-3.149110868614421577e+01,-1.630592639221961804e+01,-1.126468077963844650e+01,-9.425018885344526254e+00,-1.783995980355269850e+01,-1.313887542056984437e+01,-8.564582416769368933e+00,-4.463933733225559308e+00,-2.431973677162359238e+01,-1.137996298567486697e+01,-2.528938798323864035e+01,-1.589888898591772026e+01,-1.244255792344633171e+01,-1.530755365834503579e+01,-1.404439135446375886e+01,-7.482708250176655085e+00,-1.693342385349133750e+01,-1.810137605258304561e+01,-1.715143184284696432e+01,-1.133717167126471992e+01,-2.547045802969643091e+01
-1.397601760381841096e+01,-2.170530657265686969e+01,-1.689641351448297968e+01,-1.302214704395302292e+01,-1.021292356959947867e+01,-7.369953547995333309e+00,-1.621353162315439533e+01,-2.089474270071530881e+01,-1.294999790362234116e+01,-1.417123064166906232e+01,-9.995511737746817005e+00,-1.377463936335999506e+01,-1.043789068363135009e+01,-1.201636503916801146e+01,-2.162388832123849269e+01,-1.063345617649059172e+01,-5.094751290014198908e+00,-1.491796916444944010e+01,-1.148557780103564241e+01,-1.225390373360155927e+01,-1.400082742464275221e+01,-2.254316455773521000e+01,-1.291792250839084666e+01,-1.975790602984027089e+01,-1.722631876396759054e+01,-6.644157911170816888e+00,-7.229780070278581938e+00,-6.443881492151362522e+00,-1.551738256552734008e+01,-1.263437838273080516e+01,-9.374008854781980205e+00,-1.892379970886745255e+01,-1.140633544667000265e+01,-1.514541338553706495e+01,-1.498909348792380136e+01,-1.214082842670640083e+01,-1.513012694255984947e+01,-4.274880892117428743e+01,-1.333617190935457764e+01,-9.218680098041865278e+00,-1.481757933855275589e+01
-2.638395770540310181e+01,-1.587769832807466841e+01,-1.659647876503831299e+01,-1.956170806243676097e+01,-8.714402663227424739e+00,-7.413243542406299014e+00,-1.612501499429981422e+01,-2.596163873914552767e+01,-1.467483721106177086e+01,-1.620801311505849540e+01,-1.456588820545230334e+01,-1.682435087590407718e+01,-1.078520096286810315e+01,-1.934008539885848421e+01,-1.449588133341958596e+01,-1.232341712640237219e+01,-1.137869704272394245e+01,-1.153247041614464763e+01,-1.242983588285902741e+01,-1.469151253232220711e+01,-9.431527488835342865e+00,-9.896227929767512421e+00,-1.160763438882249332e+01,-1.398389984811602993e+01,-1.433025871731736700e+01,-8.392078161039329132e+00,-1.718983195477786197e+01,-9.798255872436046232e+00,-3.293480072132404501e+01,-1.567207997477825643e+01,-1.184126816532091198e+01,-1.039154762697881651e+01,-1.385674428790831136e+01,-1.211656799248921779e+01,-1.423217237250609557e+01,-2.617392387587639746e+01,-1.442868808663645375e+01,-1.168276808962519198e+01,-1.417982569942697602e+01,-1.516426955770906915e+01,-1.352687587300276917e+01
-2.111137880777315701e+01,-2.545715695126389022e+01,-1.833583909235726850e+01,-1.279891260642761708e+01,-7.779897847928735288e+00,-1.329252789531720325e+01,-1.714863884213357181e+01,-2.023271300460825373e+01,-1.656586905634028994e+01,-1.773840126825015773e+01,-1.787809463845102442e+01,-1.682310889493731665e+01,-1.261856976017807774e+01,-1.529139125834463542e+01,-1.681899911235275624e+01,-1.258059373834399608e+01,-1.847933984394520479e+01,-1.006607544904609952e+01,-2.063942250640100085e+01,-3.538332549288593043e+01,-1.428929273921816190e+01,-9.712650959137159035e+00,-2.594749108671196680e+01,-1.284877612402791414e+01,-1.470782805028081164e+01,-1.015279458810353219e+01,-9.804134468503507449e+00,-6.229867813927532083e+00,-2.522782379128668140e+01,-9.976139114851989120e+00,-1.091955441507177227e+01,-2.697383744790461435e+01,-1.681762660688146127e+01,-1.637479447062315430e+01,-2.461484442995547894e+01,-1.493834016304553458e+01,-1.004997149486412944e+01,-8.734948575019513939e+00,-2.153774393469550219e+01,-2.717638098167493155e+01,-1.641625896530536011e+01
-2.125085461971650602e+01,-2.721959592865326272e+01,-2.145648163524521834e+01,-1.642074168885793739e+01,-1.312811480760626814e+01,-1.729989245216843585e+01,-2.901280897038530071e+01,-2.892613930825376301e+01,-2.928953646053673054e+01,-2.786691404045135556e+01,-1.559832385954983636e+01,-8.210010369322016999e+00,-2.411087114992998792e+01,-1.771318599405249472e+01,-1.736873180108380410e+01,-1.018924671306348273e+01,-1.116843708094271648e+01,-2.859162279917043037e+01,-2.090471751053195248e+01,-2.902291810121563742e+01,-2.658392510206263637e+01,-1.086757232324160682e+01,-1.138806218070611820e+01,-1.104759475791911427e+01,-1.176615300097770600e+01,-1.221266016678321975e+01,-9.594358324169457219e+00,-1.390726830465559516e+01,-1.258859374118302554e+01,-8.493187442000246890e+00,-1.286242897917355421e+01,-1.619434119495794278e+01,-8.749666204884347209e+00,-2.083211413869329220e+01,-1.119071895177298614e+01,-1.120673369447154144e+01,-1.005053620275444004e+01,-1.788731129816041943e+01,-2.444384498811832529e+01,-2.322027027897974349e+01,-1.729424632271635431e+01
-2.450295301309160934e+01,-1.442707152988070440e+01,-1.804829175299412469e+01,-1.616549505035631640e+01,-1.186590618116455786e+01,-3.075385064922325640e+01,-1.300392627985851846e+01,-2.780872856331381371e+01,-2.613765786542277425e+01,-2.775991323844665715e+01,-1.583047709244943313e+01,-6.392804811859385872e+00,-1.603234682689528867e+01,-1.790970613389382393e+01,-1.053856193672575259e+01,-1.328694113320423753e+01,-1.000752222581017215e+01,-1.254808852388802265e+01,-2.272517237415944891e+01,-2.557315947972881887e+01,-2.327690961700718475e+01,-1.923813593842875846e+01,-1.324187820204291910e+01,-1.020555959604120311e+01,-1.320395238552032424e+01,-3.013300008816116460e+01,-2.686520153752105600e+01,-1.655215949579407919e+01,-6.953288615248234272e+00,-1.528404440723236135e+01,-1.226720523293150400e+01,-1.485324169666583138e+01,-1.047963094728938316e+01,-1.659203224982060831e+01,-7.741383349543616177e+00,-1.257503333808685753e+01,-1.225890177528634872e+01,-2.367943291659585725e+01,-9.564876686191190913e+00,-1.663213398835542023e+01,-1.485942759494482956e+01
-1.952651952519340739e+01,-1.332363520713814964e+01,-1.611595378133432988e+01,-1.029189285663675335e+01,-1.246952896505813513e+01,-2.117894879623473869e+01,-8.411783664890483792e+00,-2.579947981142895941e+01,-1.672933129888864556e+01,-1.730019313746361576e+01,-2.088664510628179727e+01,-8.371610280928706516e+00,-1.568869546390456904e+01,-1.202290383645518368e+01,-1.254755918648437785e+01,-1.265324885931472565e+01,-1.267505941682732384e+01,-6.219242936595270166e+00,-1.773792236744574424e+01,-1.271144709081796975e+01,-2.847540828021026371e+01,-3.581713607159356627e+01,-1.104916785734079809e+01,-1.349645920865160065e+01,-1.653186529887208422e+01,-1.200001579364751692e+01,-2.369833729114481713e+01,-1.167063612034105446e+01,-9.768163887132260470e+00,-3.351025210959718237e+01,-5.537650387124630313e+00,-1.415549246909110792e+01,-1.939729063773171092e+01,-1.995653206805442537e+01,-7.057049851744167768e+00,-1.864705487760395997e+01,-1.779894756419724899e+01,-1.930318825518887493e+01,-8.307914254869363191e+00,-1.474435767594154711e+01,-1.269302036179869653e+01
-1.878036882714452460e+01,-2.619085117177995414e+01,-1.398532096602945884e+01,-1.133770486803655331e+01,-1.603899970842032729e+01,-3.806048410589087894e+01,-6.416664669409321675e+00,-1.637437851673677613e+01,-1.159810874621729582e+01,-1.554408245749856476e+01,-2.491690218761238995e+01,-1.311112412612407141e+01,-2.118045329140871402e+01,-1.660654660326408560e+01,-2.002116376059933600e+01,-2.713042740930014318e+01,-1.784433650864608012e+01,-5.401433041175600636e+00,-1.071551060554775070e+01,-9.996623642448881242e+00,-1.906360657228393052e+01,-2.182852332787292227e+01,-1.535407053272960098e+01,-1.460805996323376021e+01,-9.479342673204936176e+00,-6.971394845293557907e+00,-2.763919174013224733e+01,-1.219639128916544202e+01,-9.910865627749656070e+00,-1.619905240643926447e+01,-7.185138959523190039e+00,-2.658671490558040418e+01,-2.800308787420080492e+01,-2.570404262588853683e+01,-5.591940672863879414e+00,-1.280407894202718211e+01,-1.723637036813038748e+01,-2.042553809374037499e+01,-8.823212704621166580e+00,-1.553603950482182938e+01,-1.308063112365150005e+01
-2.976873709195183793e+01,-1.734580110047036783e+01,-2.049346547407466090e+01,-2.842062119450663005e+01,-3.699771113658091792e+01,-2.328295111542671236e+01,-1.225384038169387502e+01,-8.548002653620532243e+00,-1.900613302959915174e+01,-1.649754366767749758e+01,-2.109707879804199493e+01,-3.285183452747467214e+01,-3.511457437975310825e+01,-2.661692546341683752e+01,-2.327371567664897611e+01,-1.957845774839719155e+01,-7.076477959406327400e+00,-8.302788507945571439e+00,-1.187853901513775767e+01,-2.108531080647903977e+01,-8.000602140474859070e+00,-1.716841961906693825e+01,-2.592717505951680579e+01,-1.147716648246501059e+01,-7.230626506352445304e+00,-9.836947990630983796e+00,-3.227230162392638135e+01,-1.687574995241444498e+01,-1.436897444682008285e+01,-1.935130667129101312e+01,-1.881842017917163901e+01,-2.177458892172827731e+01,-1.280040829363699117e+01,-1.232596087368515825e+01,-4.859652420334644063e+00,-1.041927427673519801e+01,-1.474801957398097940e+01,-2.695154047739804071e+01,-1.802189098467877670e+01,-1.679487806503733793e+01,-1.431267705885394648e+01
-1.338085154772479513e+01,-1.401446083826919597e+01,-2.048604785139001905e+01,-2.732413010040862034e+01,-1.489586418411248125e+01,-2.364134876355328885e+01,-1.777341201520629355e+01,-5.400142439317738408e+00,-2.005707714049427182e+01,-7.705780946832403444e+00,-1.400254745906153353e+01,-2.720304005092541644e+01,-3.616597044580971954e+01,-1.347056417035567577e+01,-1.753656995944904295e+01,-2.206720159259480596e+01,-8.580387330319696915e+00,-1.181706324153902088e+01,-8.181584277557611529e+00,-1.661816701914303707e+01,-6.163087077821547410e+00,-1.543669760180506501e+01,-1.468458625157808584e+01,-7.463874234509346728e+00,-1.117097597374742080e+01,-1.964380409609010414e+01,-2.568976678124385771e+01,-3.335528236377145106e+01,-2.320617316689883580e+01,-1.736883722562091492e+01,-1.086936453910104206e+01,-1.191789913005052171e+01,-1.061941262520844731e+01,-7.560425327925198502e+00,-6.909379734544890184e+00,-1.701559540025666450e+01,-1.539188366080693804e+01,-9.513022251012912989e+00,-1.422742769056526413e+01,-1.809016096564874587e+01,-1.536687332968069342e+01
-1.300284620784289480e+01,-1.850292836462811863e+01,-2.464548904402516172e+01,-2.054655578893623868e+01,-1.148588681928004362e+01,-1.340011486142250696e+01,-1.352488920878412948e+01,-8.067088033520466439e+00,-9.837314337959165655e+00,-6.964525367698517044e+00,-1.335323058694898712e+01,-4.829653896653823608e+01,-1.461784365199775237e+01,-1.014114903017569524e+01,-1.253027399710006762e+01,-1.772947089301480617e+01,-2.229498700790899335e+01,-1.094871988247612116e+01,-1.124134209989890287e+01,-8.895259126656528181e+00,-1.112418692718731883e+01,-1.627838013357773406e+01,-1.039743230082184233e+01,-1.043443880281484226e+01,-9.151730968607454386e+00,-2.152111441753094212e+01,-2.729439950602301224e+01,-1.227833401588536866e+01,-1.374097333204140448e+01,-2.444671504677165785e+01,-1.257845994002549261e+01,-7.591739265520789814e+00,-1.895044977847780032e+01,-1.731023234367938812e+01,-1.200044330213585653e+01,-3.185451609808788476e+01,-1.341465084679565933e+01,-7.445770320235745032e+00,-1.641235429991114358e+01,-1.904964194185773252e+01,-1.221517953871103579e+01
-1.353230437630358907e+01,-1.848795096962685136e+01,-1.932113440686655892e+01,-2.565548504447512457e+01,-1.636961202332811993e+01,-9.208267216769973729e+00,-1.441429665446617392e+01,-1.446573998074920198e+01,-1.114181632918889875e+01,-2.289015979845162008e+01,-1.884266147126263391e+01,-1.900813716413271948e+01,-7.467627428601520734e+00,-2.127716486878480495e+01,-9.382915228203815516e+00,-1.154708429710566620e+01,-1.931527972680272143e+01,-9.633759232850010790e+00,-1.890440087475828790e+01,-9.295895508933419649e+00,-1.118742846647026923e+01,-1.457169645934575364e+01,-1.024033022946041172e+01,-1.721586904630483517e+01,-5.674558783646483917e+00,-2.275027288616011134e+01,-2.159793206096015084e+01,-7.313416185915038170e+00,-1.047819383424716477e+01,-2.062387070225220143e+01,-2.627632550743875939e+01,-1.250648412408994048e+01,-1.092542760732756868e+01,-2.902838614639829373e+01,-3.001278756883180776e+01,-2.807156587710608875e+01,-1.533223127372454897e+01,-1.371289378788491220e+01,-1.082368837862053468e+01,-9.327556712543952244e+00,-9.748174556479021646e+00
-1.221503552130281989e+01,-1.540313013124226593e+01,-1.884727330221087627e+01,-1.988434568289160609e+01,-2.792488998454652815e+01,-1.265686023023184248e+01,-9.678417544356799240e+00,-1.284712687783611429e+01,-1.443435671264199271e+01,-1.458813722985191319e+01,-9.422794843637595008e+00,-1.878166502396625503e+01,-5.893541163631531354e+00,-8.806337398107292103e+00,-1.303666036169847686e+01,-9.416019061416374569e+00,-1.469734078174428404e+01,-6.923122044665483976e+00,-1.776011047669278753e+01,-5.593743509093522803e+00,-7.026258825169145794e+00,-1.934510686306342819e+01,-7.737935537897441485e+00,-1.071070596856350576e+01,-5.066687404731556654e+00,-2.385240707809565208e+01,-1.249598199844833246e+01,-7.969555361871238475e+00,-1.071627178888638809e+01,-2.921159621070673040e+01,-3.096699417061093840e+01,-2.304604622858945717e+01,-1.831363288998027272e+01,-2.138155265673913163e+01,-1.812910173047890439e+01,-1.231942557389524673e+01,-1.850403975485582819e+01,-1.130933784552484056e+01,-1.045504612922814758e+01,-8.945461022643701909e+00,-1.186588046627408133e+01
-1.714648499871056231e+01,-1.276984865506540068e+01,-2.469331169710716267e+01,-3.375888906515837107e+01,-2.442186916171026567e+01,-1.983672840545219174e+01,-1.458002220443251851e+01,-1.150587656493979694e+01,-2.085574718042417430e+01,-1.936555522490340664e+01,-6.567569557423055038e+00,-1.685149264188407514e+01,-8.073147410827489878e+00,-1.315258205924214252e+01,-2.472529586813930536e+01,-9.640299108827042218e+00,-8.648518094189075356e+00,-7.065768563088078658e+00,-1.173764114214130849e+01,-8.853873943241506339e+00,-1.724781427853970683e+01,-9.119862178976196887e+00,-1.173106116380781572e+01,-1.317063524586118461e+01,-8.314389925569093620e+00,-2.260793228423851531e+01,-1.173780790566373611e+01,-1.568743882776774790e+01,-1.251616175091371197e+01,-2.230735598430077005e+01,-2.749452859225959855e+01,-1.362699104557311003e+01,-1.361019286976493348e+01,-1.859825112906816003e+01,-9.387521908902678902e+00,-9.044193139506027990e+00,-8.015476049025098249e+00,-2.177039620800023911e+01,-1.930585843951918790e+01,-1.627608469557563353e+01,-1.701573186499935986e+01
-3.487117944611052422e+01,-1.324819251800798980e+01,-2.605412902781311857e+01,-1.450362705372798366e+01,-1.580756912179259288e+01,-2.066343873859996094e+01,-1.166714996051958764e+01,-2.377979487329493935e+01,-2.295046751069511259e+01,-2.217275482885614935e+01,-8.718841793667117201e+00,-2.034969648473111903e+01,-1.214986632236971076e+01,-2.175089295503708442e+01,-1.926491091430611391e+01,-1.807603404224468591e+01,-1.132817742857527321e+01,-9.362892351836720195e+00,-1.362455144748203395e+01,-1.630980508378826244e+01,-1.167579561323826276e+01,-9.245197087099098709e+00,-1.463644088588768355e+01,-4.489279747549622357e+01,-1.554451127186746895e+01,-1.400762054104432153e+01,-1.669663237043080528e+01,-3.966299888547357000e+01,-2.144050644148367013e+01,-1.985801268484725668e+01,-9.874184334411635788e+00,-1.130638959290507906e+01,-9.323954213394019419e+00,-1.732510422124354577e+01,-1.056236196430956653e+01,-1.565225735647516281e+01,-7.259965393767465969e+00,-1.067070799591228436e+01,-1.250702106418857440e+01,-2.459641683757327257e+01,-1.866023904652636389e+01
-2.643659772508570782e+01,-1.858989105834274724e+01,-2.007873362891791302e+01,-1.155267643601533578e+01,-8.173336890592455717e+00,-2.388738825993798542e+01,-7.117927159548212757e+00,-1.405205738320455566e+01,-1.266849595333751211e+01,-1.256251487989678139e+01,-8.339397113581609844e+00,-1.513669834009931847e+01,-2.319574545112674357e+01,-3.296447998101695021e+01,-1.812583620015786678e+01,-1.815739304372398522e+01,-2.785251381387336522e+01,-1.397694813116863344e+01,-8.703304489901473318e+00,-1.028092708690134138e+01,-6.724270669536524636e+00,-1.698302118820427253e+01,-2.394894441310253086e+01,-1.724854659950814550e+01,-2.132703613949691146e+01,-6.836353472658748487e+00,-3.312687304460445148e+01,-3.607484000086669340e+01,-2.572083394213721164e+01,-1.561187455604170005e+01,-6.931334753167833540e+00,-1.203153036436543744e+01,-1.132382291319663281e+01,-1.060243278898683528e+01,-1.605793547868243110e+01,-1.407294305410762547e+01,-1.178408938991687194e+01,-1.521054723994203073e+01,-9.541193988680428006e+00,-2.140951372716617485e+01,-1.446885004680207842e+01
-2.354758011447428601e+01,-2.372652467081407224e+01,-2.808948695050144195e+01,-3.010422226119679223e+01,-7.001231037571347571e+00,-2.487249020137382161e+01,-7.562096925778409862e+00,-9.125293968141590994e+00,-9.296739823489550858e+00,-8.366672105940056170e+00,-1.147082609609592119e+01,-9.319320858765225424e+00,-2.643635713194307613e+01,-3.047967959986706887e+01,-1.682377216611527260e+01,-1.054434085253823028e+01,-2.284971611387925705e+01,-1.286805034309518803e+01,-9.900600208352374310e+00,-1.636746046731213866e+01,-8.759322895898746353e+00,-2.680114709323675015e+01,-1.205571308916548467e+01,-1.219039133973160105e+01,-2.464246764505546494e+01,-5.966642417220217709e+00,-1.708421756321698481e+01,-3.106318116503014437e+01,-1.791685734671010266e+01,-9.765221625453149201e+00,-1.787507598054637015e+01,-9.762429853402462498e+00,-8.541230038429729277e+00,-1.801780291790968747e+01,-8.431315466611708942e+00,-1.271063054996920272e+01,-1.043108636034542513e+01,-1.305547244497857484e+01,-1.280870602925093316e+01,-7.572682518755470049e+00,-2.054195192569283179e+01
-2.484096706474693406e+01,-1.823614063840421551e+01,-3.402046503067415983e+01,-1.121041412735396925e+01,-9.446205098141218670e+00,-2.355610095619237754e+01,-1.615014285907547986e+01,-2.149940780362519632e+01,-2.220188330833531154e+01,-1.205264259236349211e+01,-2.255932467104350891e+01,-9.527959276295037583e+00,-1.331880616770991921e+01,-2.387024555200261133e+01,-1.808968598284561935e+01,-1.607764279259175311e+01,-2.432727279623379246e+01,-1.539053182946732257e+01,-1.360873998456985312e+01,-1.410536590049605188e+01,-1.772517487161629290e+01,-1.637205060463180573e+01,-1.149010151195794549e+01,-1.386409482474259391e+01,-2.410361169542945348e+01,-7.376331162322282253e+00,-1.404084756881132812e+01,-2.826448288290687572e+01,-1.975629551883226043e+01,-7.019709140359879029e+00,-1.193173330826957823e+01,-8.531799165429237775e+00,-5.964733374883879335e+00,-2.950498883832890940e+01,-6.001621165909803324e+00,-8.321311367169910156e+00,-1.277862114021164608e+01,-1.122291079243748513e+01,-1.154150681291443981e+01,-4.717780415470516964e+00,-1.579660972237958916e+01
-2.394406680245001340e+01,-1.308576475587269350e+01,-3.209007014057567631e+01,-1.528930089957709626e+01,-1.559955908168837269e+01,-1.650971084748301365e+01,-1.152559051099366272e+01,-1.537908043042074624e+01,-7.897284839202564299e+00,-8.731007699959285162e+00,-1.853753543899023626e+01,-1.274634056921455993e+01,-7.828126235125568044e+00,-2.072816591280236764e+01,-2.502621413186935229e+01,-2.092358120827586987e+01,-9.664384989112503987e+00,-1.790408502378717870e+01,-1.257474221179455753e+01,-1.005292807744090844e+01,-3.087754217670714496e+01,-8.475863303500739576e+00,-2.196058744857859679e+01,-2.402038589167526084e+01,-3.901398772338040288e+01,-1.414950361259179346e+01,-1.608552834882546279e+01,-2.978363624524365605e+01,-2.455362055799214005e+01,-8.490129876282088262e+00,-1.569027848993237129e+01,-7.095248414655273450e+00,-7.279823372541014415e+00,-2.475804150276692539e+01,-1.221923697299090072e+01,-1.714064398998665339e+01,-1.102645545681924233e+01,-1.015515876693794617e+01,-1.394207821442994977e+01,-8.158450532947297162e+00,-1.373041088725747372e+01
-2.326696110975994713e+01,-1.148749633953315907e+01,-3.290549009713451056e+01,-1.883981263259135375e+01,-2.320614371736177262e+01,-1.199145386103030830e+01,-1.281521300462024904e+01,-9.130736873131656495e+00,-7.652163736135411121e+00,-9.566685247071935905e+00,-7.339381179908381014e+00,-8.342993527254403574e+00,-7.639019365284558383e+00,-1.992888490401283264e+01,-3.842528280248340167e+01,-1.819985108762147519e+01,-9.167586315559621113e+00,-1.829390146890454005e+01,-1.355869933314440168e+01,-8.806015014211929781e+00,-1.461130757169738281e+01,-7.388599818937643171e+00,-9.241377468422117047e+00,-1.495834210399484654e+01,-1.424694794211465343e+01,-2.270418491926692539e+01,-2.707247931114645922e+01,-2.523861971485553113e+01,-2.039169749263987796e+01,-1.111086421472484709e+01,-9.559544220276238846e+00,-1.537973579610933683e+01,-1.287276274960259315e+01,-1.541796251051760080e+01,-1.715236056632461725e+01,-1.101291594353702763e+01,-5.975562716441087829e+00,-4.465954246878820477e+00,-1.153781939922263966e+01,-1.573014903491687200e+01,-1.888072397306682149e+01
-2.474179550890572088e+01,-1.232133366154637422e+01,-2.252014796081565606e+01,-9.777580046436183281e+00,-2.179485974236916235e+01,-1.245098191238722407e+01,-1.271291062485310697e+01,-8.170923332821088181e+00,-1.298052218595879026e+01,-8.313269796767926323e+00,-1.393540661446975193e+01,-1.228802450801641655e+01,-1.201555306628653064e+01,-1.672061051911327922e+01,-2.501526957946902385e+01,-1.728245768457856357e+01,-1.648328063588193970e+01,-1.618086045259934025e+01,-7.675802118060659041e+00,-1.518278103690411740e+01,-8.553492858744771610e+00,-1.786363773053295390e+01,-1.376630503548694051e+01,-9.006402319416537239e+00,-9.227362951743193875e+00,-2.839668270540295936e+01,-3.315571006299049373e+01,-1.391770068105670077e+01,-2.100532025267754221e+01,-1.800523066347140855e+01,-9.390982858442288972e+00,-1.727874294146569767e+01,-3.423227428104813441e+01,-1.016082103569874384e+01,-1.050538837839408401e+01,-1.034973002090754690e+01,-8.682647079074850893e+00,-5.165627692896972434e+00,-1.138136694521702452e+01,-1.384995296220825267e+01,-1.097264208225989357e+01
-4.128719981279279239e+01,-1.717628483507807857e+01,-2.890844159869531182e+01,-1.161009726648178919e+01,-2.176730231197123544e+01,-1.996287212926728216e+01,-1.108320743188937740e+01,-7.976924718091799704e+00,-2.007971554769248357e+01,-1.026003786688266217e+01,-1.210885933303625883e+01,-7.142355371601020408e+00,-1.794043458418972392e+01,-1.082153709015254250e+01,-1.569508471586115661e+01,-1.551605142254591740e+01,-1.143815192529805636e+01,-2.122499064176944117e+01,-7.182606055139601153e+00,-1.283189823315622213e+01,-1.328875794534412691e+01,-1.883039397349342181e+01,-2.591180159579194253e+01,-1.237881644942186554e+01,-1.180278066565810491e+01,-2.785100945579179310e+01,-2.475206891985139634e+01,-1.049604669055747408e+01,-1.020242802323556397e+01,-1.012619649263706023e+01,-5.970450079118785780e+00,-1.033610659194647496e+01,-9.676827753347764016e+00,-9.009448438020452699e+00,-1.322718629202531027e+01,-1.174979707176480659e+01,-9.208872221809585312e+00,-9.887930245583346434e+00,-1.204797267487701617e+01,-1.094053189016011451e+01,-9.774669049071375682e+00
-2.854887597192814042e+01,-2.551620816384268764e+01,-2.188951135139826931e+01,-1.461908255101225684e+01,-8.805176165703107571e+00,-1.523287121772789376e+01,-9.538627750220875612e+00,-8.985069063069309081e+00,-8.063683903941610609e+00,-1.210465299213950452e+01,-1.237146051640001865e+01,-7.982111867561512142e+00,-1.089732207957694854e+01,-1.088764339196398545e+01,-1.383479196251007615e+01,-1.328966086171817906e+01,-1.147382439826142431e+01,-1.439780311270799729e+01,-1.009454626287533507e+01,-1.308672364987810255e+01,-2.024182856788719320e+01,-1.081089243381645559e+01,-1.668466846885425880e+01,-2.423295369380128506e+01,-2.491417321282528263e+01,-2.799561996920946072e+01,-3.144721044237578411e+01,-1.513934179569715432e+01,-1.250909943992575180e+01,-9.687512665778527321e+00,-1.250751122513405278e+01,-1.477051082333415266e+01,-6.098949006237424086e+00,-1.234957001425615886e+01,-7.666734260314242100e+00,-2.553769971051882237e+01,-1.493692123738277644e+01,-2.470976398475457714e+01,-8.420948106200455641e+00,-1.525792524924425564e+01,-6.917904791296455080e+00
-2.317013205183675240e+01,-3.337375398931276749e+01,-1.681280454386433831e+01,-1.023516001466779102e+01,-6.824934758864693585e+00,-3.224501582794554366e+01,-9.332087936522512450e+00,-1.284234528708522127e+01,-9.367886754693161677e+00,-2.342964697891014936e+01,-1.457942459703129856e+01,-8.364078442380151301e+00,-7.203102253738800975e+00,-2.262623614447569054e+01,-1.819788240801404910e+01,-1.094853601676502031e+01,-1.612568628655638747e+01,-5.387786016656548327e+00,-1.931264485402578401e+01,-1.463328032727229910e+01,-1.390006306572850647e+01,-9.352519085298165891e+00,-1.623615871378806119e+01,-4.653663825773588059e+01,-2.483886519774798884e+01,-2.373677714845346287e+01,-2.167638343073029361e+01,-2.738843573901096207e+01,-2.828716958410033655e+01,-9.486543187242336472e+00,-1.368919778175948565e+01,-8.589240036969039593e+00,-6.583973306678625903e+00,-1.236752399199820829e+01,-1.067285496586950444e+01,-2.147415072046525708e+01,-3.205202644628083419e+01,-2.248345495455842524e+01,-1.467746968520843964e+01,-9.673781532137580186e+00,-7.134062550420655846e+00
-1.694738398197409524e+01,-2.426707020037448359e+01,-1.326882140081245431e+01,-2.035923272781582583e+01,-1.526822037513330343e+01,-1.259419152648761653e+01,-1.569508333638057351e+01,-7.764628906318973733e+00,-1.325609874336329241e+01,-1.580133698456010549e+01,-1.728024558159436452e+01,-3.118603410075571247e+01,-1.658870157135107348e+01,-9.021979609335891936e+00,-1.374473525445308830e+01,-8.550956184374760127e+00,-2.106823152367720908e+01,-6.070355964241632485e+00,-1.213164172589327450e+01,-6.930995611605792917e+00,-1.120073405301286940e+01,-1.330817833168375941e+01,-1.905371422443559126e+01,-3.220937158050622884e+01,-1.717755115272309396e+01,-1.121521031305166005e+01,-2.190887231044180794e+01,-1.875171119937401087e+01,-1.520327933332373327e+01,-8.232057255770694582e+00,-2.261082401937003539e+01,-1.844607586897717866e+01,-1.090890010996517567e+01,-9.568674283936498881e+00,-3.387504853202722188e+01,-1.948586157513068429e+01,-2.293952034307015353e+01,-2.413185893873229659e+01,-2.537481630492985474e+01,-1.742328562659329805e+01,-9.194529048044760344e+00
-1.344670875114099395e+01,-1.692741600270118241e+01,-1.308372742305319392e+01,-1.480344333204187990e+01,-1.305805335772305042e+01,-1.823486675158231307e+01,-2.109599019540102205e+01,-5.092988511386958628e+00,-1.792399965522767147e+01,-1.290857680447556177e+01,-9.672716593772431537e+00,-7.008376919504688551e+00,-1.573523830335718543e+01,-1.039844190819805725e+01,-9.449418028571001216e+00,-1.783049560636574427e+01,-9.659364000928894356e+00,-9.648757153532082853e+00,-1.471642261706655752e+01,-8.727483544327110820e+00,-1.488834145491647476e+01,-8.339924490146588099e+00,-1.604166050093492757e+01,-1.674036649577321967e+01,-9.917998118567169286e+00,-7.726464446757943527e+00,-9.326972659352325223e+00,-1.051218344012499273e+01,-1.183441632129986054e+01,-1.359022846959416775e+01,-8.923682724904612229e+00,-1.794839574284140227e+01,-1.244827261869387769e+01,-5.281549429787592231e+00,-1.906850987630118155e+01,-2.906370450212295964e+01,-1.465881951002364225e+01,-1.257108317396575536e+01,-2.959748180142175755e+01,-1.846308102500719528e+01,-1.452671909342340584e+01
-1.428830901850064095e+01,-2.074356879083275018e+01,-1.438441181798155277e+01,-1.492689809807773571e+01,-1.157549564717412771e+01,-2.674285837088212858e+01,-2.314955687779288596e+01,-7.500386422119470708e+00,-1.671013599055041610e+01,-1.648774240530388724e+01,-1.504159947147048726e+01,-6.791581053183893601e+00,-2.048019395376550733e+01,-1.076825941227164307e+01,-7.936754003819830317e+00,-1.381684299409092631e+01,-1.514468616453396521e+01,-1.323166970975736056e+01,-8.087027972096484163e+00,-2.374950514842264582e+01,-1.139816976545064797e+01,-1.108144692031208578e+01,-1.025303029873197147e+01,-8.609487972594488170e+00,-1.043280105541155223e+01,-6.869751806112029513e+00,-6.759885654841470526e+00,-8.432956307217082781e+00,-1.128094203040341625e+01,-1.473653986280566208e+01,-1.150238180466410753e+01,-1.187884260704127470e+01,-1.541464444985398785e+01,-5.523979048156723692e+00,-2.143988862955461983e+01,-1.543727407583205924e+01,-1.364830777871865841e+01,-1.187864882042475756e+01,-3.140790689508581224e+01,-9.559720209147256398e+00,-2.185752147959412994e+01
-1.769363200563972072e+01,-2.935824943676496801e+01,-3.576304506231832647e+01,-1.593121730392761215e+01,-1.102537984836009954e+01,-1.789649961460410310e+01,-9.344836237924807776e+00,-1.790639241394670478e+01,-1.103702355780561462e+01,-1.858706876376662009e+01,-3.748887271499997098e+01,-7.281114511108642162e+00,-1.148341796831936179e+01,-1.343144829030797460e+01,-8.541409291847696039e+00,-1.157397584356118436e+01,-1.722077031302202244e+01,-1.310535169091464525e+01,-6.459419854226174706e+00,-1.776376030995123045e+01,-2.226062848370505165e+01,-2.299104786208459572e+01,-9.614398752218535904e+00,-8.394620220133706567e+00,-2.266498320699184887e+01,-6.284422398718306546e+00,-5.601389575172854407e+00,-1.115305215552525375e+01,-1.638883382353936469e+01,-1.810995732086740162e+01,-1.378129194790912848e+01,-5.256785527193814644e+00,-2.002322098572566489e+01,-1.022999846041253136e+01,-1.858442596553800641e+01,-9.815450587005594585e+00,-1.127168665448267859e+01,-1.653939086241855705e+01,-2.156620929704535783e+01,-8.081433310116819868e+00,-1.619427622632504082e+01
-2.258365415202617754e+01,-1.710928725392737348e+01,-1.894536881368046366e+01,-1.589583400558489146e+01,-1.042639343629940285e+01,-1.744404731373727557e+01,-7.795664873949315066e+00,-1.980174692275634385e+01,-1.265413011171522761e+01,-1.389043150824224071e+01,-1.216770066638167158e+01,-5.441624309088936684e+00,-1.047229092614104573e+01,-1.907568128185609524e+01,-2.051527999298218674e+01,-6.995642493861535804e+00,-1.794216744416133480e+01,-1.162341128438541027e+01,-7.192659859751779905e+00,-1.291375812341586204e+01,-3.080944350175234803e+01,-1.837899530135087645e+01,-1.096489769431674866e+01,-1.055522021176584779e+01,-7.901071338108138775e+00,-1.613678027668225567e+01,-1.779949941875360508e+01,-4.589659060820828529e+00,-1.153881426076893035e+01,-2.006344682721854511e+01,-1.068616523167887955e+01,-5.454651328295094359e+00,-2.632900842303153865e+01,-1.688347667806091223e+01,-2.100147020546435428e+01,-1.677871192810695433e+01,-1.450964057789851580e+01,-1.359036675784478732e+01,-1.251194526619361724e+01,-1.171902369270055644e+01,-9.262843966405837293e+00
-1.849258588328556030e+01,-2.035694088842768679e+01,-2.472119888699417700e+01,-1.093218153697965889e+01,-7.733666901264274252e+00,-1.757310587359173581e+01,-1.529728477552624000e+01,-1.982848818930810708e+01,-2.907180625294765974e+01,-1.256863881554651385e+01,-6.918829041327125395e+00,-7.204293326226173022e+00,-1.690158425223389216e+01,-1.053818166686226832e+01,-1.957870967736780798e+01,-1.033044125317799811e+01,-1.138807244715970413e+01,-7.130055967277069584e+00,-1.524836345705149299e+01,-1.049337295049102181e+01,-2.255690499872812893e+01,-1.161211115058659438e+01,-1.033738909631882485e+01,-1.558377000632816411e+01,-4.838749291396898577e+00,-8.291555914484243672e+00,-2.093489725209365915e+01,-8.619798460779527716e+00,-9.903321219676499254e+00,-2.185908065825596225e+01,-3.422088093078122739e+01,-1.301301330975275761e+01,-1.268077691365579973e+01,-1.123606575974667798e+01,-3.746979047297487142e+01,-1.248534599935739209e+01,-7.279108164541201020e+00,-9.834415184571213331e+00,-8.807905250384276741e+00,-9.444477559997412897e+00,-1.246724880518147671e+01
-2.224633595644685968e+01,-2.920724906296095469e+01,-2.834755697447157630e+01,-1.796510417974442575e+01,-1.386788879168546096e+01,-1.763466878592220510e+01,-2.875894957168952715e+01,-1.140240687231381855e+01,-1.097049171684994562e+01,-1.196909214898438023e+01,-7.594068440334016401e+00,-1.307105995607961901e+01,-1.102202516480085137e+01,-8.232601756913112467e+00,-1.450225354551829682e+01,-1.013819863489706208e+01,-1.009030504309185616e+01,-7.745778940677466196e+00,-1.745020336829852425e+01,-1.284454508603983669e+01,-3.132560920827872764e+01,-1.104576743196891364e+01,-1.065620582976482389e+01,-1.299878285648193454e+01,-1.115309149822973822e+01,-2.061596650515951978e+01,-8.702759097822950096e+00,-9.533088749596540623e+00,-6.076984603359152359e+00,-1.199707140252144200e+01,-1.652760030261700663e+01,-3.474501628500139816e+01,-1.634417432520373836e+01,-9.508068604187787543e+00,-1.268856514796139301e+01,-3.921290150166197197e+00,-1.310612720032108669e+01,-1.427875668904209405e+01,-1.127488081250190177e+01,-4.962640541915249059e+00,-1.547642558407994962e+01
-1.671240337925422992e+01,-2.012310051267493805e+01,-3.060281176564015126e+01,-2.723309997093195278e+01,-2.911936748319919843e+01,-2.828233652809326770e+01,-2.633453128395702691e+01,-7.694641165468780741e+00,-7.626249553122855573e+00,-2.541034936095624275e+01,-1.113243018404409490e+01,-1.182981813132308346e+01,-5.413553107265575370e+00,-7.987687230826107765e+00,-1.945100915003192199e+01,-1.002465021856199812e+01,-1.143238790162989460e+01,-1.245715229419608328e+01,-8.066204116604412278e+00,-1.119792017485334767e+01,-1.689624323631725034e+01,-1.595792242878102662e+01,-1.705365391773942463e+01,-1.113634062665151703e+01,-2.036583874109188841e+01,-1.000179694736862857e+01,-1.267613030988558265e+01,-8.646922867671582580e+00,-7.182983113467581227e+00,-1.172080085737743538e+01,-2.706695465808614287e+01,-2.218559720123295165e+01,-2.182338172016529043e+01,-8.817155421005962168e+00,-7.265905051101366752e+00,-5.433757775401998558e+00,-2.611549969999440179e+01,-1.953230101343087455e+01,-1.872253124703151883e+01,-7.640821812095282439e+00,-1.749536059021924572e+01
-2.037582983751230259e+01,-2.021292850241431438e+01,-3.016566847456714129e+01,-2.952992159359699542e+01,-3.195508723071734636e+01,-3.144659060453827593e+01,-2.844525991283852662e+01,-1.201697029511219483e+01,-1.531535186980113217e+01,-1.691605295287435240e+01,-1.008339727077758852e+01,-6.151961717284044617e+00,-7.678606059258852312e+00,-1.005671441403257305e+01,-9.461990483236085936e+00,-1.684368245322862734e+01,-6.533369895700257501e+00,-1.403653964837771007e+01,-4.953045390606733100e+00,-7.749592573063242007e+00,-9.775025359686280169e+00,-2.213436842391401171e+01,-1.670188245059510734e+01,-1.552320758642402332e+01,-2.531857054269105589e+01,-1.367435483472622337e+01,-1.193678270123094798e+01,-1.054262723247180489e+01,-1.215006094325156383e+01,-2.185053922984799968e+01,-2.942598527073219472e+01,-1.280033912448958588e+01,-1.241845580752998401e+01,-1.093127407905954129e+01,-9.037566478531159575e+00,-1.380849813476246268e+01,-3.037491641002714005e+01,-1.166010382074772167e+01,-1.066607837240161061e+01,-1.773448458330861754e+01,-1.733244937272588970e+01
-2.324982140651780682e+01,-3.000594718341669775e+01,-3.720970788987192179e+01,-2.996132428035380713e+01,-2.684032548155382969e+01,-4.278846136444413872e+01,-2.493402952656715144e+01,-1.636788052341935185e+01,-3.554375093122800422e+01,-2.009359678495687973e+01,-6.269972961855753368e+00,-1.288299353426863192e+01,-2.004350081058202804e+01,-1.232084361147673590e+01,-1.071710384419090190e+01,-3.004059371582889071e+01,-7.709782249229598428e+00,-7.134061548434794453e+00,-6.299928883990018491e+00,-8.782455378967355841e+00,-1.341076290641580115e+01,-2.453332834196094936e+01,-1.050292087855193657e+01,-1.227198111650717038e+01,-2.856437592520519075e+01,-1.420613773580960171e+01,-1.117170667717003418e+01,-7.634568232010977340e+00,-1.183288658417203543e+01,-2.888767971769615173e+01,-4.038341730220185610e+01,-1.259776028109838464e+01,-1.074283329759363781e+01,-2.082421606452131257e+01,-1.003299323846100322e+01,-4.556543872776216197e+00,-1.287393624350276333e+01,-7.794070670591289662e+00,-1.523727080112866616e+01,-2.489188030364048032e+01,-1.608746891687448866e+01
-2.463246770870149049e+01,-1.424395203812175659e+01,-1.965955789217156280e+01,-1.623643837740328522e+01,-1.616724547178762705e+01,-4.892940025992315611e+01,-1.732132495214750989e+01,-9.759188848929278848e+00,-1.500945465663837730e+01,-1.519713301071341860e+01,-7.739502508658099522e+00,-2.967865883654668124e+01,-2.706835059997784398e+01,-1.333727148403964513e+01,-1.899166873345202688e+01,-2.264390726458579550e+01,-1.629745863006049689e+01,-1.399040552979271723e+01,-1.214402451100160363e+01,-1.562557494157276849e+01,-2.976006241602679125e+01,-1.612731597967293240e+01,-1.231411366180413225e+01,-1.322431444255519395e+01,-2.002282478462932147e+01,-8.370303048992301598e+00,-1.427831786999521135e+01,-7.640376227721944247e+00,-1.287199117818912164e+01,-2.883030957830087360e+01,-2.863869835525841268e+01,-1.974047113252922969e+01,-1.948019708785753679e+01,-2.623131237332101762e+01,-2.334686718493428970e+01,-7.474843262458192861e+00,-2.668584192232470897e+01,-7.197058626441307894e+00,-2.979974713275636589e+01,-2.295581394027225741e+01,-1.188127301817937109e+01
-3.344369572281056691e+01,-1.244325006958263380e+01,-1.361835387196981983e+01,-1.062289156652153110e+01,-1.094459081611994300e+01,-4.030678663310469290e+01,-1.551377548123148031e+01,-2.677536713987358041e+01,-1.358937502114724083e+01,-1.292818904469890384e+01,-1.066593644912328642e+01,-2.127371648263956416e+01,-1.176157012314250494e+01,-5.946236667420964572e+00,-1.186339308137919879e+01,-1.573276505256748337e+01,-4.413042182468280572e+01,-3.102574731743477443e+01,-1.874202442877518848e+01,-1.247570043083296554e+01,-1.797522674985589575e+01,-1.030880009224213367e+01,-2.418555113369530218e+01,-2.271341453686929768e+01,-2.851155736326934687e+01,-1.286103467649753362e+01,-1.370848425477116450e+01,-1.305269143244430374e+01,-1.931979283511894252e+01,-3.599712717625182989e+01,-3.462190572865479510e+01,-3.115543166320281898e+01,-2.328357089525311352e+01,-1.345841721081685449e+01,-1.278603037102493900e+01,-8.302705075248319133e+00,-1.131425713851840342e+01,-1.162592178030091006e+01,-1.990460743436112523e+01,-1.127090149082228443e+01,-9.576767470215681755e+00
-1.805500119784733926e+01,-1.489867895981385182e+01,-1.330398789043644925e+01,-1.153562719131165792e+01,-1.105640342699945577e+01,-5.013639651677976161e+01,-2.311814218901166385e+01,-1.100322184348513233e+01,-1.338427504457830963e+01,-1.273306081450904870e+01,-1.225129283498046284e+01,-2.079661788816373047e+01,-1.063597659347651003e+01,-9.833361786877034660e+00,-1.023149338549941767e+01,-1.239140182726847428e+01,-2.265749446038318737e+01,-1.578264218220853365e+01,-1.348989738569871832e+01,-5.922101656922667878e+00,-1.909673365058147354e+01,-1.547511243681964288e+01,-2.210704270554807493e+01,-4.042734722875070474e+01,-2.177517183666236278e+01,-8.977013410532917348e+00,-8.020973698988413503e+00,-1.226002094650317886e+01,-1.918326287547526121e+01,-1.548628483655184951e+01,-3.003005370482476266e+01,-1.702055580823702030e+01,-1.578534902145119645e+01,-6.458094590555242043e+00,-8.797245090108717136e+00,-8.082016198012576425e+00,-1.217696303051701356e+01,-1.688729887446451272e+01,-1.879521612592587232e+01,-8.489696446187963375e+00,-1.773102879157920597e+01
-1.789390898567708277e+01,-1.847109077746048911e+01,-1.691279325707701986e+01,-2.576634219298323103e+01,-1.973206147552113521e+01,-2.141110254874178409e+01,-3.719274178952066734e+01,-1.294335817997200522e+01,-1.553428043177727957e+01,-2.033758982920879888e+01,-2.702138431957388320e+01,-2.746957290165165233e+01,-2.253908234253847809e+01,-1.408094652911372791e+01,-1.146074801222902728e+01,-9.014544256125267552e+00,-1.914066782724399118e+01,-9.443677050616354762e+00,-1.364735230936691401e+01,-5.876809128249709246e+00,-1.146342693861662276e+01,-2.268050721948172921e+01,-2.646768043477237953e+01,-3.714719915125802174e+01,-2.198297132322646874e+01,-1.235760155526376280e+01,-1.047766435144803410e+01,-1.034112449607699880e+01,-1.686717481255198692e+01,-9.939980855304167306e+00,-1.134047188020941022e+01,-1.125840698653714256e+01,-7.609043750429954400e+00,-8.711952299451862558e+00,-1.233671666437068204e+01,-1.249864452466401232e+01,-1.333655840785707980e+01,-1.343707449327690284e+01,-1.168195281288302922e+01,-1.432123270845823981e+01,-2.989736931822147525e+01
-2.339332802201116834e+01,-3.463675744617030716e+01,-2.530460610698430202e+01,-1.096057381306561851e+01,-1.147555613578554734e+01,-1.379277206955804758e+01,-2.757411488689410817e+01,-9.090442982497638269e+00,-1.581265377275012973e+01,-1.734318532162829030e+01,-1.211549231749696354e+01,-2.403957105794115279e+01,-1.487544124652972499e+01,-1.045719085366094703e+01,-1.412662285780102778e+01,-8.165332141230422280e+00,-7.907792698698921541e+00,-1.385042626385687825e+01,-1.577809835718425191e+01,-8.736556484541072365e+00,-9.013109300441499272e+00,-2.853219173352780658e+01,-2.207551880411146072e+01,-1.825649324054913336e+01,-2.640866264213277859e+01,-1.092386353311839287e+01,-1.111212557202657081e+01,-9.949554086645767015e+00,-1.427423300760534097e+01,-2.320059242794555132e+01,-6.839486603539675968e+00,-1.584425434107211927e+01,-7.359780047727637609e+00,-8.558383187837359074e+00,-1.265003350967370110e+01,-2.803941279947688159e+01,-1.920888843962266535e+01,-7.838537766504211746e+00,-1.081918858490500845e+01,-2.763096888762728298e+01,-3.287829750186237021e+01
-2.887755261038451948e+01,-3.761345731095328659e+01,-3.466103153696120387e+01,-1.060186949943471113e+01,-9.171408407949066088e+00,-1.658004421361061986e+01,-1.539268883006642774e+01,-1.206454924188329159e+01,-1.750278254484581453e+01,-1.261548294959718497e+01,-9.928948679926257626e+00,-1.348008154628928423e+01,-1.236631278242682264e+01,-1.013441640185052606e+01,-2.214748723659611329e+01,-1.915697129236047047e+01,-9.031364332171394338e+00,-8.764144511356507294e+00,-9.273811774286610188e+00,-1.081360314787221988e+01,-8.274711062293182096e+00,-2.315301983500164340e+01,-1.199015414236120058e+01,-9.116385403248939312e+00,-1.325612611135998620e+01,-7.519444179631234348e+00,-1.966095690280105401e+01,-1.326878562825675090e+01,-1.000062592355232383e+01,-1.169930281291230756e+01,-7.629438282275964767e+00,-3.361690045649957881e+01,-5.761014655025692655e+00,-1.442290145714655303e+01,-1.015914062481354563e+01,-1.279318218978975708e+01,-1.872549234434078969e+01,-5.994444053317553589e+00,-9.243861707568779451e+00,-2.139914763906335082e+01,-1.716170211109841048e+01
-1.826185963216528307e+01,-4.351405219095472177e+01,-3.766869549640608028e+01,-1.777404211494390651e+01,-1.824931409681065375e+01,-1.380833194295053801e+01,-1.313921793681937622e+01,-2.599101570589701993e+01,-1.445469323701714970e+01,-1.351311503789204060e+01,-3.107209626915670242e+01,-1.077139255580929778e+01,-1.684550538693934030e+01,-1.547561014601259011e+01,-1.878007859968966997e+01,-6.923416448412980984e+00,-7.021986914432364557e+00,-9.877366352553524464e+00,-1.465586702690682408e+01,-1.172885046288055477e+01,-4.824831177709939745e+00,-1.939060355264430413e+01,-1.094407722856282206e+01,-1.273025426228385548e+01,-9.757585824302285715e+00,-1.408067580940053887e+01,-1.788543466402008875e+01,-1.403268401248227804e+01,-1.262703954963509645e+01,-7.713394296594766608e+00,-1.016911694152567769e+01,-2.288652265188677148e+01,-4.370977436169614982e+00,-1.141423035513980544e+01,-1.831041841791243741e+01,-9.453393569664976681e+00,-1.303848575888360983e+01,-5.982035531177269938e+00,-7.367013947771777538e+00,-2.411074871970662059e+01,-1.546985916871414091e+01
-1.290174371812210197e+01,-3.023798034541147928e+01,-2.997456692710211712e+01,-2.731378208684288822e+01,-1.370353518762293454e+01,-1.574043626344617763e+01,-1.978711593477395070e+01,-2.074778369627061636e+01,-1.133841884166323410e+01,-1.157947912755614261e+01,-9.364647847874437048e+00,-1.311208269710272667e+01,-6.170297476894520905e+00,-2.622282946660014247e+01,-1.844581729951161009e+01,-1.319302094620376131e+01,-1.035016639261034932e+01,-1.532886995946195263e+01,-2.202702968393289495e+01,-1.061021348003689724e+01,-6.237139708499684687e+00,-1.849612981966660996e+01,-1.079814085971546689e+01,-3.061459392134320723e+01,-1.768772784440886170e+01,-1.990873631073084482e+01,-8.160694327869897791e+00,-1.096404843730842948e+01,-1.149741569430555899e+01,-1.326908231010340700e+01,-2.009781825640693853e+01,-1.150999825252823960e+01,-6.027848318697994756e+00,-1.091049674465980956e+01,-2.048281239213477534e+01,-1.213228329502036829e+01,-8.384527051054179836e+00,-1.184063035638466665e+01,-5.444077324584615241e+00,-1.142188352176035337e+01,-2.632030880296267839e+01
-1.418049496044088187e+01,-3.152258873992226995e+01,-2.725416213879224969e+01,-3.509574460285355002e+01,-1.424910414234053846e+01,-1.381629956309567042e+01,-8.167637236413176183e+00,-2.435469571359679009e+01,-1.500872926591017453e+01,-2.173206757908104336e+01,-9.953010661487413202e+00,-9.679153703465255276e+00,-9.308062967875674332e+00,-2.602974568654138920e+01,-1.976021155049796008e+01,-2.899801771425926233e+01,-2.174008844529679862e+01,-1.733096989276231170e+01,-3.704677323277670808e+01,-1.149865205772321985e+01,-1.191347180883653500e+01,-1.000231792772635231e+01,-1.014736774067587177e+01,-3.921382178747862923e+01,-3.504366761485915305e+01,-2.095860177568511418e+01,-5.429647712485284217e+00,-1.364305442677943603e+01,-8.199027404392689178e+00,-1.820587979654337474e+01,-3.166258038073966219e+01,-1.077932518049449584e+01,-7.900175643916197643e+00,-1.312906612890702718e+01,-2.349255265515575530e+01,-1.943697485323102114e+01,-8.419009879926207418e+00,-8.586769213895562913e+00,-1.282719001224356070e+01,-1.301223815152768992e+01,-1.610183069001194411e+01
-2.283190021458968033e+01,-4.826341709848907158e+01,-3.391621482968945145e+01,-2.814837971737733824e+01,-1.345903592309993080e+01,-1.119646782238791616e+01,-1.204945411916003195e+01,-1.823655569123691222e+01,-3.117095462669590944e+01,-2.318376681114015270e+01,-2.969019363752324381e+01,-2.704836703961662181e+01,-2.237087910253507772e+01,-1.292763994463127375e+01,-1.461047281320300684e+01,-3.146534096643090805e+01,-2.736681678207677493e+01,-1.211264584037044401e+01,-1.418127416371298821e+01,-1.118259322642940212e+01,-2.246851971919245727e+01,-1.122680720828753032e+01,-9.543406497998347504e+00,-5.601419321693768438e+01,-3.361537891274295475e+01,-2.000622714799082402e+01,-7.198890784542284038e+00,-1.078472540103962274e+01,-8.408352232487052547e+00,-1.134629091492232611e+01,-1.768386807399429017e+01,-1.082721367790263578e+01,-1.546939300101272785e+01,-1.220045563109797548e+01,-1.511856026924048813e+01,-2.225091471038846436e+01,-8.513842623190940984e+00,-4.939269869190479056e+00,-1.116634935157415498e+01,-1.538139572021843549e+01,-1.266678796565401832e+01
-2.739413043188457664e+01,-3.566699844914001716e+01,-4.088375993608931225e+01,-2.807006103203404379e+01,-1.520720734690646125e+01,-1.466439518000559517e+01,-1.363873737956898680e+01,-2.038850881251250158e+01,-3.534033184576716025e+01,-1.362804662399248734e+01,-1.152268664318918390e+01,-2.596903144651570017e+01,-2.718463344891794264e+01,-1.202515095402627310e+01,-1.125899062258458727e+01,-3.315470803583600201e+01,-3.144537020401528693e+01,-1.160365924390786851e+01,-8.644390958819609949e+00,-1.209709887704475406e+01,-1.874431688854802758e+01,-1.390843820319588175e+01,-1.170381016366561333e+01,-4.654983538186654357e+01,-4.164850423500929111e+01,-2.374917340635644436e+01,-1.064324565264580258e+01,-1.682032680807477831e+01,-1.409463741806636961e+01,-1.197339018370700181e+01,-2.567892620500908052e+01,-1.127319832860712623e+01,-1.428707584658021545e+01,-1.239675203250462587e+01,-8.252496852878820732e+00,-1.816552286391499749e+01,-1.092940123897265181e+01,-1.014205995301988494e+01,-1.371889573505359117e+01,-9.574207592338781936e+00,-1.089383181435036541e+01
-2.898735831268687591e+01,-3.704564502864705133e+01,-2.069225542442037380e+01,-2.791580710895832951e+01,-2.055109004103361059e+01,-1.985158042986463656e+01,-1.583362308994943390e+01,-2.738801662685454019e+01,-2.176581227779475824e+01,-1.548635338596582578e+01,-1.163013623077628189e+01,-2.494065481237234039e+01,-3.811516217106304794e+01,-1.184006194133449696e+01,-1.172109415881884331e+01,-2.295949934793867087e+01,-2.397679362387527391e+01,-2.222027891513461029e+01,-1.448549134491882029e+01,-2.194072397592799462e+01,-1.981101941426235413e+01,-1.405136398079972793e+01,-1.534809596621304628e+01,-2.187280116481701953e+01,-2.160470630472021014e+01,-3.083036748921245263e+01,-1.035242832869940344e+01,-1.235121343128144034e+01,-1.164955153867949456e+01,-1.799342078912042453e+01,-1.630921995311759787e+01,-1.224420745383933529e+01,-9.704514845450336935e+00,-1.483697074733691679e+01,-1.135755332832977693e+01,-1.879836113103593931e+01,-1.500014053964251204e+01,-1.513296920433862525e+01,-2.815060019309311201e+01,-1.220558910801124775e+01,-1.798841090105223373e+01
-3.942219231317671557e+01,-3.193286318615957953e+01,-1.576950531295158697e+01,-1.750161429543458880e+01,-2.017377143571449949e+01,-1.676079384756405588e+01,-1.694635540948681651e+01,-2.170703475309768749e+01,-1.307155781916200965e+01,-1.310729206111193257e+01,-1.446793080552332178e+01,-1.416330513001564917e+01,-2.432944145418469262e+01,-1.680347788415587829e+01,-1.133838170135582146e+01,-1.349651335842624889e+01,-2.750895812246981009e+01,-1.926243053325541865e+01,-1.883618096652477192e+01,-2.673747097256243066e+01,-1.951580180508979367e+01,-1.723584961932835924e+01,-1.720948098643470558e+01,-1.451229388035470436e+01,-1.023468303938064494e+01,-1.789904128239845704e+01,-1.153415748417252118e+01,-1.023555682143204493e+01,-1.110805722858617628e+01,-1.082362415872951722e+01,-1.034047158220578311e+01,-1.121957867655999763e+01,-8.660377569137905240e+00,-1.030142154529929499e+01,-2.640009791178032472e+01,-2.727567701842918169e+01,-1.634307174091947701e+01,-1.154418773658845510e+01,-2.119158335608027244e+01,-1.639286397503627413e+01,-2.618945387181677376e+01
-3.914790602097578187e+01,-2.513707382779486110e+01,-2.109540023070188752e+01,-1.054667527902550539e+01,-1.518736918474798614e+01,-1.315396782467714587e+01,-1.357671958132658574e+01,-2.890443516989540385e+01,-1.273645392875953064e+01,-1.142915998736647865e+01,-2.836053678164800829e+01,-6.884960373327837502e+00,-1.101470792539473109e+01,-1.895513476285798760e+01,-1.131510788900260245e+01,-1.331778735383981527e+01,-2.093829059565613804e+01,-1.162515701776542620e+01,-1.239894882245084062e+01,-1.928544495994929164e+01,-1.322392633543764617e+01,-9.944830833240404289e+00,-1.648252256852017794e+01,-1.434841629706919797e+01,-1.096030943633996202e+01,-9.178246459645350797e+00,-1.845688281045345036e+01,-2.038724214562952142e+01,-1.754124486668702332e+01,-1.198686210635619709e+01,-1.070776334314208711e+01,-8.777580706540913269e+00,-9.124992890780974975e+00,-1.183475636164663847e+01,-2.854933177322695315e+01,-2.813630409698170709e+01,-1.491760003239060062e+01,-1.272687937671472547e+01,-2.574877638452642614e+01,-1.001825121681370589e+01,-1.583083667653152204e+01
-2.697240766733525064e+01,-2.452220005237336764e+01,-2.714177450313999884e+01,-1.309786442827714836e+01,-1.597026526987664852e+01,-1.379130996208421678e+01,-1.252424906690922057e+01,-1.027308404377821383e+01,-1.002838583751966794e+01,-1.362525755844195174e+01,-1.965906196004999629e+01,-7.866416374795988098e+00,-1.487344886097654850e+01,-1.661095910009689902e+01,-1.230223796035028450e+01,-1.304780735207158493e+01,-2.226367771553179153e+01,-1.236942976788196802e+01,-1.154748161317893995e+01,-1.361148948485914723e+01,-6.571523358503041479e+00,-1.498732708224460630e+01,-1.483657563447728656e+01,-2.112621767419523877e+01,-1.837333704283327407e+01,-6.564155563646803415e+00,-2.674427220919675818e+01,-2.853292881160369276e+01,-2.305118281336525854e+01,-2.069496149211946445e+01,-1.339022911629970558e+01,-6.155221424493787730e+00,-3.057315142267576746e+01,-1.023139414591472018e+01,-1.306733380968164226e+01,-2.567113551882529876e+01,-1.735831905337102654e+01,-1.448966912772547033e+01,-1.062788790795922367e+01,-1.309928498932558583e+01,-1.688590777939709398e+01
-2.348945222555689583e+01,-2.650831210048874453e+01,-2.399341372846553000e+01,-2.545145380167240745e+01,-2.400458563950812874e+01,-1.696502017057526501e+01,-1.351291685980868351e+01,-4.855597617159368440e+00,-1.265546921655730728e+01,-1.099938177707846521e+01,-1.416971551376418503e+01,-2.033968643055804293e+01,-2.254779047147829374e+01,-2.325376363091105247e+01,-1.651785315294183576e+01,-1.545449371446431996e+01,-2.279194035061058088e+01,-2.226060004679582960e+01,-1.473885489539405214e+01,-1.111995154985097933e+01,-6.317403753271305433e+00,-1.828596962774863854e+01,-1.625260119086935617e+01,-3.129034623626305134e+01,-2.073321956722542936e+01,-7.805883830445087490e+00,-2.689749228721377960e+01,-3.350735209697658235e+01,-3.421672495604079245e+01,-1.515435775614642822e+01,-7.317216016530744938e+00,-1.386994936359514163e+01,-9.691469566518165379e+00,-9.215434265553241744e+00,-9.101210221897568786e+00,-1.766539240579577097e+01,-1.174956773434519519e+01,-1.050218080473604942e+01,-7.118234741198308235e+00,-1.618241652709814815e+01,-1.887976323463925610e+01
-2.601064327735761594e+01,-3.414657278643529992e+01,-2.985869927201706631e+01,-3.902908054257110848e+01,-2.826878195849977971e+01,-2.405477528435674728e+01,-3.094119752641994125e+01,-8.397647756293828536e+00,-1.521190405219364727e+01,-8.174573302054483293e+00,-8.035662937806186790e+00,-1.194991883962780577e+01,-2.224766111295631532e+01,-3.927122839819777766e+01,-2.564592640455579442e+01,-2.831301428284001886e+01,-3.378864231660983108e+01,-4.299313518531892697e+01,-1.571121023695942576e+01,-1.569977543912928653e+01,-1.284485953875214648e+01,-6.389835430771260150e+00,-2.017567167003270612e+01,-2.753608492558795007e+01,-1.458937016361068473e+01,-1.453014149232853214e+01,-2.979184526417865797e+01,-2.887137541787333106e+01,-3.032631381356868516e+01,-1.530696457624909179e+01,-1.267689464993722837e+01,-1.661559971136331626e+01,-1.065764376308494121e+01,-2.641357506016642986e+01,-1.399673876798966177e+01,-7.809444921754873370e+00,-7.728585595928371355e+00,-1.079925695155686682e+01,-9.238516265335752209e+00,-1.796072793600954753e+01,-3.136312086198260118e+01
-3.202131810131258760e+01,-3.370915564502672623e+01,-2.656927654593527777e+01,-1.622739232582370761e+01,-2.031049015230231092e+01,-1.855898676035939587e+01,-1.543962508679225643e+01,-1.221561447320600280e+01,-9.022302885848192844e+00,-7.652340945183625287e+00,-1.401860864562257269e+01,-1.776450518733799910e+01,-2.310643158791091523e+01,-3.385875668581886089e+01,-5.424593353044458155e+01,-4.278218721470538810e+01,-3.612378772910796698e+01,-1.767515046384623645e+01,-1.937828631772078225e+01,-1.928912115017358175e+01,-8.820713222979893686e+00,-4.727292978805717638e+00,-3.336916683515497795e+01,-1.852704630015938747e+01,-8.331100831720680944e+00,-1.942985114407474256e+01,-1.298066231197814879e+01,-1.469487253052342801e+01,-2.451819733579738170e+01,-1.137028278013367455e+01,-1.493397569703560812e+01,-8.389445738230325134e+00,-1.414844002131349399e+01,-1.148645037705966310e+01,-7.240288644209603497e+00,-7.359470545103786954e+00,-1.107767637105751923e+01,-1.086400148935739729e+01,-1.811149728701623474e+01,-1.306420098968698440e+01,-1.762686818158915614e+01
-2.466080518306871383e+01,-3.448142656696880692e+01,-2.286717846072630067e+01,-1.057039075414959051e+01,-1.568188863139709177e+01,-1.215390218061488881e+01,-1.182906843126617602e+01,-9.585630560508304754e+00,-1.497977279746407753e+01,-1.231128615353420841e+01,-2.982914289619005288e+01,-2.779445651462701861e+01,-2.287209133023059593e+01,-2.769383448734949837e+01,-4.798638930595136287e+01,-4.006531734865110650e+01,-3.119660356271655388e+01,-1.186553242280521658e+01,-1.410939139420078448e+01,-1.918681991619415683e+01,-1.540212018068238820e+01,-7.394657402700336668e+00,-1.604641232965260400e+01,-3.272194022175850137e+01,-6.399308169299492199e+00,-8.776103905517040005e+00,-9.769608784127186141e+00,-7.700460018011722418e+00,-1.687545655859416982e+01,-8.805879899428919799e+00,-1.022202896404509964e+01,-1.140881655584602861e+01,-1.333200964397713584e+01,-1.207044611376711529e+01,-7.536380822855162087e+00,-1.407500015088888645e+01,-2.047944190823793065e+01,-1.815693037731813320e+01,-2.236287628644636172e+01,-9.018916728921805515e+00,-9.180448967681003936e+00
-2.611530089559211731e+01,-3.136364032193095852e+01,-2.271912244118523461e+01,-1.761700351438447854e+01,-1.821420763753222261e+01,-9.472485034222280831e+00,-1.424976536553579542e+01,-1.775268631186111534e+01,-1.281104597568830705e+01,-1.016859749082320796e+01,-1.838271786735114688e+01,-2.831578908979634690e+01,-1.164898048025237287e+01,-1.732837725359487635e+01,-3.270770164507248268e+01,-3.921177622247795824e+01,-3.047056366436422081e+01,-1.501857310689696945e+01,-1.348291423826797519e+01,-2.470775580047627074e+01,-2.008452713153825542e+01,-1.417933681715835270e+01,-1.113758482875609523e+01,-1.032955400719258954e+01,-1.312227651656862193e+01,-1.198665184366558734e+01,-1.209945299902422278e+01,-8.582980981497101425e+00,-9.186707634286948476e+00,-1.454246298619495015e+01,-7.066002385977232514e+00,-1.114514229505929421e+01,-9.047953851016361071e+00,-1.629936121923973147e+01,-1.798248941432603232e+01,-1.260540072963532410e+01,-1.998443125305084678e+01,-6.801359928716422587e+01,-2.304398870300616764e+01,-1.324385201767503695e+01,-9.692491789111135958e+00
-2.876493605216971972e+01,-1.997985614894171391e+01,-2.335814523452362579e+01,-1.338083896000612683e+01,-1.856160984351233978e+01,-1.146838537472349984e+01,-1.288701447019531443e+01,-2.396219297489107447e+01,-2.216948819125337167e+01,-5.969609431618385642e+00,-1.141920112875465776e+01,-2.043364736489855815e+01,-1.088925025032172478e+01,-1.743357523835464917e+01,-2.006881076706142863e+01,-1.852878850963142199e+01,-2.778313585479110870e+01,-2.748542338245924199e+01,-1.636946220759111270e+01,-1.138254986137584623e+01,-2.369643036194942454e+01,-1.578776893155335159e+01,-9.578013302907525173e+00,-6.752018517992097735e+00,-9.658576803813904377e+00,-1.672846971838773200e+01,-1.283448077481313554e+01,-1.378497581583389220e+01,-1.261136167035369837e+01,-1.506727917308890596e+01,-6.429791172735575877e+00,-1.028478255285349796e+01,-9.070643359179724641e+00,-1.331259947588751835e+01,-1.150089436137862009e+01,-5.753037880859252162e+00,-1.880269754658468884e+01,-4.815485075454722619e+01,-3.131067949777036930e+01,-3.083193560053183546e+01,-1.819340121302192159e+01
-2.079650268349687892e+01,-1.714213155373380459e+01,-1.980521161812961140e+01,-1.165439428615014350e+01,-1.164237208302899340e+01,-1.679751145873432705e+01,-1.900616511904373596e+01,-2.499962219228056881e+01,-1.242146443254556587e+01,-6.558216184123764947e+00,-9.865257967502124359e+00,-3.034994929202170155e+01,-2.000678331590503234e+01,-2.419749409372075633e+01,-1.698720622257047452e+01,-1.184438249824203737e+01,-3.223528012553743594e+01,-3.951077626064695636e+01,-1.486486744475091015e+01,-9.875993637350889642e+00,-1.878080204894255800e+01,-1.337816434372024688e+01,-5.348525188010004427e+00,-1.112362425835426549e+01,-1.497691706539241707e+01,-2.261489035152868610e+01,-1.168406839611126458e+01,-1.283282400971520865e+01,-3.105605319009239551e+01,-7.751671923010214016e+00,-1.604826941992125455e+01,-1.511560576729299399e+01,-1.320758389633400931e+01,-9.846791822114933979e+00,-1.547613011588566501e+01,-5.036689740948966154e+00,-1.957989655074216984e+01,-5.738700020089009968e+01,-3.997605931317948347e+01,-2.923638193677522779e+01,-2.773070131876396616e+01
-1.755336880601644722e+01,-2.495238963477389404e+01,-2.913385714970483065e+01,-2.269521139063506610e+01,-1.906480364562589003e+01,-1.416737268188290777e+01,-1.645457160351060111e+01,-3.532250664311677468e+01,-2.620691996182495487e+01,-1.149471293563246554e+01,-9.522099890211713102e+00,-1.807499902885575693e+01,-2.243705478580960744e+01,-2.799839323407511671e+01,-1.815328809215086636e+01,-1.342786332559954765e+01,-2.621717630771953367e+01,-2.741612453467507748e+01,-1.614352889129820312e+01,-1.078068753022324699e+01,-1.933619656978208212e+01,-1.627276153885884113e+01,-4.140473416223147574e+00,-1.443301995197194287e+01,-1.209878500896954101e+01,-1.756505791286126339e+01,-1.318270675936902236e+01,-1.664136628494032522e+01,-1.695212607700134910e+01,-6.411637873045037850e+00,-1.974146545256546048e+01,-1.662220990949090194e+01,-1.071510839869917575e+01,-1.148530648163778167e+01,-1.933158142631334897e+01,-6.735065712836382446e+00,-2.033198248068308089e+01,-3.736599592082133370e+01,-4.266479616488584981e+01,-3.061032907029261096e+01,-1.850595022686262325e+01
-2.036816440795978878e+01,-2.093210172732943875e+01,-2.616405207324272197e+01,-3.590981724787974372e+01,-3.062646044620493768e+01,-9.795044994990401932e+00,-1.206694718494591534e+01,-3.189838040965477006e+01,-1.363495752087240653e+01,-1.125680582418864972e+01,-1.937972424924969417e+01,-1.011162409687926811e+01,-1.457491015662155220e+01,-1.978197177393559514e+01,-2.496351260160393082e+01,-1.658732245074872580e+01,-2.538286036555291147e+01,-1.478872474343446441e+01,-1.260971515176197499e+01,-9.928169227644186634e+00,-1.353257014110960199e+01,-1.344092253801131953e+01,-1.070527684766009813e+01,-8.822333852234073959e+00,-1.172399273294987054e+01,-2.517053645127707284e+01,-1.737974388584951413e+01,-1.783409079765806027e+01,-1.385346282026333320e+01,-9.998795653914614334e+00,-1.082695123159438388e+01,-7.741960181090188797e+00,-6.579846317475500861e+00,-1.127277851880929660e+01,-2.352199271545604020e+01,-1.335891229070092834e+01,-2.082217499935551785e+01,-1.784091377881544105e+01,-3.031691489583836585e+01,-2.690288648984751063e+01,-1.795739407838495794e+01
-2.049775387731948939e+01,-1.842459856757035652e+01,-2.618710813996941056e+01,-1.879647692082138022e+01,-1.994333907827303776e+01,-1.291169294923222921e+01,-1.359669819760150666e+01,-3.259200340534646756e+01,-1.085420235494761343e+01,-8.747083977786259013e+00,-1.333546738664250064e+01,-1.536200356300860825e+01,-1.053129690816890118e+01,-1.769297366752276091e+01,-1.793672287656373143e+01,-8.457750774106045810e+00,-2.411659808895820589e+01,-1.013975880843384481e+01,-7.560282832045059465e+00,-1.244868391108068906e+01,-8.631512359100387499e+00,-2.600114598755269313e+01,-2.049902752909110859e+01,-1.538353490446440119e+01,-1.141488576298131008e+01,-2.023974765267862708e+01,-1.180172770672258764e+01,-1.507847103890905593e+01,-1.682229097733720380e+01,-1.886973195170017448e+01,-9.003336468016614802e+00,-1.176225574838768217e+01,-1.354104079128781990e+01,-1.324166132996482936e+01,-2.786460543955751490e+01,-3.847600419790245496e+01,-1.638180154389326404e+01,-9.922697092560982313e+00,-2.460743616860787597e+01,-2.931866377519788713e+01,-2.160272272996102672e+01
-2.700681452733059373e+01,-2.836066288031856786e+01,-2.422241395739522574e+01,-1.238103225275039776e+01,-1.718529352754149997e+01,-1.922802599853956451e+01,-2.293161824297962426e+01,-2.265468651430092706e+01,-1.203599136112400103e+01,-9.818364258339940420e+00,-1.134997041659172723e+01,-1.089610003858441090e+01,-1.273154203631088599e+01,-7.896680551877459209e+00,-1.195657230090201928e+01,-7.761004270041630626e+00,-1.044685602349595577e+01,-1.491096903241656157e+01,-4.233052341701324828e+00,-1.737462786483597199e+01,-1.109097243500814045e+01,-2.405493527342889237e+01,-1.637917948422035508e+01,-1.241382362622133329e+01,-1.428475241793804962e+01,-1.230529296432144370e+01,-1.045359034523526987e+01,-1.676569066117673756e+01,-3.302341596776851418e+01,-3.490000252397052094e+01,-1.317912100388872076e+01,-1.905949052080001849e+01,-2.826396311711599196e+01,-2.126595915962194638e+01,-3.976249778371796140e+01,-2.308119243263973175e+01,-1.377627093783099177e+01,-6.669639779234440624e+00,-1.462064285529342911e+01,-4.529465614250295147e+01,-2.148207028836399601e+01
-5.406367657566738671e+01,-5.981466243956533191e+01,-2.804260415705936182e+01,-1.572450288243721417e+01,-2.055935012526290606e+01,-1.753412386862298789e+01,-1.078586651165884547e+01,-1.110693533449070358e+01,-1.205443925193161192e+01,-7.724443116193583592e+00,-1.134819460079333453e+01,-1.115926535595880154e+01,-1.500543609385387356e+01,-6.013285841323490644e+00,-1.695838789970737892e+01,-1.089542909376247337e+01,-6.909373623410097309e+00,-3.399823749671354989e+01,-1.332292599530696720e+01,-8.401101897698994847e+00,-1.943492991799490710e+01,-1.653963067941977272e+01,-1.033318577072924072e+01,-1.091716146842187385e+01,-2.016008659914260193e+01,-9.384510648213620243e+00,-1.729407141582629492e+01,-2.221407234015547871e+01,-2.244001571710968079e+01,-2.148593702269128869e+01,-2.445947608735323797e+01,-2.292951876849151560e+01,-1.801739607793966158e+01,-2.239487587006633618e+01,-2.602130116880817212e+01,-1.204157039486790204e+01,-1.113768521020581304e+01,-5.319568082756129357e+00,-1.261890477813079414e+01,-1.824340496412292367e+01,-2.432406079485034311e+01
-3.683426742360111206e+01,-3.250203730722464002e+01,-3.329974862144269565e+01,-2.178267614889055537e+01,-3.172836920586790654e+01,-1.856497605597758849e+01,-1.073691421248384614e+01,-1.086441018760519484e+01,-8.096508128100003532e+00,-7.336677196376433230e+00,-1.361348732129543038e+01,-1.890852125874146239e+01,-1.133945536517021857e+01,-1.460292782497263886e+01,-1.218472114490074532e+01,-1.306879075861884232e+01,-1.392175517046009858e+01,-1.314233915106854234e+01,-9.268990338732583822e+00,-1.293715248170936505e+01,-1.153748817507811886e+01,-1.293720105300370626e+01,-8.222301973629301486e+00,-1.858105601971484333e+01,-2.010879438420647602e+01,-1.408591338568197671e+01,-3.948548301149303086e+01,-3.172045325591839315e+01,-1.526382671831328075e+01,-1.167058204924446585e+01,-1.760633513406929751e+01,-3.155784395123171038e+01,-9.523140521674541503e+00,-1.182520729211118748e+01,-1.956610918782263653e+01,-8.728168457789625023e+00,-1.124671308933698555e+01,-9.776949052362361670e+00,-8.443467469381086943e+00,-9.665965325116840035e+00,-1.622023810368197161e+01
-2.306059769343951871e+01,-2.568065696309230361e+01,-1.540706102449487425e+01,-9.198900015041617806e+00,-2.247577848654824706e+01,-1.304284688873270781e+01,-1.212150314054606604e+01,-1.350197699978341781e+01,-1.438181239644697840e+01,-1.024414241260409320e+01,-1.146014521839549616e+01,-2.725095713152071752e+01,-2.263535193270979562e+01,-9.577990911756510073e+00,-7.547537043358037323e+00,-1.007876721905383732e+01,-1.028601339764974476e+01,-1.224266327350520811e+01,-5.959448148009760970e+00,-1.253165685514506578e+01,-8.751806077677960261e+00,-1.295233791735520334e+01,-1.167979471453382168e+01,-2.315393677623846003e+01,-1.949289274800820948e+01,-9.225291525626644784e+00,-2.156489248695335448e+01,-3.871422088230438163e+01,-1.283021532561709321e+01,-1.786685440096082900e+01,-1.877789218968972307e+01,-1.762306980018136926e+01,-5.606756353449366514e+00,-1.108480852381782356e+01,-9.852102050936800026e+00,-9.803608263243784648e+00,-1.872874447722339042e+01,-1.375258127559425247e+01,-7.112588107589418840e+00,-1.251060979454856437e+01,-1.087070965717171589e+01
-2.011050289225543253e+01,-1.684857362240929746e+01,-1.319936185553757468e+01,-7.634431474379816507e+00,-3.408550932641829689e+01,-1.078164319514416114e+01,-1.346144010200563912e+01,-1.021652923947746316e+01,-2.181805612209153722e+01,-1.461337893461429616e+01,-1.073401890919392265e+01,-2.776100882121642144e+01,-2.511210733435894582e+01,-5.204862042348162632e+00,-1.529400564439027654e+01,-9.508711782149797287e+00,-8.068715980076648364e+00,-1.381342939385227453e+01,-8.558773810984805053e+00,-1.142851526979200294e+01,-1.720834096851407935e+01,-1.224330128126844208e+01,-2.364827509567831143e+01,-2.045961327635755467e+01,-1.683189138002904173e+01,-1.102873498130012919e+01,-2.212453739868068681e+01,-3.582807536523016267e+01,-1.354186521966747847e+01,-1.136064995957587875e+01,-1.918531223301979693e+01,-1.395179587674590849e+01,-7.833153188853354543e+00,-1.424645154040030448e+01,-7.720987928491838126e+00,-1.384563515170957970e+01,-2.349066984766290034e+01,-1.689264552931792451e+01,-1.617931576496390988e+01,-1.788551856246918348e+01,-1.154142684830245713e+01
-2.408759478823812472e+01,-2.007262737819652898e+01,-2.065210599031910021e+01,-1.726947246723775464e+01,-2.623366572928731699e+01,-1.632399043043793441e+01,-1.362848220627514984e+01,-1.472398922247498909e+01,-2.071270277842705099e+01,-1.723651831695602965e+01,-1.546659413701250330e+01,-4.192983649468821739e+01,-2.789546877154862869e+01,-6.980725660665479282e+00,-1.444814281808278267e+01,-1.534927931455722216e+01,-1.725179187718372020e+01,-7.852914794977920998e+00,-2.657029264910786637e+01,-1.618234701320407964e+01,-2.903615141524997867e+01,-3.205297210437877453e+01,-1.263331293320924154e+01,-1.289747733911578997e+01,-1.155266807106271720e+01,-2.493662447772012314e+01,-2.405894767580012328e+01,-1.654386376638444034e+01,-2.469615360686831096e+01,-1.444995724840966034e+01,-2.341606674473808525e+01,-1.159928901920440403e+01,-9.619186164573836351e+00,-2.100169403679821656e+01,-1.351101558032216765e+01,-1.799986976242151115e+01,-2.182506881121286568e+01,-2.074696374988921832e+01,-2.602829879509094368e+01,-1.021861264169269212e+01,-1.629279745397650458e+01
-3.368149312663626205e+01,-3.409562848480480568e+01,-1.943003375403487354e+01,-1.242300978031992997e+01,-1.797844969372331292e+01,-2.650545444246872506e+01,-2.818258416825143087e+01,-3.274305860321499040e+01,-3.225507690127981419e+01,-3.231327017332569085e+01,-2.685397177293852522e+01,-3.280430856633066838e+01,-2.719455162670641002e+01,-1.069018245866207906e+01,-1.350304774612067860e+01,-1.458086675725758141e+01,-1.914219429612622747e+01,-9.185683505457191700e+00,-1.895988590471836943e+01,-1.729361181868415542e+01,-1.409597639813454428e+01,-1.976220336263565613e+01,-1.043824643826338949e+01,-6.938767826292020047e+00,-1.211133596277369051e+01,-2.080980080583852754e+01,-3.964133690722798065e+01,-8.438538775237168110e+00,-1.388939413751364427e+01,-1.685234796068139218e+01,-2.775672650361642013e+01,-1.094346900217907503e+01,-1.020300783448925586e+01,-2.387558534222428008e+01,-3.305570126322127322e+01,-2.551726722566703742e+01,-1.802181332532668634e+01,-8.744286508213821918e+00,-1.883311177905772382e+01,-1.053184367038050517e+01,-2.610330730392425380e+01
-3.118757737024036913e+01,-3.240494615565384606e+01,-2.022124095076245354e+01,-1.704281851907057188e+01,-1.554975176399541859e+01,-1.682201353495945995e+01,-2.775294609980172567e+01,-2.287238595980028322e+01,-2.820935317622977223e+01,-4.039986186636394194e+01,-3.758899088056296733e+01,-4.145757955599806621e+01,-2.604537721769472824e+01,-1.538803071735479122e+01,-7.451234105225417181e+00,-1.375317794084342360e+01,-2.021471720959777940e+01,-8.329478339194775316e+00,-2.199504482325624011e+01,-1.630141585789735359e+01,-9.255723675042951015e+00,-2.395388836572926294e+01,-6.825177220746692974e+00,-8.038729561513733302e+00,-1.403404322140442417e+01,-2.225809715922089538e+01,-2.979692581224328052e+01,-6.914721316726520683e+00,-1.618689544351910570e+01,-1.056443884918944143e+01,-1.936992812593231861e+01,-1.173748729304105787e+01,-1.241622320178654704e+01,-2.319724553237796272e+01,-2.957549506587666599e+01,-4.923245655322033798e+01,-1.818385240180530715e+01,-7.475072934593431029e+00,-2.496912927112795444e+01,-2.163856105443610645e+01,-1.336642760258357043e+01
-2.410505816608885610e+01,-2.945757987585758286e+01,-1.429817184359071724e+01,-1.328898216038278690e+01,-1.681549752138059262e+01,-1.387220483059463838e+01,-2.163866482346695364e+01,-1.124691157337165848e+01,-1.996643474692025322e+01,-4.673643407643989178e+01,-4.347998106771942162e+01,-2.537881569654272695e+01,-2.168908041563883415e+01,-1.247311731847352334e+01,-1.147138980804664499e+01,-1.500862982975647952e+01,-2.826768299527091699e+01,-6.658744620415176563e+00,-3.524989548092001712e+01,-1.850462050729084851e+01,-1.322622143785822146e+01,-9.720473046401759021e+00,-7.526623123152138106e+00,-3.372231321598316356e+01,-1.445358117262344599e+01,-2.351442205133273688e+01,-2.900237061652119053e+01,-9.022298906276649433e+00,-9.765301671225133262e+00,-1.944915341013138388e+01,-9.598688352722406947e+00,-1.811383370828851369e+01,-8.672477226563104935e+00,-1.353336865104405362e+01,-2.682319126214120075e+01,-3.390857081118308969e+01,-2.077571856216801649e+01,-1.185665350037955967e+01,-1.979586139445996196e+01,-2.933579508719834905e+01,-1.210252650449940859e+01
-2.343936867196004670e+01,-2.191411035034454002e+01,-1.408763789469595196e+01,-1.297203107342868300e+01,-1.216164727187153716e+01,-1.435779843717212678e+01,-2.014116992896619607e+01,-1.031468930225125469e+01,-1.902522094178762657e+01,-4.274140867626990570e+01,-3.113998682772868065e+01,-2.401900710993785637e+01,-1.054736162089422002e+01,-1.376023011174489952e+01,-1.545090921246999649e+01,-2.356056357284196423e+01,-2.016735738095719910e+01,-8.644710189027577485e+00,-2.098270304981553736e+01,-3.043126739558869076e+01,-2.553290175545635421e+01,-7.178402445378889496e+00,-2.876260957346876523e+01,-1.048326471245249181e+01,-1.069963759504922862e+01,-2.598687151032640585e+01,-2.491888111454261789e+01,-1.167502142129676734e+01,-1.038075817901633968e+01,-1.679227262544388566e+01,-7.156025450221159545e+00,-2.160908279665822818e+01,-4.778786608829697080e+00,-1.037825962085483766e+01,-2.662850810436041371e+01,-1.595275858506644795e+01,-2.616220386465626291e+01,-2.304204749066849445e+01,-1.213963522186995192e+01,-2.272950815357086540e+01,-1.353907156617946761e+01
-1.805463333729221631e+01,-1.907723963485984697e+01,-1.626836802997958387e+01,-2.394198590883057776e+01,-1.312998200006021143e+01,-1.719608969497161510e+01,-2.367352879220734962e+01,-1.966865111179592773e+01,-2.282948681269569846e+01,-3.571644368231085309e+01,-2.073914792911862648e+01,-2.303107942593177526e+01,-8.889617861897372464e+00,-1.289941363836187804e+01,-1.342215260349040484e+01,-1.618553622075779685e+01,-1.570626046363762462e+01,-1.815730063535981742e+01,-2.008265861639338823e+01,-1.852647687828281775e+01,-1.706522797557475712e+01,-5.979552420970930982e+00,-1.456634089431432599e+01,-1.260047233867467931e+01,-2.903551825615150506e+01,-1.295541883085879320e+01,-1.796622509115894673e+01,-1.889786414079326704e+01,-1.756604570290588185e+01,-2.003536099127086345e+01,-9.901219290657280681e+00,-1.233091796701384801e+01,-7.190277234148395813e+00,-1.889069323733909300e+01,-2.041184218202867129e+01,-1.074187423388963403e+01,-1.170833266043828758e+01,-1.059402846294319644e+01,-1.096323917794553537e+01,-2.831591413919709055e+01,-1.585804614908068544e+01
-2.164268223050016360e+01,-2.011267793507726509e+01,-1.693972039833133536e+01,-2.199147260237827695e+01,-3.207384595713204334e+01,-2.965862493188347315e+01,-3.563104765237932270e+01,-4.276621007526058804e+01,-3.416610894749180005e+01,-2.105789719538424265e+01,-1.292316507707799644e+01,-1.137791589053752261e+01,-8.903441024747412058e+00,-7.670639933113079678e+00,-1.544753769280260869e+01,-1.260790968445712323e+01,-6.082488191146348200e+00,-1.281687730972980788e+01,-1.583761579664419372e+01,-1.226813021392834813e+01,-9.543753531067642015e+00,-1.068835794102452930e+01,-1.063707389090212452e+01,-1.478832874586633395e+01,-1.391937322291078516e+01,-9.525817854555185704e+00,-1.978515248572728424e+01,-2.934783572428034404e+01,-3.447764588615776660e+01,-2.279215348661013252e+01,-2.373837422449557266e+01,-1.028414816004945820e+01,-1.052453292481563807e+01,-3.429563551354806350e+01,-2.267085640685129988e+01,-1.318410647315625184e+01,-6.936566953107865530e+00,-1.492086466433056557e+01,-2.568889190199442396e+01,-4.622539500274955060e+01,-2.150702973728066425e+01
-2.720309461965171849e+01,-2.892794548000722799e+01,-2.274445194484552601e+01,-2.156411219814118141e+01,-1.669562068729562654e+01,-1.689882880311127877e+01,-4.304662455754098715e+01,-4.453870120439708558e+01,-3.188602475598322883e+01,-1.364946119718490891e+01,-9.480936809270010812e+00,-1.188106031395670215e+01,-1.193659428356124330e+01,-8.069716580760823987e+00,-1.635808577912906614e+01,-2.001145473271178332e+01,-6.563999088351932798e+00,-6.853695789134636840e+00,-2.077051870293349012e+01,-9.694133143177790402e+00,-1.272901171690239863e+01,-1.870332781194560567e+01,-1.584025146811701390e+01,-1.032985232719298985e+01,-1.005348288286557334e+01,-1.643048045193307516e+01,-2.353615105657100415e+01,-1.909372378709602813e+01,-1.780347586649206804e+01,-3.144772662710711586e+01,-2.836898969475861776e+01,-1.225781782896838479e+01,-1.500654571775546842e+01,-3.074495498025088480e+01,-2.022147400143925822e+01,-6.759817675252151048e+00,-1.523953529191230061e+01,-1.102915436730707555e+01,-1.064485605999981743e+01,-2.383561923224153745e+01,-2.636006015104268485e+01
-3.252101917825832800e+01,-3.333859150730156529e+01,-1.723359816369482900e+01,-2.199325070898250445e+01,-1.609054486732554778e+01,-1.714963964604428526e+01,-3.450004458247035899e+01,-3.232218218068197046e+01,-3.823413804969107588e+01,-1.347174503424792569e+01,-1.407295851405671883e+01,-2.038556345896093092e+01,-2.810061141668052542e+01,-1.048081845071202345e+01,-1.044821922812506187e+01,-1.255371759147224253e+01,-1.429685954620949673e+01,-1.047759318997547595e+01,-8.929582133366347207e+00,-1.075049092610095514e+01,-2.438312439136589660e+01,-3.407041480805186495e+01,-1.487611999447543454e+01,-8.932358608601072447e+00,-9.943666976712570715e+00,-2.299472865564734647e+01,-2.124882175724733457e+01,-1.186270225579485960e+01,-1.224123440262180829e+01,-2.478382185348166544e+01,-3.270657953273713758e+01,-1.506927977561547216e+01,-9.506378422568261044e+00,-2.041965464539786268e+01,-1.281019308446485105e+01,-1.009532720484307333e+01,-1.042746792457226945e+01,-1.668882151678527137e+01,-1.097907121514160522e+01,-2.220963804460004809e+01,-2.433035679987655442e+01
-3.664357837483147762e+01,-3.249954283377373088e+01,-1.579321894160873363e+01,-2.267907330374784536e+01,-2.458854092713391637e+01,-2.235132736240473506e+01,-2.074566848868132141e+01,-2.713110540957700678e+01,-2.669298551199805303e+01,-1.377627236800351263e+01,-1.687123212347951551e+01,-8.827986728586056486e+00,-1.926649635240887193e+01,-1.087017720706687385e+01,-8.519860739662664884e+00,-1.019432146870575551e+01,-1.351968321025294451e+01,-1.018481103393962428e+01,-6.804920840639201884e+00,-1.081591030368172390e+01,-2.664082218663349622e+01,-3.163173473300074079e+01,-1.161388542529505408e+01,-1.001941553200018120e+01,-7.226289186296389389e+00,-1.208859888407946492e+01,-3.237260724419977009e+01,-9.719750838076068433e+00,-1.068435693981955481e+01,-1.604748009919716267e+01,-2.955197321517182374e+01,-1.377116132859126374e+01,-7.968730339890647052e+00,-1.924342057034179021e+01,-8.167218478263883696e+00,-2.723167088170964334e+01,-9.006099820948229251e+00,-1.413705156730352641e+01,-2.044988005813240761e+01,-2.145246938115310797e+01,-2.351098797400375773e+01
-3.862862118599875316e+01,-4.497933664146827937e+01,-1.346593721876387661e+01,-2.718290703308173306e+01,-2.216956839780287325e+01,-1.128288297425743991e+01,-1.257483672167586874e+01,-1.202667093164515322e+01,-2.230937997268838302e+01,-1.168065650156056989e+01,-9.539419554871461315e+00,-1.208470724335336399e+01,-1.565723208550758727e+01,-1.668817564666073849e+01,-1.288701155262691245e+01,-1.994468636816460005e+01,-1.036016175361342384e+01,-1.207627725184037359e+01,-1.174095240160736608e+01,-1.239245209813778814e+01,-2.743079866574987946e+01,-2.544086528203512998e+01,-1.490009088989019048e+01,-2.412186821348776178e+01,-9.189625285471267446e+00,-6.276578927641618399e+00,-2.345879192510081879e+01,-9.783404029795590873e+00,-9.039123145327533138e+00,-9.744245537632370002e+00,-2.554064030030363597e+01,-1.649748540611413716e+01,-1.308149738141746710e+01,-1.959545169500876938e+01,-1.446472379461451574e+01,-1.399824741435818609e+01,-1.010689776376834814e+01,-1.467103722395906296e+01,-2.683644688431956382e+01,-1.160537420861398061e+01,-1.994776170510314017e+01
-2.462537339420668303e+01,-3.016312632371051095e+01,-1.335104614679923785e+01,-1.822842965522125525e+01,-1.507981035866872155e+01,-8.681120254571208505e+00,-1.252451502235274816e+01,-7.772407055990692371e+00,-2.806959386524331990e+01,-1.121594351474077200e+01,-1.050629889660407557e+01,-1.265105994921330357e+01,-8.650603777591159727e+00,-1.939958359350367090e+01,-1.451331483075734496e+01,-1.086752885326987794e+01,-1.890153666676099675e+01,-1.278262248346480945e+01,-1.798339749204021132e+01,-9.979725207665431697e+00,-1.445658711095883220e+01,-2.679489333301466658e+01,-2.916100858922781214e+01,-2.040311913262521415e+01,-1.092283249507954324e+01,-8.781101130180958947e+00,-1.063008378535087672e+01,-2.418022487621986372e+01,-1.481416160448198127e+01,-1.313924410398021081e+01,-1.290767982276164183e+01,-1.966435711455559954e+01,-2.468884145118844131e+01,-3.046661450080768674e+01,-2.338557746814721483e+01,-1.047523921033565486e+01,-1.063912745135731264e+01,-1.901712055755763942e+01,-2.449880780255966783e+01,-6.798523693742759555e+00,-8.430719633809054869e+00
-2.405570922425938107e+01,-2.760403321846435887e+01,-2.670520206035824629e+01,-8.886427863786297010e+00,-1.896383633705073635e+01,-1.754195832810188094e+01,-1.316628112518335669e+01,-7.830820444946386516e+00,-2.404590134454310402e+01,-1.415469798581585081e+01,-1.548555243250923574e+01,-1.174295217757800813e+01,-1.557606383793614491e+01,-2.555530034558854524e+01,-1.294801017562744150e+01,-1.245595003899262920e+01,-8.666053792701832847e+00,-1.396250077090370745e+01,-1.832733902776412549e+01,-5.530370088153054198e+00,-9.323497099263182264e+00,-2.261281645739683199e+01,-3.715412742997567364e+01,-2.092759740920784139e+01,-6.603701970935167864e+00,-1.838832876167100494e+01,-1.281362076005395068e+01,-1.075818644233006438e+01,-1.219877742655530994e+01,-2.433244828789903380e+01,-1.156615680168969718e+01,-1.832981192566326101e+01,-2.810431509042334497e+01,-2.923716917320698272e+01,-2.633765439111977358e+01,-1.440268181047270701e+01,-1.545599988223535348e+01,-3.336055820959982299e+01,-2.553992643593141310e+01,-7.937253276765849463e+00,-6.526551284224185068e+00
-2.293297116590389706e+01,-2.901282911664155861e+01,-1.958166115195862744e+01,-9.049967072068183072e+00,-1.553438056741449458e+01,-1.424461157324237881e+01,-1.383796089254914463e+01,-1.240718728088637590e+01,-2.284220414679140987e+01,-2.275690699804954775e+01,-3.372482965762964824e+01,-2.371087411891002361e+01,-2.679527842009353122e+01,-3.380065478285856528e+01,-1.811413730357761764e+01,-1.885594660114094623e+01,-8.312894168903227410e+00,-1.309238311142588529e+01,-1.393955398193000228e+01,-7.717287410265912584e+00,-1.298177305111965296e+01,-2.273246313249780570e+01,-2.324632160239580259e+01,-1.774423067168864421e+01,-9.165368705045114694e+00,-2.177067994530490935e+01,-2.983483848374945069e+01,-1.202201655481935560e+01,-1.096471706450663675e+01,-2.613064518833468952e+01,-2.069800134540476932e+01,-1.790705377066410975e+01,-1.897241838553307858e+01,-3.496037739665423771e+01,-3.454691019845706990e+01,-1.789778717779828909e+01,-1.223389378882983891e+01,-3.266800344933743361e+01,-3.195228890696309776e+01,-9.481129078024622459e+00,-1.236924893960685523e+01
-2.233797950869185911e+01,-3.770877584425197426e+01,-1.943177169914093483e+01,-2.185273078846327621e+01,-1.978629403919380891e+01,-1.203468777122307820e+01,-1.150222981826028956e+01,-2.841403530527832899e+01,-2.575187082255691706e+01,-4.105766932197789743e+01,-2.821403352460394842e+01,-2.558120907464774163e+01,-3.578695457959647541e+01,-1.901237432811535299e+01,-1.218497701373943087e+01,-1.415480760900004853e+01,-6.861935769834098586e+00,-1.006566594416239191e+01,-1.453820607405528520e+01,-2.023308809395407692e+01,-1.994372755618112691e+01,-1.502358747350819534e+01,-1.870279225891874830e+01,-1.976132998317522649e+01,-2.667859381453322243e+01,-1.589009471478019186e+01,-3.107211368440517063e+01,-1.256524141700812791e+01,-1.089107305562160022e+01,-2.850648762543091053e+01,-3.449038275730475078e+01,-1.294684025818609463e+01,-1.303228040694826007e+01,-2.629281979346600195e+01,-2.762564942852637273e+01,-1.125499142657688090e+01,-8.705384018320689421e+00,-2.347422963870350898e+01,-2.297027819659558645e+01,-1.279208875348562024e+01,-1.568277577652972887e+01
-2.852676430588060086e+01,-2.868322750581079106e+01,-1.594291430922489283e+01,-1.286770937529174752e+01,-1.802139759628828841e+01,-2.046861702711137809e+01,-1.753818010582151743e+01,-2.697371673745863419e+01,-3.827054330773944457e+01,-4.578936693196035890e+01,-1.852963810290543023e+01,-1.350328724638077560e+01,-1.426768356789621350e+01,-1.397892485332226897e+01,-9.811704836962420018e+00,-1.097744801660742198e+01,-6.179478125114910014e+00,-1.328197049407885544e+01,-1.583220789649052662e+01,-1.812981618757953584e+01,-1.133056913724485781e+01,-1.010913550001264660e+01,-1.557376459902185495e+01,-1.555566011424446415e+01,-8.324938737721197413e+00,-7.439624716830966378e+00,-3.414237331562530642e+01,-1.215082604378126874e+01,-1.138396191768512722e+01,-4.214409507825489243e+01,-2.925137006291027220e+01,-1.298840863361403208e+01,-1.429294940970139294e+01,-2.474912507799341554e+01,-2.256788215394655239e+01,-1.199033591524867326e+01,-1.081596410868415958e+01,-1.634477236521087207e+01,-1.057915760160560481e+01,-1.140493108694193403e+01,-1.660999282658626086e+01
-3.368539342223620991e+01,-2.425497703815214479e+01,-1.590446197889183821e+01,-1.497739711839269461e+01,-1.484201064653312763e+01,-2.305441262202457864e+01,-2.050751798421184802e+01,-2.209503485919724852e+01,-2.329437214244207865e+01,-3.301053397066459638e+01,-1.758382465124336136e+01,-9.698215219737537751e+00,-9.306864300403503876e+00,-1.233071069892240246e+01,-1.124759403339404784e+01,-1.851943823972402825e+01,-5.273712242895738811e+00,-3.168061960698940638e+01,-2.065256758180574437e+01,-1.732353781104528778e+01,-1.130696669081013184e+01,-1.544688501683647175e+01,-1.651496125907527102e+01,-1.381025757622513339e+01,-1.594542668442216993e+01,-8.082280437468238432e+00,-2.316949960054317614e+01,-1.246674637343151204e+01,-1.826037772289385330e+01,-1.477813849731971985e+01,-2.472912656488207261e+01,-2.179375523396247871e+01,-1.340011581448907485e+01,-1.079589008753385571e+01,-1.165735404420118471e+01,-1.496513421432711510e+01,-1.553358000231890657e+01,-2.060965446013998559e+01,-9.441100609517746989e+00,-1.434985698169416857e+01,-1.795726202186889964e+01
-3.370765555582515560e+01,-2.265545769972215240e+01,-2.295455484874005947e+01,-2.996690793246641249e+01,-1.662839422760363206e+01,-1.490958369909441039e+01,-1.064689501056534482e+01,-1.115310795513370756e+01,-1.784269494966071079e+01,-3.217701551786205272e+01,-2.066007293473158768e+01,-2.063814539007922377e+01,-2.297764414606394112e+01,-7.571515396234019590e+00,-1.057308140103067551e+01,-1.036900273646814696e+01,-1.069509701229418397e+01,-2.663728247028926432e+01,-2.178955691081295853e+01,-1.269168623697833453e+01,-1.566079661293463055e+01,-2.209737354292983014e+01,-1.177454163631966644e+01,-2.178546699909397333e+01,-1.435628460115840355e+01,-2.373393243609120873e+01,-1.604939173476798331e+01,-7.566987149384598155e+00,-9.993702903558268957e+00,-1.085215354936286047e+01,-2.078910830748176508e+01,-3.255037612091161492e+01,-1.307285194645626980e+01,-1.043927742115766577e+01,-8.403391948129353750e+00,-2.535122188546522182e+01,-1.461485426662610543e+01,-1.596552731283026105e+01,-2.203357076357342592e+01,-8.629382266520408962e+00,-1.306062686411470430e+01
-3.330147041971710564e+01,-2.426831340958248617e+01,-4.731460987990863742e+01,-1.995408459129065903e+01,-2.460645071517092930e+01,-1.386118916181391469e+01,-1.146156350048767969e+01,-1.093070837753459479e+01,-1.679014451800569319e+01,-3.327012747306709883e+01,-1.883399955747386656e+01,-1.141168292647926741e+01,-7.519326733871447566e+00,-1.579662261517273691e+01,-1.870102733798841044e+01,-1.172807604893286992e+01,-2.346439151254209321e+01,-2.075094806724236207e+01,-1.245466569956094460e+01,-9.026561832294387244e+00,-9.262806376422950905e+00,-1.239001248502911423e+01,-7.419653089418531522e+00,-1.449934701130001358e+01,-1.591067015534130391e+01,-1.105213274070724339e+01,-1.694115592591673902e+01,-9.686040248178107603e+00,-1.742194078992380568e+01,-2.243045702502018202e+01,-2.414433881739415710e+01,-1.715233474071205322e+01,-1.356280412215630804e+01,-2.222322126971125300e+01,-1.530687164182128690e+01,-1.386628169926455101e+01,-7.244002799105046186e+00,-1.545030017569271408e+01,-1.766330528672463274e+01,-9.354084341514170120e+00,-1.340881742437318280e+01
-2.178458790685418123e+01,-3.324567055168537166e+01,-1.793154845986753898e+01,-9.745823823410441733e+00,-2.624766337242760272e+01,-1.800450785116773034e+01,-1.269863722485248481e+01,-2.088787466786658698e+01,-1.215622733500439878e+01,-1.753529802450222519e+01,-2.062405616987850721e+01,-7.650182740559472450e+00,-7.511111570234277224e+00,-2.113172790067122975e+01,-2.086227406449367194e+01,-1.057964433771390667e+01,-1.193951771127098382e+01,-1.079904423524355117e+01,-1.696044687669395046e+01,-1.547941441527569495e+01,-1.336537135675877153e+01,-1.163799886907818326e+01,-4.332671722825523375e+00,-1.302211586195467063e+01,-2.223719618122569130e+01,-1.857384891580597852e+01,-1.160915895437083911e+01,-1.314904237657579600e+01,-9.914444233129907857e+00,-1.112134188644348143e+01,-3.037734971752977131e+01,-1.146006152318640758e+01,-1.680501237113827884e+01,-2.658128994533750955e+01,-2.136808983838256992e+01,-9.490364251859782385e+00,-4.729427416448272581e+00,-2.059657771791149727e+01,-1.121885574123543172e+01,-1.633632308841071534e+01,-1.515355422966789156e+01
-1.688116912162295336e+01,-1.814900532869718575e+01,-1.340479076468587927e+01,-6.921520514364020826e+00,-1.683256267161095465e+01,-1.385157663714992893e+01,-7.762630538210153475e+00,-2.588648733131542912e+01,-1.093904308555898908e+01,-1.366956186513741045e+01,-3.074170780955653726e+01,-1.040549955830808315e+01,-1.904427416404373830e+01,-1.823889295640799801e+01,-1.252301385914935139e+01,-6.860735751046474817e+00,-9.486976133572897041e+00,-6.114067690941690003e+00,-1.357228969358022397e+01,-9.893586050893695472e+00,-1.905258940206814344e+01,-1.467450169113932290e+01,-6.621092517630076557e+00,-7.980013455700548874e+00,-1.341379005529690360e+01,-3.482617908238784565e+01,-1.054862700209729987e+01,-1.675277479889715337e+01,-7.635046436664421066e+00,-1.099270450669169286e+01,-2.806640232761169784e+01,-1.403535233242323166e+01,-1.154739370260350739e+01,-1.685592851152959781e+01,-1.330781711066078543e+01,-1.252770272550620234e+01,-9.641933317018660077e+00,-1.193495555231441863e+01,-1.158515301808888154e+01,-2.372941503707405886e+01,-1.169544274740040635e+01
-1.989557288974366145e+01,-1.553787958186011942e+01,-1.365866380438463423e+01,-6.852384061530351289e+00,-1.473165853780549739e+01,-2.257425115800343107e+01,-8.532245309061520899e+00,-1.988339570007008206e+01,-1.135951189562099373e+01,-1.448303635289496327e+01,-1.794725907045054214e+01,-8.012801606884536909e+00,-1.029195776350386460e+01,-9.614288848807793997e+00,-1.233883745736286386e+01,-1.155343679427294212e+01,-1.756605282734537354e+01,-9.455624567314064421e+00,-1.999785944120000991e+01,-1.008199950206505591e+01,-1.972638684436525480e+01,-1.227183352363321234e+01,-1.079733767669486610e+01,-8.604011800669244536e+00,-1.074060998776400488e+01,-2.271788265428912723e+01,-1.052772905566085271e+01,-1.256105548822619511e+01,-6.449386844691964882e+00,-1.177251913327558697e+01,-2.900563711912147014e+01,-1.849930727629275040e+01,-9.170748333063075464e+00,-1.020151415742000367e+01,-1.042856766933389778e+01,-8.430589213600320875e+00,-1.734545468573396931e+01,-1.736364613932408574e+01,-2.085158621731693529e+01,-1.338493728677717343e+01,-1.329627855271644954e+01
-3.073266385939680134e+01,-1.611649146642077568e+01,-1.499390890974676793e+01,-9.356070919330399249e+00,-3.573487470245517272e+01,-2.028220615858096920e+01,-1.874510770885491695e+01,-2.440953637328952297e+01,-1.143289690647966417e+01,-1.313778485472775159e+01,-1.806382164935950030e+01,-1.013459415925635199e+01,-1.594550169741126844e+01,-1.567873236657389491e+01,-1.682080207284272078e+01,-2.437658371742492136e+01,-2.353342134896683291e+01,-2.178108204831283956e+01,-1.135868004146797716e+01,-1.247148140514685544e+01,-2.120335950895963251e+01,-1.997596201855810349e+01,-1.338587067898377292e+01,-1.326667876188988870e+01,-1.231847774841443055e+01,-2.094223844962425218e+01,-7.418513943275002021e+00,-1.013696382466382317e+01,-1.372613541181606500e+01,-6.277805670596166010e+00,-2.271055110673191280e+01,-1.631405719793689002e+01,-9.140991049616694397e+00,-1.606340946527841140e+01,-1.099662011101286652e+01,-1.274304378434091056e+01,-1.418167547065362655e+01,-2.656682782017253430e+01,-9.818551130174329344e+00,-8.746492431853454264e+00,-2.007902023944163261e+01
-2.937167934427607818e+01,-2.947114973974137442e+01,-1.331056970788778671e+01,-1.925538890276556359e+01,-4.069863461267448201e+01,-2.811502774470028854e+01,-3.471713601252089632e+01,-2.900004563297271432e+01,-1.317147940650612981e+01,-1.247568728373321179e+01,-1.868345941249546627e+01,-9.300591133111636211e+00,-2.502846909400713571e+01,-1.191774459532984487e+01,-1.253070304345661690e+01,-3.685505777326903853e+01,-2.521680479787164941e+01,-3.242183811342736988e+01,-1.847140126576146102e+01,-3.344854241931143690e+01,-2.531049926679705209e+01,-1.434201660460765204e+01,-2.277329463567286894e+01,-2.498329971621357615e+01,-9.577157401663210834e+00,-1.272391575091591420e+01,-7.055971959839774321e+00,-1.843667322149169863e+01,-3.018743952991180279e+01,-7.855386336282792925e+00,-1.094107420501286221e+01,-1.477009513555140074e+01,-8.156741714394856402e+00,-2.065211694634996320e+01,-8.258445579206915355e+00,-1.196702123172932986e+01,-1.888397923204362172e+01,-1.056170975478505802e+01,-4.868558180475327291e+00,-1.670226933459781904e+01,-2.689086576456984545e+01
-3.392511950632858486e+01,-2.895837302998879537e+01,-1.534539644003191228e+01,-1.382183705553758202e+01,-2.565731332072473592e+01,-2.645833285632266296e+01,-3.360478296419255884e+01,-2.803400867776794314e+01,-2.458634274789772434e+01,-1.350232333096639969e+01,-9.861727602269024118e+00,-1.330281320943064927e+01,-2.404419951427383850e+01,-1.492635729464269900e+01,-1.581752119332194439e+01,-4.154896093845869132e+01,-3.910740947795367362e+01,-1.995165965347443304e+01,-1.537150977229492099e+01,-2.676901623291628596e+01,-1.148982297338438308e+01,-1.141679087154993866e+01,-1.388621109861286662e+01,-1.148098339131380641e+01,-1.361301475605918654e+01,-8.332606631138574471e+00,-1.980645937513589061e+01,-1.991875227340788967e+01,-3.019240124884996135e+01,-2.164566056533178440e+01,-6.237087947478623384e+00,-1.034795283812256450e+01,-9.772469362679336413e+00,-3.337083507748950950e+01,-1.429128672662728050e+01,-9.423292335706186407e+00,-7.203154706422687070e+00,-1.334966591773293310e+01,-9.227211805771343478e+00,-2.699304599779672031e+01,-1.954898963265667078e+01
-4.163368057600075645e+01,-3.127288091539494275e+01,-2.178306885706018647e+01,-1.106440068104198460e+01,-1.585785561548825484e+01,-1.710445105372771479e+01,-2.307391513096670366e+01,-1.987776803951868487e+01,-2.240894045674968638e+01,-1.529220836044997611e+01,-1.517973224390895481e+01,-4.357967307192947715e+01,-2.927644872994851255e+01,-2.461667374749140080e+01,-2.634614603833148294e+01,-3.309732519203292611e+01,-2.551043765864958957e+01,-1.190892719514906872e+01,-9.438896816293611991e+00,-1.250326236970141380e+01,-8.649030146649540285e+00,-1.072158207363430904e+01,-8.508066860383410202e+00,-1.136169455685595153e+01,-1.262230882128859477e+01,-1.283564674166421327e+01,-1.752478045675067619e+01,-1.685794086397562097e+01,-1.851732427878613407e+01,-2.094577762259044462e+01,-9.584989728414010202e+00,-1.251690359389501950e+01,-1.134284276203391428e+01,-2.681444809519285144e+01,-9.300360428115702405e+00,-3.585239281827768565e+01,-4.727008909842935758e+00,-1.317581842180184282e+01,-1.342899276429497490e+01,-2.162452002023991326e+01,-1.950947483513529690e+01
-2.549267552254900338e+01,-2.379699943799323236e+01,-2.463473867331070721e+01,-1.224003442240334572e+01,-1.157311363661894887e+01,-1.676677819538607395e+01,-1.885941705884383879e+01,-1.065365907236425258e+01,-1.097620126491215764e+01,-1.083513878334169434e+01,-1.633881526595566669e+01,-3.141603491904072953e+01,-3.042680887078640595e+01,-3.175939889418576101e+01,-2.689755787996641700e+01,-2.872887107492167047e+01,-2.768097031253077489e+01,-1.281751403141337953e+01,-1.763789877572453335e+01,-1.214229088950208535e+01,-1.813329235311479692e+01,-1.628204106820621533e+01,-1.350518898567957748e+01,-1.773177889174882083e+01,-1.384103340010602423e+01,-8.932796747511117630e+00,-1.837396904205622405e+01,-1.258663930841713352e+01,-1.073752241448880795e+01,-2.475353362636866450e+01,-1.957178133130059905e+01,-1.712612581267035949e+01,-9.432327336724334543e+00,-1.717598436020001529e+01,-1.130543668147196001e+01,-1.754836373687422935e+01,-9.699153000919618961e+00,-1.694479782836562620e+01,-6.873715738988530610e+00,-2.003464834431623487e+01,-1.959729016082572173e+01
-1.795012177509417128e+01,-1.891315159448510386e+01,-3.134122712918998488e+01,-1.048096571952431511e+01,-1.296346590340097649e+01,-2.197917675499547840e+01,-1.741692450838610995e+01,-1.230941420390101371e+01,-1.224506009541157425e+01,-1.759516838983535436e+01,-1.057836623895857997e+01,-2.672068141504416516e+01,-2.557782287733072479e+01,-5.622647080664765440e+01,-1.717283346018567158e+01,-1.402663220284102152e+01,-2.513934842234247924e+01,-2.433258148428663503e+01,-1.720103690402484631e+01,-1.029303149105471427e+01,-8.129061174945778845e+00,-1.077418926591533932e+01,-1.220006314469416608e+01,-7.526729583673189339e+00,-2.392009484370927908e+01,-1.359101424010118109e+01,-1.954232871498457769e+01,-1.441346758628647429e+01,-1.078141648286338850e+01,-2.895436215842193661e+01,-3.097357509241819429e+01,-1.170883221600651325e+01,-8.320177698005457145e+00,-1.975260652353695434e+01,-1.735297786782441065e+01,-1.905507463650703315e+01,-2.357820342424372484e+01,-2.062602277160978659e+01,-6.495483924567960088e+00,-2.470254177638346960e+01,-1.886704297235977634e+01
-1.799464459325716703e+01,-2.307321223160412771e+01,-2.347678218336850620e+01,-7.806435457366113440e+00,-1.926042107958317473e+01,-2.848355861450915683e+01,-1.745737062855861765e+01,-1.132810281282333875e+01,-2.251814296949212846e+01,-1.129734787999412582e+01,-1.480906887897643998e+01,-1.143603323656518000e+01,-2.360506343576091126e+01,-2.820121821542659646e+01,-1.444094113311551020e+01,-1.213960230831923504e+01,-2.908258196010582708e+01,-4.731335749190791518e+01,-1.840598804796012544e+01,-6.048588358818330235e+00,-1.185365376080141431e+01,-6.800773361800558803e+00,-2.060142164203562487e+01,-9.067263278848363584e+00,-3.961593135390531728e+01,-2.958975035079657445e+01,-2.582933584616831624e+01,-1.347549503239694424e+01,-9.612988887068189214e+00,-1.437131213223523218e+01,-1.507133574196762993e+01,-9.914732254009726020e+00,-1.032517888640610160e+01,-1.755766335616918639e+01,-1.108543699912150160e+01,-1.785610881670611505e+01,-1.346330086192846842e+01,-9.197383792146348824e+00,-1.370514610856830373e+01,-2.038782858393970798e+01,-1.815632419962514987e+01
-1.684269201662713655e+01,-3.701729246418908303e+01,-2.464523928288605958e+01,-1.172600499711412425e+01,-2.849600505247860838e+01,-3.716587943718519682e+01,-1.750593096817557992e+01,-1.115304962935075039e+01,-1.144985350459480422e+01,-1.331543881860543621e+01,-1.020428007046256091e+01,-1.062673829319849261e+01,-2.232082715604020251e+01,-1.677956425524716266e+01,-1.414030031366661611e+01,-2.186177522046938293e+01,-3.557002319996370687e+01,-2.550074111438370750e+01,-1.767604545094661361e+01,-1.095601997738601519e+01,-2.070915212503514269e+01,-1.727401141359449355e+01,-9.187929606152621886e+00,-1.292670863760530153e+01,-2.953391882767753174e+01,-3.793716796017153570e+01,-2.704507321650041263e+01,-1.271748516264729645e+01,-1.363525952405255914e+01,-8.049871923581939370e+00,-8.633956312213399542e+00,-1.386880672498315903e+01,-1.277359055492153850e+01,-2.593582810997652999e+01,-1.012705312718215467e+01,-1.635380017384073170e+01,-1.314406411070269520e+01,-1.514715783952470751e+01,-1.188958093466885124e+01,-1.684177162504815684e+01,-1.760964767124906771e+01
-1.919947001903885209e+01,-3.923030007189973389e+01,-2.541351144304696419e+01,-2.698365343500717728e+01,-2.737616992012460670e+01,-2.195678351889355184e+01,-1.849572419369829746e+01,-1.639711757239748380e+01,-6.436763037730144354e+00,-1.956143067658961598e+01,-1.578776527424258802e+01,-2.209217755351591350e+01,-2.332749027530307728e+01,-1.196207926708623503e+01,-1.350373116547283914e+01,-2.368323802466679240e+01,-1.266082098199339612e+01,-2.011059025024525582e+01,-2.128350317830687288e+01,-1.945045764017523027e+01,-1.452783551654181160e+01,-1.053879170776003704e+01,-1.603749627915559728e+01,-1.493863216742493805e+01,-3.807291666975719124e+01,-4.639651897962863103e+01,-2.743426861114911830e+01,-1.177684064100679961e+01,-1.869913124028487772e+01,-8.526041863370020124e+00,-2.194621038497320953e+01,-2.646600134220853562e+01,-2.068117148450539489e+01,-3.259385316079577422e+01,-1.285312060768064768e+01,-1.617676622196696101e+01,-2.025115229972042741e+01,-3.439538804458058507e+01,-6.876982302043238349e+00,-1.853220513382610335e+01,-1.805905100280175546e+01
-3.006469017877549277e+01,-3.594404598038605059e+01,-3.213207360346344643e+01,-3.981638309778622897e+01,-3.478744611737569414e+01,-1.241627923077919604e+01,-1.254741289711797769e+01,-1.096033246176128806e+01,-9.149107144509061484e+00,-1.156857183737083261e+01,-3.312855670103287764e+01,-3.232443903095148130e+01,-4.435688809592544146e+01,-1.440100203745332053e+01,-1.556364154756008311e+01,-2.074895343199880671e+01,-8.390576722251012143e+00,-1.704800854268331278e+01,-3.555634472046953931e+01,-1.968811918945499428e+01,-1.739493871997944296e+01,-7.305491427597154974e+00,-2.699224175871287912e+01,-2.504429642156040714e+01,-2.841620836247945903e+01,-2.572568344093797776e+01,-1.330028312965736426e+01,-1.045907367742595895e+01,-1.044992495757111683e+01,-1.616854081223426576e+01,-1.118174320097748264e+01,-2.211416706472359550e+01,-4.055198346167675538e+01,-2.204824047198363957e+01,-8.691083606601686995e+00,-2.379408226774854640e+01,-1.958498258139098525e+01,-2.170210818996419988e+01,-7.494185095197045676e+00,-2.618865528656073849e+01,-2.170028405528019988e+01
-4.887300590107916065e+01,-3.767132705675456350e+01,-1.847671202941452506e+01,-2.433901837589273498e+01,-2.291434728139093835e+01,-1.097630666350653428e+01,-1.428764878409895367e+01,-7.361800115358524188e+00,-1.133165648790768998e+01,-8.414027024558624390e+00,-2.829791924901602229e+01,-2.189257557944892341e+01,-1.518581507487553139e+01,-1.745438629759125249e+01,-2.804211396012659563e+01,-3.100723229953623061e+01,-1.441825290700075080e+01,-2.057240507070982716e+01,-2.891968630999021883e+01,-1.536988585309112132e+01,-1.378454842938053559e+01,-7.686017120584352824e+00,-2.201120376741801721e+01,-3.768627622344916261e+01,-1.989112365437117447e+01,-1.927276923096006200e+01,-1.109769491717530876e+01,-2.519646201931831442e+01,-1.709882944710990316e+01,-2.551087682581808380e+01,-9.968528080408532333e+00,-1.723144125054376374e+01,-2.982868556817790306e+01,-3.092648913552125833e+01,-1.499155188599005761e+01,-1.235927622714906526e+01,-1.459059512467442410e+01,-1.310953565083440786e+01,-1.156327266863398329e+01,-2.960258556725115753e+01,-2.394597060544040446e+01
-3.857260387189644035e+01,-4.186406188691552188e+01,-1.343697408414551475e+01,-1.234696052106793474e+01,-2.349535718798525963e+01,-1.422093706435087057e+01,-9.956769867384259953e+00,-6.947250428758556140e+00,-8.343544895945317563e+00,-8.339338511389941644e+00,-1.968213328859524225e+01,-1.202060519872862088e+01,-1.004784700234118766e+01,-1.610510115806449605e+01,-2.096189565172191749e+01,-1.046293198218688758e+01,-2.125871485442534947e+01,-2.913679244606871066e+01,-1.930580167535197944e+01,-9.681318364223493234e+00,-1.146211595955191953e+01,-1.515230388702039832e+01,-2.413694396509104578e+01,-3.406172687101556562e+01,-1.380616940735847997e+01,-9.353985371781067926e+00,-2.398125578988590334e+01,-1.726130388856458353e+01,-2.654169917746263252e+01,-1.075508230073358718e+01,-1.583865531088580880e+01,-2.086645367028616960e+01,-1.790089325693086764e+01,-1.275606440871863967e+01,-1.356401157652272360e+01,-1.225865339824944300e+01,-7.935588228772544106e+00,-1.194147075143522230e+01,-1.977241037348957065e+01,-3.279693233459283874e+01,-2.737357531842906155e+01
-3.181935205234546515e+01,-3.677958417458110318e+01,-1.533383102063876535e+01,-1.292319357034088512e+01,-1.435314993133633976e+01,-1.360918607193521623e+01,-9.957371530754283384e+00,-7.236336401004148655e+00,-1.669258421687820260e+01,-1.214017217916397584e+01,-1.650961338428301417e+01,-9.224377545148453095e+00,-1.580214029963744160e+01,-1.797639508704410716e+01,-2.085893738133289332e+01,-7.245749651527113144e+00,-1.760310875062297598e+01,-2.288806668356029306e+01,-1.802068434811268816e+01,-7.226929923609755058e+00,-1.849124736595161878e+01,-1.868087188420315670e+01,-2.315623419562614771e+01,-3.172105832332901443e+01,-1.379906764113326645e+01,-7.125493433816689759e+00,-7.940895103628196061e+00,-1.241454916967313338e+01,-1.336070460577832009e+01,-1.403447861386878337e+01,-1.938935237896100361e+01,-3.324205868028010258e+01,-1.428322498150935260e+01,-1.007698928564079210e+01,-8.843478712423491928e+00,-1.070237435946281224e+01,-7.276424485673270937e+00,-1.855737407175077891e+01,-2.712947936989910147e+01,-2.503385235384853758e+01,-2.106564331335045637e+01
-2.907676160641486973e+01,-3.502418779937171678e+01,-2.053257729035734869e+01,-1.974592089081949808e+01,-1.507463303495187468e+01,-2.608254074791702948e+01,-1.432963867184768603e+01,-7.903666524494204815e+00,-2.800435327064309377e+01,-2.463954096331253751e+01,-1.901610997626780275e+01,-1.566480358480765034e+01,-2.839824082551455930e+01,-2.228725884723062123e+01,-1.943211461865591261e+01,-6.771227523410282778e+00,-1.444828795757201334e+01,-1.626828204066178074e+01,-1.890174449040530291e+01,-7.818366345886122559e+00,-1.523041460640342670e+01,-1.058673403151623127e+01,-2.712757019402298653e+01,-1.586666230802685362e+01,-1.426037294234246389e+01,-1.088798228738339802e+01,-2.819878187302661932e+00,-7.833688293180685491e+00,-1.089321976862227714e+01,-1.231292625662701035e+01,-1.676822317860073497e+01,-2.629588727154121131e+01,-1.387513236352389434e+01,-1.341289482039542591e+01,-1.514635792114544444e+01,-1.656300971436292002e+01,-1.375741693817364997e+01,-1.522349200853761886e+01,-2.115682496853655081e+01,-1.161418158664356071e+01,-2.152234178495451289e+01
-3.209760181751054375e+01,-2.466536090794174996e+01,-1.565274168880774575e+01,-1.193773149895741881e+01,-1.885012882160036085e+01,-3.461526887343639203e+01,-2.756229716490858905e+01,-1.023857818737617009e+01,-1.888746854655920870e+01,-1.814383400459671236e+01,-1.661886566810338905e+01,-2.094674297341815361e+01,-1.887004645184345364e+01,-2.447807533730943064e+01,-1.682835177484312439e+01,-6.831411507004797379e+00,-1.933535024239428424e+01,-1.335840390738423267e+01,-1.867788145321057058e+01,-1.665589034528258594e+01,-9.274694012042141722e+00,-1.307089314873239694e+01,-1.127855454489616172e+01,-6.221189059561567980e+00,-3.641261548210258781e+01,-9.061025760299703080e+00,-5.697365484399615099e+00,-1.080168801159300074e+01,-1.436596819643134459e+01,-1.235383282354512779e+01,-8.941553334064845870e+00,-2.675881357213130585e+01,-1.239511396975325042e+01,-1.056618122564465878e+01,-2.480958008515749214e+01,-1.991182159453458311e+01,-1.429503815295384683e+01,-1.263775937587696419e+01,-2.218923144005577797e+01,-1.159667459795464595e+01,-1.126219486049098251e+01
-4.427466199136016911e+01,-2.550815746501971404e+01,-1.893328412232023439e+01,-1.013027151385248459e+01,-2.304679545474857605e+01,-3.207776074218615037e+01,-3.026620808091020365e+01,-1.263366204871266341e+01,-1.527216605828650131e+01,-1.353973747781714110e+01,-9.943684488678732336e+00,-2.006330916384116847e+01,-8.357842728661763587e+00,-2.654223149400689863e+01,-1.481643120073556119e+01,-9.208034780118399709e+00,-1.250866359156280083e+01,-1.371545157224626443e+01,-1.874942851078954220e+01,-7.987872224059668014e+00,-1.213760398491394099e+01,-1.817712139554850381e+01,-1.080446278559522710e+01,-5.697250901342414409e+00,-9.138674530448792410e+00,-1.103467484397640241e+01,-1.476337066853589342e+01,-6.274336516915250073e+00,-8.147687470318841108e+00,-9.661016671243203291e+00,-7.528108183127253383e+00,-3.012896625936486572e+01,-1.079829621190578948e+01,-1.292229942560034317e+01,-1.169874293007057275e+01,-2.185849127608893028e+01,-1.730553025733847861e+01,-1.504218011266459243e+01,-1.306739596614453447e+01,-2.323709493063423892e+01,-1.040140315921338754e+01
-4.838202070321013082e+01,-3.040691454686608353e+01,-2.938262406528385640e+01,-1.119050791461730299e+01,-2.323567696555858930e+01,-3.584695988592520877e+01,-1.650980668116275751e+01,-1.148660345456955945e+01,-2.179607558026193459e+01,-1.528666165060793602e+01,-1.968814582752866471e+01,-9.050922308535501060e+00,-5.988715046863628544e+00,-3.129359795956085932e+01,-1.553910985979418236e+01,-2.428205199229225641e+01,-1.489378572631938624e+01,-1.385741275697564667e+01,-2.968306346603697676e+01,-6.581229383553903745e+00,-1.954010437552295443e+01,-1.035883045000259806e+01,-1.700507901587855386e+01,-1.583983736948490595e+01,-1.021401394387532591e+01,-2.296481358710867227e+01,-1.558572088048418003e+01,-1.577750216191535770e+01,-1.782078674521747530e+01,-1.921879380355584743e+01,-1.281260025442857220e+01,-2.604245760985966385e+01,-1.374285281522066882e+01,-9.727794071646872709e+00,-6.503001831462967175e+00,-1.467503775310601810e+01,-9.145632154194553110e+00,-2.841529805763469341e+01,-8.102352349845698853e+00,-3.284895139472017433e+01,-1.462423354581158819e+01
-3.765128706431213601e+01,-3.264720030090543190e+01,-2.029020725362848410e+01,-2.100556553951435745e+01,-2.241080005168138101e+01,-2.889997421460068949e+01,-1.435218197423834496e+01,-1.656696963765421415e+01,-1.220160827504537515e+01,-1.332349610537186990e+01,-2.126025830294609875e+01,-1.252498359838079978e+01,-1.196566462970164935e+01,-2.001246815163118953e+01,-1.533905699953665547e+01,-1.536708388908115452e+01,-1.991448610126698071e+01,-1.128024374872149949e+01,-9.797767143698777659e+00,-1.768312292022930876e+01,-1.526012719501459713e+01,-1.225311267358311262e+01,-2.268671823352669392e+01,-1.716596606484338139e+01,-3.157325542609196134e+01,-2.416935414599311116e+01,-1.028200781358087923e+01,-1.519582865266106531e+01,-3.334635839604577967e+01,-2.743405792960493272e+01,-3.360175154289571964e+01,-2.330846981086253322e+01,-2.629544670416400010e+01,-5.737834874912355332e+00,-6.394285834504832344e+00,-1.182861389871437297e+01,-5.899650242956633761e+00,-1.108978812104998646e+01,-6.935711788146402768e+00,-1.597579767847095056e+01,-1.388395633580878474e+01
-2.527394833450521716e+01,-3.461401471705519128e+01,-1.384359107828046831e+01,-2.196260906568254967e+01,-2.752964365043617079e+01,-1.520193830660718604e+01,-2.384790440440455228e+01,-4.589210103164337085e+00,-8.406532662660653799e+00,-1.761070549419282827e+01,-1.735080361846545216e+01,-1.623069609484500830e+01,-1.830569929058778555e+01,-8.430427675318787450e+00,-2.185420927379779954e+01,-8.368828435494439333e+00,-2.422596224289682354e+01,-1.283770663939792911e+01,-1.121565992856323035e+01,-9.833235260384414644e+00,-8.221454908081863522e+00,-2.198865740569622673e+01,-1.827090450427407120e+01,-2.114740141292381281e+01,-1.118363924338579807e+01,-1.967962700538407006e+01,-1.683639406857536613e+01,-1.900241287629702924e+01,-4.287894970224338920e+01,-3.598181612131227780e+01,-1.567355310296442106e+01,-1.566333437695878139e+01,-1.884790489413916958e+01,-6.702654495307469595e+00,-1.190119108715386531e+01,-1.211021971229877714e+01,-9.781266972954609784e+00,-1.535378118191794172e+01,-1.558555056048205500e+01,-9.411297219968959737e+00,-1.470546556433596486e+01
-2.212916032373126285e+01,-3.273471966980719827e+01,-1.520942283141454787e+01,-1.273354820776912355e+01,-2.195012845677553770e+01,-1.036787463491047845e+01,-1.386455901564488258e+01,-3.738119476359688775e+00,-6.729365803656288669e+00,-2.233915934256853575e+01,-1.283135260807619638e+01,-1.047903997174272561e+01,-2.907308944893678770e+01,-8.078779352601477726e+00,-1.194353109877002161e+01,-8.097676155044888802e+00,-2.006009855868299496e+01,-2.277393682494113136e+01,-2.074288016408637247e+01,-1.679485185115719048e+01,-1.533300477256862315e+01,-2.258804657721727693e+01,-1.129684352539187131e+01,-9.424026163749166685e+00,-1.379799050087992285e+01,-2.783266608494688654e+01,-1.255379517306622006e+01,-1.620453587849212695e+01,-2.318338390505951452e+01,-2.318632732500927318e+01,-8.896583725059567627e+00,-1.171467996915599663e+01,-1.278415030355899162e+01,-1.280063079538274984e+01,-1.936657670537244513e+01,-9.054614773863509214e+00,-1.395140799663908737e+01,-1.731785655857786566e+01,-1.282044349406445960e+01,-1.581917631719151451e+01,-2.004860141494284420e+01
-2.529897143289609573e+01,-3.576944250049732688e+01,-2.491110428023993961e+01,-1.057060973964432904e+01,-2.329979226802882408e+01,-1.081744014987401847e+01,-1.189936167209232565e+01,-8.623822404704718281e+00,-6.817196748642806448e+00,-1.187372235845010593e+01,-1.105592535292041312e+01,-1.554953674269480501e+01,-1.850632056690051996e+01,-1.139705242878802771e+01,-1.111883720117436702e+01,-1.366232312341544741e+01,-2.492405584645235450e+01,-3.026036333021988511e+01,-2.763451320010856449e+01,-1.678709950270940254e+01,-1.271929141968544030e+01,-1.879230753026432410e+01,-1.174051575378877210e+01,-7.295963295958984851e+00,-9.313368954052723581e+00,-2.036172514657701882e+01,-1.063141412925614659e+01,-1.431323730636306024e+01,-1.819786463264743048e+01,-1.222790320932840658e+01,-1.021400279349964357e+01,-1.187210001233757950e+01,-1.305526348312479357e+01,-8.796083528622416381e+00,-9.644981744419956371e+00,-1.104390002244881686e+01,-1.716268637779885253e+01,-1.734842676036454634e+01,-1.127494978182366481e+01,-2.145203245176113072e+01,-1.800922240757417825e+01
-2.159483934967083485e+01,-3.846560884335580255e+01,-4.222338649289782353e+01,-1.023322062595464210e+01,-3.113835451331204851e+01,-1.742753802086853909e+01,-1.277512619647076342e+01,-6.218821227690153108e+00,-1.631090218908926204e+01,-1.538788099627715766e+01,-1.174593245310667378e+01,-2.388226962268456788e+01,-2.516582889346663521e+01,-1.240707743194498747e+01,-1.432572656525839250e+01,-1.948533345873245182e+01,-1.557477864371771226e+01,-2.108928654786169687e+01,-3.817744179234761503e+01,-1.705190391008740391e+01,-8.809224158491982593e+00,-2.150469981707826861e+01,-1.187700402802489208e+01,-1.053016654877101388e+01,-9.578242556002207309e+00,-2.078938068608951539e+01,-2.113397346266605226e+01,-1.837835056694106584e+01,-1.507433776211163590e+01,-1.114105328148264640e+01,-2.085437727663455121e+01,-1.712585668964095831e+01,-1.930374268936153115e+01,-1.018168642534089408e+01,-1.176270491486803493e+01,-3.774030428161790240e+01,-2.789256929471841673e+01,-1.964652022216563765e+01,-2.134663684675212281e+01,-1.428570888725602117e+01,-1.822311159134422809e+01
-2.139142193535106884e+01,-2.904787670391254295e+01,-3.441641890912001855e+01,-9.542668015944869353e+00,-3.101386081710076681e+01,-3.225800803547802786e+01,-4.622042118910481179e+01,-7.167829804423215379e+00,-2.274501704574491967e+01,-1.515876921393532406e+01,-9.032599919753005580e+00,-1.392925540516801419e+01,-2.422796246967509504e+01,-2.087914530555827497e+01,-1.978281515506385801e+01,-1.955543468738462565e+01,-9.743441372074116202e+00,-1.814452165994570620e+01,-4.462698713395700167e+01,-2.151154736295701042e+01,-1.482295040091110039e+01,-9.218611402890099171e+00,-2.154342515805708302e+01,-1.827387276931399640e+01,-1.024580131273536132e+01,-9.162136920858687361e+00,-1.734262195743601609e+01,-2.176906558527011981e+01,-1.536762665288909702e+01,-1.207428578622762139e+01,-3.267798607783711873e+01,-2.747617507406089743e+01,-3.813811272671097186e+01,-1.663192722111684319e+01,-9.571570457716973124e+00,-2.246580141149973997e+01,-3.697496922042840595e+01,-3.364842339434989071e+01,-2.436277512747137663e+01,-9.542514175442956770e+00,-2.412406760494209834e+01
-1.904300650184207200e+01,-1.910762133333958346e+01,-2.705222776862310496e+01,-1.138139045828198803e+01,-2.297840040015314855e+01,-4.619627615599828374e+01,-2.844620788562313507e+01,-1.501044715638170857e+01,-1.562384050572523897e+01,-1.113230754010150214e+01,-1.214197916598848082e+01,-8.339077059123088276e+00,-3.086212283830601777e+01,-4.866172429086060447e+01,-2.357996335880828909e+01,-1.649881340227670989e+01,-1.377503982296127916e+01,-2.326307117254383527e+01,-5.918533846489965100e+01,-2.653527700643179088e+01,-1.765516148449523826e+01,-7.711066381127808178e+00,-1.272524634492674167e+01,-1.556990161093047398e+01,-2.055308202124823680e+01,-1.022139996425981145e+01,-6.867035459597393476e+00,-2.197167242470916193e+01,-1.525721602632347640e+01,-1.009286856441379499e+01,-2.608367297616205249e+01,-2.492726617346517770e+01,-2.167765307366080663e+01,-1.982345857027863900e+01,-1.281808734644226888e+01,-2.775774340263915008e+01,-1.914130986072260754e+01,-3.387578684243932514e+01,-2.407511601287009739e+01,-1.264372012897556274e+01,-1.711492313533344856e+01
-1.857116149569855779e+01,-1.877590955940075190e+01,-2.051277635982636482e+01,-2.131053296553784193e+01,-2.634240426668663204e+01,-2.564684395067955336e+01,-2.852695197560263907e+01,-2.175147107158626625e+01,-8.192744813201359833e+00,-2.230926165474440026e+01,-1.498052284551355307e+01,-7.839068184432892217e+00,-3.956352937151113025e+01,-1.808302463119325054e+01,-1.116529507611146599e+01,-1.341133537591240099e+01,-2.315456659523414729e+01,-2.864904414419756407e+01,-4.002480244258797626e+01,-1.708819114254738025e+01,-1.899191138430501269e+01,-1.566176847264508609e+01,-1.345112585159425933e+01,-1.439739952302075920e+01,-3.200094245032632756e+01,-1.858416048912611984e+01,-8.770359700053788288e+00,-2.160443441105483586e+01,-1.528757376054450212e+01,-1.071022504777007711e+01,-1.885918440421822240e+01,-1.499414224134277518e+01,-1.356098762556800708e+01,-2.995534302004602978e+01,-2.437976558081669509e+01,-1.215890689240920963e+01,-1.226882989006301372e+01,-2.200867880333594684e+01,-1.713921067810078824e+01,-2.598005869502125975e+01,-1.660813908810101580e+01
-3.815095723480833101e+01,-2.326513803436350258e+01,-1.213701096426590453e+01,-1.353783902673733941e+01,-1.864992280095264476e+01,-1.997191654603376421e+01,-6.114523551353653374e+01,-2.448648125993081592e+01,-6.047253648592898045e+00,-2.871173080624918583e+01,-1.559964301753126392e+01,-9.370611673691218613e+00,-2.898115074285331616e+01,-1.070380585013048780e+01,-8.885701814572939838e+00,-1.258367913103739255e+01,-1.104171496348273962e+01,-1.793919122759343665e+01,-2.582464303612196943e+01,-1.157458126853946467e+01,-9.759022529784621369e+00,-2.661100588933567224e+01,-2.188665073031166841e+01,-2.014905299425524632e+01,-2.002720109547021821e+01,-8.552599416795205300e+00,-2.555213883861137703e+01,-2.027591918472793964e+01,-1.543810232167433227e+01,-1.049898045723812068e+01,-1.059464356172112787e+01,-1.104241610558866782e+01,-1.475597208578087205e+01,-2.673944377053086541e+01,-1.349817108502987395e+01,-5.659400206018851520e+00,-1.206252905042768475e+01,-1.708398301857214108e+01,-1.016690763599096314e+01,-1.262713262265309488e+01,-1.746088237846140601e+01
-2.427000366995167013e+01,-1.894963578184909636e+01,-1.543044700972770578e+01,-8.545406121796254695e+00,-1.918354146121146897e+01,-2.278512434626752281e+01,-3.492995675882302464e+01,-2.651266043342793921e+01,-8.921885117760067985e+00,-2.095067386281617416e+01,-1.197473146444106185e+01,-9.408948865495759151e+00,-1.153340216022206377e+01,-1.501068636754418151e+01,-1.622431379367573001e+01,-9.328960026198988231e+00,-2.243859263503679813e+01,-1.535404860564672624e+01,-1.422211239500536450e+01,-1.090813535969038384e+01,-8.792503462201127107e+00,-3.433603376578765420e+01,-3.526218506797296470e+01,-3.266441568371492110e+01,-1.655238721138699987e+01,-1.177664935286730774e+01,-1.423461080241539634e+01,-1.015907148988798347e+01,-1.389542041795463945e+01,-1.627342564515950585e+01,-1.020381287654569746e+01,-2.091176965284473610e+01,-1.424663305303627325e+01,-1.644349646717600777e+01,-9.308804318261246991e+00,-7.230761851780869165e+00,-1.940014024235574297e+01,-1.964008422687212985e+01,-1.360963644802522232e+01,-8.503304677978867687e+00,-1.476374500198092754e+01
-2.332179735260019982e+01,-1.944456193449109094e+01,-4.622024476988489994e+01,-1.056627078119807450e+01,-3.551324166630283941e+01,-3.621820708475193840e+01,-3.981153903514116621e+01,-2.971012399778005175e+01,-1.791716508720060119e+01,-1.062348358006214788e+01,-9.406366877978616259e+00,-1.176035533989713144e+01,-1.077751288238342653e+01,-1.997209581790728805e+01,-2.191627054605604741e+01,-1.040428193926408085e+01,-1.036256987441045219e+01,-7.829951252302485010e+00,-9.825837216013237452e+00,-1.399865890408323388e+01,-1.478396292152321578e+01,-2.464645335642698498e+01,-3.762835633387823719e+01,-4.235991133649513785e+01,-1.706580763163271186e+01,-1.142644310427734666e+01,-9.432565647021771582e+00,-1.617797112014333649e+01,-1.169304225140154863e+01,-1.585468942381204904e+01,-8.674364846941246654e+00,-2.436037924002228650e+01,-1.396289872026886059e+01,-9.729799024660374940e+00,-1.477531479818250837e+01,-1.923104426050317173e+01,-2.254123965402871832e+01,-2.420247024152305926e+01,-2.047838569884049420e+01,-7.602719634042554020e+00,-1.229163603921530168e+01
-2.356553278548085828e+01,-3.255709569126577207e+01,-2.746373929489849175e+01,-2.022794675188354674e+01,-2.779855040520964593e+01,-2.673158899922781728e+01,-3.507071247871220976e+01,-3.248293166146773814e+01,-1.739599710728819559e+01,-5.042701841560578657e+00,-1.078019407536115182e+01,-2.040124067098020078e+01,-2.289883760815450131e+01,-1.908728602258871376e+01,-2.876652308293920157e+01,-2.137871370390325154e+01,-1.452948025294380763e+01,-1.454837747160276251e+01,-1.299781299286744130e+01,-1.751622853589755024e+01,-1.652038782225419311e+01,-2.363995129428563402e+01,-3.405061481251052413e+01,-5.028293126017515391e+01,-1.842251478672773857e+01,-1.037194712685218079e+01,-1.028522043741017455e+01,-1.445678326738988417e+01,-9.590174561126273645e+00,-1.308496561678243353e+01,-1.835458421160011966e+01,-2.533200511339879668e+01,-1.411451890192836345e+01,-1.018992547391700043e+01,-2.303821810564736339e+01,-3.630827289741576891e+01,-2.721421720197301397e+01,-1.759977920086470604e+01,-1.078627790576963008e+01,-1.234348253062197287e+01,-1.567025569954835262e+01
-2.346284237671281403e+01,-2.242466860122264194e+01,-2.678780020623363356e+01,-3.089626254724515775e+01,-1.819234626034539204e+01,-1.859039256370334670e+01,-2.741332697677389163e+01,-4.061937667217684833e+01,-1.297281634767571923e+01,-5.927087286138120525e+00,-1.176468583726324901e+01,-3.264746962851181422e+01,-2.926360575212246928e+01,-3.114733618931431991e+01,-4.127420826583257707e+01,-3.517258401414959224e+01,-2.726019308306279498e+01,-1.076172564674415355e+01,-1.085581418634990669e+01,-2.002768581697571548e+01,-9.617671015335440998e+00,-2.252173193319922362e+01,-2.431580601475463155e+01,-3.229282260390498749e+01,-2.031097257705354409e+01,-1.834387226515217151e+01,-9.336800475917554465e+00,-1.745591856308350387e+01,-1.245116480148016969e+01,-1.182862670163137331e+01,-1.192480554453138097e+01,-1.901300315141311614e+01,-1.387623994171552688e+01,-1.084180712122992318e+01,-2.819961133606609138e+01,-4.596022614743275625e+01,-3.593567759678634843e+01,-1.898452395296050099e+01,-1.437881698706346612e+01,-2.937181351045006039e+01,-2.124921830676458256e+01
-2.147220520695968560e+01,-1.720828561881628715e+01,-1.978475046459955777e+01,-3.880032025453030542e+01,-1.883318122884799450e+01,-1.681428920226760582e+01,-1.805582613357270816e+01,-1.957400269746145938e+01,-1.762549054406613891e+01,-1.190088455836074210e+01,-1.713319161155170178e+01,-1.153753857366226754e+01,-2.125316761676172916e+01,-4.437429083319215550e+01,-2.269381315231118279e+01,-2.678065745957866994e+01,-1.327534639274172790e+01,-1.155820241737625764e+01,-1.740655497861978418e+01,-8.428825090064197667e+00,-1.021485451289678181e+01,-1.474607969419629860e+01,-1.687932193166671624e+01,-1.984362153675513341e+01,-3.127537667084796169e+01,-1.522568828662367224e+01,-1.960491138388900367e+01,-1.645410690251588193e+01,-1.151344489962312068e+01,-7.073245080560504938e+00,-1.387847147960285454e+01,-1.848466853773034657e+01,-1.538247602948209902e+01,-1.444557051653704605e+01,-3.345328673144426546e+01,-4.048800686501091661e+01,-3.545135853796721648e+01,-2.895322971023571412e+01,-4.014677645774082748e+01,-3.596556032703509231e+01,-1.977102062616860323e+01
-1.716466432971428091e+01,-1.835240098297371958e+01,-1.813110945238452132e+01,-3.327428778899989226e+01,-1.822826549868944923e+01,-1.472671281509453678e+01,-9.814768021940086129e+00,-1.097596271683562996e+01,-1.694278715045068751e+01,-2.317438783129664870e+01,-1.494580732618022623e+01,-1.455414762428146602e+01,-1.708335162854301359e+01,-2.737641556090652628e+01,-1.614026311220310106e+01,-1.387814865665588648e+01,-8.844473555749601701e+00,-1.844486217935279626e+01,-1.481553433228238603e+01,-1.259865145309833245e+01,-1.367902515263186913e+01,-1.625968171836148812e+01,-9.766508587672262820e+00,-1.032686359585768088e+01,-1.280365334640502084e+01,-9.093768634147343377e+00,-1.315517330788651407e+01,-1.052910917022357395e+01,-7.102998113416337134e+00,-9.179746737548878599e+00,-3.048337273543920034e+01,-1.762636656905785770e+01,-1.161839032870702404e+01,-1.877605151353445478e+01,-2.462544713002176877e+01,-3.890354338027953673e+01,-3.701227602287070795e+01,-2.891522150760737375e+01,-1.166019951612454797e+01,-1.267999700792409712e+01,-2.792954299197415580e+01
-1.312066460016078118e+01,-2.253451109259275853e+01,-1.856352525763727357e+01,-3.407722808798412473e+01,-1.941322681947704609e+01,-3.105898814755268944e+01,-1.135333405080178615e+01,-1.204644848231557930e+01,-1.116771637863238631e+01,-9.153647218576791644e+00,-1.680696858914436120e+01,-1.348076686442326810e+01,-1.086756362658241493e+01,-1.874420935955507872e+01,-1.826382775386729307e+01,-1.009618527684954614e+01,-1.462307950812972557e+01,-3.741616160796880308e+01,-1.410497962391406723e+01,-9.855669858596854738e+00,-8.018502693332118625e+00,-1.412687042620555644e+01,-1.170847517531548121e+01,-8.063981620909665082e+00,-1.125430766435430563e+01,-1.587395132599283798e+01,-1.010310408965342255e+01,-1.183010761648908371e+01,-5.996539087338530472e+00,-1.238552718943156172e+01,-3.895263410568597351e+01,-1.551839870569757807e+01,-6.752376077071488680e+00,-1.065799367946769927e+01,-2.459080198877543921e+01,-3.232693420866689138e+01,-2.533706331019352831e+01,-4.067428878048290386e+01,-7.705512824256671500e+00,-5.631736739617640986e+00,-1.380200433019399497e+01
-1.510223137330914511e+01,-1.926193119299879797e+01,-1.630548737445834107e+01,-3.049892500210680168e+01,-2.822504654392045254e+01,-1.650137505691689910e+01,-1.010420836485351614e+01,-2.039727146828052540e+01,-1.089970759047380966e+01,-6.217064127509271287e+00,-9.185418403312212376e+00,-1.245751099491034708e+01,-8.618988943484989562e+00,-1.529849670745386447e+01,-1.479841129574152347e+01,-2.322525085927649968e+01,-1.013652144206131744e+01,-2.160011976029678848e+01,-2.374609265181294759e+01,-1.182934947351865773e+01,-1.311429275989134169e+01,-1.568779623793296807e+01,-1.340224739588587255e+01,-9.777762436904975374e+00,-2.380567190562186042e+01,-2.000512017946595833e+01,-1.478957787654328726e+01,-1.278641606939603115e+01,-1.053605030606053639e+01,-9.662956675717818911e+00,-3.606338403099692869e+01,-1.523413651170245231e+01,-1.032568950449348932e+01,-1.605127333310205273e+01,-2.400976731440657019e+01,-2.904755960873952603e+01,-1.573062174123341883e+01,-1.672837465214547947e+01,-9.152652584417570125e+00,-8.773494244056427860e+00,-1.296176106167868092e+01
-2.192702009015496145e+01,-3.126563563171306370e+01,-2.133607658264946849e+01,-2.811842304327396036e+01,-3.536154691716263443e+01,-1.812720469148602476e+01,-1.373093558131034619e+01,-3.176207835700693494e+01,-1.810098784232132374e+01,-1.160056787798805544e+01,-1.338684214089694180e+01,-2.251734646212126378e+01,-7.435894460617128665e+00,-1.774324137441575289e+01,-8.398469572374940739e+00,-1.150067169888415108e+01,-1.292361463938879140e+01,-2.279279066902685003e+01,-2.002782753606977906e+01,-1.342106726703686626e+01,-1.207170670153816339e+01,-9.912049034274188486e+00,-8.498481657666825839e+00,-2.447915770911267330e+01,-1.249808770038799821e+01,-1.005616991231511825e+01,-1.730091693117712026e+01,-7.798286915178031187e+00,-1.739293706628984282e+01,-6.931431161756414383e+00,-2.275088283662162780e+01,-1.709345190942511650e+01,-1.626475217601932499e+01,-2.701983582986999366e+01,-1.042794714673295786e+01,-2.048668463727914713e+01,-1.398976143060156474e+01,-1.158295450427164752e+01,-6.374101071386877315e+00,-1.672437226355309647e+01,-1.417731773859293121e+01
-3.782591298068913233e+01,-3.413195633964385678e+01,-3.588756418883728827e+01,-3.565023556128964088e+01,-4.430776067908099947e+01,-2.034013907818407318e+01,-2.321678450913464076e+01,-1.919501852384933827e+01,-2.660946377048905376e+01,-1.866005030605554538e+01,-1.866214609351752785e+01,-1.513833190921775085e+01,-6.802340855960043342e+00,-1.220460350960381035e+01,-1.005583180356405926e+01,-1.586889760135714056e+01,-2.815160509541496481e+01,-2.433800051892001903e+01,-1.350416544235064897e+01,-1.285905343293814695e+01,-7.252515070387966389e+00,-1.107761378055639234e+01,-1.455182340226099669e+01,-1.077210963757239526e+01,-8.988487612632468426e+00,-6.027410571255071403e+00,-1.620046141700987619e+01,-9.357816081009961096e+00,-1.531231704451534448e+01,-7.353331006253366553e+00,-1.913224717798880903e+01,-1.634479651317141347e+01,-1.635294357117059860e+01,-1.967708342981955383e+01,-1.035895721046818352e+01,-1.885521390423624410e+01,-1.865334938538308762e+01,-2.037629279051117948e+01,-5.937082775471180796e+00,-1.712066752119542201e+01,-1.567746887036938830e+01
-4.600341116684349174e+01,-5.238389318722005328e+01,-3.507557411639980671e+01,-3.481674679776511994e+01,-2.027946946632238934e+01,-1.836221081913746644e+01,-1.141288623071947228e+01,-9.362833032146768986e+00,-2.345105895401372464e+01,-3.527042766156472453e+01,-3.147899231213200366e+01,-1.662730658211579637e+01,-7.285862585521485357e+00,-1.484435560235064777e+01,-8.474883254465630955e+00,-1.317185939244477311e+01,-2.552350066838940634e+01,-2.613670281708441934e+01,-1.428506764691087660e+01,-1.196415650344924586e+01,-1.027270325170828613e+01,-1.598070934273904520e+01,-2.348946484796175938e+01,-1.132092999120158794e+01,-7.753775831495124393e+00,-7.211689936298963488e+00,-2.552865893633902061e+01,-1.834865874781730355e+01,-2.246359154983047546e+01,-1.232853316586536785e+01,-1.637373185983205914e+01,-1.260697234396973165e+01,-1.351040387829432809e+01,-2.579171386053799608e+01,-2.052543156456692230e+01,-2.294315805797808139e+01,-3.277768597224372371e+01,-2.108091108376567746e+01,-1.704539517073429522e+01,-1.310561440371168018e+01,-1.891496616204018011e+01
-3.973470654886098430e+01,-4.204667227900505111e+01,-2.502254414404189831e+01,-2.609784115427116191e+01,-1.607696037643881226e+01,-1.437102780611487063e+01,-1.541778511561829390e+01,-6.572782893228622747e+00,-2.136597828247781194e+01,-2.007921191017714690e+01,-3.676704542843883416e+01,-2.008433584628797064e+01,-1.309515803598058881e+01,-1.317922700312068685e+01,-6.179019345405612818e+00,-1.516695847794637331e+01,-1.262229555210083909e+01,-3.005751900382442798e+01,-2.133327182269427880e+01,-1.518209638078416646e+01,-1.611838013124578239e+01,-1.511225241682253539e+01,-2.261217006259759899e+01,-1.389468640287366163e+01,-1.040611815774648186e+01,-1.551491582660296409e+01,-2.703756875951969363e+01,-2.910839080271868795e+01,-2.241328795026242915e+01,-1.353561916429690726e+01,-1.999277656541557135e+01,-1.182187696487430273e+01,-1.567774211721218514e+01,-3.035831770976655974e+01,-4.243895523771272593e+01,-3.146432780636073900e+01,-4.845138147935939799e+01,-1.925781780175498170e+01,-1.833251256474150281e+01,-1.645328531468747002e+01,-1.594392976227601721e+01
-2.818925212444626283e+01,-2.466742285695888270e+01,-2.217484888257624931e+01,-1.147971956806672722e+01,-1.983479827329812295e+01,-1.548050753729285489e+01,-2.599682296590114561e+01,-8.845097849843657656e+00,-1.275871129976134277e+01,-1.071745755942582790e+01,-1.824557468014046080e+01,-2.499644991168465680e+01,-2.596581633954428625e+01,-1.376933129136182821e+01,-1.301239117873136841e+01,-1.380677734401786871e+01,-9.098355064597122066e+00,-1.424363725821017468e+01,-1.560416741881331149e+01,-1.614032615784494595e+01,-9.866579586371003074e+00,-9.472043121475309135e+00,-1.753775512839964179e+01,-1.819493582905698048e+01,-2.870054250472051649e+01,-1.639746037215112295e+01,-1.947072148391449531e+01,-2.144415152462709884e+01,-2.930100420508900427e+01,-1.097462639737993939e+01,-1.386604533528616656e+01,-9.960787392235801008e+00,-1.435364709570209740e+01,-3.686767732184382851e+01,-4.144022844049693077e+01,-4.099793029120370136e+01,-2.962355738863915988e+01,-1.871359428620161225e+01,-1.188922294361969101e+01,-2.519514133770920239e+01,-1.699403008300819806e+01
-2.254706306591943843e+01,-1.938052984336053086e+01,-2.404874160836861918e+01,-8.200636029533351135e+00,-1.681051900481850225e+01,-1.988906578139217984e+01,-2.658371636426106832e+01,-1.856787108142773235e+01,-1.069715973863563008e+01,-1.162803102798453558e+01,-1.159880313562814003e+01,-3.128181746619164727e+01,-3.368247893165626294e+01,-1.962871651236877213e+01,-1.672433344292664259e+01,-2.333088996596031706e+01,-1.251743670341325831e+01,-9.060393980060180041e+00,-1.584078375794822691e+01,-1.731131117261719510e+01,-1.178262433451587299e+01,-1.297755739110814766e+01,-1.768743613088854261e+01,-2.961810696518525532e+01,-2.056032459657784273e+01,-1.000145892548537851e+01,-1.898573305393676591e+01,-1.890004951795091515e+01,-8.675207538007089880e+00,-2.033432171647157816e+01,-9.981370552447915045e+00,-1.429950060476499729e+01,-1.532793888375359792e+01,-2.679469518582533283e+01,-2.866051273934135679e+01,-3.479629727064662603e+01,-1.444288288321538438e+01,-2.116709553158194623e+01,-1.058073104897904848e+01,-1.860525444847209542e+01,-1.596676846262589500e+01
-2.372626051989861296e+01,-2.364080950398120962e+01,-2.664068448511793719e+01,-1.114634297214694314e+01,-1.340843839904954926e+01,-2.840923239851395365e+01,-2.972278164591375926e+01,-3.212924730521254446e+01,-1.933835982986392565e+01,-1.971910808324803455e+01,-1.354137829705677909e+01,-3.752717041794451092e+01,-3.920432064618499624e+01,-1.225587002355443111e+01,-1.276616642925369405e+01,-2.275373061780460304e+01,-9.936876346027034401e+00,-1.424022349574779867e+01,-2.327348049102113237e+01,-2.080631905705445917e+01,-2.387297099078961082e+01,-2.410542337184038431e+01,-2.154790232643390979e+01,-2.707081222882269600e+01,-2.587264972531563245e+01,-1.230454074532938158e+01,-2.327606983814450103e+01,-1.773914943014204582e+01,-7.030648064615055759e+00,-2.827853883151275838e+01,-1.451108292331720762e+01,-2.914908479762690519e+01,-1.386747291272475380e+01,-1.324994549278972045e+01,-3.044989851811809345e+01,-2.437583137217668039e+01,-7.412935876748605324e+00,-1.174281952353469194e+01,-1.656906078663525150e+01,-1.189192224793601760e+01,-1.322009171264468463e+01
-2.198597363742287314e+01,-4.566777443883066212e+01,-1.475653769451863262e+01,-1.191207011655500381e+01,-1.555519596059265552e+01,-4.481311595474943488e+01,-3.208456508143185459e+01,-3.159325758499793935e+01,-3.055608276183486183e+01,-2.484168796740508256e+01,-2.541733230454065051e+01,-2.677910821234685557e+01,-2.984227263371155203e+01,-1.648326759522826990e+01,-1.669614713311363374e+01,-2.050023218497719313e+01,-1.394140041906779004e+01,-1.969234009949647657e+01,-4.309605513612901717e+01,-1.753254610415785564e+01,-1.283921983860498628e+01,-1.061129528831130209e+01,-1.584935833759619683e+01,-1.858307475787222174e+01,-1.802581346384392802e+01,-2.036457527254373900e+01,-3.552020401173862751e+01,-1.555408059310945035e+01,-9.750536722960731595e+00,-2.039820276913307495e+01,-2.947134462229048779e+01,-2.690700960359189153e+01,-1.549940215266948229e+01,-1.098319388077955239e+01,-2.272706692794234229e+01,-1.113347377573366614e+01,-8.775477348491842022e+00,-1.159946836734404485e+01,-1.545641328880210885e+01,-1.696022543886383360e+01,-1.009425825727236337e+01
-2.354562481448346034e+01,-3.338843002881109356e+01,-1.380519718053307265e+01,-9.780575498219436170e+00,-2.421076261977643895e+01,-3.833682674674801660e+01,-3.305766046475752518e+01,-3.078761110010375646e+01,-2.708125025363166927e+01,-2.830149976721779126e+01,-3.148678303365231557e+01,-2.346910857651630877e+01,-1.799957691361890255e+01,-2.290654483838588718e+01,-2.901265181562438755e+01,-3.246919221477080697e+01,-3.444498443621739625e+01,-2.828508252726759409e+01,-2.510954959126275554e+01,-1.222343248551011463e+01,-8.871444246953259949e+00,-7.369520660973172710e+00,-1.129458034359996965e+01,-1.052520606223954402e+01,-1.006307601023334719e+01,-9.782039961238069736e+00,-1.950503424754770521e+01,-1.260169311993866259e+01,-9.139797290268999674e+00,-1.688975409347299461e+01,-2.725605641958921410e+01,-2.452783240319222813e+01,-1.904158241672770302e+01,-1.958848348599487466e+01,-2.192124701590088165e+01,-1.189558975242016814e+01,-3.115033707072917935e+01,-2.605564341735348677e+01,-9.404561696291091621e+00,-9.890970875141725571e+00,-1.339529991697256861e+01
-2.699871074843979812e+01,-2.445278121160290397e+01,-2.128546064972148955e+01,-8.480734415104912216e+00,-2.507717132167998741e+01,-1.828881125194122248e+01,-2.555906149878854450e+01,-1.491193221024851567e+01,-1.741061778412300853e+01,-2.157479144402291027e+01,-1.415388934684298228e+01,-3.070306193924455584e+01,-1.002381535812076052e+01,-1.666762385925463974e+01,-4.245491820691742646e+01,-2.928305485742571079e+01,-2.657298777399554268e+01,-1.917356629957534508e+01,-1.444444667929009718e+01,-1.073537412034680116e+01,-1.273934812744818501e+01,-8.310435681877857306e+00,-1.913274988759830109e+01,-1.016169084065072603e+01,-1.256344610707350995e+01,-1.473732631847881080e+01,-2.123101219603235279e+01,-1.060854646167964610e+01,-9.643358558040491246e+00,-1.142944036495378235e+01,-9.879077260663217785e+00,-1.142895616240644330e+01,-1.407465759250883686e+01,-1.516282468563098185e+01,-2.846514226914991141e+01,-2.008982670164024142e+01,-1.781448127517684199e+01,-2.410741454759612878e+01,-1.776697209525247700e+01,-1.805520700904738618e+01,-2.095635389281575556e+01
-2.883193066266980154e+01,-2.273268195670424774e+01,-2.063612905378234785e+01,-9.515605397451045278e+00,-1.760627753479033686e+01,-1.554169459655567742e+01,-1.710943593459707657e+01,-9.469057268008535644e+00,-1.246099872310914947e+01,-1.144324212637482141e+01,-1.037993423647248825e+01,-1.996384575156456620e+01,-1.185112939728783488e+01,-1.863586420946473154e+01,-4.511632101989506793e+01,-2.036061423088238698e+01,-1.230185742530888859e+01,-9.654164164423509220e+00,-1.001662700050287924e+01,-1.494386774405175089e+01,-1.003876716941971736e+01,-1.223169909548038881e+01,-1.467786109766220548e+01,-1.114872267435904440e+01,-1.190727845440070354e+01,-2.105487783601979146e+01,-4.056004262793819493e+01,-1.496495437968030728e+01,-7.524597477148392777e+00,-1.752312029320039954e+01,-6.134880578119117800e+00,-1.018473376220321036e+01,-9.177919784866373831e+00,-1.048937269917863446e+01,-2.095258994095558336e+01,-1.068898297838270572e+01,-1.432510283670334950e+01,-1.975135135051196755e+01,-1.326370978425776315e+01,-2.608602824884494709e+01,-2.161518837477153809e+01
-2.339565657523606035e+01,-2.331258758299920686e+01,-1.665589789611129845e+01,-1.272702100386869262e+01,-1.302488667364988117e+01,-1.858360311024439682e+01,-8.585879181796398640e+00,-1.289383536817813791e+01,-1.295099771336631278e+01,-5.216711133062786665e+00,-1.629884931887965394e+01,-1.130749175020206820e+01,-2.167811030950502627e+01,-2.663183968579069827e+01,-5.187071117292337163e+01,-1.968974031947571746e+01,-1.050422555682362358e+01,-1.176604854775712639e+01,-1.129072469647103816e+01,-2.331398806504275711e+01,-2.224340425653760178e+01,-2.222442951120277144e+01,-7.927227386230722317e+00,-1.228494394307245763e+01,-1.438926470693988691e+01,-2.019331681549664381e+01,-1.352200880693899165e+01,-1.690831363902247730e+01,-9.241861588365082980e+00,-2.530982184575268690e+01,-1.080338990899754492e+01,-1.282664850391724087e+01,-9.474021615444067734e+00,-1.549304726657186748e+01,-4.050714484281094485e+01,-1.600654098919881818e+01,-1.807706201372864285e+01,-1.685610612127619490e+01,-1.005417831216108837e+01,-1.305732502848167620e+01,-1.859308038055431567e+01
-2.411680518328664391e+01,-3.080525771405067559e+01,-2.245089504597195429e+01,-1.398358212135503997e+01,-2.049902799176632584e+01,-1.304476772362781389e+01,-8.111125612797556172e+00,-1.058627163675210170e+01,-1.277170350648279928e+01,-8.673628974162003402e+00,-1.036900432073248268e+01,-1.260849182452067119e+01,-2.141260443892546306e+01,-4.064135787422316071e+01,-5.101737631912638449e+01,-2.337670772148683795e+01,-2.062328104906340087e+01,-2.482589327540643609e+01,-1.728095595111490113e+01,-2.655204353773601156e+01,-2.173925314938323439e+01,-1.257585797951682238e+01,-7.746456518883642950e+00,-1.977520140182430808e+01,-3.071033935942477200e+01,-1.071957202580961521e+01,-7.854718437441680301e+00,-1.158690705993181780e+01,-1.809596714195951606e+01,-2.516486795037220148e+01,-2.455181604834759668e+01,-2.825384871620810401e+01,-1.738189428217253862e+01,-3.648479705352465885e+01,-2.771221508334480887e+01,-3.612180489874089773e+01,-3.080646171910665743e+01,-2.279231102128159492e+01,-1.566819963564485541e+01,-1.045940345157623597e+01,-1.930157005843114248e+01
-3.091696261746839625e+01,-2.661145417319693252e+01,-1.497305999919996111e+01,-9.663247890594446332e+00,-3.085832872149568118e+01,-1.383983357288625982e+01,-1.008001143599585703e+01,-1.343980559072928926e+01,-1.404394023815381409e+01,-1.458652811654342329e+01,-1.623746421327887646e+01,-2.335632992066393143e+01,-2.164783736396487157e+01,-2.260084707755125777e+01,-4.030054305536241088e+01,-3.171661062974856193e+01,-2.766911366628473701e+01,-1.507057186296983176e+01,-1.745197778316974890e+01,-1.786945114822139402e+01,-1.535125460177955325e+01,-1.082522182595841542e+01,-1.360841125588351375e+01,-2.433765624134264982e+01,-4.981843288781261947e+01,-8.338907548150517712e+00,-1.133976077497545276e+01,-1.934031373817559540e+01,-3.683946893886286489e+01,-3.639962904148748635e+01,-4.265478621584229302e+01,-3.284754273411451919e+01,-3.379585978768559329e+01,-4.234550116271105935e+01,-4.109901415189318641e+01,-3.728737365817005411e+01,-4.451529795875393347e+01,-3.523250843643880614e+01,-2.333624700352938319e+01,-2.315860524611855453e+01,-1.894028499383799868e+01
-3.912781458741074658e+01,-2.114555381679881663e+01,-1.634552800880986112e+01,-1.114903242845045384e+01,-2.161608430541475556e+01,-1.741542555286484983e+01,-2.920790010964237382e+01,-2.205289596852265888e+01,-1.039555051334666302e+01,-1.707301510436931835e+01,-3.189140370814840608e+01,-2.919365782590391589e+01,-1.176569799978905984e+01,-1.330970548255917052e+01,-5.139858674928665039e+01,-4.476326250677956864e+01,-2.731107311231290424e+01,-1.187238814492917172e+01,-1.638605505879789703e+01,-1.660129179757342754e+01,-1.014989167342202592e+01,-2.172801391652889436e+01,-2.095799560838333164e+01,-3.287478791099629660e+01,-2.911793825536916458e+01,-1.405753803639793453e+01,-1.686867462335464296e+01,-3.342581529085809677e+01,-6.021394267338054362e+01,-3.365072050219664135e+01,-4.062190797231087913e+01,-3.262592229947759392e+01,-3.726728614268571960e+01,-3.454740905342409008e+01,-3.176190083379697171e+01,-4.082928095273453550e+01,-4.588978298050734139e+01,-3.007236917426516243e+01,-2.302578233107233174e+01,-2.001513978171967878e+01,-1.294537268696710974e+01
-2.596634041160450934e+01,-1.730612594336172450e+01,-2.346713531699058919e+01,-2.022374045219546090e+01,-1.978421485586100559e+01,-9.015969416826374427e+00,-1.390806965850751631e+01,-2.612650605063965514e+01,-1.881704874407268946e+01,-1.808810076499622355e+01,-3.661226177330289033e+01,-4.076377099006538174e+01,-9.370170279256592849e+00,-1.083448252418276780e+01,-4.200096402977904120e+01,-2.705611772024946404e+01,-2.658116247854186653e+01,-2.634373324190566379e+01,-1.922759363501927510e+01,-1.746734295547278037e+01,-1.553709207240606816e+01,-2.191781307773004173e+01,-1.756330555097018475e+01,-2.276994265003822449e+01,-3.007837968623946168e+01,-3.741855195039624249e+01,-2.839115590037691206e+01,-4.837158091757543588e+01,-3.649057209026501880e+01,-3.168519972652181238e+01,-2.741304913330325377e+01,-2.042039193196762525e+01,-3.252038410156741577e+01,-1.495924178800669146e+01,-2.810057376876746105e+01,-2.750528189654858480e+01,-2.852720493718924999e+01,-1.829259806519110043e+01,-1.301998705074949569e+01,-1.004441357281973879e+01,-1.220097337815608540e+01
-2.373056443857745279e+01,-1.810057896849617975e+01,-1.724383390282216411e+01,-2.686952389922396378e+01,-1.949113719598705785e+01,-8.982631539473233673e+00,-1.974215961849372647e+01,-3.121678500232640729e+01,-1.619686914011188961e+01,-1.642269804254307886e+01,-2.428855390375375123e+01,-2.817674444427386504e+01,-1.136419314886433796e+01,-1.563691373302440724e+01,-1.917882317501132050e+01,-2.143054251665427401e+01,-1.324859921751547098e+01,-1.035434279108519817e+01,-1.881478534105535516e+01,-1.430052921620223749e+01,-3.077607686308791557e+01,-4.358747756280716601e+01,-1.223348682353732642e+01,-1.474179988182149792e+01,-1.400788554877933301e+01,-2.510847523481279708e+01,-2.985706536336214612e+01,-2.962921178552170431e+01,-2.598746963671557353e+01,-2.150981799394313754e+01,-1.490649830001948395e+01,-1.242877246863279872e+01,-1.169535567755882077e+01,-9.682727440621635040e+00,-1.220635320840551152e+01,-2.035422601243737617e+01,-1.669037209229261975e+01,-1.095256428219561151e+01,-1.002227706253239603e+01,-1.492230158613116231e+01,-1.498942244137420943e+01
-2.040781115194695161e+01,-2.890392038084215542e+01,-1.731070304911540703e+01,-1.651871925830145216e+01,-1.819792773031795008e+01,-8.103745364422024977e+00,-1.253487322379799984e+01,-1.919726334703430837e+01,-1.075311285218907287e+01,-1.396755374495043789e+01,-1.766136287940879868e+01,-1.285853248242615443e+01,-2.168863182677420554e+01,-1.405250232436279489e+01,-1.083317638953229078e+01,-1.763192161425685001e+01,-8.860825726484787168e+00,-1.960053337475238777e+01,-9.122175513632987176e+00,-1.093312847617999850e+01,-2.649870799343380412e+01,-2.815846967828375824e+01,-1.816820543817507883e+01,-9.310473207878892765e+00,-1.119709564935953416e+01,-1.158380084717496317e+01,-1.777616694086205129e+01,-1.752366834334648260e+01,-1.429407724144963510e+01,-1.822721483583055146e+01,-7.697094643839358596e+00,-1.366019613305120473e+01,-1.074696237133970911e+01,-1.926663735020229495e+01,-8.816275478574603142e+00,-2.323523162367063222e+01,-1.295608672316499899e+01,-1.247938287583582451e+01,-1.585587501476436678e+01,-2.889883399609183101e+01,-3.243490574215550737e+01
-1.699366878761983912e+01,-2.131152415283158774e+01,-2.472550596640224541e+01,-1.328056807500898095e+01,-2.228815647628557883e+01,-1.301957463814037474e+01,-2.519256561992262888e+01,-1.136616300708639571e+01,-1.129008960911915160e+01,-1.605088215461158185e+01,-1.560283901628197611e+01,-1.131448225445425138e+01,-1.916064973789502446e+01,-1.268532585665843548e+01,-1.655131926606816961e+01,-8.343351486471256351e+00,-1.502612339459140678e+01,-2.557773392153890768e+01,-8.366404172690518948e+00,-1.128142557461285556e+01,-2.915183162276105122e+01,-3.111953242519325613e+01,-1.161172093166701558e+01,-1.936230519086600310e+01,-1.711150648879744551e+01,-9.274122498349834487e+00,-5.705811162097466749e+00,-9.575420898429149119e+00,-1.197358643264235134e+01,-1.766657923743400715e+01,-9.413036648193997991e+00,-3.870324428143982232e+01,-2.280864933499350045e+01,-1.695458141581955402e+01,-1.317346276440446395e+01,-1.969534556018425064e+01,-1.619454560280441058e+01,-1.948193620706310725e+01,-2.494269089567580977e+01,-1.784863256495261652e+01,-1.479468461566188253e+01
-1.989959027767752886e+01,-2.357250893209089426e+01,-2.944922170858639987e+01,-2.094225665013753712e+01,-1.607089720918544629e+01,-2.429071249042959124e+01,-1.958284669787677501e+01,-1.205674984953613027e+01,-1.654692130489081947e+01,-1.560964727549622921e+01,-1.127024834240324580e+01,-1.732562311542249134e+01,-1.338875427722921430e+01,-2.570556307046082978e+01,-1.409489409783994240e+01,-9.139888023087209490e+00,-3.860625053843335763e+01,-1.162783912446494483e+01,-1.312464818875853645e+01,-1.223909114461655179e+01,-2.433641262934619576e+01,-2.356054367789656467e+01,-8.574572732479669668e+00,-1.190455203673081108e+01,-3.308555692580626584e+01,-1.117875575961314993e+01,-5.685470514830446298e+00,-1.576204385116616535e+01,-2.399232229318757348e+01,-1.319899856076871281e+01,-2.130462966347263531e+01,-2.626439131750303346e+01,-3.819892389444206771e+01,-1.789602002220822996e+01,-9.010344767433519308e+00,-1.018575952677773699e+01,-1.855621876489254518e+01,-2.009798522818459077e+01,-1.656099112304506704e+01,-1.070833743231459145e+01,-1.083656470255347415e+01
-2.976824049473134437e+01,-3.014839042260269864e+01,-3.307624626261073786e+01,-2.576822740026668868e+01,-2.137671567539512907e+01,-2.602958571462312776e+01,-1.946124506487677763e+01,-1.937186903403269866e+01,-1.150267698254412352e+01,-1.285696697015886869e+01,-7.046429383547160086e+00,-1.790823186936668066e+01,-9.269650737779828731e+00,-1.648946229868990088e+01,-1.422043000952038661e+01,-1.285475506642724319e+01,-2.314379188958924161e+01,-1.119762357609397441e+01,-2.288233562464833426e+01,-1.646503050627040210e+01,-1.285541209775503546e+01,-1.628014975636111927e+01,-8.008846679579038508e+00,-8.777676103759359805e+00,-3.079510079090302810e+01,-1.231312776398748454e+01,-1.811672420487344581e+01,-1.798976390501196221e+01,-1.903298387704982630e+01,-1.020332854469846851e+01,-2.335069723230522243e+01,-2.854448561540518270e+01,-4.430517857612080235e+01,-2.288833204558837053e+01,-1.298953759813495168e+01,-1.579325556455186685e+01,-1.033710569504332710e+01,-8.736647332018671719e+00,-1.006476739981312818e+01,-1.075119174190906080e+01,-1.223420290474475891e+01
-3.466862000698957047e+01,-5.334968386925842765e+01,-3.274464685579514622e+01,-1.447566959713735457e+01,-1.895307005800950861e+01,-1.479509845883488595e+01,-1.196220858932166742e+01,-2.293595380717904675e+01,-1.114411285679280006e+01,-1.325920124127230793e+01,-5.323900867343171583e+00,-2.190979478813064674e+01,-1.249758861253157605e+01,-1.880880189260506086e+01,-1.491968351381180291e+01,-1.257261651484164311e+01,-1.144362021877985747e+01,-1.343985174620113732e+01,-2.895555846935733513e+01,-2.697497621962799386e+01,-7.214730461051203747e+00,-6.988611857651145343e+00,-1.224741126090438570e+01,-1.598219073928081357e+01,-1.474357125481597919e+01,-9.369637651364172370e+00,-2.082122799045982475e+01,-2.513723255313110627e+01,-1.924893912919151973e+01,-1.792187145424071204e+01,-1.556215469766737236e+01,-2.018075546208860871e+01,-3.334446569658136639e+01,-3.211455515284924900e+01,-2.236731954012523005e+01,-2.394384212094965392e+01,-1.077465802457362543e+01,-7.164680742800799251e+00,-1.118903347433358419e+01,-1.679334323966338616e+01,-1.326586949214411248e+01
-3.812333213202776250e+01,-4.566535731983741897e+01,-3.136275443145806108e+01,-1.090264346360359227e+01,-2.166544496304115341e+01,-1.433805076202157736e+01,-1.162945098784941678e+01,-3.055645985245684315e+01,-1.753981944170636709e+01,-1.644354716113845072e+01,-5.863586049337579098e+00,-1.440228229748006505e+01,-2.185797972502432884e+01,-2.678786676851310489e+01,-1.602742332985381779e+01,-1.278504441339149089e+01,-8.039701874693378159e+00,-9.557799786104682838e+00,-2.829075817425657036e+01,-2.513088065428874884e+01,-1.076401362630940106e+01,-1.011377797489180352e+01,-1.083441865267549886e+01,-1.747686086529192195e+01,-1.031163840132691867e+01,-1.645042953414093034e+01,-2.480754392406824493e+01,-2.904248101181757136e+01,-1.781869836587927125e+01,-1.373234589500183134e+01,-9.799618450552296522e+00,-1.173076601987364143e+01,-1.813593123149371422e+01,-1.967692081131004045e+01,-1.000778818275828108e+01,-2.002516411664712948e+01,-1.111948768807845589e+01,-1.332122213178185355e+01,-2.703369229998910939e+01,-1.139156199735548824e+01,-1.659802553760406596e+01
-3.462116302657979361e+01,-3.334747177058654444e+01,-3.933667907610434611e+01,-1.129206041012835016e+01,-1.819408710289028619e+01,-2.776540075621545256e+01,-1.976151072646289109e+01,-2.915839997946194728e+01,-3.426644363426279227e+01,-1.493674247913303610e+01,-7.205193762211608011e+00,-1.121067281984916519e+01,-2.649444879638325645e+01,-3.566601741326823571e+01,-2.225395245210194162e+01,-2.429227031732001407e+01,-1.351748354864457013e+01,-9.199382597226948732e+00,-1.032348927239306491e+01,-1.171056081022926776e+01,-1.825050101338379704e+01,-1.266843736775076401e+01,-1.161076801554228410e+01,-2.152380927885671014e+01,-1.881527757936908785e+01,-2.599058931834297681e+01,-1.638181442861387893e+01,-1.762669751338822266e+01,-1.685679791960360774e+01,-1.053788778405577453e+01,-1.719419545412660710e+01,-1.288183466047447645e+01,-1.328997108567350871e+01,-2.068583220080757457e+01,-1.084094627531668209e+01,-2.240265857360025592e+01,-1.690037252825732850e+01,-2.497326201946151158e+01,-1.378948558431474325e+01,-8.555839427069917846e+00,-1.218801235463286226e+01
-2.287969535789084219e+01,-2.230255883972585096e+01,-3.949942486952834031e+01,-1.364255668282517320e+01,-1.837237846748826087e+01,-2.621679856259923369e+01,-2.213721984837009771e+01,-2.749867812061994954e+01,-3.490482094818301562e+01,-1.259574177997526689e+01,-1.168936007466611215e+01,-1.042507710692607859e+01,-2.015366669845880665e+01,-4.461468154583674561e+01,-3.306116900365761069e+01,-2.890202202137728449e+01,-2.184311577919959646e+01,-1.266822022058772035e+01,-6.096065067618333444e+00,-9.588586233075659493e+00,-1.320044958066338836e+01,-1.710203578232139776e+01,-1.470028820473525677e+01,-3.587744057128859509e+01,-3.379988170387014179e+01,-2.981821003773446677e+01,-9.228584094723004227e+00,-1.698888568931841547e+01,-1.485756199162698898e+01,-1.704053399565989935e+01,-1.427082442232406834e+01,-1.357096638278660627e+01,-1.586653786717731762e+01,-2.428090277085880189e+01,-2.651669124518254250e+01,-1.465385640682832324e+01,-1.471454574230765289e+01,-1.835534831349372453e+01,-1.046341942063067698e+01,-9.099049801760507705e+00,-1.544218068555545287e+01
-2.057740167441290424e+01,-2.033913980707512792e+01,-2.932985125633383205e+01,-1.320284407198365528e+01,-1.803236850832522009e+01,-1.736125426538527705e+01,-1.310320702993814379e+01,-2.931262580187787492e+01,-2.762813648523069787e+01,-1.725708011781407691e+01,-1.603336807611910686e+01,-7.724407614657565091e+00,-1.549858117003777558e+01,-4.896551420139687849e+01,-2.147309425278587014e+01,-1.884677952779410504e+01,-2.494546038360276086e+01,-1.248643490632883157e+01,-1.040474095457383719e+01,-7.493673502936109010e+00,-8.206017428968452876e+00,-7.962221427806396079e+00,-2.515281299635115886e+01,-3.086879462312250766e+01,-2.293772213818722960e+01,-1.540802111516878981e+01,-7.497594099440927806e+00,-1.723414580681670216e+01,-1.686575701359055302e+01,-1.405293263583825514e+01,-1.061734489413263560e+01,-1.746647355547176517e+01,-2.812239287735671311e+01,-4.667136652686976106e+01,-2.499490679014254368e+01,-1.201163510448721539e+01,-1.211601497188817333e+01,-2.334901460347223434e+01,-1.771784092043181147e+01,-1.059284962364525562e+01,-1.840192920692022938e+01
-2.393878845092746133e+01,-3.236177196350693919e+01,-2.929925467990816657e+01,-1.385185960427003948e+01,-1.489050599289677201e+01,-1.300056955068379949e+01,-1.054048168122638174e+01,-1.701508717946364868e+01,-2.129614740352846525e+01,-3.670587905781579252e+01,-1.601229160867060841e+01,-1.660092112968988687e+01,-1.515587247053167097e+01,-5.341786592974010262e+01,-1.681718231441957201e+01,-1.216550837500135529e+01,-2.472835801674936107e+01,-1.793771710726352708e+01,-3.057681216503136312e+01,-1.183019035463252422e+01,-1.187332224199896302e+01,-1.212162145028693949e+01,-3.583349886499735248e+01,-2.186062445396967391e+01,-1.450788968413555757e+01,-9.436007055939505506e+00,-1.221087602084639734e+01,-1.514664488240022067e+01,-2.063482677189072945e+01,-8.901547200561680029e+00,-1.925843771230481849e+01,-2.953164917663240274e+01,-2.624149573009058045e+01,-3.090356722078261242e+01,-2.292800194626489940e+01,-2.647915718095194748e+01,-1.829198589013717680e+01,-1.163914972454610464e+01,-3.654392214769151082e+01,-9.972712833347312511e+00,-1.778149300142926847e+01
-1.846287317318509480e+01,-2.211663675151711672e+01,-2.630143647881353886e+01,-2.489526448217343102e+01,-2.126542332443981564e+01,-1.839602350606437042e+01,-1.283205014301205082e+01,-1.082957121284904467e+01,-1.991140851410886015e+01,-1.834838034944877094e+01,-1.813121449163056553e+01,-1.215489755469162425e+01,-1.750935758283359789e+01,-3.710768374122888247e+01,-1.873171641852621150e+01,-1.778064919767192364e+01,-2.441584963469871283e+01,-2.877134118064162038e+01,-3.077899201913900740e+01,-1.955380621938778773e+01,-2.535927659343848006e+01,-2.883839791657684515e+01,-1.605528434858762310e+01,-1.681644121291673599e+01,-1.088058978362655083e+01,-9.149668388508125361e+00,-1.059741398838221116e+01,-8.665598428939887299e+00,-1.058540756259753302e+01,-1.552908920166208695e+01,-9.420284905543795162e+00,-1.439685224573503497e+01,-1.259353227741282666e+01,-2.526519127943612375e+01,-2.926865270575600775e+01,-1.060062299502521732e+01,-9.895051238481165967e+00,-1.139302655373672302e+01,-2.830923911999611420e+01,-1.210501138881636862e+01,-2.874895083815438213e+01
-1.783880284580384412e+01,-1.958354208287689602e+01,-3.124835036062718174e+01,-3.546232258819306793e+01,-3.033414291003060370e+01,-1.736036004717229986e+01,-9.692746502791170116e+00,-1.530727398205010559e+01,-3.050409707239163737e+01,-8.236341442140247437e+00,-1.330006125619006951e+01,-1.377354232510606913e+01,-2.148811187232438868e+01,-2.138177816197077163e+01,-3.199426434874674285e+01,-1.303004337651093891e+01,-1.739228717065463314e+01,-2.279479270329883889e+01,-3.788950251829929528e+01,-3.409817421651877112e+01,-3.754558120743332239e+01,-3.831598078975484611e+01,-1.279139138871689596e+01,-1.043788379415040701e+01,-9.804906518299215890e+00,-8.434617985025576914e+00,-9.646851100417405789e+00,-1.081718505037696509e+01,-1.685949289998054823e+01,-9.163944605823894918e+00,-8.572848354041630259e+00,-1.240535403643071888e+01,-1.039415325098224230e+01,-1.194381487416745991e+01,-2.196169834798599396e+01,-1.360940654689557050e+01,-8.859206348718469570e+00,-1.191526400596494462e+01,-2.836655762383853840e+01,-1.132282298277052668e+01,-1.455721930683423970e+01
-2.240945963145284736e+01,-1.972724154860115675e+01,-2.945409306718927311e+01,-2.192004501620422019e+01,-2.571190581785054974e+01,-1.518085839259880032e+01,-1.146853640959869480e+01,-2.583904410767923565e+01,-1.156078750082121687e+01,-6.472447873411453223e+00,-1.253855914232392443e+01,-3.025272701018299415e+01,-2.714068097901219545e+01,-1.354040635729850095e+01,-1.206251966585396751e+01,-1.320811082174969009e+01,-1.008339909014382130e+01,-1.655625489083652369e+01,-3.899076144127479893e+01,-4.571002755789129424e+01,-3.501271372190409892e+01,-3.574875830364047147e+01,-1.967874076984392673e+01,-1.397159296507492954e+01,-1.660420300324698673e+01,-9.438838722065664655e+00,-1.078929038653096839e+01,-1.213633171977142489e+01,-1.157900698011167684e+01,-7.662596262852132689e+00,-1.437004430519941423e+01,-1.504394664696221184e+01,-1.977237706328115507e+01,-1.125288801360304625e+01,-3.166740106872881100e+01,-1.677708337783735715e+01,-1.524159363602369766e+01,-2.322984839173179239e+01,-1.257701665479718756e+01,-6.824751672604698172e+00,-1.912362608953614895e+01
-2.425278889984760511e+01,-2.140488909691633523e+01,-2.957708711929906542e+01,-1.229188904508836444e+01,-2.488883652006001768e+01,-1.777834300772078180e+01,-1.948636555473811782e+01,-2.669908253845309787e+01,-1.266296934072182268e+01,-1.488993399026766440e+01,-1.534361361614622332e+01,-3.714483637737875910e+01,-3.377804865982416516e+01,-1.384655535661329395e+01,-1.165094372842865056e+01,-2.000706046682697803e+01,-2.469174929840816191e+01,-1.482428605753345607e+01,-2.377857756739409112e+01,-2.301367961787761729e+01,-2.466001894428906738e+01,-2.808040337692340316e+01,-1.239725398712033133e+01,-1.288082765434950083e+01,-2.350362205729089382e+01,-1.867147104232085653e+01,-1.551571716535993772e+01,-2.153894713934256444e+01,-9.900167800868297618e+00,-6.553064000911391851e+00,-2.255304126545730270e+01,-2.747657261627476899e+01,-2.311640840465828006e+01,-2.116290109560095800e+01,-2.517142224626556413e+01,-1.081113444667422918e+01,-1.596376190400810913e+01,-2.007794398928447066e+01,-9.909880199343795937e+00,-9.594802015383107729e+00,-1.323784903044164629e+01
-2.802352610385202425e+01,-2.884317275134508662e+01,-3.082044350906781460e+01,-9.308288343240727514e+00,-1.699776953533087109e+01,-1.816698881932468623e+01,-5.184494919052832529e+01,-3.588719749713970941e+01,-2.364137608431805759e+01,-3.210324323285901471e+01,-2.275058499461859185e+01,-3.568280055494832226e+01,-3.406684491597830089e+01,-1.653095334121557869e+01,-1.685733916032635094e+01,-1.754123335344544543e+01,-1.129381007761214128e+01,-1.563103036677933133e+01,-1.501937479327622604e+01,-1.125296167784122225e+01,-1.791576845137690199e+01,-1.165225423397480142e+01,-1.727885815819147552e+01,-1.843738335098305825e+01,-1.160408932138871130e+01,-2.247169815368881274e+01,-1.268322951560618250e+01,-1.628983345348630252e+01,-1.583177724223431682e+01,-1.166287755669205950e+01,-2.396623844273337767e+01,-3.849508427219961959e+01,-3.252654514638858529e+01,-3.337646374662558912e+01,-3.178636650244193618e+01,-1.366936015222241174e+01,-1.729708631724982837e+01,-2.653649063219149440e+01,-1.982652351415541858e+01,-2.046989529496647364e+01,-1.017921902713339755e+01
-2.338193267058525748e+01,-3.158957698470580766e+01,-2.297888044892936676e+01,-9.334252384792016244e+00,-1.821190942971205828e+01,-1.750189253241266130e+01,-5.919532953729959246e+01,-3.324089140721257252e+01,-3.692015444568352223e+01,-3.678913546965902270e+01,-2.929462468458248026e+01,-3.445299880864178022e+01,-2.525532880161307503e+01,-1.309943669108332642e+01,-1.395723943596651928e+01,-2.350367004060796816e+01,-1.570460104577329652e+01,-2.449077302417089896e+01,-1.378367120949357627e+01,-1.154315657689182117e+01,-9.054852234406249423e+00,-1.226492043700283219e+01,-2.146730629948708113e+01,-2.452303205097672389e+01,-7.127431855595699695e+00,-2.112486587192151788e+01,-1.155956504198471535e+01,-1.002314359200344640e+01,-9.872212453841408220e+00,-1.133741482082571572e+01,-3.629439578412926437e+01,-1.898196674073648538e+01,-1.857299056476725241e+01,-3.812403651381220016e+01,-2.854625209991235479e+01,-2.743536228454321346e+01,-2.693035447206279542e+01,-3.448035643637462044e+01,-2.811479505258742151e+01,-3.451903404929583985e+01,-1.140234949903936368e+01
-2.033525217030361176e+01,-1.917937430988930103e+01,-2.775823581219105662e+01,-1.154615613799146701e+01,-1.683756390420940363e+01,-1.839261634660777389e+01,-3.048228542745973968e+01,-3.766751844873334676e+01,-3.386788683812350342e+01,-2.441007320639673850e+01,-2.312461536005645613e+01,-1.610629522575104389e+01,-2.604895899868872533e+01,-1.307079101976040647e+01,-1.484813707619696110e+01,-2.954310407095326241e+01,-1.729094440892736273e+01,-2.213833969268397794e+01,-2.041069653484747093e+01,-3.583294219898877486e+01,-1.172725128400634276e+01,-2.475685166578415775e+01,-2.760128334820898388e+01,-1.749524098800336347e+01,-1.205800804460320741e+01,-1.373539649667125495e+01,-2.532242545312096027e+01,-1.381429484644162820e+01,-1.201971091360828936e+01,-1.196447066556610039e+01,-2.020470195892360010e+01,-1.237610673525064975e+01,-1.230641947946040915e+01,-2.965484259282101576e+01,-3.671868146084548101e+01,-3.472396070206563934e+01,-4.159087614780183628e+01,-3.487633415306785878e+01,-2.569271813886697231e+01,-1.614932635028585750e+01,-1.500961186803262848e+01
-2.579923368544455542e+01,-1.823529937637441023e+01,-1.757687507025550389e+01,-2.039558975232289839e+01,-1.980193948557133865e+01,-1.481702626782207233e+01,-1.505373843769580056e+01,-3.256056906804256812e+01,-3.491712753392197754e+01,-1.658661471482637495e+01,-1.912133290886895409e+01,-9.544860231627501079e+00,-2.622103761604284955e+01,-2.442127291552763779e+01,-1.988481271931397032e+01,-2.726223922175137560e+01,-8.256403838416376928e+00,-1.356385097452538169e+01,-4.996489272096838619e+01,-2.276759074616530398e+01,-2.353556890801741730e+01,-3.060227727265145248e+01,-1.787993337673615102e+01,-1.545462035311530080e+01,-2.819556988181911095e+01,-8.687238487752331650e+00,-1.922380602884750900e+01,-3.119442824198610609e+01,-1.808807382166902400e+01,-1.836545743588324697e+01,-2.318584977998543906e+01,-1.151236955471066281e+01,-8.906764657528452034e+00,-2.503514173591898739e+01,-2.924770262366600093e+01,-4.790453974011847293e+01,-3.577611146143510723e+01,-3.493270741596582951e+01,-2.336542519588060429e+01,-1.064653727539522521e+01,-2.288895448179766845e+01
-2.102758947070955031e+01,-3.535488883951576611e+01,-2.292435922590835418e+01,-2.031926826039090628e+01,-2.251307673792492992e+01,-9.874844454952603101e+00,-1.182193030882850238e+01,-3.486741978031828637e+01,-2.305386940249843519e+01,-1.358681955439092270e+01,-7.705890370117973731e+00,-9.280287520504121090e+00,-1.286814018634425416e+01,-1.781016875605541472e+01,-1.678698248144422678e+01,-1.192525257390694904e+01,-9.605557014449818354e+00,-1.492903312387212722e+01,-2.103884922165305227e+01,-2.010262045390481944e+01,-3.652795888298757632e+01,-3.001871101521146201e+01,-1.597885049778993327e+01,-1.028998062751536935e+01,-1.523052435960240913e+01,-1.416906976367157078e+01,-2.276849268988171815e+01,-3.714643271555425486e+01,-1.602915426412229394e+01,-1.221550300785061616e+01,-1.573269257301588731e+01,-1.173311782563638417e+01,-6.604461352360013748e+00,-1.176153997197250156e+01,-2.492703281536975268e+01,-2.023502523124382080e+01,-2.086910795650452144e+01,-4.390496014931535740e+01,-2.652213166692748203e+01,-1.540529471518889082e+01,-1.446298810320617179e+01
-2.198470054969314447e+01,-3.262182602031177936e+01,-2.743014594702140485e+01,-1.412519956763285300e+01,-2.019483909413975908e+01,-1.098568388689033171e+01,-1.157586470800186262e+01,-1.752867311982841159e+01,-1.201768263541281634e+01,-1.043710065410667731e+01,-7.656062313677503006e+00,-9.778579167996673149e+00,-1.261519654621382536e+01,-2.094737946075653312e+01,-1.561976227039921739e+01,-1.294341569386723734e+01,-1.510770582242412630e+01,-2.331187158048266284e+01,-1.598407876623595669e+01,-1.237992607496471997e+01,-2.959431499643939389e+01,-3.920695049186633696e+01,-1.555538259239405185e+01,-7.516584098880069398e+00,-1.065825365982936290e+01,-2.389572455892590952e+01,-2.009008181414094452e+01,-3.097634141220450132e+01,-1.250381025113687805e+01,-1.391654289175009218e+01,-1.014816860986147873e+01,-1.853619471839276045e+01,-1.345454528837384878e+01,-1.325551186886766786e+01,-2.097375401450479160e+01,-1.166614742630716961e+01,-1.554303793524331390e+01,-3.764090202014135400e+01,-2.712701745003201381e+01,-3.182926120679067594e+01,-1.219055949186433629e+01
-3.506537260889014362e+01,-2.919913729113862644e+01,-1.547978948537299360e+01,-1.288188151798338410e+01,-2.190744947150836097e+01,-1.855593110679214419e+01,-1.299282992666958236e+01,-1.258834102405728750e+01,-5.493680451098175155e+00,-2.155973319272192867e+01,-1.546498450982905659e+01,-1.432441187430679008e+01,-1.618366919562902950e+01,-1.762229059451236779e+01,-2.200254546864810834e+01,-3.361830777598755304e+01,-8.086147503605300102e+00,-1.788048603809717108e+01,-1.296118834587101531e+01,-1.408627190296522436e+01,-2.808538536159012722e+01,-2.568036322530879545e+01,-1.998279117469996891e+01,-1.408770155969961202e+01,-1.827659903699917621e+01,-2.315780007435279941e+01,-1.061766986105640065e+01,-1.186625463510966583e+01,-1.224067831224564706e+01,-2.686053288695813279e+01,-1.300891945890721324e+01,-1.304411574572548638e+01,-1.324868362722543935e+01,-1.146940634650476909e+01,-2.317145932768151084e+01,-1.264837453945961698e+01,-1.690165084444431542e+01,-3.530358587582027496e+01,-2.634588977324764869e+01,-2.582197440623311380e+01,-1.058099426017006017e+01
-3.273930800744660985e+01,-3.803858953793370290e+01,-1.409632888619878699e+01,-1.793783953331297099e+01,-2.104752689472915250e+01,-1.930246805388019382e+01,-1.894336120840013038e+01,-2.600910046091146910e+01,-5.368013130341267924e+00,-1.467920756147642081e+01,-1.111802851485085952e+01,-2.776640448311915677e+01,-1.001903803085095035e+01,-1.101999714071113523e+01,-3.382741775011201213e+01,-2.923526090513107434e+01,-6.770640392671270824e+00,-1.179799260675691386e+01,-1.346781124540961727e+01,-1.631261626364209150e+01,-1.086679456253451193e+01,-2.551515389600538697e+01,-2.739559003127084580e+01,-1.932747015158247450e+01,-2.155937451114258607e+01,-2.553918062110772880e+01,-1.772108472443174776e+01,-1.049105041012753325e+01,-1.532243961245347208e+01,-2.887702115034431927e+01,-2.933424750543871795e+01,-1.069179040052361174e+01,-9.359008808836774662e+00,-1.316726156666715752e+01,-2.250080626359189040e+01,-2.319455900626516964e+01,-2.317432142536432593e+01,-2.806670360464595504e+01,-1.885685090378387230e+01,-1.174705133837931825e+01,-1.771580924967638992e+01
-2.951850332094828033e+01,-3.452263338125336389e+01,-2.351207082177825569e+01,-2.504758941755056512e+01,-2.163255279853413526e+01,-1.369685578382462410e+01,-7.890398982862824262e+00,-9.134373596816445229e+00,-9.575860219219569203e+00,-1.679750635964410321e+01,-1.160521872731647797e+01,-3.189223716573698297e+01,-1.124523567709390193e+01,-1.123407748470816614e+01,-2.807664451076767520e+01,-2.440637001003359785e+01,-1.125928473047527412e+01,-2.379474120083047950e+01,-1.249403156003539017e+01,-9.275737690517704692e+00,-8.538628052472404306e+00,-1.887666798858049333e+01,-1.480887455784007756e+01,-1.081216749228670082e+01,-1.196665564301623874e+01,-2.012119198319841118e+01,-1.381515668377527639e+01,-1.205466271348733365e+01,-2.644437633060375248e+01,-4.818790968691762089e+01,-2.842903784095814501e+01,-1.215057281648400611e+01,-1.174147984399106548e+01,-3.139741658689846915e+01,-4.848624633530951655e+01,-1.949493817703317688e+01,-2.962437826278438280e+01,-2.835011302366997299e+01,-1.058525428296375281e+01,-1.318721110141923347e+01,-1.908099600463311418e+01
-2.646031992154161827e+01,-2.610419958227424786e+01,-3.174634584801512460e+01,-3.358721802437800363e+01,-2.167069268507697188e+01,-1.721728022831721461e+01,-1.092676104352802824e+01,-1.061183054667068504e+01,-1.482730594858026407e+01,-1.074637555783129983e+01,-1.128518308632295231e+01,-3.890293540076770995e+01,-1.988401927410237846e+01,-1.789381426030406175e+01,-1.947960469542296380e+01,-1.691568727316951737e+01,-1.612122399222581848e+01,-9.795261553188883141e+00,-2.103894529560414384e+01,-7.242752019724654211e+00,-9.045187579586475124e+00,-1.100176171826548099e+01,-1.463896279059132333e+01,-8.560986252487733594e+00,-1.288359615975328865e+01,-3.750381847330781682e+01,-1.036558569138502151e+01,-8.457966408281052395e+00,-4.114757102750436957e+01,-3.912838634425851581e+01,-3.190604893809955200e+01,-1.848135512940862668e+01,-1.923314174575056157e+01,-3.245892236353823535e+01,-2.842580753644247338e+01,-1.164736739301145185e+01,-1.241181285822739078e+01,-9.503839368341029825e+00,-1.253700693675484956e+01,-2.144845308963023456e+01,-1.467041351797586302e+01
-2.201825474042280106e+01,-2.085186342270350579e+01,-3.156134081949749515e+01,-2.635439421756649025e+01,-2.219366454060501681e+01,-1.739434993748946567e+01,-1.685380019755505288e+01,-1.478634192263507074e+01,-1.065107291293708514e+01,-1.208475803675163895e+01,-1.401450821917609346e+01,-2.898945671744508346e+01,-4.525725600640992496e+01,-2.718119465240215504e+01,-1.661559149641899680e+01,-1.124296196957359584e+01,-1.002170899240782731e+01,-1.799904529033684497e+01,-1.261308535072519454e+01,-6.437741350488471070e+00,-1.084742097140211747e+01,-1.167710735633700381e+01,-2.039488787407954717e+01,-1.090818226624121934e+01,-2.086383023078294841e+01,-2.179189825003143000e+01,-1.135442208306042744e+01,-9.055204548193936276e+00,-2.269769191882136994e+01,-2.307777246583234998e+01,-2.457998316815647399e+01,-3.609232730248390908e+01,-4.611998243730597835e+01,-2.459349084893046467e+01,-2.032765317496478374e+01,-1.974028359454858972e+01,-1.668941562796419831e+01,-7.170622704477793263e+00,-1.274152888554731256e+01,-1.174448198665055543e+01,-1.334241892718419820e+01
-2.095780497255325514e+01,-2.089250069220794614e+01,-2.089537504457704031e+01,-1.449024017929062680e+01,-1.897486292956586595e+01,-1.547078719250770718e+01,-1.415902041085942997e+01,-1.059177406310952030e+01,-1.058916121379073161e+01,-1.772847359343956342e+01,-2.540680868450408880e+01,-3.439839006319523662e+01,-3.635561888980345202e+01,-3.222365437480511474e+01,-1.923458119649037101e+01,-1.572169158371716158e+01,-1.371044126203576852e+01,-2.099449381467853115e+01,-1.746997970607356265e+01,-1.215737188226404442e+01,-2.117722681854693789e+01,-2.344133235406251714e+01,-1.684701289130372004e+01,-1.467495750878680383e+01,-3.678980307050628795e+01,-2.324177466900732014e+01,-1.131197731486150992e+01,-1.047465547249680640e+01,-1.385135375459682727e+01,-1.184566305697580901e+01,-2.374526382439371730e+01,-3.856076326121493025e+01,-3.189965027573216361e+01,-2.230191774978857211e+01,-9.475126769904413493e+00,-1.211671923274854379e+01,-9.182398930803355341e+00,-1.911126293838685797e+01,-1.072193460675548060e+01,-1.562503399280527105e+01,-1.086161989531684213e+01
-2.261540357906548593e+01,-1.913103252654576636e+01,-1.865061960881612180e+01,-9.950183607237288896e+00,-1.427268372630298998e+01,-2.766830267116118236e+01,-9.666979004949704191e+00,-1.205142187100641138e+01,-2.743057655686252616e+01,-1.852188123709968082e+01,-3.354522295699263168e+01,-2.842172593922860813e+01,-2.999201390402287970e+01,-2.937587573522570494e+01,-2.177957879113380457e+01,-1.356687934590023659e+01,-2.558234068353219470e+01,-1.501152054981785255e+01,-1.626568251767036699e+01,-1.962293864174966984e+01,-3.814183789381021228e+01,-3.210889214249783663e+01,-1.882500971506969734e+01,-1.774818880318025194e+01,-3.320234305606204117e+01,-2.595314489128791280e+01,-1.435602487900142066e+01,-1.621686478098875739e+01,-1.027352862422722524e+01,-1.235102164571391725e+01,-2.627542473446927573e+01,-3.889013542899461839e+01,-1.979270568611921988e+01,-1.556994750012211526e+01,-8.537289249309573336e+00,-1.434866171284424752e+01,-9.358183824051215183e+00,-1.365346625575772066e+01,-2.247860078330521105e+01,-1.182326611549002493e+01,-1.246048220265733697e+01
-2.383161789087785110e+01,-2.423808714826557065e+01,-2.082827141396067816e+01,-1.006008736400489312e+01,-1.520780394237093702e+01,-1.261704964220653125e+01,-1.457163285948283615e+01,-2.761745944677578279e+01,-2.577284732809851064e+01,-3.387918881205720112e+01,-2.405917077320996000e+01,-1.368948223266229114e+01,-1.920649088285912853e+01,-1.725002218447487223e+01,-1.269749521641045042e+01,-1.415005455691577829e+01,-2.022091872451492023e+01,-1.188852508818666109e+01,-1.664237281481427289e+01,-3.624543844378333546e+01,-4.852612768276394917e+01,-3.246323458101039705e+01,-1.333777135376199574e+01,-1.410137376821039012e+01,-4.698028784635926769e+01,-2.751595299930702510e+01,-1.351776420278411805e+01,-1.260176520867333494e+01,-1.701503436285402415e+01,-2.056078112548604864e+01,-2.635171199026055788e+01,-3.143177160572222562e+01,-1.734318108426630189e+01,-1.184931883755787752e+01,-7.955054439227237317e+00,-1.878809649675055837e+01,-1.071529249040691312e+01,-1.804084496956082262e+01,-1.998982516296247525e+01,-1.236576896869979336e+01,-1.993584956981348100e+01
-2.252185446333006880e+01,-3.118625609902409934e+01,-2.333212747142129473e+01,-1.358375317708624230e+01,-2.420158024055095325e+01,-1.479063509314498148e+01,-2.786491920288321467e+01,-3.286032070251192749e+01,-2.970882159490267682e+01,-2.029451674407537709e+01,-1.888686857309381395e+01,-7.316685026055767871e+00,-1.729202580058867156e+01,-1.586678210009042900e+01,-6.990228437131850825e+00,-1.381929726478229981e+01,-2.842751978145955505e+01,-1.571730549414036737e+01,-2.016960460092019147e+01,-2.013704254518368941e+01,-3.190969282322363654e+01,-2.632798845137303445e+01,-1.298942172024023023e+01,-1.774188287177657841e+01,-1.644060727804559718e+01,-2.216017119874765484e+01,-1.020328054327129763e+01,-1.158223088010471713e+01,-1.671210744644453428e+01,-2.028208486060468019e+01,-2.393590780265040507e+01,-3.083164256464183595e+01,-1.826513724389669235e+01,-1.596832707189741996e+01,-6.098461322732017464e+00,-1.164691252394099763e+01,-7.377311179208069447e+00,-1.138765868409238635e+01,-1.100442241314788738e+01,-2.506293371529351788e+01,-1.864033019246097211e+01
-2.325072150728176013e+01,-2.190310356147623239e+01,-1.794816775586581770e+01,-2.055755894371083770e+01,-2.934375693786473249e+01,-2.556388012247963104e+01,-2.811951756535787084e+01,-2.871256007923080489e+01,-2.494067450761472315e+01,-1.161763716506614763e+01,-1.422769205978445228e+01,-7.290686761962064999e+00,-2.433444145408969916e+01,-1.950648706572347280e+01,-1.123041144470337116e+01,-8.249592510161861014e+00,-2.072356367665144106e+01,-2.305096701007556348e+01,-1.204561234367794675e+01,-1.275896043365316324e+01,-2.710428250476118706e+01,-3.301882652712058785e+01,-1.193974816757641122e+01,-1.484402044601817572e+01,-9.213695951354747393e+00,-1.090447951592215858e+01,-1.201929411646887935e+01,-1.739148542803584263e+01,-1.022581572176331832e+01,-1.232176784452547302e+01,-2.342724509458221505e+01,-2.933305640624821109e+01,-2.106980742312445898e+01,-2.698583893704621772e+01,-9.606090500637723295e+00,-2.076370695756699192e+01,-1.276539718881526753e+01,-4.811593498333244234e+00,-1.207541454979547169e+01,-2.430479416191037600e+01,-1.048898854942156511e+01
-2.715201998403347616e+01,-2.243172129261883185e+01,-1.282037610491716251e+01,-2.011511564527834750e+01,-2.685761392484523213e+01,-2.111764957055796899e+01,-1.214442457901611405e+01,-1.223875162928333538e+01,-1.221191641199149736e+01,-8.907431047328449480e+00,-1.179523157593509097e+01,-1.440114199444292709e+01,-1.190225828200992986e+01,-1.642312939124298765e+01,-1.186315172052854017e+01,-1.108753102015627157e+01,-2.100926452211110629e+01,-3.144449867113586805e+01,-8.746312407102031727e+00,-1.196003799691076885e+01,-2.675124225093442476e+01,-1.692649708840941969e+01,-1.326628191631447784e+01,-1.090312346307559466e+01,-1.488965777012578862e+01,-2.083186624828869071e+01,-8.045111131801178317e+00,-1.153025586235571254e+01,-1.315379568282302181e+01,-1.153181529737514133e+01,-2.035302646512945302e+01,-1.710167550997051933e+01,-1.715597353671060787e+01,-2.647930652359993076e+01,-2.124223219971158017e+01,-2.914131133053953704e+01,-1.632243216678779518e+01,-6.642266169021022293e+00,-1.285437088914515158e+01,-1.909087147326437872e+01,-7.722217880512899590e+00
-2.420306187431022238e+01,-2.050465167472955130e+01,-1.841098113407915093e+01,-2.047226661749570553e+01,-2.589042421432305119e+01,-2.083614155755940445e+01,-6.642648799123714198e+00,-9.971799717391851559e+00,-1.013291923669190098e+01,-8.562499623955389438e+00,-1.503187176496398259e+01,-2.452404450899370403e+01,-9.343809799880895994e+00,-1.059761297967485305e+01,-1.616169720920557751e+01,-1.723661155710518855e+01,-1.056619001844780747e+01,-9.620551292441630764e+00,-1.059975879158995937e+01,-1.156009378004912236e+01,-3.913236849370801451e+01,-9.432451147567062932e+00,-1.518724151702484093e+01,-1.180415134468785610e+01,-1.168694909104672952e+01,-1.178389825453648854e+01,-1.422927491246869991e+01,-1.844386014232389215e+01,-2.119383714703370458e+01,-2.081279509287361407e+01,-3.086884577091412041e+01,-1.228582979676564868e+01,-1.391227707399702496e+01,-2.570640244546703812e+01,-2.279724960239855136e+01,-2.737700812335538814e+01,-1.862510629532354756e+01,-1.761875231778703466e+01,-1.684723443227423800e+01,-1.099503429264793830e+01,-8.472731133435031481e+00
-2.347687241784565515e+01,-2.465103668599942210e+01,-2.395677726813193686e+01,-1.215555114069872999e+01,-2.671517409760250317e+01,-2.206936460434573277e+01,-9.379918989086860392e+00,-2.374085954623204842e+01,-1.941388139607578012e+01,-1.129696557612884078e+01,-1.126473413338446150e+01,-2.724528176153556558e+01,-1.063021562926861563e+01,-9.645831741350336941e+00,-1.216621179270783770e+01,-1.427609902095819727e+01,-8.787197676331919283e+00,-9.916508117478098683e+00,-2.252044573167680497e+01,-1.466130701439471551e+01,-3.009709857749355422e+01,-8.414709495442624032e+00,-1.117703347710492068e+01,-1.367372620262413285e+01,-1.049076852697245421e+01,-1.467951145646202882e+01,-1.419850726718192568e+01,-1.737144085508104752e+01,-1.907802123259340377e+01,-1.985009902194973819e+01,-3.196571524463589853e+01,-1.544045619959427995e+01,-1.664954835412233791e+01,-2.999693696640433416e+01,-1.058777970108669209e+01,-1.609667804469096097e+01,-2.666263408286399184e+01,-3.966210009869913478e+01,-2.671052540430998334e+01,-1.050857342891039714e+01,-1.439277692140469078e+01
-1.973393023092052800e+01,-2.118225033684305458e+01,-1.988784920695931646e+01,-9.107743110702736899e+00,-2.365332921430437096e+01,-1.932646253163018457e+01,-1.855891495626884691e+01,-2.173065615702502384e+01,-2.072340470905808019e+01,-1.250854847260427505e+01,-1.296860953574912934e+01,-2.384089123302063129e+01,-1.125398994282519638e+01,-1.411841843768644722e+01,-1.630920035929258916e+01,-7.899749309193335733e+00,-1.379540975272732339e+01,-2.323954736823491274e+01,-4.016274733480149450e+01,-3.931149342257567980e+01,-2.873183936461366628e+01,-1.330627706180631087e+01,-2.346781855441906117e+01,-3.114629743717138766e+01,-1.339462453590367019e+01,-1.999778411114097665e+01,-9.926798413854028169e+00,-1.667422699500076888e+01,-1.001832627431452849e+01,-1.323083378759657336e+01,-2.720291959882424138e+01,-2.497052333018558912e+01,-1.883320127402984312e+01,-1.884677489934628625e+01,-6.903206388223499523e+00,-1.387836633723831525e+01,-4.268641252032495004e+01,-4.331763834483183473e+01,-2.595025764616661235e+01,-1.791056103455525061e+01,-1.463950216900441248e+01
-2.283552502237368742e+01,-1.985743830203418270e+01,-1.925963297481800751e+01,-1.284163574799763019e+01,-1.767334509398061115e+01,-2.195369052787463104e+01,-2.163156613950166474e+01,-1.505016672055466032e+01,-2.370031091113154886e+01,-1.430380352736051464e+01,-1.812958579242584634e+01,-2.466513911099676193e+01,-1.788006805396258514e+01,-1.612869315398289061e+01,-2.103740295678295524e+01,-8.681174998926708852e+00,-1.022415763530871757e+01,-2.133163979796777454e+01,-2.760670339447350585e+01,-2.575577752662900366e+01,-1.405142447244812587e+01,-2.678137088900413332e+01,-2.534748544053007180e+01,-2.718674226297517293e+01,-1.503943522690170731e+01,-1.293223463479806945e+01,-9.858461083033793315e+00,-9.745029801021351190e+00,-9.001740493373215912e+00,-1.895526855208755990e+01,-1.961609408062011539e+01,-2.712568991021071696e+01,-1.452042310533611946e+01,-1.087763868807058998e+01,-1.200463662394751552e+01,-1.574387838713544596e+01,-3.620018057955887514e+01,-4.608289917112742984e+01,-2.861427734185199157e+01,-4.252704806601603593e+01,-1.020781396337030600e+01
-3.509901795402960545e+01,-2.251499212016438634e+01,-1.808097136514077974e+01,-2.053396586975642535e+01,-2.444930564665942185e+01,-2.134423207551476409e+01,-2.074962321972131463e+01,-8.994813465319360546e+00,-2.980362520773142876e+01,-1.362685916526291940e+01,-1.059032215686147183e+01,-2.286786549685304237e+01,-1.256188612579109076e+01,-1.394527145441711191e+01,-1.503694222914996814e+01,-1.948410966825668211e+01,-1.434186236787338764e+01,-2.006163608544212451e+01,-1.480086709168942960e+01,-1.519614177895743090e+01,-6.941456045144768439e+00,-3.940188036716534015e+01,-3.286501290903228067e+01,-1.583286814322129032e+01,-8.866400586492977354e+00,-2.512170577800493021e+01,-7.312732072838336705e+00,-1.512504263416357375e+01,-2.148064693835198113e+01,-1.178515395539104915e+01,-1.664714956280916525e+01,-1.448954681841876635e+01,-1.725239372233572510e+01,-1.431735145600196724e+01,-2.398375683798236935e+01,-2.212797193053965827e+01,-2.163697398990830933e+01,-2.223565068308942827e+01,-3.905691027174729868e+01,-3.375515208043158566e+01,-1.104098203969887138e+01
-3.517164447039188246e+01,-2.976751337426080113e+01,-1.258962816456059031e+01,-2.218495378833694431e+01,-2.152399996233419799e+01,-1.561121715913045271e+01,-2.369808946068463129e+01,-1.290190724615001905e+01,-1.121955630692552930e+01,-1.687364113291975087e+01,-1.152384779195343434e+01,-2.473146515539846746e+01,-7.788966668510552083e+00,-1.281014416742048212e+01,-1.273695642994823274e+01,-2.964539963472966022e+01,-3.038253734526552918e+01,-2.513452451074074645e+01,-1.052930652362371688e+01,-1.011493776007218770e+01,-5.848328754517494232e+00,-1.981400471727718582e+01,-2.389947581526316256e+01,-1.182746002691648002e+01,-1.147466796093861063e+01,-1.271209545262348684e+01,-8.315328093199136461e+00,-1.777693838279506267e+01,-2.259310483007910264e+01,-1.771032165658608193e+01,-7.497012443707093077e+00,-1.185891926588174705e+01,-2.945842173643034556e+01,-2.643586574493676622e+01,-3.509600652440815338e+01,-3.538739239080474874e+01,-1.477000687744753016e+01,-1.236158309013316625e+01,-3.993924829368587126e+01,-2.623319117133453915e+01,-1.279132633833650878e+01
-2.797076405261855214e+01,-3.609041265470223436e+01,-1.831820140928429907e+01,-1.378600026993675343e+01,-1.761570247571234660e+01,-1.281567749443173199e+01,-1.104773503939707879e+01,-2.163502669084236629e+01,-6.337809993712482104e+00,-1.137085077640451125e+01,-1.122798181734428091e+01,-1.404817136612439654e+01,-7.508562133644367975e+00,-1.352623019270160043e+01,-9.243556641892441306e+00,-1.606659688466305624e+01,-2.511203203978519127e+01,-1.662496195864815007e+01,-9.520838502638685696e+00,-1.161962162218680206e+01,-1.287521756713226395e+01,-1.112877123142821212e+01,-2.631104429749140294e+01,-1.064138122221404714e+01,-1.172423283692282325e+01,-2.985693360785758088e+01,-9.527027113554032312e+00,-1.858052212601592146e+01,-2.091488970929916036e+01,-1.151161666292682639e+01,-1.309190624356677546e+01,-1.356242319701874877e+01,-4.309757625206433573e+01,-2.690452605484447091e+01,-3.481862203959893520e+01,-3.101736974614877340e+01,-1.341370102806670062e+01,-1.283791514113173804e+01,-1.432016105447157273e+01,-2.345253608285112890e+01,-1.233015804296114304e+01
-2.424381464964198685e+01,-3.419370136529881421e+01,-2.331854561765372580e+01,-9.910588073928977337e+00,-2.487699461503259357e+01,-1.953643169011538916e+01,-1.304119325961658582e+01,-2.371457740362564692e+01,-9.284346733550810526e+00,-1.871794297280044006e+01,-1.294352911417109020e+01,-1.029805785228599291e+01,-1.552903046643260510e+01,-8.874933183685136839e+00,-1.147314091185399398e+01,-1.112158190833232929e+01,-4.281067506811326240e+01,-1.130096581053831528e+01,-1.459236907062276956e+01,-1.727614797712707073e+01,-3.158503981121164728e+01,-1.433644160326623229e+01,-1.071610265734793543e+01,-2.369451895765782012e+01,-7.941314066326039978e+00,-1.274203041902216427e+01,-8.825359329869112202e+00,-1.126478398595244457e+01,-2.733271596931340497e+01,-1.317407186949949960e+01,-2.463907456858069622e+01,-2.031015608456206678e+01,-4.032222868701605023e+01,-2.126939225813817558e+01,-1.434587150318721172e+01,-1.938619616308429627e+01,-1.950896795989134702e+01,-2.830489688890448718e+01,-1.043853517080285442e+01,-1.177707629431538550e+01,-1.457923684505932371e+01
-2.625556819116129148e+01,-4.428019189382220588e+01,-2.242519897341917101e+01,-1.179374748465922451e+01,-2.670209712715972472e+01,-2.847854237046912829e+01,-2.738871441502241311e+01,-2.619301047575105912e+01,-1.104315558366222660e+01,-1.441202716749640089e+01,-1.816825823381119065e+01,-2.054393438337947941e+01,-1.193143549524372027e+01,-9.333629580547764704e+00,-2.544721557855339711e+01,-1.613505937658431577e+01,-2.401065187143111146e+01,-1.616504582231670284e+01,-2.343096785263909609e+01,-2.654795195021737086e+01,-2.862581140560590143e+01,-2.694311282222276560e+01,-1.114031143592694839e+01,-1.060163980839610787e+01,-1.072189926052350195e+01,-1.229001447431384797e+01,-1.208995088070845725e+01,-8.179592672780701790e+00,-1.392311859273686636e+01,-3.114929898984852485e+01,-2.724102744481577076e+01,-3.279691041532564100e+01,-3.749929907870340173e+01,-2.048448750252625672e+01,-9.391790575986734169e+00,-1.003423654921057562e+01,-1.604338489388487687e+01,-2.104709158952231007e+01,-1.907267316442364447e+01,-1.087028779942634138e+01,-2.466538399826715278e+01
-3.390692088406510862e+01,-3.822209802726347760e+01,-2.448205793266692609e+01,-2.060008644566639546e+01,-2.628120569640520543e+01,-3.816685328720675585e+01,-3.297173729727348501e+01,-2.849930973300708104e+01,-1.161006275091821394e+01,-1.415771504686850157e+01,-2.744676251014998769e+01,-2.413750433510604054e+01,-1.720302980344968802e+01,-1.751270678225237631e+01,-2.967142109703245012e+01,-3.508807553175019223e+01,-3.708545726172931722e+01,-3.474158158527421847e+01,-3.087253976591217608e+01,-4.350663527398229746e+01,-3.624830288591148530e+01,-3.926679942730466877e+01,-1.442105117205677978e+01,-1.719884283153998084e+01,-2.476418211080832776e+01,-2.429062748913066727e+01,-1.340759381761317748e+01,-1.439676398745362818e+01,-1.301476010262726390e+01,-3.351976473698167780e+01,-3.759615526857896839e+01,-3.833983984277648460e+01,-4.304553380898555304e+01,-2.265202697107488561e+01,-1.482567711540878364e+01,-1.357551809588304614e+01,-1.933299247941877752e+01,-2.675559942091360455e+01,-2.566023529426158234e+01,-1.987987960873211790e+01,-2.262054626904001609e+01
