-1.835636286024195485e+01,-2.135719609592470647e+01,-1.685695924683105673e+01,-1.919051822419729092e+01,-2.267209801832988347e+01,-1.230141948599482404e+01,-2.700893709093513095e+01,-1.865284370909196809e+01,-1.541083319998837098e+01,-3.187517436630461987e+01,-2.878307958231278718e+01,-1.804884835407093746e+01,-1.694058948089249483e+01,-1.972258609698304355e+01,-1.680889506221483032e+01,-1.523287116683625797e+01,-2.696546075559215794e+01,-1.309120450788214640e+01,-1.226466301388199120e+01,-1.206198802701569583e+01,-2.215267424814270214e+01,-2.111133215216405645e+01,-3.166368287574357154e+01,-1.607143851025085723e+01,-2.370338769094893649e+01,-1.411743127854309954e+01,-2.410526469128661731e+01,-1.927919522690093856e+01,-1.440827824708385485e+01,-1.747797907884948643e+01,-2.347006044773031519e+01,-1.533887969346509728e+01,-1.886264407969140322e+01,-1.247783829983216464e+01,-4.120166393026486418e+01,-2.047031807295189054e+01,-2.241907287925538128e+01,-2.804450285573990698e+01,-1.847564523144255233e+01,-2.026282573513820040e+01,-2.771233651283790422e+01,-1.739160054218854867e+01,-2.136039503155054575e+01,-1.933495973425608483e+01,-1.512805976697320709e+01,-2.238556551942169293e+01,-1.361488433604782600e+01,-2.279851706955299306e+01,-1.806678384413661220e+01,-2.549573350289475115e+01,-1.585858813459064010e+01,-2.974842863104226964e+01,-1.849643965073052598e+01,-1.280127734336703504e+01,-1.776175992410979987e+01,-1.959722318408269004e+01,-1.525726453565818730e+01,-2.551022153315852847e+01,-1.548745547374430664e+01,-1.862983115384308164e+01,-1.904376614223964026e+01,-3.519773739810635504e+01,-1.580956587069964314e+01,-1.217158142677015320e+01,-1.950148894701642277e+01,-2.281999929562099538e+01,-1.679097769484897640e+01,-1.852516375976068019e+01,-1.468909659287474057e+01,-1.419286652274983140e+01,-2.841965693837693152e+01,-1.843177946542174794e+01,-2.780388407177485277e+01,-1.549226319077324554e+01,-1.752360797840911033e+01,-2.386871466783515672e+01,-1.373727795493737958e+01,-2.064618296491621763e+01,-2.708384508275708313e+01,-1.794839237093098561e+01,-2.485758056018974571e+01,-1.601246952445456984e+01,-2.160717116713664510e+01,-1.229080175522520868e+01,-1.589335357783898317e+01,-3.195935206744259816e+01,-1.363651074349299108e+01,-2.159323025965238685e+01,-9.502612618235076525e+00,-4.020714076742400067e+01,-1.385862604209725113e+01,-1.973307946709050142e+01,-1.614514850847692884e+01,-1.348357466973523877e+01,-1.900229902257646941e+01,-1.988391812507889611e+01,-1.493097763491149088e+01,-1.269844733743011922e+01,-1.637418863403144442e+01,-1.471294608004503957e+01,-1.721997684180191257e+01,-2.768311694916655341e+01,-2.294688972811081840e+01,-2.487174913528246023e+01,-2.292008513377995627e+01,-2.024916701792838580e+01,-9.405417504579139276e+00,-1.593705275919867148e+01,-1.651573593864678813e+01,-1.339222522078351751e+01,-1.061267661177095434e+01,-2.086234386010003661e+01,-1.743833934470237068e+01,-1.604074603116438524e+01,-2.107262266399423112e+01,-2.361403146723359470e+01,-1.771459075478977852e+01,-2.287597163104138787e+01,-1.591153740199496802e+01,-2.032842467682071330e+01,-1.631569377379293329e+01,-1.658739724539197624e+01,-2.268207148295975273e+01,-1.751736989284863455e+01,-2.194492845603833331e+01
-1.801116181034734609e+01,-1.487377754083793491e+01,-7.997475046572227519e+00,-1.178410796703274421e+01,-8.598074320365194367e+00,-1.125593843694552909e+01,-1.172576833162675136e+01,-1.124246578471610292e+01,-1.542371406559339775e+01,-2.028461098344496705e+01,-1.947559598102904488e+01,-1.278113707460021686e+01,-9.876727352163353402e+00,-1.448376573409234425e+01,-6.345715591804548694e+00,-8.808578861586290998e+00,-1.160648173770649372e+01,-1.065862391886891736e+01,-6.485728990739085376e+00,-1.801386773419217846e+01,-1.227182511692712552e+01,-8.094546603210575952e+00,-1.779791054014399521e+01,-1.239999248387867858e+01,-1.119137731351178111e+01,-1.119248087428124805e+01,-1.833126318928627185e+01,-7.462635004756745793e+00,-3.204324720321795184e+01,-1.714381720240252349e+01,-1.844382853067146044e+01,-9.082396987701438107e+00,-1.191800401256919528e+01,-8.016187958523758539e+00,-4.661907800147037761e+00,-1.004690112055970630e+01,-1.007457978924364639e+01,-3.123942908638639793e+01,-9.432183871043941181e+00,-1.369540429569725859e+01,-1.084493115172302247e+01,-9.883260038250547552e+00,-7.862545824658685234e+00,-2.226557312179813763e+01,-7.506088896151521084e+00,-1.124059551497040843e+01,-9.143454564715364441e+00,-1.490182655802998291e+01,-2.842891531567610741e+01,-9.961038748818415556e+00,-1.309361260730043064e+01,-1.042213794580672470e+01,-1.511279802962821250e+01,-1.841738148522991736e+01,-1.510019383639722790e+01,-9.872973510622353288e+00,-1.164313607015006724e+01,-3.055441419139732417e+01,-1.816388983502942622e+01,-4.021736752892406841e+00,-1.581601551192246546e+01,-9.011824694423596682e+00,-1.659509957047937334e+01,-1.196172329546348578e+01,-9.799164896274071168e+00,-1.370834582885652964e+01,-9.654762096395032245e+00,-1.222447088518985225e+01,-7.964918728211964449e+00,-9.956409401753651522e+00,-1.886598770548740944e+01,-1.604158517455633515e+01,-1.123170125138114628e+01,-1.249102641908058331e+01,-9.384079579867719900e+00,-2.372489166458858634e+01,-1.138460784466060716e+01,-1.489311947187045249e+01,-6.541689351136009911e+00,-5.118794798610624142e+00,-1.489645568966211897e+01,-1.993810373810442371e+01,-2.481201090414110411e+01,-5.874305065716846741e+00,-1.173424113870274788e+01,-1.552002481903045705e+01,-1.707023027722505759e+01,-8.481332669919485312e+00,-1.534126584205761645e+01,-3.424070427085788015e+00,-1.777520890916239438e+01,-9.052051184040696086e+00,-1.663228619306379841e+01,-1.473089532696621795e+01,-2.874271772845026618e+01,-1.538007554043907810e+01,-1.670459194490595678e+01,-1.555597933053264725e+01,-9.425410125115677218e+00,-1.176941926732390620e+01,-3.702237354828038463e+01,-1.208065005810234993e+01,-7.152441791138968163e+00,-1.653515154176550084e+01,-1.283347578742721851e+01,-9.409367272338325705e+00,-9.176996797049977062e+00,-1.029551652711579557e+01,-2.455206010839809494e+01,-6.576096070711239250e+00,-2.018160708328341002e+01,-1.544381477872909514e+01,-7.968174705137297309e+00,-2.987894205293417826e+01,-1.747849402616563452e+01,-1.394258074386513258e+01,-1.473948743725824428e+01,-1.462732467216548571e+01,-9.158973267814898733e+00,-1.769368271661500813e+01,-1.554757068505325535e+01,-1.173255082803177274e+01,-1.412556321093518186e+01,-1.841475147010274327e+01,-1.926988872032176303e+01
-1.692011190471886550e+01,-1.635577935665425287e+01,-3.632461645659092575e+00,-1.343835662193869851e+01,-9.220779802278288528e+00,-1.715059125245665328e+01,-6.191212705396951677e+00,-2.448364064456876932e+01,-1.673056975644379918e+01,-1.483936103046818999e+01,-1.985797437599878990e+01,-8.412340328391517019e+00,-1.043902318644821392e+01,-1.583824452595424503e+01,-6.003415966925636837e+00,-3.381414926050001046e+00,-1.107030450309308023e+01,-1.328577250458525860e+01,-8.758707139437991174e+00,-1.385075497608489847e+01,-2.076933973699794933e+01,-1.334900763192106155e+01,-1.400358121331259476e+01,-6.684145782904435507e+00,-9.266370766596434549e+00,-1.300274876177476990e+01,-1.117228608003391344e+01,-1.019413923334750116e+01,-8.847738662969669932e+00,-1.116656767357678604e+01,-9.124762096056743488e+00,-3.175563400186146801e+00,-6.823556256797171926e+00,-8.739157497982775524e+00,-5.338867746253288971e+00,-9.498490288878883803e+00,-9.219804228699477022e+00,-8.045815116447537108e+00,-4.661016824132627079e+00,-1.148858592270977397e+01,-7.896895128346510973e+00,-7.545896557472406840e+00,-8.941582794722327421e+00,-1.191989720852430601e+01,-9.581571683745188750e+00,-5.438179775492326229e+00,-8.546174702627586939e+00,-1.302578366305940882e+01,1.106319132067710598e+00,-2.360927274509296936e+01,-8.582353000627080064e+00,-7.025823650879069682e+00,-1.601757808365803371e+01,-6.205709579210353155e+00,-1.263984104285053434e+01,-2.256117501344894549e+01,-5.775788599454947381e+00,-1.248028802224413703e+01,-6.449373113946671232e+00,-2.372322068296128350e+00,-7.739366765533639558e+00,-2.049293280423267305e+00,-1.809793357973166295e+01,-5.186547945181824382e+00,-1.428728920822346282e+01,-5.108416294219330078e-01,-1.083826910943751010e+01,-4.331729928609316715e+00,-2.657390374574903547e+01,-1.411870013950704816e+01,-1.672464371024530294e+01,-1.586196199471097401e+01,-2.200376138900650602e+01,-1.150941180072470438e+01,-3.759300415672489848e+00,-1.886207013411148736e+01,-6.069516702102006889e+00,-8.638520756841868931e+00,-7.561463194162293178e+00,-5.682496704724153247e+00,-6.622552591594732974e+00,-9.735207426709253653e+00,-1.558435454422100008e+01,-8.187963141715799864e+00,-2.426566795830470191e+00,-1.026699279442429891e+01,-2.672152383196904513e+00,-9.952565260378749556e+00,-1.632041140607534402e+01,-3.565016544344545291e-01,-1.156499438960970494e+01,-1.213069691786244242e+01,-1.725880407373750813e+00,-8.975462138174316706e+00,-1.842393762383096600e+01,-1.576396710727651040e+01,-7.141385567716208804e+00,-4.904072417346981183e+00,-5.613094480319662516e+00,-1.051005108377277075e+01,-8.748812568076152374e+00,-9.673398830361975342e+00,-7.516741288248333319e+00,-7.554261097776260314e+00,-3.604521228163504176e+00,-1.005739080377043848e+01,-6.913254951666047532e+00,-6.206622453671655215e+00,-8.200287374567654552e+00,-6.814318977683836209e+00,-1.430858275755502262e+01,-1.104961980615850692e+01,-1.586499588456478271e+01,-1.338268210249163026e+01,-9.277462587147569550e+00,-9.471680722238245975e-01,-8.983141875329291537e+00,-3.032544230954654640e+00,-5.702725208657475342e+00,-1.310260734562408658e+01,-5.174078414249018820e+00,-8.608355272915513723e+00,-6.945814025421006122e+00,-2.114178528852787053e+01,-2.359007705839304947e+01
-2.752079596986032684e+01,-1.366223878788262169e+01,-2.061153636532473854e+01,-7.771580999411825452e+00,-1.301852986536531986e+01,-6.328394184218680607e+00,-1.292783719192457603e+01,-6.638923397597045195e+00,-1.272264656361455026e+00,-5.305867980296135045e+00,-5.775469774539389256e+00,-1.372072709482771824e+00,-1.607586067172942279e+01,-4.549462727279101948e+00,-1.314176275324564003e+01,-2.455440538695100372e+00,-4.611881244733857521e+00,-8.700534080806862747e+00,-6.408638733354688810e+00,-4.904257979514236254e+00,-1.015187528185861154e+01,-7.771900276273284724e+00,-4.355562972430333524e+00,-7.294974869602885548e+00,-1.358311161160948899e+01,-5.860502151699900075e+00,-3.656550623790604249e+00,-6.572320583245527814e+00,-7.919456705223262283e+00,-6.868523359672860984e+00,-6.867920249116400200e+00,-9.309441483173458209e+00,-4.389563567906973773e+00,-7.002971169527823392e+00,-1.019982630866040729e+01,-1.188302873018806594e+01,-7.872162591311480995e+00,-5.557212673864746932e+00,-2.305712846558693130e+00,-1.108427515792737594e+01,-1.249604382908394484e+01,-9.852018527244263524e+00,-7.889950254146674169e+00,-1.692824687796469618e+01,-8.079437262669657116e+00,-9.445463355984708542e+00,-8.761737154334593214e+00,-6.906193345576248532e+00,-2.220861372586926841e+00,-1.034482820930530877e+01,-7.972155397228977591e+00,-7.626076370271199778e+00,-2.554899336450879943e+01,-7.035178361551724713e+00,-5.007379234501007303e+00,-1.585865370654732054e+01,-1.219695026406229132e+01,-9.777974460059478901e+00,-5.525434756067813424e+00,-9.045648376363937260e+00,-2.204386538657218253e+01,-8.921717630798720933e+00,-4.156270961648040441e+00,-5.836846502503465928e+00,-2.986776697096200084e-01,-4.311656817080050885e+00,-7.832460140006094917e+00,-7.516191389129621925e+00,-2.904620995964917185e+00,-1.054196884837306314e+01,-8.385771636908124549e+00,-1.348001842588787902e+01,-2.067257759866784284e+00,-9.567979027817639093e+00,-1.931523624549852869e+01,-2.127001061851589725e+01,-3.696093070926428581e+00,-6.582626061295889563e+00,-1.048675587490295058e+01,-7.807861111159378531e+00,-7.175517723336374054e+00,-1.505868134035632799e+01,-9.951947832503249103e+00,-7.009638957072335863e+00,-4.731916453642846854e+00,-2.726952913899260089e+00,-5.014091299593973261e+00,-9.758662139969192850e+00,-3.627646497702905926e+00,-9.872859978491197452e+00,-3.055835917473794794e+00,-1.877560226375465291e+01,-4.318726429970986658e+00,-5.932443398503663090e+00,-1.012188949813988259e+01,-1.246724839725391476e+01,-1.360390248723005868e+01,-1.940475322831551352e+01,-6.561548596420225365e+00,-1.646986233749142770e+01,-1.576218520294467673e+01,-9.180547902729799148e+00,-1.490674457386553442e+01,-2.448013856612881067e+00,3.088469298481921754e-01,-9.519790572420054886e+00,-8.723054856657206813e+00,-9.905367397270758545e+00,-2.967657228076401754e+00,-5.355017292174800936e+00,-1.179709777154180372e+01,-8.002007837216929431e+00,-1.458415161880880717e+01,-9.899622978181912281e-01,-1.192806058965632410e+01,-5.616688263990510244e+00,-8.225019520227256464e+00,-2.373899899667585522e+00,-1.203307883893908858e+01,-1.988337369291250933e+00,-1.536734598243063132e+00,-7.163304112018521685e+00,-5.128019543395608615e+00,-9.299865267231485433e+00,-3.903802195694197508e+01
-9.429129648867359492e+00,-1.770714454437817054e+01,-1.169568782575975874e+01,-2.567821274811255350e+01,-1.109722297111501632e+01,-1.585481306005096336e+01,8.701057793865563106e-02,-3.479944300026571291e+00,-1.368610465776199092e+01,-8.548911555863734080e+00,-3.543925426155253966e+00,-7.532987118616290445e+00,-1.500948583101651934e+01,-6.595334188526466690e+00,-4.750250809705996780e+00,-4.708861112417745964e+00,-7.528737042181267825e+00,-1.011245240372120691e+01,-2.242189794509958034e+01,-8.212578285102726028e+00,-2.640792081992504592e+01,-8.672460353490077267e+00,-7.881269509638064719e+00,-2.273486227958604999e+01,-5.543670935020223567e+00,-1.500850877033679609e+01,-1.294466673406643764e+01,-1.377770272222972991e+01,-9.618805195322320145e+00,-7.340348497519708637e+00,-4.426986355094284065e+00,-2.063003102246809561e+01,-4.980242878507661786e+00,-1.492968209355174558e+01,-7.052158430850020920e+00,-3.007902305519702946e+00,-1.476846151154785147e+01,-2.321603907438809955e+01,-7.572657795448842322e+00,-1.014388992564310499e+01,-1.384805464552227505e+01,-1.026460287493072876e+01,-1.250542066106247852e+00,-7.877741648330141011e+00,-7.394643606302517824e+00,-2.231237712726972688e+00,-9.281456401644309295e+00,-5.424485029633498989e+00,1.132027599867167833e+00,-5.130475454424395565e+00,-1.289677691841245100e+01,-1.176365220178872661e+01,-1.098901034906342034e+01,-8.990654620538826691e+00,-4.196251512566982811e+00,-2.602341775168615534e+00,-1.400150774325689795e+00,-1.183936530666339237e+01,-9.188733528391058059e+00,-2.159229569470632626e+01,-3.622717925675043915e+00,-5.595662764605902062e+00,-1.444340774298988350e+01,-5.744933010599854839e+00,-3.068198567877182814e+00,-9.237152337533210300e+00,-7.576829680335145589e+00,-9.644019661238051100e+00,-8.380445970270871570e+00,-3.199776348172105767e+00,-7.950963438128731298e+00,-4.977673496228890215e+00,-2.660232900585693283e+00,-1.389456214290170877e+01,-3.185138961249005085e+00,-1.153877438294204438e+01,4.475545423224050801e+00,-1.987463175410641725e+01,-8.947223256894732302e+00,-9.360899187410058886e+00,-5.804872860311349747e+00,-3.007599333458233382e+00,-8.245056686278237734e+00,-1.729171757654937380e+01,-4.878685204660512476e+00,-2.832740283647441970e+01,-1.297787641251362878e+01,-7.695175419521552485e+00,-1.000676731487172511e+01,-1.006390115114504713e+00,-5.307671838224807814e+00,9.005238568623182005e-02,5.988550102120125951e-01,-1.467107326981885151e+01,-5.506155020493903596e-01,-7.243261060580542754e+00,-1.069724526454006863e+01,-1.089871791570877591e+01,-5.403557866181449398e+00,-1.701661245921231469e+01,-7.836441261413269466e+00,-9.489881069264649582e+00,-1.253979192680985122e+00,-6.987781589592080289e-01,-5.245630985790012968e-01,-7.850418085844458105e+00,-4.669179256235268305e+00,-4.049765088869248686e+00,-6.296682159287038338e+00,-1.908865359404533724e+00,-9.627864495006505763e+00,-1.281125239946881322e+01,-9.093615794134663588e+00,-1.014521174412131899e+01,-2.696563152843285138e+01,-4.354378411122060477e+00,-1.169044090999150853e+01,-4.663355371797561766e+00,-1.092451953504050666e+00,-2.424011831980334541e+00,-7.437615264171397733e+00,-9.155619609333792042e+00,-8.494619174417717744e+00,-1.024900508858443260e+01,-1.250900358596038231e+01
-1.159098828055208230e+01,-1.846019765196457030e+01,-1.585822835792225938e+01,-1.650368525096808270e+01,-1.810515522231684926e+01,-1.045751473406317622e+01,-1.200059044525749741e+01,-3.541880910874644073e+00,-4.439493801256015004e+00,-2.983441320185367562e+00,-9.568566586101583837e+00,-7.703380184097853522e+00,-9.445666928554951269e+00,-9.583477132495625384e+00,-2.210963383079926459e+00,-4.842149548774776768e+00,-3.694662361938800377e+00,-4.752718934187586619e+00,-1.288304779242483278e+01,-1.162105136031111741e+01,-1.006312910662535920e+01,-5.366178534196855310e+00,-5.033540177371610191e+00,-4.865610090097743701e+00,-1.358890955574982407e+01,-7.164944787157021544e+00,-1.141803045792508442e+01,-8.983127138685917501e+00,-6.462613104729969749e+00,-3.037145226889728544e+00,-1.331510208133013862e+01,-9.856166268735030656e+00,-2.656584439802936792e+00,-5.015841651613019536e+00,-2.248937582436622229e+00,-1.213708177470843363e+00,-1.700819639734046973e+01,-3.836819848159106705e+00,-5.120088951100980168e+00,-1.385825612701790988e+01,-1.319009170840548473e+00,-1.382168323688407341e+01,-2.695292177339730255e+00,-9.081981923579895977e+00,-3.079296056478617594e+00,-1.596666490435372765e+01,-5.136907347300895488e+00,-3.228976398024643402e+01,-9.155951163054270481e+00,-1.837694902574117384e-01,-1.229883687772250767e+01,-1.917271515012570759e+01,-5.253953236821101491e+00,-1.060404232006589176e+01,-1.547603018334696712e+00,-2.931314969038927298e+00,-1.239195939361956000e+01,-3.294849449410778952e+00,-8.988896669280235230e+00,-4.572739141343571845e+00,-4.845320587693672465e+00,-5.501155470695428207e+00,-8.039319116573958368e+00,-1.102458440081011126e+01,-4.337822917740677298e+00,-1.356199852110393955e+01,-2.880371088481363362e+00,-3.720348065573819696e+00,-8.092522732371994820e+00,-6.892853299208908879e+00,-1.243134816225934003e+01,-3.432655630879299480e+00,-8.337577470885285891e+00,-1.290551257145619601e+01,-1.024742177819469413e+00,-8.943201895400783030e+00,2.690410145366777805e-01,-1.666910655029391108e+01,-8.813645590884579661e+00,-4.092096543156429789e+00,-4.652899544749556249e+00,-3.821675891136588454e+00,-1.078875487836319813e+01,-6.608113412979843559e+00,-4.015016220506214317e+00,-9.400162993172880732e+00,-9.826955925002984316e+00,-3.420406446014205848e+00,-7.161937019706744678e+00,-6.844704109299507344e+00,-1.003402115444472642e+01,-3.043405248527174756e+00,-1.307675900171880734e+00,-1.282179502923801806e+01,-4.400302833303585182e+00,-4.886005105592174935e+00,-9.046254281970108835e+00,-1.548912170731461302e+01,-8.047015992608445245e+00,-1.558769677951975297e+01,-1.325121767540314366e+01,-1.204710029949140093e+01,-4.396478430146453675e+00,-5.468421552900894156e+00,-8.876709153433086641e+00,-4.422837173863681137e+00,-5.620333906705391236e+00,-4.052539297610547209e+00,-2.571565365255465974e+00,-7.936575301406904259e+00,-1.320704665318773507e+01,-5.022104301994545494e+00,-6.269771435146520133e+00,-1.431946433732102975e+01,-7.345368894696306938e+00,-6.381659318300455297e+00,-1.082736373942084995e+01,-5.838761972942663192e+00,-7.323328906218275591e+00,-3.985691093212859748e+00,-1.512470855244439427e+01,-1.654546644297748159e+01,-2.040959726448453893e+01,-1.232965223189604487e+01,-1.084771346792992119e+01
-2.584254602931824607e+01,-1.235332813472889057e+01,-1.273809539931780144e+01,-1.141035823837961161e+01,-1.007513436739387203e+01,-5.522433246801336182e+00,-1.421906029515726644e+00,-4.890411899143016328e+00,-1.266526326559819715e+01,-1.170185561044391065e+01,-5.748316543667853828e+00,-6.117913664096194637e+00,-9.797419119476064253e+00,-8.661539730378569502e+00,-1.021034254529786800e+01,-1.322492707540014578e+01,-1.356713098614606494e+01,-7.031247641400284465e+00,-1.150233467578741298e+01,-6.637039123088540826e+00,-1.106954878090175143e+01,-6.496044037565904539e+00,-4.303743492643630653e+00,-2.108166150580378684e+01,-1.184531552583002245e+01,-4.976623936199958464e+00,-1.272350665364346511e+01,-8.337438167557300162e+00,-5.677888434611330304e+00,-4.816836246726843740e+00,-1.602749985932566901e+01,-1.926187771448689023e+00,-1.720936141258102481e+01,-1.971544553118416943e+01,-3.876216633847159088e+00,-1.565237022119793986e+00,-5.498976125452310626e+00,-1.155660231898904300e+01,-1.243285577748428850e+01,-3.804236859671904725e+00,-2.960996919455278231e+01,-9.950605890864864023e+00,-3.760610513453359172e+00,-1.148633493928706883e+01,-5.806636946481624761e+00,-5.114711341349627460e+00,-7.654863508610947775e+00,-2.430433744722126033e+00,-6.319454063783494391e+00,-1.076557795423509489e+01,-3.165849205148845158e+00,-2.127096681260827538e+01,-2.630159356203007093e+01,-8.897903533983479107e+00,-3.362160236751468023e+00,-1.134912787001079693e+01,-1.395205198544820746e+01,-1.035934555543824942e+01,-1.258499974478477412e+01,-8.111094601997923093e+00,-1.047604014709876452e+01,-1.404711782819813060e+01,-5.535813935654710916e-01,-8.897252209829701997e+00,-1.460719269324203751e+01,-1.333149326559722070e+00,-3.520195637250695508e+00,-1.006446493423490018e+01,-3.611988979280520429e+00,-1.347017397918986958e+01,-2.246923693376733056e+01,-9.002834022466881692e+00,-5.492397216033428897e+00,-9.368311407547349035e+00,-1.574576479368388604e+01,-7.710265899162685344e+00,-1.439916274987205647e+01,-6.683100280835065909e+00,-1.095940225702792148e+01,-5.447511886634359257e+00,-5.601372939025845099e+00,-4.024055081849791549e+00,-1.328934271853974458e+01,-7.794743849577048245e+00,-8.719166893194003620e+00,-8.830826373686019082e+00,-7.563407373276040957e+00,-2.228821222847469752e+00,-5.009868385909095778e+00,-1.487516661007886931e+01,-1.408451512961354801e+01,-7.778228310529465617e+00,-5.327082723196356007e+00,-1.058423333209045403e+01,-1.788460519613646937e+01,-1.566585899795785508e+01,-1.415954354037365448e+01,-1.312185348109522565e+01,-2.137270310717765742e+00,-5.270087557789437938e+00,-9.670608683216361356e+00,-8.389496749174320200e+00,-5.003014915624980574e+00,-1.347590762175239831e+01,-1.432154076802234499e+01,-7.570151488011629404e+00,-4.711329857011937072e+00,-7.341170242801594803e+00,-1.422590171185931140e+01,-6.141353244490027841e+00,-9.130427723337939838e+00,-4.974281310420769486e+00,-8.968531650571545555e+00,-9.523681224563787850e+00,-1.010376952426773656e+01,-1.514958808436711557e+01,-1.758604913308409579e+01,-5.924204119845423833e+00,-1.089849885524692041e+01,-1.395469166791819315e+00,-1.466540689376756745e+01,-7.927192133926240558e+00,-1.251342007314965343e+01,-1.153625325415396219e+01,-1.907539766144680016e+01
-1.264360726389908329e+01,-1.082321593101060131e+01,-1.375138958401451106e+01,-1.387110248261071987e+01,-9.421756060991247850e+00,-5.352045176167365526e+00,-1.406950567228448357e+01,-1.179782021913824686e+01,-1.704212747044011422e+01,-3.599660389290075369e+00,-4.683904217433887851e+00,-5.299120262251710400e+00,-9.575416432691021384e+00,-1.951151199959862481e+01,-3.114527102850866314e+01,-3.030784807056282659e+01,-4.403571412785588279e+00,-1.384160026350451034e+01,-1.466794756201976035e+01,-6.629198617396182769e+00,-5.465565420958302667e+00,-5.719746636002333240e+00,-1.555421683587754167e+01,-1.009259072631774501e+01,-8.271008335368961184e+00,-3.962883065477253997e+00,-8.329055680306016285e+00,-1.020860554568918133e+01,-1.693419100980067071e+01,-1.035337205929081605e+01,-2.007472386489086347e+01,-7.128869144124934110e+00,-1.816358489220765193e+01,-3.999078355971915855e+00,-4.239323177406467025e+00,-8.458182993552069817e+00,-6.882826720651964436e+00,-1.745847309300151906e+01,-7.073196945510726863e+00,-6.611423332883630266e-01,-9.136402396024472239e+00,-1.036047865421019232e+01,-2.785344466145621034e+00,-2.624540154727645458e+01,-1.327022530541435152e+01,-1.665771547448307466e+00,-1.693009105235712042e+01,2.550585416880847833e-01,-1.299730709645077908e+01,-8.177363304399175803e+00,-1.396486426441822459e+01,-1.127705816570252040e+01,-6.401936024752319376e+00,-1.011166388144541273e+01,-3.856770258782826311e+00,-5.592567065524388426e+00,-1.527502740112117863e+01,-1.667363946357235349e+01,-5.229588376269763472e+00,-2.692060679924582089e+00,-5.137874792609098407e+00,-6.644764183656707068e+00,-8.500014763769817350e+00,-1.412688394624083799e+01,-6.698159700181676612e+00,-1.281617195110538177e+01,-5.707954493980910371e+00,-9.192691024085657858e+00,-8.216870785182702974e+00,-6.796925869834788969e+00,-8.276809085571509073e+00,-7.866513883471061064e+00,-1.259368212498184469e+01,-5.930486119876594131e+00,-1.475275821621711181e+01,-1.091055348226307231e+01,-1.183343857935276411e+01,-1.300103347268667875e+01,-6.986686199234977579e+00,-3.287660005141903152e+00,-2.106743741027921857e+01,-1.375893321235602151e+01,-1.357186657308524680e+01,-8.355429695993134231e+00,-5.555240216892638472e+00,-3.125254636592666557e+00,-2.037213782352237601e+01,-1.077275750941090848e+01,-3.941577291797890847e+00,-9.129118832144255791e+00,-5.866151383071926517e+00,-6.909934961838759548e+00,-1.204384449975863092e+01,-1.302226449532907893e+01,-1.339139932994509863e+01,-1.718525852989914426e+01,-9.422805324888498646e+00,-1.297949721228957287e+01,-1.841612095471109711e+01,-1.174524699159283081e+01,-5.188224809669305770e+00,-4.526449347639777798e+00,-7.037388081130057316e+00,-1.059366411083808046e+01,-1.267539716613245560e+01,-1.179986681156507622e+01,-1.166549261225620526e+01,-1.561508659131223986e+01,-3.024880547069041192e+00,-1.472431985179713720e+01,-2.957336274535555809e+00,-1.022598272352130522e+01,-1.849670101484777973e+01,-4.289928868390056493e+00,-1.256817135747055225e+01,-1.011045150778521418e+01,-8.292997346860479624e+00,-1.115207501925457656e+01,-1.018418831483260334e+01,-2.483740954706022130e-01,-6.544572700373398000e+00,-1.395430922210187497e+01,-7.545236085334849463e+00,-8.425915372720814034e+00,-1.603196446073949488e+01
-1.382769159290609906e+01,-1.375692257655999029e+01,-1.706618684411295561e+01,-7.837223328848229364e+00,-5.031576650626798042e+00,-9.487261451740495843e+00,-1.470936655487851130e+00,-7.611541568156172666e+00,-1.080559313180445358e+01,-1.260714490795191267e+01,-3.436464498061605255e+00,-9.922813486106168313e+00,-9.914231643018789342e+00,-8.671173520071819851e+00,-1.530255171567441863e+01,-6.380596703234862055e+00,-1.036217259373312061e+01,-3.158893824910050441e+00,-5.569176629975034487e+00,-6.809766077668188089e+00,-1.199791130293565322e+00,-4.761024669461622949e+00,-8.227991903046465438e+00,-8.981927388758947473e+00,-5.524250671187253658e+00,-6.663427454712929077e+00,-1.716500793021936744e+01,-4.788146512772087249e+00,-4.822163414875403120e+00,-6.198074505204031581e+00,-1.107111277508669112e+01,-1.140787610838604138e+01,-8.328971451973716800e-01,-1.559667467131467866e+00,-2.248754310983681393e+01,-6.453089699858866268e+00,-4.486338407377211013e+00,-2.131559203778947698e+00,-1.036668947032501364e+01,-8.794255104390993338e+00,-1.768102001929500844e+01,-4.947108047325025737e+00,-8.446836531151024730e+00,-1.481263049795566822e+01,-2.803509464174837262e+00,-3.860436670698075723e+00,-1.088433671593701391e+01,-1.026786801253443393e+01,-2.428227741279155794e+01,-9.607173958521222801e+00,-3.145236145127634941e+00,-3.400170239268602401e+00,-2.006147308639023663e+01,-2.825339395160445299e+00,-2.737588021875100974e+00,-1.949788143609022839e+01,-3.657040834222295977e+00,-2.314457284873714826e+00,-5.561300626246192813e+00,-6.562164160950489489e+00,-2.945806012439213362e+00,-1.958936994895968731e+00,-7.483714179397695787e+00,-4.327311937854646517e-01,-1.192940338194181216e+01,-1.002222208841247131e+01,-1.571434009493192896e+01,-2.062783759324883892e+00,-8.346834371227984661e+00,-6.734311420126308789e+00,-7.973762838936795383e+00,-1.747011173884598279e+01,-6.613997486188200270e+00,-4.337448677190492319e+00,-1.970370342959462207e+01,-1.779164577474440989e+01,-1.237243376955160201e+01,-1.140932772664075223e+01,-9.597262657632830596e+00,-5.778312783228587435e+00,-8.739554121250217023e+00,-2.547835249995919593e+00,-3.779685023814066369e+01,-2.000976910969072264e+01,-6.558022928709155153e+00,-6.552050107053487338e+00,-1.042495504685657792e+01,-1.848418969338104745e+01,-1.030330588007932846e+01,-1.995077445935961702e+00,-9.035240704995143091e+00,-8.577709210994783007e+00,-5.026156599136017533e+00,-7.608812487973816374e+00,-7.355805095611788857e+00,-7.650269508228788595e+00,-1.705165837114675753e+01,-1.104987458137934020e+01,-4.441015514023889388e+00,-1.137552063523069279e+01,-1.148383028611450207e+01,-1.145310225290366546e+01,-9.324795233819244800e+00,-1.468224842848326617e+01,-8.745069032914438267e+00,-8.264031826565252814e+00,-4.704341827568715217e+00,-5.612016610141733253e+00,-3.769788727810696294e+00,-1.372397782588822324e+01,-9.352999005218425310e+00,-9.803520630746325182e+00,-6.395402492341998091e+00,-8.169536495936814191e+00,-1.090781227667615028e+01,-1.919269777427829027e+01,-1.268941152881417977e+01,-9.467484312175056260e+00,-1.378632327382377509e+00,-2.313617132065686643e+00,-1.824211503531503809e+01,-1.075409929947225329e+01,-1.688411013553747253e+01,-8.360496459684780390e+00,-1.636241846785670973e+01
-8.965660293406157777e+00,-1.239101995992332306e+01,-1.031297619508115915e+01,-1.289087257375718565e+01,-3.587995153381670743e+00,-1.523797430850456180e+01,-2.863621674133491446e+00,-1.225512895103585365e+01,-6.379957627622447447e+00,-1.269293766967397552e+01,-1.259264342500641121e+00,-5.700873319338596090e+00,-1.011760825717867363e+01,-5.271913810285462354e+00,-9.342980016566700741e+00,-7.344575220871022658e+00,-1.828519963203903842e+01,-5.400965333983150707e+00,-1.293725677959542253e+01,-6.892610978273018496e+00,-5.348554967960534867e+00,-2.023793074529965352e+01,-8.672685147004209227e+00,-6.346699120943921635e+00,-1.054337562221751057e+01,-1.599457108730285526e+01,-1.649311671085791575e+00,-8.227130577705695558e+00,-1.765496216201879065e+01,-3.818895065249891729e+01,-1.558274867368350414e+01,-1.717968453241796567e+01,-8.037188056777891276e+00,-1.950235261807256926e+00,-1.107885457366826998e+01,-6.208282243690793401e+00,-1.622864311268128290e+01,-5.546563739796392056e+00,-6.111758988843078555e+00,-6.306540825639721959e+00,-1.052619935896073855e+01,-5.580805537410594042e+00,-1.351803925901330672e+01,-1.723062638870728236e+01,-3.624575983329720419e+00,-5.228167494687773420e+00,-1.130471817793319644e+01,-1.002507515010820782e+01,-9.841212517649642777e+00,-2.381078702527910451e+01,1.215614350887177952e+00,-1.246217055445118227e+01,-1.513434778205980535e+01,-7.014309587971792048e+00,-9.520427859893592526e+00,-5.396506562479837399e+00,-1.422376867577508008e+01,-1.031419305882213422e+01,-7.277606463397913394e+00,-1.618384033807378586e+01,-9.844712288546586976e+00,-1.927653683866824563e+00,-5.882376400149875728e+00,-2.795297046626652904e+00,-1.312574952753090507e+01,-2.210002797940708064e+01,-9.820548057664797881e+00,-2.312493561561136168e+00,-1.417499446806782082e+01,-1.242189945239177185e+01,-1.436340189529689404e+01,-5.490519954934525160e+00,-6.985987255122405593e+00,-1.385637153589211934e+01,-1.369038449578572525e+01,-7.166327261747121646e+00,-1.089184000801513363e+01,-4.684868977266442691e+00,-5.115625805254769176e+00,-5.455822996869147623e+00,-4.926661423050483712e+00,-2.522054616634864743e+00,-1.233293828431461669e+01,-7.010789377294058156e+00,-1.117998167314519442e+01,-6.966781997368944879e+00,-8.944346582693775360e+00,-2.598705844304279644e+00,-8.630310454176457924e+00,-4.804274413800818877e+00,-5.856113912331579741e+00,-1.427939787986076681e+01,-8.473254439394529713e-01,-7.474321439367905384e+00,-1.317458452984825668e+00,-1.612362890710875973e+01,-7.906277357009216189e+00,-1.615034203776587773e+01,-8.902005647706852542e+00,-1.203424957369183446e+01,-7.999457436969078294e+00,-2.468017432864872518e+01,-1.066495655924768471e+00,-8.528093792820110153e+00,-1.938295778967068372e+01,-8.748401774237606787e+00,-3.583227209307289218e+00,-3.656283136526386812e+00,-5.696416751811556267e+00,-1.129111536469851984e+01,-4.602109559460116905e+00,-1.151068202653666006e+01,-1.110771362941816998e+00,-7.394566566903185034e+00,-7.669046183507916226e+00,-6.479176522817065020e+00,-1.012746397203115478e+01,-5.314883287030388814e+00,-1.016775693794345337e+01,-1.321999047439032893e+01,-1.038034791618044750e+01,-5.094878868355086077e+00,-9.187593914959482078e+00,-2.986036812708179156e+01,-1.174750628727104029e+01
-9.647200897141221532e+00,-1.171543266214087886e+01,-7.433990905815479167e+00,-1.932317813178708477e+01,-1.274956510162990941e+00,-1.902232143185942093e+01,-7.977887010620477781e+00,-1.926385109718204447e+01,-4.148944373718123302e+00,-5.878718111998666451e+00,-4.900525857196261215e-01,-2.452640762959756859e+00,-1.174670792490421078e+01,-1.127735300007799069e+01,-3.520056683758281402e+00,-9.998880338770606002e+00,-1.003629947051102711e+01,-2.053087138869484818e+01,-3.784158103009432672e+00,-9.643077301193658357e+00,-1.010539699945265113e+01,-1.076189727184227607e+01,-5.320222680625591671e+00,-7.595309137850904113e-01,-2.988640585073368161e+00,-1.555233566017092350e+01,-8.120896485051225966e+00,-9.977332465830293984e+00,-4.187386268331296790e+00,-2.012255790475069972e+00,-4.909462636018512072e+00,-5.554147297758731838e+00,-1.957999093115782330e+01,-6.298755385947807373e-01,-2.289472943730482157e+00,-1.426910190594955274e+01,-5.327374384512505223e+00,-3.719987195033297667e+00,-3.035578047297215143e+00,-1.198876605814982632e+01,-1.453162376120527455e+01,-4.246829826449901368e+00,-4.731510579815505935e+00,-2.246990169674979398e+01,-8.993489436312502860e+00,-8.831596656965167158e-01,-9.256596209087447846e+00,-7.966218934750409986e+00,-5.485878829860235228e+00,-3.847890111299960836e+00,-2.969277709372986074e+00,-4.302570403153712419e+00,-3.547750964236906057e+00,-5.867243366942216376e+00,-1.423365143628213048e+01,-7.450019300283077683e+00,-1.160038671569843061e+01,-3.006356333873845266e+00,-5.773101651735360385e+00,-8.914071773127696829e+00,-1.576073626996753951e+01,-1.382322337915407928e+01,-6.487459863548105332e+00,-8.025937462879689122e+00,-5.821854129758408547e+00,-7.953970559686103670e+00,-9.043928207875552516e+00,-6.184784884488604639e+00,-1.111578704300682929e+01,-4.187885106106756794e+00,-2.215702536906355213e+00,-3.606588250907624138e-01,-1.862427554822617282e+01,-9.168030851439301188e+00,-4.240526008290780524e+00,-6.406855326473418266e+00,-8.074674736995174129e+00,-1.385859884926517616e+01,-2.334918824971608797e-01,-6.696427409684391208e+00,-9.246259286806937538e+00,-5.614218420059879477e+00,-1.284899187381951435e+01,-3.215005277221972158e+00,-6.260897056701808516e+00,-1.837116579794352944e+01,-5.849743323547935248e+00,-5.784916782389930567e+00,-1.372553934619031679e+01,-2.150011018853607681e+00,-2.452353673610660678e+01,-1.129275594572157360e+01,-3.003192083418953384e+00,-1.762207270447525431e+01,-8.260226626381143689e+00,-1.534049375393838410e+01,-5.401113718592077895e+00,-1.036053118378607074e+01,-1.630534094575524762e+01,-8.879228311661593764e+00,-1.126423271000204096e+01,-7.437800202641859926e+00,-7.743674497654941646e+00,-1.490504913159173839e+01,-1.661652299787226283e+01,-1.964774980315190689e+01,-1.305626837202833457e+00,-9.996180409412984247e+00,-4.952631194956903293e+00,-1.082514982154564365e+01,-3.554608565215132465e+00,-2.786220380397469221e+00,-3.338660638606227860e+00,-1.460767949046035241e+01,-2.827152167550217143e+00,-6.674572425642478990e+00,-5.135327665758478766e+00,-1.754192531834526392e+01,-8.747571807218985640e+00,-5.108389119657296362e+00,-1.834065912961997569e+01,-1.047628838189916678e+01,-1.771570481214089554e+01,-1.216843025994404748e+01,-1.215212360164089489e+01
-1.253412249281309343e+01,-1.683245810676876530e+01,-1.931001707723807570e+01,-1.082300415511490144e+01,-3.551666631993127154e+00,-1.040200378308422913e+01,-1.740114021405001310e+01,-1.260006723017284358e+01,-2.438476800327397598e+01,-1.189802124877740575e+01,-2.381591682892142359e+01,-5.703577804982693067e+00,-8.464801318166777833e+00,-4.732300681724879610e+00,-1.026622280131215526e+01,-1.005805036027317101e+01,-1.236725055779059801e+01,-1.064618806821566821e+01,-1.050338004927059643e+01,-1.478944728596991176e+01,-3.625131319990658518e+00,-1.416453998462544916e+01,-1.313335316305089329e+01,-2.209513453948171335e+00,-4.381672001090228363e+00,-2.485884570097606172e+01,-5.421402608788223887e+00,-8.571440062166384877e+00,-1.082844078242899499e+01,-3.687603404109767613e+00,-1.166277118241698041e+01,-5.051329273948502951e+00,-2.581271684232786523e+00,-2.565647946873796492e+00,-9.462495662603085833e+00,-1.063552963219519398e+01,-1.217820005354071000e+01,-1.355328022129105392e+01,-4.528664284141354024e+00,-8.498186483623440424e+00,-2.126110557489403874e+01,-1.241339844755036737e+01,-4.233200445588766847e+00,-1.851533434323027549e+01,-1.352797944908891381e+01,-4.923208080090322625e+00,-9.075056110213537863e+00,-3.430753680535141115e+01,-5.746360797071357496e+00,-1.374982593558747723e+01,-1.310151425249033963e+01,-1.622857606899693383e+00,-1.343114552073042844e+01,-2.322592317409641005e+00,-4.937624845641929383e+00,-1.916482241729332259e+01,-6.964886383270999737e+00,-4.508390091660318788e+00,-8.363278561976054348e+00,-1.059874285747932987e+01,-2.988760015483330079e+01,-1.767831288130384398e-02,-2.160765834744839076e+00,-2.095289849223872736e+01,-5.428243235578530168e+00,-7.318225343677275951e+00,-4.524062933937502251e+00,-8.724862551160164514e+00,-1.808693000431809494e+01,-1.320320855951907646e+01,-5.985245831783771564e+00,3.019625273994958614e-01,-8.311894887337150095e+00,-5.471134336851570801e+00,-7.892611803148651184e+00,-1.117085128750777479e+01,-6.478092657259786336e+00,-7.144125400556779582e+00,-2.268085745690266108e+00,-6.525527622278576523e+00,-1.107339339524948585e+01,-1.753483149820888087e+01,-9.596661922057791116e+00,-1.790622302412003464e+01,-2.934541646427351491e+00,-1.643131139186623813e+01,-1.618876248398657935e+01,-1.001181736642992526e+01,-1.201178492573608025e+01,-1.957029973049585259e+00,-1.331612637010708511e+01,-1.080429239012440235e+01,-5.455989871986071549e+00,-5.140551469594139000e+00,-9.262553993236883443e+00,-2.642196664028821473e+01,-2.460441133611839248e+01,-6.423170154646253849e+00,-6.044992514909050207e+00,-1.459260391493848985e+01,-4.210908895887881087e+00,-3.065100751199993478e+00,-1.551613221808142740e+01,-7.462748197906158509e+00,-4.591816744385291416e-01,-1.322632666408869895e+00,-2.030489793022854261e+00,-4.854496110510336138e+00,-4.088532743472426567e+00,-5.631019136633321764e+00,-6.998704918196837710e+00,-9.205016729189690494e+00,-1.812741483901866602e+01,-1.065524080345302060e+01,-2.638573162258341931e-01,-6.756924577738818272e+00,-4.419111273196723033e+00,-1.481533432751221824e+01,-7.031714875155955724e+00,-7.697184673676355615e+00,-1.929461960280812738e+00,-2.777901480114282862e+01,-7.385778004135769237e+00,-1.879936798032705880e+01,-1.803801238135576313e+01
-1.269189281222538668e+01,-2.489543889796796350e+01,-8.992505190213925914e+00,-9.565760151367507902e+00,-5.004854984985687594e+00,-3.134001847765915727e+00,-1.331701600878357894e+01,-1.351145285961139209e+01,-1.733417864781718620e+01,-1.325131186680227913e+01,-1.604977564917956556e+01,-9.524555943746346287e+00,-5.955610718388538061e+00,-2.133710796851447355e+01,-4.875811892746283682e+00,-7.964131620280404888e+00,-7.180864346754382233e+00,-1.761110891208244045e+00,-5.012695002198608307e+00,-7.909085622176776909e+00,-2.457586663699268925e+00,-7.650981386416950691e+00,-7.630531774392665945e+00,-5.822382053111785360e+00,-9.742485254358715707e+00,-1.316813110468549475e+01,-1.034743839551490296e+00,-1.292087936381806657e+01,-5.080502445154876590e+00,-1.178202732156398369e+01,-2.298044138703951411e+00,-2.695981763646584373e+00,-7.584867728681164323e+00,-1.380681259325889521e+01,-2.682862637727890132e+00,-6.876552262707228635e+00,-4.925271431994593385e+00,-8.079973181306797869e+00,-1.164616473272859487e+01,-1.422717620175869557e+00,-4.664715079675517018e+00,-1.775844382284588363e+01,-1.600297700375432086e+01,-1.096174604066618841e+01,-1.922447949686619850e+01,-1.731863292558927014e+01,-1.617119612383092431e+01,-8.998305208418264201e+00,-1.543497996352359891e+01,-4.192770066528431983e+00,-3.167013802596387251e+01,-6.399081676965796106e+00,-1.013331048037033888e+01,-7.019966601397995554e+00,-1.768765581682495736e+01,-5.303054660403706322e+00,-3.841419792997136096e+00,-6.293126150232391858e+00,-7.618889331524423270e+00,-4.996561493039257229e+00,-5.439848039602428464e+00,-9.619868975931169075e+00,-6.902951339920628371e+00,-8.622697160132974048e+00,-1.746240769745990207e+01,-6.669392315677721506e+00,-2.255683681690320519e+00,-7.698140279317867041e+00,-7.336584754678403542e+00,-5.587690561228670916e+00,-1.803507709106159496e+01,-2.458586584483495735e-02,-3.077783547258093577e+01,-1.081610359954301614e+01,-2.051195160386416916e+01,-8.587079157247377026e+00,-1.976429097392894363e+01,-1.855143583367431859e+01,-1.177573637744057677e+01,-8.110715402428715137e+00,2.315064927761352642e+00,-7.723980936145200538e+00,-5.474116067837291766e+00,-2.003796149517640401e+00,-1.294837343646225136e+01,-1.556024083532146207e+01,-9.113939986791130821e+00,-1.094261983064023269e+01,-7.172660177142859972e+00,-1.309138322954597378e+01,-1.391830253446027577e+01,-3.016343111051933867e+00,-1.432093812017307677e+01,-7.367609426621468671e+00,-8.408349891497316264e+00,-1.248015758892945648e+01,-8.427376805757191391e+00,-2.701308370031825490e+01,-6.547501543888493813e+00,-4.374407846362398544e+00,-3.012128154964497817e+00,-5.242830310816301242e+00,-1.230033092290449837e+01,-6.671931522415603943e+00,-7.436226374138257711e+00,-1.378341732115133311e+01,-7.361919725074174359e+00,-8.936126494021955580e+00,-1.789124569404365417e+01,-1.585403872662691072e+01,-1.166774349567248237e+01,-1.061019025437035879e+01,-3.252904642410681557e+00,-8.170456641317672464e+00,-2.026234281274974069e+00,-5.470072885950118646e+00,-1.144654296371276203e+01,-8.720635549193291425e+00,-8.619422600501415843e+00,-1.400585526304740824e+01,-1.469043112767737913e+00,-1.138760557044984267e+01,-8.728139760595956531e+00,-1.693179394729623866e+01,-2.056451253304227578e+01
-1.688344975220041277e+01,-1.330869526239184708e+01,-9.796361779611197917e+00,-2.118760245532867348e+00,-1.026331296476727672e+01,-1.623353338063548534e+01,-4.658828221649506496e+00,-5.903554703984407404e+00,-1.652016161570677610e+01,-6.417206658417917708e+00,-1.606948029383964638e+01,-8.880488990076425893e+00,-4.859314272636408027e+00,-7.859530099006127202e+00,-8.083706996634145270e+00,-6.524705189228249047e+00,-1.009450333343712813e+01,-7.742857710118974168e+00,-5.624951660222174965e+00,-8.979058548234270631e+00,-7.137161117197319271e+00,-4.200400529688403495e+00,-6.820635920705901079e+00,-3.809590998247870397e-01,-1.565755612163435728e+01,-1.237549121354878423e+01,-4.111858988065665521e+00,-5.308295793699170595e+00,-9.577016273400067448e+00,-1.170121554054811952e+01,-1.441443565118555803e+01,-3.646333031290643234e+00,-9.714661519320777927e+00,-3.990014605718892327e+00,-1.362145316019548957e+01,-2.011570772118087902e+01,-3.038330492154916573e+00,-1.261306788540642643e+01,-1.248186085583199301e+01,1.928772507450958740e+00,-6.905330812511846439e+00,-4.549279691658478342e+00,-3.432539328038063609e+00,-1.158355512944067556e+01,-1.544591225102546872e+01,-8.333774355876826689e+00,-7.597671506308688372e+00,-4.575329882253824643e+00,-2.106821917828631996e+01,-5.475320516516694269e+00,-2.714976605044294278e+00,-2.297189436877579993e+01,-2.265802522078292824e+01,-5.494412580992852568e+00,-1.157805998591843188e+00,-5.711969022727345191e+00,-9.089228098846554360e+00,-8.583828255733802592e+00,-1.312227412163847973e+01,-3.921791909235973872e+00,-2.795354475781333559e+00,-5.325459561778712825e+00,-1.042044236437666704e+01,-7.647366560620146636e+00,-4.016943891419012758e+00,-1.866825650771683343e+01,-5.404754763012834529e-01,-5.958685213843559758e+00,-1.300170449161965180e+01,-4.756574434025937492e+00,-1.579471739374508310e+01,-4.965651569769249818e+00,-7.884059487656013054e+00,-1.465712012357666794e+01,-1.904173163831219995e+01,-5.283067835132188250e+00,-6.637029042905196796e+00,-4.254024559796327765e+00,-6.708261743528462162e+00,-1.497563893629642529e+01,-1.884678549470126252e-01,-1.594284283697525728e+00,-6.278839222750064231e+00,-9.034977896755425064e+00,-1.300511243561053476e+01,-8.374262249257407476e+00,-4.715130797241958049e+00,-1.271217340256734118e+01,-1.515554656651353227e+01,-9.295446487633100219e+00,-1.678424362705412776e+01,-3.903010585889177264e+00,-8.405256690055635360e+00,-1.039250436997735605e+01,2.543761607670695923e-01,-7.270319290712726534e+00,-4.527316464788904149e+00,-1.133916940130954387e+01,-6.927538980954953907e+00,-1.134594314821772976e+01,5.024893016153098024e-01,-3.970411660464290726e+00,-2.917777270478083107e+00,-6.021104177618897602e+00,-1.311938272210322154e+01,-8.851960204201631655e+00,-1.114446157987726060e+01,-1.355595578038421323e+01,1.056607015106144853e+00,-1.603335480534509117e+01,-6.972662701334705559e+00,-1.470711306094767679e+01,-2.689541623384712921e+01,-1.132723961398879098e+01,-8.791157960848041242e+00,-5.528855305621659610e+00,-2.081323543843837243e+01,-2.856443208543076206e+00,-2.787842337111397839e+00,-1.767943553047948768e+01,-7.137203026590568378e+00,-5.168363269616773614e+00,-1.266139584437898868e+01,-1.878402251051594618e+01,-1.742936941926390659e+01
-2.160528330112695983e+01,-2.243716717128582161e+01,-1.588660088025092243e+01,-1.036795578001532903e+01,-1.922561518131593061e+01,-3.058714858163416039e+01,-9.875233645462920151e+00,-2.055054121959166125e+01,-8.246520293269586688e+00,-6.677376521678564991e+00,-5.364940738276811949e+00,-4.145074330683440778e+00,-6.052984419492341672e+00,-1.447468837508963801e+01,-7.871525297959949263e+00,-1.733119393342062509e+01,-9.891164763022766593e+00,-8.722157080636488757e+00,-6.311587962726025403e+00,-5.957525086628838729e+00,-4.935300411974845147e+00,-8.155957153881967514e+00,-8.698220823902646615e+00,-8.418320991089944805e-02,-3.678392351668672955e+00,-4.769523209748324888e+00,-4.729252760751495366e+00,1.275309612732337339e+00,-5.892968073400038698e+00,-6.455567826927906872e+00,-1.226146789704691287e+01,-5.726506239579157054e+00,-8.548960783334308644e+00,-6.083542417109050859e+00,-4.883481120957013921e+00,-9.453111474373617540e+00,-9.840318341719026307e+00,-8.318275485219935206e+00,-3.676046593239639115e+00,-9.272595161200635872e+00,-2.272307568158356439e+00,-4.181987489754112275e+00,-7.708349353298666884e+00,-1.806585530985183397e+01,-4.349158861638335871e+00,-5.184470621519823297e+00,-4.387859512577629850e+00,-1.144424863061660425e+01,-1.833824486172170154e+01,-7.332294266303409636e+00,-6.493047457997746186e+00,-9.265270282489336040e+00,-2.387917068209901128e+00,-6.875632905074974488e+00,-6.785146364951208930e+00,-1.568975789588044911e+01,-1.114417982800809881e+01,-6.090258132656693746e-02,-1.097581746335370489e+01,-5.804918478368805701e+00,-9.832433167930211937e+00,-3.214949766507111395e+00,-7.734151769468189386e+00,-1.483664623950511974e+01,-5.029432025104449089e+00,-1.226365300429076477e+01,8.006669236773090725e-01,-6.466995839466410878e+00,-9.917734128508092439e+00,-4.853164551829864948e+00,-3.888649845257837967e+00,-1.346433978854044966e+01,-1.485634902393505996e+01,-1.338156871335604592e+01,-1.123479399089760378e+01,-5.390900740812176295e+00,-3.785571631963219552e+00,-2.539400240185949009e+00,-6.287277435882704602e+00,-1.110431607926255104e+01,3.747470966484355362e-03,-3.711304149064273084e+00,-4.811781755540527783e+00,-1.156076916681456268e+01,-5.823335836013814770e+00,-2.010529275512446290e+01,-1.541095247884258157e+01,-2.141717442071388433e+01,-7.247394315112942742e-01,-4.129286048773844087e+00,-4.837478203549695266e+00,-9.906062518745468282e+00,-1.033417282928699166e+01,-3.187639156797636986e+00,-1.317572510669596397e+01,-2.234253276569064250e-01,-5.234013258303637173e+00,-3.434465656573325809e+00,-4.135400638946772567e+00,-1.606655323811729019e+01,-1.040941877728893461e+00,-1.749195316944944789e+00,-3.374808871253028197e+00,-7.945628241467357356e+00,-1.034255853400185821e+01,-8.911625404857501209e+00,-8.620529354961021795e+00,-1.445513650425851004e+00,-1.087316642802132094e+01,-7.754299910963307951e+00,-5.189959008394080087e+00,-9.365527654468952079e+00,-1.203477490954919915e+01,-7.161897860409007777e+00,-1.093892583873550528e+01,-5.353857182291434924e+00,-1.067227315262942255e+01,-1.900656939662918710e+00,-1.713356160589134092e+01,-8.274494634037717233e+00,-1.138671376950568082e+01,-9.803131989730722751e+00,-1.714270919042920127e+01,-8.610366573118792388e+00,-1.246197683568181880e+01
-1.455531084895905813e+01,-1.423640437701923389e+01,-1.536202787956310978e+01,-4.421933074389958307e+00,-2.710390910696327538e+01,-1.081810410673881151e+01,-1.285177832259693531e+01,-3.272830633652024090e+00,-6.761416236492310716e+00,-1.766214869210594784e+01,-9.613005462289525127e+00,-1.604317276823532623e+01,-1.229688667177494743e+01,-2.020825196239101373e+01,-5.501449790610108970e+00,-1.759718349044254637e+01,-5.958819477635246997e+00,-2.826841628439641596e+00,-9.551319490019128722e+00,9.053155179958787269e-01,-2.718968714689893762e+00,-4.182876464004484873e+00,-3.996385923678844598e+00,-4.177901243080342830e+00,-1.028370887067614348e+01,-5.277688824754420693e-01,-1.238374041391885072e+01,-2.288379827308398617e+00,-7.752482337416423341e+00,-8.263995332155358753e+00,-6.291990721725745139e+00,-2.073379417633215205e+00,-1.380768247647978697e+01,-1.204824337338322771e+01,-8.133701338081335663e+00,-3.466851415122115920e+00,-1.410425613163753589e+01,-9.028985322884917508e+00,-3.727789453141338250e+00,-8.320833059627881667e+00,-1.050619545173903546e+01,-1.189012301556004303e+01,-1.500143282883192164e+01,-1.700150511890597826e+01,-8.941612365681283592e+00,-1.305337642502885309e+01,-7.390813721999361929e-01,-1.204602873508510896e+01,-4.885814125689104337e+00,-1.085493971139216285e+01,-6.215470952249467551e+00,-6.836919968295278593e+00,-1.060262150606034792e+00,-1.043407212040348853e+01,-1.371085518361370781e+01,-9.912766941650676955e+00,-6.462507750522523686e+00,-1.208236050169534614e+01,-3.354194649041216891e+00,-1.166621917143117138e+01,-1.628019368274584977e+01,-7.573648049589253972e+00,-1.197269587849994110e+01,-2.920883635675108447e+00,-6.260957536805427104e+00,-7.162789281556846355e+00,-1.038581216636407234e+01,-4.327628080844601044e+00,-1.965894370004105696e+01,-6.817603353745323780e+00,8.187230806137340000e-01,-4.109528901532809586e-01,-2.011382041045737701e+00,-1.319696379185173996e+01,-1.090596157806311339e+01,-4.484338793006845236e+00,-5.888386218415003759e-01,-4.430744976358750975e+00,-1.618204367798504961e+01,-9.358264734130621321e+00,-6.164209866409777305e+00,-1.210315863324568042e+01,-1.020378941808106354e+01,-4.115920297806205497e+00,-2.242453562233003339e+01,-6.707249137660332039e+00,-4.919331606631094367e+00,-1.066168144601784284e+01,-1.027876049947951742e+01,-5.972699904657792658e+00,-4.775268066251007859e+00,-7.248809466870618223e+00,-1.107162308554825891e+01,-6.559617283318809555e+00,-1.241021399897921995e+01,-4.814286995938860336e+00,-4.245403826986855478e-01,-7.477002634398171033e+00,-1.220722895630844107e+01,-2.008359949862849803e+01,-2.147223919166211203e+01,1.099422114281784824e+00,2.140048245081215939e+00,-1.122864235962878254e+01,-7.555949963232873934e+00,-1.060941522834603390e+01,-8.374550066341711840e+00,-1.910798435532306883e+01,-7.762209880949088259e+00,-1.245621596049035595e+01,-1.837896922795481913e+01,-3.397407947633028336e+00,-5.819940686155327114e+00,-1.678846052642402142e+01,-6.434675523611880443e+00,-5.918733984602575049e+00,-9.954775873551778176e+00,-8.310300474029592266e+00,-1.253201928356585881e+01,-2.728355847629663344e+01,-6.104712617055757740e+00,-1.674926213336729575e+01,-1.201953891942412511e+01,-1.019901223579372562e+01,-1.361658656422447500e+01
-1.508679506735846054e+01,-1.342421316775996587e+01,-6.601997039168271186e+00,-1.617732553179745025e+01,-1.080519362806114891e+01,-2.469973039863267772e+01,-6.656688709295447204e+00,-8.241363171319198599e+00,-1.088557464584254575e+01,-7.124706696236664527e+00,-7.751343891149798715e+00,-1.037204039398761424e+01,-8.703869867720271714e+00,-1.165583504272207449e+01,-5.954171237152240614e+00,-7.905151378892386838e+00,-8.839132884524294909e+00,-6.732944137726589062e+00,-1.873508378699970223e+01,-6.162407464703063553e+00,-1.063197321135104012e+01,-8.190029801859397551e+00,-3.891951540617194283e+00,-1.819759490277349911e+01,-9.063347581039611356e+00,-7.049947210359345462e+00,-1.631123751371279296e+00,-1.525037860547427115e+01,-4.374053047553504214e+00,-1.581653899629973026e+01,-6.259677090399796029e+00,-7.866297786424027549e+00,-7.600263150230444964e+00,-1.066691328951062090e+01,-1.296826594599965521e+00,-6.449227840905667364e+00,-2.387731477496449983e+01,-1.474286281390682873e+01,6.941209765405613741e-01,-1.315015249958993770e+01,-3.998162462935844097e+00,-1.728737370528126860e+01,-1.478227863562633004e+01,-1.792446290151156418e+01,-1.342753696683787723e+01,-9.420641936708570086e+00,-1.518204656700808997e+01,-1.165208572438558399e+01,-8.150921372298903123e+00,-2.682629247051139032e+00,-2.140186504097330467e+00,-7.342035209905954929e+00,-1.307218899788499655e+01,-6.700734879761977680e+00,-1.760385545309035038e+01,-6.596228369501224265e+00,-8.338295597123559943e+00,-1.301242125257577165e+01,-4.896166075225373504e+00,-1.072607307274711808e+01,-1.262821054325034176e+01,3.632356960904020715e-01,-1.574761471296385906e+01,-4.224805820869169004e+00,-9.127573533850748433e+00,-6.392430127782857241e+00,-3.131771869887271187e+00,-1.369023840008435045e+01,-1.293942026304505077e+01,-1.304383305156815176e+01,-5.487206769993338895e+00,-6.542224069038706347e+00,-1.161773021097657477e+01,-1.225675443810500909e+01,-1.539616523985579022e+01,-6.668757318786211030e+00,-1.138031248864783151e+01,-7.065694528148748432e+00,-2.947440963609477294e+01,-3.035609500016735041e+01,-5.203766343406761585e+00,-1.590177844395662987e+01,-3.502367556495291190e+00,-5.832391808945558864e+00,-9.908769542171199873e+00,-4.151101739692204973e+00,-2.899375835673274171e+00,-5.447081555588447088e+00,5.461901327131689632e-01,-3.036005037875145085e+00,-1.148934072815223750e+01,-3.868206750431226304e+00,-1.475211499003566828e+01,-1.685603713286203487e+01,-1.616217279905863080e+01,-1.002568447315326594e+01,-5.970540738100980072e+00,-1.516653123625408028e+01,-4.761746439831899380e+00,-7.788754306874272615e+00,-4.412968619648277802e+00,-1.034030221681994810e+01,-2.611306890730783259e+00,-6.958236222923011027e+00,-2.287852025532723488e+01,-6.304914729994667510e+00,-1.711992878496223369e+01,-1.425284024972073382e+01,-9.197847066846767561e+00,-2.682385464420102039e+01,-9.131069396122558857e+00,-3.280632274607090615e+00,-2.001017669398970611e+01,-8.786730147151660120e+00,-5.263550076714268222e+00,-1.136285389400267931e+01,-7.505442523404739497e+00,-4.006598365832058306e+00,-4.853596780357062102e+00,-9.008571870098114331e+00,-9.916768407966042531e+00,-8.050694944712965651e+00,-1.112402742285654789e+01,-1.487891238987797138e+01,-1.285743025614664603e+01
-1.389451138845202038e+01,-2.005690576995462848e+01,-5.155577189806828109e+00,-3.684621716365426014e+00,-1.848332360195568924e+01,-1.911002874882342439e+01,-9.355125187050374436e+00,-6.475998511345379960e+00,-2.431612593076351025e+00,-3.206510258216783704e+00,-1.131276256216903775e+01,-1.379862398777337873e+01,-4.711536271431974399e+00,-1.375099943267977132e+01,-2.830555711271482533e+00,-1.950785089975989317e+00,-1.535260526313489393e+01,-1.026882344669496661e+01,-2.881461544730774094e+00,-4.457980223437755463e+00,-3.266110969292537192e+00,-3.520110647295700002e+00,-8.143063263416605579e+00,-5.001295546366707256e+00,-8.738247216967724995e+00,-1.564460330904072904e+01,-4.722182286382729188e+00,-1.330516907037985064e+01,-1.182845025936207994e+00,-4.370554347611715684e+00,5.783759102761728554e-01,-6.615416695458357310e+00,-3.298725107028290804e+00,-6.523581318125533102e+00,-5.489993411618410590e+00,-3.249349285210976657e+00,-6.442826220231361312e+00,-4.525144398875077023e+00,-3.772618142984867529e+00,-4.789784231166824391e+00,-1.794439071791332774e+00,-1.463930247664954010e+01,-8.217190213738529536e+00,-2.247350340858247364e+01,-1.328497467834188761e+01,-1.111715523987170329e+01,-7.196863026318988332e+00,-9.931184914281315557e+00,-1.076751245385145239e+01,-4.775984781726656525e-01,-1.307810240609987318e+01,-7.747401020526378801e+00,-1.530974996696526258e+00,-1.450363395423527280e+01,-5.273697387553848870e+00,-4.576325627413175390e+00,-8.864485809097217839e+00,-7.824466262491873714e+00,-2.369620536570096192e+01,-4.194340260615524230e+00,-7.567011781572698048e+00,-7.517465863305452523e+00,-6.245163829613053608e+00,-3.520706150602626927e+00,-8.497404516156665366e+00,-1.640708449332863239e+01,-1.999764712921894505e+00,-1.365280114792504307e+01,-4.840600307862611196e+00,-1.052172105529249535e+01,-9.240004597506658257e+00,-1.539414053604689414e+01,-5.512734045705116159e+00,-4.803950365597808414e+00,-1.092618305289947500e+01,-5.813452470200154210e+00,-7.378295634733033737e+00,-6.362327607064502288e+00,-1.115435378199739347e+01,-1.216487197407688470e+01,-4.921160949907764426e+00,-2.798344603434796340e+01,-4.302520954181111357e+00,-7.888969385427127001e+00,-9.866204348115811484e+00,-7.147461110161801301e+00,-4.203875828643667489e+00,7.076502173150633901e-01,-2.763737199073575290e+00,-8.537945494078671871e+00,-4.887019474243341932e+00,-1.072539347059033332e+01,-7.967251299617339910e+00,-6.275852908429768728e-01,-1.561130901997742448e+01,-8.483549336044386990e+00,-1.947134500228997567e+01,-6.056692852528559712e+00,-1.137154790562017848e+00,-2.284151356653149278e+01,-1.114884099627843916e+01,-4.546757214607171638e-01,-9.609943197757765176e+00,-2.599197849806848648e+00,-6.121573945983877607e+00,-8.987609147101490947e+00,-2.958926204405772253e+00,-6.430239558614083251e+00,-9.172150464221649813e+00,-1.354963513314081069e+01,-1.173482824619154741e+01,-6.295055722413608557e+00,-1.512214595795813210e+01,-1.518473667158609075e+01,-1.926100700180550263e+01,-9.672059637488290562e+00,-1.580193072178439628e+01,-5.641494748764133149e+00,-8.327233544516458252e+00,-7.567237940810276342e+00,-6.504992929563395698e+00,-2.352104597349027770e+01,-1.859780086876707372e+01,-7.074298818830290436e+00,-1.210521562744570900e+01
-1.622314229033993271e+01,-1.407934637847684556e+01,-9.303118591399133663e+00,-6.998744148611369731e+00,-7.988732944098729583e+00,-1.020820454095589369e+01,-8.763385306558436838e+00,-1.092128797021182329e+01,-1.830896218186046909e+01,-8.617884518634655322e+00,-8.585490082147755331e+00,-3.623673257324180952e+01,-1.698854396970023473e+01,-1.787181288038187077e+01,-1.672442744338643594e+00,-7.544887602129096038e+00,-1.110386894253632128e+01,-2.269455926874238028e+00,-1.061872040783610771e+01,-3.666535887736257493e+00,-1.230924098501099628e+01,-1.778832138516871808e+01,-7.832485324429447004e+00,-8.480582451452864490e+00,-1.611613311733591303e+01,-4.469292969198777499e+00,-6.916424397925946543e+00,-1.097827409882324368e+01,-1.041979401103972869e+01,-4.487393899825999455e+00,-8.379599055398971430e+00,-4.319680557493700945e+00,-1.407465942137872617e+01,-1.881851276906974491e+01,-8.577344748276402697e+00,-1.222511491696883290e+01,-1.595187286063664800e+01,-3.563787901380709222e+00,-1.764591065589574015e+01,-1.235013013316189401e+01,-3.375085393448493232e+00,-8.461459412177269712e+00,-1.186976145858570852e+01,-1.700940032232760402e+01,-1.039236729368781020e+01,-9.162113465247193389e+00,-8.356686881627792829e+00,-2.874332721034445370e+00,-1.809611909446591582e+01,-1.543640251348487702e+01,-1.962275662535530429e+01,-6.214501084341176096e+00,-6.630046954668334713e+00,-1.040654144863948716e+01,-1.784735754614622749e+00,-5.280798192149967818e+00,-1.480726047265423340e+01,-4.645048121335011437e+00,-7.193224190184015043e+00,-3.020422733050573516e+00,-6.019187398523496491e+00,-1.666315720516304211e+01,-8.910068123899785419e+00,-5.889761114756140614e+00,-1.880914348914640399e+01,-7.397878453418174516e+00,-1.950299794504875450e+01,-9.392767649647687733e+00,-9.817589925003689544e+00,-1.583324189124850179e+01,-1.238869765182795035e+01,-7.306689593260101034e+00,6.314600896846793709e-01,-5.562502366219236549e+00,-3.049278752925928870e+00,-1.169390077210270817e+01,-9.460475127436019704e+00,-4.109512871990845895e+01,-1.378796104599542360e+01,-5.627514775220402221e+00,4.833841350893389732e-01,-5.830113009907083921e+00,-1.642049710509857618e+01,-1.799684668685470612e+01,-1.157199798226336185e+01,-5.960208227731732755e+00,-8.953927357963385347e+00,-6.656451992942935547e+00,-6.353122678959052472e+00,-1.600606621975807542e+01,-6.054794783782488032e+00,-6.723626682961074685e+00,-1.075262213715184778e+01,-4.121099259357441369e+00,-7.501110528433381219e+00,-1.289081616527659513e+01,-2.675232313594054112e+00,-3.385047499646045566e+00,-1.240836505974382442e+00,-1.035383139257190344e+01,-9.465183524059316511e+00,-9.410840835965011308e+00,-8.549101886759601143e+00,-7.264699989598225827e+00,-9.212455335884881080e+00,-9.397530827862631497e+00,-1.152572939164297239e+01,2.251732956500503424e-01,-4.448898892696913521e+00,-7.487580981960349824e+00,-1.962611213673925903e+01,-5.075859793267242459e+00,-4.907890294832957245e+00,-3.949446284963343157e+00,-2.373296991144068357e+01,-4.899219379452760315e+00,-2.080000574008651171e+01,-9.550339177874921148e+00,-1.151781804943964538e+01,-5.309759608388917584e+00,-6.960045355818749613e+00,-4.387473928997172834e+01,-4.994766508537709093e+00,-6.418602672815667987e+00,-1.055768774972311164e+01
-1.328783161865247031e+01,-1.693359352165132492e+01,-8.624148166696667062e+00,-1.719705322805348757e+01,-9.020027037981195761e+00,-2.306533420102330645e+00,-1.540465535563713928e+01,-4.079141214354990552e+00,-3.077354877930563504e+00,-9.737554378707644176e+00,-1.533844665469747071e+01,-4.788097148068070297e+00,-1.032454071213345692e+01,-6.017645331558719946e+00,-1.007958859438427890e+00,-6.322467947776420516e+00,-9.106080387331198622e+00,-5.053141820321929600e+00,-5.283044288354680873e+00,-6.629065932011387829e+00,-7.815666715166948997e+00,-7.929558357356308207e+00,-9.914878718350983888e+00,-1.154902489560772594e+01,-5.558128488429109559e+00,1.935716903897577168e-01,-9.721398630041612421e+00,-3.945591024128680679e+00,-1.274129347977095961e+01,-1.276206219792551266e+01,-3.296865160181952525e+00,-5.978526896628504339e+00,-2.256641331434820685e+01,-7.409316165360360529e+00,-8.231502916282400051e+00,-1.651220222261701664e+01,-1.125327056038655726e+01,-5.368366059942375479e-01,-2.505491326488833081e+01,-8.131205346960774349e+00,-1.072817531515728362e+01,-2.451016616032461926e+01,-1.718971233878542293e+01,-1.204881420054031871e+01,-4.584411063577857881e+00,-2.242057737220462599e+01,-4.604270597159172418e+00,-4.241674137276884582e-01,-1.418201772260538363e+01,-3.840104682835362659e+00,-5.327196580798912606e+01,-1.485912019104812565e+01,-8.650736455384002710e+00,-1.788747648942827695e+01,-1.196641598891735470e+01,-9.685625013619187484e+00,-1.026753476940596954e+01,-9.613667877837656306e+00,-2.895787632581176041e+01,-5.484598715874554387e+00,-6.923148403163344788e+00,-7.740097529761009731e+00,-3.096510615920737397e+00,-1.496917941911626215e+01,-1.209669686674695654e+01,-3.730286486007408087e+00,-2.253490307848594654e+01,-5.705172248613727959e+00,-1.910249732157023317e+01,-1.643111085063164367e+01,-4.866139883894867069e+00,-4.331114748883613252e+00,-1.005304018414987866e+01,-1.956833728611933054e+01,-5.241804479997421495e+00,-9.305039514534760414e+00,-1.965546080612335444e+01,-5.575066011568406310e+00,-1.765981171031322106e+01,-3.583457308214307524e+00,-2.881215541582155648e+00,-1.488845972199177581e+01,-5.774326288743965030e+00,-1.667245001727879838e+01,-9.014339920357500091e+00,-1.249493378448803682e+01,-3.209745444268987313e+01,-1.221726242495412507e+01,-4.161907984268615301e+00,-5.444695346981919037e+00,-1.441270096301016324e+01,-1.112073453829252934e+01,-4.224872835394387849e+00,-7.552257067411328961e+00,-1.181909589281964834e+01,-1.195022856852439830e+01,8.272831598160751421e-01,-6.691100179838111117e+00,-5.703334187254240462e+00,-4.795474135280401562e+00,-1.692846720691695594e+01,-6.168843532280333442e+00,-1.003433644660927726e+01,-4.418539406814372406e+00,-1.265423967354275447e+01,-8.115627938544491826e+00,-7.641209790206930030e+00,-2.024223118589379755e+00,-1.275560137587558884e+01,-4.364541052952494837e+00,-9.626049001177179321e+00,-6.524633355235874177e+00,-3.152566344017062594e+00,-7.661996830812461745e+00,-8.472564396313956081e+00,-3.302381600336696393e-02,-1.384116107308446963e+01,-1.735526501350787498e+01,-1.962405203054757763e+01,3.398603876360148379e-01,-3.577349617705777085e+00,-5.002560666228359487e+00,-1.506533652435526616e+00,-1.167976239334197253e+01,-1.108669269824231307e+01
-1.078904404480113399e+01,-1.488768343153163265e+01,-1.302556138680334996e+01,-5.255965256441811562e+00,-1.536551834934256533e+01,-4.996501586208824897e+00,-6.388036595533613138e+00,-1.214683458487798262e+01,-1.065788663032855155e+01,-5.718678465148283152e+00,-1.632584321936159455e+01,-6.829700826831607507e+00,-7.601643128890980705e+00,-3.298566679745196240e+01,-1.275996999630229567e+01,-1.068407176911359713e+01,-6.653014920853514980e+00,-1.898504752821979502e-01,-4.558054063558840241e+00,-5.981106360014796230e+00,-5.465501598908558911e+00,-1.364616376415350629e+01,-5.328752399264011785e+00,-1.000051035596486315e+01,-6.318729612168771048e+00,-1.000228686490035912e+01,-1.944169519628750820e+01,-1.222565337381555040e+01,-4.322175300164633249e+00,-1.268198868683425928e+01,-1.302857648290931714e+01,1.062471853901084451e+00,-1.066377998407199357e+01,-6.089915371036075165e+00,-6.056555943723093804e+00,-8.248259550118962835e+00,-9.483878286838066884e+00,-1.445214487582616059e+01,-1.936395223654821862e+01,-1.306774059666831889e+01,-7.493619226589332882e+00,-1.247548083393901841e+01,-5.691328006786106286e+00,-1.614720698258295073e+01,-1.050562246138861155e+01,-1.216000418408031747e+00,-1.188343248328250112e+01,-7.831307851971275547e+00,-4.878489145920368308e+00,-1.076109169719762804e+01,-1.246631501855510571e+01,-4.767086047564320417e+00,-6.550910531522536218e+00,-3.366338224419733738e+00,-1.538140505786893186e+01,-7.039033835818655493e-01,-4.426009914640647303e+00,-4.969133362950707067e+00,-9.750521688406635690e+00,-7.231965992065284787e+00,-9.231594845555839868e+00,-6.978243801358907206e+00,-1.232497362141782737e+01,-3.716527441848194169e+00,-1.408574091514697457e+01,-1.930793309050982742e+01,-5.235140678773662515e+00,-8.141169512252018237e+00,-1.696376927976824334e+01,-1.084094483863682079e+01,-1.779161507879698689e+01,-1.034132934133940296e+01,-5.952258986018357234e+00,-6.746938064313418693e+00,-3.564639546600886000e+00,-1.699270559498140898e+01,-2.021872449408368411e+01,-6.619235606074904688e+00,-8.964427265555272584e+00,-4.483689633991040147e+00,-9.330262264771249647e+00,-7.029651103238144572e+00,-6.247494531090820757e+00,-2.217793411864239062e+00,-4.494884906406866776e+00,-1.475968657100757397e+01,-2.363733990466201718e+01,-9.502921856092076069e+00,-2.215582622307639693e-01,-1.110482500672360828e+01,-6.155962482840862116e+00,-1.574828222020625290e+01,-1.327079206265688249e+01,-9.184798593463231242e+00,-1.650274840532834375e+01,-1.023677665161244477e+01,-5.311898047111308863e+00,-2.966159292596919794e+00,-1.896213719911877860e+01,-9.647162848947472114e+00,-2.248450156599101035e+01,-7.713062787853123936e+00,-3.465390620510142572e+00,-1.548775455629498765e+01,-6.244413992300969163e+00,-1.239705442976390692e+01,-2.429045739936958714e+00,-6.033816799192742941e+00,-6.311852123209757970e+00,-3.135099815296216619e+00,-9.639036951216858995e+00,-7.533446208831156454e+00,-1.087944047148923410e+01,-5.884014854631457681e+00,-9.535344825744012098e+00,1.954782099860274069e+00,-1.416092113698828925e+01,-1.285955703374393266e+01,-5.799792205273027079e+00,-8.630644925067585405e+00,-7.054105863108556029e+00,-1.025549574148190324e+01,-9.980282828467254674e+00,-4.626883550056818173e+00,-1.176253048517851596e+01
-8.211892319992065481e+00,-1.076396398036439095e+01,-1.642824999131604358e+01,-7.644258877559084731e+00,-1.268282621311555225e+01,-7.964858039984036076e+00,-4.380717269476163800e+00,-1.242669405967679808e+01,-1.236989426800765024e+01,-2.027537049417853954e+00,-2.937839584646965108e+01,-2.916254149014362973e+00,-7.509423018369770553e+00,-1.469818845893905923e+01,-6.601821572860661291e+00,-1.268695888189258270e+01,-1.040842871327467112e+00,-2.908334526204830794e+00,-3.977023629315543651e+00,-5.305551288668331367e+00,-5.361880048848735036e+00,-6.709966838593049765e+00,-6.680510680751297059e+00,-4.687102287502791231e-01,-5.384395584218232500e+00,-8.680678926668923268e+00,-1.245009242705256547e+01,-4.628071401306353749e+00,-1.733905056697905422e+01,-6.962658921788847266e+00,-1.153895295510239194e+01,-8.194615443958080947e-01,-4.314703707914981479e+00,-1.026404820930819284e+01,-4.151793015801445108e+00,-5.627576551946020800e+00,-6.412784726500367682e+00,-7.884724235284117810e+00,-6.449133227985872630e+00,-7.939112684995015101e+00,-1.540792226162835732e+01,-1.730182247112245975e+01,-1.532500348871109086e+00,-1.442185342186638408e+01,-7.824654005038402360e+00,-7.621150471382063252e+00,-2.086887796282507423e+01,-2.512816309117939539e+01,-9.166257195638040756e+00,-6.221626037041034785e-01,-8.703138127142226566e+00,-1.256036215254019162e+01,-7.828957437656055340e+00,-1.209102110452460721e+01,-2.914713138031029160e+00,-1.473014255781824922e+01,-6.920032503929648193e+00,-1.852975709543829730e+00,-7.448576153951423251e+00,-6.683714854106889369e+00,-1.282915665623662704e+01,-5.129158278881837951e+00,-8.322266311092702651e+00,-1.044499557353543295e+01,-1.128786362736296667e+01,-3.141358829411488696e+00,-1.285869844720985355e+01,-7.749492245657139122e+00,-1.062475962157462916e+01,-5.156200946055783163e+00,-6.499852233503721877e+00,-8.471034379858860319e+00,-8.006593235649791751e+00,-1.129827643894785183e+01,-8.863750911685423617e+00,-6.103668414785486718e+00,-1.966188316903744493e+01,-6.046257646650436079e+00,-1.732778077116999427e+01,-8.949619732377984249e+00,-6.614535538491342237e+00,-4.219792673801855187e+00,-7.311682037380595744e+00,-1.033691550487200672e+01,-1.466544119816283498e+01,-6.594865313065154666e+00,-8.787549214696749544e+00,-7.144979377360610506e+00,-6.295740087762386139e+00,-7.472537134681582316e+00,-5.370944607080599731e+00,-2.597871384107764747e+00,-6.845563211285375260e+00,8.989722922002579830e-01,-8.427170240466704598e+00,-8.174278857593385794e+00,-4.672677987219232776e+00,-1.224216241865135046e+01,-1.253107208026930408e+01,-1.629996890147369371e+00,-1.174739463788804983e+01,-1.485642625780316983e+01,-5.387260985094640020e+00,-9.215395156942536303e+00,-4.807672842018401838e+00,-7.362169913994098813e+00,-6.524088034718563023e+00,-1.395325802147533212e+00,-8.174961666100335478e+00,-5.214218327140075715e+00,-1.668590345270376574e+01,-6.689094660193902975e+00,-1.308575769885960582e+00,-9.728291637617328291e+00,-9.282766910441078156e-01,-4.628700623756496491e+00,-9.206268648227425189e+00,-6.770178203837263098e+00,-1.074942688190392737e+01,-1.541184628097910192e+01,-1.165215983758351825e+01,-7.470097968195275051e+00,-7.512351473398599211e+00,-8.992447080730396891e+00,-8.384251785109830379e+00
-5.896300776007326050e+00,-8.310729990317144100e+00,-9.908382458626828537e+00,-1.972168867870239595e+01,-3.549464083802869041e+00,-6.355948710490303633e+00,-4.119003007612839440e+00,-7.517430316187065920e+00,-1.980760382654591645e+00,-4.990603829112197687e+00,-2.433522252622854154e+00,-1.193023777903438720e+01,-1.135528779406873667e+01,-9.802555685994487789e+00,-2.363162840406826604e+01,-1.829349151022865883e+01,-5.129861772800948572e+00,-1.099804047575197785e+01,-3.858453313307014021e+00,-3.285124165714975675e+00,-1.301377686747875018e+01,-7.164537040257056510e+00,-1.195252656101281019e+01,-2.479117327017863193e-01,1.942614504132260222e+00,-4.303219996562600791e+00,-1.198038978142110089e+01,-7.456503030918293362e+00,-1.299161167616880519e+01,-7.884526332882626498e+00,-1.805673224554714551e+01,-7.442042134532292685e+00,-6.684327273776434097e+00,-1.479868414286390710e+01,-9.445823590667313141e+00,-2.474147508560276876e+01,-8.675434840249046431e+00,-1.230458796381420150e+01,-4.853925651734709135e+00,-7.006899659937149138e+00,-7.888150656575643183e+00,-1.468194224752179267e+01,-4.631081527640722229e+00,-1.716679713675565466e+01,-3.665712189322536396e+00,-1.273848894992567971e+01,-1.422574470767483668e+01,-7.879953862883798621e+00,-5.938364788056160748e+00,-1.205497659540926358e+00,-1.230673003400301369e+01,-6.826828914206680921e+00,-2.711365521300209736e+01,-7.276536675266370935e+00,-1.173506053246853398e+01,-5.567741166717924628e+00,-8.145573071843374535e+00,-8.814773589324275349e+00,-4.366552981159833813e+00,-3.456537055762080701e+00,-1.869428804205601224e+01,-2.759387946998481311e+01,-1.780873033585230658e+01,-2.373786668056542037e+00,-2.208015248906611561e+01,-7.667067031653900244e+00,-7.045817692598211224e+00,-1.063195290447582586e+01,-6.516129585633451349e+00,-7.409826906551844061e+00,-3.999625352068777673e+00,-5.201900751703615100e+00,-1.683614511244994727e+00,-6.183249900507145069e-01,-9.578835342146325260e+00,-1.574569851674642251e+00,-7.106589258565766620e+00,-8.098690732051686325e+00,-1.636409002781605082e+01,-6.456843113397404466e+00,-8.852107456422293907e+00,-5.569935332012812879e+00,-5.589287362562513906e+00,-4.795275909178228879e+00,-5.133908437176835093e+00,-2.238016579452666743e+00,-1.840493794837909647e+00,-5.267347978757737081e+00,-3.990793960529331663e+00,-4.844254168327720933e+00,-7.240699194182997900e+00,-6.962320282531077709e+00,-6.851795504777453694e+00,-4.543840483856430801e+00,-5.470359605345351817e+00,-8.255763970547215891e+00,-1.030902583566679809e+01,-3.791216765041046877e+00,-4.706488369263450267e+00,-8.163894956394251778e+00,-7.625429977063150844e+00,-4.976016538637055397e+00,-1.500923381299249471e+01,-1.684021348602541934e+01,-1.231685499503899095e+01,-4.513226714079224600e+00,-1.206142038374379410e+01,-3.038338360712730779e+00,-8.033527356721716473e+00,-1.050336531301042875e+01,-1.357809053006368316e+01,-1.015018502195069772e+01,-7.875044284007406858e+00,-4.916067941203398739e+00,-6.304243343592154325e+00,-7.270887262905433523e+00,-1.146248139899276985e+01,-8.164584819584838726e+00,-3.585290934380394035e+00,-2.655504706466081899e+01,-9.522297067954077487e-01,-8.494390414564440661e+00,-6.282172159485827301e+00,-1.922487013182648496e+01,-1.336494287865923170e+01
-1.269902848817184449e+01,-8.605794495269726951e+00,-9.607004842237298448e+00,-2.362654232074459770e+01,-6.268956852702879168e+00,-1.073804464365943723e+01,-3.017890827718800573e+00,-4.062572834299103874e+00,-3.048714261303961948e+00,-2.608892617114345569e+01,-7.846233411405931335e+00,-7.217362250493867037e+00,-2.767525497527889122e+00,-4.841908409693127524e+00,-6.350083306354040502e+00,-7.288497977245328663e+00,-3.697904400184791385e+00,-8.881443773745855808e+00,-2.389361194225748442e+00,-1.168746865227840459e+01,-2.756493773613732490e+00,-6.340080457970542760e+00,-2.088417587644499473e+00,-6.115724305983381903e+00,1.886101620106508392e+00,-7.009709122729343989e+00,-1.406973396822376188e+01,-2.593033019429050512e+00,-2.389587490080158805e+00,-1.279110937850899354e+01,-1.259329903071815338e+01,-1.601876457814850774e+00,-3.161216967702937364e+00,-1.446394075255619249e+01,-6.870827848659080139e+00,-1.071684534815154777e+01,-1.006516823817191586e+01,-1.535446142220541077e+01,1.253070364169704076e+00,-2.287030345181349400e+00,-9.486539543721422163e+00,-9.668737441521203735e+00,-8.452121575045772772e+00,-1.903441762913088553e+01,-6.276477269491681277e+00,-1.655523057551738475e+01,-9.678611621717250202e+00,-1.642480356149050635e+01,-1.340441504391720073e+01,-1.299881314364057072e+00,-1.967715430748476546e+00,-1.256920583639452860e-01,-1.385711400438263752e+01,-1.553958665236953429e+01,-1.968782354044684269e+01,-7.455393306959088306e+00,-1.170750009054071050e+01,-1.372746027942671709e+01,-2.326792490841643080e+00,-9.523422615212059128e+00,-3.133023150868154971e+01,-2.036297953159832197e+00,-7.331259965370280796e+00,-8.361501458864459835e+00,-1.770352260585689663e+01,-9.036404427634657566e+00,-6.481625140269283492e+00,-1.319524680699213093e+01,-7.894502750239210442e+00,-3.042494374482982877e+00,-1.718618750987860100e+00,2.166535581711223069e-01,-1.555622523336079865e+01,-2.896499324762664695e+00,-2.768206767856672634e+00,-1.163730790548312477e+01,-4.052485231177961111e+00,-8.192398214506766863e+00,-1.065914042293974084e+01,-1.010868115324976380e+01,-6.159825456822906276e+00,-5.937031238494620666e+00,-1.553915935809408921e+01,-4.462278203717421121e+00,-4.430523237296847938e+00,-2.249246570947727619e+00,-5.230300691462193008e+00,-1.608678681520775555e+01,-9.830955443594969978e+00,-2.790375613942957855e+00,-9.627489795971245101e+00,-7.466752406478184056e+00,-1.434646096118819436e+00,-1.085976898359180431e+01,-3.163808304385662962e-01,-7.119558149550489823e+00,-1.950909724797244893e+00,-6.018215468880471875e+00,-2.969890452970109340e+00,-4.328736177998118606e+00,-3.426029649872990746e+00,-1.816372228837487768e+01,-6.399352480484346017e+00,-1.753785098755085059e+01,-7.992562585457669400e+00,-5.374555626967566724e+00,-1.509905023467674212e+01,-4.938374849666089972e+00,-2.282564186204071532e+01,-1.296677960926715834e+01,-1.840112301416164442e+00,-1.534672481089100771e+01,-1.368735004865437688e+01,-8.866985023069496208e+00,-1.674107934764901628e+01,-6.176430899983747835e+00,-6.508548691502519468e+00,-1.863508830074780320e+01,-1.566041733738136799e+01,-3.892453669273241434e+00,-9.750648464354757294e+00,-7.450085438695817075e+00,-1.103418872854116373e+01,-1.094977202646387582e+01,-1.720804919738107586e+01
-2.287727949372310476e+01,-1.144708040335215848e+01,-2.177652657958142868e+01,-3.473490765625962151e+00,-5.046479491830469399e+00,-7.069107668809509804e+00,-8.382427060047323408e+00,-9.318731283367650775e+00,-7.349047227677719007e+00,-9.897473755672723250e-01,-8.063630373896748083e+00,-1.365036886273412264e+01,-1.878962631461882182e+01,-7.540346228098201209e+00,-1.246854961029610109e+01,-1.940973665463094022e+01,-1.146427608203730308e+01,-4.802584407168838609e+00,3.492893343473041368e-01,-5.551713327057998804e+00,-1.958437944408472831e+01,-5.798202716904810039e+00,-1.793054719522635176e+00,-1.343643127632651435e+01,-2.261648884872982546e+00,-1.660537140447319615e+01,-6.341017978391616516e+00,-9.875940648380904463e+00,-5.296948132915783702e+00,-7.690803308300995234e+00,-1.145475636717591605e+01,-9.126322496543481932e+00,1.648886850137646909e-01,-5.026827017224164251e+00,-9.167885724597307773e-01,-2.290317849922951510e+00,-1.880179807058073749e+00,-4.588728566959060728e+00,-5.742930308511075665e+00,-1.941555807513445364e+00,-5.972878329992923341e+00,-4.400736489694033082e+00,-8.462884663450607192e+00,-4.339790138539591169e+01,-2.207701068636692554e+01,-1.231469381707369415e+01,-4.555974229347368620e+00,-7.939563636063095231e+00,-7.132835305999636333e+00,-8.581930453105071521e+00,-6.365313333123098438e+00,-5.437531738300215522e+00,-4.189046301671831785e+00,-1.503632287936601486e+01,-2.019589997462313846e+01,-1.799273009920059252e+01,-4.935418394023027844e+00,-8.389054344468906521e+00,-5.432271172241891932e+00,-2.090531203898202239e+00,-8.472366387936336452e+00,-3.082748975954566539e+00,-8.893013211928931128e+00,-2.722488790095572142e+01,-5.445373779421553095e+00,-1.305004492422987283e+01,-8.323196026081559395e+00,-1.065036773901396217e+01,-6.101617176011657762e+00,-1.323947195135952493e+00,-2.920132621729219391e+00,-1.765789589369555435e+00,-1.518038501172331856e+01,-5.340073440971658592e+00,3.340439487111638961e+00,-8.883539651282216454e+00,-2.231083077709744913e-02,-1.888978679220364398e+01,-8.467898483303752499e+00,-1.091209819313475826e+01,1.525978886200661133e+00,1.169756232003398733e+00,-1.502414489070579684e+01,-4.513227176220957482e+00,-1.724652893081870308e+00,-6.421979569328221338e+00,-4.327796499601605618e+00,-6.472027138977068716e+00,-9.957963988878589134e+00,-1.593781594953494007e+01,-6.190082074234765308e+00,-1.285259084412427910e+01,-3.024328953326270941e+00,-1.453416768032927298e+00,-9.651802264356147631e+00,-1.160859454852906314e+00,-9.364649045254633819e+00,-6.724644536483528334e+00,-1.262483365792524914e+01,-5.752777179255406104e+00,-4.107932498525458165e+00,-1.230853572975947507e+01,-3.691761183924404222e+00,-9.485044963961076547e+00,-1.993029275747804263e+01,-2.507627110074377441e+00,-1.518183949960613432e+01,-1.148938280772356180e+01,-1.420143803243243497e+01,-2.669218325394708913e+01,-5.426757539079888559e+00,-1.164621634054983756e+00,-5.524193508122900553e+00,-1.070827030525237689e+01,-1.534256615945022517e+01,-6.588536921648737277e+00,-7.418127535927629523e+00,-3.768942391463707686e+00,-1.224674159672941620e+01,-8.465112906250404023e+00,-6.234257033352670341e+00,-1.317001965704139721e+01,-8.580052140046301901e+00,-1.518665261632500219e+01,-3.530396001384617932e+01
-1.302157172923417505e+01,-1.071363953981611772e+01,-9.233730068733295937e+00,-4.805693811796939663e+00,-1.053233204427703296e+00,-1.418701055004537537e+01,-1.922345799464858374e+01,-7.487102565617426819e+00,-7.941711261702803171e+00,-1.201453480912986649e+01,-1.595973733065453537e+00,-7.359518017153076741e+00,-1.769578761352670115e+00,-6.100978157026341719e+00,1.678649409954043659e+00,-3.002908439891469605e+00,-1.462919998033227031e+00,-1.362053379599639236e+01,-1.092083287694245186e+01,-7.145041739162412142e+00,-2.212900359543511541e+01,-2.557211848294784762e+00,-1.560255237042957432e+00,-5.683708564307909938e+00,-3.691434899240615408e+00,-5.197475592883776585e+00,-2.041710683871216503e+01,-2.733709775413009080e+00,-6.219095065480950701e-01,-4.956197547868256059e+00,-2.016502948937106243e+00,-1.709076965238809809e+00,-2.969188674391805449e+00,1.114775849236184557e+00,-1.173985833442706550e+01,-4.019830678618051323e+00,-7.983460455324644656e-01,-2.405983019984287097e+00,-1.125438808707201410e+01,-4.366523735123898575e+00,-6.258192837132957598e-01,-6.443173568980625987e+00,1.627683833441790684e+00,-8.365385208302267728e+00,-6.736354696103166617e+00,-3.616303765772479917e+00,-9.558792388928674555e+00,1.750039076479179556e-01,-3.893841776168600166e+00,-6.933920064588658505e+00,-1.141835705618323482e+00,-1.721666810328807173e+01,-2.949836823217370618e+00,-5.966993785479926871e+00,-8.600867156752871168e+00,-5.016465882155492828e+00,-7.606067304297444487e+00,-3.294789922127075776e+00,-1.226850527164433435e+00,-1.061556090132751606e+01,-1.929463563237334256e+00,-6.874568722632873552e+00,-3.491461525639812713e+00,-1.430634536028474102e+01,-2.492061014436397048e+00,-2.947162520525533402e+00,-8.074769280531050697e+00,-8.472133370222930893e+00,-1.613835226776946641e+01,-2.192750181506443852e+00,-1.094726026942947072e+01,-3.705736290548505174e+00,-1.629220135781226020e+01,-9.898032849992688398e+00,-5.112051996821910249e-01,-4.060290750216215550e+00,-3.071798559552986418e+00,-8.431623104392350854e+00,-9.860864066348666856e-01,-1.113351700346641104e+00,-4.389577815638070035e+00,-3.538166699685336880e+01,-3.620689135531447445e+00,-2.205933613166930929e+00,-1.270940779821360334e+00,-4.485880080822653326e+00,-8.470737397224212373e+00,-9.196581545712346761e-01,-2.931366798749420077e+00,-1.032686252477258471e+01,-1.850060436320855928e+00,-1.511412126954718715e+01,-6.916718042296037261e+00,-1.132223222802794282e+01,-1.426288579970906056e+01,-5.120096544386429471e+00,-3.110807675011705520e+00,-7.338701060406624954e+00,-6.141431595741156713e+00,-4.956024683620981364e+00,-1.908627360467606282e+00,-3.512531927556144851e+00,-6.305418285058053129e+00,-8.360530771557606045e+00,-1.093150881108424244e+01,-1.238376335257587968e+01,-5.215364240717902611e+00,-4.886503469222647666e+00,-5.943678948089649694e+00,-3.013284606516608566e+00,-1.044252889869723866e+01,-1.093631045186037376e+01,-4.154092939819978625e+00,-3.361689917424868668e+00,-5.991860123424793017e+00,-8.426326219266282891e+00,-1.816897728469089257e+00,-1.255920480392230587e+01,-6.426839984873538469e+00,-4.766866457449516759e+00,-8.544161464535118711e+00,-7.059542715799638657e+00,-1.552555132689135853e+01,-6.665669773371907247e+00,-1.642405356987468679e+01
-1.422178071246018582e+01,-1.450853886962806527e+01,-1.657892186251211442e+01,-1.234075722366543992e+01,-6.931808905698537693e+00,-4.681124256465485800e+00,-1.931196001226493930e+00,-2.897959345608188464e+00,-1.472173227785869898e+01,-4.796652976122585121e-01,-5.035403714474091075e+00,-3.642643140426535808e+00,-1.073547266510948672e+00,-6.871836589393027772e+00,-3.865505025861665445e+00,-1.149890890136741817e+01,-1.198977533407653340e+01,-1.400492964879372693e+01,-2.310243424430325210e-01,-5.082885061144713390e+00,-7.388956622640471039e+00,-2.778638181885360048e+00,-7.051725528007262156e-01,1.049769959439021072e+00,-5.480793590394460679e+00,-7.655119138768791132e+00,-2.111037229167997520e+00,-2.111843036990293143e+01,-2.074045000826524543e+00,-2.617593680823832702e+00,-1.245242534965834480e+00,-1.213962408583967978e+00,-4.574386663750055426e+00,-6.476033588757148962e+00,-5.317679809742048569e+00,-1.418645234850573544e+01,-3.568042657307759935e+00,-1.814010933478290966e+01,-3.758692018729947293e+00,-7.803704614483826241e+00,-2.954911196837728404e+00,-7.077925403778825064e+00,-4.902425080507476274e+00,-9.533321507535564621e+00,-3.703716013153975695e+00,-3.482490203665627337e+00,-7.960889949691164702e+00,-1.046284974446787253e+01,-1.393747045359132386e+01,-4.983102939592857439e+00,-1.175839823496168712e+01,-1.521033928781872291e+01,-5.045457141018337310e+00,-5.806180892730294474e+00,-3.069884145770754191e+00,-8.156293699670092989e-01,1.132221331741630532e+00,-4.987540161641009995e+00,-1.105946832301309968e+01,-1.630798775979890891e+01,-2.491428313496311109e+00,-8.615203716482408680e+00,-9.436062732571487643e+00,-1.866938744875028533e+01,3.876008964526131417e-01,-3.143615019028108026e+00,-5.601868188704052898e+00,-2.842963245525802041e+00,-7.298845103145772839e+00,-3.836049141969301690e+00,-1.874573458453938857e+00,-9.610617216323467937e-02,-3.490426467763392271e+00,-4.925462970996722589e+00,-4.285660146860203135e+00,-1.980076402302419325e+01,1.513480040497576340e+00,-2.891402063940482048e+00,9.032757732634137948e-01,-6.153626715685165394e+00,-8.851841037752755659e-01,-6.540617788333655369e+00,-1.339990908620880106e+01,5.167996655024085229e-01,-4.198970418467268040e+00,-2.658754261693556664e+00,-5.450619129627879644e+00,-8.071025750491907402e+00,-1.811792022870918828e+01,-3.171054906502091875e+00,9.439977536291216387e-01,-6.197299950631345311e+00,-3.252072719625504593e+00,-3.173813296995851463e+00,-5.422004075387556910e+00,-1.611973821084141179e+01,-1.226052924667293453e+01,-2.075932788516560823e+00,-6.834298924672412845e+00,1.187822219636667898e+00,-1.028972021581560314e+00,-1.487204821445414815e+01,-1.333230814752934990e+01,-4.100214677079899062e+00,-7.409635438659885054e+00,-6.974311853016658125e-01,-6.166949030009998722e+00,-4.396735432134258659e+00,-2.522611145046888481e+01,-2.103461416233368908e+00,-1.147694544821217022e+01,-1.694188969955638768e+01,-7.692401656142906496e+00,-5.136406873659105976e+00,-4.471394134590894076e+00,-3.015237311050321001e+00,-6.431982299606882947e+00,-2.211414954945812195e+00,-7.010397735748408188e+00,-2.718748508350501325e+01,-1.540926983916211768e+01,-4.066441118110739161e+00,-2.707590696013327136e+00,-3.495710623995332611e+00,-9.536665882102308700e+00
-1.519347227068719342e+01,-9.695627094160956361e+00,-1.088421854203805061e+01,-1.105418950448619952e+01,-1.606534304497564847e+01,-1.340344304594777647e+01,2.084349378046579382e+00,-5.187886939997149227e+00,-2.158415536187423545e+00,1.431792671765967029e+00,4.022308566436494814e+00,-1.321764217955685439e+00,1.386732716265197674e-01,-1.061051077061744508e+01,-1.250354638930948425e+01,-1.682747672052893861e+01,-1.181741753761968283e+01,-2.574915509905204569e+00,-1.052199910827200657e+00,-2.345461157335444025e+00,-1.603338839083222833e+00,-4.568206638688979915e+00,-1.417751654871046796e+01,-2.256939445820697721e+00,-9.949312758121241274e+00,-7.549590101178762502e+00,-1.312542967003133043e+01,-1.055556175725080337e+01,4.544013504146887650e-01,-5.869489061640623007e+00,-6.578309166592042345e+00,-7.400231360672750114e+00,-1.367123345793195455e+01,-3.060705857998095247e+00,-2.515558246165881862e+00,-2.475653452881165251e+01,-8.154517617272040164e-01,-7.958657758227057677e+00,-1.366720885634707727e+01,-1.703659392279125484e+01,-8.482888364625317479e+00,-3.541469586205872488e+00,-4.458647231738254391e+00,-8.201309237595053148e+00,-7.797718408551859159e-01,-5.373894162719200729e+00,-1.982060457160550371e+01,-1.266472597933222310e+01,-1.412815028634951986e+01,-1.491503613156164088e+00,-1.872417804517591833e+01,-1.585388386584129616e+00,-1.156216385666958146e+01,-5.390720861232032313e+00,-1.315804445480669926e+01,-3.802642002580784109e+00,-1.261435881619491717e+01,-1.671021058920597824e+00,-1.264960263608767832e+01,-2.470767273503526340e+01,-1.421876675384315725e+01,-7.356505049898933279e+00,-1.800147598300734231e+01,-1.294193925238696430e+01,-4.826709817150481641e+00,-4.479559654267660562e+00,-4.641655333258932536e+00,-4.937095780147399360e+00,-2.589399804483095480e+00,-1.064015428875570635e+01,-2.632192154940248940e+00,-3.887869437027721142e-01,-6.459520496250626964e-01,-2.860410067252291966e-01,-1.559826939744787566e+01,-1.777574233147153748e+01,-6.688255588443572819e+00,-3.418279301666877767e+00,-1.666988308019220710e+01,-1.452054020272814050e+00,-1.963278513008898329e+00,-4.345233508749885232e+00,-2.242348558711342577e+01,-2.638175078903398640e-01,-8.055988126700551533e+00,-8.941601107060645148e+00,-1.555539736066831047e+01,-4.547950237294838161e+00,-5.456972040388723855e+00,-3.286621333123575184e+00,-2.522126930483412632e-01,-6.309315528546322049e+00,-5.386740786828038807e+00,-1.180475461606529386e+01,-4.926906576202207511e+00,-5.475904726629351238e+00,-1.414317055502607801e+01,-4.362396014925825405e+00,-3.110328816756838144e+00,-5.602697630517122107e+00,9.227879361179958106e-01,-7.672772709619717801e+00,-9.334146897889080918e+00,-8.558921173396520032e+00,-1.614300654390089296e+00,-2.966683018364802304e+00,-1.339666953811142536e+00,-6.050851170700689785e+00,-1.992495011277125627e+01,-1.046764567445514871e+01,-3.727836351291697881e+00,-1.394236274721469826e+01,-8.207468844330813695e+00,-6.037464023474848673e+00,-1.529083002059439478e+00,2.029530697608920242e+00,-1.094902375040922138e+01,-7.736426362661048550e+00,-4.945801605825733027e+00,-2.714307386556344426e+01,-1.361228157023197838e+01,-1.663931745364968151e+01,-8.672111982741080638e+00,-1.025310446378706075e+01,-1.437266310146184622e+01
-1.154733798663663258e+01,-5.783870432690067176e+00,-2.221609290789859159e+01,-8.673841939618958108e+00,-4.744853103152226304e+00,-8.546975877490581297e+00,3.218241020287949006e+00,1.722977708947962316e+00,-5.546587703938998359e+00,-9.261826327385968227e+00,-1.884914313416165887e+00,-8.813370163125362922e+00,-8.150437243307553814e+00,-1.622190059240270799e+01,-3.343835114504508255e+01,-1.692586395498907947e+01,-1.489417028853124769e+01,-6.548099029997752396e+00,-7.438871994699253420e+00,-1.080508452372194483e+01,-4.095745923840368619e+00,-9.753094608910586771e+00,-2.024754824134339515e+01,-1.403924288412549126e+00,-1.825332975103592759e+01,-1.632251481618459366e+01,-2.837933442348122171e+01,-5.207565349169063218e+00,-1.313291452474743259e+01,2.264715341810822069e-01,-1.563933152423250483e+01,-3.075137920849736872e+01,-8.728561482487474876e+00,-5.445144057747938859e+00,-6.107342923760184838e+00,-1.717462561710875946e+01,-1.219237114996154681e+01,3.579583709192353524e-02,-2.314045997566162693e+00,-1.627352991940971094e+01,-5.571578770294460803e+00,-6.379287158256352619e+00,-5.411718362217427192e+00,-1.829010077562741188e+01,-1.049572046925752034e+01,-1.168521176789278471e+00,-3.191574761232212065e+00,-5.863694521044291008e+00,-1.776416437423300465e+01,-4.878133132929345805e+00,8.397789439530218836e-01,-7.340164511536235281e+00,-2.095941984640894162e+01,-1.702393279056443731e+01,-1.591081135876615527e+01,-1.307130467465388968e+01,-5.658199484575261035e-02,-5.520189612915695321e+00,-7.975510318102467799e+00,-8.491261789022876982e+00,-2.015973682794633959e+01,-4.221408649952318015e+00,-8.178735921910099904e+00,-1.245716623162214809e+01,-7.637846387948552973e+00,-3.593616991090433643e+00,1.939670615362991679e+00,2.223381718816213118e-02,4.432145912310224700e-01,-2.073312099179261736e+00,-3.764171846978215719e+00,-1.765524319162503630e+00,-3.179120621195434371e+00,-2.694778716480483283e+00,-1.630216961234650697e+01,-1.733577920054317545e+01,-1.632035681352580525e+01,-3.311393353769615633e+00,-3.278876310129112071e+00,-9.303395980410750221e-01,-5.728197378254879624e+00,-9.325756012307383713e+00,-2.751356232246902778e+01,-5.510567268392550844e+00,-1.497170290677841109e+01,-2.237502240717457624e+01,-1.588710625527403408e+01,1.885396360093843371e-01,-3.956833792537922001e+00,-5.786343345160674723e+00,-6.626059241768595953e-01,-1.521925014460647141e+01,-1.374944569991146004e+01,-2.060667232217813805e+01,-3.655022744461580153e+00,-1.666759875258131984e+01,-5.462622414048389885e+00,-7.237532612492944217e+00,-3.523692196213554340e+00,-7.486289733653549661e+00,4.438231366600437489e-01,1.556464664249088248e+00,-1.218058522215205386e+01,-1.382314654876255666e+01,-3.487351438886876487e+00,-1.774977783849644997e+00,-9.027776956468827052e+00,-9.351189517029286691e+00,-1.957993614597585719e+01,-1.097357868824892435e+01,1.111655582194515990e+00,-1.436468423312373410e+01,-1.032540101500671170e+01,-3.027278695379892248e+00,-1.782224169224478416e+01,-4.614909784070427179e+00,-1.685467830397247369e+01,-1.538332274543768108e+01,-9.398354249508015457e+00,-1.124506893100603655e+01,-1.191897302272753656e+01,-6.754080690488077465e+00,1.651627623988063176e+00,-3.679288087114366945e+00,-1.858962437457721251e+01
-2.240585256561012173e+01,-1.316017353931023948e+01,-9.774575767198887988e+00,1.381773718276700702e+00,-4.142903168050056983e+00,-3.794233831905246657e+00,-9.612302478296815167e+00,1.289404745137176844e+00,-9.894343957154422498e+00,-2.557156654966131204e-01,-7.567351549808067901e-01,-7.606289561761827578e+00,-1.369830734204366607e+01,-1.948438226556115893e+01,-2.051761620950257736e+01,-1.159017415411868868e+01,-8.576813513553156909e+00,-7.545380561373136175e+00,-4.490855030504223855e+00,-2.566785205223498423e+01,9.201111388541604041e-01,-9.238499964358416250e+00,-1.893143660033881659e+01,1.315822522182818588e+00,-5.869422194823838979e+00,-5.342380003705109459e+00,-9.859120596535525749e+00,-4.164621482493037874e+00,-2.462062870669113579e+01,-1.517775168422838217e+00,-6.026168693897513862e+00,-1.312238857390106972e+01,-4.728058989415024449e+00,-5.440881710000430083e+00,-1.088325143828327235e+01,-5.474750643856037158e+00,-4.201198973128087211e+00,-8.698979579089648695e+00,-1.031478525250400846e+00,-1.508280490484075642e+01,-8.078712316938560178e+00,-1.323247068667497217e+01,-1.385264219864037294e+01,-1.264777329402799211e+01,-1.854437833021578896e+01,-1.059059005289342714e+01,-2.541736140458048965e+00,-2.020643865042377474e+00,6.642038709839249710e-01,6.766026003572409575e-01,-9.913990146350492694e+00,-9.345446267230359538e+00,-1.579042385909229118e+01,-2.773479982685555001e+01,-1.839564048756459513e+01,-8.426649006263900787e+00,-9.973543317130056929e-01,-1.717461852369625674e+01,-2.111523524671386909e+01,-1.200983993430650321e+00,-2.454743557782366992e+01,-1.036731413305707949e+00,-1.002339418397803428e+01,1.940721538579705946e-02,-6.955591057864451088e+00,-5.136595912219986459e+00,-2.849291694387397378e+00,-7.656954060970953435e+00,-1.127306078156924851e+00,-4.553172422192897528e+00,-3.421763256086389315e+00,-8.641050638732201250e+00,-4.754875348135392699e+00,-3.570673863840052586e+00,-1.035153703636522415e+01,-1.700805418218119769e+01,-1.991829809236201498e+01,-4.618862555808289194e+00,1.348175812975871413e-01,-8.325432742324512247e-01,-2.837725625185511635e+00,-1.431581475145948801e+01,-1.342884243596593663e+01,-1.459811485621475491e+01,-1.940104519306824571e+01,-2.043403541268847690e+01,-9.042890991298619952e+00,-3.458988814431675607e+00,-4.242277549765764100e+00,-5.940776470332602699e+00,-3.510915112814584127e+00,-1.476983776240748725e+01,-1.566334326738253679e+01,-1.419142497800901026e+01,-1.512017025803039516e+01,-1.757742579408402861e+01,-8.465097035367557865e+00,-6.006660347442003278e+00,4.840303429941838001e-03,-9.583633013700037395e+00,-9.738908353699791576e+00,1.216269599373542620e+00,-2.438360620981882221e+00,-1.270842980852799720e+01,-2.964368551526118001e+00,-7.791732734321254128e+00,-1.493436177368695184e+01,-1.108401428951725265e+01,-5.670417185081516820e+00,-1.033365365094153177e+01,-6.834639124105378549e+00,-1.928754805262040151e+01,-5.822220194330269827e+00,-1.160268434705969742e+00,-8.853337836679301631e+00,-1.263570118365484163e+01,-1.929871264354163785e+01,-1.272360050793905195e+01,-2.154488834055036506e+01,-1.536559232522432161e+01,-4.021582597031641448e+00,-1.236772032176735436e+01,-1.318479107888514745e+00,-3.714139599370602784e+00,-1.014962966357560248e+01
-2.257928709127460110e+01,-9.188157805153350566e+00,-1.432690549587796625e+01,-2.971599914574075019e+00,-1.263851315777760398e+01,3.797834738028664503e-02,-6.979560560093271970e-01,-6.554378522027320964e-01,-1.483080065354787358e+01,-7.524167013363505241e+00,-1.268664554932304611e+01,-6.648800769934764432e+00,-3.215687769401469165e+00,-1.132377630222973330e+01,-8.622366209611273646e+00,-5.285412826212417814e-01,-1.402417653468072700e+01,-1.306369498716925648e+00,-7.576813976627942537e+00,-8.883714384855318613e+00,-6.504464976288640621e+00,-2.529038298026151654e+00,-3.076213726527188186e+01,-1.586853229680713850e+00,-5.919992032333043497e+00,-4.155072653595533794e+00,-4.857999217753194543e+00,-2.979903725783463742e+01,-1.493628627123950636e+01,1.696284864819447513e+00,2.151658268564363041e+00,-1.066532108809155055e+01,-2.019399940224245515e+00,3.747226357068274005e-01,-5.599342724778550995e+00,-9.815248302212021825e-01,-3.431770355953745799e+00,-7.386560036709083121e+00,-5.345247203194062102e+00,-6.846052595221875592e+00,-9.464593662437330579e+00,-2.716232314821094285e+00,-9.328566998675162480e+00,-1.175870249253683042e+01,-3.781308920502187476e+00,2.477354987775806094e+00,-5.768544700733780894e-01,-1.961988613677299265e+00,-5.514589152366193403e+00,-2.592271197628867707e+00,-1.128211618307580011e+01,-2.177622574419925794e+00,-1.834599806848292047e+01,-1.580570973266980417e+01,-1.788788119892888417e+01,-1.083169880631206006e+01,-7.478329700488374421e+00,-1.699563849518009562e+01,-2.286368117674948763e+01,-3.273376164909307939e-01,-3.290705465374194461e+01,-5.986723495318812205e+00,-8.109216834283525799e+00,-6.691905767361861379e+00,-1.184023740051537210e+01,-2.939472205340507571e+00,-1.146189974946419388e-01,-7.252977612296239718e-01,1.758001730346215874e+00,-3.162314006714622705e-02,-3.773367181841189133e+00,-2.006343835450072888e+01,-8.325331073796618853e+00,-7.359568695441155661e+00,-3.827084450644738567e+00,-1.858224379198411214e+01,-1.659827658544165274e+01,7.802638436070856720e-01,-2.833111039899008254e+00,-1.624119905262993413e+01,-6.931043010960075357e+00,-8.957514153775965937e+00,-2.049705900263209912e+01,-2.298144954123237582e+01,-1.441286044161867785e+01,-6.699291163896752721e+00,-1.485440429556025954e+00,-1.938751617853693787e+01,-5.636328191259442733e+00,-8.683430621423076090e+00,-7.551768271382915287e+00,-2.777503611677441420e+00,-9.833769713060702244e+00,-2.334351167078359435e+00,-8.229219263175846066e+00,-2.106297373983046839e+00,-2.515848658957575879e+01,3.839119505604851601e-01,1.255168982379489644e-02,-1.356107313492370459e+01,-1.050559571992801722e+01,-8.696167181918306177e-01,-3.371236370742651367e+00,-1.831864256313346573e+01,-1.451797588952397966e+01,-8.382221876062342147e+00,-1.073218445309659685e+01,-1.396374234862161501e+01,-5.909975529132180050e+00,-1.674843148314639762e-01,-4.428352591490170020e+00,1.693347206065870802e-01,-1.149090126401351775e+01,-1.304435470074839643e+01,-6.123309701467806399e+00,-5.210421940720566525e+00,-4.098341563837074375e+00,-3.198612955719460249e+00,-1.955661692636893711e+00,-9.175704027930532192e+00,-5.509153700595720293e-01,-3.243720917405386484e+00,-4.280655199955868184e+00,-5.274251141934017673e-01,-1.251318706192855146e+01
-2.100598188624974938e+01,-1.193825769540460868e+01,-3.781140260514876950e+00,-9.254131983744315448e+00,-1.362116185635690613e+01,-6.950732329755676453e+00,-6.064765699526332376e+00,-3.469945561191151717e-01,-1.102037028952346631e+01,-1.388740442677319997e+01,-2.408593604498487650e+01,-2.584475795917612828e+01,-4.178921442562961275e+00,-1.632555421601507106e+01,-9.833231931577937956e+00,-4.911151418876703367e+00,-1.318618309424201662e+00,-1.284137548349431768e+01,-6.866686549349282132e+00,2.827700500509342074e+00,3.582967487551475538e-01,-5.329262483539627837e+00,-1.350088362840139489e+01,4.909249011907230731e+00,-6.319187952350909576e+00,-3.026694414209071127e+01,1.964650088815444784e+00,-2.362680753611815021e+01,-1.076075949219227290e+01,-9.645233913480582899e+00,-6.313380984862098977e+00,-1.209716644002185859e+01,3.323074929009807166e-01,-1.631829882130949727e+01,-5.551399581708391651e+00,-1.831457889920894999e+01,-3.614703024453072899e+00,-3.364683011142846958e+00,-2.640117013836162485e+00,5.779716001395588387e-01,-5.581382627521726647e+00,-4.987074623843815502e+00,-1.021918242360708717e+01,-1.509669002906834301e+01,-4.510863421040953170e-01,6.904171946473405264e-01,1.950712149235851678e+00,-7.387186943963400254e-02,-1.825202633752762149e-01,-7.846996776702751530e-01,-6.186458387471191145e+00,-3.483995966469159100e+00,-2.152389817123466109e+00,-6.995122668345520323e-01,-7.500836818425019814e+00,-1.030735528048963445e+01,-8.747668644762242707e+00,-2.161212822871208772e+01,-2.889644836390379723e+01,-5.142026377903611944e+00,-6.491895163559705750e+00,-1.576114975602325075e+01,-8.563336613041210299e-01,8.535467198899570063e-01,-8.526988625355977902e+00,-1.050065125843070390e+01,-4.258245352483295498e+00,-5.130026244054732842e+00,-6.385891589155700210e+00,-7.912924964325943833e+00,-6.707209513770688858e+00,-1.403425384243068130e+01,-2.426177596828884475e+01,-3.812819263855335539e+00,1.898694033401333803e+00,-1.710338438003524786e+01,-1.499827988022300573e+01,-5.382921739170081210e+00,-3.210644092011058603e+00,-1.326941445194080771e+01,-1.275302001995846979e+01,-6.708105517897258174e+00,-2.097882575060654986e+01,-2.250681195131935652e+01,-1.456246544783560815e+01,-8.891488915650571201e+00,-8.915332810677014663e+00,-4.298741500563892259e+00,-2.371113998105602860e+01,-1.180265524902791086e+01,-1.725657199172274403e+01,-5.767615254962650262e+00,-8.223089390300888368e+00,-1.836137070028051710e+00,-1.209665347721939632e+01,-8.034905987658632398e+00,6.142326525117481895e-01,-8.858096497620602250e+00,-1.373609368825271293e+00,-7.633047150740988940e+00,-8.323718896377666709e+00,-1.924064042934045560e+01,-1.519927907217760499e+01,-2.453436333722768836e+01,-1.319709996932160223e+01,-5.696769611428930347e+00,1.414258119672562597e-01,-3.870962528477423170e+00,-1.019067655926862059e+01,-4.582138256367917606e+00,-1.178213920057522790e+00,-2.719086573104512627e+00,-9.835704968723852915e+00,7.724327533159401626e-02,-7.890138106268429041e+00,-5.395163501335621170e+00,-3.723821570650176493e+00,3.780776023511410733e-01,-1.103267401765896771e+01,-5.356845424311078574e-01,-1.825706518813500212e+00,-2.829696445426588269e+00,-2.015864555207085829e+01,-8.426310982235616365e-01,-1.621923781474700732e+01
-7.342041016333019421e+00,-1.683875271514752825e+01,-8.473587445352949388e+00,-1.135219963413992517e+01,-5.251328914731628217e+00,1.666080995768437489e-01,7.327141323923880289e-01,-1.716255968050904301e-01,-2.710333000180030538e+00,-2.033579145708760194e+01,-2.025097518831697130e+01,-2.334804608607923271e+01,-5.326804949018284496e+00,-2.119585172137565365e+00,-1.811931354091712620e+01,-1.444072058493098787e+01,-1.030926562747580988e+01,-7.470784391205192776e+00,-3.071593281646991080e+00,3.645284992611048214e+00,-5.689072514110870671e+00,-5.491986408930950248e+00,-8.752023950460326773e+00,-5.165416368451786866e+00,-4.202770102185263035e+00,-1.985979135200128454e+01,-5.554089593548505732e+00,-1.333590902673909895e+01,-1.581943967355967651e+01,-5.999283626867113028e+00,-6.034854100708293423e+00,9.930594887499772927e-01,1.850128079028156236e+00,-1.246693767708569034e+01,4.717975539933998430e-01,2.143745957225690925e-03,-2.253107656959080440e+00,-1.001229935138972493e+01,-5.422037733615432842e+00,-2.364387719257496356e-01,-6.799900585958241983e+00,-1.352138285075779223e+01,-1.283220985229012356e+01,-1.080416688883147280e+01,-4.259941948055559813e+00,-7.774446094972895516e+00,-1.848566772651008272e-01,2.897228567170754276e-01,-7.932838110434484946e+00,-1.263927804513202746e+00,-8.477271626361575940e+00,-1.872489156296900958e+01,-1.680506800631727193e+00,3.552401366745816524e+00,1.639067440212716997e+00,-2.161745744622049603e+00,-3.582098357339992933e+00,-2.381277929710873309e+01,-1.904177498350422226e+01,-9.826571056375547286e+00,-3.258443703734664965e+00,-8.794130985205459439e+00,-1.464223763102015852e+01,-1.121046981663196718e+01,-2.491047051648556998e+00,-3.643997571715232309e-01,7.945463111584519234e-03,-5.391136583527780246e+00,-4.880541399716046280e-01,-1.619454656623956268e+01,1.195058364142209895e+00,-1.641012744243457533e+01,-1.629160002324223555e+01,-5.201887376655514039e+00,-2.037463641153113070e+00,-3.058625188233216718e+00,-2.316439315713136082e+01,-1.265852263479634843e+01,-7.274804498982484491e-01,-3.299590563017997802e+00,-2.934756274969038792e+00,-5.152525943496738314e+00,-3.443771117653611658e+00,-5.777186600136529293e+00,-1.320187459377453720e+01,-3.650406819743546549e+01,-1.211846075563759229e+01,-5.881259145138956868e+00,-1.990155366616032140e+01,-3.738603789230281027e+00,-8.490902527681948087e+00,-2.745565269039332290e-01,-9.846805266448940941e+00,-2.066131023189880622e+01,-1.435680571982763887e+01,-7.444457955700056750e+00,-1.724651296747637397e-01,-8.937410183306317535e+00,-8.104073589751079609e+00,-6.864879276888395943e+00,7.348082716032480199e-01,-4.238452517664036412e-01,-9.681318102126425629e+00,-7.321126182646429115e+00,-3.267240724757133563e+00,-8.071674768504797370e+00,-2.303397779221086683e+00,1.429714486655676797e+00,-7.267764205452841964e+00,-4.222517898235983225e+00,1.669005534875198649e+00,-9.394591929214854975e-01,-4.355470422365654848e+00,-9.506091049536319559e+00,-8.171094850913240393e+00,-1.789447828846512678e+01,-9.120413496395451958e+00,-1.804148268757337448e+01,-1.857977744660777830e+01,-1.064746928457868780e+00,-2.139928355868408794e+00,-4.513477926026529197e+00,-1.823389685710387198e+01,-4.976734276399258583e+00,-1.305466508014423432e+01
-1.071213431486441259e+01,-8.655335224406508488e+00,-7.856841894642303537e+00,-5.182896370726868263e+00,-5.119576655842347890e+00,-4.025241361088861325e+00,-1.049597729936882828e+00,-6.323910625084744552e+00,-7.575437087008105586e+00,-1.036733514374094511e+01,-5.997850178158739887e+00,-1.024917775629409000e+01,-1.776952844829442046e+00,-2.491164048900136763e+00,-2.014365035829954564e+01,-1.356764573172710975e+01,-1.404231092759487254e+01,-1.981698414143650888e+00,-1.144593852753996899e+01,-3.095892732676186920e+00,4.271408968014689389e-01,-8.924261071816562696e-01,2.594405991156403246e-01,-1.580031637992428983e+01,-1.823199443320032387e+01,-2.314667682619747424e+01,-1.383199771519284482e+01,-1.368118541936834376e+01,-2.574714782310129380e+01,-9.972006175137750006e+00,1.903597527698813074e+00,-4.411145177004369700e+00,-4.580912277234126861e+00,-1.357106155806595815e+01,-1.159977534466657367e+01,-7.395520929219994599e+00,-2.503766962836708743e+01,-9.549685773090171637e+00,-1.486206814556629840e+00,-1.560829587219695114e+01,-4.387835215205003081e+00,-1.841231354668986686e+00,-5.161593378619477868e+00,-1.679619475608950552e+01,-1.612382549020070144e+01,-9.012834132390976194e+00,-3.839868359950651122e+00,-8.081725793704123362e+00,-1.049254464167663414e+01,-8.731080924136856325e+00,3.965840471009620227e+00,-1.686766555288049574e+01,-1.730288313245476672e+01,1.290893218241943696e+00,4.182685523520389026e+00,-1.482047415397626722e+01,-1.344540441827158261e+01,-1.942976277848090660e+01,-2.880674642841361432e+00,-8.350202999908006518e+00,-7.321404763984569186e+00,-1.774448066636733756e+01,-5.377901776624756991e+00,-3.865684348420657113e+00,-8.795139363818359257e+00,-5.589556826652959387e+00,-1.325943912354549781e+01,-1.603793567660927977e+01,-7.625547510305372256e+00,-5.252522425771095627e+00,-3.073410331593531275e+00,-1.462148159259675495e+01,-1.317213553762010037e+01,-1.672683567057904108e+00,-2.661558010067534141e+01,-5.263038756028908693e+00,-1.759937724895339528e+01,-1.510702411792206945e+01,2.447760895857495012e+00,-4.589184419310777585e+00,-5.634838769632002364e-01,5.619713058876357747e-01,-7.145023187990917624e-01,-3.472160422461119555e+00,-4.495843416343323184e+00,-3.885043631721057378e-01,-1.124016044500998568e+01,-1.756549295829761093e+01,-1.938240981101546723e+01,-5.094891525653108211e+00,-1.623389198776878484e+00,-2.318327254443376617e+01,3.080807548771570925e+00,-4.112531907896331163e+00,-6.456377836332427123e+00,-7.322271658862420374e-01,-1.863474111621133078e+00,-6.095856123504987956e+00,-1.173349716533072673e+01,-2.487461711147434418e+00,-3.858894700783182419e+00,-1.853320871561659200e-01,2.206546645705593335e+00,-3.831351622729672002e+00,-5.735957670274364872e+00,-2.348195090517966044e+00,-6.937535129421632973e+00,-4.361895716924263589e+00,-1.547106616925260347e+01,-1.604910936484449735e+01,-1.423976505637408074e+00,-4.788712118666234030e-01,1.722927671031782459e+00,-1.004561557399235205e+01,-5.294479894410642373e+00,-9.422337083282711134e+00,-2.290714351567467943e+00,-8.025502172796599609e+00,-1.133193350238821573e+01,-1.399633063730962590e+01,-6.860417301099182019e+00,-3.343621832307328123e+00,-1.431967594346965100e+01,-1.052496209748586153e+01,-1.481545522796638892e+01
-7.267299123192247912e+00,-1.050393815924599394e+01,-1.611635691842493401e+01,1.712472499274353854e+00,-1.124509219438750485e+01,4.561727200619437594e-01,-4.663118448494675050e+00,-1.433222414660909827e+00,-1.152540133639453046e+01,-3.820558362779601147e+00,4.707539375013722327e-02,-8.693210130616208176e+00,-4.762607250874205889e+00,-1.742647976232422291e+00,-4.635746597818692472e+00,-8.668092280326289867e+00,-2.076093501339233427e+00,-7.551446114468642001e+00,-6.788552469458626337e-01,-1.890989974574976884e+01,-4.230563858205381500e+00,-1.192079295949890749e+01,9.708144986964711842e-01,-2.728738721531491862e+01,-1.471264159225668600e+01,-1.699462946181743916e+01,-6.980743014179459749e+00,-1.816961562715859912e+01,-2.272027372504045672e+01,-1.960101451494395874e+01,-1.879567924928157652e+01,-1.350896599574804746e+01,-8.712173054280400564e+00,1.151588765965202654e+00,8.557815203806029558e-01,-1.580555452131335237e+01,-3.138472967590264950e+00,-1.052324968271820538e+01,-1.103802685533483086e+01,-2.540061641807429638e+01,-4.949790330230822377e+00,-5.120192939385051822e+00,-1.791205384148894630e+00,-1.066104031289617282e+01,-1.850810692752251541e+01,-1.021804638133786014e+01,-1.487370403067681757e+00,-4.318487224390916701e+00,-3.990126820012797726e+00,-2.006529247964025586e+01,-2.206042645740862174e+00,-1.306747704651603570e+01,-3.726634209313079538e+01,1.394173824706416820e+00,-4.450612145393069596e+00,-1.036284770935599653e+01,-1.991570867213105700e+01,-2.352473183273760426e+01,-1.503840147721021703e+00,-8.135705595213110541e+00,-1.123941317306543120e+00,-5.996031993082089784e+00,1.441616218731772925e+00,-5.534013295906761165e+00,-6.353108235083877453e+00,1.105416213463678687e+00,-6.895931533349405562e+00,-1.607442354218331459e+01,-1.494069738718351026e+01,-3.825630933116831223e+00,-7.842103566784563995e+00,-2.500022995308778562e+01,-2.734893213425125147e+00,-1.320677818405981085e+01,-1.714959769431058589e+01,-1.429851007708276711e+01,-9.061654374608586693e+00,-1.397571379832894589e+00,-4.241042632029611958e+00,-4.620432006983327788e+00,-3.452177577685237253e+00,-4.767793350645257888e+00,-2.761895886789486276e+00,4.673276964234306385e-01,2.798393273038000117e-01,-5.207018840842875917e+00,-4.703630508294509127e+00,-9.631483354575188116e+00,-1.027187528234002656e+01,-1.084370053230852626e+01,-8.941384255860622687e-01,-1.903193114834978328e+00,-2.735525048359721101e+00,-1.610407579925172916e+00,-2.303525176289717535e+00,-5.466307945618913422e+00,8.589889636050944688e-01,-6.079704230301397949e+00,-4.824243562849980016e+00,-1.213494175417002907e+01,-1.586960643239036983e+01,-3.022882808837047186e+00,-7.157875308867728492e+00,-5.929854955498758962e+00,-3.460581757445061868e+01,-4.329990373506726442e+00,-1.426429452502094186e+01,-1.420498969031202563e+01,-2.436123135329059775e+00,-1.749844153370604172e+00,-1.104483267981335359e+01,-4.788707603407717173e+00,3.871524544977028581e-01,-9.482051463100239275e+00,-1.428666354415737771e+01,-3.529895535654057337e+00,-1.476345048284045114e-01,-1.743593776870854484e+01,-3.173541119891191808e+00,-3.207286118545498721e-01,1.427719913867782298e+00,-1.405804822852599933e+01,-7.429768895814934382e+00,-7.856735177491838584e+00,-1.223523323774763227e+01
-1.094433165004548059e+01,-7.359896455746451238e+00,-3.361450831274735407e+01,-5.224166072239356140e+00,-4.860584579550671691e+00,-7.754078108464112162e+00,6.186063706077539193e-01,-3.829975711064597110e+00,-4.986639204272877102e+00,-8.380960818857756678e+00,-3.215859391828445979e+01,-1.154649599871427679e+00,-2.486185960721935650e+00,-1.178073585438470161e+01,-1.542909377603084220e+00,-5.832572830868059555e+00,-6.654725471305630080e+00,-1.080470166678435362e+01,-2.427673222743961468e+00,-6.066358985376086643e+00,-2.508883015510829750e+01,-6.463980701976129950e+00,-2.738023798386229224e+00,-7.369324037770200064e+00,-1.088170326470714322e+01,-4.766594716241873364e+00,-1.253774646602672793e-01,-1.167872672532381628e+01,-9.037611881497747746e+00,-5.624596195286155620e+00,-1.654048622257306889e+01,-5.535044832477950649e+00,-6.271861287313641675e+00,-1.306485548436236144e+01,-1.641293965264299004e+01,-8.969505910741323973e+00,-8.807291239028712582e+00,7.375773922618923395e-01,-4.612754369615926109e+00,1.586515819154616924e-01,1.678597182078705785e+00,-8.164095741094449465e+00,-5.192612568174183707e+00,-1.639145980147258896e+01,-1.378778355646624476e+01,-3.179036742854520980e+01,-1.487343931723033030e+01,-2.854926161271516438e+00,-5.000991175443186165e+00,-2.375676484367886943e+01,-2.391983128725999919e+01,-1.627401080637380648e+00,-1.525134327660608413e+01,-1.204050634929670238e+01,-1.305191910119689069e+01,-1.476600469080179678e+01,-9.398838250005617567e+00,-1.952756889212053082e+01,-8.390872322283010831e+00,-4.556861696920524452e+00,-1.204971311662794520e+01,-1.145083613875526485e+00,-2.749662051460694645e+00,-2.027360715132157409e+01,-5.497769820760489701e+00,-1.931704233973910445e-01,5.540186532450959156e-01,8.034018473531071014e-02,-3.119221446716034407e+00,-7.299822362235472539e+00,-3.538952637085703845e+00,-1.821037642155682035e-01,-7.431544771230012003e+00,-1.067232752117683603e+01,-2.655533151521792234e+01,-8.726448285521344772e+00,-2.059037438277171006e+01,-1.946782973054242763e-02,-3.791562459347935565e+00,2.332185065263946644e+00,1.033571452433102333e+00,-1.970935512844899318e+00,-2.072527576485711265e+01,5.032319452568315699e-01,-7.290409750475960848e+00,-7.879042659442694330e+00,4.303065492843129863e-02,-7.425796072452395258e-01,-3.081294697360897228e+00,-6.199508541118526672e+00,-9.330495340091124135e+00,-1.537119903805742815e+00,-1.799510270843369142e+01,-1.052676228331222497e+01,-1.507661449736193843e-02,-8.422195107692235894e+00,1.252922711861319538e+00,-1.681091543077743111e+00,-6.111877340656493018e+00,-6.785835567936676860e+00,-1.842836679303198366e+01,-1.831727474495650299e+01,-1.207033343400171788e+01,-8.621316485935622609e+00,-1.618800041821841518e+01,-6.831258883931431214e+00,-7.188575743989941813e+00,-2.366707794963471301e+01,-3.800546745910592605e+00,-2.014324210586445396e+00,-7.828464446864631388e-01,-2.095785897797850961e+00,-1.342913419541830411e+00,-1.914075812220968587e+01,-1.148371560339361608e+01,-2.055824028080850852e+00,-1.133254346904632781e+00,-4.200203490349112556e-01,-2.025025214373091520e-01,-8.191936724666447844e+00,-1.084067729445866135e+01,-1.133884019314614200e+01,-8.492233893224362618e+00,-1.145284339734912571e+01,-1.713272451543064179e+01
-1.088123707699429588e+01,-1.699799889595428581e+01,-7.377604402162695862e+00,-1.578550257125090539e+01,-6.508845713926067589e+00,-7.823792046382572529e+00,-7.271018598163649038e+00,-1.042809222584164353e+01,-1.368307631823421922e+01,-1.751244986667101955e+01,-1.775958790423139178e+01,-6.850112669581736924e+00,-1.369269060046891251e-01,-1.753433836520132960e+00,-2.497708352478084493e+01,-2.222296680368407884e+00,-1.064132537341407669e+01,-2.239672074135304669e+01,-1.098119062439600313e+01,-2.140605523722341985e+01,-1.541438318152897935e+01,-3.233500664824945581e+00,-2.372110580196527430e+00,-3.865669408419332598e+00,-5.673728447625741467e+00,9.801711459750299671e-01,1.947725530129800653e+00,-1.839150134011117821e+00,-8.656605383241632978e+00,-2.124509321032457265e+00,-7.526711239500972539e+00,-1.563244103222821479e+00,-8.149972481957370007e+00,-7.115484614041779565e+00,-8.710274333183491535e+00,-9.688298752604131536e+00,-1.358852553326391543e+01,2.890958055277905725e+00,-3.810443561341582352e+00,-9.822464664012116486e+00,-6.661327430869643962e+00,-3.606410102652108929e+00,2.273305149745882825e-01,-7.531204316028169643e+00,-1.221275465756048106e+01,-1.646709617658782765e+00,-1.688450463394011436e+01,-1.570768122171570802e+00,-4.317557059681166542e+00,-1.552393004410448363e+01,-2.258992324569600640e+00,-2.660344973131750779e-01,-9.161463088193416482e+00,-1.994429646406531198e+00,-2.887535780654935991e+01,-2.695003533174611388e+00,-2.016110495328162777e-01,-1.539941702250969824e-01,2.838932712910961165e+00,-1.252796640314201326e+01,-4.129208505835696208e+00,-6.407874670117108096e+00,-1.506526037804188700e+00,-8.809321757560372390e+00,-1.201487669581806017e+01,-1.718605310022954313e+01,1.088438550573913366e+00,-1.131902064904109650e+01,4.025260676437640850e-01,-1.526916447465838322e+00,-5.749037474710196882e+00,-7.084743228804356363e+00,-6.850588109126607428e+00,-1.189804529714169590e+01,-4.201343862988277778e+00,-1.726382089514514551e+00,-7.735475882801812197e+00,-3.768688524744259194e+00,-6.264479573665092893e+00,-3.902524705810104244e+00,-3.483339704569785589e+00,-5.060411811743995791e+00,-1.662238193017228838e+01,2.853004200380839794e+00,-7.387252726270006065e+00,-5.304917608652715444e+00,-1.845495810089157640e+00,-9.364467119833410180e+00,-9.966749078200846768e+00,-3.877231359335188365e+00,-1.666615823537589192e+00,3.556104394795614354e+00,-7.776987221387456906e+00,-9.787610187187354427e+00,-6.822860838910855819e+00,-3.971473561875598968e+00,-2.309071603074852042e-01,-7.686434745693024873e-01,-3.442618518715647724e+00,-5.443327678343368170e+00,-1.578661213919823503e+01,-1.442078664101294372e+01,-1.765642181779525188e+01,-1.104811213614252274e+01,-6.047653525568197352e+00,-3.755328851042498250e+00,-2.732354205730340713e+00,-1.972859256589071109e+01,-5.412889117673447714e+00,-6.044520847451657630e+00,-4.445846721968898407e+00,-4.217054695109287432e-01,-1.526985889216172718e-02,-1.532977825630081670e+00,-3.871638345987585161e+00,6.328504691587211184e-01,-4.039355721079952666e+00,-2.981664300035769433e+00,3.686498890608264634e-01,-2.631811316907952403e+01,-1.591351065490994188e+01,-1.283132163950961413e+00,-5.799606541543212979e-01,-2.333656873939506049e+00,-1.222566471419583323e+01
-7.377791801730521293e+00,-6.040828672882704531e+00,-8.836242954706339248e+00,-5.845923877690941239e+00,-6.236784462175374522e+00,-6.555637855246081447e-01,-1.591953504434575883e+01,-2.128027415801106770e+01,-1.762479187532106195e+00,-8.067523777486918846e+00,-1.491895582536750808e+01,8.576362915827751010e-01,-6.768588506295875717e+00,-1.146689268536592721e+01,-8.835942085312778360e+00,-8.868009280340377387e+00,-2.087353280152781210e+00,-7.264679683312951219e+00,-7.485394574644981702e+00,-2.188982699853075076e+01,-8.200463008533967368e+00,-1.263995254053373074e+01,-2.419716578214860525e-01,-5.690628470008737949e+00,-2.023221523701815627e+00,-3.982264357154486345e-01,-8.597116463374764095e+00,-8.916454021903980065e-01,-3.683093453205406931e+00,-6.876191608453391169e+00,-1.484141899596858138e+01,-5.422658782183862769e+00,-1.658296518075231818e-01,-3.874491629844461826e+00,-2.323296763934024511e+00,-1.696372664103747852e+01,-2.474598572097444826e+00,3.047352341076575155e-01,-1.065516272707696643e+01,1.405629213714516768e+00,-5.750335329109342197e+00,2.201184261411355814e-01,1.264347231765178270e+00,-1.038422715779505978e+01,-9.030393663427467743e+00,-4.941807837839345297e+00,-1.975502144311214181e+00,-7.297906935717652921e+00,-6.037023768978637683e+00,-1.831249754264831253e+01,-4.202756931133408536e+00,-5.218937770518776276e+00,-7.681501555355074728e+00,-5.877265113693597165e+00,-8.292629858381877384e+00,-7.174769000460292645e+00,-1.967242486611769081e+01,-1.280828006679494635e+01,-7.517184166618317676e+00,-3.892731124446920266e+00,-7.786530223722404997e+00,-2.474608921672777484e+01,-6.434322248384775733e+00,-1.144332314542688422e+01,-2.206442261160129981e+00,-1.614934998667736465e+01,-9.272609116752034808e+00,-3.618089100484432663e+00,-5.275751950910088084e+00,-1.747702208544274427e+01,-5.916049471847951935e+00,-5.710197774880096055e+00,5.583824596798261236e-02,-2.724778987204658875e+01,-5.160907996609637394e+00,-8.941877367855060044e+00,-1.747128474279654231e+00,1.439174511912122423e+00,-3.702022026329039595e-02,1.420314728140032567e+00,1.710513909035327185e+00,-1.733353234619139727e+01,-1.253431866033242770e+01,1.253806795177407452e+00,-1.028658423933886468e+01,-8.916350504977738067e-01,-3.105777221558872370e+00,-9.748924944774479684e+00,-7.016357409738087636e-01,-1.903364855810079348e+01,-3.666446151866857850e+00,-1.007213995537570383e+01,-2.279629059114728307e+01,-1.494689343284339245e+01,-1.501339230983417217e+01,-1.779160874776806267e+01,-1.501117610127655766e+00,-5.575213462958846122e+00,-4.054755790882689226e+00,-8.094285959661000618e+00,-2.155299914851885745e+01,-1.297952774168934020e+01,-2.436208533465547532e+01,-6.080697412026491833e+00,4.369934519185891819e-01,-6.845581474593468663e+00,-5.889075207063890760e-01,-2.313723452073793041e+01,-2.667478068523485124e+00,-7.358092709186726532e-01,-3.438249819978952182e+00,-4.804248064681510222e+00,-1.067229528666650218e+00,-7.801452757877034294e+00,-5.058146161166999555e+00,-3.039547081921334826e+00,-1.341426896215204501e+00,-1.367603476752538505e+01,2.901661291169455037e-01,-1.678870537020219089e+01,-1.464115379631561531e+01,-2.056114056107163890e+01,-3.745720198532687562e+00,-5.769168902050898495e+00,-1.586875809925135528e+01
-1.039082163825698757e+01,-1.648014682101069894e+01,-1.182260828089322402e+01,-3.333182944037679896e+00,-1.964449554040247037e+01,-7.071261079215940271e+00,-1.728053349367414171e+01,-2.473740713787228174e+01,-9.252972022886167824e-01,-1.099568253441900190e+01,-4.454083554039337756e+00,-6.198366555465499417e+00,-6.422011001860338908e+00,-9.607037198861030802e+00,-7.832721061539830387e+00,-2.189388353320218528e+01,-7.341138916618006327e-01,-1.495392530834181111e+00,-7.331561694982234867e-01,-1.261930753250838855e+01,-1.465988413434467175e+00,8.154274278642587026e-01,-8.344120689286672388e+00,-9.314695897779955658e+00,-1.449433080653478978e+00,-6.692602767100543915e-01,-2.373234708201893639e+00,-1.519278285817281304e+00,-1.469236177379799946e+00,-1.349300504271280232e+00,-3.583823030885282535e+00,-1.064300669074934902e+01,-8.315704811072670566e+00,-2.885159587894840172e+00,-2.556466417994285756e+00,-1.618080413817004981e+01,-2.409630443918305787e+01,-1.866529377584313032e+00,-1.576401513036727486e+01,-2.255381586082329903e+01,-8.071838785791547011e+00,2.739433910450844056e+00,-7.818352701206339184e+00,-1.623189662636001840e+00,-1.718698590884897470e+01,-1.065975700210671206e+01,-8.793091755919018482e+00,-2.379047657799139870e+01,-1.474768236384218412e+01,-1.110854243503582950e+01,-6.600173180452472366e+00,-1.908213312085186297e+00,-2.071348609697059917e+00,-8.191797604382303533e+00,-5.120570677763984335e+00,2.720117327612195268e+00,1.080121641432655100e+00,-1.322887328829288478e+01,-1.613067425771514252e+01,-4.640571145947932408e+00,-8.022638417782170350e+00,-2.470095211224738740e+00,-8.161348602875950320e+00,4.329815316645708734e-01,-5.822057963512319745e+00,-1.202187332893545246e+01,-1.253656009127713578e+00,-8.366849157966688821e+00,-1.526655941297815744e+01,-9.300684238141954552e+00,-1.225802248413315310e+00,-1.646169464831201168e+01,-2.422560078515900983e+01,2.676213938180640906e+00,-1.582188321105505402e+01,-3.781992918340411514e+00,-5.307953722190003276e+00,1.194934835409301455e+00,-1.009328663849266761e+01,-9.535777100461023892e+00,-2.385322638189757427e+01,-4.302197436704613409e+00,-1.708894266811766016e+01,-5.457438862607216556e+00,-1.151952210728384607e+01,-1.793301127959517061e+01,-1.836656288092117562e+00,-7.045949834329165995e+00,-1.838889539168423459e+00,-5.031470874771672541e+00,-1.754405156728438797e+01,-1.567130171600076283e+00,-2.103950905760533452e+00,-1.484870187789461227e+01,-1.125046618135902854e+01,-7.064192610716095722e+00,-3.010567074348701411e+00,-1.382453953142034919e+01,-5.891912927098949204e+00,-3.066717858625529924e+00,-8.041180443275168344e+00,-2.024387340703419724e+01,-8.240092265842148933e+00,-5.534909417775979890e+00,-1.172128393812849367e+01,-2.113606027361481843e+00,-5.577217548112987977e+00,-1.958730200457318205e+01,-1.890051114667199217e+00,-1.531226605968311283e+01,-2.011856566440165750e+00,-7.017991820174792394e+00,-4.261734164819504400e+00,-4.260674711514394808e+00,-9.657763143019154617e-01,-2.838427454730803490e+00,-5.465710169175103772e+00,-1.863125187897392721e+01,-6.150539389728859163e+00,-9.371234991429542305e+00,-1.526977124655208407e+01,-1.096043242925514960e+01,-1.940605930840992244e+01,-7.733903955404429098e+00,-1.777636367965699549e+01
-1.407530609434256874e+01,-2.085990657297150719e+01,-8.066796336891894015e+00,-6.036409815275469271e+00,-9.269916312065408448e+00,-7.387198932355375502e-01,-9.086993714155360280e+00,-1.856185036713539560e+01,-7.023375487902797865e+00,-1.766204926908792494e+00,-6.596166876993728501e+00,1.689899912233489232e+00,-1.113371447314218088e+01,-4.056120769062441234e+00,-3.358009672811269608e-01,-1.192574907760783454e+01,-7.100959432966812201e+00,-6.942390083727310923e+00,-8.146974726402257616e+00,-8.057124445405818847e+00,-1.339301071512753971e+01,-9.932347574157461834e-01,-9.307032187626958830e+00,-5.795495488089454028e+00,-2.498965552021409575e+00,-3.993983636402894666e-01,-4.451967283220811034e+00,-3.410741527373430415e+01,-2.175922132369982620e+01,-1.261801118313588876e+00,3.704682745784251829e-01,-1.025564197812585121e+01,-1.298262295121495491e+01,-4.663218519660527583e+00,5.590805395435591851e-01,-1.338492490980309313e+01,-3.528597670728293778e+00,-9.753830278283309951e+00,-2.168801629337749337e-01,-3.258127125508965882e+00,-1.508769766862420170e+01,-6.881907623880313407e-01,-4.653545627573264731e+00,-1.112650773150350858e+01,-5.615852340547158761e+00,-1.404722137882994559e+01,-2.062213285791496276e+01,-1.409839974080225034e+01,-2.371852554537205560e+00,-2.109945669913408928e+00,-4.964200364353232309e-01,-8.048933828379299271e+00,-1.064866289319882853e+01,-4.797884954236455002e+00,-3.163238403358988204e+00,-3.937707564147907568e+00,-9.081110337160565038e+00,8.509496755830275871e-01,-3.825600031347671681e+00,-2.207741207141054929e+01,-1.596647338274871686e+01,-1.376293968651067345e+01,-7.886986880556148272e+00,-8.069375336226032758e+00,-1.822693578842151396e+01,-3.147613635636204332e+00,1.187439486032040512e-02,-4.228561237361740943e+00,-1.491048755624311184e+01,-2.080374557309788486e+00,-2.823554884903312079e+00,-7.817804065694328841e+00,-1.156869493496424894e+01,-3.127152403042177120e+00,-1.334400429832425239e+01,-3.362582480870996093e+00,5.120719276940661757e-01,-2.422436305684763092e+00,-1.412545964298802126e+01,-8.933983450958374206e+00,2.701702115841644769e+00,-4.034115855077486046e+00,-3.266435470258856277e+00,-9.298904873942335669e+00,-1.080306487963944129e+01,-1.775426863781553877e+01,-2.888820122142633728e+00,1.176611475389112288e-01,-1.909147968131825746e+00,-1.787571303200189421e+00,-5.471231650114669165e+00,-2.057542549224690820e+00,-2.837703600851748664e+00,-6.663628446172477737e+00,-1.672949739683729575e+01,-3.120143606427163707e+00,-5.029027953395539541e+00,-1.456702959539403208e+00,-1.242996242215155789e+01,-8.602558225920581947e+00,-2.992301355639275240e+00,-1.361676110206172474e+01,-4.634461752482725849e+00,-4.289803269073303227e+00,-5.875438201988285591e+00,-7.887817694374418487e+00,-3.981817653147453839e+00,2.344483481702107353e-01,-1.846399236240276798e+00,-7.463728179522446382e+00,-1.773596623621349622e+01,-1.390134758460437503e+01,2.766188199134911319e+00,-5.185805677211669185e+00,-7.974569332026066881e+00,-2.977424184922560890e+00,-1.041744996249764199e+01,-9.162677897942034022e+00,-3.484317217178799275e+00,-1.954399818939938172e+01,-3.131499232107861186e+00,-1.338125786010436968e+01,-9.857417171906948994e+00,-7.039253904113220273e+00,-1.520867138498202209e+01
-6.409907573922826174e+00,-1.725783233953995222e+01,-9.906671768450131310e+00,-8.265497982457752357e+00,-2.504396723455783125e+00,-6.174146448320609881e-01,-5.865637687676081811e-03,-1.175255195576110090e+01,-4.939629992521756385e+00,-6.919137529744903148e+00,-2.505066729408370385e+00,1.514581548388030940e+00,-1.140745399846191610e+00,-7.163148383538038289e+00,-8.247436903228926752e+00,-2.454856951341205296e+00,1.317021407365015495e+00,-5.721729784685823716e+00,-3.746956917597094705e+00,-1.224970940445296819e+01,-2.372934817988989309e+01,-4.766953518265063749e+00,-1.475248919292951211e+00,-9.183036969378711945e+00,-8.266397585221238131e+00,-4.615300373850292459e+00,-8.622053973586263353e+00,-1.471198408344882580e+01,-1.806971938458889682e+01,1.030339578982340409e+00,-6.257990046644332782e-01,-1.926008057966275189e+01,-1.782979595140731988e+01,-3.333744871440271318e+00,-3.649260989347326678e+00,-1.475930149712589667e+01,-1.654899008020791129e+01,-1.378318480018564607e+01,-9.914187787211798053e+00,-5.055586747362651678e+00,-6.871245581561411520e+00,-3.743875181387796403e+00,-1.954324110018866190e+00,-6.276679950580291489e+00,-9.280611639838398652e-01,-1.403144239940504079e+01,-2.005538211485358246e+01,-1.841057798276669288e+01,-5.109773550692705557e-01,-5.306853299709272775e+00,-2.821891003426829636e-02,-8.567848777168443064e+00,-1.813736207236877451e+00,-1.145984153901499658e+00,-3.023427776044538717e+00,-2.161602733164690981e+00,-4.472214487076861644e+00,-1.167892336409517462e+01,-8.498607528439218184e-01,-1.200404874834448687e+00,-9.301931172666545677e+00,-6.867088377795270482e+00,-1.799537541610871116e+01,-7.892666928626010048e+00,-9.296999964591032395e+00,-2.801583716445303907e+00,-4.215111876985144335e+00,-3.798272861729618199e+00,-1.244654816946448506e+01,-4.580835215380577807e+00,-2.993172805362145805e+00,-4.673154958111799262e-01,-4.010257650875363566e+00,-1.484770329731803606e+01,-1.247507460823907444e+01,-1.121597461055776535e+01,-5.232183938505695409e+00,-1.829534967836639936e+01,-1.520752686941758114e+01,-1.573812727372048670e+01,-1.340660084360610016e+00,-1.058405199329470570e+01,-7.642823656413582079e+00,-2.150791272819231104e+00,-1.768385434739436946e+01,-1.629312635280361121e+01,-7.957108181979661410e+00,-6.100781220665284721e+00,-6.916303533205719667e+00,-6.483843501131776321e+00,-1.610530219343811353e+00,-4.653358200465559591e+00,-3.796667287369883681e-01,7.700075350582924472e-02,-1.947171538606561469e+01,-4.528644259088382640e+00,-1.340511880646035081e+01,-1.826991393919091822e+00,-5.591021033487198366e+00,-6.012540421528928647e+00,-9.231668789206757708e+00,4.283693638844948692e-01,-5.206207864536498420e+00,-4.658062924381964898e+00,-8.625184022909476056e+00,-7.456595120074082317e+00,-1.233988514045006646e+00,-7.027623406579508014e+00,-5.135083974194401435e+00,-1.759916001127079355e+00,-2.503881566804633962e+01,-1.225777265562710738e+01,9.136591537504158422e-01,-8.729995177575172960e+00,-2.309221866213234442e+00,-2.467249058122759742e+00,-1.640109359085797180e+01,-1.277034625678972901e+01,4.079500323423864705e-01,-3.366712352908978634e+00,-2.758905817158368023e+00,-1.265899365738668969e+01,-9.280162543988332846e-01,-5.231711073045618221e+00,-2.314680299689132781e+01
-1.523899195051627942e+01,-1.535700975880473962e+01,-8.995499068427765366e+00,-1.006717332015472977e+01,-5.137513798278278365e+00,-1.431254264563890111e+01,-5.212325995428521708e+00,-1.230470912682254792e+01,-1.476773562356990421e+00,-4.825495205363695028e+00,-1.003516542262170219e+01,1.099332454036374251e+00,-1.357648189367167291e+01,-1.964019863485367523e+01,-4.428586909448036124e+00,-8.635282026786661902e+00,-3.479727428615548401e+00,-9.796669067668036135e+00,-7.069926980980961950e+00,-4.080000438195818258e-01,-9.248773972306734592e+00,-1.966411931820515546e+00,-5.350620083664376914e+00,-8.754689533917998645e+00,-1.887714855391370294e-01,-9.907752408147745271e+00,-8.392148602481659836e+00,-1.144711394151218187e+01,-1.369196393145796442e+01,-1.507064989976667269e+00,6.115465639810747618e-05,-4.236175716854326367e+00,-8.059644504212519323e+00,-2.086398088044403742e+00,-3.632060901799806452e+00,-1.075461504619991793e+01,-1.299551968285758186e+01,-2.902770284091361397e+00,-2.089163706743838134e+01,-1.177650524426311129e+01,-4.355515937183406905e+00,-2.650631344718229698e+00,-2.932115159476365474e+00,-1.719042640248727238e+01,-1.749758790498506045e+01,-5.297453729771474107e-01,-1.295990041949899485e+01,-1.329876818506182445e+01,-4.152822116937989527e+00,2.313540455914753213e+00,-5.055897715315169627e+00,-2.624851476248365856e+01,-7.314902663333279875e+00,-1.078004142324255632e+01,-7.757380166131420118e+00,-6.269083919783836834e+00,-8.075642476005256754e+00,-1.323405400836822388e+01,-5.525335676225161308e+00,3.964508849355996567e-01,-2.332356904129912145e+00,-6.205380584830889390e+00,-2.570633209159337795e+01,-1.055511148536691834e+01,-1.790699897947950481e+00,1.023949715356685886e+00,-2.100942959294380685e+00,-5.600927727761161989e+00,-1.702540097948670095e+01,-1.173463341096625001e+01,-2.069673821836917504e+00,1.801237590156159252e+00,-6.037250873379533811e-01,-2.164547311756734516e+01,-5.239539764024704027e+01,-1.802485270903368786e+01,-7.456500902598750535e+00,-6.681599628510758393e+00,-1.297347074891410301e+01,-1.237140314331391622e+01,8.370934740557557374e-01,-1.070807185323161104e+00,-3.460226272040509699e+00,1.497745295495643170e+00,-1.960399204015410390e+01,-1.720988316818110064e+01,-5.452917196349971185e+00,-6.985810222783498169e+00,-2.475528827728280135e+01,-1.000355106455939058e+01,-4.918400415437091056e+00,-1.473551117952938228e+01,-4.726262877777945848e-01,-1.618472555302697202e+01,-6.469350074632558290e-01,-7.682760848938059439e+00,-1.929951033535921567e+00,-5.006439299469604975e+00,-3.237330517177366751e+00,-7.368525647013069779e+00,6.241611858871275453e-01,-9.565839657962671438e+00,-9.863996833501602168e+00,-8.706397475924379847e+00,-1.336601682631402177e+01,-1.065280109691718202e+01,-9.064263883639526398e+00,-7.400613493486867256e+00,-5.232345541616520990e+00,-1.503830168657187105e+00,-2.544555912221921457e+00,-1.968273250610067748e+01,-2.743545114140885754e+00,-3.119919140855369921e+00,-3.238598503858102440e+00,9.192777382242880435e-01,-8.266773914549037983e+00,-1.964855914250709290e+01,-6.599616879325020946e+00,9.732698484373557557e-01,-9.335605715885082034e+00,-1.491837537970040817e+00,-1.313874038996755900e+01,-1.379803722777004360e+01,-2.377356711347160712e+01
-2.229026061642229806e+01,-2.415038580046359584e+01,-9.713742489847064121e+00,-1.741971324200485283e+00,-6.416404443348914910e+00,-4.923768150266778498e-01,-1.960978365759207520e+01,-1.254973373647049328e+01,-2.002278825773586401e+00,-2.378391582545059002e+00,-7.373938311680200641e+00,-9.731416483652294502e+00,-4.529221065959942116e+00,-1.812336940799631790e+01,-1.067630075877832496e+01,1.400338819271753632e+00,-5.860308259411127096e+00,-4.442941911675462485e+00,-2.723012890511494533e+00,-6.529998550712575955e+00,-2.597263118723851516e+00,-5.820140431698598071e+00,-6.125659242710708163e+00,-3.639825927088893742e+00,-3.477054710077783994e+00,-6.308983494634913258e-01,-1.497968171866253329e+01,-5.163338721365203554e+00,-1.217410248802778661e+01,-2.271131155673829838e+00,-1.438072313999934515e+01,-3.568889319023191842e+00,-5.740959842488981835e+00,-2.098467356139558859e+01,-1.145691964732509227e+01,-1.525380569802570463e+01,-2.657339364273732407e+00,-4.080580961227810555e+00,-2.482217689688539064e+00,-7.844135110256357457e+00,-4.474959226054039618e+00,-5.380728479819819610e-01,-3.243856827916760999e+00,-4.300173661171537098e+00,-4.051378708521132133e+00,7.895887260626384130e-01,-7.136638147439837709e+00,4.628755455492749027e-01,-5.048724008208044012e+00,-1.247708521382193125e-01,-4.671402113238382725e+00,-8.190937523583828650e+00,-1.265726507797152323e+01,-4.481217933557899435e+00,-5.989413895852941927e+00,-6.552348743587899094e+00,-1.660280934621896165e+01,-1.207600328570363324e+01,-8.919354768432512515e-01,2.443658987488186440e+00,-6.550640837747914169e+00,-1.348556047517862844e+01,-1.313495434516619831e+01,-7.480700084186125309e+00,-3.988544560094103186e+00,-1.694471687095037815e+00,-9.004903364013749467e+00,-5.742457012582020681e+00,-2.607425856142087106e+00,-5.256076822239037938e+00,-4.118681792816175857e+00,-9.440290396750304680e+00,-1.208469006958398095e+00,-1.260875547977271260e+01,-3.518393008291540269e+01,-2.510005386550560047e+00,-4.110664760329031608e+00,-2.705386727187526041e+00,-5.724382741978799594e+00,-5.718493169186899650e+00,-4.823300105882518451e+00,-1.264337223513575381e+01,-5.380448123113213299e+00,-1.150456788334087754e+01,-7.706369186201030175e+00,-1.933453916986835353e+01,-1.495858862510655385e+01,-5.852890572385747170e+00,-1.030940677983607667e+00,-2.536233836528893448e+00,3.102009215744436332e+00,-1.222555015115688803e+01,-9.494554542388653928e+00,8.326358731540550728e-01,-6.186104932576954596e+00,-1.931188020193537369e+01,-4.271781525972309090e+00,-1.066803484764558441e+01,-1.031945167351540782e+01,-1.552266705553733850e+01,-7.428232910066765449e+00,3.279934953458346070e-01,-2.763811879432038765e+01,-1.911622192541880239e+01,-7.942686793162200942e+00,-1.892046012432003010e+01,-3.503678021534102793e+00,-3.119317872864853847e+00,-3.319960827927888936e+00,-5.308902562106442069e+00,-9.474150503378037769e+00,-1.602232877771276875e+01,-2.171951873077023976e+01,-9.338730648970098969e+00,-5.644261325384426264e+00,1.773205110877536406e+00,-1.366633353000680007e+00,-8.646579120310489586e+00,-3.096760718179972116e+00,-3.760892820088179711e+00,-8.261811583478452903e+00,-8.309466635846124660e+00,-7.550104395525007561e+00,-1.116281864771885246e+01,-1.531190347814401420e+01
-2.138605646999995713e+01,-1.358481471771092508e+01,-7.404602029080635361e+00,-1.026351633747136916e+01,-2.131545572909976016e+01,3.334654378976573824e-02,-2.080357272690249459e+01,1.453106172005322050e-01,-1.544265272181302961e+01,-1.919340268603119348e+00,-6.498114017789879959e+00,-1.445836411286132872e+01,-7.626464599040502890e+00,-7.148846281729490215e+00,-1.684173130621634540e+00,-6.814482780068335188e+00,-7.054296580227577884e+00,-9.263274092812277871e+00,-1.283713906233876756e+01,-4.303418382210759674e-01,-6.648343642602306147e+00,-1.137579514891107024e+01,-1.181276700326757023e+01,-1.330101230154451386e+01,-1.056921912747049319e+01,-1.307115527278054756e+01,-1.535974319873855354e+00,-7.904580373002954019e-01,-2.412677612549038031e+01,-2.327660677660250954e+01,-7.432766934527763603e-01,-3.475439016376400403e+00,-1.005866373397586777e+01,-1.402210512769356754e+01,-1.481014105591980012e+01,-2.293352949683252007e+01,-9.731802888794788275e-01,-1.047399819655266739e+01,1.550111502633192639e+00,-1.417706026904786043e+01,-1.795782790818357100e+01,-4.278652872472787916e-01,-3.072291916900213860e+00,-5.441845719662091518e+00,-2.269319064682084885e-01,1.597257391343722244e+00,-1.357871172776011370e+01,-2.493347643897508448e+01,8.029133217205237649e-01,-6.219840645717411576e+00,-1.436542067554984925e+01,-7.027492213293122347e+00,-5.199602052162169974e-01,-2.807039702159080719e+00,3.672430451540275698e+00,-8.078612640289668079e+00,-3.343722612200473066e+00,-5.489637047258981717e+00,1.903670233219630914e+00,-7.941456245910375245e+00,-1.068500653981506510e+00,-8.723864589002296555e+00,-1.399869528880689451e+01,-1.077067826867887845e+01,-5.215486234226538453e-01,-1.590863269166393312e+00,-8.922883791572409962e+00,-4.363543165446334138e-01,-6.081746782442363219e+00,-2.193524180846113225e+00,-5.137830038901228136e+00,-4.385909745760830702e+00,-3.120619552219076720e+00,-9.866516725525782405e+00,-2.357717441915875511e+01,-3.175126540781034734e+00,1.067438148316639301e+00,1.282979716205047360e+00,2.837946809173098828e+00,-9.906073614351267764e+00,-2.020786610914921866e+01,-7.439357187397379612e+00,-1.458948897683133517e+01,-2.337014564553020080e+01,-3.850314722183703964e+00,-1.660744022687295152e+00,-2.590173500427931153e+00,-6.014033117860748234e+00,-8.159456851906707442e+00,-1.676598046760616612e+01,1.313471556018117326e-01,-3.885002260304637911e+00,1.009649720006766227e+00,-3.107732733764518862e+00,-1.202155235405473377e+01,-2.556195386801670022e+00,-4.646328711216442642e+00,-1.537480468473075668e+01,-1.345590788303347907e+01,-3.455951682626696719e+00,-1.765885933542699626e-01,-5.848765717543389364e+00,-1.341077963979584453e+01,-7.509730416391924734e+00,-1.218195462170731602e+01,-1.927753617968516853e+00,-3.147069306223319707e+00,-1.242619365659908048e+01,-6.705770564425787228e+00,-2.647864676107987236e+01,-1.413976344601587343e+01,5.454755268292494907e-01,-3.423023176167912851e+00,-1.922719581804508948e+01,-1.603132801557953613e+01,-1.645023137335093422e+00,-3.157725219111236381e+00,-1.669616898152056095e+01,-6.264041633401657982e+00,-3.116111205211945290e+00,-1.760511947703901486e-02,-5.698030220129799872e+00,-6.848719343454972908e+00,-1.356194404674507581e+01,-1.569695927346593933e+01
-1.768630149729119694e+01,-1.283334918560827020e+01,-2.675618271075945742e+01,-4.944296369820805559e+00,-9.229155263886582361e+00,-9.165734554005037893e+00,-1.663673050249444785e+01,1.027927322747595129e+00,-6.695260352198012299e+00,-4.432982330760252054e+00,8.756114924006140887e-01,-4.075536823795552266e+00,-9.764516100923501085e+00,-3.846147260459344075e+00,-8.615633133808206168e+00,-1.535785935096504184e+00,-1.664832811445699434e+01,-1.476352619511165365e+01,-7.134612637604906382e+00,-2.968968754910132013e+00,-4.942447639448507068e+00,-1.119274289888864793e+01,2.124437823936171088e-01,-1.427563805744375536e+01,-1.135131597145264415e+01,-1.777591427057052087e+01,1.471236762654745678e-01,-1.580208612839264859e+01,-1.009984451436067587e+01,-5.008341178921416059e-01,-9.999443143136845791e+00,-9.279353480148685662e+00,-5.636695831187149786e+00,-4.152744186174095464e-01,-1.017063595676400745e+01,-2.005585637849860348e+01,-9.717850368751591361e+00,-1.377829436727319390e+01,-3.944869132765181696e+00,-5.071668349068280790e+00,-2.429395704631119646e+00,-1.323621125333325388e+01,-5.708362318246750888e+00,-1.425846624015708741e+01,-1.781955090056754010e+00,-3.430693632508439617e+00,-6.743128305623623753e+00,-8.810708513270908426e+00,3.861347465735688544e+00,-1.985998760393818729e+00,-5.289952056800975910e+00,-2.562222950958171985e+00,-1.486577408661776012e+01,-1.746085860060411576e+01,4.314481332636135869e-01,-4.960333849838185039e+00,-7.313952957136804045e+00,-7.511632319666054158e+00,1.224257231401457258e+00,-1.909064452374518694e+01,-1.721003831471869105e+01,-1.073292376939330595e+01,-3.132236474837138829e+01,-6.913129930050418537e+00,-7.741191652467337647e+00,-7.196359511577268275e-01,-7.461842427534309152e+00,2.571316016186280251e+00,-4.525985308921161909e+00,-8.747580077408931842e+00,-1.004664694432402694e+00,-4.804552254606702988e+00,-1.058161751869194767e+01,-1.144009246527551760e+00,-8.220997250756951757e+00,-1.503509776785847585e+01,-4.021054793509843073e+00,-1.476619616720054751e+01,-7.994719077600450419e+00,-7.022662536283473145e+00,-1.504084204041073747e+01,-8.380216005105058485e+00,-1.194192905576550778e+01,-1.834732648107866737e+01,-1.894052530487669728e+01,-4.518212539151607920e+00,-2.255067850739733260e+00,-1.687005777216410429e+00,-7.598952077705218855e+00,-2.203352077663711839e+01,-1.659788770736837193e+01,-4.926200594584827286e+00,-4.433545903227112395e-01,-6.585229065409043514e+00,-1.370121183543826682e+01,3.050858015830035797e-01,-9.021572513310148977e+00,-6.155308650861489816e+00,-7.802964983459358628e+00,-1.054033262435488716e+01,-1.258682235485512280e+01,-1.191913542021769601e+01,-7.336557109524378006e+00,-1.960337403192722316e+00,-2.027096767691340773e+01,-2.846696748720335179e+00,-5.574477013551007332e+00,8.162445927916976984e-01,-5.039149889646976632e+00,-1.245457979204909549e+01,-1.056269904525753311e+01,-1.667998825052158551e+01,-1.333330902758414815e+00,-1.073187525658909180e+01,-1.252749483351527715e+01,-2.978379324720223487e+00,-5.786900197986616590e+00,-8.786763241361090770e-01,-9.227606370587979612e+00,-5.176193274470888284e+00,-1.537110262473958855e+01,-2.897170974704155633e+00,-4.154498162714268972e+00,-1.727819215738242420e+01,-2.408837125395905332e+01
-1.854795889860740843e+01,-1.839975949829056390e+01,-1.040259783584133046e+01,-2.501648147151411372e+00,-3.365332694976868488e+00,-2.238096907838795335e+00,-1.461012657182798158e+01,1.958625896325975946e+00,-7.819828856928074945e-01,-9.886340167843966853e+00,-1.002797163549921322e+00,3.581561900908526219e+00,-1.302463564382879113e+01,-4.047271244386617894e+00,-3.888862225333715283e+00,-4.565027206231598633e+00,-8.538638936376397481e+00,-6.661876233872916941e+00,-1.495045980070076608e-01,-1.115017416061954414e+01,-8.353854136473209735e+00,-1.870116330938097349e+01,-1.326375934809332024e+00,-1.344377529737417376e+01,-1.515589904742365945e+01,-1.102973390123459119e+01,-6.962735688187223104e+00,-8.623449428903500191e+00,-3.364483289303594304e+00,-6.817787782770581728e+00,-1.424262688117851283e+01,-1.149288109256049673e+01,-2.373265595876226097e+00,-4.997798204759401841e+00,-5.518151471609312742e-01,-1.144074005919212667e+01,-2.049778393327969894e+01,-9.574998188420817513e+00,-1.405498588779071412e+01,-9.147525504842745292e+00,-8.502996562005758818e+00,-2.100389287487659828e+01,-1.487501568525825846e+01,-1.898723854111921838e+01,-1.677714644871409178e+01,-8.045592024544676590e+00,-3.323910581227658145e+00,-1.036016941705758043e+01,-5.420408157445909536e-01,-2.459721467075331702e+01,-1.047422081006589956e+01,-1.038623182139646772e+01,-1.435367568109332481e+01,-3.274330378623884652e+00,-2.095121992095864272e+01,-2.148155671029992941e+00,-2.043153379480041565e+01,-4.558695660252586990e+00,-4.595302422957454169e+00,-2.162039362158587963e+01,-4.452910964801334970e+00,-1.134972022708850758e+01,-3.979792693351924537e+00,-1.739553458399263342e+00,-2.775064030011028393e+01,-9.147546426899426208e+00,-2.041692526678931863e+00,1.562176944608833828e+00,-1.555334063789753696e+00,-1.112017661585564099e+01,-3.972453378347071684e-01,-1.037114841497074735e+01,-4.804061723672827355e+00,-8.295965689170424540e+00,1.236546135899519172e-01,-2.069507066823642827e+00,-2.227617200934223973e+01,-5.728355678382951233e+00,-7.746700816275083668e+00,-5.554677119988582490e+00,-1.536998230722604397e+01,-8.431602104416004551e+00,-2.067549075310660101e+01,-1.859928403572275002e+01,-2.560079921289077021e+01,1.789283391877729001e-01,-1.467517115812458250e+01,-7.355120378151864813e+00,-8.048445076795992748e+00,-9.129746339772474073e+00,-1.136783148599842797e+01,-1.264506279095820851e+01,-1.287006184745786541e+01,-9.509670827813485161e+00,-2.205255652879941408e+00,-1.758347086866161746e+01,-2.264900376709875207e+00,-5.743507559989221356e+00,-1.674587140175438416e+00,-8.869559767998506317e+00,-2.305678768313231330e+01,-1.073534427385131096e+01,-2.142785612438795084e+01,-4.739068995191820122e+00,-5.344337685882576849e+00,-1.659333870867884997e+01,-2.055969438893579593e+01,-1.871733202854152456e+00,-7.002016626572196145e+00,-1.224698082816489020e+01,-1.399184452998589734e+01,-1.686042316007728470e+00,-8.649540623347681034e+00,-1.127382238203956000e+00,-5.064578098385014826e+00,-4.348299481549018353e+00,-2.875453837326891637e+00,-9.286923616211614885e+00,-8.990573015831948567e+00,-6.706422929188517124e+00,-5.234180372671868309e-01,-1.348057414358794226e+01,-4.128061639331918720e+00,-1.355336127277986513e+01,-1.567321357681877636e+01
-1.784261906400347186e+01,-1.825449784994479074e+01,-1.624480544384778113e+01,-7.770622874707560968e+00,-2.489520765581999751e+00,1.663779748093964450e+00,-2.473717242697007990e+00,-7.182403508894743549e-01,-1.099320125869716058e+01,-3.172931836537255634e+00,-3.086337521749915158e+00,-6.943781303590846221e+00,-5.907949246392116827e+00,-1.920375909671825454e+01,-2.081575203562869014e-01,-2.033053193174484186e+00,-4.413299570821090256e+00,-6.068603239446299646e+00,-4.111331906849310935e-01,-1.012575856568100185e+01,-1.854513896013605034e+01,-9.613530890320623357e+00,-1.175433159449190690e+01,-2.579870183882767520e+01,-1.942147769065079999e+01,-1.070375496957322703e+01,-5.613659974079241444e+00,-2.013245793307010345e+01,3.409548806516287667e-01,-5.582655527997342659e+00,-4.399144632448277470e+00,-3.371047326541592781e+00,-1.107543323920792488e+01,-2.123813766683117521e+01,-1.283415372882832806e+01,-1.192673385559976929e+01,-2.620773341747293372e+01,-1.630214666863913564e+01,-1.792432250852201392e+01,-7.350672995976169410e+00,-4.865746653220952567e+00,-7.353662064986883351e+00,-8.244585625869000012e+00,-1.441323589879640821e+01,-1.807652901563582049e+01,-2.084298422851031773e+01,-9.620002962326907436e+00,-2.483594105395868112e+00,-4.772961171350360132e+00,-1.592500843570817892e+01,-6.613736718654289248e+00,-1.249445338093224400e+01,-4.037729601776248956e+00,-5.629700638565891424e+00,-5.319619677122662260e+00,-6.261550521256069146e+00,-1.309644435866566248e+01,-1.818656064023885932e+01,-1.533350491172766539e+01,-4.213492195320394984e+00,-3.200562851645488038e+00,-1.666321888347762625e+00,-2.995321693907304628e+00,6.298858460566578721e-01,-2.522130176768443732e+01,-1.741345796853574512e+01,-4.203418972559226141e+00,-1.002900212978858008e+01,-2.205322873131477124e+00,-4.650042987254289883e+00,-4.507051275871995166e+00,-2.475719513329553934e+01,-7.409447987161335014e+00,-1.710077717943615028e+01,9.434414755650384343e-01,-1.187624455239235921e+01,-3.548223745353555003e+00,-1.466001086460917868e+00,-3.288883514358847404e-01,-7.643073282632968812e+00,-1.808843083841999189e+01,-7.035680147806227858e+00,-1.964990596738069684e+01,-1.477232998968570854e+01,-9.752964355427986121e+00,-5.024584241321552014e+00,-1.432244918945449541e+01,-8.862372913695592658e+00,-1.224977852550330226e+01,-8.531207347464670576e+00,4.182183310532162079e-01,-5.838276953939041114e+00,-6.957988797566803107e+00,-4.896394522856549969e+00,-6.299272488518773194e+00,-3.847621554369676566e+00,-1.389924860534324402e+01,-9.234857496185014725e+00,-4.973044865608016174e+00,-9.853378904179178832e+00,-9.389674264809874771e+00,2.378718610877747774e-01,-1.240752461734318857e+01,-2.575509745364430891e+00,-8.411861857507336282e+00,-2.079124340867855025e+01,-1.580374670685309368e+01,-1.383265364078569704e+00,-4.172976409634071793e+00,-1.417797161962763752e+01,-2.380688569997505510e+01,-1.194912920603835005e+01,8.102542056808842430e-01,-5.009699333437913182e+00,-2.363519917936027226e-01,-1.618490226343645366e+00,-4.451025626558577031e+00,-1.212494766137242497e+00,-1.367276635439337973e+01,-8.693504421550997119e-01,-7.814255262724316253e+00,-1.302741512861667061e+01,-1.379501101964265608e+01,-1.754151857775457302e+01,-1.190737597278845072e+01
-1.839207120769444259e+01,-1.152695602058666502e+01,-2.654130542491596501e+01,7.209758002555994860e-01,-7.334716304543552390e+00,-5.149018353702334849e+00,-1.044717743468879689e+01,-2.548722370335305965e-02,-1.827714767912369309e+00,-4.419565959676927669e+00,-5.617362356326935924e+00,-4.123384342781550416e+00,-2.757689478692997742e+00,-1.586999538408346844e+01,1.471656358813963950e+00,-7.623186267009747219e+00,-3.830088601787418945e+00,-1.706707972080936742e+01,-1.216335164579486516e+01,-1.679545740971430590e+01,-1.127613862751192997e+01,-2.960727388681361205e+00,-1.908657743173790333e+00,-2.707724034886513564e+01,-7.216217184330511181e+00,-1.007124262376344781e+01,-1.523538946123824456e+00,5.722189581344320208e-01,-1.942740754522098490e+00,-9.919388433777276859e+00,-3.125817573998807664e+00,-6.691372326854481134e-01,-6.356693526627483770e+00,-7.619326584079758824e+00,-2.938635877577531641e+00,-8.710360637893005631e+00,-2.322472219907793800e+01,-2.488971420453016137e+01,-2.276177121359889810e+01,-7.021723570127297087e+00,-4.818851721093516893e+00,-4.796651644299031680e+00,-1.060171342467027777e+01,-1.355059211352840620e+01,-1.376768691591513161e+01,-1.822389462357871359e+00,-6.042991642259786467e+00,2.482456085755821995e+00,-1.169349187303327398e+01,-2.215726388671619773e+01,-2.588907765564667507e+00,-1.262027933497304311e+01,-2.734334886414951704e+00,-1.156420278765931009e+00,-5.704769058925713843e+00,-2.881351262935119451e+01,-2.664674208845491776e+00,-1.266769229982939393e+01,-1.357015231648594344e+01,7.899436027671640215e-01,1.217865680768153158e+00,-4.628857260167223764e+00,-9.429142996818226763e+00,-1.920877751073917139e+01,-2.021747291767701071e+00,-6.676798360259242671e+00,-8.299626840212388501e+00,-2.018194801050093190e+01,-8.124443016705097165e+00,-2.535244646033434801e+00,-1.692946835631658331e+01,-7.586831109144313245e+00,-2.675049793200707171e+01,-6.397210915372207651e+00,1.306454976351247632e+00,-4.728372235914632071e+00,-2.467474000543178114e+00,-4.362803578050511888e+00,-1.777019761972834644e+01,-1.442405571593418578e+01,-8.864306219804005238e+00,-8.221721550681854396e+00,-1.574243870075763319e+01,-1.452411171597115747e+01,-5.711384724371521004e-01,-5.418351374051924019e+00,-1.088776990545868184e+00,-8.796836366573066002e+00,-1.007854465077519635e+00,-6.825019164495797597e+00,-6.258138819889257576e+00,-3.521364723760169735e+00,-1.503392758519823236e+00,2.812498871905595443e+00,-1.850832569582024911e+00,-1.374248880776898218e+01,-1.726302163381720689e+01,-1.265957969872987032e+00,-5.520132162649614926e+00,-6.466064055276420364e-01,-1.664594088562259433e+00,-7.868184218857066092e+00,-9.896715455851447629e+00,-6.184228972652449308e+00,-9.042164187945921583e+00,-7.878217804540912361e+00,-7.169064784631239640e+00,-1.041408406454308633e+01,-8.406211996455132507e+00,-8.073915917591224511e-01,-1.290671057118051124e+01,-2.240416648386730358e+01,-1.547316185184589443e+01,-1.113649601302740777e+01,-8.487535163036408647e+00,-3.529132104390286351e+00,1.988509057679337166e+00,-9.251503847997257779e+00,-2.248096748173788129e+01,-8.246155684658928564e+00,-3.036262105423524371e+00,-3.149013543704655405e+01,-1.567594361574919937e+01,-1.519553091070396178e+01,-1.870728224120031058e+01
-2.472849107187944284e+01,-9.127572104240504913e+00,-7.008841767684535817e+00,-9.059544151114817367e+00,-2.820876049163134613e+00,-9.529834275088905571e+00,-9.281892534626637215e+00,5.757610050116402922e-01,-1.464921087518411769e+00,-9.342577253765639966e+00,-1.058569856385778785e+01,2.304455270963911562e-01,-3.604127937610863697e+00,-3.123630345946778242e+00,-8.264650952501989778e+00,-1.966859769949213854e+00,-7.464431052854929582e+00,1.310845159329492082e+00,-6.098659511906781461e+00,-1.261406764873050257e+01,-6.366839491551194108e+00,-4.723855674706713081e+00,-1.926163619943182326e+01,-2.195675772533327574e+01,-1.289847241578679871e+01,-3.963876640802451945e+00,-8.748437296852586975e-01,-1.607553487336502229e+01,-3.243046553029147461e+00,-1.312922145480734937e+00,-2.604632616211432605e+01,-8.326485966235924963e+00,4.194583953609757998e+00,-2.868168864828875453e+00,-2.179479807763028631e+00,-7.009246935780531762e-02,-2.688831950602830645e+00,-1.056178630362118787e+00,-3.136832879878765468e+01,-2.497381984809443267e+01,-1.002845215790039646e+01,-3.673517252688180523e+00,1.820044068183271246e+00,-6.157010108359362910e+00,-6.170527183615779343e-01,-7.599213309354068357e+00,-1.664805975325398313e+00,-1.881554133965692710e+00,-1.608261640796915870e+01,-2.386905728034566820e+01,-1.244111795905293150e+01,-1.775360523701166926e+00,-4.808363290848612692e+00,-1.123711804142943471e+01,-1.822049829021168321e+01,-1.142192573138880007e+01,-9.101073241123101454e+00,-1.374608322687488737e+01,-2.513299454587729542e+01,-4.414613105091297895e-01,-1.111527269652238248e+00,-1.225941018278458472e+01,-1.528768223159381279e+01,-1.064657489798299750e+01,-3.093425157172999818e+00,-1.124039611157944485e+00,-5.209893197432591272e+00,-3.959152400158907348e+00,-3.159716405613563595e+00,-6.651911666054848737e+00,-8.971908049801134766e+00,-4.405503863011706933e+00,-1.609525406118552482e+01,-5.610031382457051130e+00,-3.185407754193073870e+00,-6.522928412824827049e+00,-4.856142445276395492e+00,9.512722515809255430e-01,-1.183534578329325271e+01,1.426344972366429431e+00,-4.240648538996157235e+00,-8.314128550119349370e+00,-1.708704564650877700e+01,-1.124043695555058342e+01,4.071386366241168397e-02,-1.610474166103611182e+01,-6.331128257765974432e+00,-3.879239060052757537e+00,-3.894935275517287909e+00,9.340764969251416083e-01,-4.384245140504038352e-01,-6.969639280890018718e+00,-3.410485875562981661e+00,-6.077944519854545646e+00,-5.081836417069862222e+00,-4.821811620627538986e+00,-1.602811070398104576e+01,-5.467124466753592316e+00,-8.791790839907033472e+00,-6.576727948542374413e+00,-3.173640032724431403e+00,-1.430154556430175106e+01,4.701844870200835302e-01,-5.222169748546150458e+00,-8.207208698816753634e-01,-2.763570957035641484e+00,-2.017968383902192908e+00,-2.466085149534495424e-01,-9.864935856933598757e+00,-6.389469605164536326e+00,-5.008677243200408746e+00,-4.827753168921974591e+00,-1.919452006481066064e+01,-1.278719650139189667e+01,-8.644380800385780717e+00,-1.014546719956290310e+01,-1.230776662228838703e+01,-9.750707321824467755e+00,-6.533939702457711718e+00,-1.247367330026296628e+01,-7.165604000098958259e+00,-2.133907674687380052e+01,-1.040166425111954496e+01,-2.347656994733733882e+01,-2.540151025586911970e+01
-1.004757282057099310e+01,-5.682545465460073331e+00,-1.317068174702037631e+01,-9.162031187508253183e+00,-1.230670180918052736e+01,-1.159974491770491056e+01,-1.061658796597445686e+01,3.190127644780669236e+00,-6.941546186057621526e+00,-5.095629165106537961e+00,-9.037362180367980002e+00,-1.903912437531719348e+00,-6.804537315955484722e+00,-3.903895056453839274e+00,1.626093544951204617e+00,-6.305235099316766956e+00,-1.204589286807109083e+01,-3.525973181572510828e+00,9.898592487712873367e-02,-1.074850492525097678e+00,-4.365762905658660209e+00,-1.264237221575694292e+00,-1.530404302553753126e+01,-9.963148506378502134e+00,-1.023222023053735441e+01,-2.289768991116219787e+00,-4.266991546945158587e-01,-1.261569357676166092e+01,-4.573946068962990275e+00,-5.815943051613235326e+00,-1.801918778745577399e+01,-1.397517502651360211e+01,-3.504244679607401824e+00,9.348704937175823515e-01,-8.513640330422100888e+00,-1.258146577980278291e+00,-1.184988998335090926e+01,-5.831253981279931331e+00,-1.611375716809889980e+01,-1.519506263255452438e+01,-1.143870721476025487e+01,-4.371229718931592956e+00,-5.604138160685709913e+00,-4.055101911789265934e+00,-1.062383341842859430e+01,-1.614196262878983390e+01,-2.415538068639029756e+00,-3.168412099361220147e+00,-1.213298719412838622e+01,-2.400589129127214960e+01,-1.991576759318217071e+01,-1.987820007683969159e+00,-3.723615498720451722e+00,-1.905429273592701023e+01,-1.203809170646752591e+01,-5.438403003708599748e+00,-1.357643392132304783e+01,-2.316922188551687967e+01,-1.119174598064328841e+01,-5.340547583415128363e-01,-6.918622508002667537e+00,-2.431186410395079989e+01,-1.320274344234731601e+01,-8.367376856791985063e+00,-8.366951177348225244e+00,-2.212442907141859649e+00,-4.546755140224187919e+00,-1.121405704148933324e+01,-6.229376208046717878e+00,-2.846681332669810160e+00,-7.131122469014119503e-01,-1.883754668565323698e+01,-1.988164940607486386e+01,-7.367089889443908746e+00,-6.703265328812003654e-01,-8.245243131869013808e+00,-1.727960294838499067e+01,-5.929452923345164272e+00,-1.587690125190840718e+01,5.183279486195127017e-01,-4.999230483823003723e+00,-5.853326062202776292e+00,-2.142026481779306124e+01,-2.971454930313446141e+01,-1.526325453360886097e+00,-1.134275793430120416e+01,-1.357365399127398398e+00,-1.372728083094940876e+00,-3.849658891710777020e+00,2.139086460674397561e+00,-1.603197180856843573e+01,-1.382212069008973465e+01,-1.074667279113675278e+01,1.169178461526250379e+00,-8.982817556232790324e+00,-7.047142676231813674e+00,-5.651097649094207753e+00,-7.080093438900721736e+00,-9.883797349948803657e+00,-6.901224177025307327e+00,2.514706645858532652e-01,-1.379380579547245311e+01,-1.420976346552340897e-01,-8.272769069960286714e+00,-3.057210609586316075e+00,-2.390964605798155063e+00,-1.090478370274224673e+01,-6.135895746321774702e+00,-6.662124946548024340e+00,-1.406892982349313037e+01,-5.213249291195561241e+00,-1.570557090551871482e-01,-1.198354079894316726e+01,-7.091522245296651761e+00,-7.054737519727546591e+00,-3.044255343916578038e+00,-2.046526541893447959e+00,-3.760819263243834865e+00,-2.281005150873207099e-01,-1.519986572399691127e+01,-6.144036947788212188e+00,-2.658744524000437082e+01,-4.731616566783228173e+00,-5.266011193209468644e+00,-1.343845279503332435e+01
-1.554442957221555943e+01,-7.719735455710127425e+00,-1.869201196597667902e+01,-9.977729794803858354e+00,-1.483018232789702573e+01,-2.565056069752611023e+01,-1.276598004910534456e+01,-5.324661467051473807e+00,3.668630294158882421e+00,6.697180588550676328e-01,-3.693394699373094836e-01,-1.238402080495312063e+01,-1.834881703777834439e+00,-4.332543872239858374e+00,-7.806751390131765334e+00,-1.284036157255362021e+00,-8.876176823811027461e+00,8.912711462702865850e-01,-1.066924202280294054e+01,-3.744769074321348423e+00,-2.955792093875748705e+00,-3.271266591219313291e+00,-1.687868385291899997e+01,-1.046811753991673033e+00,-2.469248278886369441e+00,-6.974392590895948096e+00,-3.152860100033615609e+00,-8.265883322131003297e+00,-8.339606294780548268e+00,-1.020256616704524610e+01,-4.540310403539081996e+00,-1.584009034214598088e+01,-8.887295371063927973e+00,-1.044081909528357999e+00,-2.977080754074183488e+00,9.077463179097764456e-01,-1.731509691334835210e+01,-3.098380056424585405e+01,-2.038250053448761978e+00,-2.053950365642184295e+01,-2.949838059732641327e+01,-6.192858674406519270e+00,-7.976540372038869009e+00,-2.808656475488528770e+01,-2.719156327604892809e+01,7.144196299305622944e-01,-3.575780253792505192e+00,-4.431450706862363198e+00,-6.067276214489801589e+00,-1.149110480048033445e+01,-1.569216643183816196e+01,-9.101049391291693880e+00,-3.686238304570244484e+00,-1.291791268287240158e+01,-4.416447090200994907e+00,-3.141707047804232822e+00,-1.321681237824450683e+01,-1.212942295859065212e+01,-2.285626857073505214e+00,-6.458028020367615696e+00,-1.161549070704079867e+01,-1.010484461727406469e+01,-1.466270308528711652e+01,-2.158600539295936205e-01,-9.974849163992953738e-01,-1.281260319081237853e+01,-7.183478507878748864e+00,-1.527704042192494072e+01,-1.360963077618603378e+01,-5.898180866653857102e+00,-9.181194113717207728e+00,-8.461642921015066321e+00,-1.153463460166269527e+01,-5.566831673032648808e+00,1.369961227268567672e-01,-3.833307446726345269e+00,-1.831762054219862046e+00,-1.024050527547282918e+01,-9.382492306136633431e+00,-1.818994552198656356e+00,-6.276351637624157043e+00,-7.939585505430642343e+00,-2.268924899595646494e+01,-2.370707811219376282e+01,-8.182238850487880910e+00,-1.732331600174619979e+01,-7.510565946854237396e+00,1.071214193861188768e+00,-1.048733801454194037e+00,-9.389281407923732559e+00,-1.552250819808326909e+01,-1.808234095349980564e+01,-1.641838129841099203e+01,-6.432944044354810265e-01,-2.004538982537233593e+01,-1.794836444320662139e+01,-1.376849247354572192e+01,-5.328933667006023001e+00,-3.258309839238612504e+00,-4.149044345272945300e+00,-8.869865634896221707e+00,-1.086981628942670808e+00,-9.270933860959191364e+00,-4.911631891786186976e+00,-4.340717228837914554e+00,-8.925499015480575338e+00,-4.090650402638663863e+00,-7.610916431806719729e+00,-5.489118129794224643e+00,-1.769777981355540319e+01,-1.973726856371397176e+01,-1.271004444744908701e+00,2.374169122099212270e-01,-5.301843534007270264e+00,-1.067993305380868785e+00,1.331853343988175509e-01,-7.835926497517489153e+00,-1.557757782885254372e+01,-4.491447328359554625e+00,-1.247039658708497001e+01,-2.005840757788619921e+00,-2.181229476469427198e+01,-6.380129383731371284e+00,-1.216245063758784539e+01,-1.494873959258186247e+01
-6.105248472883884503e+00,-1.879871948150752559e+01,-1.717522637536237440e+01,-9.415781175527511593e+00,-8.511340895371084514e+00,-2.081677836859971364e+01,-8.555745443098775382e+00,-1.115370584124628017e+01,-7.326958029657696159e+00,2.757915513508671701e+00,-6.589905574657712872e-01,-1.028785789154279762e+01,-1.299034838864869990e+01,1.807375432045167152e+00,-9.284413225921060331e+00,5.719183718410064676e-01,-7.570981065566465773e+00,1.432789057083031226e-01,-1.223044259792545319e+01,4.356745373967470941e-02,-1.218963842298204980e+00,-1.267609426950026119e+01,9.634688387241332475e-01,-3.070097763953656855e+00,-3.908453607974711641e+00,1.218075699485668961e-01,-1.376637639720938289e+01,-1.548139096895397593e+01,-1.810642716814267672e+01,-6.459859114594987517e+00,-3.480778566562447995e+00,-2.348852790924316203e+00,-4.671338998575475188e+00,-9.517240076843245689e+00,-1.252343462554673104e-01,-2.273715182112208577e+00,-9.043737998083518193e+00,-5.356953892461642219e+00,-9.168875566915769326e+00,-1.456850590430317460e+01,-1.313372981598702083e+01,-4.194413005067040956e+00,-9.224042282210746180e+00,-1.381224038184136482e+01,-1.321661225905759629e+01,-5.788627319710396568e-01,-1.245918810532988807e+01,-3.567997729751625435e+00,-4.644297845338348552e+00,-1.147769747144125496e+01,-3.095675535374002418e+00,-4.912731914579332226e+00,-1.631541091312514169e+01,1.680932204454827161e+00,-6.012248323370343428e+00,-1.110969239152038490e+00,-1.308785945125101335e+01,5.380124861288680949e-01,-1.559726239803707237e+01,-2.197316156939931986e+01,-4.528048767899860216e+00,-1.247047685606574063e+01,-5.075306182919540277e+00,-2.736418723549011833e+00,-5.591161031264122450e+00,-1.059825123725795848e+01,-1.548842011177041833e+01,-1.465875428782054080e+01,-1.287345934971428285e+01,-5.475640153688116740e+00,-5.496395065608277619e+00,-5.867578649447649397e+00,-1.387741539810889435e+01,-5.436678282720007749e-01,-3.345014893788260224e+00,7.794362925211806292e-01,4.484462887932820496e-02,-1.201559389440452996e+01,-8.344907172623955205e+00,-1.428038194116382265e+01,-7.931825296822796467e+00,-5.746787606170369322e+00,-2.044536590498983841e+01,-3.398544894974123487e+00,-6.293727152134440672e+00,-1.763573990125923174e+01,-1.356626326716394360e+01,-2.581511081869950708e+00,-4.571957101804607682e+00,-7.808048521534840525e+00,-1.179133786764077030e+01,-1.021108806781598588e+01,-2.018988384390198831e+01,-2.410339747584809289e-01,-1.330581965861775018e+01,-1.358776482957721399e+01,-2.236053568384352275e+01,1.458431498673169679e+00,-2.360792492634670836e+00,-5.497115390806214918e+00,-8.383833348411759090e+00,-9.732844394322691883e+00,-1.887998334606479034e+01,-1.685542945679478066e+01,-1.582547998842471770e+01,-6.975302451562828132e-01,-3.424297365075802624e+00,-3.967994879344324488e+00,-9.972051524422019142e+00,-8.334139741810709268e+00,-1.275025313911357472e+01,-1.571805455213396208e+01,1.661948841298747981e+00,-8.984705554460841626e+00,-2.295136149358505850e+00,-3.665906642724591435e+00,-5.358566572520928162e+00,-5.330396769699904169e+00,-4.301861936789868501e+00,-1.217130413499659269e+01,-7.378058656236067492e+00,-2.630047811232544941e+00,-1.182864213661584785e+01,-5.903155961893720161e+00,-2.451250505519473677e+01
-1.007538445065351951e+01,-1.775823034623024910e+01,-6.581065289696301335e+00,-4.578618039153814934e+00,-1.268464913286823759e+01,-1.468318903454713897e+01,-1.020509154227010384e+01,-5.115308297189971043e+00,-4.130543095508421914e+00,2.042249441726601944e+00,-2.953289502115132859e+00,-1.282719881345720303e+01,-7.242359331850424908e+00,-1.444672243666231992e+01,-3.199900766063898505e+00,-1.449603603180986688e+00,-3.898672480563182552e-02,-7.498146055928475384e+00,1.764988663365295585e+00,-3.022754808638381085e+00,-1.638325126993236402e+00,-1.089832248547975979e+01,1.510490829142413505e+00,-1.410778905328012200e+01,-5.221794227750917172e-02,-5.862827675904305202e-01,-4.754743185836924013e+00,-3.180697465045921213e+00,-1.444309428673868689e+00,-1.013738856840439961e+00,-1.427712803940057640e+01,-1.637090391684323620e+01,-6.663210655421733186e+00,-1.762064239511821029e+01,3.865361283631398859e-01,-3.323194905139143174e+00,-1.168690866788453953e+01,-1.034770641303823524e+01,-1.735725586843631874e+01,-8.124756095615961016e+00,-2.527244510974346436e+00,-4.424705595751903253e+00,-7.878353130396145154e+00,-1.875666385061150976e+01,-8.325083464298044689e+00,-1.336104138617408310e+01,-2.086317554004775943e+01,-3.863589272768424010e+00,-1.463198209347930856e+01,1.339827808190009462e+00,-1.500136978020513379e+00,-9.070751746906726254e+00,-4.425620095669978937e+00,-5.732380788617570389e+00,-6.314288363098100376e+00,-6.613799011616250390e+00,-2.932812604116836752e+00,-3.476593056507619739e+00,-9.137964626518137123e+00,-1.721215495299465825e+00,-7.907733412127811334e+00,-1.214611331707842012e+01,1.697598764726827358e+00,-4.126565945684949194e-02,-1.002336088783627943e+01,-9.598985277251317783e+00,-2.651451682449781355e+00,-2.728294494067054821e+00,-3.455233582055777575e+00,-8.980474029157216265e+00,-1.054395359977264945e+01,-4.123198825809025081e+00,1.816788332617934820e+00,-6.199901006391918656e+00,-4.274358439859700987e+00,-1.310128966060405808e+01,5.395071226127441666e-02,-2.541709766429621986e+00,-5.949889381070539329e+00,-1.290556030437489099e+01,-8.257820286664097509e+00,-1.223707715267219553e+00,-1.020345145389943475e+01,-3.559488732588105275e+00,-8.715544862112675872e+00,-2.088973953886886115e+00,-8.181144245051408248e+00,-8.850166857938123854e+00,-2.352026795940685977e-01,-7.797051423930970948e+00,-7.792092527177327810e+00,2.298320473553604693e+00,-1.569808651286510148e+01,-3.416122259598972200e+00,-2.419189029342503350e+00,-1.544596007838823049e+01,-5.391669779797640061e+00,1.859010816469153449e+00,-1.385202120609186593e+01,-2.911586389945839404e+00,-1.098938129044870848e+01,-6.417687485704061112e-01,-1.065289944580294090e+01,-9.974520562437721338e+00,-4.364651599209487642e+00,-5.531098512379656995e+00,1.112737971558249717e+00,-3.417089927917578596e+00,-2.862343716208051170e+00,-4.452273399859465464e+00,-8.333902672373804776e+00,-1.156396162782084680e+00,-5.782656110225145696e+00,-5.569757622077224468e+00,-3.086398967083186395e+00,-1.302672265299746002e+01,-3.647534936977001596e+00,-1.113990730447556254e+00,-9.877301317992301932e+00,-1.174822861209196923e+01,-1.257214002859979907e+01,-1.059714138857843757e+01,-6.755510993531668618e+00,-1.475365073011999328e+01,-1.826536119067672814e+01
-1.268719672383175912e+01,-1.064929083886284822e+01,-1.487132436476334618e+01,-8.392822079522723300e+00,-1.053812511589057266e+01,-5.620782079270303377e+00,-1.541760939952671450e+01,-8.176108623303825595e+00,-6.739237316223402274e+00,-1.868429901654552694e+01,7.405134470354347576e-01,-1.165811356111339653e-01,-1.313106504614345305e+01,-1.191826323205318516e+01,-1.670895954989700272e+01,-5.115875993936941590e+00,-3.580786512198692595e-01,1.988743921786107149e+00,-1.181329645561399388e+01,1.744259600320351655e+00,-2.457475681125030320e+01,6.857915941293530881e-01,8.662750899496389489e-02,-3.326273751614230001e+00,-1.802386724306005217e+00,-6.139807938672205090e+00,-7.558518161955937842e+00,-2.510161076577391182e+00,-5.591872930410055065e-02,2.501480503305786862e-01,-2.073226263970664007e+01,-2.578358044202888610e+00,-4.980357174718181845e+00,-8.855654743197639789e+00,-1.563488272376660493e-02,-7.944601470971588419e+00,-8.184908151908716789e+00,-1.764305539454967597e+00,-9.371578101796490756e+00,-6.605636647419426133e+00,-8.607161277773219155e+00,2.034358411516449028e+00,-1.887126660587789573e+01,-1.564525931134939363e+01,-3.153835015882139103e+00,-1.470577735222438953e+01,-2.343505689347345111e+01,-3.257081472340074058e+00,-7.560904196905562813e+00,-2.888085485950590670e+00,6.372295057352760361e-01,-4.822716948024844186e+00,3.161382758610287613e+00,-1.674740283960087783e+00,-4.936000341781327655e-02,-1.069656959097108029e+01,-8.560314365041403306e+00,-6.805643368279632455e+00,-3.175923766256271152e-01,-2.310320789969180666e+01,-5.132056799940474257e+00,-4.710814693948421450e+00,-8.445963352979093841e+00,-1.802467549709789507e+00,-2.536364915516943874e+00,-7.615668827560943654e+00,-5.055012158706137626e+00,3.419556869315619752e-01,-2.471592757356271619e+01,-3.934706532689562941e+00,-3.227652379659066817e+00,-7.958594205403979327e-02,-2.717971762527962021e+00,-1.345204907255665283e+01,-1.353949088806711032e+01,-2.233122658224528490e+00,-1.526078820923591817e+00,-7.137374356488170868e+00,-2.091173603480007692e+00,-3.758524777330515931e+00,-2.987447810856540098e+00,-3.697574927875828532e+00,-1.405767021250695237e+01,-1.553076474606298163e+01,-7.646355832401328101e+00,-1.030553173460051752e+01,-4.837781586309128912e+00,-7.279033938597248010e+00,-8.918453397399929372e+00,-6.996729646086231824e+00,-5.145269323676462392e+00,2.535665104380859347e+00,-8.735019137547983092e+00,-2.284452333367111976e+01,-5.035896414147878808e+00,-1.546141948023802826e+01,-4.737614435536061208e+00,-4.231375898607155683e+00,-1.237152859808178462e+01,-8.438615485192775267e+00,-7.161286094482639086e+00,-2.219321578775900150e+01,-1.100692850927266875e+01,-2.435704006842092095e+00,-8.016289253460772812e+00,-1.014865349356126423e+01,-5.995448308380533220e+00,8.611078721996580088e-01,-4.437723754908267537e+00,-4.761060454419007826e+00,-3.888668530417272784e+00,-8.221086107239839791e+00,-1.252608809306033777e+01,-4.995510600513895838e+00,-2.289592850773308541e+00,-7.252711107647286326e+00,-1.664711612340260416e+01,-1.379325235805728633e+00,-2.228808938501213976e+00,-3.136319961189938610e+01,-1.577242785017826954e+01,-1.597701096068718130e+01,-1.061013635673715072e+01,-1.009496930423141947e+01,-1.850995283872558872e+01
-1.176160362343736665e+01,-1.974154709360580284e+01,-9.860796378081353453e+00,-5.740508968779566956e+00,-3.028128377819415462e+00,-2.377128560295060034e+00,-1.729773557092138603e+01,-2.774634478339406130e+01,-6.862923674410906116e+00,-1.766795219000119488e+00,1.038926141813650172e+00,1.437507243706695803e+00,-5.789373264621894499e+00,-4.929033183899856896e-01,-2.209351262338989930e-01,1.087502422381088296e+00,-2.063759564949667169e+00,-2.074048663002590942e+00,-2.098240398716082922e+01,-6.408890579531966836e+00,1.871493483810876768e+00,1.779057899234834483e+00,-5.908666083325084806e+00,4.053270632619088709e-01,-6.529748912226089885e-01,-4.474429422516299937e+00,-1.192298471913955638e+01,-1.628346558313237580e+01,-3.184719773656517372e+00,-4.139324476574802181e-01,-1.521900046085117708e+01,-1.262364170575622335e+00,-3.895638675165762788e+00,-3.393711200998195121e-01,4.175530218748296774e-01,-2.769183797671231240e+00,-1.069972505898416770e+01,-1.058620334394910323e+01,-1.121212246168599158e+01,-1.188386621822455691e+00,-1.802116234501080783e+01,-4.681389471090153798e+00,-2.154877639108538467e+00,-1.100723920160796077e+01,-9.595777633094860093e+00,-1.666646427672744935e+01,-5.625868679406252681e+00,-3.769294889340888854e+00,-4.233610612401489948e-01,2.238820583963817279e-01,-1.833117994217077218e-01,-8.191657835191769266e+00,-3.962183235548288440e+00,-9.223018073399234851e+00,-3.702860525720977236e+00,-6.998756223084967587e+00,-3.557171609933664325e+00,-4.828801771533820286e+00,-4.888448183686549875e+00,-7.896389221643065337e-01,-3.268938098860292740e+00,-1.022392576862377389e+01,-1.123224189663698347e+01,-2.914080092768468688e+00,-5.202740841096257896e+00,-8.939894348610591734e+00,-8.846932945110978608e+00,-4.739081725656376420e+00,-9.464615997746930631e+00,-2.243780783385498800e+00,-1.477233294786439188e+01,-2.278287970308239707e+01,-1.350584360975322973e+01,-2.541408159017849755e+01,-2.744153767681562606e+00,-4.858824450341239221e+00,-8.257571983424904616e+00,-1.316781667728592886e+01,-3.269564968385870074e+00,-7.448017886670990073e+00,-6.206780422627562466e+00,-1.497619525399560914e+01,-1.865572223542674735e+01,-7.470338957505886057e+00,-5.937944861661233809e+00,-1.093943674191401261e+00,-1.695250947021257915e+01,-5.228595532903035803e+00,-8.800827069624079790e-01,-6.694270932437694555e+00,-5.147982380023682580e+00,-9.184748613269512418e+00,-5.351633182607562489e+00,-1.341414771800249284e+01,-5.005401840105992761e+00,-1.151233234237631464e+01,1.594272202542657446e+00,-6.033421325481191033e+00,-1.406650153308932971e+01,-1.703359721874577914e+01,-5.674907707669398782e+00,-2.521099200910378979e+00,1.324916831089179015e+00,-1.125708761518001566e+01,-1.288522366568595423e+00,-1.539213077697140619e+01,-6.160197512231492034e+00,-4.839731739356688323e+00,-6.106292971575639328e+00,-1.581745052318101230e+01,-5.790900828630861419e+00,-9.926908338629278461e+00,-2.195699349089287722e+01,-5.952293353462692060e+00,-4.338802100368411629e+00,-8.223336898537116468e+00,-2.471648169456727828e+01,-7.671795566878259365e+00,-1.534993770500655330e+01,-3.412782226469870395e+00,-1.561349315643337476e+01,-7.489163443170182788e+00,-5.829945813514962438e+00,-1.321703798652449180e+01,-1.264234545403606802e+01
-4.423009671828229905e+00,-1.237138042106536950e+01,-1.422010336305556066e+01,-1.401087953744644210e+01,-2.108921275108072368e+00,-1.730884581408780321e+01,6.904861307613361365e-01,-5.331962657131147587e+00,-2.120940766419449730e+01,-2.211223415233368073e+01,9.643936415591276567e-01,-6.323847334394957720e+00,-2.061472055972331852e+00,-2.472651991299909469e+01,-7.980326036176350613e+00,-3.082792644324885867e+00,-1.378676681888939326e+00,-4.008273940164285953e+00,-1.428574536497707470e+01,-9.525524862603770515e+00,-4.140166824453655359e+00,-9.705869756876472465e+00,-3.758190012606554387e+00,1.207193661646305483e+00,-1.132016243200681771e+01,5.467732075663469526e-01,-9.341898230913703305e-01,-4.897702074097807667e+00,-3.513100646484399459e+00,1.370048194805165487e+00,-1.257811678507913022e+01,-2.975350782103467040e+00,-3.522340682920195754e+00,-2.611312403836172358e+00,-5.788655686145301793e+00,-4.529792133888403960e+00,-2.439146241134601656e+00,-1.651373640818883359e+01,-1.488719404470294805e+01,-2.882638030564796061e+00,-6.819680894115739633e+00,-1.214704694674394503e+01,-5.801217256861724847e-01,-1.007456759833712034e+01,-1.394938419686667785e+01,-2.476663846706863836e+01,-3.544418115517109502e+00,-4.408198657416659394e+00,-2.980486072866788128e+00,-1.054240800494875963e+01,-1.496421460259923819e+01,-4.863046593568051357e+00,-8.842296520734183929e+00,-5.680714430485834576e+00,-4.084607819363632153e+00,-9.334609728950763241e+00,-2.443885619965286793e+01,-5.136941740877770002e+00,-3.035968593453146624e+00,-5.036457879817972660e+00,-1.311308679201109229e+01,-2.275077756534252149e+00,-1.622806822112820058e+01,-8.274822303859222572e+00,-9.967519294267498609e+00,-1.055311103877736123e+01,-1.716316909934362656e+01,-8.393904091977233861e+00,-2.641141311826201044e+00,-1.361355241657025772e+01,-1.970253169798696291e+01,-1.572440420410163675e+01,-1.496148544327654939e+01,-2.268838044025923484e+00,-8.866573063345411398e+00,-1.168806679456789510e+01,-1.424825196800204452e+01,-2.091603352382755965e+00,-1.700805424382242848e+01,-4.457420293305183634e+00,-1.157004482177366356e+01,-4.435150426235482612e+00,-9.780024058557058808e+00,-3.819730656423427462e+00,-1.037633421288775892e+01,-1.225259869856467176e+01,-1.214453654282095485e+01,-4.840379971264024306e+00,-1.503174492172707044e+00,-6.277060558634872223e+00,-8.291771337894077831e+00,-7.398431828656118370e+00,6.068099405062442608e-01,-1.338351421668207308e+01,-1.238531162276529152e+01,-6.374121306829716005e+00,-1.240124495488227119e+00,-8.824719788485577254e+00,-7.655170285906949701e+00,-8.384053203173358337e-01,2.537225722656646365e-01,-2.079364040481808562e+00,-4.188234780650520461e-01,-1.073142455714692645e+01,4.736055327133503745e-01,-7.910427319122068646e+00,-4.206794276818316192e+00,-2.438551889835208986e+00,-4.151758606460499657e+00,-5.325250460414816533e-01,-5.868258414473830342e+00,-1.007604574776459216e+01,-2.796702908767572104e+00,-1.784199183098668229e+01,-6.391146561653460623e+00,-8.281361879901599110e+00,-1.053883826443957794e+01,-2.174628652335345080e+00,-4.638525730952425263e+00,4.194067488749972372e-01,-3.723549660231059377e+00,-6.023690298347512240e+00,-8.176984079284288498e+00,-8.757238448469763625e+00,-2.001618652310654056e+01
-7.856309153167122972e+00,-3.125853401176009783e+01,-1.187988720026280376e+01,-1.361723397505818234e+01,-2.219235338266831192e+01,-5.730298676081478249e+00,6.282162786324054782e-01,-6.604347322491760153e+00,-1.457657048831487323e+01,-1.584992188477019681e+01,-7.437256894367752835e+00,-6.646595956081626788e+00,-3.363897949366867479e+00,-1.024162790055618899e+01,-5.056542438660747152e+00,-1.350832403450524577e+00,4.757018155292599970e-01,-1.335411825636426641e+01,2.498315291593542931e+00,-1.371416273044948753e+01,-2.138595532681471845e+00,-7.937773441360376214e-01,-9.511700154829771492e+00,-8.810573216344796066e+00,-1.915614501582144058e+01,-4.311724889046061548e+00,-7.969494027451284879e+00,-6.260751905371451542e+00,-1.266752887728115118e+00,-6.914227153821989047e-01,-1.233971817839586294e+01,-1.013192379215690409e+01,-5.637094609693596325e+00,-5.886516795453802686e+00,-1.067824289950771721e+01,-3.212092654106358580e+00,-1.548838827150069264e+01,-5.755415445882324121e+00,-1.687395874424463926e+00,-5.577872013538737406e+00,-3.445133865297183018e+00,-7.528479273389314663e+00,-2.243016385797862888e+00,-1.556874278027957104e+01,-1.623806042035607078e+00,-1.107171848221269528e+01,-1.209368371434166589e-01,-3.134715422149113451e+01,-1.229060782211219838e+00,-2.196696105341400695e+00,-1.163270281506794568e+01,-3.871619703595656325e+00,-8.488416414834086154e+00,-3.025168374687371653e+00,-1.654797025308287317e+01,-1.550600085865215805e+00,-1.139089354522917041e+00,-8.489881744664959484e+00,-1.136438347468987864e+00,-7.558731578046317345e+00,-1.790584907969602213e+01,-4.795757624828640431e+00,-2.268993768553128376e+01,-7.702890021414697586e+00,-7.648987257104203685e+00,-6.237754697858768793e+00,-1.038838632953881636e+01,-1.125480386748768602e+01,-1.626810033906149400e+01,-4.129367134990950206e+00,-1.175537726207291911e+01,-8.250510153217959441e+00,-7.416684589498061086e+00,-7.777271785984630981e+00,-8.868419184077380280e+00,-1.660659924729541359e+01,-1.882370767666964184e+01,-8.941272592945818332e+00,-3.787141135224204369e+00,-9.102988590575311179e+00,-2.527664605552410571e+00,1.325631833133360971e+00,-6.774726083648869857e-01,-9.838709456371361739e+00,-1.522302715766430392e+00,-2.128741716475496482e+00,-4.762733436808136211e+00,-6.960319574410344323e+00,-3.388549699798017567e+00,-4.970859825562951251e+00,-1.165062663764768969e+00,-5.124705157543855805e+00,-4.252523629387954807e-01,-9.015284056460098228e+00,-8.540956860712768162e+00,-1.664578376375188018e+00,-7.522161338614823833e+00,-1.208426474564472386e+01,-2.927212012454146084e+00,1.920984553513879867e+00,-1.628342483474712887e+00,-2.453136918641111386e+00,-7.583842535664508056e+00,-4.373451834371037350e+00,-1.464899516174903127e+01,-2.346151366134261806e+01,-8.811578463265867356e+00,-3.778329123517698562e+00,-3.034430478157161382e+00,-2.991801651848724930e+00,-1.310097841826373966e+01,-1.661096738323375677e+00,-3.524074627178556796e+00,-1.630987270516458532e+00,-6.979664326213502079e+00,-9.041612088584034979e+00,-3.759011908221241871e+00,-4.503102504764186165e+00,-3.209280559234071628e+00,-2.929521233220302445e-01,-4.501327065554667328e+00,-8.919313266322792089e+00,-2.944070870248940874e+00,-8.064757589863795317e+00,-1.434842902635502426e+01
-2.408936844614273820e+00,-1.938594051205614832e+01,-1.572191090113854095e+01,-7.968326406046127630e+00,-5.125459355301968500e+00,-6.364893661564332561e+00,-5.402497936443997339e+00,-1.012356891628278888e+01,-2.021987712955174032e+01,-4.783126373297532652e+00,-9.216236009939384743e+00,-4.326014234451765361e+00,-1.274824623789452893e+01,-1.053356914078761264e+01,-2.416719426695254302e+00,-4.678412780204903143e+00,-8.831171705172298658e+00,-5.331638422196780525e+00,-3.918859021838390078e+00,-6.141102008591110106e+00,-1.691015522946927163e+01,-2.417278748077214345e+01,-3.541510559354316134e-01,-2.124328386302721583e+00,-5.458745737887525706e+00,-7.587232198333514255e+00,-1.822669991924486865e+01,-1.228199778691094757e+00,-4.070878561518587624e+00,-3.918661496874821903e+00,-7.893926336906772256e+00,-6.584353559328863792e-01,-1.235176045688188573e+01,-1.026859848983373791e+00,-2.123896659760501393e+01,-1.496930810671800316e+01,-3.587574784321895471e+00,-1.612171318390177888e+01,-6.401748865046538839e+00,-1.696895264628923883e+01,-2.441773073704974983e+00,-1.555742394927887950e+01,-1.469690635263975054e+01,-7.258827056275390710e+00,-8.660095754692594738e+00,-2.882065337328675092e+00,-1.003531234172530207e+00,-1.267836342335299449e+01,-6.444365143601446633e+00,-4.715759974757231632e+00,-1.445210670297288891e+00,-1.399419589302290046e+00,-4.210682886278255488e+00,-1.239855279840848112e+01,-2.470646781735841557e+01,-1.310622439405068462e+01,-1.315796710780211498e+01,-5.655652400255133827e+00,-5.979328020750239503e+00,-1.002973324826636814e+00,-9.836751914168207378e+00,-2.711804249611225792e+00,-1.272494832814419219e+01,-1.197869038563203148e+01,-5.983253868206038772e-01,-4.468736845713427108e+00,-1.867304067281316815e+00,-1.169030866632726706e+01,-2.410422463831111628e+01,-4.627127762476563433e+00,-9.918088183760568555e+00,-1.729471197000095106e+00,-8.435800802428770950e+00,-8.920794642460675661e+00,6.591073052552090528e-02,-1.004971778906119440e+01,-1.355105285692296846e+01,-2.344540117174911842e+01,-2.566777471568297386e+00,-4.440021596532614190e+00,-9.474119885685152731e-01,-3.651529532638374542e-01,-9.346792023479608247e+00,-4.683003686653708364e+00,-1.123083809925578613e+01,-8.163653072210577122e+00,-1.196833349157820470e+00,-2.089544057398767585e+00,-1.353744866382124101e+01,-3.474439051891915931e+00,-1.223889930498806677e+01,-2.240081291582213918e+00,-4.917563017199364950e+00,-9.273960362219503262e-01,-6.859118660852223215e+00,-4.475484733830882078e+00,-6.606481185435089110e+00,-1.215511054089391685e+01,-4.609187190391186739e+00,-1.272692026386191877e+01,-2.342627259109636428e-01,-3.309387975309297403e+00,-5.327960105122610202e+00,-7.894906247971979596e+00,-9.489142494335400357e+00,-1.862724845789545114e+00,-6.594019429193910042e+00,-5.203499543748972833e+00,-1.378645041583567732e+01,-5.154842822860679519e+00,-3.544349855271028638e+00,4.730867991447134102e-01,-1.811512311928547447e+01,2.215301888210946535e-01,-9.488344179261984479e+00,-1.240491526995151261e+01,-2.563066604081090549e+00,-2.210058654952995738e+01,-2.150523611046455841e+00,-7.261508589950233628e+00,-2.178809107269757206e+01,-7.872625558008241597e+00,2.021937002037762499e-01,-1.393313226607617850e+01,-1.517605344535330580e+01
-2.714833382161030872e+00,-7.457267875198976270e+00,-1.391723014224212562e+01,-5.243811532868480896e+00,-5.626106236670063154e+00,-1.237971453906168584e+00,2.828910823721504930e-01,-3.137416482009105057e+00,-3.612689918320919791e+00,-5.688387287187673280e+00,-6.261467959161938879e+00,-6.765398783373328673e-01,-6.151953420204812062e+00,-6.884899911762825120e+00,-1.545617848242722481e+01,4.983034085870533536e-01,-1.375231681475293222e+01,-6.189618172492616033e+00,-1.456509851730462834e+01,-5.052662305618262906e+00,-7.331418598294322742e+00,-1.535658652562487525e+01,-9.534551586320691996e+00,-8.310356051012133705e+00,-6.102033424926505134e+00,1.772600680289423636e+00,-2.202813412350531408e+01,-2.921695700302310073e+00,-3.202609846450128028e+00,-1.827210161523102006e+00,-4.939846345143175554e+00,1.456679294669935010e-01,-2.350249148059130277e+01,-4.852836209401674594e+00,-1.018334995444023150e+01,-3.586316365083192181e+00,-1.097945772064064407e+01,-1.507678149587247063e+01,-5.054872360168698009e+00,-3.246678861538446093e+00,-1.545863451313026005e+01,-8.198020474072546193e+00,-2.432201200878054692e+00,-1.772475419180493006e+01,-1.986946924012903182e+01,-2.577836269776040190e+00,-1.844590169991038309e+01,-1.432986825217189342e+01,-8.155317053024832674e+00,-6.528712716409507344e+00,-5.361115946380566655e+00,-4.076761163774659913e+00,-3.153431601418764529e+01,-1.065618905438162400e+01,-1.993940552290471624e+00,-8.089168838680617313e+00,-5.103434791549055660e+00,-6.238361066907192942e+00,-1.368919666691577319e+01,-1.423514167635835825e+01,-1.114675873263610129e+01,-8.064842596891439896e+00,-8.778693356911970724e+00,-9.763298464926071674e+00,-7.020973203081101843e+00,-4.358315037616488752e+00,-2.347933720040321859e+00,-1.151723495119873375e+00,-5.872049778498840134e+00,-1.219124109227274388e+01,-8.512176282500224289e+00,5.808314308247430890e-02,-1.435348490813705746e+00,1.676645627703189145e+00,-1.479198347878959652e+01,-3.702211221296972887e+00,-1.239921928726219491e+01,-1.444156464044730193e+00,1.294547756650811232e+00,-5.658101583256551770e+00,-3.884821968259807967e+00,7.514400044021256608e-01,-1.350469736348339822e+01,2.255198461848367586e+00,-2.827015044317833681e+00,-5.722281646815798872e+00,-1.428527043733080504e+01,-6.736026784371089704e+00,-4.868392855628639992e+00,-3.645322974340068356e+00,-1.279640279669298719e+00,-4.674052399960028303e+00,-6.501029983573576310e+00,-5.641190084739129418e+00,-3.240812246323139689e+00,-2.017394079562736309e+00,-5.440758077443446084e+00,-1.712175603053807649e+01,-6.349300840071770757e+00,-1.862981005880003949e+01,-2.837415999481982531e+00,-9.209336331796119657e-01,-1.228565776006501409e+00,-1.379836386326500985e+01,-7.239992986958787569e+00,-6.866469684459329814e-01,-3.076742910703588851e+00,-1.623413149429941882e+01,-1.454233059138843132e+01,-5.960715008264889647e+00,-1.236035259351260862e+01,-2.018276273333830417e+00,-8.033837550235096714e+00,-3.805985181098105574e+00,-1.460034281373214959e+01,-9.254668721391301034e+00,2.112728019471962870e+00,-4.406197680250774518e+00,-6.874149438743183405e-01,-7.884105613936176482e+00,-1.233958696518251230e+01,-3.505067669600243629e+00,-7.701976759994007438e+00,-1.745776503596253093e+01,-6.862229566704823647e+00
-1.016424162443172108e+01,-9.652074889652686451e+00,-1.139287181267135196e+01,-1.300008240025768025e+01,-6.932506067612976608e+00,-3.733116547577486344e+00,-1.697141512682374298e+01,-1.300951631518831775e+01,-6.120538992480688556e-01,-3.212652844401584495e+00,-1.181582737765851121e+01,1.734513887554738787e+00,-4.268462974758227446e+00,-8.705473269572269857e+00,-2.285940204906960371e+00,4.090379428191954769e-01,-7.718904800877810501e+00,-7.039933086823415564e-01,-1.188407496587948842e+01,1.093135763361777535e+00,-5.075397895161507300e+00,-1.174925497179364164e+01,-1.382317628937810028e+01,-1.645011711922140574e+00,-5.789046348298882982e+00,2.423875918134057006e+00,-3.510910220572441176e+00,-5.584793531272098654e+00,-6.699846886104646515e+00,-1.653577523315925113e+00,-4.338927724780834438e+00,-6.399727506000135513e+00,-3.070304749199116223e+00,-1.780710675149272859e+01,-5.434766141939579853e+00,-5.763782483638088650e+00,-1.866490958482713935e+01,-2.649346405914700497e+01,-6.319863156386743341e+00,-4.233753225354151439e+00,-1.269168509319066729e+01,-1.625945421162277782e+01,-8.175245541503388225e+00,-1.490929529515461027e+01,-1.596028004977887660e+00,-1.018150927119827465e+01,-7.049510224384777146e+00,-1.224647304149285798e+00,-2.319564799363609708e+00,-6.092010378419349337e+00,-3.382738082417723113e+00,-2.806800046849111219e+00,-6.049100071303870507e+00,-6.332446362253763006e+00,-6.422526528162789461e+00,-9.033640199243837543e+00,-1.653085816034180766e+01,-1.186124027800302372e+01,-4.706226353190227307e+00,-1.081710089008568687e+01,-5.608618874054656089e+00,-2.013083967974254485e+00,-3.679466286822953514e+00,-1.090022170244307276e+01,-4.749464949204980968e+00,-1.601324175309093079e+01,3.772077332040981723e-01,-1.949057232344003765e+01,-2.837080938254108009e+00,-1.653259677491421797e+01,-3.052078404978547965e+01,-6.454807953006378440e+00,-3.036133203422640925e+00,-8.253211128223323811e+00,-8.266188733358355023e+00,-1.084202398874631967e+01,-9.799847772633086151e+00,-5.942008204066608457e+00,-7.582531461762647140e+00,-1.049523963427467166e+01,-2.260905486879842741e+01,-5.886307185919500640e+00,-2.675732177473311157e+00,-1.052969212746480032e+00,-3.103914109206058924e+00,-9.876271376655843426e+00,-5.460680194007894173e+00,-8.753945051515527043e-01,-5.938015065648443169e+00,2.839860867095781449e-01,-1.548961888221956862e+01,-3.554285143368479005e+00,-1.675528284989413974e+00,-2.166450017415081586e+00,-5.699766702878275026e-01,-8.044758838579286753e-01,-1.405820159943842240e+00,-2.120600144071236315e+00,-2.010072247721866212e+00,-5.068482474315852748e+00,-8.917745897131402089e+00,-8.555155769565738311e+00,-2.341448287365194503e+01,-1.774405833236004071e+01,-6.647805600348311472e+00,1.754111175737306905e+00,-1.061852148680471331e+01,-6.190462632639669671e+00,-1.907391420813094740e+01,-7.711362211672198264e+00,-9.956725942679724994e+00,8.176858183396420454e-01,-1.788550377049471507e+00,-8.593204022719046264e+00,-1.072957234528816173e+01,-3.918902596037979080e+00,-6.174070539373993860e+00,-3.989835862044561310e+00,-2.064847021341484457e+00,5.044756007245591034e-01,-6.608498344563735749e+00,-7.264975191001367127e-01,-8.407516538832268793e+00,-1.222299470187179615e+01,-1.105483456081912408e+01
-5.561587941485894859e+00,-1.344449951280569699e+01,-1.603187984374292441e+01,-6.167662764735699632e+00,-3.111402324370060590e+00,-5.662241660251650544e+00,-4.549792082532005955e-01,8.258395624698497972e-01,-8.110117382543343467e+00,-1.201774923719017174e+00,-5.143897477808396346e+00,-7.239228394285222024e-01,-3.973256573064376518e+00,-1.175427612510286579e+01,-8.993217106883461653e+00,-3.568213603356073804e+01,-4.012998616202644087e+00,-2.055535060893072252e+00,-1.130673489606812510e+01,-4.515687198118733647e+00,-4.991719022529244043e+00,-1.276617299815501028e+01,-1.929890513429808863e+01,-8.477332532949741761e+00,-2.867910911648391625e+00,-2.199819937303219231e+00,7.875250394343900062e-01,-3.076808203160643629e+00,1.758822780531872354e+00,-6.975083961419208833e+00,-6.847882870351018170e+00,-3.096345695922326779e+00,-3.808992501748509341e+00,7.025344248152481930e-01,-3.775698627247309869e+00,-1.027619451429746533e+01,1.540521758621389736e+00,-1.047521338556429038e+00,-1.530005211116731489e+00,-1.099206246512093976e+01,-1.532638593081173717e+01,-1.604012187839293091e+01,-1.502530514211795776e+01,-7.252420849074147080e-01,-2.019544276918092240e+00,-3.226074156274314930e+00,1.001211935189154856e+00,-7.341421475084873860e-01,-7.693407546756608539e+00,-1.384574409027463560e+01,-8.232691142842124776e+00,-1.403406348007577975e+01,-1.076436889085092119e+01,-1.324805861176203514e+01,-3.306296406513980379e+00,-2.054804687422448950e+01,-7.608421922637156332e-01,-4.452928754854216242e-01,-2.162965211495010642e+00,-1.683149356815940934e+01,-4.138204443786904108e+00,-6.573855631179297276e+00,-1.719806302296837730e+00,-1.826494800789559836e+00,2.586662760085607915e-01,-9.597653719759918545e+00,-5.250121180624669037e+00,-5.389082299421348310e+00,-9.537726235046751100e+00,-9.404473618496689280e-01,-2.684023815772326849e+00,-1.349170938358031258e+00,-1.165475952197468068e+01,-1.294345969807172914e+01,-6.570560198354936432e+00,-1.359060545642551965e+01,-2.900571203839306023e+01,-1.788049776413066638e+01,-4.892465720451051325e+00,-1.393610357762256058e-01,-3.941548472314186924e+00,-8.494626367988651339e-01,-4.386372454328721915e+00,-2.300885747981340046e+00,1.575413491106174790e+00,-2.327629251180924896e+00,-5.966894585694886288e+00,-5.310863352195369202e+00,-7.785778582978625018e+00,-3.997000763398292467e+00,-7.576257893211057137e+00,-4.227858572742765553e+00,-1.079198816542370487e+00,-8.810677686074425807e+00,-6.898739477111038854e-01,-2.921189003774117054e+00,-5.865874986740839958e+00,-2.361718751512029613e+01,-3.279994450100649050e+00,-5.866995346470656791e+00,-1.612585873664407643e+00,-3.527804698282015483e-01,-1.162975718696531757e+01,-1.601947353202876556e+01,-1.347396544024855203e+00,-2.400465689463664987e+01,-5.655325010300644717e-01,-2.224133407268161111e+00,-2.236689765513023431e+01,-7.288941544132933048e-01,-3.119454513462658340e+00,-2.763598255595987041e+00,-3.015194458207815398e+00,-1.120970128864806448e+01,-4.784094584622361701e+00,-1.330105904984849374e+01,-4.706990013947301321e+00,-5.240944696245031231e+00,-8.879700549288047640e+00,-4.572428282019851409e+00,-2.736982658264459189e+00,-3.407101727877193120e+00,-8.499527474936133586e+00,-1.210944347173696656e+01,-1.104793461334766747e+01
-3.882851280805957828e+01,-1.166582999541198085e+01,-2.896259630311190847e+01,1.028872148050656188e+00,-5.529910597034626285e+00,6.150810570728553195e-01,-1.676413490767765779e+01,-9.657344044832793628e+00,-7.977790474171497337e+00,-3.484218554304848503e+00,-1.016164196661870989e+01,-4.609397723014500237e+00,-3.077706973232566412e+01,-1.560331073422360770e+00,-1.159377001652567429e+01,-2.592463499763429269e+00,-6.023121575714291964e+00,-2.160539653272600391e-01,1.550957946743124261e+00,-2.027428138911957944e+01,-1.423566426768657145e+01,-2.164275296820812144e+01,-7.178679104290182522e+00,-1.083577670433429063e-01,-5.337579001243320853e+00,-1.066261382101753519e+01,-3.066681943853528103e-01,-5.952488591239948335e+00,-7.320196391598480012e+00,-2.892821078295744197e+00,-1.536704174886916796e+00,-6.584039203833283338e+00,-3.179119411241799309e+00,2.186325062081978743e+00,-1.075581943321486378e+01,-3.121698803069927308e+00,-5.134999965341735972e+00,-2.914426580662525623e+01,-1.659531588653287426e-01,-7.174214951593258505e+00,-1.591857900648681223e+01,-5.151247037155011199e+00,-6.188579506787474926e+00,-1.329741795169519492e+01,-6.471263197640451104e+00,-2.983485718078526716e+01,-1.054077405224576935e+01,-2.202490881771730802e+00,-5.720400281342383764e+00,-8.398407527995737087e-01,8.959259579038164611e-01,-1.958895971833972283e+01,-9.148920732359236752e+00,-7.409050055606637208e+00,-6.899562398682524744e+00,-3.145370801267652894e+00,-1.333851657686377834e+01,2.666112416956731845e-01,-9.565236265067810217e-01,-1.052184267702501508e+01,-1.313359310728162477e+01,-1.045711177845305428e+01,-1.754842325436064243e+01,-2.686529556531051632e+00,-3.171275939327911964e+00,-1.350378173391540315e+01,-4.224824704649022600e+00,-3.360218734171618316e+00,-6.533129517541730102e+00,-4.957537274148465123e+00,-3.208197016868556961e+00,-1.121353223357201756e+01,-7.154982270728593718e+00,-4.877609656030294616e+00,2.518436913798605126e-01,-4.110876464056642199e+00,-1.031475732962836034e+01,-2.197193185042457486e+01,-8.656216981801764021e+00,-1.089938753353083767e+00,-6.044153962716642958e+00,-2.636781887748215869e+00,-4.536244995671705027e+00,-1.216251314990459464e+00,-1.184684731307074967e+00,-1.205949702172824711e+00,1.397889085479681270e+00,-6.712403267080679470e+00,-8.938941468844536331e+00,-1.187120232006364517e+01,-3.810934030904116199e+00,-3.374505065460832398e+00,-1.042065886894216042e+01,-1.148526502629253265e+01,-4.927411927294373939e+00,6.027818879288168175e-01,-4.178851924540542662e+00,-4.770659499945507420e+00,-8.726034348245692129e+00,-5.187401562466408933e+00,-6.374538611324083170e+00,-5.035294844000783865e-01,-1.104085827426245459e+01,-6.118580121923665516e+00,9.103774413700347345e-01,-2.368484179975988368e+01,-5.400184047912208740e+00,-8.424165593086188064e-01,-1.953963915694184372e+00,3.589756687001195434e-01,-1.565178792062857926e+00,-4.265723479464489820e+00,-1.553651171151313459e+00,-1.771083497395650141e+01,-6.319674585609801554e+00,-1.594360871897010767e+01,-7.415021005154850187e+00,-1.660462138116373110e+00,-1.690384413180722589e+01,-2.608001339383378081e+00,-1.083313955918591276e+01,-1.068744710653819396e+01,-1.462662447118660580e+01,-1.600576038312727079e+01,-1.624689487997016002e+01
-7.822168585761811954e+00,-4.320200892855925900e+00,-5.462511866554303097e+00,-4.347102396085066545e+00,-1.238764881145333563e+00,1.377415609244058370e+00,-6.913384271793066915e+00,-1.692261763149415010e+00,-2.214420377809651796e+01,-1.783923519275001590e+00,-1.104520788020296607e+01,-2.223185526988719296e+00,-2.798567801948515843e+00,-5.665667442129866060e+00,-1.602971314498728361e+01,3.163671062304058257e+00,-6.323732056574153049e+00,-5.648474274189334565e+00,-4.256355931636715439e+00,-1.490289468516804217e+00,-1.352685616193806162e+01,-8.356706367606092201e+00,-3.770308572422872651e+00,-1.738338800551826102e+00,-7.216216575924205401e+00,-8.500624168161508010e+00,3.124486400339529624e+00,-1.742742956829277645e+01,-1.619779914714948177e+01,-1.585861342633730864e+01,-3.448591401352509411e+00,-2.133230579033652763e+00,-2.561132471226470031e+01,-2.229809304008470439e-01,-1.281709158299885232e+01,-1.042591397769904127e+01,-2.436725151034683901e+00,8.975106560298642400e-01,7.723647073683519437e-01,-4.911615429847424608e-01,8.771912433749378124e-01,-9.340299159306486132e+00,1.424875188525671188e+00,-3.465969156058585909e+00,-6.219900654715760702e+00,-9.070774297841294853e+00,-1.528069176464951084e+01,-2.510275699535066796e+00,-6.343086813165587090e-01,2.051205554970128020e-01,-2.723062763245350126e+00,-1.109108322924898005e+01,-8.218816515871910866e+00,3.970449800940867302e-01,-4.720569737201150140e+00,-3.224936456424277065e+00,-2.597289839028131553e+01,-8.251605369972359938e+00,-7.447969588193375401e+00,-1.026118359603492536e+01,-6.433621233714977627e+00,-1.740421903334031839e+01,-1.124041828293019796e+00,-6.958368670662522959e+00,-2.590864876280466689e+00,-7.817097087208341399e+00,-3.337757205163925711e+00,-8.677006808038594698e+00,-9.482767009243827872e+00,-1.415367482216274198e+01,-4.358429348868211761e+00,-3.317952880644214453e+00,-1.190302094063022231e+01,1.590404724102472134e+00,-1.424841581525872591e+00,-6.819751364346871902e+00,-4.217884708794560567e+00,-2.676400428613620042e-01,-6.835023109141891595e+00,-5.446658123239842553e+00,-4.336001858611140847e+00,2.101542179466168392e+00,-2.926079591293275328e+00,-2.161107621658247879e+00,-1.976123818755970873e+00,-1.170688080491427741e+01,5.702819910272566295e-02,-1.315182673187992712e+01,-5.616400641890750833e+00,-2.462829263378646161e+00,-1.883332372553099532e+01,-3.803557430845379006e+00,-1.277959184239014689e+01,-6.821348895481088803e+00,-5.425819810509160845e+00,-5.473105606898130304e+00,-5.659112615284463965e-01,-4.601173902684909223e+00,-3.343128866482460992e+00,-7.847487531376129866e+00,-1.159275845676636330e+01,-6.111868406208778914e+00,-9.443881424621158871e+00,-5.646019093787202792e+00,-5.315608990457876715e+00,-6.974092607572068836e+00,-2.219134461620739351e+00,-2.816437258971975055e+00,-1.972847928506015336e+01,-1.075692327654272162e+01,-7.245491647516564271e-01,-7.082943428285490839e+00,-4.250593755387608752e+00,-1.429947276944009182e+01,-2.054699689444909438e+01,-6.352688429372886247e+00,-4.721338121333706006e+00,-6.095432885936543421e+00,-1.503818540329621989e+01,-2.829153774635786878e+00,-1.833080121234422988e+00,-1.135557610583792076e+01,-2.517786534739175153e+01,-1.569197094856959573e+01,-1.214125607502728421e+01
-4.005868893083896154e+00,-1.956626732200881946e+01,-1.126714792530628451e+01,-4.959548549024487052e+00,-5.728790551563633038e+00,-1.275707975985766796e+00,-3.607209802021094092e+00,-1.038588625283452194e+00,-2.375004070934631617e+00,-4.206752904779435198e+00,-8.791682726371057299e-01,-7.602409009659819361e+00,-9.655321123775019165e-01,-1.908673641371004237e+01,-8.129386144672070103e+00,-2.702175639947502539e+00,-1.795723926532902226e+01,-1.614135048086271729e+00,-1.165060467690617774e+00,-1.910112378507587749e+01,-9.714405823528380779e+00,-9.943158948218931314e+00,-1.439908948560171265e-01,-1.003381843444388899e+01,-3.870906698488282061e+00,-9.376447226977973060e+00,-2.924433755139336899e+00,-5.874711828193879271e+00,-1.736998254186648083e+01,-1.836831171542353047e+01,-1.161569907875954044e+00,-1.086376599502769835e+01,-1.685952304355366849e+01,-8.909618242349029771e+00,-1.047629743154125714e+00,-1.975420765696674019e+00,-8.501759341575240825e+00,-3.962408631357512423e-01,-6.271728931307618993e+00,-7.532630959573469731e+00,2.223485807668280079e-01,-1.309907580007610051e+01,-2.881676797012003632e+00,-7.900227215294623129e+00,-7.406745609258431617e-01,-3.668239480837487410e+00,-2.095731565050916601e+01,-4.882884969379500895e+00,-9.473933671209415763e+00,-2.857766646511036956e+00,-1.063927996986870461e+00,-1.103676789725650131e+01,-4.477112952902154497e+00,-7.909006580727240276e+00,-1.256445835696312852e+00,-1.659975448011041976e+01,-5.080477011132149556e+00,-7.020213759460443903e+00,-2.571954432907531540e+01,-7.865465961876715539e+00,-6.584954812093815057e+00,-1.251224001647024231e+01,-2.166661318438865891e+00,-1.216944941305910355e+01,-7.139913543181577893e+00,-8.408685271762097457e+00,-1.033249386397893932e-01,-2.070338242356908154e+01,1.435319250327541686e-02,-3.554307602232836816e-01,-8.973179654939343664e+00,-5.080375242315274820e-01,-1.137493297414376592e+01,-7.028783297266237184e+00,3.492149582712755773e-01,-1.674670341586187661e+01,-6.876818211149013926e+00,-1.058487166079162156e+00,-6.509051307078807191e+00,4.376781133308683680e-01,-1.331703294418346495e+01,1.618325298884703889e+00,-5.874837887581252360e+00,-1.213672924072794146e+01,3.110339651183766652e+00,-2.085010993745488861e+01,-1.204148242378431632e+01,-6.605355142187786299e+00,-2.911465278252277855e+00,-1.321588315491337484e+00,6.118054352234252313e-01,-2.178203122676512393e+00,-1.065226182434107827e+01,-1.244201515100650468e+01,-4.255591067580464681e+00,-4.722842951839299808e+00,-6.861176947417191307e+00,-2.771427755907804880e+00,-6.111373404235741269e+00,-1.181263626152853696e+01,-4.838429344884220384e+00,-2.116409021328468754e+00,-1.028401540983552032e+01,-7.011577166780789128e+00,-7.613525364808070961e+00,-2.189775393727838804e+01,-5.735675420147448023e+00,-1.758964911810214105e+01,-6.950072976284957349e+00,-1.061252447343728988e+01,-1.710235295748546935e+00,-2.332075829948005996e+00,-8.279669131537835014e+00,-1.867465217789232668e+01,-8.409383859055619581e+00,-1.513865411860090759e+01,-2.951534913011648165e+00,-1.284710313357171785e+01,-1.404464454452052813e+01,-1.374069979187988366e+01,-3.350237886796336717e+00,-4.185656007898907127e+00,-1.518848727604837734e+01,-4.240167629619185696e+00,-1.633872473995731767e+01
-7.558786977659648354e-01,-5.085486720984732756e+00,-1.354400341665768082e+01,-3.530993614752567566e+00,-1.250012416765720280e+00,-2.959165159952138247e+00,-6.425189904733720425e+00,-2.887857019478965892e+00,-1.999265538343706083e+01,-7.216251083110927667e+00,-2.250499506032277441e+00,-4.278331446954234174e+00,-7.469933135095532251e+00,-9.679456566241183779e+00,-2.332382375845050859e+01,-7.538799636979989671e+00,-1.369663089399141853e+01,-1.120998362081730093e+01,-5.279138607244053816e+00,-5.437152056155190039e+00,1.493833103600092693e+00,-4.028623505083415601e+00,-1.627043662734842755e+01,-1.408599453030670245e+00,-8.098045948466181088e+00,-9.949762164662349306e+00,-1.542454752446850641e+01,-1.156603488279553282e+00,-2.750633557590454359e+00,-1.630198833913058465e+01,-5.288286692038318471e+00,-1.817978914661701850e+01,-1.359068018952302559e+01,-7.263489470438187823e+00,-3.708082399357637282e+00,-1.781605094389598021e+00,-1.720860152387884767e+01,-2.025224219438817030e+00,-2.195602666388541024e+01,-9.813323161193647337e+00,-4.097200232225306493e+00,-4.118491889681457074e+00,1.369929538929139712e+00,2.822551909852798246e+00,1.451634027902292123e+00,-8.984688601048132384e+00,-2.511401845696359203e+01,-4.897074692407987762e+00,-6.358924897485273675e+00,-9.234615154452612273e+00,-9.329308882161649663e+00,-1.176154157375090037e+01,-6.071185925112252413e+00,-6.267294782579395651e+00,-8.089414603438498386e-01,-1.142980162812765244e+01,-1.499041743539801352e+01,-3.452049924288968619e+00,-9.367799357565246510e+00,-1.332009566915089138e+01,-9.425949315399472894e+00,-9.693732431355829293e-01,-5.373541046290392087e-01,-3.781336427149439849e+00,-7.961322738620129513e+00,-1.047596695208627970e+01,-4.416585732370023720e+00,-1.686035866970496144e+01,1.096370960373275416e+00,-6.864731579961652841e+00,-4.842704138806363190e+00,-2.799376930041295175e+00,-5.496489749911560807e+00,-3.319959079105295530e+00,-1.401370793221647482e+01,-5.252492670740331882e-01,-4.034757167569981817e+00,-4.955972137999997001e-02,-8.059424247700503585e+00,-5.079324580191553196e+00,-3.457347352448355338e+00,-8.557934995486387919e+00,-4.655667013016686617e+00,-1.325521538649201858e+01,1.596983828307621867e+00,-2.653406553227048548e+00,-9.196567587233419161e+00,-1.009380766859248446e+01,-4.673749198592866971e-01,-2.298243873531495041e+01,-4.446667210474950949e+00,-6.401045734905901341e+00,-5.575436795925502231e+00,1.450568068040285485e+00,-6.124473878098042334e+00,1.120957246200359414e+00,1.392464029840353446e+00,-6.878272886079801474e+00,-1.620315372600153836e+01,-5.306914943937570683e+00,-4.096263115670334187e+00,2.196474229248300269e-01,-2.595022954250471692e+00,-2.375244148709306558e+00,-1.384326359116587923e+01,-1.657847212495181299e+00,-9.781744520207055871e+00,-4.889346018476703470e+00,-6.013253630390313909e+00,-4.615021889668474486e+00,-8.248462637932949093e+00,-7.504681697401395013e+00,-2.896980537603627504e+00,-1.685280970795550948e+00,-1.111451012484140399e+01,-1.653606730607106812e+01,-2.279547873434064176e+00,-3.687929865828849785e+01,-1.406788687384411318e+01,1.271244621870974978e-01,-3.565778734619136081e+00,-1.077668490630930620e+01,-1.496619561353863759e+01,-5.889558039693609359e+00,-1.140617960706038403e+01
-4.817875244309507643e+00,-1.743951085160637504e+01,-8.004114559769012871e+00,-2.433673809883911687e+00,-7.585692963351062801e+00,-6.081832181536182880e+00,-1.589267297694591718e+01,-8.161838276805177372e+00,-1.123650925883884266e+00,-4.507605010419509561e+00,-1.348155026337426854e+01,-3.998773548773337794e+00,-2.698281120745749551e+00,-1.047805129707705341e+00,-4.296491633228129992e+00,-1.180282371515676720e+00,-9.232045946095663425e+00,-6.463816900136717614e+00,-8.967628261220703223e+00,-4.592669388796438490e+00,-2.504854064253903800e+01,-1.948318918986151171e+00,-1.084003313032054550e+01,-2.877371621744808650e+00,-7.931824731265408879e+00,-7.719820061580411341e+00,6.146506918701341027e-01,-1.002303177967581060e+00,-5.365219357928706856e+00,-4.551692049818010233e+00,-2.089837914369836902e+00,-9.390340434546500248e+00,-1.522382288804751305e+01,-1.219789265402553902e+01,-4.285696138014953860e+00,-4.620255624793554006e+00,-8.366129545456042038e+00,-3.491916993864668251e-01,-1.043774745629906953e+01,-8.430046636813359751e-01,-5.226671226414618232e+00,-1.037589020653886529e-01,-5.669715959946714179e+00,-4.364145639185040615e+00,-5.440730733765448690e+00,-3.368265125753526323e+00,-6.094836661388773003e+00,-1.137955922539161691e+01,-5.186329020629073305e+00,-7.929904630220743655e+00,-1.108845631837901813e+01,-1.662562047514679264e+01,-1.737270293418110789e+00,-4.972883328383387536e+00,-7.293448649720267518e+00,-1.217742307243235800e+01,-2.138062650411546173e+01,-9.262921530705888529e+00,-9.270588515164325472e+00,-1.943404212757185689e+01,-1.026984074320981044e+01,-4.390638897442947219e-01,-1.120952839288306535e+01,-4.151866946822283744e+00,-1.807319093502958163e+00,-4.324192886664923741e+00,-1.010469735268245728e+01,-1.160652380430470920e+01,-1.022096944105078187e+01,-1.190392188417638053e+01,-9.449608311650720793e+00,-9.135822389002743904e+00,-1.895293731030829765e+00,-1.833880915459610517e+00,-6.071134537417634647e+00,-3.892197546517649265e+00,-6.547594975973273890e+00,-1.298711929864591053e+00,2.794226172611420367e+00,-8.286693363048161842e+00,-5.188429762531296063e+00,-7.130971615473963965e+00,-1.107855257632074952e+01,-3.596480312753704389e+00,-3.189389037263939741e+00,-4.717822033518573654e+00,-8.637781700276747188e+00,-1.658432103687596637e+00,-5.445806735829108902e+00,-3.864431396962771270e+00,9.749494157842510944e-01,-6.499756651356738857e+00,-3.188423858200938987e+00,-7.524869822207445880e-02,-7.791091045773896440e+00,-6.179420591952313302e+00,-1.268682527161466744e+01,-8.265503203658123965e+00,-1.075487711574505845e+01,3.229536688364974539e-01,1.351991008815789819e+00,-1.500491535670489318e+00,-5.984262337414608446e+00,-2.638375484438073570e+00,-1.101579289632881853e+01,-1.074518783996532179e+01,-3.569323461223059546e+00,-2.309005180678524560e+00,1.924154989929721893e+00,-2.538380603073193686e+00,-5.495167418568193796e+00,-6.606101231093800763e+00,-9.619937271481107999e+00,-7.024742990657024677e-01,-7.492765333968690378e+00,-8.818177589162889518e+00,-4.254567804648502261e+00,-1.383554981724391553e+01,-6.526007383134508011e+00,-3.710669768591803308e+00,-2.568592284402596349e+00,-1.924504247573519322e+01,-8.432715245507850454e+00,-7.687633948825266295e+00,-1.265520049971470229e+01
-6.393611597919046652e+00,-1.172572657490103865e+01,-1.018313191613734858e+01,9.427117372975455378e-01,7.393985501576030295e-01,-3.059663483853603427e+00,9.507966021093848807e-01,-8.049878490658006314e+00,-2.576436771170412143e+00,-5.099629945347495585e+00,-6.015015673297163801e+00,-5.615055163264842442e+00,-3.689335414982675143e+00,-3.023235433204832123e+00,-2.663026419660137201e-01,6.605502330788175502e-01,-5.645975123140886121e-01,-1.079798242452393708e+01,-2.138042161725664769e+01,-1.751391546473905692e+01,-1.092317089595181656e+01,-1.206062122569515793e+01,-3.399413344909024914e+00,-1.033289949647893557e+01,-3.506271934067712870e+00,-5.677111421502742949e+00,-2.215723631975175856e+00,-1.589377991386812461e+00,-1.677983940714109323e+01,-3.021648282712672717e+00,-1.379890757555392922e+00,-1.411485924152943383e+00,-1.830114628555475420e+01,-1.030201699887292577e+01,-2.634662651143875323e+01,-1.283609551380084213e+01,-2.844143878346423904e+00,4.354532147650442830e-01,-1.279082360019536679e+01,9.541451086709333562e-02,-4.005326562420568948e+00,-3.654012501591742179e+00,-1.767366900940203545e+00,1.158163310817686487e+01,4.416052441801707196e-01,-1.449274074933424039e+01,-7.820197998608032108e+00,-1.423687541977636695e+00,-5.786229822544594725e+00,-4.572297260767208549e+00,-1.470429605612300605e+01,-9.504294227138945672e+00,-7.378751408184572647e+00,-8.364292866398421733e-01,-1.394800499404294314e+01,-1.273984047089701654e+01,-7.648181658542039685e+00,-6.903450753794180272e+00,-6.686494603560477756e+00,-1.692947270073617716e+01,-1.549523061842611504e+01,-8.712385050732988745e+00,-3.995184142994581578e+01,-3.217524440591109425e+00,-1.132949810715676975e+01,-4.997417992150537391e-01,-3.679053102586431923e+00,-1.041396957519319599e+01,-6.527592598375254518e+00,-4.932999649983626611e+00,-2.336533983657514568e+01,-9.628207839672338508e+00,-1.083901239444549303e+00,-1.351313217814493939e+01,-4.270553759459952303e+00,-3.138189951138777189e+00,-1.992566667570318861e+00,-1.397531574566147405e+00,-3.384177706574455602e+00,-1.321740323786273308e+01,-4.554003759479655855e+00,-1.202996431648216102e+01,5.036161071787822685e+00,-1.698314602986468103e+01,-8.036063940708398690e+00,-3.411469332606250404e+00,-2.640513236739128544e+01,-8.227691960389435621e+00,-4.128545412999034880e+00,-9.963391325524511899e+00,-6.746512353179717758e-01,-3.476915907821582219e-01,-3.601112256894096308e+00,-3.470629194801506667e+00,-1.366037733443847602e+00,-9.799339374030417105e+00,-3.347315873188845270e-01,-1.090984639392909905e+01,-8.321076103770208121e+00,-1.723923399545422797e+01,-8.090085035982090389e+00,-2.693542831049857256e+01,-5.739602815484841969e+00,-1.139765891188097013e+00,-1.941300446168588323e+00,-3.413615465091575985e+00,-1.784143728620056546e+00,-4.711054419108436697e+00,-3.922133510607450191e+00,-1.261719145402429021e+01,-1.445356589213608167e+01,1.180808744205422478e+00,-1.187919239193593102e+00,-1.051781123533156226e+00,-4.335111723496837755e+01,-6.506483723085112914e+00,-2.639785277865178248e+00,-4.529921821629667278e+00,-4.510525049097276806e+00,-2.816486859431329748e+01,3.201666793315349757e-01,-5.629719856606127060e+00,-1.390899213018764868e+01,-8.378112371553701365e+00,-1.459216492417024114e+01
-3.873228272100837977e+00,-7.251376336215166418e+00,-1.691906406658977602e+01,-1.078882923985976561e+01,-1.408389339999541257e+01,-9.537987419491890106e-01,-3.722137407920944607e+00,-2.763546923206156691e+00,-5.486830078635348329e+00,-1.688425478928704848e+01,-1.255562913865108321e+01,-3.864057731555893049e+00,-7.824859482231150132e+00,-4.703761683482454714e+00,1.083290298422397768e+00,-7.489635908785508001e+00,-5.945563032366390388e+00,-1.023509728985852973e+01,-3.711255472601884264e+00,-1.565106986179413795e+01,-2.638616008779205657e+00,4.641305904356663459e-01,-6.658097580304619179e+00,1.238944819735233072e+00,-6.553818182394768321e+00,-7.225765907406787036e+00,-5.642506950114696274e+00,-2.190996106907416774e+01,-4.471974326026190383e+00,-3.103774657276324511e+00,-7.340436395789212698e-01,2.070576158277363799e-01,-7.531615085834082457e+00,-1.057642951550808164e+01,-6.899539334122659184e+00,-1.017252965770423678e+01,-7.625483396835869065e+00,-3.491806841317872667e+00,-1.248630493252767337e+01,-7.709203796735987879e+00,-1.376149026982387369e+01,-1.013327186346668363e+01,4.883373965719977505e+00,1.663689322420543348e+01,-4.323737939306796285e+00,-5.043076587139182720e+00,-2.931766356813255037e+00,-1.137777203491439693e+01,-2.116680496312926607e+01,-3.176710726961143649e+00,-3.939298593730831133e+00,-1.368869417551851875e+01,-5.551031190360652623e+00,-2.102646016694070141e+00,-4.327139750715007338e+00,-7.516148041920031275e+00,-7.666255909134918944e+00,-4.016669277508317037e+00,-5.945875507501476420e+00,-1.038206115689702003e+01,-1.210759763377054909e+01,-1.285411241421098794e+01,-1.311108518433427861e+01,-1.419986575873571866e+01,-1.333168184791385968e+01,-5.869200044263934934e+00,-7.520225121434104487e+00,-8.999137844125497665e+00,-5.061639722559336363e+00,-1.548205704953339534e+01,-1.101152691663623884e+01,-5.963693505795252037e+00,-4.330569107133338314e+00,-1.289405450333030245e+01,-8.327489600520319613e+00,-1.972044078722232285e+01,-2.376396180488403065e+00,-5.513212444435326098e+00,-8.213891003958957437e-01,-5.722279455977972162e+00,-2.458552096111404239e+00,3.615554997423406913e+00,8.918781851622693324e+00,-1.971171599383616524e+01,-1.422183686484442688e+01,-5.434430616663073366e+00,-1.040722163161252034e+01,7.631916709531747500e-01,-1.157117056800331056e+01,-8.133451125631168566e+00,-1.299405377889331303e+00,2.040241989029548009e+00,-5.553208341188168085e+00,-3.754054036669308481e+00,3.370962714092983759e-01,-6.230573204309427737e+00,-5.801599241883367952e+00,-9.803010494183631351e+00,-1.130520315686928789e+01,-1.788002776961597373e+00,-1.242322695718872261e+01,-8.338139888686169954e+00,-4.283614992476135086e+00,-1.151268814832164544e+01,-1.086097065523137317e+01,-2.309329763999460283e+01,-3.902095663917066304e+00,-1.339687966850573675e+00,-7.542453324292072381e+00,-8.565579866036244994e+00,-4.324471598278666562e+00,6.561756370002123917e-02,-3.683131581458909842e+00,-1.046076981416844909e+01,-1.582815432236099085e+01,-5.416672978531548388e+00,-9.325717233447166521e+00,-6.635673706234863189e+00,-1.346135892232384634e+01,-9.436866014646911438e+00,1.079501533805192537e+00,-3.478405588616950261e+00,-3.817664846272148083e+00,-2.367500799807234912e+01,-1.922449507544805414e+01
-1.688953142817484121e+01,-7.902814940699557589e+00,-9.762980997615361645e+00,1.939308485768036716e+00,1.785340484609293288e+00,-3.368466408428884673e+00,-9.236150053243324720e+00,-7.056970531367728228e+00,-7.654354004665621103e-01,-1.089656460280909300e+01,-8.671105012476196805e+00,-6.679806082272681245e+00,-1.047327447543650258e+00,-1.082547632885682987e+01,-4.644325226154730202e-01,-2.488667202504825315e+00,-1.188743563572229078e+01,-1.768335210000413227e+01,-1.578808403183962428e+00,-7.578613222896153800e+00,-2.343894321422469229e+00,-1.991535657938203974e+00,-5.786327564021204850e+00,-3.517446131587840252e+00,-5.778871833836011440e+00,-3.909887117289901681e+00,-8.727356503243409946e+00,-1.372047926018373509e+01,-7.088136002485137865e+00,-4.688897579244294178e+00,-9.640294312566568991e+00,7.097225681352224980e-01,-7.768870461150752860e+00,-2.643015315535767407e+00,-6.345160629827938159e+00,-1.464182636314164299e+01,-3.112578750559515495e+00,-1.218315277389893048e+01,-2.385909164947950956e+01,-7.481902543316668819e+00,-8.457712531796991229e+00,-1.261573387536499524e+01,-6.029722030096710483e+00,1.453599113712769331e+01,-1.416082000519351958e+00,-1.248467472465262063e+01,7.308633204315966303e-01,-1.441533767747866790e+01,-1.743178762369792167e+01,-7.904019692171415201e+00,-2.343731722713852772e+00,-1.659346918931393944e+01,-9.342295430698285941e+00,-1.266946543479126319e+01,-9.656215645122680158e+00,-1.233510048072355580e+01,-2.111073322814654318e+01,-5.181207940914736909e+00,-9.615210642301054378e+00,-3.342358773823326246e+00,-1.545745316345374576e+01,-1.520593012044049352e+01,-1.371744006891314704e+00,-1.079257607519572737e+01,-8.305436435574394594e+00,-8.938923173639526709e+00,-9.203055046577437892e+00,-7.155207597542636577e+00,-1.186361976559156517e+01,-1.125865571395015863e+00,-1.254126967045513297e+01,-6.825963727107620116e+00,-6.628950338445775081e+00,-2.581741613786321388e+00,7.166796924558125337e-01,-2.652931050461326268e-01,-1.222448731474888639e+01,-4.347636626088812406e+00,-1.152320781651325632e+01,-2.528864351767494689e+00,-2.863730181396344943e+00,-3.131950715349419712e-01,7.070756799831670492e+00,-2.771407444124127650e+01,-1.992618673429005005e+00,-1.506211745471776098e+01,-1.311224303584573825e+01,-5.603055446774930282e+00,-1.009942600347060804e+01,-2.973025693204358166e+00,1.179890967670425894e+00,-4.687816970822900400e-04,-9.943123829453535123e+00,-1.039109111140404984e+01,-3.375630897275968323e+00,-6.614433761647974030e+00,-1.174773529422035168e+01,-1.501548411857125398e+00,-4.809319035480613458e+00,-1.732921586345393117e-01,-6.135688932632696435e+00,3.994783118179508374e+00,1.325318623891217129e+00,-1.013360147707865311e+00,-3.248683513923996680e-01,-1.957598437035746208e+00,-2.470645958343972381e+00,-5.439378148872496155e+00,-3.620409014709875084e+00,-8.720312389987936896e+00,-1.271087523825710219e+00,-8.977824792621117211e+00,-9.611712129556653217e-01,-6.548544600607117516e+00,-1.052776934115375340e+01,-3.303205751520452260e+00,-1.716911359642148360e+00,-1.307161041295748838e+01,-1.839614294498438340e+01,-6.639600898511945459e+00,-8.288361092101094840e+00,-7.803075354717333489e+00,-3.234317151164800119e+00,-1.079855952545429787e+01,-8.859625619023423937e+00
-2.070451440618467132e+01,-1.223618789602600465e+01,-6.190195662799057530e+00,-9.799883584224388100e-01,-5.470436158968150497e-02,-1.118867577924736345e+01,-8.440753938339723206e+00,-8.099374007397995845e-01,-1.177940445752865628e+01,-3.506341607887983880e+00,-7.743062252728373451e+00,-1.735559304553427662e+00,-2.988120668805965607e+01,-8.501576969075417267e+00,-1.464396065170687145e+01,-6.434694439774760966e+00,-7.571998532476463595e+00,-1.795262969154991284e+00,-1.652377185319048314e+00,-8.218778607515091483e-01,-6.410523959688770645e+00,-1.319595653627649057e+01,-2.774587994468176610e+00,-1.675666269614454862e+01,-1.239298095444680392e+01,-3.821497919137136101e+00,-3.958498451707965771e+00,-7.003378160945278319e-01,-5.879559118296419085e-01,-2.316276199167384697e-01,-2.999915452836478647e+00,-4.241120165814714404e+00,-3.208889902907910852e+01,-1.908297140032995109e+00,-2.471831853807386992e+01,-5.780895775641560208e-01,-2.031348098722362039e+01,-1.973452851003165875e+01,7.937274897355899306e-01,-7.136207099869967152e+00,-5.208299993971252206e+00,-5.958156585832061758e+00,-1.154046510272155546e+00,6.645071767577297450e-01,-1.354254288641572046e+00,-3.078023029719437753e-01,-7.343070656450531253e+00,-6.893703488711811822e+00,-7.954951826365036283e+00,-4.585210346530888614e+01,-1.881682588451585048e+01,-1.917439646356739402e+01,-5.275202011244076949e+00,-2.965041732633514115e+00,-5.207608440993432453e+00,-6.381921190390174026e+00,-7.615215771885511131e+00,-5.425912022754820541e+00,-1.107412447045178272e+00,-2.465553062611859580e+00,-8.628057932889060533e-01,-1.224202530826722679e+01,-2.376622482542303683e+00,-2.205085459113374213e+01,-1.199024589421921050e+01,-1.692393518426105459e+01,-6.917054647345723062e+00,-2.887971610712269932e+00,-1.712496139903838355e+01,-3.341037387397426395e-01,-6.741254924539826554e+00,-6.577266113135795678e+00,-1.012394057187121277e+01,-6.573039944224555953e+00,-5.147520043683339042e-01,-6.006487582902271249e+00,-1.470708776197582779e+01,-1.425017853245464483e+00,-8.645742079825149418e+00,-2.157043904738964013e+00,-1.151562582882225527e+01,7.185681292850372159e-01,2.159181869839753798e+00,-3.633594174031172130e+00,-3.201558097617613896e+00,-1.581476946135932593e+01,-1.659379547328812521e+01,-1.229467798557213243e+01,-1.133939097068921598e+01,-9.525388879698418521e+00,-1.665306919013490594e+00,-1.324935042124182782e+00,-9.724088128040897061e+00,-1.535446639119325951e+01,-1.020212745879359728e+00,-9.879549375770356079e+00,-2.215441472106816079e+00,5.704248094809633018e-01,-8.736688133242330734e-01,-2.711412726648868343e+00,2.789187455326799459e+00,1.032731922007888992e+00,-2.269512573872569661e+00,-3.238040465930700496e+00,-1.911367657044299673e+00,-3.329982956349855083e+00,-7.282183666842448666e+00,-1.534150510103843246e+01,-8.746628662508950214e+00,-6.556827014418555422e+00,-1.396728559173588913e+01,-2.465066424821613200e+00,-6.029507183836260609e+00,-6.859601431076712608e+00,-2.119894391185334737e+00,-9.119002664723081963e+00,-6.722331880174618135e+00,-9.087738278498244782e+00,-1.763958267612926178e+01,-1.047239087660328138e+01,-3.534470606987193619e+00,-2.149939852927353456e+01,-5.834816028982181990e+00,-1.171611370227644855e+01,-8.744955206925613567e+00
-7.311090784056294645e+00,-1.281322125576615889e+01,-1.293821917756644879e+01,-1.923833489843413957e+00,-5.144095206437816259e+00,-5.231692906555784894e+00,-1.422024705195718752e+01,-4.735786343432360823e+00,-8.050506354889607863e+00,-5.480699855713666580e-01,-8.204584151731115327e+00,-2.647036555025979787e+00,-7.613283740731199956e+00,-9.153583327332489097e-03,-7.183748980386904570e+00,-7.047513722971365802e+00,-1.116856994895947430e+01,-7.322301417080307573e+00,-1.520767895940896608e+01,-9.291638592951581010e-01,-1.479173042507521529e+01,-3.833199532388987585e+00,-2.423777809542585704e+00,-1.362431435670955437e+01,-1.030999068070523350e+01,-1.686193938384270297e+01,5.986361758506439923e-01,-6.606229521416361550e+00,-2.523316730002899799e+00,-1.527045142995284621e+01,-1.141274829496151355e+01,-1.907678193347787143e+01,-1.539743649422650762e+01,-1.185369986618909799e+00,-1.975291035750711188e+01,5.274803349027306076e-01,-7.977428708357532372e+00,-1.127290231349864058e+01,-9.580659093685101269e+00,-2.356365103280099405e+00,3.413559811503913966e-01,-8.729133019862743481e+00,-8.890867279392304923e+00,4.028457386856350020e+00,-1.209990281350998131e+01,-9.857071300031046590e+00,-1.768434619279025677e+00,-8.026403398345095752e+00,-9.028998045964085506e+00,-2.396784859115188127e+01,-2.229386750393889827e+01,-1.572486246512900188e+01,-1.465414230770175052e+01,-1.163246983428635239e+01,-5.207905413388171922e+00,-8.316550565289034580e+00,-9.428155857777532844e+00,-1.808378455698243670e+01,-6.657157873369187406e+00,-7.191109031056706513e+00,1.798954104173739799e+00,-3.442481809175836460e+00,-5.459119006205927604e+00,-1.674163211533291928e+01,-1.571211369560332827e+01,-7.843094706518545678e+00,-1.842867177448970439e+00,-1.213314053800960401e+01,-1.065628099010280216e+01,-7.675973291545894028e+00,-4.416917914543313728e+00,-4.383678072333212938e+00,-3.560004438564302376e+00,-1.854456456514042628e+01,-3.491135497957190026e+00,-7.502684647627670067e+00,-2.180144160552893451e-01,3.461551741831579709e-02,-3.838533273325037687e+00,-2.091686850530648734e+00,-2.964361864355568699e+00,-1.087600856052932663e+01,-7.926512261498395162e+00,-9.094327119634597167e+00,-5.496400718544984798e+00,-2.633019778590185211e+01,-9.105562343078201337e+00,-6.250672977251687357e+00,-1.968260071533497779e+01,-1.656574285007179625e+01,-7.473544019395501614e+00,-8.603340376538244350e-01,-2.445128083662623464e+00,-4.474006930825146000e+00,-9.601066453850449989e+00,-2.315548838140238708e+00,1.109440306767328410e+00,-4.724042682013077865e+00,-3.840846220422740043e+00,4.912314512457295335e-01,-1.005048132872983402e+01,-6.773833525330554828e+00,-1.615164798320699546e+01,3.390025623543538869e-01,-2.967229546439662524e+00,-2.016099495859834079e+01,-1.181213946578945517e+01,-1.602859163199700276e+01,-1.294236996404828233e+01,-3.148365151839376264e+00,-7.754318390048499099e-01,-5.932927299496388862e+00,-1.026123373426896457e+01,-1.005747288949791418e+01,-2.247055988901625945e+00,-1.226532304989332189e+01,-4.548501751868299969e+00,-5.306298313806014022e+00,-2.166535743406129644e+00,3.151504428543548952e-01,-1.698322850527988592e+01,-1.719550397075214931e+01,-5.728437129528199279e+00,-1.004836432160020365e+01,-1.648170270476871835e+01
-7.573581043622201747e+00,-1.182796020610792631e+01,-2.360531820786726342e+01,-4.153912366951526991e+00,-9.857322111752276905e-01,-2.125750954431115503e+00,-1.152029110924833066e+00,-1.570402187804556871e+00,-8.680804212709659851e+00,-5.183624610890859685e+00,-2.275269791834709121e+00,-8.805647704568560385e+00,-9.639158632800210569e+00,-9.245703336148713980e-01,-2.504614352854931170e+01,-3.058393062161238074e+00,-1.016690508031570772e+01,-8.989197790819661193e+00,-1.310297570476340390e+01,-1.722693318422072295e+00,-3.857405570644165493e+01,-4.862640535293501820e+00,-8.028323085572338869e+00,-7.237670195008769625e+00,-1.077237486809888978e+01,-4.830269148842604388e+00,-6.691121341420228852e+00,-1.206479178243152006e+01,-3.434656803204414022e+00,-2.709532617731634474e+01,-1.980284432375346571e+00,-1.137878845681635198e+01,-2.028777402859514822e+01,-2.322126802147322255e+00,-1.371166422726027889e+01,-3.154217463417081202e+00,-1.019974202312293299e+00,-1.656579324277813825e+01,-1.487280579395226887e+01,-6.532448824776464491e+00,-5.415375234484779199e+00,-1.942338570226217342e+01,-6.389856977068378185e+00,-3.452066905089079540e+00,-2.542126387737083881e+00,-1.434252051973511044e+01,-1.007524312277842604e+01,-1.550901874794634594e+01,-1.028270597919542517e+01,-1.301936155169954468e+01,-2.266957577906381616e+01,-1.068039989869426343e+01,-4.092400040785455495e+00,-1.428114296582468512e+01,-6.055334788421347092e+00,-1.227396910697634347e+01,-1.096246594200413682e+01,-1.449728052617929563e+01,-5.093012014570116541e+00,-3.463525573477321373e+00,1.104087934481059685e+00,-8.684738301569262520e-01,-5.605643950907800210e+00,-2.017746850428712602e+00,-9.151118886941231878e+00,-1.529489144543806844e+01,4.572763931596298903e+00,-3.429326756641764895e+00,-2.759869834070440398e+00,-9.147585055379774843e+00,1.332000406598558562e-01,-6.824852369436616328e+00,-7.385795248786590772e-01,-4.664529183134769497e+00,-5.884857378536052508e+00,-2.060145225066760233e+01,-1.433490019207330990e+00,-1.670634134157087392e+00,-6.994561614461046517e+00,-7.482959181813132687e+00,-2.251673191811940922e-01,-5.506960654413026290e+00,-4.673149511056855943e+00,-9.403705028010834965e+00,-4.356869620512979324e+00,-9.738127245649639718e+00,-9.285305369019702937e+00,-9.729739198834307601e+00,-2.652119072502502917e+01,-9.784324177450194782e+00,-2.778847661097041399e+00,-2.862699443498745833e+00,1.202203749185681625e+00,-1.612449577678489288e+00,-2.698379801433836711e+00,-5.805329346483717678e+00,-6.950132475546237920e+00,-2.460326528635563115e+00,-1.518911311636594164e+01,-1.080522993684276045e+01,-8.484501676459595743e+00,-2.083449816588174386e+01,-1.681769750548456699e+01,-5.191666068202065887e+00,-1.014165766145614356e+01,-1.584865725296573835e+01,-1.661492711728419636e+01,-7.635718142149508836e+00,-1.612125392137903290e+01,-4.266119789016906694e+00,-5.528544453668516212e+00,-1.752201066502711058e+01,-1.445102895282530397e+01,-9.062595237426162242e+00,-2.048301967241985011e+01,-2.004722606202537172e+00,-1.780273435822208583e+01,-3.755658801513787726e+00,-3.384072815445485105e+00,-1.052764810406286955e+01,-6.768481213663183560e+00,-1.094259498828624722e+01,-7.866346323366912863e+00,-1.333225949968211310e+01,-1.841665925126956438e+01
-6.922589553357134662e+00,-1.532239996607328614e+01,-4.291380193658492992e+00,-6.078814715821240000e+00,-1.102044899470495487e+01,-1.213656316405456081e+01,-8.124133672110140481e+00,-1.036058417379383201e+01,-7.324916434081344185e+00,-1.124054266515350520e+01,-5.249922817025871602e+00,-9.104402725346087522e+00,-2.067009637117522303e+01,-8.393484113566159976e+00,-1.144881893051616650e+01,-9.168626423905299916e+00,-6.164477829232115624e+00,-9.560868925142143482e+00,-4.820760926865006013e+00,-6.715719880617676552e+00,-1.574989478825558287e+00,-1.387798721920384537e+01,-9.828961752965657439e+00,-6.590728557096918294e+00,-6.579607797915155487e+00,-8.000322145374202165e+00,-1.693281071979935248e+01,-1.222411363450819088e+01,-7.480332872109722864e+00,-1.686434156861499334e+00,-6.606263075792694117e+00,-4.228899293560185235e+00,-1.957765014630549771e+01,-1.223271355215587519e+01,-1.895957706227656558e+01,-7.752375877193488307e+00,-5.468592380108729500e+00,-1.062942827793539280e+01,-1.204480319608636485e+01,-1.010375259691492644e+01,-1.893363625791770488e+01,-2.040926877481881618e+00,2.974666820962077018e+00,-1.403624744983522410e+00,-1.930165822216273863e+00,-2.052489590160654132e+01,-1.011130835445441889e+01,-2.495885309172927080e+01,-7.246800352988164384e+00,-4.175166327508095243e+00,-1.467491431589854400e+01,-2.368505013157587058e+01,-7.073861718360974216e-01,-1.597659865705198534e+01,-5.864662549303602646e+00,-1.614844229249497332e+01,-8.511542108559661202e+00,-1.499105221777424113e+01,-3.182128445608427558e+00,-2.728609421438357163e+00,-7.259287248390648983e-01,-6.009560229218859462e+00,-7.251799614481544864e+00,2.204244682739690653e+00,-1.681805771684149420e+01,-1.169595392359873642e+01,-4.052795061998663684e+00,-3.859690354326559714e+00,-4.669060626155843607e+00,-5.104027745206278777e-01,-6.634673698358661831e+00,-2.499820379288219208e+00,-1.706454236783510936e+00,-1.013744462366201304e+01,-1.114072518312869420e+01,-1.968939592095279778e+01,-5.490531599245176864e+00,-5.925819268785472715e+00,-1.997540585837987770e+00,-8.023172624338023695e+00,-2.511275863299762268e+00,-4.486033029304672404e+00,-4.525304659235507287e+00,-9.041781628366161172e+00,-6.189254984831725537e+00,-3.079086996096362494e+00,-3.165506726553479755e+00,-7.395380294115398101e+00,-1.662662028981771734e+00,-4.200595106940649082e+00,-3.872953979212709008e+00,-8.444171740038440177e+00,-5.524608896269153746e+00,-7.459979929032060753e+00,-1.109182637201487509e+01,-3.296697294323957195e+00,-9.310141269096686045e+00,-8.744937708541055343e+00,-9.654762135132571643e+00,-1.878213253007743333e+01,-1.421729447383013323e+01,-1.296622342633637626e+00,-2.009032054709009696e+00,-3.573712185771931615e+00,-7.373710894888832357e+00,-1.789057131361545672e+01,-1.384927038359705520e+01,-7.711553606140135741e+00,-1.058440189811258136e+01,-1.372940085217675232e+01,-1.573921337832769396e+01,-2.185086308108107289e+01,-1.856139178076354312e+01,-1.047791473680715946e+01,-4.493815563352834275e+00,-5.451376325131141343e+00,2.725409676812209359e+00,-1.038144359429189201e-01,-7.974995695863466239e+00,4.540858752726845693e-01,-1.454082965240057979e+00,-2.227294931927350952e+00,-3.180813248414869676e+00,-6.724860289767975452e+00,-1.949242692092532181e+01
-1.027830114600963185e+01,-3.312559206248956656e+01,-7.253120087380366954e+00,4.720119834134851589e-01,-9.820833447834262486e+00,-1.046794994040002535e+01,-5.482900409042188450e+00,-1.570561919751708402e+01,-1.685859329787018268e+01,-4.137039897662470267e+00,-8.553033398421588274e+00,-3.113320379701047802e+00,-1.448296740422344442e+01,-2.521897281216423536e+00,-2.235497534950060761e+00,-1.074127636547289910e+01,-1.589119923682309121e+01,-7.211394638031328519e+00,-3.824975662761921136e+00,-5.217084822974047853e+00,-5.637205788947047935e+00,-3.863649646028006757e+00,-1.292109582412876101e+01,-3.277462958394217196e+01,-8.482835868785230105e+00,-1.705175735529632775e+01,-3.755069004155981105e+00,-3.259417799997452736e+00,-1.013323886824201026e+01,-9.428043715230359112e+00,-1.516367365953753144e+01,-1.731635720412134205e+01,-1.113845592280890173e+01,-1.288731944437887122e+01,-2.190271214034664382e+01,-1.327866278385438470e+01,-7.191242523835397193e+00,-3.265128995854484906e+00,1.226140020849306511e+00,-7.261230675450594418e+00,-8.664483245574077230e+00,-5.163942119151196941e-01,-8.250095331899409246e+00,-1.091410683209689481e+01,-1.087122361530777237e+00,-3.688260530687053773e+01,-5.183303725345304258e+00,-1.502472241922402141e+01,-1.594065464092526518e+01,-6.672487111430710272e+00,-1.475379407375599694e+00,-7.768611997335379549e+00,-2.324496190483605229e+00,-3.397363650937327861e+01,-9.065531452060307416e+00,-3.308675895549926249e+00,-4.350879698913887594e+00,-3.911301522410055131e+00,-2.648236152202536164e+00,-1.784393258323609643e+01,-5.475842734805654644e+00,-5.247520585435452745e+00,-4.379964929368338034e+00,-5.220046962583129613e+00,-5.751104142994726054e+00,-3.740815042031723436e+00,-1.095475486409818622e+01,-1.771129614146053743e+00,-1.581857377209830418e+01,-3.380647299029078567e+00,-5.258783333681565253e+00,-1.087677614753642530e+01,-4.308069079702939064e+00,-1.608885055003590470e+00,-4.814750336934205066e+00,-1.412599633298123614e+01,-1.520348986231867094e+01,-4.299203741961607150e+00,4.435668371490845141e-01,-7.912590335173272038e+00,-6.177142978240579563e-01,-2.036036278791069076e+00,-5.212419432418142762e+00,-1.377718206455235084e+01,-1.839882951962554003e+01,-1.418661319421112132e+01,-1.651499854876185935e+01,-2.014876995963454487e+00,-3.978785472165896842e+00,-4.615126352339339988e+00,1.560919990140741564e+00,-1.327407583682495584e+01,-8.086495137891991369e-01,-8.476449016323986285e+00,-1.220396087153153353e+01,-1.990201432016131378e+01,-1.678160567597576502e+01,-8.323302008584574807e+00,-1.180701926666392509e+01,-3.887769814577272776e+00,7.097741491475672015e-01,-4.134267851178056397e+00,-7.056436673347690203e+00,-9.170647729370211110e+00,-3.022140074640413676e+00,-1.250490139574081283e+01,-1.210560516859672120e+01,-1.004277614864527735e+01,-1.850193880650635725e+00,-1.384572022976939465e+01,-1.662187948151360928e+01,-1.652899489009628553e+01,-1.307554600781659460e+01,-1.284404179450165095e+01,-1.069572932251696784e+01,-4.892149784211249575e+00,-2.254840447225920474e+00,-9.590135363905581301e+00,-1.024061586603388108e+01,-8.417490164019352239e-01,-8.548442286808734636e+00,-7.987055457993742280e+00,-6.228451209977153624e+00,-8.421522326439010442e+00,-1.753366680880322193e+01
-1.215103932537590303e+01,-8.737778210388745137e+00,-1.258059226556395771e+01,-3.706774643430160054e+00,-2.764385518353625670e+00,-9.337076429292681112e+00,-1.235377230825648809e+01,-2.171601441089373452e+01,-2.973013880735439329e+01,-2.757281396894379455e+00,-4.345204633839240493e+00,-8.385092947628905335e+00,-1.210845941074648602e+00,-2.595579470266370237e+01,-1.136335583874608091e+00,-4.627151879205797513e+00,-5.565466891009263506e+00,-1.128787008738548536e+01,-9.154371112560383494e+00,-1.161568214336520910e+01,-1.398812536950448382e-01,-1.836965942148045627e+01,-6.213011946591616486e+00,-5.572837209140262260e+00,-2.699801905364464627e+00,-8.026333980635754983e+00,-1.724681051913317331e+00,-6.225171666186954944e+00,-1.508237965060346575e+01,-1.507270706724613341e+01,-1.405341273467859420e+00,-1.078930484772579490e+01,-8.974815566383888665e+00,-2.163438158373599318e+00,-3.292601734261541679e+00,-1.677718844448697766e+01,-5.884161440891992889e+00,-5.893902392965336468e+00,-5.058725686249813336e+00,-5.091137080035174733e+00,-5.798040980364169705e+00,-4.172002217776256572e+00,-2.654646759990926252e+00,-1.542316729812855725e+00,-6.947850450551761980e+00,-2.122807534078413028e+01,-3.330366987013699820e-01,-2.845312967607474874e+01,-1.392531082308544832e+01,-2.220339307207644453e+01,-1.652751695962535550e+01,-1.398365297311410771e+01,-1.220189806376929020e+01,-2.499163907032864174e+01,-7.134427405848034809e+00,-8.556712001351957753e+00,-6.736645609932384815e+00,-1.498215225692583363e+00,-5.067628572507500984e+00,-4.520585388645624647e+00,-5.107917346062442743e-01,7.177821267082660217e-01,-9.703385276905699186e+00,-2.553896627745866788e+00,-5.660981372141097978e+00,-1.169229286988661798e+01,-1.158867693930269560e+01,-8.849667241927045680e+00,-1.450695026757947659e+01,-1.182589178113838457e+01,-4.261082588918815972e+00,-9.473468511132516312e+00,-8.412785484527924851e+00,-6.058951030052765141e+00,-4.401665187670187329e+00,-1.979850116028916585e+00,-3.176369616938558682e+00,-1.163600393361187457e+01,-6.809179178201100413e+00,-5.966326679249000620e+00,-2.237463443641998850e+01,5.421952400656399718e+00,-5.329944191761462946e+00,-1.078367562301833260e+01,-1.408481334158407527e+01,-3.135687530808742629e+00,-6.568417106824774088e+00,-1.463583161214712192e+01,-3.011630442886326087e+00,-9.103977103845981134e+00,-2.668431749495914218e+00,-9.716179168739623728e-01,-1.379770420655388286e+01,-1.112311001792933673e+01,-4.658323754606369604e+00,-1.638625354735271600e+01,-1.167545120095454969e+01,-5.216472987413616202e+00,-7.638775221551198591e+00,-6.310022885524158021e+00,-1.654535954779142770e+01,-2.838744271388783380e-01,-3.541879528824880552e+00,-8.712505702942607400e+00,-6.178092596097487288e+00,-2.355799725298632463e+00,-8.066079084875642735e+00,-8.917784178096512804e+00,-7.848734608051772810e+00,-7.653050496392276081e+00,-5.789718027904017461e+00,-2.197700467952366310e+01,-8.912701869302416924e+00,8.360740334914511518e-01,-8.957949333209867859e+00,-6.258668591787043489e+00,-8.386960037488556452e+00,-4.116189813444361079e+00,-5.763416307098299107e+00,-1.371362773562890069e+01,2.579210215286253383e-01,-6.213204511451183798e+00,-1.460258472372505878e+01,-7.747714982929215566e+00,-1.781356357439176108e+01
-1.308103342533464719e+01,-1.849862261404234687e+01,-2.093599131637845190e+01,-2.060102415547321542e+00,-1.886723996796911251e+01,-1.954417515432585128e+00,-9.919296291231985307e+00,-2.519434245490112190e+01,-2.192232458782557458e+01,-1.080075863851181239e+01,-4.266623330729231611e+00,-4.289847894605490097e+00,-4.805358151859977056e+00,-6.232446813197007884e+00,-1.565470861158946647e+01,-2.341330488081893701e+00,-9.393012998092096666e+00,-9.287454149447029295e+00,3.010793178126512259e+00,-7.285461286674478343e-01,-3.523404914551790057e+00,-2.150441389401897663e+00,-2.618948170436494749e+00,-8.711068473979279858e+00,-1.138165770764908835e+01,-2.647760735506166085e+00,-8.102611304507941981e+00,-1.483456322200332878e+01,-1.605387710327687500e+01,-3.734277500060922961e+00,-2.659674322523612577e+00,-8.504913905489267734e+00,-4.961679837994109832e+00,-6.206851272361806338e-01,-5.002225721067040887e+00,-2.589020217415341563e+01,-8.681081908888300447e+00,-1.073738380876657139e+01,-2.833131427312041595e+00,-1.247801492618511965e+01,-5.539223277190857608e+00,-1.771644011699252452e+00,-1.671283400864002067e+00,-1.146372981778592592e+00,-2.660647820854968515e+01,-6.399231899852278360e+00,-3.185869989150007520e+00,-1.796951744902334980e+01,-9.970301354871146771e+00,-9.613235217365943441e+00,-3.289280192694519656e+00,-2.175584045223648122e+00,-1.329101477239877482e+01,-9.039223069241542063e+00,-4.145825410719481852e+00,-2.729035469960946481e-01,-5.455611062143916890e+00,-3.620708118621186244e+00,7.776409069552359110e-01,-2.065918128448009927e+00,-8.158808247028286331e+00,2.101883391766879772e+00,-6.284250453078128018e+00,-4.182911583726110827e+00,-9.316056386133134026e+00,-7.711965385162908859e+00,-1.432348233527587844e+01,-8.921733487505436599e+00,-1.567853609495366385e+01,-2.628298714939020897e+00,-1.454862975973352457e+00,-1.478829115660936822e+01,-5.723296016824126475e+00,-4.527096350559159710e+00,-1.601954440425292603e+01,-2.692872974339284742e+00,-1.558016463296953447e+01,-7.160162906089063917e+00,-6.122989505153410228e+00,-5.255305450641856169e+00,-1.545736971445138153e+01,-9.502912724540569789e-01,-4.266836955697806744e+00,-1.222760156328980718e+00,-1.620525220360897523e+00,-9.017192188781596451e-01,-7.399077141592430351e+00,-1.194368541285667717e+01,-3.189042342631698279e+00,-5.044253260842356035e+00,-4.724358429119170033e+00,-1.107448532477850733e+01,-4.504425130378269415e+00,-4.108681056776183560e+00,-1.615384763032174931e+01,-1.111252417462230824e+01,-3.415930973110399727e+00,-8.839018023080905451e+00,-6.407798657198346959e+00,-7.194264922579626464e+00,-1.401260335831482351e+01,-4.023403627153814277e+00,-1.816173029945949313e+00,-5.276440743838627156e+00,-8.848208253639223031e+00,-6.260428854880197846e-01,-3.188231600521695963e+00,-4.587694220375838627e-01,-5.802118516836394235e+00,-4.826763571945101639e+00,-2.512274524030369882e+00,-1.557076536445413240e+01,-1.244288225238252465e+01,-3.045754557773415527e+00,-3.927270219828794318e+00,-4.706445385405439552e+00,5.359920286137753731e-01,-8.569984821099232875e+00,-7.187909622829584677e+00,-1.149466853704787894e+01,-6.151732355165884236e+00,-7.479651310904637640e+00,-2.048522402481424365e+01,-2.041047019554063269e+01,-1.603333345008307020e+01
-6.170659804809272231e+00,-1.153461400516734692e+01,-6.677857476352661692e+00,-1.507577915920964573e+00,-1.839531558381766274e+01,-1.908609089086146238e+00,-8.736046310398728920e+00,-1.117332515915335556e+01,-4.326996122054468152e+00,-8.837809964582778122e+00,-1.243535406965226464e+00,-1.258573389410171650e+01,-1.104983785685830711e+01,-8.942035923360320382e+00,-9.609976008047619089e+00,-2.779441683804018570e+00,-2.611337939320774737e+00,-3.432240857783670052e+00,-3.124908757382243163e+00,-3.993258592410816377e+00,-7.500801956604446374e+00,-1.456886643729479180e+00,-2.953535953288465521e+00,-4.963907449839617847e+00,-2.696903735330558494e+00,-5.711523114007746038e+00,-2.732931075626924056e+01,-2.397066748944066461e+01,-1.706834493638379247e+00,-4.283896262818966072e+00,-7.312372261469947787e+00,4.990792988864296009e-01,-1.925386723713511161e+00,-5.703854751574041870e+00,-3.395181680505932498e+00,-2.109000820678373245e+01,-8.965033990761664739e+00,-2.869915554973178740e+00,-1.403249732641027592e+00,4.108328712673154359e-01,-6.954232170989516959e+00,-2.602917094213172966e+00,-2.047327024900423709e+01,-5.777396508927736818e-01,-7.217158267109344827e+00,-3.093844380945328432e+00,-3.953775481827003224e-01,-7.900081413671427022e+00,-6.136380200605718649e+00,-2.863523853678355380e+00,-2.263127749377080722e+00,-1.025489137701082853e+01,-1.170134899079682533e+01,-1.001036563621185849e+01,-1.892403592922412514e+01,-6.443117006672997249e+00,-6.121052066139687220e+00,-7.191569842076748209e+00,3.403252262494613767e-01,-2.676667842557741039e+01,-7.228462925781814263e+00,9.303413032439937780e-01,-9.826287157876663514e+00,-2.098157021527278587e+01,-4.667811135821688495e+00,-7.758884386814188794e+00,-8.881581464426911765e+00,-6.260788625041069366e+00,2.407289042886447739e+00,-2.034208187758839603e+00,-5.575420984731400686e+00,-8.034997926148538028e+00,-5.098149328283135162e+00,-1.148996664353642849e+01,-1.217711633641394542e+01,-6.212283500254932811e+00,-3.354858819708241402e+00,-3.538047549518756885e+00,-3.077654285154836078e+00,-6.085629942152479543e+00,-2.957561754981684388e+00,-1.464098703013455172e+01,-9.472190267446251033e-01,2.487828615863206139e+00,-5.405642341828262865e+00,-2.410831450861395275e+00,-8.642171640837396751e+00,-4.950188915466464223e+00,-9.503771732584722187e+00,-5.956170942029624271e+00,-3.008744425494770169e+00,-1.187529109817256234e+01,-8.935391649444934359e+00,-1.541492950460909617e+00,-6.695858248864626994e+00,-1.664898398024164905e+01,-7.379357558865646816e-01,-3.967442866307617777e+00,-5.496869100124288643e+00,-1.240911564669464084e+01,-1.689636059616479002e+01,-2.994215899667978853e+00,-7.161533857628878508e+00,-1.485542399822404391e+01,-5.797487072094225091e+00,-6.096890229338881362e+00,-1.566659205751761519e+01,-4.707659321840026223e+00,-4.498007517150043988e+00,-4.781093537357394396e+00,-3.757512487440858528e+00,-4.878973586609419932e+00,-1.930431255359700771e+01,-4.170396520739291013e+00,-1.128081475684871826e+00,-1.294975734525619160e+01,9.054713931201148203e-01,-5.185386104013780084e+00,-2.873409326356925142e+00,-2.997995107773857804e+00,-1.588595860909095592e+01,-5.273608033112998861e+00,-1.047038948237494438e+01,-1.625377120954994226e+01,-1.848494277251811724e+01
-9.727772264464697116e+00,-1.065446680608737395e+01,-4.229784361520730229e+00,-4.320044234090376634e+00,-4.900255471006961017e+00,-7.797590682304682552e+00,-7.419780832916885061e+00,-5.170645762151670155e+00,-5.919630134094187035e+00,-4.260529964282127047e+00,-6.536816978475801676e+00,-3.586284195998757696e+00,-2.037636079834959091e+01,-8.738568674777873468e+00,-2.363997573282534237e+00,-9.942702995813444744e+00,-6.707762443064010149e+00,-1.586051501308512357e+00,-1.859285366343311763e+00,-2.190406374898155661e+01,-9.024126357970885692e+00,1.083039375373764157e+00,-2.303247424116102060e+00,-2.290459599431841298e+00,-1.182267487511503745e+01,-1.572590320161381072e+01,-2.761183825273981896e+01,-6.407367543432695101e+00,-7.119872991547790519e+00,-1.803233590403061415e+00,-5.679929081213730413e+00,-4.072434995622419507e+00,-4.825852767651650055e+00,-1.080342432800826025e+01,-1.338218052299271266e+00,-1.775451640848640977e+01,-5.590244061554394683e+00,-1.980294087928559987e+00,-1.816587912747903655e+00,6.354567549168844698e-01,-1.007327163831962835e+01,-6.700481047947296709e+00,-1.528269029831502834e+01,-6.527653494013458513e+00,-9.518382184200803176e-01,-4.676455796145297050e+00,-2.214840105699945383e+00,9.869814208680245393e-01,-1.512158949964279309e+01,-6.559950359551743659e+00,-1.120057775223007646e+01,-3.344523833167913462e+00,-4.012630237852944148e+00,-1.718482298492552118e+01,-1.326000216559398659e+01,-6.581943330364307343e+00,-1.559988762827430264e+00,-2.569500293040701600e+00,-5.174786544960272572e+00,-3.270315409007013230e+00,-2.764385556284662648e+00,-1.975814590135820392e-01,-1.170794792961144459e+01,-9.979336336817643982e+00,-9.043434366996656593e+00,-6.216264543042449020e+00,-1.698056526888957807e+00,-4.624279670162109390e+00,-3.947080007749209862e+00,-3.566909150680833918e+00,-2.085394322463089978e+01,-5.491314282402407265e+00,-9.071267326365148875e+00,-6.504508403186011201e+00,-7.302417988533946414e+00,-1.961352742392267867e+00,-3.219818925135629062e+00,-1.465644935719643271e+01,-1.151365837102385115e+01,-5.861363089695672102e+00,-4.059899143595578908e-01,-7.213980214724037054e+00,-1.663536222747099202e+01,-1.072001673301718938e+01,-6.774311186308208832e+00,-2.120837763076997895e+00,-3.705558078360223107e+00,-7.674313584957237921e+00,-4.803119480531699015e-01,-1.748030458340080751e+00,-6.187322297435331464e+00,-2.118921923890935144e+00,-4.218342787492048274e+00,-4.381366307161482787e+00,-2.399793181654286567e+00,-1.277720543775499884e+01,-7.384237554167193629e+00,-1.297589151981071609e+01,-1.121935551111770124e+01,-2.455791462567398042e+01,-1.285722140771318855e+01,-4.364613548626305572e+00,-1.466811385344457541e+01,-3.861909805679838215e+00,-1.040593892650490737e+00,-1.636445283268919582e+01,-1.579918649964534794e+01,-1.153512407257250949e+01,-9.602765142226758144e+00,-2.623291513885618542e+01,-4.072760858679605356e+00,-1.322611551566095001e+00,-3.324324119825077251e+00,-3.855712203696188833e+00,-4.115926927224547782e+00,-1.162947742795255124e+01,-2.292448085172957839e+00,-1.765134605200321616e+00,-7.354546723904805461e+00,1.049183611963564022e+00,-1.095941728364003787e+01,-5.734097093511170584e+00,-2.032989612116893241e+01,-1.432096965877896011e+01,-2.298191452397423262e+01
-7.162736156847922864e+00,-1.447738065678749741e+01,-6.615950651072518340e+00,-8.333141326014235517e+00,-4.720566279773953156e+00,-8.077618788034104824e+00,-1.542878868128645609e+00,-4.235347401873969631e+00,-3.419982017282732656e+00,-1.009736649756954385e+01,-5.750787311453948725e+00,-1.486551578586668398e+01,-3.766252911963172689e-01,-1.651817777543361387e+01,-6.687728049004539876e+00,-1.048837245186370382e+01,-1.096554391747566726e+01,-3.974948937768584267e-01,-6.708660904134311487e+00,-2.423712467758179656e+01,-9.566554741843244614e+00,-3.733331735568140353e+00,-1.401918869878496743e+01,-8.063224631519647190e+00,-5.464036435342666920e+00,-1.008809957886456488e+01,-1.168989554340811665e+01,-3.769698122534493656e+00,-4.814280141070028662e+00,-6.877372429095300888e+00,-9.970116618419488930e+00,-8.153365949866946849e+00,-7.144341737517323487e+00,-4.612107381510975657e+00,-5.586398591234753574e+00,-2.188445833186658085e+00,-7.741739302553312108e+00,-9.005450645849620628e+00,-1.558204097141119959e+01,-7.340527579803747926e+00,-9.708365609168879473e+00,-2.116166326127446951e+01,-4.406353947105682067e+00,-1.746272470174722313e+00,9.599686241295739553e-01,-2.422499304857518965e+01,-5.429939469665956864e+00,-2.854845189932548433e+00,-1.404845333100421811e+01,-5.583502809876820905e+00,-2.101108432740630860e+01,-9.749484174275419690e+00,-1.036413026344426314e+01,-1.566935889841604634e+01,-1.496611985453856164e+01,-9.828054264321972155e+00,-9.436497753636420072e+00,-2.962969341398867140e+00,-8.189663134983058868e+00,-2.258504689781747565e+00,-6.970411413464788097e+00,-6.711678926018084468e+00,-9.314038018160980315e+00,-1.260761485976802554e+01,-2.016697227676095849e+01,-1.871065548726458161e+01,-7.431869673881371874e+00,-5.413158703180245723e+00,-3.310903834253220435e+00,-9.062930880615686746e+00,-9.746555559725218476e-01,-4.275591186939848853e+00,-1.149966621158763047e+01,-2.483552396048742139e+01,-3.362799235861817948e+00,-4.760406663456181242e+00,-1.623197945315018487e+00,-2.148784523802620416e-01,-4.869451900237161013e+00,-4.204233334008150358e+00,9.123599285661645464e-01,-6.176261319140624373e+00,-1.038122780841219850e+01,-2.291287915610562465e+01,-2.331596577641046508e+01,-2.575027586809807367e+00,-1.808802671329438061e+00,-5.434275754637399203e+00,-2.075835958375551460e+00,-5.042611792112669633e+00,-1.587232568550038536e+01,1.554484884969377756e+00,-4.200846555318576980e-01,-1.042240917330799377e+01,-1.535518744011444170e+01,-1.266261867857828349e+01,-6.886083572946853693e+00,-1.049261145547534824e+01,-8.714417630868140918e+00,-1.195210800620717251e+01,-4.765115515287538517e-01,-5.029078144151561958e+00,1.256591905163813472e+00,-1.078365943021844409e+00,-6.058423424181761163e+00,-8.893722174071296394e+00,-5.864340232329383618e+00,-2.797228870880195561e+00,-1.538158210213245880e+01,-1.423165499811708479e+01,-2.971569414639187556e+00,-3.999770881559463920e+00,-9.202174688695412996e+00,-7.077426325357524028e+00,-2.784067552080788488e+00,-7.173775892229915740e+00,-6.920548966180881667e-01,-1.553899565990016773e+00,-1.806733323578391648e+01,-3.095136304753296930e+00,-4.332009381073211429e+00,-8.385962842607540324e+00,-7.992341876242465837e+00,-2.032575888032273781e+01,-1.384482327684505520e+01
-1.364523643908116490e+01,-1.730860028370224768e+01,-2.641298379556051401e+01,-3.932721017729059465e+00,-1.260812486178272529e+01,-3.226056122056450537e+00,1.458146855195170399e-01,-1.579783419798157951e+01,-8.686468032010179030e+00,-1.420390970417423659e+01,-1.432395742102809066e+01,-4.180289649612001668e+00,-2.641381172579302383e+00,-1.076440770131272373e+01,-8.642802130884355449e+00,-5.587526882018312158e+00,-6.766802721487720440e+00,-1.455932594572596273e+00,-2.439224526605785570e+01,-2.084569937957016705e+01,-2.880359131295280761e+00,-1.157925707740343313e+01,-2.363888052050486266e+01,-1.207480950755554261e+01,-1.439708853910189879e+00,-2.682158730599603746e+00,-1.246961180249654300e+00,-8.001115326138618755e+00,-5.000412943933500109e+00,-7.711843682769876196e+00,-1.389372585720574449e+01,-8.510318523074483110e+00,-4.868033865553599959e+00,-9.247649100585082493e+00,-3.096649406915059188e+00,2.972511107241144757e-01,-4.141329700469460029e+00,-1.490921037154980766e+01,-1.142433766816397345e+01,-5.087195841189187995e+00,-6.855257660690740273e+00,-2.701188028216630244e+01,-3.229294213199263464e+00,-8.190959450841738487e+00,-5.066711862749038175e+00,-7.608967746212536021e+00,-6.017532068119956001e+00,-5.009461440005258837e+00,-1.676821085744046513e+01,-4.960352563766309508e+00,-5.476962485860562779e+00,-1.143969332437740682e+01,-5.640379108827742627e+00,-7.327204095902831504e+00,-6.045235681288606777e+00,-1.297025925163598004e+01,-1.190495664398513753e+01,-1.575986637498973764e+01,-4.648183999553373802e+00,-3.382404522982726647e+00,-9.021021197839658612e+00,-6.300929107243779193e+00,-2.430618955248074364e+00,-9.809341529742530597e+00,-9.179004509530473754e+00,-1.495538536380849770e+01,-6.015404628799240427e+00,-6.408098149177689606e+00,-4.636111969993618409e+00,-4.094252919313532857e+00,-2.896326825350365564e+00,-8.729341603229238800e+00,-6.127036315570045133e+00,-6.621870934573058420e+00,-2.380581129691449416e+00,-1.186803134314643238e+01,-4.040255078567400737e+00,-4.416398769576312944e+00,-3.216073419429361202e+00,1.506834428190002129e+00,-1.942089219231067920e+00,-8.367688699564432397e+00,-7.254879835680261735e+00,-4.554595362621314258e+00,-8.672713885829718805e+00,2.010940997739997460e+00,-3.389971491531131864e+00,-1.295943642055163103e+01,-7.230029407751147552e+00,-8.968977055789569164e+00,-4.783926889329328525e+00,-8.461415102340959393e+00,-9.040127911427781271e+00,-9.467797016293300061e+00,-9.879348132535243465e+00,-4.173706361880496374e+00,-1.635358448660608843e+01,-1.092935154563197564e+01,-4.412062025474117632e+00,-4.160967839860081341e+01,8.533127573616079431e-01,-1.130732845922590357e+01,-4.136880651503061834e+00,-1.370002427040330595e+00,-4.912925938473339471e+00,-3.262329589217968007e+00,-1.441181371667193289e+01,-4.408553257540133608e+00,-3.013460363828224686e+00,-2.487540694537127561e-01,-6.603436956418630432e-02,-3.707983464959272446e+00,-1.424056642354917201e+01,-8.355703628038357422e+00,-5.992074214243010566e+00,-4.148161375355394198e-01,-5.842655872386592897e+00,2.618242562202578450e-01,-8.854499092198459209e+00,-5.337276665106109874e+00,-4.442414235329437133e+00,-8.010351725048458604e+00,-2.066154569627810744e+01,-1.950816037313861173e+01,-2.135040882421904129e+01
-8.724823253921465849e+00,-8.871289558123445218e+00,-9.782811466737772577e+00,-8.286867270440657407e+00,-1.251939094137007658e+01,-1.934374320808585068e+00,-4.382092705520177489e+00,-1.736842175406929556e+01,-1.730659894355265749e+01,-7.641639544747532042e+00,-2.470751650854995063e+01,-2.427721528843195253e-01,-3.560574226383026009e+00,-1.384088275560458570e+01,-2.100210040514181475e+00,-3.523326086549978253e+00,-6.276591613993815599e+00,-6.857885802410908838e+00,-1.125881427499822784e+01,-7.247139975650575217e+00,-1.574578040761725006e+01,-1.329149379023894184e+01,-1.427419929694499778e+01,-1.949650902483502923e+00,-8.103094574350539148e+00,-1.689887417275036086e+01,-5.097846275011324479e+00,-9.096098777139008718e+00,-3.230195908189851650e+01,-9.052234870501402852e+00,-1.146563965644628524e+01,-7.304463380665053407e+00,-2.319753461893978130e+00,-9.845007416797958655e+00,-1.152452615380425982e+01,-2.796838409016614957e+00,-7.289915513206773667e+00,-1.180664458833851249e+01,-6.263280134498932838e+00,-9.828452182724780606e-01,-7.639285276409824910e+00,-9.156126261362215857e+00,-2.996183189254740142e+00,-1.384262515502358859e+01,-6.804458171464404792e+00,-8.316691651264498830e+00,-6.863306653942816915e+00,-1.877716723030385637e+01,-2.710121803299769372e+00,-3.122877772777207905e+00,-2.880432887895392646e+00,-5.964957507630344047e+00,-6.267007448729694730e+00,-6.178915845392214834e+00,-1.458139649239781344e-01,-5.020220088476445852e+00,-4.961424277906621327e+00,-1.794790139566719489e+01,1.036961288912063850e-01,-7.061979579774031457e+00,-4.324470025290014341e+00,-1.234380978939115181e+01,-4.537032881493417769e+00,-1.117052434600397426e+01,-5.457606276477731555e+00,-4.116499906055812730e+00,-7.906614644210716136e+00,-9.597682842109456658e+00,-4.776572294872392099e+00,-1.658169615610212944e+01,-7.782725096838973400e+00,-5.957874622630785488e+00,-4.818601681191857722e+00,-3.868024488124210958e+00,-6.915390146691425599e+00,-1.375631627229453535e+01,-2.708878095536046082e+00,-2.861916650169524790e+00,-6.066151416726690559e-01,-5.881241833074807523e+00,-4.809314656751872974e+00,-2.895269255172170375e+00,-4.996917705879901028e+00,-5.058643810347493108e+00,-2.139063973064848767e+01,-1.248809456056660494e+01,-3.435986844339969259e+00,-6.059326132297693235e+00,-6.448913149876803530e+00,-1.676285069444286435e+01,-1.608658869847302242e+01,-1.939701954746354318e+01,-9.564521168983585397e+00,-4.581489431793638545e+00,-1.021635996760089604e+01,-1.569500516844691163e+01,-1.441615376817433081e+01,-1.607214613987231289e+01,-1.091647656512085263e+01,-2.033359659923972274e+00,-2.113610138743519773e+00,-1.360523722372843203e+01,-1.387668600661965623e+00,-1.492482133149467494e+01,-7.495913018990013832e+00,-9.362371372179790541e+00,-4.777838381689550218e+00,-4.066669544044831497e+00,-1.705621250769847122e-02,-1.865264120883965981e+00,-7.371647485081986417e+00,-6.646423001328266578e-01,-4.583750830862602932e+00,-5.767419872943742476e+00,-6.791912425706623679e+00,-1.138681285982670133e+01,-6.625833862494828530e+00,-2.750956520371325809e+01,-3.282182717930497429e+00,-9.913650894308997152e+00,-3.898987094680164134e+00,-1.355844322710004057e+01,-9.955746618594094599e+00,-1.288433276141812556e+01,-2.440296720313337531e+01
-5.958587971408433326e+00,-1.535308771930876759e+01,-4.701184869059051863e+00,-1.012466988986150795e+01,-1.718248096713351458e+01,-2.504989753127444985e+00,-7.446963943487043380e+00,-4.492025805684319195e+00,-3.504246969016261204e+00,-5.978073784764516674e+00,-1.485843740338591523e+01,-7.683764792376229558e+00,-1.300798733731549861e+00,-8.864227306538234430e+00,-2.517703147984451828e+00,-3.628958254716328380e+00,-7.452715883676170883e-01,-2.155958571114237721e+00,-1.572504727279734560e+01,-2.113579520627762776e+00,-6.667226249674635952e+00,-2.183777174288993095e+00,-2.206727059756029519e+01,-2.387199859722803019e+00,-5.703644913555084628e+00,-1.025405898648766367e+01,-2.272360435963060699e+00,-1.115628672676924538e+01,-1.284640185601698192e+01,-2.570593902041614598e+01,-3.615937377429623734e+00,1.408900474383084356e-01,-8.766150810620416678e+00,-9.389929401240053153e+00,-7.206824215976562975e+00,-2.264062211810539793e+01,-1.005997749256347440e+01,-2.908598005944079468e+00,-1.302594981259523976e+01,-4.150920685580928193e+00,-4.662735754450205938e+00,-3.695414435229926742e+00,-1.827664966946841574e+01,-1.274220317664281410e+01,-2.918948250313894732e+01,-4.924780551156649366e+00,-7.544449328601560367e+00,-4.693338479534898688e+00,-1.437943793686218541e+01,-1.659284743399170736e+01,-1.306790811369157623e+01,-8.887434555526226632e+00,-5.817467876418398021e+00,-2.925810570585687032e+01,-4.618915094829816326e+00,-2.072647371176603315e+01,-1.859835035356866006e+00,-1.492983717389760834e+01,-1.624171545785415205e+01,-2.070090569978066597e+01,-1.582580503211759471e+01,-1.760314654308649196e+01,-1.349975601992197483e+01,-2.613403289501064819e+00,-5.256593587934786704e+00,-1.219412137538528995e+01,-2.736107610323307959e+00,-7.731966079145724535e+00,-1.106289546438987514e+01,-1.449100877259495057e+01,-5.159474801551704459e+00,-5.306402540861487438e+00,-1.706695576221777344e+01,-1.109205999765119799e+01,-5.808404237667831538e+00,-2.376789310638913122e+01,-4.528505874878686832e+00,-1.967874132447680058e+00,-3.174551367576548877e+00,-2.696603277408678778e+00,-2.450551893011020610e+00,-3.784695844594842540e-01,-1.303760677281714919e+01,-1.378490031584110476e+01,-9.187377524611973101e+00,-6.020621316306070447e+00,-2.118518252307480143e+00,-7.425201860255824293e+00,-2.704587713723818787e+00,-2.117553638991214626e+00,-1.734589697449766321e+00,-8.032826470016786402e+00,-1.121724796555075621e+01,-1.619218522277379435e+01,-1.422727613842397076e+01,-8.950311995020472366e+00,-6.368717186054134061e+00,-8.326883372448955711e+00,-6.280049446331411822e+00,-2.229900413478815291e-01,-6.202316379911562372e+00,-3.102570241222686764e+00,-8.332467275397139606e-01,-6.060235437214478438e+00,-1.839528864410811204e+00,1.667227278960336512e-01,-1.315281134381592842e+01,-6.948473268109294665e+00,-1.062171091568337644e+01,-1.231520580575991985e+01,-1.816673775065190455e+01,-1.360654616528413463e+01,-1.953069541369718332e+00,-9.129927536229564211e+00,-1.005475879069442691e+01,-1.679494844962029276e+01,-2.271713150765288347e+00,-8.553975748212828023e+00,-4.917366397696344649e+00,-1.907664060075935453e+01,-1.004638816833623949e+01,-6.347517328781417056e+00,-6.461943780073450938e+00,-1.371424592936036291e+01,-1.881998101274766100e+01
-7.978977796399890465e+00,-1.753923533949331670e+01,-7.097253612037780712e+00,-4.267031277892353813e+00,-3.463818263690142452e+00,-3.807194148953359836e+00,-1.196140068807626911e+00,-8.612192223109939704e+00,-8.309168526318543968e+00,-5.209580782858706627e+00,-4.180589898174632779e+00,-6.732052178203240089e+00,-4.369474658257756161e+00,-3.093810692077158642e+00,-1.228910410563122113e+01,-6.763256306453367728e+00,-7.518268928846398858e+00,-4.005271776080068236e+00,-6.850923617597645787e+00,-6.141988692885512968e+00,-2.485736993385343041e+00,-1.346160944806181980e+01,-3.112840883324603958e+00,-9.831716223577648961e+00,-9.886127170005355680e+00,-7.486423360028110707e+00,1.208479041344254323e+00,-8.629038147479302978e+00,-1.512587904112047354e+00,-1.263911694170555755e+01,-5.818475207002054006e+00,-1.956904454577002639e+01,-9.093190490821648098e+00,-1.387419196295916279e+01,-2.047771768571350570e+00,-5.254821037440498444e+00,-4.660378953918458578e+00,-7.670913036106286498e+00,-1.008801667092200871e+00,-7.623090652856236993e+00,4.850076164970701931e-01,-7.229811007624022068e+00,-8.662720250721877235e+00,-2.044072136801567297e+01,-3.120580736179978665e+00,-5.127952346191863242e+00,-5.631206178797015127e+00,-1.247132462532241348e+01,-5.381938532774633188e+00,-1.603331515393924889e+01,-5.023306792259890408e+00,-3.420812442126991648e+00,-5.892618726194180923e+00,-9.304969268454495790e+00,-6.059583553641956222e+00,-9.685265214197496420e+00,-2.576070363324888923e+00,-6.710470272851888573e+00,-1.859686236978536300e+01,-1.781829589089122834e+01,-4.797966374115078203e+00,-1.774447079679926276e+01,-8.684182504898211974e+00,-8.358537337473213036e-01,-1.877079581773055139e+01,-1.012302390991454359e+01,-6.452465322049060426e+00,-1.821840057930334922e+01,-4.003546367633219916e+00,-1.401588114773563021e+01,-1.815690899937503766e-01,-2.792887606947511259e+00,-4.117689340957554123e+00,-5.806945565577271928e+00,-2.415229925561861002e+00,-2.042610470459328553e+01,-6.801709366237805199e+00,-1.578875164564085054e+01,-8.467057519033193813e+00,-6.413717513644542123e+00,-6.990891018213318375e+00,-1.061229668777910806e+00,-1.542405960514263086e+01,-1.155495410440802928e+01,-3.307741644095913536e+00,-5.721332099757264089e+00,-5.893875366839225194e+00,-6.792961253442793890e+00,-1.506390917459705880e+00,-3.717369862447652551e+00,-1.376637684291542740e+01,-4.424238243394067460e+00,-1.788196383903715159e+00,-1.295269463247219655e+01,-1.558203798541576290e+01,-2.274538436522141271e+00,-4.481170685857144065e+00,-2.450323519479704615e+00,2.060663805059903098e+00,-7.045569941236683675e+00,-3.168179325036014404e+00,-1.353567602476105414e+01,-4.680220445951357888e+00,-6.168494112375558558e+00,-6.515459105917049243e+00,-6.200984119631887115e-01,-1.099282876003647225e+01,-2.912172661796816442e+00,-1.985089845461320124e+01,-1.478317999943470973e+01,-1.960949743890055785e+01,-1.347650049406015516e+00,-4.444279179215731013e+00,-9.532576673018070323e+00,-2.229371475578800244e+01,-1.445803297758725670e+01,-1.135698529827687375e+00,-2.455657294322860729e+00,-3.155943055713559708e+00,-3.248362174790249579e+00,-4.927813851866134076e-01,-7.289535804919595741e+00,-2.777637554038999923e+00,-1.318201919063957739e+01,-1.481789530769169971e+01
-6.858853214291389833e+00,-1.781580129758920350e+01,-1.431008491863431686e+01,-7.152305940930247630e+00,-5.954998760983086115e+00,-2.435449427007462475e+01,-5.634677514193948689e+00,-9.161543333367529129e+00,-9.259471149042324711e+00,-4.003731604208515371e+00,-6.991730047948150784e+00,-9.328822823308497547e+00,-2.665384423883241372e+00,-2.569340701684598827e+00,-4.512585776625509304e+00,-1.465260990326653712e+01,-1.019539837668993254e+00,-2.299508683245169216e+00,-4.566362972188516167e+00,-6.893954822614793088e+00,-8.957031742933422080e+00,-1.620416489225829793e+01,-1.341120715353413040e+01,-5.706987857437118450e+00,-1.146434233552689719e+01,-6.372526839060316028e+00,-1.296134942558753167e+00,-4.334939257589711659e+00,-1.753301482354853036e+01,-2.908638163882170780e+00,-2.720515467578335844e+00,-1.956108131863580724e+01,-1.050919096339618974e+01,-7.411432349753672710e+00,-7.625192428193337868e+00,-1.187927877294652390e+01,2.138254151802073011e+00,-3.004037125759246862e+00,-2.063917255834859077e+01,-1.170451171470067564e+01,-4.728061231697172850e+00,-2.382104861335840429e+00,-9.402755132567257590e-01,-1.802933711599303379e+01,-2.027789171403556168e+01,-1.902406209062459830e+00,-8.239768251489028472e+00,-7.852074561638100469e+00,-1.028830797793308882e+01,-1.773849752319951989e+01,-6.756096853086538623e+00,-8.934863095766356622e+00,-7.692770842996221603e+00,-7.221890316049667469e+00,-8.981944286836361258e+00,-3.104348099991098842e-01,-2.189853636574594731e+01,-7.928860570739657554e+00,-3.205044564822011921e+01,-2.974574928977650856e+01,-1.677542165892145931e+01,-9.273007618261159379e+00,-5.329286128735100547e+00,-8.147215981616062308e+00,-3.522438052205569381e+00,-7.864747936115392690e+00,-1.648108222901219477e+01,-8.773656815637675521e+00,-1.987245308970966562e+01,-4.950881049801400202e+00,-8.424586002882364255e+00,3.277727146821238224e-01,-1.130937411905833123e+01,-8.163774765698004643e+00,8.888844045444228570e-01,-1.092037803385854922e+01,-4.605685070186793517e+00,-4.228578145066754779e+00,-5.239780200414745792e+00,-6.936868460545062121e+00,-2.557146139940305485e+00,-5.127492071025691267e+00,-1.039560725262534291e+01,-1.128294054387293466e+00,-7.559007636741191583e+00,-2.610882752169691567e+00,-1.542554144994465304e+01,-5.480225688386521909e+00,-2.641566015038343984e+00,-1.304799532530978823e+01,-5.159073521208301649e+00,-6.797246738013043021e+00,-1.791625650693984539e+01,-5.365728507529114566e+00,1.460358794498687107e+00,-1.321681533685890209e+01,-1.214494622720733652e+01,-7.704672774803871249e-01,-1.026318284622449672e+00,-4.299527865452033915e+00,-3.985956346452642407e+00,-3.445618479005051249e+00,-1.904318040784495381e+01,-2.564247329125430297e-01,-1.665982148755466952e+01,-1.035554338585580147e+01,-2.574833292054110601e+00,-1.428060056470455663e+01,-4.293166543010282332e+00,-8.302418614431974930e+00,-2.374575499970136860e+01,-2.271716687475868923e+01,-2.625531429365019598e+00,-3.140185577376754633e+00,-1.903364105679789020e+01,-8.212913669277151385e+00,-1.789044378047839334e+00,-8.358243931137476324e+00,-1.134888536908521317e+01,-1.711435923064555054e+00,-2.424987418978473919e+00,-1.390561723543853034e+01,-5.360899217152466534e+00,-1.948570062300725425e+01,-2.201430989670378580e+01
-1.037094190411323424e+01,-8.593423016722162799e+00,-1.049884039047444162e+01,-9.016544049994369203e+00,-6.758924115016405665e+00,-3.075888050970498000e+00,-2.559675427235534073e+01,-1.284492963856040504e+00,-7.455371957448261533e+00,-5.611050167958241630e+00,-1.272366460084582940e+01,-2.198814245666846023e+00,-3.797852998285967119e-01,1.775772711697336748e+00,-6.334759961982451060e+00,-5.201481664950373229e+00,1.874372820699343523e+00,-4.172132355681201332e+00,-5.354908868198565486e+00,-1.223891890688542983e+00,-1.986109548286339788e+01,-4.093179597027203798e+00,-1.502657222749503063e+01,-6.727778676042755812e+00,-8.536127018869363425e+00,-1.083115111650646156e+01,-2.794179219293738115e+01,-1.478029361809043607e+01,-5.473574667489562451e+00,-1.754966922058304402e+00,-5.090309925611466113e+00,-5.056750340085260476e+00,-9.460569397800362879e+00,-9.079729148352775780e+00,-1.587854102020373048e+01,-1.343157168321772232e+01,-7.548489491652498273e+00,1.007215548476005917e+00,-9.842871240535115973e+00,-8.262954066293820787e+00,-4.625998056108305612e+00,-6.521837140299103774e-01,-9.461627698493514371e-01,-7.316932650451800413e+00,-7.541600591072164406e+00,-3.904426361190020067e+00,-6.714855107876870122e+00,-1.027378713621207851e+01,-7.430250572868510872e+00,-1.057310781183818049e+00,-4.371696435090555610e+00,-9.886469122854839142e+00,-2.675904906426889607e+00,-5.074225083300304640e+00,-1.538390834500921756e+01,-5.348859632085204652e+00,-1.904143204571747683e+00,-3.356425919570719785e+00,-1.556789388785052797e+00,-4.400076661098442976e+00,-5.010578170717635338e+00,-6.148792294459877183e+00,-8.409200648162284963e+00,-1.371073162404554857e+01,-8.344519399188294884e+00,-9.534697674823661373e+00,-4.665823064339380544e+00,-5.265254309833835578e+00,-1.217823787576898553e+01,-3.508305741849474302e+00,-6.530208089129116544e+00,-7.045823546921681668e+00,-2.692383966450495159e+00,-3.714296478928205136e+00,-5.673461190646080787e+00,-4.088465047996256985e+00,-9.601262641734461312e+00,-1.191751732942560160e+01,-4.410734625761661754e+00,-4.450952624530206236e+01,-2.075511280423777194e+01,-4.847958850011568011e+00,-3.728190389777145786e+00,-1.551933400527931539e+01,-1.591413223541757738e+01,-1.142704141989960576e+01,-4.652118469347933605e+00,1.526153863068753669e+00,-7.121241991073229194e+00,-1.345764971112678410e+01,-1.276049635215977673e+01,-6.294535488338536489e+00,-2.186439869679991688e+01,-6.653964252785796951e+00,-1.094577930769570884e+01,-5.320113724728812166e+00,-1.226541755820783619e+00,-1.533875713090387549e+01,-4.531791826385100030e+00,-1.677163890631834464e+00,-1.017761847071584214e+01,-2.793508046361956154e+00,-1.213471085656275505e+01,-3.012231769585718144e+00,-8.311323792551609912e+00,-2.050273282386922347e+01,-1.098216243656570867e+01,-7.325203064124963248e+00,-7.069764101906481635e+00,-1.266830500412453198e+01,-1.937938686620472861e+00,-2.417887796305468129e+01,-1.340658021749482032e+01,-3.467009796174238989e+00,-1.522984862924585059e+01,-1.037024297898109459e+01,-9.854765057223829672e+00,-5.995855439142987464e+00,-1.046568388301824015e+01,-1.288257446202884893e+01,-1.008091563622834741e+01,-1.109688163438368846e+01,-5.047664136522740819e+00,-1.019071816266344044e+01,-1.350098819953428908e+01
-1.241991524871159491e+01,-6.818102031219270387e+00,-1.097672638131120237e+01,-7.913974192225009752e+00,-1.261110828955546381e+01,-1.416992299080123274e+01,-2.396096533218848634e+01,-6.720470421761858049e+00,-4.705539272392774919e+00,-3.633784785526670724e+00,-5.565684407663863631e+00,7.471846362641179629e-02,-4.034098483469957586e+00,-6.865884572811010500e+00,-1.585219538211317669e+01,-1.250926063853274428e+01,-1.141980227040276219e+01,-3.520694203255270160e+00,-2.278652731128507014e+01,-2.729582031961942157e+00,-1.283740504670356053e+01,-9.118993704898212371e+00,-6.046982195808677574e+00,-5.791716639107027831e+00,-1.877809682358295484e+00,5.257704414563131312e-01,-1.337781603205371361e+01,-1.918864245498357235e+01,-1.277752242026626206e+01,-2.364175615492789984e+00,-1.554588313751960094e+01,-6.860044751095358606e+00,-5.189921522734012527e+00,-5.132222581955343088e+00,-9.922766097806006158e+00,-7.821599325366298316e+00,-1.885326131713505049e+01,-4.195067692752763477e+00,-1.585230889216273198e+00,-7.413026821750174911e+00,-1.723985675622183322e+01,-8.435586548444327093e+00,-8.088225041770650492e+00,-1.347315484695947241e+01,-1.097570477288856594e+01,-3.275097580391430618e+00,-8.465829330223373361e+00,-6.399673613933893890e+00,-5.937261364298356270e+00,-1.923215232160520571e+01,-1.062360486191981934e+01,-1.237193041891496748e+01,-9.868081242884315429e+00,-1.614193149137352989e+01,-9.510792228903317991e+00,-6.705149612839909956e+00,-7.497780490549715182e+00,-1.171815793868807987e+01,-6.196074638023820746e+00,-9.629747809134890701e+00,-7.897980157896218323e+00,2.886929359059580147e-01,-1.302654763042302122e+01,-1.286155634622583221e+01,-1.463709030158072633e+00,-1.942746806834144024e+00,-9.678280741554777578e+00,-6.628345599099167096e+00,-1.739302150540561342e+01,-2.669831615700648975e+00,-5.987144826192134062e+00,-9.279289004317973877e+00,-8.689714084208613798e+00,-1.375767777171519590e+01,-1.596868074909766122e+00,-1.214822733201303606e+01,-3.420860655793124927e+00,-2.917961117070987598e+00,-6.180785740258189165e+00,-7.102722277579742727e-02,-1.252513008622164747e+01,-6.350380805637577453e+00,-1.511952565512851443e+01,-1.572699606128217553e+01,-9.303714126908888105e+00,-4.733685392945147008e+00,-1.135012876120701719e+01,-7.673559394307359227e+00,-1.947231440907896127e+00,-7.329656616950237513e+00,-1.493504841106570957e+01,-1.480581904172898255e+01,-8.167069867223560209e+00,-9.012240774941130184e+00,-1.256690734872389470e+01,-1.258890180567843409e+01,-4.152821781312460381e+00,-7.140997485024395353e+00,-1.397603994550238760e+01,-2.540549646375580561e+00,-2.302085284348304484e+01,-1.411259173392341637e+01,-1.422280669107199191e+00,-5.434048631788542139e+00,-9.845366172870418708e+00,-2.309665778626988963e+00,-4.041501062365190577e+00,-6.013495731128150723e+00,-5.825816951842348601e+00,-7.372083248593051863e+00,-2.607748804088180883e+00,-1.250715107550333727e+01,-2.451485441144226485e+01,-6.279397489207103611e+00,-6.334132970539099183e+00,-1.821611482920690506e+01,-2.558007704581690245e+00,-6.674001887800394606e+00,-1.468493801805528420e+01,-1.508153393456633040e+01,-6.747048513574636530e+00,-9.688970372246608065e+00,-1.038784961171337784e+01,-9.080266504208728051e+00,-1.661020095421859111e+01
-1.327869696709407776e+01,-1.163033415191154063e+01,-1.655477340491261629e+01,-6.231194138958367823e+00,-5.402662086319920398e+00,-1.178694677333597163e+01,-1.058034530449129385e+01,-7.792974589017531706e+00,-1.024197945891705253e+01,-1.123411676789833535e+01,-9.424850642493163733e+00,-4.923845450348958153e+00,-6.847089419253126863e+00,-1.676529057443586268e+00,-9.220019484546126520e+00,-1.346150412650396255e+01,-1.325217736124424661e+01,-5.672747929737685935e-01,-1.758889657557503838e+01,-5.826079110139738226e+00,-6.298514262061672753e+00,-2.654436742578444974e+00,-4.960600196588153210e+00,-2.342628839797362694e+00,-4.551805007456042773e+00,-6.741070704089925592e+00,-6.152621442729374834e+00,-1.176402796370607717e+01,-3.561509836274983076e+00,-1.905619507364054144e+01,-9.233035771409758397e+00,-1.321148376215476539e+01,-5.704267536742856137e+00,-5.881874797972983515e+00,-4.561239857889976435e+00,-5.247635170359663093e+00,-2.019170266678315784e+01,-1.266376331583591508e+01,-4.186990730202539090e+00,-5.633659840489678494e+00,-7.183793382019549867e+00,-6.365711400802952724e+00,-1.074260369176258223e+01,-2.004330923950121957e+01,-1.758868847913880096e+00,-6.991735223496873264e-01,-7.886132508025500698e+00,-3.528313849712611194e+00,-3.623019609860378853e+00,-6.861181334730339643e+00,-9.563250433021625696e+00,-8.293352112748431537e+00,-1.163130023694503024e+01,-3.692234197249341765e+00,4.588428042959628028e-01,-1.101718250884108130e+01,-8.117923412862039001e+00,-5.586574865379696497e+00,-2.674223459134104885e+01,-3.284856552507418925e+00,-4.535146768885180535e+00,-1.767711978023594144e+00,-6.496685018974504011e+00,-1.256016756896807962e+01,-3.243061424984075458e+00,-1.586546001944572026e+01,-9.978000428944131528e+00,-2.480082864087962857e+00,-9.885802252755727437e+00,-1.131559120255014594e+00,-6.559979656667470849e+00,2.213133611760660813e+00,-2.824772727110534731e+00,-1.154915191565487476e+01,-3.336906264915328713e+00,-3.771447822168294550e+00,-8.775609852134895306e+00,-3.555850810882827950e+00,-5.931638294040402215e+00,-4.517594090111678451e-01,-1.294478734945293752e+01,-7.039645233303520655e+00,-2.091743874210923693e+01,-8.478578504660607251e+00,-1.168220760855490248e+01,-3.947595114337281608e+00,-1.665425701686557503e+01,-2.274215322718836862e+00,-7.453505741508684501e+00,-2.161948869853134525e+01,-8.261741013712777360e+00,-6.208298750148014022e+00,-1.401354718736896210e+00,-4.256261442560687058e+00,-2.940105110798177712e+00,-2.519638621466952610e+00,-3.163885717070795689e+00,-7.039820244783535408e+00,-9.855026445044426708e+00,-2.369891416910791193e+01,-1.661747480111491981e+01,-1.018690461796591862e+01,-1.227954749422164227e+01,-5.528535067984325480e+00,-1.216990712882988745e+01,-1.713367589198574947e+01,-2.146989044638516830e+01,-6.780193480536249595e+00,-1.452642367695510472e+01,-9.753549652452496943e+00,1.307617807973029622e+00,-3.856297412995600915e+00,4.752210756865546393e-01,-1.323746806356304084e+01,-4.135066390061375330e+00,-3.453900165405064282e+00,-8.949645888301704488e+00,-5.470213612421012783e+00,-4.764657315482663691e+00,-1.592391209489597337e+01,-2.812597075423600934e+00,-1.018618056442909214e+01,-5.062912583058263749e+00,-1.976371473976167437e+01,-1.009757750345016625e+01
-7.317401372811880300e+00,-1.033751463655027081e+01,-1.103453382894157464e+01,-6.512235522005417110e+00,-4.803397677958459511e+00,-2.989916530599547428e+00,-4.825678168528809486e+00,-6.828374636247025009e+00,-1.358448138625469603e+01,-1.712714515753591371e+01,-6.656279750008198270e+00,-4.304663694025217424e+00,-3.578496609411045970e+00,-6.682978652124265118e+00,-1.375499311309705153e+00,-1.179924127982696902e+01,-9.799565134424293333e+00,-1.600661058245022161e+01,-1.277353098569342649e+01,-3.107228259851687469e+01,-5.738576065467391629e+00,-4.766088328152724429e+00,-9.354633426425513321e+00,-8.485848978709197965e+00,-5.242764707708500893e+00,-3.262607980564322663e+00,-6.814777685500265747e+00,-3.838184855592663425e+00,-1.610317463580465258e+01,-1.459436951474019395e+01,-3.034349340289777430e+00,-3.248927555279960799e+00,-4.597728647671696756e+00,-2.579498529482869174e+01,-4.925444295754059176e+00,-1.027059885446702792e+00,-1.064877640210730725e+01,-1.979803438763839551e+01,-1.798873794145960403e+01,-3.345361944489640305e+00,-7.144004532345507030e+00,-5.907996975327977296e+00,-3.947083144672227206e+00,-1.694041584400400779e+01,-1.613828495459243229e+00,-6.655358322381850655e+00,-7.198304470367555830e+00,-1.044997704747941292e+01,-5.915207536549614176e+00,-4.519265491829437487e+00,-1.022948223266503298e+01,-2.588800537053328465e+00,-4.499663442818344627e+00,-1.153459595274710203e+01,-8.526654502953478598e+00,-1.573486605786245818e+01,-1.287182759728009884e+01,-3.189314841683237312e+00,-5.575044794705599216e+00,-7.036621691236969234e+00,-4.497460109180741128e+00,-7.438113992816573372e+00,-3.441356017095551945e+00,-1.664919680103409849e+00,-9.759504869471193444e+00,-9.924820403227151644e+00,-9.989617398305345120e+00,-4.732003765785254279e-01,-3.784683286886280307e+00,-2.392984225614572580e+00,-4.115040889156186488e+00,9.196091374405547247e-01,-1.692026804938233653e+00,1.495348944548943459e-01,-5.318035117602802231e+00,-2.421795938128527226e+01,-6.527156042574944195e+00,-1.927479358216084071e+00,-8.383289796313205144e+00,-1.300794237767802564e+01,-3.267452271784233808e+00,-5.392901068869040415e+00,-6.253492587111618484e+00,-2.922865375550429246e+00,-2.421669297618097794e+00,-6.021152257889922588e+00,-4.635529356577406723e+00,-1.010141707062242844e+01,-1.237328118345183370e+01,-7.368438622033011143e+00,-8.836246050139159536e+00,-3.524193840947460465e+00,-1.072570636684399403e+01,-8.241129119987739671e+00,-2.628551718565294681e+00,-1.115553308611437977e+00,-1.287956868224835461e+01,-1.540569436025288219e+01,-8.522788861834758478e+00,-8.304353128273350704e-01,-7.487609787504299064e+00,-3.140753085648268605e+00,-5.740645971129629821e-01,-8.392095918801789622e+00,-9.089694432485298847e+00,-4.988241665454532736e+00,-5.758954641908764494e+00,-8.570682624059717369e+00,-9.866623603104379470e+00,-7.079209115875871206e+00,9.470525748683709111e-01,-1.045988409504440853e+01,-6.164450369087139059e+00,-5.153369899994741488e+00,-2.466755918572621198e+01,-2.313676824171119861e+01,-2.673604140954540132e+00,-2.202223757610878074e+00,-4.637095992193343008e+00,-1.290962789107757125e+01,-1.078058866963086837e+00,-9.542600471161135189e+00,-3.627682921267849636e+00,-1.842005885558211276e+01,-1.325876970841781066e+01
-1.604869258632891160e+01,-1.337958446940380597e+01,-1.247177388409467902e+01,-1.177512495714398710e+01,-4.991445184769697896e+00,-6.213586610990056158e+00,-6.666094528183300838e+00,-1.952958580532579447e+01,-8.782997391424379074e+00,-7.343156592275680516e+00,-1.027889360515373873e+01,-6.400382191698206213e+00,-9.570908991516866138e+00,-7.891689510858585166e+00,-4.405580354927098874e+00,-1.287654484558706081e+01,-4.979273343646788419e+00,-3.802614125511389886e+00,-1.230324503539173975e+01,-3.173859951842339200e+01,-1.211735425327598481e+00,-6.469607026560142415e+00,-1.203133293834890205e+00,-4.038633874530458634e+00,-4.892996763262469351e+00,-1.406100313018111336e+01,-9.273696807760815730e+00,8.311056746027988273e-01,-4.052820222660066918e+00,-2.626764943247514861e+00,-8.156204176429270092e+00,-5.803894594264474627e+00,-9.394246545967622097e+00,1.418790261637466354e+00,-7.313856785814162542e+00,-5.679055498495913845e+00,-1.369309655525109193e+01,-4.297402276880903038e+00,-1.542741149675357804e+01,-8.676815555737105612e+00,-1.988813143589423404e+00,-3.894022203107390556e+00,-7.213066411265658395e+00,-3.713323495623095827e+00,-1.144042804620974962e+01,-6.978038961991552824e+00,-9.932422333008970483e+00,-3.375773958570111311e-01,-5.328514266435777635e+00,-1.459080983324597369e+01,-9.052337362438635182e+00,-6.046054349509473624e+00,-1.383052489713585409e+01,-2.132463079291738950e+01,-1.449256419051091171e+01,-6.299066472525220561e+00,-3.111209855685854819e+01,-6.224013284639180910e+00,1.978322320484515284e+00,-3.354028432499267964e+00,-2.578433753182956423e+00,-1.363494508754800094e+01,-3.201743348316563242e+01,-5.284490560415524563e+00,-2.806224565006690597e+00,-9.370371441777068711e+00,-5.056279402945814461e+00,-1.033271471779398887e+01,-9.132837217520524575e+00,-1.419579567999934611e+01,-2.770060530208303895e+00,-1.078467407503737618e+01,-3.154699129011954817e+00,-1.612686674268882570e+01,-4.829717898503339768e+00,-2.017294451705655245e+00,5.225434944289990558e-01,-1.680396258806907994e+01,-4.135648100825402018e+00,-3.046619586242851785e+00,-7.490064102109201372e+00,-3.328305147533213670e+01,-8.112781885432527318e+00,-4.079287907011045711e+00,-2.926580819749001083e+00,-6.759687491442418761e+00,-1.282428283156430382e+01,-2.385083085761193100e+00,-1.945016760480041640e+01,-6.392304640444140595e+00,-8.225337398419101831e+00,-2.058467151186277988e+00,-1.165060161725738652e+01,-3.642406885906339209e+00,-4.893075997358447893e+00,-4.199811669652139479e+00,-3.271135140358663485e+00,-9.483984802623004029e+00,-2.089573620705845070e+00,-5.782607952752135461e+00,-1.085849817178765875e+01,-5.304724213130065369e-01,-8.633388861779240031e+00,-6.138040181969901532e+00,-6.852599931423444701e+00,-1.826591528998917413e+00,-8.679980164488508620e+00,-3.725657657405587742e+00,-1.349611043475850991e+01,-3.709928743849773980e+01,-1.285210675628181320e+01,-1.847903757923414858e+01,2.070043816922304547e+00,-8.183058740172164391e+00,-9.211928054824221945e+00,-1.093402503217335564e+01,-1.071780324515506422e+01,-5.643585252633867455e+00,-5.232914507585326724e-01,-4.246266820161739730e+00,-1.966922485171266555e+00,-8.863826331231097200e+00,-5.450756918069695089e+00,-8.313885183473463059e+00,-2.117241505585871408e+01
-2.160859446308304044e+01,-2.282905371093426794e+01,-1.386674914237286238e+01,-9.948317762818156496e+00,-6.433313349995964714e+00,-1.731215869517803796e+01,-5.536451775109827445e+00,-5.072726432635475291e+00,-3.039716049330123404e+00,-1.005399381771819378e+01,-1.850094804146389649e+01,-1.371520412584734494e+01,-2.597875829167186623e+01,-8.987384965455646579e+00,-1.839160320514200109e+01,-1.276038729317957809e+01,-6.727472526255757757e+00,-8.287557305573958644e+00,-1.067649622154648625e+01,-3.154586784006598421e+01,-1.724104850272929257e+00,-1.157078248152068264e-02,1.127669193993388497e+00,-5.049106019446947258e+00,-3.739393286818939455e+00,-5.624052515245150374e+00,1.300233327956479501e+00,-1.074873267719962300e+01,-6.707884624906057525e+00,-8.190821292135478160e+00,-2.385133595498897030e+00,-1.269168717607034758e+01,-2.569439257863492365e+00,-8.255031092640344070e+00,-1.263274391516173445e+01,-1.115612203759750187e+01,-2.139921399523564816e+01,-6.282758918257149716e+00,-1.482090585145298789e+01,-2.399145601007640849e+01,-1.070864531122761321e+01,-8.984822428789779991e+00,-9.573136289939311594e-02,-2.148639832948598283e+00,-1.035011635896771054e+01,-4.231793944402383545e+00,1.227947810720399158e+00,-1.474349561558334187e+01,-1.422084416887931901e+01,-8.910915469175294534e-01,-1.197347069435270228e+01,-2.499612037086320182e+00,-1.297260950614519359e+01,-1.060592275111122795e+01,-2.825468493532300229e+00,-7.382254121136312186e+00,-2.201466782392642685e+01,-1.149793885929886272e+01,-1.387621815272835057e+01,-1.282179482627765488e+01,-3.237403057897878522e+00,-9.046211135246380763e+00,-6.076904331544676907e+00,-1.012228639337631186e+01,-7.227081663369600228e+00,-9.077683313496928363e+00,-6.906309447585648797e+00,-1.646161476806192780e+01,-1.046298741385844977e+01,-4.352425733236484007e+01,-4.358454301884495230e+00,-4.639076601650638509e-01,2.757404375218829862e-01,-6.329031804659331684e+00,-4.532839512714758712e+00,-2.550810343128652846e+00,-1.405934491767469297e+01,-3.449195950816799527e+00,-1.205382769428946510e+01,-1.540521293159938843e+01,-6.884395605738270696e+00,-3.050054688711921091e+00,-1.325065094895020579e+01,-4.513422334354660670e+00,-3.702090148184112195e+01,-3.950776166450222782e+00,-4.052040037711776677e+00,-6.316252536873365742e-01,-2.071027916620883147e+00,-5.682816982685003904e-01,-3.307368859423353680e+00,-1.645095313177296958e+01,-2.694016733823434606e+01,-5.634556315230435430e+00,-8.115637112917744034e-01,-3.136234564525828272e+00,-1.281711642480838265e+01,-3.138347564181004579e+00,-4.337752022019581766e+00,-1.182536635015273951e+01,-1.390302951944906340e+01,-3.623404024498707798e+00,-1.413470536816439527e+01,-6.318452966857047493e+00,-3.570767185605054905e+00,-2.590395870961523933e-02,-7.191413812142074313e+00,-2.378754644397552198e+01,-5.978932365930034187e+00,-2.833775916087339652e+01,-3.746743466417829183e+00,-7.634025379924056498e-01,-2.194480998786122239e+00,-1.903833215595579276e+01,-3.678478181296963356e+00,-7.936672459548130831e+00,-1.915785163758027210e+00,-1.616773000372122127e+01,-1.439703661051687966e+01,2.399074216963966055e+00,-4.229804657150983083e+00,-1.431815002637692125e+01,-1.136274551880291206e+01,-5.775039045947155003e+00,-2.154902877985430365e+01
-2.563658707159881089e+01,-1.127144193880436518e+01,-2.001487348121757748e+01,-8.396023991313837698e+00,-1.315527197460577469e+01,-1.457747299415261821e+00,-2.602345503040666141e+00,-6.976407252188131736e+00,3.341935100289010308e+00,-1.286362366234908627e+01,-1.060772774906657290e+01,-8.718248074635683853e-01,-8.884536924750145559e+00,-2.555887980558367190e+00,-1.446643006915866891e+01,-2.138299138390763243e+00,9.469152237584823606e-01,-7.829136823612980578e+00,-1.080020229546976296e+01,-2.082144154509598621e+01,-8.722642112822816429e+00,-5.205167708739831589e+00,-1.357128496668309303e+01,-2.963393404497749906e+00,-5.038404305779291548e+00,1.443348117489559046e+00,-3.035577373828859837e+00,-1.203857222621615319e+00,-1.102399498364137997e+01,-1.283818411523660830e+00,-1.521787672899576016e+01,-4.244297533614346030e+00,-7.296876899245985371e+00,-1.733585427513734700e+01,-2.580129486932360550e+01,-6.395572080032422946e+00,-2.765866101787273834e+01,-6.035115714339367443e+00,-1.488504081871517570e+01,-1.691169392249243941e+01,-1.041082505897698951e+01,-1.294648938652441394e+01,-6.252661799137980481e+00,-6.184252780587959464e+00,-8.508667482763383916e+00,-2.065373158494308115e+01,-4.458958847885286403e+00,-1.487320405505247223e+01,-5.918552463407835695e+00,-1.275113618106521685e+01,-1.521127271912934908e+01,8.950865305480570910e-01,-9.518191276108387555e-01,-1.136043721046588573e+01,-6.069267709584371673e+00,-3.296232002235793601e+00,-3.254603700803494348e+01,-1.574272604433012290e+01,-6.678045596181442001e+00,-3.495107422379197804e+00,-4.777127961993342886e+00,-2.654355751034554700e+01,-3.441393248323415754e+00,-7.691349498734963319e+00,-5.660964547082654619e+00,-1.154618981784704523e+01,-7.756583559118849003e+00,-1.341661341667242624e+01,-5.263094675524930821e+00,-2.259708414610896909e+01,-1.136978486409495837e+00,3.204192527341941377e-01,-3.732082652480690488e+00,9.560699210658402114e-01,-1.370211580877206181e+01,-1.017031263560426169e+01,-2.145327861609601783e+01,5.467830370382770200e-01,-1.027051731124061362e+01,-1.211046492620655002e+01,-1.674032019115101022e+01,-1.111852417995483933e+01,-3.166995042806092009e+00,-6.298242809922588670e+00,-3.327434355470210825e+00,-2.712754775518937844e+00,-1.175261926274139057e+01,-3.041636439318434171e+01,-1.173906335592452344e+01,-3.479289488786322160e+00,-2.780343283943910837e+00,-1.281981546518087356e+01,-4.160794166336282274e+01,8.562982996295819271e-01,-1.042354302957570766e+01,-1.293820029499737778e+01,-1.192043941386354433e+01,-8.156287703873783101e+00,-4.243581274268181325e+00,-1.352253323569610544e+01,3.008143821994717082e-01,-3.177234537981690643e+00,-2.255970059730763211e+01,-8.632096089403845651e-01,-1.940382309740386191e+01,2.431217662913287558e+00,-3.916486397937499930e+01,-1.790001756199145788e+01,-3.872195493462974092e+00,-8.557172931449624542e+00,-3.458975009918241916e+00,-3.490326626399344878e+00,1.601710982039108888e+00,-8.677702704662383582e+00,-2.072428928957719962e-01,-2.000433219825293207e+01,-1.093675605743049811e-01,-2.140433553844143688e+01,-2.593345586810898773e+00,-3.043705283293281383e+00,-3.128403245448882153e+00,-1.714262705482620497e+00,-7.851491709194409196e+00,-1.266424878674201793e+01,-1.639964260957087561e+01
-1.682532809939259977e+01,-1.823407894058840739e+01,-9.830694538983035358e+00,-1.196691249781605038e+01,-4.475263762350642160e+00,9.342223417247802475e-01,-2.201818090309127118e+00,-1.522915246067819917e+00,-1.208303208375579807e+01,-8.114608263599546234e+00,-9.455898803025082344e+00,-5.643625196608731187e+00,-2.061171185617089563e+00,-3.272069658853607343e+00,1.013991402237908845e+00,-1.526904778453333122e+01,-4.098991629582159568e+00,-1.773261483164755248e+01,-5.485833685128231885e+00,-1.352877058140246724e+01,-3.680996085478754232e+00,-1.436491304966879312e+01,-1.157622901929101822e+01,-1.602744582751104474e+01,-1.405248590461813762e+01,-2.388937306575451114e+00,-2.824339412469413779e-01,-1.230871099064382257e+01,-1.003500927331543613e+00,-1.098972588795458005e+00,-4.820294647714658431e+00,-4.257747648834232512e-01,-4.258921185646612706e+00,-9.890373200125592845e+00,-6.804389659270367652e+00,-7.263846343927859550e+00,-1.134609490273067323e+01,-4.787270189054782854e+00,-2.045575776580278671e+01,-7.932669353015465497e+00,-3.226029207369445206e+00,-8.906060635552094595e+00,-1.227454467632011159e+01,-1.688722863846260225e+01,-1.777832712732886122e+01,-1.446870080507831169e+01,-1.234373839487124691e+01,-3.319936246694682680e+00,-1.442464955320570219e+01,-8.252034067909274739e+00,-1.303722369322818864e+01,-3.042518864204200923e+00,-3.315847915280927261e+00,-3.888861618754630101e+00,-2.377733911509103493e+01,-4.509231861849059442e+00,-1.653760194306663678e+01,-1.783079512266657929e+01,-3.685015627690005857e+01,-8.834842842143718400e+00,-3.208380010814960048e+00,-1.010698948702975830e+00,-1.104322447043654520e+01,-4.091236410142748414e-01,-7.832503003192724300e+00,-5.736794899718407059e+00,-7.221657694434511221e+00,-1.687130330801932132e+01,-2.165676496517064820e+01,-1.512889786910564638e+01,-4.097016479619599139e+00,-1.293890231345587161e+01,-3.278927277613643554e+00,-1.045841053951876987e+01,-5.427136814248113339e+00,-3.411016179141882709e+00,-1.286751015719422497e+01,-6.005367487352297751e+00,-9.899419204632977198e+00,-6.665569401233588209e+00,-6.976828281422262634e+00,-7.178490147152103429e-01,-1.392790186587519408e+01,-5.324308923354653444e+00,-8.626423499164250330e+00,-5.917133132639042614e+00,-7.540260461029449246e+00,-4.663466360692001267e+00,-2.651145820174742873e+00,-6.216023566060052019e+00,-5.931882976738512170e+00,-1.016912417528712309e+00,-1.289407835666388280e+01,-4.219179550096734843e+00,6.874772243130301830e-02,-2.626203530464979252e+01,-6.475602448959589807e+00,-1.037289122741339220e+01,-1.019970822268819433e+01,-8.544425603623546195e+00,-1.549918529002649370e+00,-7.768699519288468025e+00,-5.570626685322310756e+00,-1.439282405924646291e+01,-9.566324410435298020e+00,-2.991696748822061380e+00,-1.669003622320752811e+01,-4.266340681993536776e+00,-6.371238672531822189e+00,-1.773219870074421722e+00,-1.228994098762442633e+01,-1.298879945236077305e+01,-9.549348554365932884e-01,-1.953337992829805714e+01,-1.097837795043285070e+01,-3.237419554257142007e+00,-6.022998649536915883e-01,-7.223276447110479559e+00,-6.872154289962768559e-01,-5.958640873528208814e+00,-6.852495972744797825e+00,-2.864313974918657912e+00,-9.627023495869513781e+00,-2.601037758948081802e+01,-1.524035806615728639e+01
-1.816683423559859278e+01,-1.170261524460300784e+01,-6.072873087319719865e+00,-1.180979131920340208e+01,-3.616126077632495495e+00,-2.641016638016612905e+00,-1.351418513069639005e+00,-4.777897260749439212e+00,-1.454687768605738718e+01,-7.202086680043492173e+00,-6.317689697273197069e+00,-1.784615738030753462e+01,-6.008011365775275614e+00,-6.920565185442876910e+00,-8.499755479202784514e+00,-5.797128830444653325e+00,-3.485259004653698423e+00,-9.217513453575826077e+00,-6.189939116441404821e+00,-4.315097613037249147e+00,-7.678289509460263673e+00,-3.605006328293337781e+00,7.713859902950437331e-01,-5.016823879460602598e+00,-6.294496712653982584e+00,-3.841612830477927898e-01,-4.475213315044532791e+00,-7.549325723391189236e+00,-1.465933322181611231e+01,-3.287890142760234280e+00,-6.906139197021467169e+00,-7.881878254626215607e+00,-6.541415293959987665e+00,-2.170671394364055207e+00,-8.163993909366229929e+00,-2.860268862599134820e+01,-7.923086110940191773e+00,-9.501484751447204502e+00,-5.057723668416014284e+00,-2.286889221750321610e+00,-1.883239755211018007e+01,-1.247674516746309870e+01,-1.078716196396966076e+01,-5.586346369643302445e+00,-5.284223431460445042e+00,-1.875693670345425446e+01,-4.158177734882718468e+00,-1.076656449004930671e+01,-4.631653679108187482e+00,-4.332173642563264870e+00,-4.614019066047120532e+00,-2.897925270117986951e+00,-3.240502811554542895e+00,-1.508125535746575530e+01,-1.880355561656448060e+01,-2.449367534054267992e+01,-5.629862015612125070e+00,-2.127606109204292295e+01,-2.654373903999332374e+00,-2.591277148677462350e+01,-3.254796692099822586e+00,-4.561726310018258346e+00,-6.789327831697049120e+00,-6.826614482653833527e+00,-1.790014250031153553e+00,-9.590953116655828836e+00,-4.929473119141352555e+00,-3.188973306912368244e+00,-5.507649774803553555e+00,-1.859442394717587632e+01,-8.495480281623212448e+00,-3.353365414661924060e+00,-2.685678502356391828e+00,-1.475588653093744362e+01,-2.792324894584105266e+00,-1.147182002843418935e+01,-1.340584799092047064e+01,-1.516422369586247143e+01,-1.358000904162982181e+01,-8.451218754747065631e+00,-1.049056644401338900e+01,-1.356637983773298117e+01,-1.654530820307417827e+01,-1.890357256334649350e+01,-5.654239343826537478e+00,-1.347483365616487561e+01,-6.777879549137971082e+00,-4.678852517816908474e+00,-1.374052854981275118e+01,-1.763599033663488669e+01,-6.165730195383839707e+00,-1.273433403520832741e+01,-8.120768002171125488e+00,-2.195107811671175568e+01,-1.043617399449200001e+01,-5.128629735992888072e+00,-5.600996346589635522e+00,-9.024578246479386223e+00,-5.125074556064960873e+00,-3.164720922851754770e-01,-8.783183769771767402e-01,1.261818729480711720e+00,1.236936642901578010e+00,-4.882267282677688947e+00,-1.137204304601065097e+01,-2.364411531360635532e+00,-1.089247765668027412e+01,-8.175927995623254452e-01,-9.061681302471379595e+00,-4.942344339356167460e+00,-1.441916883594881860e+01,-2.880555381973370466e+00,-1.439171831178775562e+01,-4.262517316597809192e+00,-6.541982474843976547e+00,-2.403814271673779146e+00,-4.937229699049803244e+00,-7.790471144660122249e+00,-5.926243580822918133e+00,-1.027410097778984399e+00,-4.058797498261588643e+00,-1.557735721434181286e+01,-9.821499733477132565e+00,-2.092129689245078339e+01,-2.257338791097500064e+01
-2.329000647971308879e+01,-2.032862882532366910e+01,-4.527421663606504332e+00,-2.192535383348278799e+00,-9.008299717144993224e+00,-2.397049643812390940e+00,6.632006207280188859e-01,-9.495679592095601640e-01,-4.142980260728706732e+00,-9.518154973033889077e-02,-8.541485797814695857e+00,-1.374944414013120841e+01,-1.194815595813988196e+01,-1.492617190594335064e+01,-5.064925761796878589e+00,-8.009650940472861080e+00,9.077827362045555182e-01,-7.301054691954067977e+00,-1.287754117106803520e+01,-6.288121799322782479e+00,-1.268256226062200298e+01,-3.754806746492291403e+00,-9.117377596576414778e-01,-5.712604373229419608e+00,-9.411431366924041697e+00,-8.983840870176463156e+00,-4.053371478206567957e+00,-8.074339282260762474e+00,-9.544519505776476009e+00,-4.120585607765073988e+00,-7.303589145339292266e+00,-7.695724708590269358e+00,-9.281045338650471876e+00,-1.232214568672673138e+01,-5.242750129287959027e+00,-3.498987819651937503e+00,-6.596512587137953965e+00,-1.823866938434557383e+01,-7.901196332673289469e+00,-1.753181836597011767e+01,-1.073242087807081546e+01,-1.640658676827566254e+01,-3.801670390033169866e+00,-3.866892691497156864e+00,-2.769943135589857164e+00,-1.106437837544600633e+01,-5.306885583437548348e+00,-6.006711180890911272e+00,-9.791319952177309105e+00,-8.423434091815684255e+00,-2.294399521649074458e+00,-7.923013939901851765e-01,-1.855981102665813864e+01,-1.166185349901845214e+01,-8.652070504375013016e+00,-1.801349336281563041e+01,-2.000492203195607388e+00,-2.231053350832973958e+00,-1.296609576857553847e+01,-2.012269256481100665e+00,-1.337827952291171130e+01,-9.049486629670063564e+00,-1.004732246458413059e+01,-5.317659460084140477e+00,-1.914718461041187680e+01,-1.081891114516104224e+01,-1.731558456921344202e+01,-3.260237142482483197e+00,-1.185977929984651347e+01,-1.213349536061865130e+01,-1.735772626746834391e+01,-1.490835617498382071e+01,-7.400729915715325902e+00,-2.347807371407920840e+00,-8.584719489026639394e+00,-2.921852666848416824e-01,-6.530177775805467100e+00,-4.076519700760648846e+00,-3.901028192928701621e+00,-6.234351175343145535e+00,-1.524456887326013899e+01,-1.021485427256794054e+01,-2.956036752032713366e+01,-8.732053163362120785e+00,-2.503107902139609653e+00,-1.671005207211779720e+01,-3.591042511946212379e+00,-2.635976821192617692e+01,-1.755766038165996434e+01,-1.490070826537323256e+01,-1.041461173136095653e+01,-2.088248719875601367e+01,-7.423826050104576524e+00,-9.902312298411754199e+00,-5.319968589325499764e+00,-5.602400112233192342e-01,-9.208196988705541486e+00,-5.906308058494956548e+00,-1.384240454640088913e+01,-6.452940594673101771e+00,-1.668022577308631016e+00,-5.539063179448548979e+00,3.204433171279609027e+00,-4.691299069203042293e+00,-2.284585441917835524e+01,-6.254815664835687850e-01,-6.886623631559197989e+00,-5.833444984890341800e+00,-1.105929019050010886e+01,-1.128878961673387948e+01,-8.275256447169471841e+00,-6.578009560389272536e+00,-1.672614798605943420e+01,-2.814643053272478213e+00,-1.586756478938889892e+01,-6.366543741077936858e+00,-1.718653315686048799e+01,-8.500981118889875177e+00,-1.354680663873335966e+01,-5.992343583570765908e+00,-1.528133274779914963e+01,-8.505368922759267036e+00,-9.947887156412662080e+00,-6.534430463588314808e+00,-1.954304540084007158e+01
-2.530387408557745132e+01,-2.423993380164169409e+01,-6.495607691837818720e+00,3.109463620022249741e-01,-3.570462330515687732e+00,-5.122289732629909942e+00,-7.894981792965156231e+00,-1.002196915026367030e+01,-7.257583501054664765e+00,-3.237253986069076106e+00,-1.439718976467264877e+00,-4.191764038719317242e-01,8.071582232427096937e-01,-3.178415140613281675e+00,-1.935362905998570326e+01,-1.157405853745510527e+01,-1.726175384697456394e+01,-1.162488729018045674e+01,-2.189950749724601309e+01,-9.641213562106159429e+00,-5.644916835013605194e+00,-1.402657810730268650e+01,-3.210017263297528789e+00,-7.755734067683588862e+00,-4.535322211247564184e+00,-4.803007822682873851e+00,-6.676646938112787311e+00,-7.182588655034489733e+00,-9.599578138374921243e-01,-1.017102367138416952e+01,-1.824798931033065674e+00,-7.170215214530024639e+00,-6.270142881992233796e+00,-2.258068067394486178e+00,-1.740399128348353308e-01,-2.523543624855854706e+00,-1.038873970332490160e+01,-2.513310330454393338e+01,-3.084413892051180284e+01,-1.294435824422243542e+01,-1.207731793427868006e+01,-5.232345297233478298e+00,-8.979063578136175394e+00,-1.822936915058166907e+00,-1.000961706631841963e+01,-8.100180940988696676e+00,-3.901648458455611923e+00,-1.278156696531984871e+01,-7.112264343147321810e+00,-1.786552926936410657e+01,-1.650586345429451152e+00,4.182407693535676874e-01,-4.533619098748050469e+00,-1.143337275346344128e+01,-6.444111228500586819e+00,-7.996422319695433600e+00,-9.489934563659904398e+00,-2.647969239600630686e+00,-3.785452825412379241e+01,-4.220343237314230223e+00,-3.282690359840167105e+00,-3.719689051278816105e+00,-7.381952610302972673e+00,-1.046843880382467873e+01,-2.974790095560597258e+00,-4.956084235237829816e+00,-1.311401588336279112e+01,-7.671870559403536127e+00,-7.812158288078546065e+00,-3.110896996125887437e+00,-1.285424620522442396e+01,-3.506779722062835170e+00,-1.519209442830575973e+01,-1.791562706457867415e+00,-2.989249587359931848e+00,-1.051758858413632147e+01,-1.597347273576869675e+00,-4.453893923499734342e+00,-3.987001715559593151e+00,-6.803892638156233019e+00,-3.146663424140155740e+01,-5.740211924077460282e+00,-1.699108971040741523e+01,-2.920523160139458341e+00,-2.469050519903579932e+00,-1.948520279593319771e+01,4.017025532164522628e-01,-1.054519621116119588e+01,-1.161178989980804488e+01,-5.371669493143552465e+00,-9.080982183248213602e+00,-5.128955822061300296e+00,-7.499909165168224590e+00,-8.710789108992392116e+00,-2.243073771680847273e+01,-6.670116083971286081e+00,-3.983305044359386038e+00,-2.599174371614084578e+01,-7.620193685384454518e+00,1.598769911614754402e-01,-1.823554921604235801e+01,-3.181959913263946227e+00,-4.689331043985289327e+00,-8.263312905850199286e+00,-2.606191222248460093e+01,-3.372160193349853952e+00,-5.517662565936317876e+00,-4.907365932938366093e+00,-1.380390451353691006e+01,-1.413994290244159835e+01,-2.321225911355972116e+01,-1.336610040992617776e+01,-1.648595333892328085e+01,-4.443071927795086751e+00,-3.351577657565747881e+00,-8.432762664827954779e+00,-1.443332772398632358e+01,-4.104034570698696704e+00,-1.172454941769291281e+01,-3.174203117495873361e+00,-1.023610096136588155e+01,-1.335066866925271967e+01,-9.533930568401290273e+00,-1.115080365208757307e+01,-2.045503244542113919e+01
-1.831971144234704951e+01,-1.109683912704076292e+01,-7.171632726401282909e+00,-2.327181853860366800e+00,-4.163026587846402116e+00,-8.742482805279079727e+00,-1.278039947838388102e+01,-4.946516701426646456e-01,-6.258552234248346835e+00,-1.669491071141418459e+01,-8.959275817056912672e+00,-1.234126039587434942e+00,1.605719296351592273e+00,-1.596380858052654839e+00,-2.782857040698397455e+00,-1.440954725424374416e+01,-2.822505150809239804e+00,-9.353225547450682242e+00,-1.065266780570484251e+01,-2.168314811158455058e+01,-7.317249646396160045e+00,-1.321792039397943874e+01,-5.519720943438830574e+00,-4.677522273566302680e+00,-2.956801664564006948e+00,-4.310880081162647315e+00,-1.832724740275343578e+01,-1.087321446975920303e+01,5.397665308902002135e-01,-9.406703102027957897e+00,-1.676992752417426846e+00,-2.035240577086754765e+00,-1.076872028517462176e+01,-9.070502279615720198e+00,-1.016873182067442016e+01,-1.196731262656500760e+01,-1.083163711674230978e+00,-2.108312200628705924e+01,-3.385470492120270336e+01,-3.809272796234770109e+00,-6.734238734399725423e+00,-1.340777280018425444e+00,-1.781190507510663990e+00,-9.936948246274447172e+00,-2.952217636542505019e+01,-3.121277209107056194e+00,-8.872494718067468256e+00,-9.705189397182712341e+00,-1.210481160917020560e+01,-8.074650780484210699e+00,-1.417049967868223170e+01,-9.290593568610091779e+00,-9.506732370708961710e+00,-9.675506556081774789e+00,-4.939372991281937075e+00,-7.545417215027158342e+00,-9.996758245104475193e+00,-8.113370044883367882e+00,-1.435880451690127124e+01,-6.671681307325563637e+00,-5.101791460971860204e+00,-2.055524335774249423e+00,-1.217027558095546302e+00,-1.705771584734243262e+01,-4.859068691352915970e+00,-7.009234147201325094e+00,-9.690567636972085452e+00,-2.803890138957165323e+00,-1.775215284198871046e+01,-1.613332117844496238e+01,-5.622079011901950807e+00,-5.270235337238602824e+00,-8.381924671326141052e+00,-8.268654694940011041e+00,-1.082277318362748986e+01,-7.097787859774362218e+00,-9.630249602130827924e+00,-1.156477186407745883e+00,-7.235581673024816141e+00,-5.164893304787661066e+00,-1.644772092147020714e+01,-7.511564064123734674e+00,-1.516768388709060744e+01,-5.056697961590248980e+00,-4.424917207654594620e+00,-1.876032812351601464e+01,-2.505942137736962394e+00,-1.763625733832082876e+00,-4.269749551224721884e+00,-9.522913300857570817e+00,-1.226649577608967334e+01,-1.549897757209942606e+00,-4.810563793867840054e+00,-8.006754680557019554e+00,-5.296464917569259079e+00,-1.880548649760368107e+01,-8.743295232259875149e+00,-3.325798308715036455e+00,-4.349519853622966892e+00,-3.064507193199414559e+00,-9.377902236442910322e+00,-9.144314564621321750e+00,-3.731136105300667527e+00,-3.342900091967572429e+00,-1.002604920056814919e+01,-1.815617661760814983e+01,-1.970702784412664776e+00,-4.361770435768113074e+00,-6.080500795932880287e+00,-1.444620697273607313e+00,-3.061312301868714503e+00,-2.083895427890763763e+00,-1.222329985092270910e+01,-6.366758828113503910e+00,-5.708627544661436515e-01,-2.113502016555764307e+00,-1.203681678842414016e+01,-1.125051263273181590e+01,-2.615133249357415757e+00,-1.615491558478482403e+01,-4.789056819329198689e+00,-1.671087815595596027e+01,-1.551438641560313414e+01,-1.248740565227783428e+01,-1.228584771225495764e+01
-8.658534235394597545e+00,-1.028163563677246550e+01,-2.061314010322331747e+00,-9.149050701862194046e+00,-5.710103981571461595e+00,-2.268074536978956779e+00,-2.705880896661732038e+01,-3.859925351739603272e+00,-7.208132883374368305e+00,-4.842268086541918204e-01,-5.154972066784231366e+00,-6.843038696375051799e+00,3.562896282342977283e+00,-4.777663073066107935e-01,-1.183590937601967319e+01,-1.264216218542170544e+01,-9.474730598943727600e+00,-5.642110843525603769e+00,-2.421318382919586565e+00,-1.385229578730172406e+01,-3.115401361393277391e+00,-2.957555056027655560e+00,-1.469028323230489974e+01,2.066137391338317975e-01,-6.561152194819514172e+00,-2.504565133969412827e+00,-3.251556212665429602e+00,-1.165384571615729392e+01,-3.801859325025009895e+00,-1.891720586636199908e+00,-8.195463702172673948e+00,-1.123940836743796190e+00,-1.064738041546971559e+01,-2.787913993480690689e+00,-8.089900371943411272e+00,-2.101091076276271252e+01,-1.931290045561171809e+01,-3.488250642406893309e+00,-8.578044025575950471e+00,-1.841294283658388764e+00,-1.497741165579428468e+01,-1.467372540863158825e+01,-1.413789548532795592e+01,-1.884061942651926103e+01,-2.470363232587618540e+01,-3.817185962453085502e+00,-9.527657184428239390e+00,-6.935459675134366897e+00,-7.641074627533404495e+00,-1.042323675724686360e+01,-2.490669032001563199e+00,-1.154882051955393685e+01,-3.394127196224874243e+00,-1.237065759383184371e+01,-7.422257574717317397e+00,-9.606353437884427748e+00,-6.932195232545704577e+00,-4.144738776585175088e+00,-1.964277465272935430e+01,-4.465393494891737980e+00,-3.209955865851385148e+00,-3.793457360446587323e+00,-1.260967860127048201e+00,-1.067826357065446174e+01,-8.922613396932586483e+00,-1.320977394486541812e+01,-8.297573960800242787e+00,-1.194029862442915579e+01,-2.836101474231460884e+01,-1.043015016422785379e+01,-9.521977398583485908e+00,-3.980969316964053789e-02,-9.361420865460566176e+00,-3.860361972024950461e+00,-1.048036954257452580e+00,-1.026658024389672264e+01,-1.627227470040553214e+01,-1.211684511809606057e+01,-5.503080420255226812e+00,-6.003852366455176615e+00,-2.527107412658246233e+01,-2.603721346497967915e+01,-2.641919891266896414e+01,-1.870008433003125026e+00,-3.754684573821153393e+00,-1.115436196613861952e+01,-1.096282508318058113e+01,4.406339564365866934e+00,-1.049848622161134770e+01,-7.240310006664496534e+00,-6.554810305976364049e+00,-7.531442730607354363e+00,-9.816258927116949806e-01,-2.600185953973026987e+00,-7.254355104323225945e+00,-3.810966396024325853e+00,-9.939244494770065330e-01,-4.502446179775165369e+00,-6.270191384080627373e+00,-4.215620244872489764e+00,-2.176545934803385318e+00,-2.122301671432297532e+00,-5.977490898204003145e+00,-5.388981111639699506e+00,-1.687168129085078405e+01,-1.048851922365084910e+01,-9.651517106804753610e+00,-8.016071126975537808e+00,1.632402432227257005e+00,-7.053536668036228363e+00,-3.587790612536871482e+00,-9.950854942892902955e+00,-1.140120028276663078e+01,-1.519349541447352436e+01,-1.377177758249150585e+01,-9.093875349056427027e+00,-1.574711631458429650e+01,-1.365000390411572084e+01,-2.709585097436366663e+00,-3.079182949000419889e+00,-7.803996757871609624e+00,-1.183105370704268466e+01,-9.653691254996072502e+00,-2.231609805399429192e+01,-1.381552923274678157e+01
-7.761759836061480122e+00,-1.910629554284389542e+01,-1.944272175447682471e+01,-4.132171033422181949e+00,-1.366411550617537785e+01,-6.868956950412674622e-01,-5.074124210532154677e+00,-1.211348565721449688e+01,-2.597455587083902895e+00,-3.696426632640222643e+00,-6.344541715946260041e+00,-3.114822593535266471e+00,-2.962089985344428911e+00,-1.193691219009199500e+01,-5.944275996036260779e+00,-1.231546415061873567e+00,-6.012947679865265016e+00,1.429160532774586545e-01,-9.562760048159784532e+00,3.206589350972425256e-01,-1.240238549492353393e+01,-1.512977578155715541e+00,-2.011581031009704201e+00,-1.662079211758713537e+00,-9.634701845670555542e+00,-3.944754671349617325e+00,-5.171477301221147904e+00,-2.503521051836847811e+00,-2.088443600514400700e+01,-6.899816067472172243e+00,-7.725574207174659591e+00,-5.232602455995454704e+00,-7.898211718404548165e+00,-6.413371485546596418e+00,-5.690800130046667960e+00,-9.848300367973574776e-01,-3.706966820482779479e+00,-4.267732117875479680e+00,-4.175003351808062035e+00,-4.876132318796834397e+00,-4.780327378238823144e+00,-1.216697834872574191e+01,-1.702138981818589869e+01,-6.114677363992367276e+00,-1.093984570645607235e+01,-1.444579192020091885e+00,-1.863514006652597743e+01,-1.461469187402996184e+01,6.901733442732911339e-01,-6.372077302457300974e+00,-1.226649085479700574e+01,-1.282154011473350330e+01,-3.761657124973254995e-01,-2.505799899133931419e+00,-2.962445020649416172e+00,-1.968413383594947419e+01,-1.064174307436304545e+01,-2.393350667560526279e+00,-2.033613342776990152e+01,-1.100012200108485594e+01,-4.762020243012200282e+00,-8.382844257960988088e+00,-7.720628228981524899e+00,-8.642092180274397961e+00,-1.231279825503053438e+01,-1.023397343787150504e+01,-9.726933733492112211e+00,-2.246692389074191887e+00,-1.145762739513786155e+00,-1.492376612564672556e+01,7.242364203774594167e-02,-4.125002788093734551e+00,-4.688617939696446690e+00,-2.994212664293514514e+00,-1.790598660244807627e+00,-1.116913418667728974e+00,-1.621753164940808745e+01,-2.145923929829378096e+01,-1.027761871312778297e+01,-9.614547194421229293e+00,-1.192814690560527247e+01,-2.679300191751366356e+00,-1.345884219221123068e+01,-8.998936479253627496e-01,-1.279603029329899755e+01,-1.811028735704712034e+01,-4.216357974092993288e+00,-1.387977765470243208e+00,-2.964265737241868592e+00,-7.104867800955964263e+00,-2.202670878038024860e+00,3.706783682401446067e-01,-6.788891400432478740e+00,-1.633294824319982741e+00,-1.180938964287424042e+01,-4.089187858599477643e+00,-5.206178553863573200e+00,-2.396677984641602777e+01,-1.936067056422571397e+01,-6.129927079462303752e+00,-7.591085704526275180e+00,-7.021103846884124700e+00,-1.803913717569540154e+01,-9.455605159367637569e+00,-1.123495853962314150e+01,-3.383292430899326853e+00,-4.551324743873098377e+00,-7.305500815486612787e+00,2.724192729264955481e+00,-6.645164101959650793e+00,-8.541083540036391142e+00,-5.845617378891484250e+00,-7.947685675588946452e+00,-3.972490042344817951e+00,-4.390542521933801012e+00,-1.238859111263868584e+01,-1.739625669830469690e+01,-6.585876088119936966e+00,-1.783245711432486047e+01,-8.211898207344672684e+00,-1.032880471066441253e+01,-7.155729451112312844e+00,-1.418604334936159361e+01,-1.251430012861899499e+01,-1.301538198057258278e+01
-1.526160544889643234e+01,-2.000855676888970791e+01,-2.300243856185303670e+01,-5.262725545136184735e+00,-5.361625241464748726e+00,-6.224723301485006743e+00,-2.490193622715561439e+00,-1.759791815136025406e+01,-7.439831857102261026e+00,-9.924408952731409883e+00,-1.218483627976849837e+00,-1.016065875582385480e+00,-5.716425030319227218e+00,-5.788548514314088678e+00,-1.223007699624846900e+01,-6.636532335967806340e+00,-5.946414050413424413e+00,3.285336749090052244e+00,1.358458458881741437e+00,-1.008301220425150468e+00,-1.463162461378083812e+00,-7.556901727926157442e+00,-1.044356015680536487e+01,-7.646136835995312353e+00,-1.251128361341420714e+01,-4.651315984233520773e+00,-5.590693623615267782e+00,-4.737842271101787794e+00,-1.446241794660104318e+01,-1.665967327415861376e+01,-6.424926372830675803e+00,-8.578187359196061124e+00,-9.157221507314899256e+00,-8.151448227762834620e+00,-1.882385593416434233e+01,-2.239759795226553329e+00,-8.262944091983874806e-01,-7.559400945980782049e-01,-3.099754284830718021e+01,-7.615236383956323962e+00,-6.783870161119481601e+00,-1.670691703987474241e+01,-2.640252270386812938e+01,-4.792416573455195561e+00,-2.322283792228336807e+00,-1.204732982484413739e+01,-1.442345297611751676e+01,-1.492020519845338633e+01,-3.921468852184057385e-01,-2.743087154495023938e+01,-8.948607523564607646e+00,-6.726085381002796737e+00,-2.215786830988480283e+00,-3.463662116183194861e+00,-3.880501767770907495e+00,-9.270448059768559901e+00,-1.125604870749582043e+00,-5.673869355533359027e+00,-1.634340492384877308e+01,-7.180785901384063585e+00,-9.551484926032852485e+00,-1.069239856744746575e+01,-1.359461640265914362e+01,-8.790833653912823564e+00,-7.061397832119333806e+00,-1.998859181420956643e+00,-1.761774834977326520e+01,-1.151154774191336472e+01,-1.807873498037306570e+00,-1.745093915595879608e+01,-1.781208790026937994e+00,-4.911692763427228492e+00,-1.114772484749548959e-01,-4.840584790201649668e+00,-7.451472966315000335e+00,-1.669707874260753044e+01,-4.235616865806679954e+00,-1.495722551466468708e+01,-1.396279509484711312e+01,-4.367928370122039716e+00,-4.848917811675948819e+00,-1.582704004323544966e+00,-1.538885131678692275e+01,-1.107039357744890928e+01,-3.906777534317835254e+00,-1.787704406449568850e+01,-3.564714786376964817e+00,-1.511775001158497833e+00,-8.590873125903913277e+00,-1.119015274719134823e+01,-3.880818516004334473e+00,-7.442515682991579951e+00,-9.464070435858161545e+00,-6.854795219680709373e+00,-4.232014119033494559e+00,-5.849002667965579327e+00,-6.485255537361009459e+00,-2.858222414191559757e+00,-7.801253654572390950e+00,-5.378473681502108583e+00,-3.415325037079008919e+00,-1.597653366567779010e+01,-2.143686738812697357e+01,-9.685772397923466670e+00,-4.171092712238879230e+00,-9.754041411589456700e+00,-1.939169191430281458e+01,1.492180317346982754e+00,-1.346709289636045703e+01,-2.823264322257330594e+00,-2.427212581585583706e+01,-1.134848517524359579e+01,-5.003705949855302926e+00,-1.268405642294928271e+01,-6.864043752910910179e+00,-9.763779715901929279e+00,-1.859140915784002956e+01,-8.322414339939371075e+00,-1.484065409391210366e+01,-2.448151068865009439e+00,-1.076174339938857472e+01,-1.225897593214284598e+01,-3.344412597994924852e+00,-9.033408104223614288e+00,-1.459228853965160155e+01
-1.304195329252459779e+01,-1.124660915679764983e+01,-1.422881368510470246e+01,-4.802139297791035766e+00,-4.503936968411974107e+00,-7.757913440331126509e+00,-6.666798364498617957e+00,-8.117493058087291047e+00,-1.659013124809969320e-01,-7.297232174879201949e+00,-9.727138348492140096e+00,-1.788925110862339096e+01,-7.639997278407381742e+00,1.319184451221447674e+00,-4.997126778322707352e+00,-9.220318558554966515e+00,-1.945893942825691170e+01,1.026019704195304305e+00,-7.125454862281960011e+00,-2.974337357973114049e+00,-8.571940418915469095e-01,-8.881598122744787105e-01,-3.768060276004065123e+00,-1.494591008654579767e+01,-1.097811275175246593e+01,-1.024143510171494498e+01,-6.533760218297523181e+00,-3.323071360145787967e+00,-2.985643289178494530e+00,-7.746997567654274164e+00,-6.136535478524058895e+00,-9.666163188844299370e+00,-2.069012215360649609e+00,-8.405129230043387523e+00,-1.947412062493906859e+01,-1.421532494377976263e+01,-1.306856084601957457e+00,-2.352897183328796604e+00,-4.288243978662179323e+00,-5.606291175937316851e+00,-5.026854930225077567e+00,-2.086173805523892000e+01,-6.762226397450692872e+00,-1.151579146009556354e+01,-1.625674666992144068e+01,-7.973099259345949541e+00,-4.980315574969563563e+00,-1.975480137132023728e+01,-8.120521953067358467e+00,-8.702657062216024864e-01,-4.194817982010309976e+00,-3.613998422067954852e+00,-3.133154053427817498e+00,-6.238196788150057515e+00,-5.858595864833898048e+00,-7.303882145465882658e+00,-7.940371557410228931e+00,-4.670825375639517940e-01,-1.687371001320233788e+01,-3.405775506015564780e+00,-1.259725538052980554e+01,-3.077834969470721660e+00,-1.214123237931712751e+01,-6.950828580222838227e+00,-2.787488082047541837e+00,-6.598661971242436586e+00,-2.558634228882319661e+01,-1.048543182934269957e+01,-5.710397134530682095e+00,-1.443936348154733196e+01,-1.563472828563840622e+01,-1.911375237502380742e+01,-7.927712278954290426e+00,-1.294782112262645946e+01,-5.323861434861645314e+00,-2.591399207043798114e+01,-1.925031371486564069e+01,-5.134102293291835650e+00,-1.653712588346890300e+01,-9.278428577982861469e+00,-3.851753719345016425e+00,-2.125830783351234032e+01,-6.299515003431823246e+00,-6.487362189056947059e+00,-2.788223308447017157e+00,-2.137034217816509951e+01,-2.515543830957120086e+00,-2.543972764400248110e+00,-5.085678840781234777e-01,-2.184472648595995103e+00,-1.839218085487609677e+00,-6.601866602199285339e+00,-3.158308912924228107e+00,-1.620886597251104533e+01,-9.098121018984711483e+00,-1.154862475356012652e+01,-1.367020605316427861e+01,1.565912702506704890e-01,-4.866392581657274619e+00,-6.831995796409070287e+00,-1.382702218382164361e+01,-2.819756279062922033e+01,-3.158166896288111403e+01,-8.970572336352686804e+00,-1.164358084323098019e+01,-9.015274730629803557e+00,-1.813240974006329509e+01,2.688598228777876908e+00,-1.454327761625436111e+01,-2.626894589067071628e+00,-2.133744127759069542e+01,-1.174493681900603193e+01,-8.219085050335486642e+00,-1.601667562198581152e+01,-1.265494653066405562e+01,-7.388304039979304072e+00,-2.524803818109111120e+01,-2.188312317932131634e+01,-5.804024551285453803e+00,-3.153910027213095990e+00,-1.536037209408826953e+01,-6.186893894711112729e+00,-5.686273953445500240e+00,-1.829381040924784330e+01,-2.590611454679606140e+01
-1.487174607306389973e+01,-1.213539269543177568e+01,-1.064722272985657270e+01,4.073931939743016817e-01,-2.619057204702937369e+01,-2.695372165281523280e+01,-2.164265481923007162e+00,-8.577794612933065110e-01,-3.304210159400819080e+00,-9.267597536985178408e+00,-1.745668801715408591e+01,-4.324819534557947875e+00,8.993232092320549431e-02,-3.942661716798528282e+00,-1.711164341778432529e+01,1.413759717863181997e+00,-1.218927101064389618e+01,5.673162613717392944e-01,-6.120396808818538759e+00,-1.329422073454713527e+01,-9.430120012819742215e+00,-1.217579924151122128e+01,-7.756676718882901334e+00,-1.135392250754870780e+01,-2.045770925838564480e+01,-2.289127216532852671e+00,-1.327713121207900215e+01,-2.782294632326296480e+00,-7.924698331649599581e+00,-4.624667770523208432e+00,-3.228520188307184569e+00,-3.467689572992363356e+00,-5.842061349672190929e+00,-7.926946796675479412e+00,-5.558182561465518035e+00,-1.956963036518535759e+00,-1.229451708051044534e+00,2.232495631490628019e-01,-2.861128093795415772e+00,-3.553443771288662401e+00,-5.188179025244754605e+00,-1.219855775692293420e+01,-5.432659072255963117e+00,-1.382455884564818227e+01,-1.414881047444875506e+01,-4.618177600472058941e+00,2.047373913026785952e-01,-1.675441450770401985e+01,-2.887769351160045073e+00,-3.857952162787624317e+00,-4.614792712524256046e+00,-2.394526344326908252e+00,-4.372074306674364585e+00,-8.075414347356934641e+00,-5.350199095703782604e+00,-4.792029819023030157e+00,-7.553831257801252974e+00,-6.244067246851765063e+00,-1.790202970482494749e+01,-4.058864978820924563e+00,-1.539338114454367457e+01,1.663655023992271775e-01,-1.882887075929337684e+01,-5.568900757229043208e+00,-1.309092744546617126e+01,-6.045489833121636458e+00,-1.669084768912279060e+01,-5.308295687011455044e+00,-8.965864509889097889e+00,-2.607606717259284501e+00,-1.212416472330670736e+01,-1.283408476759824524e+01,-8.743204995271689484e+00,-1.564273541620612917e+01,-4.545764701957936360e+00,-3.881791762467242890e+00,-3.754521469572338344e+00,-4.411815640437099617e+00,-2.571532996413168792e+00,-4.183956893924591469e+00,-7.862748913024449671e+00,-1.517243569514435997e+01,-6.753176134165746802e+00,1.994558458496424602e-01,-1.094898140309361345e+01,-3.206746326463225660e+00,-1.790773676634517808e-01,-1.852292430364249842e+00,-4.135873832559001428e+00,-3.760656744089494463e+00,-8.641229664465937432e+00,-1.417287587636160140e+01,-1.216605597912821857e+01,-6.293237810038473157e+00,-1.880040540112695524e+01,-1.908779362067351570e+01,-1.337250999081704705e+01,-5.693305903353187425e+00,-1.021529318381082874e+01,-4.256601918022091979e+00,-1.432909243083682060e+00,-1.226567016081524919e+01,-1.589747798618455832e+01,-1.272864213654185050e+01,-1.193051652441316612e+01,-2.823553472875957482e+00,-7.523938367874370314e+00,-6.469507567455807795e+00,-1.830139849175954936e+01,-3.932232989484032881e+00,-2.624330393474306078e+01,-5.143834375858449270e+00,-8.779179639883169628e+00,-6.444010007819236385e+00,1.203282239032901435e+00,-1.516251981435726215e+01,-4.750518270982483138e+00,-7.397325727111111249e+00,-5.878335760123318821e+00,-9.613447460801811673e+00,-2.213291831755656247e+01,-2.181446130288710350e+01,-8.579749929700351885e+00,-1.045390514019121753e+01,-1.967218602599098887e+01
-8.942437788108696495e+00,-1.723341715289886622e+01,-2.300356867462300414e+01,-3.798156814154736605e+00,-1.161619125276863507e+01,-4.624637374188178995e+00,-8.776351510816762236e-01,5.234297118073522048e-02,-3.130842112263986010e+00,-2.130715450128280342e+00,-6.833121966656205970e+00,-5.700354942739318531e+00,-5.716959357070635628e-01,-1.465203907844204512e+00,-1.202637600129340711e+01,-5.360953391141775271e+00,-5.222900364929823347e-01,-4.622189731024185733e+00,-3.128811914782371417e+00,-5.100432578017588980e+00,-3.961326799974236312e+00,-1.722992068811529975e+01,-1.459057332842056631e+01,-2.969273873311907952e+00,-3.121257132413401969e+00,-1.534969353666968317e+01,-2.525734772234812908e+00,-1.323608904580561241e+00,-1.550470294557947781e+01,-1.362234934440975920e+01,-1.014439489393834393e+01,-8.536932840191365557e+00,-9.363369303505530539e+00,4.143519116990206919e-01,8.970195362154946561e-02,-3.383766817347156675e+00,-1.333306947377211493e+01,-2.541031707649815008e+00,-8.506697867232226429e+00,-3.392569555854898944e+00,-7.094004604372310396e+00,-1.097977196678454703e+01,-1.614077116885571783e+01,-1.626092112515372179e+01,-1.688783878397534721e+01,-1.215795603043013706e+01,-8.992402256352821865e+00,-9.247796247332580322e+00,-5.397434774236733901e+00,-2.692872912577477962e+00,-1.792401397236412919e+01,-2.160774169127777533e+00,-4.009221548424768855e+00,-1.237904346691760082e+01,-1.486898697274988912e+01,-2.098500971167259976e+00,-7.129134374145470687e+00,-1.909843832183696932e+01,-2.040602938105390152e+01,-1.806223784310902580e+00,-9.093316818489753928e+00,-4.276531294300301766e+00,-4.798386514240103651e+00,-6.305090698386339731e+00,-1.304189494568427676e+01,-1.223958072313635448e+01,-1.399583820465224093e+01,-1.339978308763468462e+01,-8.761681363164839809e+00,-1.075110862475465368e+01,-1.006124782275451768e+00,-8.921564424393217507e+00,-2.102262318417670972e+00,-2.470133219559614624e+00,-3.226584273815689130e+00,-1.121775450983081335e+01,-6.630508329520216293e+00,-1.750675385892162206e+00,-7.875840719790340394e+00,-1.516389192170625400e+01,-3.681678451776571048e+00,-5.889882998211273701e+00,-7.670940480647121973e+00,-3.384966659580511017e+00,2.459292777911157302e+00,-1.280852616568305358e+01,-2.780659922079432356e+00,-6.601860239348761539e+00,-1.395328229620107230e+01,-3.293969768871416903e+00,-3.527337330656261649e+00,-1.579609588624627747e+01,-4.266070347594103751e+00,-7.503283030400625719e+00,-1.313710043414151585e+01,-1.152604608582662138e+01,-2.096704655087206959e+01,-2.188488997276110481e+01,-4.439603210563155322e+00,-3.671549394842922975e+00,-8.915703287049449699e+00,-9.190722754455251220e+00,-2.923301092972919513e+00,-1.007082062189975424e+01,-6.146431696008122003e+00,-1.036590269223421501e+01,-5.491665766029663054e+00,-7.848083141935765283e+00,-2.963640297960550640e+01,-3.643053525139420934e+00,-1.675165343160813691e+01,-2.354726401904699173e+00,-7.866695941290650751e+00,-4.742520016480145095e+00,3.228061151049189115e-01,-1.585434533160902149e+01,-8.141874677413992956e+00,-2.160269601528644223e+00,-1.100742407535260980e+01,-3.278203616046268642e+00,-7.265438567579298734e+00,-9.726831102617293112e+00,-7.261512152697545019e+00,-1.097044422530823127e+01,-2.778309466309285014e+01
-9.138314024578013672e+00,-1.907286918211246984e+01,-8.648506312951013797e+00,-1.976358551994876933e+01,-6.403447489365468037e+00,-3.301161169381816585e+00,-2.164610342939393917e+00,-1.848838434099289074e+01,5.778898176290511030e-02,-2.923725418976321766e+00,-2.459448852417222042e+01,-1.867207935446540290e+00,-1.803846031791167759e+00,-3.118240722603432324e+00,-7.677484855068366087e+00,-1.124647854135151270e+01,-1.496724728117302838e+01,-6.071989503710780722e-01,-8.346829899773334560e+00,-1.262995720027983637e+01,-1.430022745559498887e+01,-1.726102033278201731e+01,-7.314935706090550660e+00,-8.497598795258854310e+00,4.545171665790769810e-01,-7.566984225365239070e+00,-1.309687052902056337e+00,-4.160561313363693614e+00,-1.694302619400298582e+01,-2.305342297800319429e+01,-1.494881475091036549e+01,-2.580330988886196053e+00,1.277329075384066481e+00,-2.500775724283279544e+00,-2.127277822985285116e+00,-5.252573439577819414e+00,-4.406444293178136462e+00,-4.066336749180466725e+00,-3.348011728153995392e+00,-6.114319124007337791e+00,-1.096259834665226762e+01,-1.077993017194330783e+01,-3.973399619726979637e+00,-1.154205894889637563e+01,-2.343803305415459803e+01,-3.948838102451010634e+00,-1.545953715100540471e+01,-7.815850700325757572e+00,-1.029547590926317646e+01,-1.940506124619490347e+00,-1.316407593972456702e+01,-1.839336524493338132e+01,-3.351068887451217115e+00,-1.507376649485308917e+01,-1.454385657695849865e+01,-5.784945076787082030e+00,-9.936749007856279903e+00,-1.082533421234157522e+01,-2.124630686275589397e+01,-3.253980400388462257e+00,-8.920489275405683038e-01,-6.828352921196070291e+00,2.633914251381724192e+00,-9.576981112069569591e+00,-8.288118881691682205e+00,-1.479351963797177305e+01,-1.441009593822833423e+01,-4.507776545374379218e+00,-1.685435355613375918e+01,-7.770550436273300221e+00,-1.217553794624720709e+01,-2.491634729786760705e+00,-8.144644145982661954e+00,-1.719728027943642346e+01,-5.812871033864118964e+00,-1.206101913655407820e+01,-2.886043647660426537e+00,-7.204346068477374132e+00,-6.644720990828353102e+00,-8.206410125641909303e+00,-2.008595040561901968e+00,-1.271846448268837193e+01,-3.029081694588374063e+00,-5.066578189169380408e+00,-7.271549392997122219e+00,-1.684189619150244255e+01,-4.358532783975838321e+00,-9.793087935158478530e+00,-5.314423516620974119e+00,-3.328903712095223622e+00,-4.237810599390543054e+00,-1.189897697833419521e+01,-1.132181266445399892e+01,-2.471130791082266143e+01,-1.857706301710469798e+00,-1.407476168241032966e+01,-3.050425287194235224e+00,-5.091726571904702681e+00,-1.615389566684922684e+01,-7.903989696796055675e+00,-7.153241337103288799e+00,-1.496755688723438027e+01,-1.103406100431899795e+01,-4.965683901181263238e+00,-1.055398664713990797e+01,-1.786168973162413209e+01,-8.403442381823220231e+00,-2.581772605092667483e+00,-1.106077524749330010e+01,-4.011456000359752139e+00,-1.310605173541376089e+01,-4.478007933557121234e+00,-1.200408082130728360e+01,-1.099759854070412857e+01,-3.877387660969758176e+00,-4.841577505916116131e+00,-3.918011455977646218e+00,-6.917796921996154147e+00,-5.629482223542611408e+00,-2.028001060290041568e+00,-6.220372724430656142e+00,-9.078665899439728904e+00,-6.141847852704016120e+00,-1.419016308945687577e+01,-2.135083053526295771e+01
-1.050580195003004924e+01,-9.778102716777892667e+00,-8.088763771128174795e+00,-1.337332556207092615e+01,-1.533545994975829529e+01,-9.730028785048842721e+00,-2.443314447362644160e+01,-4.228439936265787402e+00,-4.602061888996910710e+00,9.517321678872661117e-01,-4.143017404760817257e+00,-6.997421110698846647e+00,-7.622947919969993436e+00,-9.403945411375524088e+00,-8.466570209762751986e+00,-3.955342675496172689e+00,-5.676324180871041847e+00,-3.767909324553852635e+00,-6.057045352889984358e+00,-3.515739953862770051e+00,-1.412709530504659838e+01,-2.093321324903182123e+00,-4.783055525064156654e+00,-8.224139970877336836e+00,-3.111537965540570605e-01,-4.689317788647083596e+00,-4.901779709911684435e+00,-1.124874839577876884e+01,-7.356742467369303817e+00,-1.382479717490236304e+01,-1.723742613430236048e+01,-1.369791211791283914e+01,-1.214775822445415976e+01,-4.072792404956726564e+00,-1.352010539477088891e+01,-3.776152690851188876e+00,-2.893634847512956298e+00,-1.196095328735745866e+01,-1.653675769095431569e+00,-8.183138508562851854e+00,-1.285248331207686689e+01,-1.085876313576341090e+01,-1.753668949989957326e+01,-1.265345152400777984e+01,-1.930587374930582101e+01,-4.979345082765009423e+00,-1.779840116695426389e+01,-3.703296929463845810e+00,-6.347586056037232360e+00,1.056573818397917419e+00,-4.226689038698199674e+00,-2.416236958356114073e+00,-8.135086773450510123e+00,-1.253998643033452964e+01,-9.134261133413652090e+00,-2.966441751168956920e+00,-2.945806923035046321e+00,-1.732204739900794976e+01,-5.937792081475762096e+00,-7.871548672126094104e+00,-1.504215655507839422e+01,-1.494046755180652442e+00,-2.116935110615768778e+01,-4.228925804903210128e+00,-2.234894744191289195e-01,-2.701781414628440459e+00,-1.546476694941884666e+01,-6.681280801319724461e+00,-1.789510780658877254e+00,-3.254371175245940773e+00,-1.037641055158570680e+01,-2.670590887811560066e+00,-1.815900130408868662e+01,-1.602366516233474414e+01,-4.840765204095368368e+00,-4.014340082362692463e+00,-4.622646373091315652e+00,-1.442068180580745818e+01,-2.188055018587698441e+01,-2.922426947202939829e+00,-1.394485101646064962e+01,-1.422527450805392846e+01,-6.537354125116712211e+00,-9.584373788295764029e+00,-1.458494621667463953e+01,-2.452813844617459438e+01,-5.613240720091451585e+00,-2.171385415671955865e+00,-9.272644566262867372e+00,-7.697959147647357447e+00,-1.190736135454536537e+01,-2.086016585390033384e+01,-1.666590750046034586e+01,-2.951206674755191628e+01,-4.154861820719507826e+00,-2.132853616384742423e+01,4.620578366259398551e-01,-7.494863079725966770e+00,-5.306010583089651789e+00,-9.062816840197754686e+00,-1.335604864336709774e+01,-1.443854299393525054e+01,-4.706766776597821611e+00,-2.978163434633640083e+00,-6.370752691517261646e+00,-1.871824425873725062e+01,-1.894585701553378687e+00,-1.984145644604647041e+00,-4.620687356737596119e+00,-2.323948506571367201e+00,-1.368469288673144746e+01,-1.043583672589526934e+01,-6.014601713032083907e+00,-2.844855575877633935e+00,-6.707404835252367414e-01,-5.430559234559058090e+00,-8.148456485828663887e+00,-1.277620554142193754e+01,-1.034579986220472314e+01,-1.069304649960264442e+01,-1.170218905133017451e+01,-1.333395467492120900e+01,-7.389719099401554914e+00,-9.172139984894563725e+00,-1.973273620417538154e+01
-1.284055426538529687e+01,-3.012982908538962690e+01,-1.003981734730540687e+01,-1.611852370916427546e+01,-1.458676188796055939e+01,-2.412187786896952346e+00,-5.661571189552184080e+00,-8.706333126055481486e+00,-2.967353654228334747e+01,-7.177920693086353943e+00,-1.339898579729718620e+01,-1.899070504985716923e+01,-1.026061259307248719e+01,-1.278670375025007022e+00,-4.670272723631294198e+00,-2.178483951970963872e+01,-1.052779027612163532e+01,-1.622093819307173845e+01,-7.203060956644627311e+00,-1.081052608205648191e+01,-2.004159357997203372e+01,-7.699936114265257814e+00,-3.081279577935920957e-02,-8.399032457290644516e+00,-9.399084473019456709e-01,-3.016031534774444856e-01,5.523249230612591043e-02,-2.210765522475397482e+00,-3.145654976455584340e+00,-1.065395012228495375e+01,-3.447367126207963040e+00,-5.415262520111187250e+00,-4.387409279984521016e-01,-1.664547011386532827e+00,-8.117248509096732789e+00,-1.381006149745745759e+01,-4.468957536551458887e+00,-9.598311320528297941e+00,-1.404084782298305178e+01,-5.906618855571639237e+00,-2.681770980518225489e+00,-1.537131547892274686e+00,-1.248574421447037786e+01,-5.136051036748867205e+00,-4.980178465416559952e+00,-3.952395863473697979e+00,-1.252993912780063823e+01,-2.620633073412932834e+00,-1.019377174443334511e+01,-6.281662719019458496e-01,-2.461755902658829243e+01,-1.502452491796148770e+01,-2.680446366855294116e+01,-5.894553140104163980e+00,-8.190353039145751524e+00,-7.129779950160887836e+00,-1.564604715955356662e+00,-1.080038267767226223e+01,-5.817038689114353289e+00,-4.935627954361791581e+00,-1.368008654034316862e+01,-8.328619144368953897e-02,-1.342622363863034529e+01,-6.540551060264714778e+00,-4.701314359536675092e+00,-6.894368610307809675e+00,-1.338998354089642362e+01,-2.056599016893495957e+01,-1.324086771545843177e+01,-1.586456329299089063e+01,-7.003385399904273889e+00,-6.906617378001575602e+00,-6.921040755602657413e+00,-1.799414389308295981e+01,-8.312058153843622677e+00,-1.807268840501989882e+00,-1.035033463223153483e+01,-2.400747810733431464e+00,-6.686437670300940717e+00,1.121359947880593788e+00,-4.704821995887671804e+00,-1.007608034676882314e+00,-4.974349150824739496e+00,-8.334920778630731775e+00,-5.695012002517543692e+00,-1.814541173927412743e+01,-5.051227110580853719e+00,-6.191335417883990999e+00,-3.873511365685116115e+00,-1.146847474870087780e+01,-1.765991948242268350e+00,-8.446888846815074459e+00,-4.865235619872462003e+00,-1.439792381398436838e+01,-4.908768929041547935e+00,-4.727090928737311515e+00,-6.160666288134390101e+00,-6.721726112292570221e+00,-2.229073411226261126e-01,-4.364948433315348986e+00,-3.879745967267467677e+01,-2.502300281008777461e+01,-1.274783604848771112e+01,-1.234956717270346438e+01,-1.979089012360927313e+01,-5.064709747657412997e+00,-6.105106746704665355e+00,-1.232217217605854565e+01,-5.547611880593845690e+00,-6.295650878603757938e+00,-4.219939385599815296e+00,-1.751468386998393800e+00,-6.673740125853335314e+00,-9.921011238613722583e+00,-1.347955894716172054e+00,-5.052179581537158626e+00,-1.557945769790591628e+00,-2.429987129129519730e+01,-4.754310112056149507e+00,-2.662749820760454966e+00,-3.310168021253068815e+01,-1.646585847810610304e+01,-6.171482827074167510e+00,-8.074567415164228379e+00,-3.140097731092378908e+01
-1.916902161847244557e+01,-1.308262300242536824e+01,-9.809866214226655501e+00,-3.369314539976081768e+00,-5.727394504568888323e+00,-3.738006122819840016e+00,-1.098926839216930063e+01,-1.152475228181271305e+01,-5.157584502917709202e+00,-3.986839246687838401e+00,-6.159983707125892494e+00,-6.765495562854707545e-01,-1.883921314864278163e+00,-1.546357640902714259e+01,5.335585798523172218e-02,-1.377069137299887203e+01,-9.659191694342732504e+00,-2.809062423598428282e+00,-1.089194567437895778e+01,-5.015290295364995821e+00,-2.087229523761043026e+01,-2.658440622672740261e+01,-1.015132302984904022e+01,-9.088085692131830484e+00,-8.003299613893524622e+00,-5.330614508524970319e+00,-6.732533666646671744e-01,-1.070532205462851039e+01,-8.198088233062561514e-01,-4.605629185507630119e+00,-1.535987965179410786e+01,-6.077741530042779061e+00,-7.094849058987755086e+00,-1.470911543847550007e+01,-2.413671768887290625e+00,-2.812855544883849923e+00,-1.390402249542006352e+01,-3.154767285977193580e+00,-2.742615821569984735e+00,-6.238704571116771014e+00,-3.800912152961748447e+00,-7.298502205023611467e+00,-1.121170715969751264e+01,-1.142573655683299272e+01,-7.016847656208916817e+00,-3.223143666458264001e+00,-4.148913455379341642e+00,-1.017266252228341994e+00,-8.687343581913932411e+00,-1.328340021098794566e+00,-2.399322753855081203e+01,-4.104157219064206608e+00,-3.751500307799482847e+00,-1.657326412892647927e+00,-5.766466249537829825e+00,-1.164586520589536001e+01,-1.129632338028841687e+01,-1.279378001099551554e+01,-1.435271405468767014e+01,-2.694557901729304916e+01,-1.246192178858599497e+01,-7.316212684676425937e+00,-7.412358820826629113e+00,-4.687364092095823942e+00,-1.979155385373028508e+01,-1.081907103172406615e+01,-9.496063969146554484e+00,-1.088730457366345483e+01,-2.817528888636113393e+00,-1.531840743201936306e+01,-1.888679642676067516e+01,-1.093263226199877813e+01,-1.127834778119370185e+01,-1.290211284779210033e+01,-1.029666892926804778e+01,-5.790300586443946962e+00,-4.810026852639463613e+00,-3.597748219370568101e+00,-6.650442615335645513e+00,-1.669135102653045877e+01,-6.335054383172390224e+00,-1.418441402022018405e+00,-1.055671114530395727e+01,-1.357559622611842709e+00,-6.965317874937168696e+00,-1.235972914545987855e+01,-1.122208358272993856e+01,-5.413084024323122634e+00,-1.889179667803537299e+00,-6.095378241403267339e+00,-8.905778969848070048e+00,-1.448270832956179088e+00,-4.034361531173921378e+00,-2.114649027046001883e+00,-7.729989839955213604e+00,-6.582203610079182532e+00,-7.454250476313752038e+00,-8.782431343260340029e+00,-1.167094922571630278e+01,-2.189006101727396736e+00,-2.474468188583695660e+00,-1.570201062738352960e+01,-1.110580545043807277e+01,-4.904294005981256532e+00,-9.736389888775955015e+00,-6.456280602509769651e+00,-1.491638461180203379e+01,-2.395575310826422388e+00,-1.844127304554361357e+00,-7.989074773627747206e+00,-1.900683949964028585e+01,-8.014285993732235269e+00,-6.739881568845348170e+00,-9.408442983696671646e+00,-3.778554156211980875e+00,-3.758288112022678096e+00,-4.578581299946822725e+00,-1.079741970988958677e+01,-5.134174640575052351e+00,-5.533902511759599463e+00,-2.556996266559112030e+01,-2.697027178922235180e+01,-1.173545676160504492e+01,-1.024775508135458324e+01,-2.697965143363151697e+01
-1.611115268999847672e+01,-1.054338507641590539e+01,-9.254665966049902437e+00,-5.842955830305474052e+00,-7.891699875267881303e+00,-1.525256668442816022e+01,-6.594813276998471530e+00,-1.686591737958879955e+00,-1.028898822330025986e+01,5.125294696897019220e-01,-1.273506988780473392e+01,1.087220587085939938e+00,-1.264445420473531456e+01,-5.544122213817248124e+00,-4.789765544280381038e-01,-2.564278093033662831e+00,-4.424981839631662695e+00,-1.044645322205025195e+01,-1.755895839441533468e+01,-1.372404316524016465e+01,-1.080149551237271410e+01,-1.809596010965638513e+01,-1.718649763454227752e+01,-1.112901106276966878e+01,-6.540917483629101525e+00,-6.279408154419519938e+00,-8.779645916547337947e+00,-3.900524716841750283e+00,-8.315703960980844300e+00,-9.643651585513854485e+00,-1.380959314604336186e+01,-1.060688034463452567e+01,-8.995540588466619525e+00,-1.320956654301414623e+01,-2.534137613517707166e+00,-2.767210390496894323e+00,-8.455872180475282107e+00,-1.416937098427220754e+01,-1.722762684567041447e+01,-7.978169515020978153e+00,-2.483454385948617116e+01,-1.159689770033954836e+01,-3.700051049882218557e+00,-1.161408713971624351e+01,-1.955425467786259830e+01,-3.671501967254552135e+00,-7.495597748315402598e+00,-6.660932525794674319e+00,-9.692927474790776543e+00,-1.385585602913521619e+01,-7.812968541836556646e+00,-4.467486540978162779e+00,-2.389755782785224625e+01,-5.621590714861603111e+00,-1.728476093677172587e+00,-1.845564882767847337e+01,-9.547604075047573247e+00,-4.214147474352197165e+00,-2.279637343884072820e+01,-3.319905034655135978e+00,-6.403482152032787589e+00,-3.610985255108612790e+00,-5.293534430924442091e+00,-6.030669115589077478e+00,-4.209533224841043975e+00,-9.615248478334765814e-01,-8.290685912482542719e+00,-1.073306732882602432e+01,-1.363533151814666056e+01,-1.027866940064631196e+00,-7.374245144797421325e+00,-1.757888595751525784e+01,-1.180945495566941439e+01,-5.365352480527427304e+00,4.670358697495085032e-01,-5.848371780457508606e+00,-1.277143479840355056e+01,-3.918229937400466767e+00,-2.175831532491566911e+00,-1.652346432725672543e+01,-9.728737972744287532e+00,-2.560800154186661182e+00,-1.666857326915976145e+01,-1.540706098599452289e+00,-5.035094419955180811e+00,-4.018939698106180458e+00,-3.805440108275226496e+00,-2.008631686876895195e+00,-7.385399771204392394e+00,-4.174812364293348566e+00,-3.673730821736955310e+00,-2.930784994538213795e+01,-2.579587357337117304e+00,-4.432019549827547422e+00,-1.604440180188446163e+01,-9.221547101849305150e+00,-6.783925218812040470e+00,-1.032301560269266005e+01,-6.622692449621245814e+00,-3.848608010374463095e+00,-9.754772352820339165e+00,-1.142595098664582087e+00,-8.226618704691242012e-01,-5.097046217266843371e+00,-4.969650517803875900e+00,-5.117470721044368176e-01,-5.519210612742342370e+00,-1.159189044098879862e+01,-1.491269170085036500e+01,-1.832246058462408911e+01,-6.323109534305993762e+00,1.284495130651779116e+00,-6.214104782606088229e+00,-2.018952887297767340e+00,-9.902346545812838130e+00,-4.382201893814414717e+00,-2.158301353404239009e+00,-7.677914857719079222e+00,-1.271648341810673699e+01,-1.216847682698178090e+01,-6.983270937689068703e+00,-2.099459011037625089e+01,-1.120589496090382831e+01,-1.310887630995793529e+01,-2.083364786334646368e+01
-2.044298007449032184e+01,-1.009684736091554669e+01,-8.750359138134914616e+00,-1.139265814128281384e+01,-1.231833956614836190e+01,-1.852763905214355589e+01,-4.360122182776256849e+00,-8.552417604528933737e+00,-1.495515219952085140e+00,-1.678386634996932525e+00,-6.321743631167775490e+00,-2.236670578038482571e+00,-3.015529946434910613e+01,1.459016985771400599e+00,-5.741714958326268187e-02,-7.472556815269730812e+00,-8.211232453198304526e+00,-8.487917785412154359e+00,-6.606097130902798042e+00,-5.530062409727251271e+00,-7.417534596324162344e+00,-2.646789475684631299e+01,-5.086167712866480173e+00,-6.549815251568191776e+00,-2.978587354523181574e+00,-1.291398975651866898e+00,-1.303889040093793028e+01,-1.632747569495340834e+00,-1.237568835832575820e+00,-1.792566235313002743e+00,-4.124664113485336792e+00,-5.902517258338495054e+00,-8.540369006976820998e+00,-2.798070168199671581e+00,-3.022539091908745590e+00,-1.189698643472258865e+01,-6.152314501381345835e+00,-1.566840955866778629e+01,-1.169486896037453150e+01,-7.763602341965023523e-01,-5.908710101041904750e+00,-7.687912225127777610e+00,-7.582116352237397550e+00,-3.231318971139262253e+00,-6.718775783397489931e+00,-2.285843271816114353e+01,-2.059594891859201748e+00,-4.814702212595032726e+00,-6.114931524468656399e+00,-9.788473332024397067e+00,-4.267063722632153500e+00,-2.230924545495244882e+00,-1.807226789247409471e+01,-8.097894238687951329e+00,-2.010486168794687778e+00,-1.631782828301162169e+01,-7.405311841829909092e+00,-2.043652648265124494e+00,-1.547113792423811418e+01,-5.987690660699820810e+00,-1.950646084578837369e+00,-1.265196450111711002e+01,-6.708631648879057607e+00,-5.766650815005471387e+00,-7.537495328447199938e+00,-5.742096907511651693e+00,-8.954383879502044508e+00,-3.160266284574645645e+00,-2.340067663639060935e+00,-5.966321734809776345e+00,-4.099932830602679434e-01,-5.696174236026960713e+00,-7.888934734362260670e+00,-6.158644276938844975e+00,-2.048747196136055035e-02,-5.042727174130354761e+00,-3.588704285426720375e+00,-5.242483326453006853e+00,-2.382678370615661478e+01,-6.691865929202562846e+00,-1.680995624230880026e+01,-4.302254998021330934e+00,-1.741427780455573782e+01,1.741877743582409266e-01,-3.181502464975226374e+00,-1.741565415037777242e+01,-3.854801411134308964e+00,-9.850825016678227408e-01,-9.496774633193345139e+00,-5.847109713547560261e+00,-8.672849408495473256e+00,-4.836296063130751222e+00,-7.927945734932427158e+00,-3.732160502621133524e+00,-6.703811104987181579e+00,-5.934672219870859022e-01,-3.352552211694407980e+00,-7.871863406143505770e+00,-6.517998763142974994e+00,-3.569443411985084857e+00,-1.443533210842811165e+01,-7.543012867841479618e+00,-5.500351417448696267e+00,-6.145272364080948790e+00,-6.566490405598377933e+00,-1.755767770018541540e+01,-5.085817836621171040e+00,-5.184280118757714106e+00,-3.166821099446830345e+01,-9.911603886999422741e-01,6.003427894605806170e-01,-7.772174804052948360e+00,-6.579056253907015872e+00,-1.110808330583593850e+00,-9.798098993190766492e+00,-1.529128455620198324e+01,-4.287212308634373414e+00,-5.990549488165673786e+00,-5.388673116459119505e+00,-7.211041830357880045e+00,-1.511821795870605875e-02,-6.455160202894854926e+00,-6.686226172444269977e+00,-8.678189966551988377e+00,-1.654342670868094700e+01
-2.779581556229886274e+01,-1.252156961631909660e+01,-1.247664747212876790e+01,-7.639162185817709450e+00,-1.280231446299577591e+01,-7.953396819176434818e+00,-1.629819770120133882e+01,-8.105077323188286442e+00,-2.828439136922338726e+00,-2.664662097823775166e+00,-6.300853807661706441e+00,-6.450949214409341437e+00,-1.332675143069971924e+01,-2.040256926438903662e+00,-4.824034177591575379e+00,-1.438662659986324321e+01,-5.407942417645949185e+00,-1.998521116151807320e+01,-4.770441328401886949e+00,4.871093712129014874e-01,-2.938585293497362194e+00,-2.144941284210924781e+00,-8.657670698656115826e-01,-8.437728564917318153e+00,-5.255726431456073655e+00,-6.728477523882921751e+00,-3.126702508288494275e+00,-8.128295275271412379e+00,-4.424049944131114742e+00,-9.996850673023299549e+00,-3.924040486129864114e+00,-8.365147078421669491e+00,-1.613921179639313408e+01,-3.720574098004416186e+00,-3.351543852981873961e+00,-5.065562109591754236e+00,-9.428033495501860983e+00,-2.269744618777732370e+01,-8.274685289460322224e+00,-2.945892515009705726e+00,-3.438197026082356889e+00,-8.439666685603214313e-01,-2.995632655119992993e+00,-1.418625852345358851e+01,-2.930797806447697162e+00,-6.990280899823490657e+00,-6.107397304336529942e+00,-3.897768639618944597e+00,-4.543146100809333454e+00,-2.542686150065963879e+00,-2.336530206437701818e+00,-2.718562992826783375e+00,-2.047184113961655427e+01,-1.653756741955146126e+01,-2.301933376581538848e+00,-3.143709678688774711e-01,-8.100419323361135682e+00,-1.085920731201607659e+01,-1.652484102134226873e+01,-3.648862150115779635e+00,-6.081424661323337588e+00,-3.463601452282025406e+01,-1.235284409519061555e+01,-6.864740475812087794e+00,-7.112416763581448365e+00,-1.219970998259597827e+01,-3.116950894274459927e+00,-4.847077711307502312e+00,-4.801580830718096493e+00,-1.602531420610412738e+01,-8.685567328543621457e+00,-7.939404429423997378e+00,-6.374264712632882635e+00,-5.126433913024596833e+00,-4.708120334038215837e+00,-1.700458687913045885e+00,-4.309605947873532905e+00,-1.503605474535194997e+00,-1.941744829062730826e+00,-2.010261685851252977e+00,-1.254616382761496451e+00,-6.682795676795535655e+00,-2.070871145416212400e+01,-3.438315100018199288e+00,-9.263959482126040257e+00,-3.998043662607923210e+00,-7.394178944715265267e+00,-2.384501140622474935e+01,-1.046221120110549130e+01,-2.944910523786364198e+00,-7.424864197902582674e+00,-2.364578389234061717e+01,-1.375539846022789803e+01,-1.747054234889885294e+01,-3.861492513117942060e+00,-9.754808339641678927e+00,-4.990271126103817401e-01,-8.007251400509298733e+00,-5.791180036639792306e+00,-1.421971006889701883e+01,-1.928191817881159606e-02,-2.259794207467890459e+01,1.165422538876099479e+00,-3.303224148322259524e+00,-1.429372338446432700e+01,-9.221495493709291225e+00,-6.598239026236221605e+00,-1.008617960456685658e+01,-2.931732839865869167e+01,-3.055585158298934179e+00,-1.531362548614417740e+01,-8.249946924438683382e+00,-1.185868229077667024e+01,-3.819292066224178939e+00,-2.745602757585417919e+01,-4.375086802500756988e+00,-1.649597627084539297e+01,-1.087529984036964326e+00,-6.553763840804876395e+00,-1.235216126713665474e+01,-2.010311133425160435e+01,-5.543522115582351972e+00,-3.754574640846119138e+00,-1.738778695675712171e+01,-2.778711177624859374e+01
-2.383227310996502624e+01,-2.779407018523664874e+01,-3.952208989839296027e+00,-2.543689022930149868e+00,-4.028394186339713912e+00,-2.677674490188484135e+00,-1.472570989921441154e+01,-1.508294877334608763e+00,-1.519828879934994781e+01,-1.620253065328843789e+01,-6.216747772358655943e+00,-1.001863235219252024e+00,-9.266286966183172602e-01,-9.829967787214449970e+00,-1.266170513094062322e+01,-2.796248177277814939e+00,-1.160847868183619980e+01,-1.379659897596728912e+00,-1.651114842323658038e+01,-7.765034013012513725e+00,-6.973949039307964171e+00,-4.299698515854801784e+00,-3.715062425256646428e+00,-3.641581457528409338e+00,-4.649436095610756325e+00,-6.925115345694587532e+00,-3.120617456650041532e+00,-8.129359748873643099e+00,-2.823506385841975685e+01,-5.568492005762506025e+00,-1.905945636010106625e+01,-6.339191010358230294e+00,-3.013505396551762061e+01,-5.226861450786122631e+00,-4.724386487679942626e+00,-9.532600335579616058e+00,-3.593853636082444680e+00,-8.570333600273489338e+00,-2.711042019396821434e+00,-8.766707943872329878e+00,-1.079818508316881775e+01,-3.612050820078994695e-01,-1.131173740404812733e+01,-7.849623886512349991e+00,-7.040335032603445953e+00,-5.677369352173851524e+00,-1.372187569892079129e+00,-9.377594020858673218e+00,-2.522133008963778344e+00,-9.996743659163483287e+00,1.257682178695758435e-01,-1.897396928049576559e+01,-1.724941588789463509e+01,-1.958439382951087282e+01,1.319288003895411121e+00,-5.218751704031902250e+00,-5.534109126876865403e+00,-7.264250067107807851e+00,-6.543884975210792376e+00,-4.135128332802477047e+00,-9.744303968990493559e+00,-7.758044336048611100e+00,-1.133163933682538982e+01,-1.486745498203394078e+01,-9.124934392284888673e+00,-3.932409972884867155e+00,-5.481650571718440723e+00,-1.359516861682059918e+01,-1.242268052810530499e+01,-2.153106066974824273e+01,-8.550492272861463405e+00,-2.549950295578320691e+01,-6.828169645907642860e+00,-5.054047693444960743e+00,-9.222665643367089494e-01,-3.986133418758985414e+00,-2.722432237836209357e+00,-3.304618536503623361e+00,-1.457225073047573316e+00,-4.475031283706539575e+00,-2.552944616159882774e+00,-9.490225909635698898e+00,-2.134143624175273857e+01,-3.587648885311047309e+00,-4.088396995601439876e+00,-1.979225196874478065e+00,-4.652728165312534969e+00,-1.530318241157710446e+01,-1.581053679559585312e+01,9.235771323767800745e-01,-1.651596510193560619e+01,-3.894692117052612979e+00,-5.641455675221647148e+00,-7.503411465891218768e+00,-1.039465251903969900e+01,-5.312276341146358050e+00,-1.161772265618030175e+01,-1.303940935578516402e+01,-1.325296655096375620e+00,-1.265403602247054948e+01,-9.926850268925345722e-01,-2.992318272296354387e+00,-4.083393532927405367e+00,-2.015678750786564422e+01,-6.853380163759947408e+00,-5.507241842186163083e+00,-1.813916741912092689e+01,-9.864833267690990226e+00,-4.823065037360892759e+00,-6.392725681435481810e+00,-1.559880713280510811e+01,-1.285115981636056404e+01,-6.240013505654586012e+00,-1.738492416360035620e+01,-4.247138469157002660e+00,-1.749771701428742432e+01,-1.891917780577801267e+01,-1.929429957396825435e+00,-5.304992647397913430e+00,-1.129739149066342208e+01,-3.908777338119398426e+00,-1.340880520647560026e+01,-3.345927680874136279e+00,-9.272536928163258807e+00,-1.913238821507716381e+01
-1.845873008381652625e+01,-2.413059376328640226e+01,-5.548024509929344816e+00,-3.950349598426774023e+00,-9.865914331085379185e-01,-6.963626020596470623e-01,-1.115356423777605599e+01,-6.393732239600304901e+00,1.731756440716707646e+00,-1.054322521616532349e+01,-6.172039373003263663e+00,-2.981583583076763855e+00,-4.116476124778266410e+00,-3.338769281128435296e+00,-5.963322124029906135e+00,-5.135875136880015290e+00,-6.186081836946064172e+00,1.098838216839265858e+00,-1.610695521696460375e+01,-5.018515688646346007e+00,-3.160309451186369856e+00,-6.968692210716039170e+00,-5.207575816821757186e+00,-1.068522911093134020e+01,-3.690061670578389297e+00,-5.098616809260115623e+00,-4.418595363048043012e+00,-2.089167655799470680e+01,-3.292034209671980349e+00,-4.323693697430530669e+00,-5.426662829678219779e+00,-4.804057009814967749e+00,-1.195521092794791329e+01,-2.457437974541773151e+00,-8.304475184314068059e+00,4.580130857412694628e-02,-6.096168505524106607e+00,-1.175495962789593785e+00,1.598893098559275749e+00,-4.461172182653930562e+00,-4.283589961233695398e+00,-2.187049209427241792e+00,-1.590461083098778872e+01,-7.788406616143879191e+00,-2.149197923703206392e+00,-1.861351800761338637e+01,-5.100262033189552291e+00,-3.501591972287258603e+00,-7.360917234167248857e+00,-1.019758417665532768e+01,-7.092810625172328187e+00,-2.112206731762009682e+01,-1.874925164433197367e+01,-1.187254684889806811e+01,-1.760273312293494996e+01,-2.234725791293710628e+00,-7.708431857529792097e+00,-7.395296941465594465e+00,-2.677905737470168024e+00,-8.699195284090169622e+00,-2.554180499971154816e+00,-1.099064819410809690e+01,-1.668878041226983555e+01,-3.172961224770901012e+01,-1.010744153790401434e+01,-5.763886092040660714e+00,-6.342005819097019881e+00,-1.338388462587066030e+01,-5.728488699912910320e+00,-1.288228770283851965e+01,-3.304560490024951669e+00,-9.541086039495237259e+00,-7.882449456627483642e+00,-1.109983594066808799e+01,-1.134563555112057642e+01,-2.383407232050183566e+00,-7.010300033706281297e+00,-2.108978239164541435e+01,-1.896589648931523708e+00,-1.284472159586182016e+01,-1.275890838767408830e+00,-6.791539923064259909e+00,-3.326541353137432822e+01,-1.649868291499636186e+01,-6.194597465200962993e+00,-5.126029049563374684e+00,-1.409872440319962550e+01,-9.365286810840862231e+00,-1.402830690435401095e+00,-7.096013566483239998e+00,-3.648630928358240322e+00,-9.112051261483944842e+00,-9.865311885596504737e+00,-2.559713138067861493e+00,-6.790531454578156989e+00,-2.961450236104423706e+00,-1.632869392258987062e+01,-7.486257470660078184e+00,-1.988911342929072790e+00,-1.788230159983742240e+01,-4.930521554194268852e+00,-2.547689872834530966e+00,-2.716836267372457314e+00,-1.236245775911538125e+01,-1.985891152001411974e+00,-5.279387320706581121e+00,-1.142198029386478453e+01,-8.807249606392519858e-01,-1.537202647046349346e+00,-4.581095814985557624e+00,-2.253812383026736033e+00,-8.457875964680305003e+00,-9.755727461365763631e+00,-1.406546224976826842e+01,-1.002415064040289039e+01,-6.460852039643938838e+00,-7.806643597932043654e+00,-2.153560633736968821e+00,-1.286869927524797674e+01,-2.333283439343300625e+00,-6.596038149493720582e+00,-2.253152224563879003e+01,-7.849524340558488689e+00,-1.135040411662993876e+01,-2.208245366020991085e+01
-1.174880481283741318e+01,-3.043772445244018598e+01,-1.097755991188364177e+01,-8.865739733277473889e+00,-8.127062253080193699e+00,-3.152488837754245932e+00,-1.919220135522591875e+01,-1.204197325238389737e+01,-5.084449104876935799e-01,-5.640677136992822582e+00,-7.164077448227049949e+00,-1.026966877525086907e+01,-3.140819557672691609e+00,-4.279456288051104451e+00,1.410139877258402619e+00,-3.360259756450977964e+00,-5.827793659963178996e+00,6.538499960226193952e-01,-8.702502043593726810e+00,-5.362348717441733470e+00,-5.357844398623951676e+00,-1.765345522972373260e+01,-6.036517628502043209e+00,-3.432848205455094170e+00,-3.874842240631899415e+00,-1.099518083435552995e+01,1.359330090241516187e-01,-9.311718045907150909e+00,-7.819781041753291362e+00,-2.608100795525702953e+00,-2.246782024646864162e+00,-1.233119853260298626e+01,-2.795430788744646566e+00,-4.442437649076564909e+00,-6.433085309157063669e+00,-3.630228018287970926e+00,-1.353869047057017383e+01,-3.048130982453656213e+00,8.300726362680097559e-01,-2.340409707776293757e+00,-5.712886946787822495e+00,-1.119486385940906459e+01,3.370030759229592499e-01,-8.715343670366364037e+00,-1.677324366157443691e+01,-4.169056186739275915e+00,-2.688147480202108142e+00,-2.976220042101631602e+00,-7.810338474360952965e+00,-1.448706840308703647e+01,-1.377176170383514808e+01,-3.094469809421651263e+01,-7.519839026249961478e+00,-2.569824509319995620e-01,-1.088074247790539317e+01,-4.898411856790521490e+00,-1.828680255330057847e+00,-2.130722366468767603e+01,-4.604260635033130100e+00,-1.908226715613739088e+01,-6.227879543146686458e+00,-6.424542668502235543e+00,-4.808736689031968936e+00,-1.505307008680164671e+01,-1.850577424932765425e+01,-1.067447258749177763e+01,-1.028171102140605520e+01,-4.619829350907362908e+00,-1.759629216344362845e+01,-6.158941865304253582e+00,-1.971094663369496658e+01,-5.601512384076646534e+00,-4.095765728124815652e+00,-1.226325689270873553e+01,-1.323871277626565934e+01,-1.876543275258653498e+00,-5.719152535722962227e+00,-1.404719550876965251e+01,-6.132999867092055801e+00,-1.734490583841725453e+01,-5.932298246011173504e+00,-3.527248467611866722e+00,-1.579555262884179534e+01,-1.321405209575799944e+01,-4.923318080753898762e+00,-3.590619717417436352e+00,-8.353140663229233098e+00,-3.688836626500426874e+00,-9.385404714198319454e+00,-7.039856008842383384e-01,-1.405923169471644130e+01,-1.708157297759256465e+01,-5.559007410264456439e+00,-9.763849234392033338e+00,-2.806359622528887598e+00,-8.850842175657543720e+00,-1.680757537023740156e+01,-1.259015230366842708e+01,-1.264429602547556897e+01,-2.659133003010203389e+00,-6.854944071541737571e+00,-1.641090686321230674e+00,-5.431814474142420579e+00,-4.511102727879944041e+00,-8.713961147090765635e+00,-2.495328737690488197e+01,-3.957640032570011179e+00,-7.101464669157827814e+00,-6.655763197617557692e-02,-2.813508016407431711e+01,-5.523541342439515223e-01,-2.849131645173243577e+00,-5.268717488760785272e+00,-5.986191881082132404e+00,-3.328509223142941842e+00,-2.399297705141742565e+00,-2.590397074699158253e+00,-9.894016670097769861e+00,-2.273523884933757344e+00,-6.593359091068485611e+00,1.232804765520679330e-01,-4.612591676223543935e+00,-1.207354536645606657e+01,-1.628468791785229541e+01,-1.903718500012295678e+01
-9.879029679907594286e+00,-2.775512762207429773e+01,-1.113342628311389149e+01,-1.262368193646778991e+01,-4.937877192529022352e+00,-2.842858877723880084e+01,-1.355798747873265597e+01,6.953318324180882137e-02,-1.995962082086990996e+00,-9.723850883235328979e+00,-1.141911879802355401e+01,-2.992038056559569004e+00,-8.325067045145457811e+00,-1.242629412699600699e+01,-4.155527993428281164e+00,-9.229267969489566070e+00,-8.059384440307832520e+00,-5.478450571876146924e+00,-2.773256464037323621e+00,-1.643735059208384541e+01,-2.896889238480038653e+00,-7.217870751279960473e+00,-4.598529757458954315e+00,-6.457757617973227227e+00,-1.073548065650411232e+01,-7.837875918432655187e-01,-2.327232492327852231e+00,-4.304022044523890145e+00,-1.455278008914060628e+01,-8.650830617252028176e+00,-3.448262769756462287e+00,-1.570221419271104324e+01,-3.670110383459578074e+00,-1.756991848562859060e+00,-8.169638539751186812e+00,-2.469432972036010199e+01,-8.431639976092156985e+00,-6.673565287456801443e+00,-9.068578030759166797e-01,-1.514919681032597332e+01,-4.403875598192924734e+00,-3.054887762170414689e+00,-8.994050703345479292e+00,-8.723858220098303917e+00,-3.710497338034370429e+00,-4.884923336226210666e-01,-1.398692380210590613e+01,-7.491122385677362772e+00,-1.390203085972701302e+01,-2.621983296547766962e+00,-7.142819262393073743e+00,-2.216042454049971244e+00,-6.918483529407069454e+00,-7.586768840135535541e+00,-4.645863267760659276e+00,-7.934427590424474985e+00,-5.292673728884086159e+00,-7.433906351472571394e+00,-7.574060992183500041e+00,-7.266167229249252735e+00,-1.305883596096590260e+01,-1.103759586655463210e+01,-1.353601123863899147e+01,-9.941145212025855216e+00,-6.358231027945667968e+00,-1.347092349124138444e+01,-1.859761675319322549e+01,-9.585747146436368382e+00,-5.582263402039197686e+00,-4.563657458125247146e+00,-6.656808775495712815e+00,-4.449407388283178832e+00,-5.020691335658868937e+00,-3.348353504256257196e+01,-1.674004392315059420e+01,-2.272065334658346814e+00,-8.063444712161466299e+00,-2.847901557992498667e+00,2.277102399122454379e+00,-1.971749105084734310e+01,-8.384091935835005671e+00,-2.300045927337075913e+00,-3.235390363957593252e+01,-8.151410713195812008e+00,-4.645878813945833130e+00,-3.240218992728135738e+00,-9.047451168060154814e+00,-1.106364459374012554e+01,-2.533360556427022292e+00,-7.055905384354667298e+00,-1.510194766831686231e+01,-1.523160564429946717e+01,-4.988898251270484252e+00,-2.371175758002614486e+00,-4.359952590101551451e+00,-2.542095613819076050e+01,-1.981332323624900837e+01,-1.182674168120587943e+01,-7.631719102705895708e+00,-1.696194321788041037e+01,-1.323565622742383319e+01,-1.676658711279374714e+01,-1.680693685398714221e+00,-7.901628393370083714e+00,-7.185758305621698483e+00,-1.836946841866715197e+00,-3.249835589473069053e+00,-5.994998744971919535e+00,-9.307805342325625730e+00,-5.137737064156485900e+00,-6.797548865577593968e-01,1.878562136477790023e+00,-1.318904442151774781e+01,-3.704612918226461549e+00,-1.177974166779600296e+01,-8.997123066918659262e+00,-2.788765187599787509e+01,-8.089525827796137492e+00,-7.765913435760348094e+00,-1.311304313354364837e+01,-7.445352974763617127e-01,-7.769851149915396604e+00,-1.280478271230045095e+01,-1.596560533202931964e+01,-1.385120751446444487e+01
-8.964183532289066392e+00,-3.123844592632294948e+01,-1.487642250669359889e+01,-9.612348769197025078e+00,-1.932886409598689736e+00,-1.123762691142854386e+01,-3.387235589626394017e+01,-4.500217254639513165e+00,-1.298187002770039911e+01,-5.507238373708371881e+00,-6.281272856349885636e+00,-1.359536578966197062e+01,-9.287663607475371563e+00,-8.465503335288808273e+00,-1.059384563742792551e+01,-1.902176048656399610e-01,-7.431551706696772897e+00,-1.210216607227812879e+01,-1.004347919045196769e-01,-7.415954004687577594e+00,-7.190503029262544032e+00,-1.765649673668519215e+00,-1.238451491142093630e+00,-9.596648624631194835e+00,-6.959574145011709234e+00,-4.650455635296617957e-02,2.499247376217736516e+00,-2.196611322710787206e+01,-1.561993427750088692e+01,-2.788709877672406190e+00,-9.333174366962067481e+00,-4.603180552486278998e+00,-5.389357098370567201e+00,-5.544959838301528166e+00,-4.959625208123309648e+00,-8.424373489619265243e+00,-3.834106430756856199e+00,-3.701391541315345979e+00,-1.453952265898061569e+01,-7.666773799104942277e+00,-1.162624664502686755e+01,-8.414143924651032336e+00,-6.196233927021345345e+00,-1.535927743064888062e+01,-9.015177583397514738e+00,-3.760363958544476581e+00,-1.794853600905122804e+01,-1.070442055314709595e+00,-1.339473418395107274e+01,-1.311557721705347745e+01,-5.458008841832024061e+00,-2.563350302470106090e+00,-1.992312394590202729e+01,-5.848103883656143864e+00,-1.525132625340299874e+01,-2.159669228813245212e+01,-1.140991970362908603e+01,-5.703483684153161981e+00,-1.631453712336601747e+00,-1.168843302952028473e+01,7.659230641010598972e-02,-1.251925422179676239e+01,-5.778644481897150520e+00,-9.428506209246993564e+00,-1.506461667680574479e+01,-3.109045482231715063e+00,-1.079280885255042399e+01,-1.278721064146282060e+01,-5.824366566901446163e+00,-1.712784481934274794e+01,-6.569053282081736889e+00,-5.867435923140467580e+00,-8.334582809927301383e+00,-2.576166498648931658e+00,-1.652329389859126962e+01,-2.226116094281648472e+00,-1.053219058915080097e+01,-1.869909266886891430e+01,7.854996199194548279e-01,-2.195473287664685103e+01,-5.303603939921046617e+00,-8.517857668260358395e+00,-2.341318036318934759e+01,-5.651220801345799849e+00,-5.832150201596602024e+00,-4.835740076014911182e+00,-1.731072338689357792e+01,-4.997142648369332640e+00,-1.420204626750496502e+01,-1.276679432545352810e+01,-7.980208277494373448e+00,-1.063555472269694491e+01,-1.524972884830497755e+01,-2.006423188230180621e+00,-2.629988949137129328e+00,-1.383838672371354939e+01,-9.006569052397532360e+00,-1.178613816986161034e+01,-4.226405110708400414e+00,-9.058418076395710727e+00,-1.074622907321008114e+01,-2.261878164169317529e-01,-2.626604166183701849e+00,-5.934950718272880010e+00,-6.864907295347602023e+00,-8.781160312729205941e+00,-5.333621023433710917e+00,-1.155157134175319023e+01,-2.966807251340850105e+00,-5.887146526488392873e+00,-6.945279309663812128e+00,1.132646418240207398e+00,-1.043323946206577091e+01,-1.161182331385850297e+01,-6.828828342120822903e+00,-1.157148469919205525e+01,-9.519724452465393227e+00,-5.696384252178599894e+00,-1.255750274381137643e+01,-4.991306842289759516e+00,-5.612832707230282381e+00,-1.403854664896828197e+01,-1.370339192249852900e+01,-1.390411127158375848e+01,-1.629989222650868186e+01
-2.013163980224884142e+01,-1.357908904291804575e+01,-1.053796226595023100e+01,-8.818543255057253560e+00,-7.668372587781742133e+00,-1.660108249231234012e+01,-1.511267875201023969e+01,-8.697378558327077513e+00,-2.275019672794431358e+01,-8.863325506528269671e+00,-8.173105175823939916e+00,-3.034174102198141654e+01,-9.253435876919268166e-01,-3.620759605519576318e+00,-1.090618075549476274e+01,-9.978665152753247725e+00,-1.637322136563607700e+01,-7.946560200111432160e+00,-1.164436759655833953e+01,-3.799398654899250882e+00,-3.975110945487712044e+00,-1.096142469187927126e+01,-1.251525306345395272e+01,-2.059772342035875337e+00,-7.988204424197880016e+00,-8.631373613695657809e+00,-5.845166766677110104e-01,-7.829668907204363038e+00,-8.276985171764840166e-01,-1.995109404672579601e+01,-1.730866645276910276e+01,-4.537982942031216993e+00,-5.889436287391425218e+00,-6.023385232904994169e+00,-1.178837317761965053e+01,-1.042065133362580553e+01,-3.226837903301120747e+00,-1.751380149516342044e+01,-2.391102421110396747e+01,-1.882373561423817065e+01,2.555594402143403221e-02,-4.251010652373871324e+00,-3.563292039654331500e+00,-1.911673788651702566e+01,-1.701649282203248603e+01,-1.837160530323721375e+01,-8.647869835214974543e+00,-9.743543903842079246e+00,-1.014184456099496323e+01,-8.974326255000244501e+00,-1.674205245869106662e+01,-4.146173371843426381e+00,-3.782275515554860412e+00,-6.311818293794053680e+00,-1.168355354461894535e+01,-6.247315974306607345e+00,-4.575315067146039638e+00,-7.107227660974149153e-01,-7.118975038523640109e+00,-2.261509192318254335e+01,-5.229945334223962128e+00,-2.046280784844862755e+00,-8.864953234355839484e+00,-3.835857265562094831e+00,-8.294276497722210095e+00,-6.818545669790349706e+00,-4.393077701668134161e+00,-8.710031733831065992e+00,-6.883045282468396309e-01,-9.456503321257221373e+00,-4.750184464552653196e+00,-5.813075523771913389e+00,-2.150950552351617517e+01,6.230042619080184557e-02,-1.819741872460432575e+01,-8.669628902208042831e+00,-3.595181746814044121e+00,-1.937020669339296930e+01,-3.032974601792818969e+00,-1.117140845105207880e+01,-7.232768895297585487e+00,-7.674596897434192044e+00,-1.885167441343394756e+01,-3.369740523186628423e+00,-1.048283613835265804e+01,-1.752117053024455728e+01,-4.515482719494652741e+00,8.484598797615436894e-01,-1.562316714047806876e+01,-2.583688021217885655e+00,-3.120706738104902733e+00,-1.402658458693345622e+01,-1.662298594559567277e+01,-2.690975166574293809e+00,-8.103261059858132498e+00,-1.066997879158997264e+01,-8.812211409313249533e+00,-2.346960890379055442e+01,-1.332406729597577222e+00,-3.038599283781971749e+00,-7.724431800397040249e+00,-1.825278215357223566e+00,-4.749553614502855514e-01,-1.072033423687780029e+01,-1.288221441273115531e+01,-5.679739967775950582e+00,-1.207642383293776689e+01,-7.840297789387173921e+00,-1.603349806743309180e+00,-5.962222319387688430e+00,-6.039225561871822912e+00,-1.574464559457419810e+00,-9.913034946490942190e+00,-4.327205106055407313e+00,-3.217452583554701562e+01,-1.206007007686404719e+01,-6.991997127965479564e+00,-2.377846436941005237e+01,-2.027174043851551488e+01,-1.392715994275223412e+00,-1.551314416931676732e+01,-9.808795176736728294e+00,-1.085186600368725962e+01,-1.960532865278679182e+01,-1.904720986834479746e+01
-3.130114208031402612e+01,-1.615074484099983820e+01,-1.117945142957783133e+01,-1.249178166165604686e+01,9.041605474491197780e-01,-2.338543963735396858e+01,-1.330060597859169391e+01,-5.446115054142916634e+00,-4.958708945539415325e+00,-6.464001830025758011e+00,-6.629968486428392538e+00,-2.577541699733446734e+01,-3.615537963661679122e+00,-9.162013327621492564e+00,-5.968141727908689909e+00,-5.796822109015148605e+00,-2.692802058847996705e+01,-9.646546640929326344e+00,-7.466153686176690840e+00,-9.554679104864097994e+00,-7.354679747124373890e+00,-1.269809955636912413e+01,-1.756106613749127732e+01,-8.075659769829290013e+00,-1.053202599513332061e+01,-6.105470609080607680e+00,-1.360483384181323352e+01,-1.319157294249315271e+00,-3.554007253037736458e+00,-1.153329156448727844e+01,-1.677683378706347384e+01,-1.615879597479861474e+01,-2.128730820060904971e+00,-9.515466569270579100e+00,-3.128456924722582855e+00,-1.125627370602543031e+01,-1.249240913959390120e+01,-1.664792146989776622e+00,-2.369861253568092607e+01,-5.821686873738780577e+00,-1.118327970320822651e+00,-5.184745194218365327e+00,-6.195128329426609959e+00,-6.868935347244070400e+00,-1.314707625503116262e+01,-1.566141691747200859e+01,-3.670674810484246819e+00,-7.702505112767818574e+00,-7.677191041454389797e+00,-2.134131254331277372e+00,-1.004637046803214595e+01,-1.007286399031372248e+01,-9.254547844894620567e+00,-3.225435398990174285e+00,-6.225939154982206958e+00,-5.553443200320708151e+00,-4.363228380701982267e+00,-7.859721826837878789e-01,-9.232118565114186381e+00,-1.367285236415458627e+01,-1.148384164572927624e+01,-9.201223243189946999e+00,-6.988590955714397701e+00,-1.615265461371017119e+00,2.159836155648490325e-02,-9.739310221846734450e+00,-1.150191918335917052e+01,-9.880243891217563856e+00,-5.308514241166305325e+00,-3.439834628612468137e+00,-2.047293009537507924e+00,-8.373414446402481559e+00,-1.569310968255501315e+01,-2.075483059757535997e+00,-8.706421930663184483e+00,-9.145915393922365411e+00,-9.205453686460274287e-01,-1.869005558371059905e+01,-5.696049204091928608e+00,-4.914349208260009760e+00,-3.745369341203519831e+00,-3.811901208761283577e+00,-1.779625573890462675e+01,-1.015304463314273420e+01,-1.715033751717120936e+01,-1.080296911560248496e+01,-1.003998702750873306e+01,-6.688318505994850227e+00,-3.802324813507087065e+00,-2.271856467504984778e+01,-3.852124293124843391e+00,-2.693765240163730823e+01,-1.352853072052315753e+01,-1.175283035820164734e+01,-1.435852035518910697e+01,-2.537480017606137750e+01,-9.215584795224586401e+00,-1.595106128755112529e+01,-5.773979859372745160e+00,-4.844931438160434922e+00,-3.120674595579246535e+00,-2.296361120936035949e+00,-8.643187504831546519e+00,-1.686753419767858375e+01,6.728936252242876392e-01,-5.313959514039929388e+00,-2.507299666511589198e+00,-1.970602804409618614e+01,-1.328405255389300210e+00,-8.854897757939799163e+00,-5.298319753981357572e+00,-1.865240679667747514e+01,-5.616806019144052975e+00,-1.186115167731180620e+01,-3.984010120397751109e+01,-1.044845343159183759e+00,-6.095549737365056231e+00,-1.914079830797611947e+01,-6.455602048413588534e+00,-2.355539592268656612e+00,-3.763673879984206394e+01,-1.067227042561551187e+01,-9.913732013503183893e+00,-8.545944518909609044e+00,-1.781709572361042859e+01
-1.066012238689430802e+01,-2.948711458707019517e+01,-6.058386429477678803e+00,-7.009945153194453660e+00,-1.280967926832407855e+01,-2.335335737901708786e+00,-1.492248403637966625e+01,-6.994359283023300122e+00,-5.752129479204983298e+00,-8.452446295022403078e+00,-1.070340095952501969e+01,-2.565404718766536618e+01,-2.160148250191356922e+01,-2.059076399948405633e+00,-3.398722943104015570e+00,-1.235163399979222909e+01,-1.104804989810440929e+01,-1.488733112165688510e+01,-2.778989849511217081e+00,1.843748725185234694e-01,-6.953157708037527307e+00,-8.499098364452194687e+00,-5.844031195624532771e+00,-4.042691412378350613e+00,-5.010914354064879284e+00,-1.163831527770782159e+01,-1.372997089861904385e+01,-8.554669576862599101e+00,-1.586089071202588840e+01,-1.452692022060101351e+01,-5.172734591461444431e+00,-1.407631249460095724e+01,-6.648272244344429538e+00,-1.181021525795621230e+01,-1.198592280075679817e+01,-1.823309953433901498e+01,-1.435855849345102087e+01,-6.087863263259353452e+00,-1.882327744519672308e+01,6.234678738826469058e-01,-4.682616763514097613e+00,-1.009683276420878428e+01,-5.844002631943385762e-01,-1.036767064831015617e+01,-7.599660110478517971e+00,-1.467099190198421788e+01,-3.304203136944257935e+00,-1.251197826359944898e+01,-8.906491617681805195e+00,1.163002073636641542e+00,-7.612426424558835336e+00,-6.955315415398786172e+00,-5.915782464381919681e+00,-6.211448050125733644e+00,-1.516345947057283716e+01,-1.511377647355360843e+01,-1.267753736368090500e+01,-8.556186737528538089e+00,-3.669223587770611417e+00,-1.176653790988729043e+01,-1.349312716389903066e+01,-6.638146471379306135e+00,-1.119797594035886412e+01,-7.140306102518811038e+00,-1.547352703451402434e+01,-4.348533288478320102e+00,-1.327984652888256178e+01,-8.093781488886545361e+00,-4.395600989278082515e+00,-1.787617798219956811e+01,-2.002539007641301605e-01,-1.578043632469916346e+01,-1.108261702837212326e+01,-2.836607998873294623e+00,-3.614532924816280968e+00,-1.479516853946480737e+01,-1.851826326457613359e+00,-3.515064785237582612e+01,-1.570199003661836912e+01,-3.715350739661833490e+00,-9.130032875644509716e+00,-6.771676337919467770e+00,-1.929720443299050103e+01,-4.139432456939799110e+00,-3.819216974892491123e+00,-2.167887046073896329e+01,-1.109733599865993980e+01,-1.902267053243313200e+01,-7.221332255005514789e+00,-2.856109839698689257e+00,1.673739372712107265e+00,-1.494444362702878770e+01,-1.924156420827522496e+01,-6.663588617566571060e+00,-9.719199952303620549e+00,-1.973205012362893385e+01,-2.920437241083194913e+00,-1.431404783910758738e+01,-5.963677299271308740e+00,-2.711339786515143402e+00,-2.402687545616109421e+00,-3.983924861484489988e+00,-5.859618587350848173e+00,-8.547845104829384866e+00,-1.395596286533482111e+00,-4.756464542464876821e+00,-9.354288145249396891e+00,-5.626750123054032215e+00,2.723532651154694673e+00,-4.252316670212005434e+00,-1.108884949646140683e+01,-2.037980590253112467e+01,-4.105970291033117725e+00,-8.281373932075231536e+00,-1.241225499433641488e+01,-1.617676751435159321e+00,-1.301838994846134190e+00,-1.195611935247238833e+01,-1.654605802588651642e+00,-2.934615795086907841e+00,-2.068401500413218130e+01,-1.104696999513983435e+01,-5.400431596897496078e+00,-8.294433990968045123e+00,-2.178770393643683079e+01
-1.831071283830869945e+01,-1.363624926051709885e+01,-5.575474437670386862e+00,-1.325045282382209244e+01,-1.799125927704134753e+01,-1.581045069467584874e+01,-1.733265650897951593e+00,-6.325788653792540295e+00,-8.081155882291991333e+00,-1.000160544502604765e+01,-9.046128070702769364e+00,-1.734645273678425070e+01,-4.643012786067611586e+00,-4.175606071874781833e+00,-1.530639686457693038e+01,-1.461550128612147681e+01,-2.838844014304219954e+00,-2.857551533802513255e+00,-6.347703731535398575e+00,-5.457372857068936156e+00,-4.711097806719990011e+00,3.176552909283724802e+00,-1.077345894135282833e+01,-5.446030520450825918e+00,-9.999261035730365066e+00,-2.880636146683148269e+00,-1.718174189549016351e+00,-1.178181931314050068e+01,-1.720094060643841871e+01,-5.466551971296143897e+00,-4.382173153894607154e+00,-2.135300380262640907e+00,-1.690601790598003973e+01,-4.705673749900975977e+00,-1.547223315406032285e+01,-1.689466625295582958e+01,-2.482734667809399909e+01,-1.914385337125832010e+01,-3.377462415275917174e+00,-3.730357850162652866e+00,-8.881132845808300758e+00,-6.126367519582728960e+00,5.017355624380003265e-01,-9.352208520267383918e+00,1.825821403316021829e+00,-5.028713214006681476e+00,-9.292426456136075430e+00,-4.636712268663413461e+00,-7.668981969948291955e+00,-9.864551519424688664e+00,-4.558875997288543758e+00,3.421721788619727644e-01,-3.430481306524492346e+00,-1.534462881390528111e+01,-3.058123354198856170e+00,-5.272107510100768835e+00,-6.411773602491104285e+00,-1.236016710177766242e+01,-8.243946379145924652e+00,-3.386447061999675157e+00,-2.517081289162335089e+00,-9.483174802622562183e+00,-1.114179226338126938e+00,-1.089422250416004267e+01,-2.313374690588026361e+00,-2.664796542369999344e+01,-2.285722142636855470e+00,-1.245443016871113784e+01,-2.670378412633514031e+01,-1.859983619457268533e+00,-8.885756871127563628e+00,-8.675510351294690281e+00,-1.997656475603048776e+01,-2.506640327230139853e+00,-5.103036831289906594e+00,-3.515237660373260908e+00,-3.842071493794364301e+00,-2.841448562808471578e+01,-9.719027365812596742e+00,-9.730140314768281229e+00,-2.579889797210292990e+00,-9.319510991479937445e+00,-1.222376262114327972e+01,-1.954118298188778624e+01,-1.822423217273777141e+01,-4.186520526305962164e+00,-3.818519029112427798e+00,-9.022038499770658859e+00,-6.653827621648957802e+00,-9.972188147906404510e+00,-2.796783319115003330e+00,-7.929882451358817086e+00,-1.535600993651843638e+01,-1.674660098638605277e+01,-4.413679519324881007e+00,-3.477584865421125659e+00,-4.797941200333017520e+00,-3.462498897664093356e+00,-7.923968880802436665e+00,-3.535355776253807925e+00,-3.038416447139947962e+00,-2.162322151187035857e+01,-1.953617175720605204e+01,-3.506378240272131741e+00,-8.175894926753196401e+00,-1.699271951712324036e+00,-3.083318889056235079e+00,-1.245892172446512447e+01,7.541900200226520079e-01,1.356010811188018694e+00,-1.429437969504323647e+01,-1.451731758950805329e+01,-3.859363534596147449e+00,-6.142821212963594846e+00,-4.328141217991640310e+00,-8.024861116818467366e+00,-9.767480207000534875e+00,-1.263263192906745225e+01,-5.927136444103064505e+00,-2.498911529447742641e+00,-1.379738189905387102e+01,-1.313849643047741367e+01,-1.260060361580412192e+01,-1.103523175142663604e+01,-3.164701039005226946e+01
-2.812035974186290588e+01,-1.588789277575014225e+01,-4.440069576411604935e+00,-1.699890680093144013e+01,-2.296284015800125644e+01,-1.109039750257391077e+01,-9.006515904473971545e+00,-2.408629324488794765e+01,-1.609601102496715619e+00,-1.144757183379622134e+01,-1.059121013453438209e+01,-1.286143193511530924e+01,-4.031971547238287990e+00,-6.905023998194323553e+00,-3.994882000980075620e+00,-2.958731513615302511e+00,-1.008262023606176605e+01,-5.243337635411395858e+00,-1.079952156497377658e+01,-1.743681166372473257e+01,-1.610027131370806330e+01,-3.178500892748741702e+00,-4.058259645494636025e+00,-9.034553332427003980e+00,-1.162863536135627740e+01,-1.234178679485900432e+01,-2.994153729144042320e+00,-5.460242476846444148e+00,-2.289350050887030719e+01,-3.948185943479648685e+00,-1.727010284510372173e+01,-3.713721126717167920e+00,-9.747929234088259065e+00,5.269303283625795808e-01,-2.993593134551278290e+00,-2.693454348846478830e+00,-1.549528967464144458e+01,-1.338229784673181300e+01,-5.569892450356995539e+00,-1.273293548823188814e+01,-1.992596431208266594e+01,-5.865443011239057647e+00,-4.424782714511380277e+00,-7.999722282825867836e+00,-8.938543064209820699e+00,-8.768428282974735311e+00,-2.521206148194602648e+00,-1.774285004373266617e+01,-2.463752641589432635e+00,-5.879845854843699371e+00,-3.040106134320424314e+00,-2.364640986172303005e+00,-1.070732788660820844e+01,-1.824522005046770445e+01,-4.804330718876647310e+00,-2.273635402479036927e+01,-4.088046326736235692e+00,-1.017912036925975983e+01,-4.814523511093909969e-01,-4.193059164448599496e+00,-1.048498100251357812e+01,-8.144102671324727538e+00,-1.428350476714911332e+00,-2.299225279010555845e+00,-6.387393689433773503e+00,-9.458805910293454744e+00,-6.467523858953986071e+00,-9.276785234404453462e+00,-2.413215093353623075e+01,-2.696025815214147414e+00,-4.187661494691808706e+00,-1.168388857755451227e+01,-4.377633205029302310e+00,-6.006385295259097923e+00,-5.574696043414201219e-01,-4.186068895870471707e+00,-1.670843361973227559e+01,-2.647057682069259599e+01,-1.487715165310682153e+01,-1.832067230754728548e+00,-1.647692852003087793e+01,-7.507055874643244309e+00,-3.507006266700124719e+00,-1.462195421431094289e+01,-1.323921389043266217e+01,-9.885882486046975615e+00,-8.983411861445953051e+00,-2.463946402955432990e+00,-1.149610890819235287e+01,-2.684084247772043241e+00,-6.674158044203053919e+00,-3.210225460462814429e+00,-1.926303619547906720e+01,-7.110060770684528464e+00,-7.106220870028227665e+00,-1.460457796042869738e+00,-1.457001902552693728e+01,-1.762006867549769651e-01,-2.139619463076273931e+01,-5.556023181992602034e+00,-5.996499896399898333e+00,-2.229674734671047265e+00,-9.809936964905281442e+00,-1.227204788376319300e+01,-9.444517556929550750e+00,-5.042733063012341255e+00,-2.222065032987083910e-01,-8.115491391720595971e+00,-7.181100045164010126e+00,-8.542897234635905335e+00,-1.861340232109334414e+00,-9.732178216092050249e+00,-2.087645915948073139e+01,-3.451700426437239955e+00,-1.082279672646062174e+01,-2.013110758841147430e+00,-6.074322704277401286e+00,-1.894165345921384613e+01,-4.326525198155911411e+00,-1.038247796498786180e+01,-1.015140942481966491e+01,-8.124683926560505753e+00,-6.962576218457598110e+00,-1.715462698781818318e+01,-2.797911087286741605e+01
-1.968552276255624989e+01,-2.455259260786986530e+01,-7.138164198494294510e+00,-9.670390533702704516e+00,-1.976962790602965825e+01,-2.263626673281871948e+00,-2.328055528923468565e+00,-3.633243330834850582e+01,-4.467913795008573441e-01,-7.382341297476836317e+00,-7.425269232966343225e+00,-6.420641275013835525e+00,-6.743233257348065557e+00,-7.414351059520198906e-01,-2.242751907954549040e+00,-7.243088363471148483e+00,-9.691058633795563537e+00,-1.390263136466956695e+01,-1.103805975353606783e+01,-2.366372538909214640e+01,-1.090780298465589482e+01,-4.080205265185633756e+00,-4.078119702775349964e+00,-5.701204758380082005e+00,-2.012709542729675860e+01,-4.604640562922870828e+00,-1.715316186058625458e+00,-5.049510885753574208e+00,-2.960968825560879480e+01,-1.692803000521027457e+01,-8.970113029502764235e+00,-1.673644959639820629e+00,-1.915435112063672340e+00,-1.071726206293898898e+01,-5.273060338863652774e+00,-9.452875509170530322e+00,-2.656954797446691163e+00,-4.187894906638709003e+00,-6.855441044984161181e+00,-8.024250224998461078e+00,-6.644950097961036306e+00,-4.939258686448533275e+00,-1.216474530603962378e+01,-6.350032617516808919e+00,-1.463018767873937698e+01,-1.056776323663461881e+01,-1.505931990830151435e+01,-9.043973436751414852e+00,-1.546083617145218625e+01,-6.463456501310471225e+00,-9.446533946926765068e+00,-1.080247886304841254e+00,-1.596348644749180679e+01,-2.596360182283136808e+01,-1.074454507410737447e+00,-4.903290860128507234e+00,-3.441637201530976409e+00,-3.123518382729166820e+00,-4.017632679774524540e+00,-3.141199721358101549e+00,-1.273723645869790921e+01,-3.360762647607545617e+00,-8.257010517988369713e+00,8.561566708889909449e-01,-1.537695034327146359e+01,-2.951051841247127605e+00,-6.045148258677144781e+00,-7.710882963023623304e+00,-2.543448278758211245e+01,-1.732553387655414667e+01,-2.577756831451605279e+00,-7.028972653448431807e+00,-9.556668370064281604e+00,-1.508575081912346505e+01,-1.578981184413370986e+00,-1.881027534845842553e+01,-7.806770702736000267e+00,-1.397261418465807736e+01,-1.796015136539274337e+01,-4.900492878116994966e+00,-2.507356333410283078e+00,-8.443627519217393740e+00,-2.488447977019371926e+00,-1.392713396236300127e+01,-3.636659976651977377e+00,-8.766430741800617099e-01,-2.121021440825916571e+01,-3.042222098958112575e+00,-1.176223007117271990e+01,-5.954668516491173208e-02,-6.040556931592455214e+00,-2.844511704502254545e+00,7.526693791862010263e-01,-5.769252005880196599e+00,-2.296782559997919471e+00,-1.442065977596147519e+01,-2.987303347479494775e+00,-1.037830894721232866e+01,-1.790948661762326566e+01,-6.352168841455849702e+00,-6.217169553287206440e+00,-2.925912360163399839e+00,-6.287007636948210632e+00,-6.590356885650652252e+00,-2.689414590668196325e+00,-2.004305559274225601e+01,-2.412862465972575698e+00,-1.612347540551569125e+01,-3.798635519278169781e+00,-8.661198507394182400e+00,-1.248111643137974980e+01,-2.718604393028341004e+00,-1.247730085918768239e+01,-6.635954263771931316e+00,-4.395880275956669081e+00,-1.466576228388261782e+01,-7.044384822454735406e+00,-2.202991915597491968e+01,-1.258789057767553032e+01,-1.559963697228500479e+01,-1.113999190535843731e+01,-1.350914116943638454e+01,-6.465530286696695939e+00,-1.386173135048713867e+01,-1.360808061920540624e+01
-2.319515222169252766e+01,-2.951371410876799573e+01,-1.735453212527486144e+01,-9.313987828154608906e+00,-4.264031040227809655e+00,-1.120002684836877371e+01,-1.859750296027320005e+01,-7.395943153200704501e+00,-3.465180907530265753e+00,-6.214930481100777726e+00,-6.228215969578609901e+00,-4.388354436844482009e+00,-2.265558863433684955e+00,-2.082652508182869955e+00,-2.219744889926289932e+00,-5.979945470502244120e+00,-5.899284367524182393e+00,-8.340564623086377694e+00,-1.423866448723799749e+01,-1.138576449614286723e+01,-4.978574095853715242e+00,-3.312772646665003595e+00,-1.172426017087155437e+00,-1.819627539680915973e+01,-1.128480416347283111e+01,-4.821358576339325630e+00,-2.131897189434902273e+01,-7.829434527152223211e+00,-2.379519374212984673e+01,-2.976238660216625753e+00,-5.734754840173625468e+00,-1.400647311157606367e+01,-5.986084254965485130e+00,-1.003399305139433295e+01,-7.955320715304435630e+00,-4.487895762362951402e+00,-2.479570392189757388e+00,-2.668103296758534526e+00,-6.641090055726065700e+00,-4.888729691255101706e+00,-8.352629898181461954e+00,-1.596112756967976232e+01,-9.704823594994484992e+00,-1.990323287661091456e+01,-4.006659920985345735e+00,-3.289433569860418061e+01,-1.290260314777148665e+01,-1.069171274381352887e+01,-2.400394441724809269e+01,-1.873053889048384590e+01,-8.516129771643679902e+00,-6.551961012907006054e-01,-2.028792243384935290e+01,-9.976318519990211797e+00,-3.835235154963022808e+00,-1.757127012579841052e+00,-5.705216879058758295e+00,-9.667708888074809437e+00,-2.766236696609994272e+00,-8.568819536288547312e+00,-5.304439006228726328e+00,-1.320799462019903103e+01,-4.920578470664033865e+00,-7.616090707004293137e+00,-9.062328429266912622e+00,-3.182796686876954162e+00,-1.062125980786594859e+01,-1.638218081859109532e+01,-9.756717459302153728e+00,-1.073168216363685445e+01,-7.848990510222757067e+00,-8.723982302735906913e+00,-5.097114425997669507e+00,-7.096366519044874366e+00,-7.546783974069729339e+00,-2.165200297261161566e+01,-5.173586640993973695e+00,-2.327796406167882992e+01,-3.526614612039622010e+00,9.945554989149307801e-02,-4.376447952295996480e+00,-3.630413513028076800e+00,-8.838952480000445533e+00,-9.768104413484365978e+00,-1.157440392325023382e+01,-1.139555056952090695e+01,-1.869629933771023644e+01,3.451064528781214169e-01,-9.246484706692720934e+00,-4.566413008749991675e+00,-2.664310654995973304e-01,-6.815750126592675429e+00,5.354012780087442636e-01,-1.942984980262732364e+01,-3.350811648102212992e+00,-7.161393494711304264e+00,-3.223003394766424279e+00,-9.852733958514047430e+00,-3.061818987602895614e+00,-9.334210443847943850e+00,-1.409501402718431429e+01,-2.970420512603221930e+00,-7.641512376869821210e+00,2.517435606914079638e-01,-6.352686174644248673e+00,-1.117511098131425129e+01,-6.385553803245675120e+00,-1.057420372331309011e+01,-6.191296621906308140e+00,-6.146971264450888928e-01,-1.577132580855857213e+01,-8.213750580777228194e+00,-1.436923087047972913e+01,-1.249980399845845369e+01,-6.123099756963814144e+00,-2.733691939808634785e+00,-1.177711628421923784e+01,-3.672680761672471483e+00,-1.701182358251357840e+01,-1.011805953134405200e+01,-9.980073809647137750e+00,-4.130339213420592515e+00,-7.707048685230737384e+00,-1.195044576936025749e+01,-1.501616033042138554e+01
-1.496579242421125677e+01,-1.156889098813956096e+01,-1.411227657973679683e+01,-1.277023799018136430e+01,-7.977146660837764358e+00,-6.521159509104746732e+00,-3.112165028727682969e+00,-5.117789915354445718e+00,-7.442549281625964852e+00,-7.260800260696465003e+00,-5.811217732150794291e+00,-5.396250550140589297e+00,-1.194372950060423122e+01,-4.224076498419165659e+00,-1.873846667950567646e+00,-8.569777423681800954e+00,-1.167241856415255619e+01,-9.961656137553824841e-01,-8.463899320098180468e+00,-3.831189572371871410e+00,-3.676239105829239406e+00,-4.081923751460126759e+00,-7.566415438764389378e+00,-8.704877404647293204e+00,-6.610896543139906711e+00,-2.445784185963104207e+00,-7.182599982338170541e+00,-2.069533267521329734e+01,-5.169896388177603441e+00,-2.264122292977738926e+00,-3.194312068552040884e+01,-2.868435978683331200e+01,-6.622778507422085070e+00,-1.117175149535242085e+01,-2.012854286260978398e+01,-7.405091122554931182e+00,-1.401801792163815108e+01,-8.914593982130959660e+00,-8.147285764060342217e+00,-5.939813520069816555e+00,-2.458980586238373434e+01,-1.775070989637012531e+01,-4.576179724312465780e+00,-8.095734138726555784e+00,-6.076218337598848773e-01,-5.199689072466259887e+00,-1.842105955528715455e+01,-1.294008531284162800e+01,-4.905070388599740205e+00,-6.450415921890116699e+00,-6.006789325746300534e+00,-1.297634593936598080e+01,-8.843545439233771788e+00,-6.409317399115201042e+00,-3.648306183548649884e+00,-9.617577347508434737e-01,-7.244825109380585104e+00,-1.157778542940208055e+01,-1.244028752583771791e+01,-4.412623237073781013e+00,-3.751906555812368538e+00,-4.655164827877524836e+00,-1.296673093528562681e+01,-1.099661950278711764e+01,-1.225052896144052283e+01,-1.003906094534831794e+01,-5.994293927895146368e+00,-1.350037461459924693e+01,-4.238729953798769046e+00,-3.332475525664229554e+00,2.030250448131398489e-01,-1.137096863220646448e+01,-1.485510810787499025e+01,-8.327632565082224048e+00,-1.067433800707723535e+01,-1.431651135109968109e+01,-1.076944164059833398e+01,-3.918425937572416196e+00,-5.633531061115851557e+00,-6.465978016307104781e+00,-9.858448491587136431e+00,-6.171818574647087274e+00,-2.236410791338161985e+01,-4.355717634905907687e+00,-3.652777967781275503e+00,-2.486347042873727631e+01,-1.419197507567048211e+00,-9.392062863499358372e+00,-1.794675857926462559e+00,-1.054679665795130106e+01,-5.081327049288726361e-01,-8.354897458279616274e+00,-1.119631639171559101e+01,-1.219142658390665446e+01,-1.824220315156560357e+00,-6.601797980995653958e+00,-1.612661698935960786e+01,-1.007871416223930439e+01,-1.016756366254506361e+01,-9.199030233945423518e+00,-9.869316949656338878e+00,-1.304369425089050516e+01,-3.228796129664340153e+00,-1.801067140321821247e+00,-8.163863164105453762e+00,-4.417902720391487570e+00,-7.442199370492811994e+00,-3.410290241718878956e+00,1.590405299407536832e+00,-1.262337002048933288e+00,-7.721375107242915092e+00,-6.403911020954657474e+00,-1.212816729026846829e+01,-2.203376303687497817e+00,-6.484351998766252123e+00,-1.100620407486500341e+01,-2.031976798247367544e+00,-1.620733624850946519e+00,-2.467568470301469574e+01,-1.087978424990749460e+01,-3.806028176909900473e+00,-1.158279084294814609e+01,-1.095018756895830236e+01,-6.279335173308671081e+00,-1.707073970463305557e+01
-2.057721921152070976e+01,-1.389370877538757476e+01,-8.320892315796992733e+00,-3.194161528451566312e+00,-1.182674145811708044e+01,-2.922311103472368110e-01,-1.441553680388687919e+00,-1.909517448479616419e+01,-1.202912063414104615e+01,-1.163303047005573987e+01,-5.555713245705833359e+00,-2.597920085381143451e+01,-6.707517955162717094e+00,-1.147975714816775117e+01,-1.054423807484845277e+01,-4.787882872815123037e+00,-1.857822705478260872e+01,-1.111996550672909256e+00,-2.006105346814364143e+00,-1.996866749400393815e+01,-6.201246142106025871e+00,-7.254578384111065148e+00,-3.364511055725925459e+00,-1.657479389579145923e-01,-4.673723411731921296e+00,-8.142495065170749058e+00,-9.905635177944599690e+00,-1.058823305247651803e+01,-9.599957415818940465e-01,-1.743981605583207806e+00,-1.337365548296378925e+01,-1.461239444279389055e+01,-3.806851280708718477e+00,-1.341840123048185340e+00,-1.651595795453884108e+01,-1.018959455856210106e+01,-1.379808318126148414e+01,-2.615955190314618406e+01,-9.202327159576075388e+00,-7.231899038238011279e+00,-1.622869078392098174e+01,-2.523854225475255220e+01,-6.806636718295684396e+00,-1.089784831876887061e+01,-2.664777510768864932e+00,-7.219685459201990341e+00,-5.007030680645909726e+00,-4.498481270601821791e+00,-5.517650857337810244e+00,-2.582495420415996890e+00,-5.853184045456913509e+00,-8.645031546708237258e+00,-2.335931453768883781e+00,-9.526076297625872158e+00,-2.031741180438005756e+01,-1.293527394743011882e+01,-7.472023536401675159e+00,-2.187528567318969497e+00,-2.645942762948223859e+01,-8.865156645947626757e+00,-1.394121973671021486e+01,-3.136681519758917069e+00,-2.510778973135897019e+01,-5.406759653316570713e+00,-6.257662806472369610e+00,-1.006896213464698420e+01,-7.186843087775336869e+00,-4.630290012658595522e+00,-4.613910251942016316e+00,-1.085648730426849795e+01,-9.195778952449657595e+00,-6.740604361362329655e+00,-5.766189482681931544e+00,-5.276120342893630522e+00,-3.447299332904218527e+00,-2.373298020306686684e+00,-3.483738859016067391e+00,-4.730848425198282747e+00,-4.662826190771168555e+00,-1.390130974633941463e+01,-1.812384055180552878e+01,-4.077899296272567753e+00,-2.099187492713314285e+01,1.208245841020732236e-01,-5.748800302702093745e+00,-4.271572211912230799e+00,-8.077664537557176061e+00,-4.652782580892576014e+00,-3.672511270111664228e+00,-1.521565055459652882e+01,-3.815951586507970172e-01,-1.051150237948652766e+01,1.007378975541648680e+00,-7.411768186147798865e+00,-4.963388990353370112e+00,-1.850158161656508682e+01,-1.911696558020242964e+00,-4.596649610366213778e+00,-2.326408430566729280e+01,-4.406080222660931689e+00,-1.679113991738516498e+00,-2.257879472604196636e+00,-1.843680577016526456e+01,-3.029177850265386773e+00,-3.015377587668140791e+00,-9.665962952976304479e+00,-1.263958349366772715e+01,-3.386100679775937650e+00,-1.272708256526378889e+01,-1.898105740818032316e+01,-1.953611390709398155e+00,-7.200593805784992973e+00,-1.696408461109593091e+01,-8.531876826139813019e+00,-1.103411199004296961e+01,-2.674696676258841332e+00,-1.941589198754439849e+01,-5.555080819185286956e+00,-9.005584938358643043e+00,-1.347260413391933298e+01,3.871987422406292789e-01,-1.884489489513237714e+01,-1.437755173657274632e+01,-4.688909118231214812e+00,-2.636228990958885632e+01
-1.522419715612732816e+01,-2.098367749077286959e+01,-1.067535021644328452e+01,-7.663380375707340875e+00,-1.804434806994480667e+01,-1.144667898577101894e+01,-1.149524389674414282e+00,-1.900668534041870217e+01,-9.555459799458978054e+00,-7.179611461076874868e+00,-7.353458133324904722e+00,-5.274598101690361140e+00,-4.991511264228819300e+00,-4.164425065688776684e+00,-1.448286101617805066e+01,-2.599433590791543125e+00,-3.170775404309404522e+00,-3.328386135873450780e+00,-4.995012987953499461e+00,-2.462042771614195491e+00,-2.666421923513754066e+00,-1.036803090452079079e+00,-7.068641172341003198e+00,6.733512662756974132e-01,-6.583867914085805850e+00,-7.933800488362885872e+00,-9.868093904433134611e+00,-6.399714204102377124e+00,-8.870138015998374481e-01,-1.069116345135603297e+01,-3.295351173426493308e+00,-4.579836403095028707e+00,-9.558534756377110142e+00,-2.239188881064659409e+00,-1.446219070314606014e+01,-1.850765364524633361e+00,-1.652474661792631494e+01,-5.601185299831853648e+00,-1.468497925297773321e+01,1.028321058342186234e+00,-9.821639371462687507e+00,-1.706217720009259153e+01,-2.106310074230167473e+01,-1.221030799375505360e+01,-6.445232181504660929e+00,-3.301369813906545936e+00,-7.187128500538876530e+00,-1.130566507473530491e+00,-8.154086726587744138e+00,-1.384764659978337420e+01,-1.105231593796501777e+01,-2.618857548058980633e+00,-1.420709756599866935e+01,-5.702221958831919790e-02,-4.270456726777650758e+00,-3.599935363759264817e+00,-9.016385608446647382e+00,-4.158326685246552579e+00,-1.105168749836280995e+01,-3.939612891488290636e+00,-8.905384685699104352e+00,-9.454119137596244116e+00,-1.376446421009883991e+01,-3.016979898923948245e+00,-2.864801712143796752e+00,-8.462376124582029036e+00,-2.048509492746008576e+01,-1.015060481402644932e+01,-4.429603194581877901e+00,-1.858606687905725918e+00,-4.379323921366159666e+00,-8.701008711476710289e+00,-3.626192888285743710e+00,-1.051782084575337706e+01,-9.143822515484719915e+00,-1.628876610917896883e+01,-1.357611639232678691e+01,-5.446672646572726428e+00,-6.737845168992691924e+00,-1.954832750704060729e+01,-1.443532449947712415e+01,-2.171807191550055638e+00,-1.370246259763984042e+01,-2.337460620673207146e+00,-1.462456277638555058e+01,-6.043073984287840261e+00,-1.297700877542648712e+01,-8.083015275294640034e+00,-9.049574912600423460e+00,-3.811115491051424442e+00,-2.056417026397147296e+00,-9.024307873252713108e+00,9.477950762631595638e-02,-4.096677504366192935e+00,-3.008152419707164960e+00,-8.764364198840366882e+00,-4.230058900826490387e+00,-5.794720455525953717e+00,-1.833014520060997654e+01,-1.060844673721002174e+01,-8.998539788770601788e+00,-8.955377252548013089e+00,-8.561165397648800024e+00,-1.526922823046323785e+01,-1.197275645681889422e+01,-5.760826556632697049e+00,-5.683978404114161442e+00,-2.491645508125801989e+00,-1.172872141313146876e+01,-3.502245522997660743e+01,-1.949338163180786676e+00,-6.476137348850247832e+00,-1.240979344924217997e+01,-7.819145001803549988e+00,-3.155884442796646994e+01,-1.451689875789805306e+01,-9.630330204623593460e+00,-8.507526232145462330e+00,-6.261102490909237872e+00,-1.006491336044691920e+01,-1.218694572935609344e+00,-2.024835139128024508e+01,-1.224825395596098687e+01,-1.567954015196034590e+01,-2.039739957934630254e+01
-1.769794855617404750e+01,-1.979742882754502276e+01,-1.239955647684661777e+01,-6.253613420291727287e+00,-9.982785996949465890e-01,-1.052726215504408813e+01,-6.702661197987382913e-01,-1.662351419241621997e+01,-9.806884045921718140e+00,-5.959412549183440433e+00,-7.622779660439062077e+00,-3.559731486828122904e+00,-1.140956455642682243e+01,-9.679961874275571532e+00,-1.462525707575246159e+01,-2.730407017649966739e-01,-5.969018021927563922e+00,-9.692213718579168358e+00,-5.168923905148915310e+00,-1.895971211880160467e+01,-4.515071181838406389e+00,-7.699926788894018159e-02,-1.403283267888898678e+01,-4.210660353261483912e+00,7.226085625474614194e-01,-7.942792291405799787e+00,-1.472185052585169629e+01,-4.512929270388164937e+00,-9.963378433735471162e+00,-8.060823099958888349e+00,-1.142448882265623666e+01,-1.182101254382332911e+01,-2.874982967772032794e+01,-1.190011169280069225e+01,-1.182568662746518484e+01,-9.514347944785852551e-01,-1.666010864306369399e+01,-4.189900751162746850e+00,-9.534494378912443224e+00,-1.659120987987720897e+00,-1.140628517125128916e+01,-1.942137856070281288e+01,-2.244720443138167099e+01,-2.199657016164511703e+01,-2.308564527288566737e+01,-4.356174175253764602e+00,7.092484128435114776e-01,-1.276418309869625745e+01,-8.010842282849699458e+00,-2.039809847279222765e+01,-2.377533223444567767e+01,-8.619104162082535936e+00,-1.579168373747721787e+00,-5.483876346289518366e+00,-4.872665738910379574e+00,-3.045176279793987639e+00,-1.190170687831963114e+01,-5.643762563343162064e+00,-8.076928419470572607e+00,-1.205782205213562897e+01,-1.104652986538612147e+01,-4.887062897594462108e+00,-2.294520294441493036e+01,-1.379680003304101454e+00,-7.541780148076966839e+00,-1.013853429727104505e+01,-1.959754445906496656e+01,-7.336514066255206856e+00,-7.980929900749003103e+00,-1.095213698990056272e+01,-2.140309582690226975e+01,1.476299060384897111e+00,-1.622219165824384035e+01,-1.938156934214705629e+01,-5.948759950273645458e+00,-1.654591776576993212e+01,-3.286897265519879596e+00,-1.701943939888282387e+01,-5.196927786020725470e+00,-1.461622821565386943e+01,-8.993918936673120257e+00,-3.932589039236178863e+00,-1.146172368913851436e+01,-1.399083515336693395e+01,-5.177467887862614582e+00,-6.162438714676509832e+00,-2.430677600672408900e+01,-1.341618946541433210e+01,-1.328104612116920613e+01,-4.922674498381212516e+00,-2.123154847984086402e+01,-1.061672405659887986e+01,-1.162803285381957252e+01,-1.521691263846131115e+01,-2.913535903817023875e+00,-8.897646978118707750e+00,-1.000151617358635647e+01,-1.011813196149530292e+01,-2.132729602544323910e+01,-8.482458689361159543e+00,-9.461338531136657792e+00,-1.010228261659506899e+01,-6.870129216091518387e+00,-2.614344513679364823e+00,-6.351890666844814959e+00,-1.542894444997226344e+01,-6.954136592352002211e+00,-1.591106291603334988e+01,-6.979805423016637533e+00,-5.252110140833964103e+00,-1.987936191085190529e+01,-4.206176488978477401e+00,-1.273842317326052154e+01,-5.333095503314410735e+00,-5.957157341338321643e+00,-4.030837430311979830e+00,-8.277625121696475574e+00,-1.091207060385155359e+01,-9.214750125182597174e+00,-5.472442962187118454e+00,-8.993194236496007576e+00,-1.359153986829781147e+01,-1.634270832510271276e+01,-1.388653658595120177e+01,-2.298584828628424859e+01
-1.903605621040370721e+01,-8.150642156455052856e+00,-9.215580703986653077e+00,-8.356884278207534322e+00,-9.299016296525135061e+00,-9.626803400214845041e+00,-5.880110025283869390e+00,-9.333298496509900843e+00,-8.950707672715401131e+00,-8.502919102257690653e+00,-5.789218848733147738e+00,-9.838207962722306021e+00,-2.082245088322172677e+01,-2.074506469220379401e+00,-1.469528267048989179e+01,-1.679889419596511502e+01,-1.131330032198859303e+00,-1.239427389687284276e+01,-4.058575602491909962e+00,-1.063662487816868385e+01,7.870173122294016332e-01,-9.151714403487416050e+00,-1.499568144172198636e+01,-1.279263612413701567e+00,3.161912389964312980e-02,-1.483453185550865250e+01,-2.013401030035387862e+01,-3.248786636438175002e+00,-8.128700890156341785e+00,-4.548023404386130508e+00,-1.146106034635229420e+01,-5.022365424379895416e+00,-5.146808532160300764e+00,-1.174182913640709813e+00,-4.186070876436428279e+00,-5.032441207403204331e+00,-1.169463160818053993e+01,-6.034222172615781865e+00,8.274595389646787202e-01,-1.320404704951321451e+00,-6.851975388115763899e+00,-1.736904669545958013e+00,-1.466107419033984272e+01,-1.810476122297541224e+01,-2.245070647090190974e+01,-1.087792929285287080e+01,-7.558592157157958624e+00,-4.988462458649209452e+00,-9.193107041732575979e+00,-1.788716019738549434e+01,-2.331466572073139787e+01,-7.028919041672304857e+00,-4.365882450889994715e+00,-3.855935648086282974e+00,-6.323391933981341140e+00,-4.672960622769362971e+00,-7.288111646318990999e+00,-1.478344765218626122e+00,-9.879795540548897748e+00,-5.796173786300968800e+00,-3.037415597530844114e+00,-1.779106921612975611e+01,-1.355305842129566507e+01,-1.159667814237570305e+01,-3.518229206788571872e+00,-9.360215279806928024e+00,-1.452931939399447714e+01,-1.659032923606361720e+01,-1.501148880547038100e+00,-1.450086398374131491e+01,-5.229974967524128715e+00,-2.921091497279094007e+00,-5.227657568338786476e+00,-4.762455433124813453e+00,-7.657566800673373031e+00,-1.520326659350792475e+01,-1.498050156680305278e+01,-1.028683819322670168e+01,-2.184246835267527942e+01,-3.371890023225789434e+01,-6.311033582851420576e+00,-6.793636000299587252e+00,-8.156898775124135526e+00,-2.123784313214468611e+01,-1.689216952865046295e+01,-4.505914820820644096e+00,-1.039786130897419270e+01,-3.225378370147102913e+01,-2.341884896338687128e+01,-6.808543250939345093e+00,-1.919501975984840669e+01,-1.597160653447606826e+01,-1.661923732324499170e+01,-9.387847552728189049e-01,-1.357345407245098912e+01,-7.179923097627066930e+00,-2.656843120898474631e+00,-1.016793302570730972e+01,-7.046832578139671455e+00,-4.197350479871824191e+00,-1.878344670252264148e+00,-3.289304605224753431e+00,-6.162130267317619925e+00,-2.328389012350406073e+00,-1.049645660727882657e+01,-1.177646901224112952e+01,-1.208753621231994480e+01,-1.409560302396605280e+01,-1.038314871391301963e+00,-8.198795935554413106e+00,-1.574894405020564214e+01,-1.228751051628703195e+01,-2.059587252681112091e+01,-1.455334682208768982e+01,-7.450365316239230040e+00,-7.267937548898889766e+00,-7.087810171660696712e-01,-1.917482548828824074e+00,-2.871764990688838726e+00,-4.239494109917289144e+00,-3.992524695071050012e+00,-3.165045899906782090e+00,-9.935756154548489150e+00,-2.636574355672830450e+01,-3.944087740635044526e+01
-1.006228121868126557e+01,-1.072309229684914555e+01,-1.054284620955505503e+01,-9.455624515996998269e+00,-8.987198447232144005e+00,-1.959316753150763191e+01,-1.504871094530611586e+01,-2.860048049866234621e+00,-8.943922740311826658e+00,-2.836837556203228772e+01,-1.000391469133628775e+01,-1.179706952096304384e+01,-2.332673073934820707e+01,-3.193454533569223930e+00,-3.336939688880197874e+00,-1.932616516621021852e+00,-1.952851442396779902e+01,-9.935629768230496595e+00,-1.359264390462432637e+01,-1.302442336523749944e+01,7.083191404340412056e-01,-1.288584339278396840e+01,-1.425196937844403600e+01,-4.062663610980229656e+00,-9.989696464455353198e-01,-1.556359342750407393e+01,-2.070783781366637655e+01,-1.283883519975635679e+01,-3.198206679274343323e+00,-1.252439428025372159e+01,-1.444299780007155753e+01,-5.317254994501317000e+00,-5.212243625266149039e+00,-8.959675228533649616e+00,-5.912532055989330182e+00,-8.612428183354486677e+00,-2.325449283568372749e+01,-9.777805874186867863e-01,-4.695354745673529173e+00,-6.315911852832317708e-01,-3.472594621594269171e+01,-8.903214682655371526e-01,-5.627431258631059308e+00,-2.705752251456261348e+01,-1.537173641221582798e+01,-7.021728046043900662e+00,-9.632464537919075198e+00,-6.299074815402873284e+00,-2.005686830646976393e+00,-1.313117104504859967e+01,-9.745766259278839883e+00,2.911803989026753747e+00,-5.125890353464775728e+00,-5.560923128393859827e+00,-4.558184007139661986e+00,-7.577316926277827491e+00,-5.087644016955672477e+00,-4.726638142642462626e+00,-3.206077369737180938e+00,-5.058622110090626123e+00,-3.478737426811826516e+00,-7.535199830668981136e+00,-6.889952648121827394e+00,-1.165862227250732275e+01,-1.201509361259768127e+01,-6.814930686573270613e+00,-1.377769701735175722e+01,-7.770039287678663698e+00,-2.359150909248020156e+01,-8.317795572980658747e+00,-4.387335111685196409e+00,-1.063168521235483333e+01,-5.504602803971502922e+00,-1.735258057332724846e+01,-5.832491268951881302e+00,-1.576477035334670163e+01,-1.745403568161398056e+01,-5.772332792017012437e+00,-3.591627819766537755e+01,-1.623595470680713149e+01,-9.002997058404506703e+00,-2.339261099531125154e+00,-1.117578843602336747e+01,-8.061381758104666062e+00,-3.123735006730555597e+00,-1.955849137708057839e+01,-3.743641762281057161e+00,-9.779495627178182104e+00,-1.017371181057705698e+01,-5.595230199355984979e+00,-1.999906511945105692e+01,-2.185124239787111122e+01,-1.472234497197512937e+01,-1.792683827839232302e+00,-1.886006042505852776e+01,-3.380497690321740412e-01,-5.345919257619081932e+00,-9.585866880347852614e+00,-1.081406057935378406e+01,-4.178453734111025497e+00,-1.511562888000420912e+01,1.786001800122434036e+00,-3.765219380593957332e+00,-3.961170801466347591e+00,-4.740450492720757580e+00,-1.685455327047266083e+00,-8.356668411922290929e+00,-3.532197874089915146e+00,-8.241906838913997113e-01,-1.565342835994401227e+01,-1.761774920987865301e+01,-1.871993255440108328e+01,-9.839800144241859670e+00,-1.423480458160659978e+01,-1.215206860366815889e+01,-1.744758618388161864e+01,-1.178799394809156809e+01,-4.035088530910106996e+00,-1.481066461331499262e+01,-1.630676570597581332e+01,-9.819118486644938804e-01,-1.603355221875794712e+00,-1.417580991828519998e+01,-1.534701434328235514e+01,-3.176682838363399597e+01
-9.921683280283467354e+00,-1.350704881004534030e+01,-1.330570965040374354e+01,-1.629642208801678294e+01,-5.313665158229806451e+00,-1.360643106556906545e+01,-3.203320499200494442e+00,-9.820590550389180606e+00,-1.915548907767385955e+00,-1.434151420393650156e+01,-1.877661383607911461e+01,-1.090961761703805877e+01,-7.587783392036583585e+00,-5.967280966156472743e+00,2.293490261701174870e-01,-3.339321809528930096e+00,-3.874381411015987098e+00,-2.312235662041825623e+00,-1.472345854202397497e+01,-2.006409960537252957e+01,-2.738751268637410696e+00,-1.124512573605264620e+01,-3.106688376915220373e-01,-6.754782761611352271e+00,-1.235903778541800335e+01,-1.469307590948226050e+01,-1.776357389609632165e+01,-1.698526223393330881e+01,-1.209103021742985717e+01,-3.506420310202432944e+01,-4.276359961314219582e+00,-1.962313671185237363e+00,-1.323098550677362795e+01,-1.018706428947517217e+01,-7.573908005782266528e+00,-9.778078281580606657e+00,-4.704904058191653249e+00,-9.822556109467559082e+00,-1.686207155238312438e+01,-3.450447868511575145e+00,-4.278162818672281986e+00,-1.078448390037493709e+01,4.646665811457209583e-01,-2.504504466096304327e+01,-6.048003239761111871e+00,-7.050907999959509453e+00,-8.031551879155735207e+00,-7.725600551431647034e+00,-1.763207653992575619e+00,-2.083285120586506167e+01,-7.983396224779331085e+00,2.618492831094316742e+00,-2.830875609592982123e+00,-6.485025407090732052e+00,-5.954031262662272894e+00,-5.815599437583496290e+00,-1.519936548900717277e+01,-1.025811255910971198e+01,-5.640781250838423411e+00,-1.244830915671047222e+01,-9.612237080271199829e+00,-2.700508614480460068e+01,-3.056176906277300986e+00,-7.409317717296270089e+00,-1.634907232899642437e+01,-1.576346233983142220e+01,-1.546702391400625309e+01,-3.935668880128497804e+00,-9.418739570131593908e+00,-4.545636697631294965e+00,-3.244101154642311968e+00,-6.539430079635605075e+00,-8.005510487435140377e+00,-1.648407959593368233e+01,-5.511851656219800333e+00,-3.171891475653977466e+01,-1.735239876607418097e+01,5.942130566975157846e-01,-8.093440756997660301e+00,-6.012043530460724483e+00,-6.109265134463113256e+00,-1.004218447681032522e+01,-1.478223763009609293e+01,-3.019496268242476855e+00,-2.724370985491285424e+00,-2.602752694950973389e+00,-1.617354988180370867e+01,-7.354713146676006730e+00,-5.143454031772339619e+00,-3.802184658733755995e+00,-3.230574512977354118e+01,-6.085880014619141853e+00,-2.516010740128773904e+01,-4.831347320353137853e+00,-2.334065699117290649e+01,-5.719721145273908292e+00,-4.149750056996067471e+00,-8.663417558963359966e+00,-9.109641113724290307e+00,-3.981929233074103180e+00,-1.569769406065650230e+01,-5.600375080385006754e+00,-5.902961249372237873e+00,-1.913220877070072845e+01,-2.962023714640771299e+00,-3.520832640087490972e+00,-1.278527680118749288e+01,-1.075238001586013503e+01,-9.419809775922697526e+00,-1.204276784382953558e+01,-1.728388071162306616e+01,-5.989772898273180601e+00,-3.527566005271033589e+00,-1.821646643242984709e+01,-1.981301112387050267e+01,-1.789109025612561155e+01,-4.651540149744630703e+00,-6.002756611020634736e+00,-3.895086893560661956e+00,-3.321113061761071794e+00,-8.865556834523493634e+00,-9.242017087333859848e+00,-4.684032024678139727e+00,-1.129848072616904275e+01,-2.591636813441740372e+01
-1.905120757611618387e+01,-9.269913913523144089e+00,-1.249134608958685710e+01,-1.624177153398792228e+01,-2.060648789155229821e+01,-1.882948444871153271e+01,-2.470116047573511220e-01,-7.483686535769140669e+00,-5.150413640065918841e+00,-3.425814153176622412e+00,-6.201429727989232532e+00,-6.628431163746952848e+00,-2.292283870859857409e+00,-6.997830987470237574e+00,-1.723470295619145443e+00,-1.071962812056230874e+01,-1.408428652373908463e+01,-2.006480819827954676e+00,-5.197141663201191086e+00,-9.167400848610890662e+00,-1.490291477144026899e+01,-2.106611815862877268e+00,-9.352551624769116501e+00,-9.233355945051695102e+00,-1.847689123859520421e+01,-6.798182150635321719e+00,-7.566080988446302058e+00,-1.801471407909212985e+01,-1.750770891840791066e+01,-7.943416627971046751e+00,-6.975188755397228491e+00,8.586500693205217916e-01,-7.112108832873921038e+00,-3.335599488130203127e+00,-8.399061373538396325e+00,-1.500964902144893642e+01,-7.031926218901318748e+00,-1.723351648003196246e+01,-1.606656110449029384e+01,-1.185203365759609184e+01,-6.001962129956968539e+00,-1.202426227782027368e+01,-3.327766334330980236e+00,-8.813474125438027329e+00,-2.822154301037867352e+00,-6.809197355287155418e+00,-2.082207491353356421e-02,-8.424223473321525546e+00,-4.634900707219653526e+00,-1.295042431125682469e+01,-9.274761243292481083e+00,-7.855597134764771283e+00,-3.292082087625516795e+00,-8.963086139574583555e+00,-3.641722687191583319e+00,-1.310348026365503316e+01,-1.167243328947601100e+01,5.378861092358813156e-01,-2.572426374315822528e+01,-2.593008189652108442e+00,-1.115953538666853717e+01,-1.064369301485988295e+01,-4.649267945243544808e+00,-6.234302500390659141e+00,-1.320883723665838438e+01,-1.123634670224117471e+01,-1.248249257017157632e+01,-6.515286296761794382e+00,-9.566202507451674109e+00,-1.339993849708838525e+01,-1.718255913202528351e+00,2.900460270581422528e-01,-5.541095760688806493e+00,-4.689942099223568306e+00,-3.421781685884308200e+00,-1.033502986709714477e+01,-1.780578813611913702e+01,-9.146842839122687252e+00,-5.803581274377700439e+00,1.724579641548225073e+00,-8.111793985194221790e+00,-8.687170351122514012e-01,-1.636289360309399399e+01,-1.690702767389002048e+01,-3.986303586088207229e+00,-1.547354303991214941e+01,-1.140552958052625065e+01,-8.127337123396477736e+00,-5.655830256917181664e+00,-2.943561465688005896e+01,-1.616470149449519411e+01,-6.392165384103938308e-01,-1.590847853749953345e+01,-1.734711821740594218e+01,-7.381380028108982749e+00,-8.241728047360657783e+00,-1.036560407225400482e+01,-3.298797802702415627e+00,-3.984488763338521977e+00,-1.381015979132337357e+01,-1.344473991011058445e+01,-1.452370852116606770e+01,-1.213095954912934094e+00,-1.404135591636948455e+01,-4.381655602879126477e+00,-5.408088584861757475e+00,-1.635246156721077426e+01,-1.668187086935601116e+01,-4.187298683088255480e+00,-6.349536800065520126e+00,-9.945129304848052243e+00,-1.107485061515392211e+01,-8.754076940425148834e+00,-5.905159093112725799e+00,-2.379979078949916271e+01,-1.983239851794585462e+01,-6.225358791972049666e+00,-1.598657972111232084e+01,-7.671326830972196475e+00,-4.024327875484495110e+00,-1.890600854712407575e+00,-2.135184686545768784e+01,-9.757553748482113321e+00,-1.770751894872272203e+01,-2.108029223777239736e+01
-1.003294593756480957e+01,-2.793417404780367619e+01,-8.116711631142845107e+00,-1.643894988677256919e+01,-2.410888101637055669e+01,-2.180135591722713428e+01,-6.852421309901897573e+00,-3.710627076989763129e+00,-1.490814808678438474e+01,-5.864238340196987309e+00,-1.703028573291509362e+00,-2.172419022103731390e+00,-7.101319863619868222e+00,-5.006315752965300181e-01,-6.415372533172446268e+00,-1.488792032324335324e+01,-1.297513046184302787e+01,-2.637509055625957693e-02,-6.496683441112887536e+00,-1.397729857657644104e+01,-2.035130685949038920e+01,-2.051205551264492755e+01,-1.718285445050530313e+01,-1.926393516130725914e+01,-1.496826103294465149e+01,-5.445233750492880276e+00,-9.619641301561568270e+00,-2.624463426696080148e+01,-1.629033620422181983e+01,-5.136479001802333855e+00,-8.158425695551370538e+00,-1.622370833679225521e+00,-4.092497111977662527e+00,-2.339495250407898652e+01,-1.439511776437687374e+01,-1.445146016419640311e+01,-8.667181937744404152e+00,-1.325271918175246810e+01,-1.737943421474886918e+01,-2.349236130591225447e+01,-8.722383696008165543e+00,-4.353704435961322616e+00,-1.314550630432971545e-01,-9.958366627940023363e+00,-1.901758096257801256e+01,-4.144276156527306298e+00,-1.451914871531998230e+01,-5.999711919314727027e+00,-1.071720241212523206e+01,-1.024590761087086754e+01,-1.172257492947776214e+01,-1.282444796427759925e+01,-5.909862230640534619e+00,-1.385209962680902684e+01,-2.024904812977994073e+00,-4.724472322927671719e+00,-3.173659209092778877e+00,-4.311826080488280866e+00,-1.597891698318881382e+01,-2.536389861652371014e+00,-4.154824929235370945e+00,-5.743360343517790234e+00,-4.592327728045138890e+00,-1.047989516860500636e+01,-4.755395033306606400e+00,-7.390362900708673521e+00,-8.540398242294408249e+00,-9.444967302438097789e+00,-1.300290827919986469e+01,-1.898507154580137168e+01,-9.544228433163576497e+00,-1.839139150006393386e+00,-1.857313457134887713e+00,-1.070660999671970259e+01,-6.636858684443204481e+00,-4.612585100881065436e+00,-1.273198189393992941e+01,-1.521056704190809405e+01,-6.039340725871832127e+00,-1.417692975624827945e+01,-3.105535386675029486e+00,-1.054627790032795787e+01,-1.623712483173533627e+01,-2.831530531364487757e+01,-1.590819790687562962e+00,-1.460970049840586071e+01,-7.338197644786538021e+00,-6.648003182651045506e+00,-9.526752319628338128e+00,-7.390062025740215645e+00,-1.049776297788415924e+01,-1.014569442489374040e+01,-2.132933930006856116e+01,-2.497605020508037654e+01,-4.131068632802906926e+00,-2.042993009851135966e+00,-3.976484397827417805e+00,-9.070875283957992252e+00,-8.765872622948139181e+00,-1.122388052042953444e+00,-3.051514175792918948e+00,-5.553873602132069820e+00,-1.096093700500802370e+01,-3.271098029432222720e+00,-2.898575792396704287e+01,7.532100380502282366e-01,-7.330973943944209203e+00,-1.083074226757351965e+01,-7.329838438654667776e+00,-8.988448418763588244e-01,-6.551095882638160006e+00,-3.772892495486867670e+00,-1.852870912500617973e+00,-8.384322849280145817e+00,-1.779120791874791863e+01,-2.308627314772603611e+01,-1.676266272879780672e+01,-1.458243723516279289e+01,-2.065980692459678636e+01,-8.447505183551308861e+00,-2.444835093730777675e+00,-9.290282030653679968e+00,-5.735232731507893256e+00,-1.285924575646247625e+01,-2.557833396950204374e+01
-9.812639355385048390e+00,-2.246731749979908699e+01,-1.874667302873723784e+01,-1.243678396566809674e+01,-6.505702447322077475e+00,-4.922799405885413648e+00,-6.838050685382289551e+00,-2.491838716817154631e-01,-3.435195637361217358e+00,-4.106234737699523407e+00,-8.738545136602573038e+00,-4.905818041617695968e+00,-3.955585224488249452e+01,-7.638795157013851256e-01,-1.078550611312610030e+01,-7.804883616896364451e+00,-4.677108090107689797e+00,-2.845584582720164235e+00,-1.400118935529363995e+01,-1.556016086337835702e+01,-1.249721034900625405e+01,-3.713202547714150370e+00,-2.934091056038687029e+01,-1.077346001225363281e+01,-4.927910020434585370e+00,-2.664421494459943585e+00,-6.070466956885570475e+00,-9.642224139924826076e+00,-1.156390712934209830e+01,-1.788612952361779085e+00,-4.254536152554308615e+00,-1.487202481890270889e+01,-1.056601737491533299e+01,-1.182681431961835372e+01,-1.662651411868988660e+01,-1.699912818333380571e+01,-1.288104726516335319e+01,-1.087574257841150782e+01,-3.967647850904874929e+00,-2.522379567733783468e+00,-1.707898232029397434e+01,-9.510919034813834827e+00,-8.728532090660722886e+00,-7.721398411012017071e+00,-2.696389922500182390e+00,-2.122797352894409784e+01,-9.338876442221916818e+00,-1.002053829082228731e+01,-1.767526669682610319e+01,-4.196849223836027321e+00,-2.228558930177311215e-01,-2.097032220045637274e+00,-8.331029561050591781e+00,-3.412388670194248519e+00,-1.998482752715688449e+01,-6.893875924782108200e+00,-8.550190096834025866e+00,-1.216185437514251078e+01,-1.382669490695101366e+01,-1.856651128049164656e+00,-1.096289033425336346e+00,-2.781734590226966120e+00,-1.191883051490549050e+01,-6.698215655756665221e+00,-4.292730742754748974e+00,-9.390074709960082089e+00,-1.071237097610189259e+01,-2.056907718286674225e+01,-1.836267684544700174e+01,-3.713266985956759925e+01,-1.869220478958616383e+01,-3.327277252751551373e+01,-1.446649351106732873e+01,-5.888834340922373123e+00,-1.047122761860731011e+01,-2.131371602100354146e+00,-2.058996054738833958e+00,-2.002148734374164007e+01,-5.560917305139376765e+00,-6.737045188242314353e+00,-1.744462460027879303e+01,-1.433230056321215073e+01,-2.048302429448707684e+01,-1.461934443711589360e+01,-7.272282722199130411e+00,-4.928990563090282606e+00,-7.427130991823101880e+00,-8.488996784745809876e+00,-1.944922829519591190e+01,-1.821125370629112794e+01,-2.807291435682062186e+00,-1.463426379093780305e+01,-3.164399606814611587e+01,-3.710339682393162253e+00,-2.033008573926418450e+01,-4.219236916021330330e+00,-2.827775719246180763e+00,-1.033649388560321469e+01,-2.515740232227000384e+00,3.406689581289468194e+00,-8.103947790580544819e+00,-1.638237006732498280e+00,-1.171669658777582157e+01,-6.065732829909476820e+00,-7.614289522222490447e+00,-5.715646327486256340e+00,-6.848472033093160327e+00,-8.146045600835980949e+00,-1.650331285181270502e+01,-4.234375092661981199e+00,-3.961217682604644352e+00,-2.022705643598672509e+01,-6.621478076785964006e+00,-5.242960586131394152e+00,-7.928672699866217144e+00,-9.494095127637582010e+00,-5.630349648378752292e+00,-1.087174799438963824e+01,-1.366486370388734883e+01,-1.973984278418563276e+00,-9.085449950459691948e+00,-1.580697164292759460e+01,-2.480024041594674955e+01,-1.202376221927710986e+01,-2.103040798792470412e+01
-3.203515983457586458e+01,-1.022287441695923249e+01,-1.940461711213569274e+01,-1.535949519756953663e+01,-2.213073822126569556e+00,-9.955824584497106500e+00,1.696765473027926685e+00,-1.050659163169328281e+01,-1.134196290968126242e+01,-7.177647731717029522e+00,-6.503972821901653489e+00,1.782135541746431018e-01,-1.755956017194959751e+00,-3.609923719678000076e+00,-3.772099769488870713e+00,-7.949810024109309481e+00,-6.370095064508141114e+00,-1.254970717602309982e+01,-4.342658451863826485e+00,-1.670421932284299515e+01,-7.633278728948561742e+00,-8.493866798896714698e+00,-6.559888655254059842e+00,-1.250514594800786305e+01,-7.350075608661796878e+00,9.117992735944688842e-01,-5.505474935426128980e+00,-1.270494636675479239e+00,-4.040577434470552731e+00,-1.176729645557694681e+01,-1.232114565698531194e+01,-7.739250135106194861e+00,-1.165002083990255510e+00,-6.179264582250465487e+00,-1.173161577595035254e+01,-6.366182289144770579e+00,-4.020189320733197569e+00,-6.237299737831903945e-01,-1.183951546096291452e+01,-1.188373854643843153e+01,-2.938807911519818905e+00,-1.112898355648334103e+01,-1.495627040105717676e+01,-1.460956212145103628e+01,-4.556174212276595803e+00,-1.669289624301332964e+01,-1.332425044728688057e+01,-3.287689834121078292e+00,-1.903144682794622788e+00,-4.536614097136109969e+00,-2.951519281925886418e+00,-4.146454379879705776e+00,-8.461843462918794856e+00,-9.783016406834677881e+00,-8.281877025028164141e+00,-7.948927053915753049e+00,-5.901164870930609041e+00,-4.398939887171929186e+00,-5.028967409648053000e+00,-7.611657808064763664e+00,-1.254856755901934129e+01,-1.160354022453698342e+01,8.019184907038936494e-01,-3.142955569098977442e+00,-3.554104123078437816e+00,-1.089321499937894444e+01,-4.381671468579496853e+00,-5.902469805298601102e+00,-3.045230692061873867e+01,-1.583843614777859443e+01,-1.247321350575374588e+01,3.784800780290441535e-01,-5.237901499642244607e-01,-1.108496399242686614e+01,4.127537675162783470e-01,-9.837401593180144843e+00,-7.757269371402482072e+00,-1.214088295537014517e+01,-3.347350002267743818e+00,-3.049099803955934718e+01,-1.637694816459680425e+01,-2.784723973652225482e+01,-1.944490359100524657e+01,-3.380139706155793622e+00,-1.682450626586182096e+01,-1.443241822015489184e+01,-1.228020747286030812e+01,-2.242157049288036497e+00,-5.287085754339186927e+00,-1.240130872732682121e+01,-8.449561436409959825e+00,9.184345992452389584e-01,-1.005065318204597880e+01,-5.377004790303569592e+00,-4.020326853065784967e+00,-1.855914819012756922e+01,-4.110600068372137983e+00,-5.535319417111564277e+00,-2.600164137323650593e+00,-1.103806651368480729e+01,-1.643467278243654661e+01,-2.873538752946659613e+00,-5.092881538848912371e+00,-6.121514445635954260e+00,-1.170687644326157795e+01,-4.333524427586820105e-01,-8.908419573781412026e+00,-1.262859182167571603e+01,-1.207896015974137605e+01,-2.220889982672089147e+01,-1.355372554024644671e+01,-1.470810600932737522e+01,-1.134460336390155888e+01,-1.630449619850303478e+01,-6.084668314391150190e+00,-3.267778738761125901e+00,-5.733149366776524758e+00,-3.618316295901184976e+00,-2.841956200318910941e+00,-9.053631705764956905e+00,-5.978824691259305268e+00,-7.349856739619009538e+00,-9.787087399702405932e+00,-2.252695416781155302e+01,-2.244712854828612336e+01
-1.216458748909967191e+01,-1.873970081979685176e+01,-9.003115749659254874e+00,-2.378990207397081491e+01,-5.738756421946029640e+00,-2.344173253234491217e+00,-2.378416920218993624e+01,-1.592220738416133941e+01,-2.251062009079006643e+01,-1.674871091602277984e-01,1.232284239763113076e+00,-4.401402630574812846e+00,-1.500974500902807662e+01,-3.572747450783463563e+00,1.057160107752497025e+00,-1.271795408262904825e+00,-7.340276363583449815e+00,-1.070702806379814476e+01,-1.031653180104557066e+01,-1.029546884733534640e+01,-1.497391660404974800e+01,-9.997066746719976749e+00,-1.056903796322345768e+00,-4.883000171003113010e+00,-4.552203160048737374e+00,-3.617576519041059591e+00,-4.137501973340579120e+00,-1.421244679225550911e+01,-1.846452915703482356e+00,-4.403426937542417541e+00,-1.070222172241519942e+00,-7.602969125529219774e+00,-8.134821337799480467e-01,-7.968090219183171286e+00,-1.213233329804346106e+01,-2.593428914761534809e+00,-4.008205005493548079e+00,-1.811152210803485119e+01,-4.059207327866466208e+00,-2.933043943949918742e+00,-7.091165040180557710e+00,-4.406098947766567520e+00,-2.896577805410539241e+01,-2.374516715896339392e+01,-6.815410030418788345e+00,-1.449144206944730939e+01,-9.885417046757339676e+00,-4.304939132591549367e+00,-7.213722853543073299e+00,-5.323013174272195336e+00,-6.687993949642097924e+00,-1.201964065964480355e+01,-5.050608250297266011e+00,-1.661376810649062818e+01,-6.379263534998257157e+00,-2.464746524963853158e+00,-7.514161057778155239e+00,-9.402304523032061212e+00,-4.257976822327894872e+00,-1.348067828716682115e+01,-8.729604415576380561e+00,-1.203272128921177853e+01,-1.887248517184409780e+00,-1.840763560076234739e+01,-6.112360595023213605e+00,5.556236063195844066e-01,-9.238459074106025071e+00,-1.669174883076520288e+00,-1.434354294115766137e+01,-3.668329061353319531e+01,-1.589490903721924653e+01,-9.256018940894609415e+00,-1.048727753158877007e+01,-5.165968817660540058e-01,-4.438855631304472915e+00,-2.391325455370361652e+01,-3.810654533159486768e+00,-1.389650901154497120e+01,-4.373741938707449428e+00,-1.969722552544962646e+00,-3.833625275949601452e+00,-1.495036986482761243e+01,-2.764418795869921297e+01,-6.489313755685410356e+00,-2.025901110175507824e+01,-1.940824250390718575e+01,-5.591095158466508508e+00,-1.467383035881742259e+01,-2.741961534959487690e+00,-5.188056221075727947e+00,-4.257451490842826480e+00,8.125913131580958515e-02,-5.811669060553161792e+00,-3.753418197947534729e+00,-3.011760487774604478e+00,-1.493602214747019019e+01,-1.881295635017573176e+01,-7.757417967179982554e+00,5.266758765694724564e-01,-1.872670597083093114e+01,-1.817856821194499517e+01,2.870525166124175409e-01,-5.198176108614788182e-01,-7.713731506186914721e+00,-2.274244340805132492e+00,3.114855028430301154e-01,-4.755837955512745907e+00,-7.012052537278618658e+00,1.193587556183167475e+00,-1.422129975390913792e+01,-2.039125460375720067e+01,-4.122916106666355773e+00,-2.465823458570968540e+01,-1.803783392590811729e+01,-5.952827434618768621e+00,-8.983590443234056977e+00,-7.163546470852679704e+00,-6.860210717986890749e+00,-3.406953029702623148e+00,-1.687545119803967353e+01,-1.113710535995515372e+01,-1.060591520492669204e+01,-7.891691962779243674e+00,-1.475337108483066118e+01,-2.470341440437774239e+01
-2.236646113549930703e+01,-1.820930300883233244e+01,-7.318726324216211054e+00,-1.351602432881519178e+01,-4.841327535711810626e+00,-2.815408453270474176e+00,-1.378178343528299443e+01,-4.771316470377319874e+00,-1.089075220143978484e+01,-1.815433508099638438e+00,-1.933658696393153242e+00,-7.616346896078325379e-01,-6.192815918846591217e+00,-6.465533122868841964e+00,-1.175668260593589975e+00,-6.570878764071408362e+00,-1.056444131519294061e+01,-8.634717306962864214e+00,-1.113018844642430771e+01,-1.445123640164489842e+01,-8.134044019135188153e-01,-7.162979095273298569e+00,-3.259308091182822498e+00,-9.911889916613036533e+00,-5.012404539530065151e+00,-1.149289263917842163e+01,-2.201837020796087430e+01,-9.570793950827539476e+00,-3.347813502916957340e+00,-9.691127938662857488e+00,-5.696186780883789602e+00,-3.786255646098863892e+00,-1.476640250106238028e+01,-6.401227890563806255e+00,-2.804629820105490978e+01,-4.597908675996659866e+00,-4.033554245099492341e+00,-1.265215604780520664e+01,-2.788319506488412092e+00,-6.104063520188979908e+00,-5.449582678786142331e+00,-3.523655710975166055e+00,-1.959714410194735734e+01,-2.987493353735461454e+01,-1.777317053631892207e+01,-1.402751696550948779e+01,-4.274918883242415646e+00,1.725600649297011069e+00,-4.119387848199813185e+00,-5.190050492194020038e+00,-1.758834678529457207e+01,-2.249270135721518571e+01,-7.475799343553124032e+00,-3.691011896945873616e+00,-1.362519311134491140e+01,-1.191233335974723140e+00,-5.851514342198374408e+00,-1.595061043164027481e+01,-2.957600386099556111e+00,-1.233324950622776583e+01,-8.107863369296847367e+00,-1.915317392920515971e+01,-5.430011697856238939e+00,-3.427086990109179965e+01,-1.101919079892688558e+00,-2.112220684235223800e+00,-1.385506623169782792e+01,3.552403285314418291e-01,-1.467995863903953868e+01,-1.860640654794223181e+01,-8.308112445805752699e+00,-8.020168409197367509e+00,-1.179363411507961423e+01,-1.287625018938184773e+01,-8.000265223325541797e+00,-1.074844925959229158e+01,-2.111393383360764631e+01,-1.435705679251689570e+00,-7.470842165471488272e+00,-2.439606640584369046e+00,-8.533817534642544445e+00,-4.617724589412855352e+00,-1.886516567376213160e+01,-1.870718614124778512e+01,-2.431405666677497379e+01,-1.118128196335959501e+01,-1.822908800118355099e+00,-3.198760657456666046e+00,-1.032616022444967996e+01,-7.315954818365728585e+00,-1.505697156122482383e+01,-6.334498257626429485e+00,-4.553164319024976869e+00,-1.363498144171091120e+01,-8.733365861174176459e+00,-1.485977580493626427e+01,-1.179072003294761295e+01,-5.821465318041076920e+00,-8.979831838851733750e+00,-6.897375800591635020e+00,-1.952757401768391787e+01,-3.131916119893855210e+00,-1.624105143542443841e+00,-3.066803036120523629e+00,-2.148281471613628479e+00,-2.825877992188850385e+00,-5.834006779141127197e+00,-5.224352324776539547e+00,-6.211590356986757655e+00,-1.222534262991681331e+01,-1.187224702288686373e+01,-1.184960318665975443e+01,-7.732084441828392940e+00,-1.017524793172106001e+01,-4.978478412558319910e+00,-1.741719812379569987e+01,-7.466449007108861835e+00,-6.495670141799958497e-01,-6.036605769285376510e+00,-2.418043066310399070e+01,-1.086242305049611723e+01,-4.524288506590620429e+00,-6.799662627800861614e+00,-1.024572320484018739e+01,-1.176380445767233063e+01
-1.061120286913415711e+01,-9.731863092805719262e+00,-1.661245832433662173e+01,-7.497891283482704949e+00,-2.322517077962830356e+01,-2.199757032269657575e+00,-1.231940419335666093e+01,-4.717402387494570526e+00,-6.579726598204237220e+00,-5.947459825611711715e+00,-3.590885919687571537e+00,-2.773268438785208012e+00,-1.469385454204699348e+00,-1.089017330248545257e+01,-3.942285754915184626e+00,-1.056941368277628612e+01,-6.454557125562290665e+00,-9.722848098065743017e+00,-1.343324398582129753e+01,-9.437291240824091432e+00,-6.366477297458321694e+00,-5.818683690142084863e+00,-1.526762891819365642e+01,-9.506347766364608987e+00,-7.164659084641636255e+00,-1.156590323745294313e+01,-1.602808356180661065e+01,-7.287138268619953729e-01,-1.462199276065727105e+01,-2.422079021262842602e+01,-2.472499687267447399e+01,-7.716472643936036491e+00,-1.140809925850498630e+01,-4.697116053747402376e+00,-1.222577924930569715e+01,-1.109497247901320449e+01,-1.064281160900187828e+01,-1.367700856498200501e+01,-7.575563870706575997e+00,-2.119934474932203727e+01,-1.116469918426664876e+01,-5.506301451525274615e+00,-2.779447823941406881e+01,-2.847617339404174430e+01,-3.391235274616992257e+00,-1.293180314765622896e+01,-3.429183180473926740e+01,-2.791645569054054477e+00,-1.094789006877269877e+01,-1.066803764662768650e+01,-2.545833190637997845e+00,-1.360212538203732713e+01,-1.656254366353838847e+01,-7.044854866245193747e+00,-7.954392784021067975e+00,-3.881324037552845496e+00,-8.407155867540339500e+00,-1.539936239063537471e+01,-7.409136453909937359e+00,-2.416768104980758558e+00,-4.800850110480689104e+00,-1.104902618899064848e+01,-1.264456136069887160e+00,-5.152825089084683619e+00,-5.960397696633224385e+00,-8.616824857679649341e+00,-8.804466151644213312e+00,-5.777179620044474717e+00,-1.794064258385499144e+01,-3.206144994742081167e+01,-6.598566182148788428e+00,-3.245001561345777219e+00,-1.243084668054591013e+01,-6.236059263596336777e+00,-1.706958354598162941e+01,-5.504581511852117970e+00,-3.932451205959728746e+00,-6.720172281074979992e+00,-4.286500934420239162e+00,-6.478766122311742315e+00,-7.065572066085104908e+00,-9.384334791602018555e+00,-4.081735181663082024e+00,-1.500306448278984561e+01,-2.491742758166088834e+01,-1.149274776215291638e+01,-8.428824913278274877e+00,-4.439261327243915645e+00,-5.957992811919368137e+00,-1.237368259153568140e+01,-9.096418609226986973e+00,-1.086415412332970298e+01,-8.290030845266986859e+00,-1.099734494079673119e+01,-8.665235300630335757e+00,-2.287030322662118920e+01,-3.138525222833241202e+00,-1.752803885079101676e+01,-7.979997887746394625e+00,-2.365334766873286476e+00,-5.265246357983063064e+00,-8.188898648515242629e-01,-2.132091744648390375e+01,-8.964075951373292384e+00,-3.182851735799733461e+00,-2.245145952389896138e+01,-2.272443083404349551e+01,-3.944782530686635980e+00,-1.344228238509958828e+01,-1.358933070192473735e+01,-1.275418198677670212e+01,-3.160757337403340195e+00,-1.325323685684540953e+00,-4.134059978082262887e+00,-1.302532135435937732e+01,-9.946250643209181064e+00,-5.628199786777337010e+00,-1.006263437958659779e+01,-5.386499822568455720e-01,-1.499386606059655058e+01,-3.930102097070040212e+00,-1.043680067210977214e+01,-6.969169848468163231e+00,-2.230578633440147840e+01,-1.620527275949978474e+01
-2.360391316505978665e+01,-2.070078164422050548e+01,-8.335491110462248443e+00,-6.299313392225021957e+00,-2.356909513162116276e+00,-1.654791858533184268e+01,-1.251714324770645526e+01,-1.974064128599083645e+01,-1.182494659267067760e+01,-7.665286905319660171e+00,-1.894214031158008638e+01,-4.935481132572555829e+00,-1.456106472044645272e+00,-3.003992241560014875e+00,-7.489146238006004985e+00,-6.054166621178906027e+00,-2.425825475494214345e-01,-5.806490804959337559e+00,-9.699491960325714146e+00,-4.129642689962050639e+00,-2.189733922619637507e+00,-1.239448249088064102e+01,-8.511349149907898592e+00,-1.770677831516981016e+01,-1.716592202606243944e+01,-5.690651955200422663e+00,-3.800416936508874244e+00,-2.417491709513083009e+00,-1.830606562428096140e+01,-1.356039865920606147e+01,-1.410744697181053375e+01,-4.192960480461430883e+00,-2.047281557278584518e+00,-5.887258306430924293e+00,-9.152930663319482463e+00,-9.044883323732111791e+00,-4.231413484042439777e+00,-1.967953890744924195e+01,-2.387838018858654721e+01,-3.955318219864592777e+01,-8.899240909139891187e+00,-1.022987343083129730e+01,-1.263022162052194197e+01,-2.735887350385214489e+01,-2.136538311271642065e+00,-6.237676525296368624e+00,-1.498457183212133437e+01,-2.539702518872116066e+00,-2.112084210898059311e+00,-3.014072840436666567e+00,-1.334628909597996937e+01,-9.507822595365190921e+00,-3.705326816265265499e+00,-4.634011549414652542e+00,-2.408240847590135658e+01,-9.178090119317346307e+00,-1.130026967949134376e+00,-5.437957371297075682e+00,-4.043466744198769725e+00,-1.339570945619391118e+01,-1.186301075329057397e+01,-7.547192150963075719e+00,-1.215344991717112677e+01,-4.742441202176214787e+00,-5.849333235249543073e+00,-8.237695885265397422e+00,2.260348706373781491e-01,-1.658568459036991527e+01,-2.955733430344347656e+00,-8.047873935477799279e+00,-3.584928627502105059e+01,-3.245990742144933439e+00,-4.239143573760824957e+00,5.670546911378254729e-01,-2.687047822554589516e+00,-1.264474301193667660e+00,-1.635774610325671174e+00,-3.835864848930055970e+00,-6.719108444097207311e+00,-7.475166586534875535e+00,-4.918352645242758392e+00,-7.206952054510336936e+00,-7.257479363733908784e+00,-6.830769032959073783e+00,-1.276089374004110510e+01,-2.969893192877744781e+01,-1.721667741886004777e+01,-1.837814241880756683e+01,-6.971909176047903500e+00,-1.211796846146668827e+01,-3.249151545631863591e+00,-1.807440054811760888e+01,-4.180522687748872812e+00,-2.557162956807551346e+00,-2.416270359621542596e+01,-3.863960324022678972e+00,-1.119514368326096942e+01,-5.182150327235373943e+00,-5.311380462378099132e+00,-8.630082992365164074e+00,-2.371687549198155498e+00,-1.049000193622396004e+01,-6.884218560443255974e+00,-1.423262285608410593e+01,-1.304893150610077868e+01,-1.529950750828355766e+01,-2.974785699967742403e+01,-2.559228650538271754e+00,-1.592730847597452204e+01,-2.740634112406762668e+01,-1.175315455204129833e+01,-2.891586840071680875e+00,-9.045481447065652603e+00,-4.714345619997831749e-01,-8.097873514453354460e+00,1.727467161910314908e-01,-1.368120104164982109e+01,-1.363341447119177374e+01,-3.580963980150537740e+00,-9.772766894726325759e-01,-9.378173188863039300e+00,-1.134734349837810541e+01,-1.317707288834548152e+01,-1.047220600058154005e+01,-2.223909475360141741e+01
-2.192097190224914272e+01,-1.768822356723117295e+01,-1.438762343530276411e+01,-1.167528316385703313e+01,-1.665273133672060624e+01,-1.334887011245985988e+01,-2.185365758051688090e+01,-2.201554779776873261e+01,-1.705693805703943511e+01,-8.832832789862401057e+00,5.468898306795240138e-01,-1.278277154528195503e+01,-1.885930777908886302e+00,-1.673503711019513318e+01,-5.064838961238367965e+00,-3.630243366425860430e+00,-3.337580800987875573e+00,-6.083863840868332318e+00,-5.379968041526592692e+00,-1.105789842630876585e+01,-1.922576294680202302e+00,-2.104642235515072102e+01,-4.270975060000028023e+00,-2.510064779447360905e+01,-2.250079646994365135e+01,-1.057650008607287262e+01,-4.800276071908525566e+00,-6.339915525772047644e+00,-1.016197186643650952e+01,-8.629210391563557181e+00,-3.778538912688622631e+00,-2.184400940088883303e+01,-1.984410539538578933e+00,-9.027365523845652717e+00,-4.614634109698764419e+00,-3.596928134773583197e-01,-8.199436954496437835e+00,-1.447858701778242718e+01,-1.658098614556993056e+01,-2.842076671421969536e+01,-1.027623253736341979e+01,-3.168293039763585561e+00,-7.882937698676355964e+00,-2.605735161854528315e+01,-4.466951041850502513e+00,-5.274090746415715181e+00,-3.063303905251582471e+00,-3.906079781773700965e+00,-1.041568612927454041e+01,-4.171442880284402577e+00,-1.003851044604149578e+01,-6.628856347852219777e+00,-1.142668654339902012e+01,1.424167830511184452e+00,-8.994145774534946014e+00,-1.670900703004905097e+01,-8.805784479129833642e+00,-7.551342496749358091e+00,-7.521436444236203833e+00,-1.019312185588386477e+01,-7.677404706688587765e+00,-6.780731030218325017e+00,-1.562312843188558631e+01,-5.228143248102280261e+00,-3.260822439983230847e+00,-1.174897847196978651e+00,-1.063446732047948373e+00,-2.354318495151586532e+01,-1.674573298243791530e+00,-1.029578436174921396e+00,-1.097978968405044853e+01,-2.123920715360205325e+00,-2.383021482006855596e+00,-2.347477178813354826e+00,-1.765777468793989158e+01,-1.595283043097327713e+00,-5.087926323782074434e+00,-4.116773170839852725e+00,-9.879876449111508308e+00,-4.725652715936091042e+00,-1.345906660227508933e+00,-2.340003891598190577e+01,-1.553276294567549343e+01,-1.571610480212476402e+00,-3.156641370781325673e+00,-2.475237248377926136e+01,-1.107583615902104057e+01,-8.158782726347748593e+00,-7.315869285623923801e+00,-6.755958676870779556e+00,-1.543407122528075881e+00,-2.541566643330699904e+01,-1.017202768104759691e+01,-7.321911967461378623e+00,-1.101614366264746891e+01,-9.733050180928664474e+00,-7.458742092918765110e+00,-1.266708226090046630e+01,-5.004322009750534761e+00,-1.229715924128020532e+01,-1.898190276486573680e+01,-1.127889239853640646e+01,-2.230159159900679366e+00,-4.461480599694044535e+00,-7.220266994871355593e+00,-1.928816514684511674e+01,-1.288378110154804013e+01,-7.553260642814747072e+00,-1.347666126874463011e+01,-6.879653491254957842e+00,-3.916741778413804553e+00,-4.290707552855926643e+00,-6.272330068640421530e+00,-3.900087750004483489e+00,-9.274572290513289019e+00,-7.396777212284975533e+00,-1.407766961973315745e+01,-1.761209501828538393e+01,-1.595785542522690292e+01,-3.592431592391915895e+00,-9.968355567267472850e+00,-4.885862879032369044e+00,-1.000038620486801477e+01,-1.067611738667345378e+01,-1.213204820564902064e+01
-2.040182926160380461e+01,-1.145191863433744395e+01,-6.472447274948931906e+00,-1.550145340516314540e+01,-2.044200071551091824e+01,-1.719060435924042807e+01,-2.171803542779464635e+01,-2.785580014940002513e+01,-9.598169078158939271e+00,-6.514290308292806309e+00,-1.277643635102099218e+01,-8.557535092757229123e-01,-5.154450229614491619e+00,-1.312960214961110772e+01,-1.166427328050523293e+01,2.544316959439760772e+00,-1.310088788622622502e+01,-7.575553058328527989e+00,-1.249640074683622082e+01,-6.722096637599187297e+00,-1.170362589747989190e+01,1.524297075271862090e+00,-4.967364499641059084e+00,-1.058164967371614296e+01,-1.096269424610909660e+01,-1.647227678882428137e+01,-3.273030599290686737e+00,-9.556711362162237933e+00,-2.276530588853859616e+00,-7.736414421003933839e+00,-4.040144445107134885e+00,-5.358203218117463251e+00,-6.009345282942904376e+00,-6.892736038645224106e+00,-5.896058910999100178e+00,-5.664365969473093010e+00,-1.767787726394113434e+01,-2.789787922987365221e+01,-5.413486752054393669e+00,-2.732238463348814506e+01,-8.040565552968125473e+00,-5.714463146782896352e+00,-1.646954369011637809e+01,-2.361182547507555185e+01,-2.367658025726892213e+00,-6.412436185574326153e+00,-9.030614291098176594e+00,-9.817062595221951682e+00,-9.376732568127282619e+00,-1.011563613291406050e+01,-1.844891001750652570e+00,-3.419821520883407295e+00,-2.090672602492664822e+01,-1.742275632270098518e+00,-5.758516429571675310e+00,-2.657744537624073899e+01,-1.578608523508906281e+01,-1.506583080469063241e+01,-2.082500780874902446e+01,-6.203828750380977475e+00,-5.708112130339975110e+00,-3.865054371615488371e+00,-1.420632883309868255e+01,-1.459347469645559414e+01,-9.843973978986612750e+00,-1.354414439413782700e+00,-8.172345146626428303e+00,-4.100561668756370182e+01,-4.328625875462587480e+00,-4.410412791066468330e+00,-2.421049141424295392e+00,-9.923777885394360343e-01,-5.636264972157068343e+00,-4.547721953753647739e+00,-1.138269777980853270e+01,-1.884494988595159271e+01,-3.191990835765810441e+00,-8.187424435694353519e+00,-2.080475956544845317e+01,-2.480379721965789930e+00,-3.670046932749639446e+00,-7.547212829176422666e+00,-1.679775648909387087e+01,-2.042944511255467610e+00,-1.896599974401273148e+00,-1.674775964648508619e+01,-9.032559225376839862e+00,-7.113616641414278519e+00,-5.243426768034638918e+00,-2.743162796792943503e+00,-6.693751997779705754e+00,-3.080246984291546752e+01,-1.886618267647975955e+01,-3.045324305352888317e+01,-1.371040173028998943e+01,-1.202990162437835231e+01,-7.639748551088012540e-01,-1.930739804739768317e+01,-4.106567938508238313e+00,-2.927591844827174050e+00,-4.637455489992632351e+00,-1.975885081300532775e+01,-8.523029724099036031e+00,-7.809180560199041388e+00,-8.887275889545410479e+00,-1.174785760960562264e+01,-6.823086120961963985e+00,-6.668898049037562004e+00,-4.908377591804839568e+00,-4.341926827483455043e+00,-1.004670257809973677e+01,-1.247486685713249699e+01,-6.535447761709462178e+00,-1.594580058549493362e+00,-8.671115291782500734e+00,-4.140969168694061509e+00,-9.685932678077067592e+00,-1.989828505887036636e+00,-4.305169626013933382e+00,-4.907405114941944646e+00,-2.920724164592408023e+00,-7.852290303694474893e+00,-1.319381339651329377e+01,-1.936194851743827527e+01,-1.401033651519573375e+01
-2.020451441383986690e+01,-1.267307515265262019e+01,-1.860744407589579197e+01,-1.490930113020288950e+01,-4.228424182810082144e+00,-2.953459739088307057e+00,-2.196824155191555406e+01,-2.124426251382034891e+01,-9.102770596796291969e+00,-5.476419825867663960e+00,-4.695714715735702427e+00,-8.698375427889970979e+00,-2.793569613849233413e+00,-1.632344687589528576e+01,-3.295908652976650188e+01,-3.113618145950632687e+00,-7.002787825750312223e+00,-3.533268346215248101e+00,-1.511416594317963913e+01,-2.708347224124189268e+00,-4.906633982388472148e+00,-1.093802020488290161e+01,-5.575785765178340458e-01,-5.158860666377355741e+00,-2.833270746845342192e+00,-1.457383637907235574e+01,-1.320848083539869045e+00,-1.496899721899904279e+01,-7.664308689840234834e+00,-3.906876464238147939e+00,-6.710190160260152581e+00,-4.651105095232194842e+00,-5.937310199429925994e+00,-2.540617117635886935e+00,-2.196188193975759617e+01,-3.631611471015919967e+00,-2.028840105310509756e+01,-3.274141792923316530e+00,-5.764699057202276045e+00,-2.581563487724166350e+01,-1.167730184603183119e+01,-1.007693148499425995e+01,-1.094571959896078184e+01,-1.823679976263511904e+01,-5.095179346433411638e+00,-9.651324720771400578e+00,-1.461696790131267853e+01,-5.930680941089070402e+00,-3.961588861521628147e+00,-1.254269943902747286e+01,-4.829967598130645356e+00,-2.601306717431294402e+01,-3.610852613276825451e+01,-1.756004463928952042e+00,-1.988775674371908053e+01,-1.987324759094772020e+01,-2.912119473328511177e+01,-2.458008639351015034e+01,-9.325583083453551581e+00,-3.128679042756010631e+01,-5.336217089186460427e+00,-2.650612350490800129e+00,-4.958756172295060161e+00,-1.628579141733346347e+01,-1.065712599392887761e+01,-7.459344555600248228e+00,-3.789770904417329334e+00,-2.133667775299974423e+01,-1.716039172000096258e+00,-3.084148667667454990e+00,-7.810781968602944048e+00,-8.162263862113055879e+00,-5.560230322596089181e+00,-5.749648472313912961e+00,-1.389505569385449668e+00,-6.089029130067117990e+00,-2.151910041889400915e+01,-9.180373816907222206e+00,-3.623872931497233996e+00,-2.122432638585105003e-01,-1.041472447840962090e+01,-7.165144974855156335e+00,-5.464469631911851089e+00,-2.907499057719911129e+00,-2.142544129978800616e+00,-3.302056358778207823e+01,-6.516825428821320543e+00,-5.801830064560043354e+00,-1.611792281141723748e+01,-1.234309330757889001e+01,-3.789994079197791077e+00,-6.700246857100959019e+00,-1.247156591383127022e+01,-1.449947671642652658e+01,-2.060891457540608940e+01,-4.317868986823906852e+00,-3.297804301936475557e+00,-1.959175480759668275e+01,-1.336613218671953618e+01,-5.394980599115571707e+00,-1.197510045172585913e-01,-1.282514818076328211e+01,-1.888813787099061869e+01,-1.554193452092432892e+01,-3.973968173595277875e+00,-3.874887189896821127e+00,-7.488861039581981238e+00,-6.199257683358919024e+00,-5.899705193358050437e+00,-8.005665859834625309e+00,-7.172704707275965319e-01,-1.599370075302415550e+01,-1.241977999488380391e+01,-4.790270935896904447e+00,-7.324292823259748175e+00,-4.727025163394210638e-01,-3.847832480338033712e+00,-1.010227023870444940e+00,-2.003991535960988557e+01,-1.382892416839808514e-01,-1.952414048370281918e+01,-1.094712847164491620e+01,-1.307550323586017527e+01,-1.901959883148963115e+01,-1.523354472256635361e+01
-9.546110602788166588e+00,-1.221219018118323874e+01,-8.348957600941302459e+00,-1.865703382780705155e+01,-1.045931643304033898e+01,-8.165789412549282034e+00,-2.686319659130045778e+01,-7.476633403978066639e+00,-1.489373998796587095e+01,-1.492602806509349911e+01,-9.248641704681176634e+00,-7.734376777867745467e+00,-1.364233146207407543e+01,-1.049679452989471962e+01,-8.661543456098119265e+00,-7.107209967575144560e+00,2.552936272026653519e-01,-6.092125820735931008e+00,-1.561765239050816589e+01,-2.217488819202214856e+00,-1.645634577549372324e+01,-1.258324519305416622e+01,-2.555541401738197660e+00,-9.373728085246838759e+00,-5.165056608575502750e+00,-5.123319698616360385e-02,-4.939474904213484230e+00,-2.336006932913925738e+01,-1.797567675897370165e+01,-2.462156945833377630e+00,-1.896487481419777410e+00,-5.203036559608873901e+00,-1.382863478237466737e+01,-9.383064988090421110e+00,-2.775385865037129474e+00,-5.249885850011981603e+00,-8.551076464758383011e+00,-3.248484558923778742e-01,-3.649641068059617055e+01,-2.309224682486443214e+01,-2.710039513892097318e+01,-3.578043653528112600e+01,-3.723743828941235012e+00,-1.397805142601764139e+01,-2.914308386489962999e+01,-3.745857230113061931e+00,-7.213593459947102993e+00,-4.459953632469241036e+00,-9.347163185185257683e-01,-1.832443374551642634e+00,-5.741374993375746527e+00,-1.772328823312716040e+01,-1.690041556923895527e+01,-3.555478846117470226e+00,-5.931861660211019682e+00,-8.416472339693843452e+00,-1.274748228127366367e+01,-2.735451149157809425e+01,-2.852150926576391132e+00,-1.541244522884468005e+01,-1.407657777201130944e+00,-1.260249407738526450e+00,-6.932345188915709500e+00,-1.300115756140504075e+01,-8.997342967049435813e+00,1.349074444396691219e-01,-8.678305758352722776e+00,-6.701220516454934994e+00,-4.730214225978133236e+00,-1.495268817672662998e+01,-1.709511030262748754e+00,4.030095717428413549e-01,-1.089283264449460553e+01,-4.659991159207818257e+00,-9.844770171533101077e+00,-1.871272227004216582e+00,-1.314876899789706854e+01,-9.120313294142535554e+00,-5.703941670744923087e+00,-8.454649595776899673e+00,-6.089235967997680632e+00,-8.712205730966912753e+00,-5.756394918445051800e+00,-7.449150190855977627e+00,-4.337892603118246981e+00,-1.142837661015934536e+01,-6.258783851116959340e+00,-7.722640262512449283e+00,-1.810836783938750028e+00,-5.235251744009592478e+00,-4.285979361638672103e+00,-5.628461985409557222e+00,-1.803314686600405636e+01,-1.295613211567939693e+01,-4.231589857433142754e+00,8.167870181910037441e-01,-1.657181225070414499e+01,-8.203565666943770651e+00,-1.527165236235429546e+01,-1.350095687257634403e+01,-4.403925183831447931e+00,-2.018300488350519117e+00,-1.199694741656321106e+01,-1.511959193903449084e+01,-1.357580496535738490e+01,-7.560666938260876435e+00,-1.191298408912102325e+01,-2.694081458778343041e+00,-5.401540611306884898e+00,-1.389478925462716674e+01,-4.002247711374922190e+00,-5.339272989928769420e+00,-1.286925755644266900e+01,-1.791908012816766060e+01,1.108843129428104701e+00,-4.991541163890081734e+00,-6.978229205244409705e+00,-1.366341314618064295e+01,-3.067182951052923379e+00,-2.995164847356313942e+00,-9.442872802645938535e+00,-5.930136910370706893e+00,-8.893343165593641686e+00,-2.215347224547052463e+01,-1.691206902770888831e+01
-2.439298636601311898e+01,-1.632605883486478859e+01,-9.861278334885788865e+00,-2.825517920138264572e+01,-1.210162284562381174e+01,-2.749230434681101087e+01,-1.424800280337555591e+01,-2.277151336457432063e+00,-2.252226204837154633e+00,-2.730504444751589155e+00,-1.174518977469505288e+01,-4.181660319653374813e+00,-6.217777478011893066e+00,-1.162459770062110209e+01,-4.868488499956611371e+00,-9.543176061602780536e+00,-1.865909606890448558e+01,-1.434009912099607043e+00,-4.160214341172360442e+00,-5.729528697056247566e+00,-1.784215912585241881e+01,-1.429730611225547854e+01,-7.767615409860515463e+00,-6.120196979147874750e+00,-4.037872146589537969e+00,-7.823845323496902981e-01,-6.917351617681610776e+00,-1.698299886423577121e+01,-1.689071371754048556e+01,-1.641609719690849012e+00,-1.050661399729067824e+01,-2.079269033491748075e+00,-2.758641033021511646e+00,-9.109678349911835227e+00,-1.448258988959653237e+01,-1.169835097550794956e+01,-6.982689867514377369e+00,-4.063118693119641023e+00,-2.836851022568001568e+01,-3.942733614292344413e+01,-3.435450897000216486e+01,-1.510272828110863053e+01,-1.256109089201618545e+01,-1.059678497598507185e+01,-1.491395497865091180e+01,-9.816846328568654911e+00,-3.555720486982835826e+00,-1.216401802478361382e+00,-5.764665759588246452e+00,1.078946408488235864e+00,-1.501643433475065592e+01,-1.691443135909732831e+01,-1.619968735723587017e+01,-1.753131634855083831e+01,-8.187260489787281159e+00,-3.552738000488858461e+00,-1.104297901992948461e+01,-2.373631783011561325e+01,-1.592858755632368961e+01,-1.417043780233613326e+01,-6.101893124928209566e+00,-6.836232433235178263e+00,-6.675838664913646525e+00,-3.740422851919861902e+00,-5.296445102477336242e+00,-2.952538353589482245e+00,-4.071941711198751257e+00,-5.195003408429597513e+00,-1.018983329912224356e+01,-2.197050803300535904e+01,-1.277735080525466849e+01,-4.304844054858331326e+00,-1.034722445785316935e+01,-8.179862569728776123e+00,-7.312755460520802053e+00,-9.120164830166359593e-01,-1.115882945997050157e+01,-5.969882697573263286e+00,-1.974678968655695854e+01,-2.740029550542303127e+00,-2.490401883304818931e+00,-5.365947290320831620e+00,-1.445464117105342439e+01,-1.624642904657967790e+01,-1.347405505714904805e+01,-1.075016708843231328e+01,-5.412439576148115883e+00,-3.179591929177434384e+00,-5.270404519507972729e+00,-7.056603499289961334e+00,-9.703177267446738696e-01,-3.039288732044308716e+00,-2.106307317988621719e+01,-7.863363629657182940e+00,-1.050812013314475379e+01,-5.520035741080338454e+00,-1.231527079168122718e+01,-3.354793606983608623e+00,-3.177474352875464980e+00,-1.520866868255281013e+01,-4.676676066593887349e+00,-5.506946759352677745e+00,8.361088832334502285e-01,-8.630238333486754954e+00,-8.669032136450937287e+00,-4.861664426929317884e+00,-7.765012085710725209e+00,-2.387166996291528065e+00,-5.867866347304138586e+00,-1.688546142247421145e+01,-3.491715821626725003e+00,1.043198867888770615e-01,-2.154333083743461330e+00,-3.193914751584265410e+00,-3.033272059218319772e+00,-5.938487048181084305e+00,-4.311975910793637290e+00,-6.858188624994674853e+00,-5.611252443817175362e+00,-1.381624476974524640e+01,-9.677079411219335014e+00,-1.041642203871927208e+01,-3.968905255749784367e+00,-1.961210701104029397e+01,-4.313078999940159264e+01
-2.427050654206094293e+01,-2.155502819292138739e+01,-1.115920177259006252e+01,-1.862209166286386619e+01,-5.559043569271111096e+00,-1.913816319055272430e+01,-9.599517797320473278e+00,-3.040338107307448023e+00,-1.228305662610023496e+01,-5.935879883597683815e+00,-1.122159805453508064e+01,-1.044043903412840635e+01,-2.096124590601999405e+00,-1.618191610823093995e+01,-1.980938880856293594e+01,-1.288206383635573005e+01,-1.426417092316915891e+01,-9.585667052416436462e+00,-1.103804276787108840e+01,-1.407154980145883982e+01,-9.968792788931319038e+00,-4.651657242146175264e+00,-6.435719761058398269e+00,-1.136215110727657063e+01,1.239190922948316231e+00,-1.873323240748431262e+00,-4.658277052371380123e+00,-1.484609023934421046e+01,-1.831675234669632957e+01,-2.353277469499057872e+01,-9.811516946315965271e+00,6.439139166542147130e-01,-5.898714943757417117e+00,-1.200563895526931901e+01,-3.466659922313164088e+01,-1.161420723687960965e+01,-4.446833015041924853e+00,-2.167581929158238108e+00,-2.490289566551068390e+01,-2.956459607230557651e+01,-3.126929017178374437e+01,-1.519701634049827943e+00,-6.876616753836177764e-01,-1.822753708207266854e+01,-5.050465180250385266e+00,-9.836823552820158412e+00,-3.464234058029115992e+00,-2.380713005256182679e+00,-6.258120838266330033e+00,-1.342812883298849691e+01,-2.047444707494430816e+01,-2.920669703326721134e+01,-2.202160974874646016e+01,-2.211901828778148626e+01,-1.503895471420183938e+01,-6.325038324805896117e+00,-1.099105760742928695e+01,-2.193954104048009057e+01,-1.545997415864698077e+01,-1.994339537378898575e+00,-4.732036028185372167e+00,-6.431118931758752488e+00,1.100621480137309760e+00,-3.307459016201487856e+00,-1.080617289048309360e+01,-1.602419324393073907e+01,-1.464012386467547699e+01,-3.988433377583925576e+00,4.264844629597946968e-01,-6.847647978778518052e+00,-4.395324435408241470e+00,-2.540733856481516284e+00,-6.386974121243921942e+00,-2.459589767682735584e+01,-2.105703664141659992e+00,-9.808895633429482785e+00,-1.117745435136813015e+01,-5.118244133843536936e+00,-2.104722856670469611e+01,-2.446536991238223990e+00,-1.109627791776470218e+01,-3.644592383888403120e+00,-8.595436955567116399e+00,-1.151894385746296479e+01,-2.042871568478434341e+01,-2.855371268885744485e+01,-1.089347463498828716e+01,-1.119354020333894262e+01,-1.069980261500030139e+01,-8.058445579540574499e+00,-7.157972730682087281e+00,-9.287924151032791897e+00,-5.249284094580596971e+00,-7.452482233213232554e+00,-2.407371116219047202e+00,-4.238305290744120768e+00,-1.382918030312117352e+00,-3.093219561918752802e+00,-1.288119275973108380e+00,-1.718614347766896699e+01,-4.211910788419407581e+00,-1.774372755102865185e+00,-2.638394800581445043e+00,-9.741325586939161951e+00,-6.837256831366390619e-01,-8.460675577370851741e+00,-6.944302327271218545e+00,-1.003162331499940940e+01,-1.692607371316113785e+01,-1.262158480982057007e+01,-9.112523550407072293e+00,-2.649142068915113502e+00,-1.053339896245219620e+01,-1.230411665863984538e+01,-7.067077895176541169e+00,-8.558829990545747890e+00,7.444673936694369276e-01,-1.477370316953122487e+00,-4.403012973189725621e+00,-1.541010758251511525e+01,-7.136525273357475996e+00,-5.895615015136181469e+00,-3.004823465200988863e+00,-6.503802028287902104e+00,-2.919518401230768490e+01
-2.268413863927353447e+01,-2.065177014818631918e+01,-1.095675764788327555e+01,-9.973442573725009197e+00,-1.112995111648217872e+01,-5.917461873131610872e+00,-2.232988913232386352e+01,-1.817874654923699040e+01,-8.406773313195985864e+00,-8.711587840069102029e+00,-2.811021098505239735e+00,-2.280832139140201331e+00,-2.909179853995963683e+00,-6.629711503427378361e+00,-1.855683662222433483e+01,-7.065477076136470913e+00,-3.360386681019187360e+00,-9.052039366744972781e+00,-1.846527531446838211e+01,-4.702549886346643504e+00,-1.412406862354260717e+00,-4.607888614951295203e+00,-1.312295471360659604e+00,-1.013473331974799230e+01,-4.579591074802684680e+00,-1.798113634477203515e+00,-3.764718201660745667e+00,-1.713339424068566785e+01,-1.956619368630830280e+01,-1.113448375921544553e+01,-5.343703896899514305e+00,-2.809285818459223982e+00,-6.664706281545766053e+00,-2.641867199308680725e+01,-2.737328623965797547e+01,-4.869642553323751066e+00,-5.140339120032429321e+00,-1.076696261565418666e+01,-1.770469316207771016e+01,-1.759896529348308292e+01,-2.428021306875411511e+01,-1.144222506203949052e+00,-2.417105193359369686e+00,-1.130749698826911853e+01,-6.271138678279020162e+00,-1.401266446583458070e+01,-9.082396320056911776e+00,-9.011928381144002742e+00,-1.123002408352687986e+01,-1.738608718851578061e+01,-1.807222855014850893e+01,-2.131562823747862723e+01,-1.807945066865336159e+01,-5.988556322191531223e+00,-1.461329155269788416e+01,-6.883199195233937751e+00,-2.308092026778608385e+01,-7.760473133994452155e+00,-3.383873155047339321e+00,-1.335628023159534195e+01,-2.766321467365939757e+00,-3.906610187363877884e+00,-3.543181742995920036e+00,-3.638447520587342332e+00,-6.703077554786536219e+00,-3.495716693932421748e+01,-4.013168528204310093e+01,-3.249252442657071249e+00,-1.544885755214665313e+00,-3.886285837745111493e+00,5.148987618097617958e-01,-1.371815926725620649e+01,-1.517625207199874104e+01,-7.223779178845744831e+00,6.578911544527441535e-01,-1.335413643964944264e+01,-2.988159051930162846e+01,-9.350226386787154453e+00,-1.500856127656266636e+01,-1.264499884694697367e-03,-1.824838196576523330e+01,-1.006936439733989275e+01,-4.420482790929405326e+00,-1.768186950792523859e+00,-1.876179434713727900e+01,-1.054014022480848567e+01,7.036136020951402337e-01,-3.460432695671821879e+00,-2.743203945887655149e+00,-7.783638184612488686e+00,-2.085830272314903766e+01,-2.079872398132425815e+01,-5.637454867911555922e+00,-2.559502039902759041e+00,-1.930336829606535076e+01,-7.230651525345804131e+00,-1.084381917230608039e+01,-4.406615084260993243e+00,-8.515003719697201490e+00,-1.526847423506607804e+01,-2.975965579137142658e+00,-3.912888140818626237e+00,-3.859876828294213080e+00,-3.584708304616327723e+00,-5.638449514784522165e+00,-1.353094598942530880e+01,-1.156776270720913047e+01,-1.533530334171789988e+01,-1.891541983207029176e+01,-5.043521700934372021e+00,-2.445180275394036595e+00,-1.869918767022585726e+01,-3.085518407555088771e+00,-1.451367980052781625e+01,-9.054920008682588062e+00,-3.477854863572817479e+00,-2.012260874791805154e+00,-4.056776086439263906e+00,-2.412410831994487914e+00,-8.949599281341159340e+00,-1.345934337995267249e+01,-1.756628353930206998e+01,-5.194079548279237457e+00,-1.620152111468607359e+01,-1.860505062364213558e+01
-2.693778044685553041e+01,-1.831999905677536589e+01,-1.142828393622312788e+01,-1.422518839663053747e+01,-8.084589586646950821e+00,-1.000074443538766289e+00,-4.026656876633211368e+00,9.778994897043619128e-01,-4.994564783684841913e+00,-4.754363343293034561e+00,-2.096011843441023981e+00,-2.642229184419595001e+01,-3.320485920082929088e+00,-3.541325768657708650e+00,-2.055109614385221306e+01,-1.060138430082513494e+01,-9.743627738584624609e+00,-1.064590445855349288e-01,-1.409174536563750380e+01,-9.910116639298085062e+00,-1.735876258795480354e+01,-8.870103207043600335e+00,-7.405579643925930711e+00,-1.033210963452185283e+01,-5.999526410519049335e+00,-2.902669148924215570e+00,-7.810792254643682320e+00,-7.218783846650612901e+00,-1.576212121758032936e+01,-6.577094830330815434e+00,-5.791222827565913001e+00,-6.919148429446268622e+00,-5.143576338594449737e+00,-1.050613144908939844e+01,-1.443748738736976378e+01,-9.039935983905188266e+00,-8.479829687639590219e+00,-1.598103473449623024e+01,-7.704200960944631582e+00,-8.939557175777197884e+00,-1.128628925112463754e+01,-6.672230267958807914e+00,-1.098836479270896227e+01,-1.662930058054678639e+01,-9.908169987764845033e+00,-1.064257947227126877e+01,-3.216397330901070717e+00,-1.391294620774891300e+01,-2.995148731861475966e+01,-3.163189464587520661e+01,-1.427809213688755108e+01,-2.156923821115611517e+01,-6.542949310882733904e+00,-4.356680882343714423e+00,-6.899646962212355739e-01,-7.537771870310985278e+00,-1.166176297801668760e+01,-4.891138452265431980e+00,-1.461685333460316372e+00,-2.542131883852850827e+00,-5.767325863496230554e+00,-2.101261944653990132e-01,-9.736828788653777877e+00,-8.513188661260906898e+00,-6.052454401452389554e+00,-3.527147721643980560e+01,-3.765592586513783147e+01,-4.775130110866975031e+00,-1.707185333387289283e+00,-1.789527235177165210e+01,-5.532688482499414917e+00,-1.680257948776589849e+00,-9.791566588186631392e+00,-5.935343218751876648e+00,-6.675464147270535165e+00,-2.061516239493724090e+00,-7.135766377796466386e+00,-2.363096669718294862e+01,-9.374355021425991197e+00,-2.784324971666870319e+00,-7.047757603297322149e+00,-1.120048087507227663e+01,-4.903400794764547044e+00,-4.358447543824659931e+00,-7.950645426872577914e+00,-5.198373983245052621e+00,-4.716582155260502063e+00,-4.557896734817370898e+00,1.874321655078987403e+00,-1.523099614154784298e+01,-1.146173005137302425e+01,-4.876637378915750887e+00,-1.130225948526428681e+01,-9.626338386748944487e+00,-1.433168708290195781e+01,-1.906277905251272031e+01,-5.017340860423353810e+00,-5.576858468828296722e+00,-1.134991779556847291e+01,-1.638670287056116237e+01,-1.046572070934496779e+01,-1.118097504515363028e+01,-1.746907615762351895e+01,-7.384734691196232603e+00,-5.224293643008267374e+00,-4.663887744996265639e+01,-9.702959368848127042e+00,-6.926671838782867852e+00,-4.288968406507235542e+00,-6.234509311478799276e+00,-1.048108396097829420e+01,-1.163393772867680198e+01,-6.203006312919007392e+00,-2.111339503890414804e+01,-8.629150076586981299e+00,-1.472449771116890815e+01,-3.516437711716102754e+00,-8.994740266860913991e+00,-4.039063311333177531e+00,-3.520928598638373153e+00,-3.000267470752083554e+00,-1.312931048119741462e+01,-6.418516091320385364e+00,-1.129902216084451183e+01,-1.585753299526683868e+01
-1.640177040089196225e+01,-1.772904468058474592e+01,-8.480399358560458012e+00,-9.638025343951975188e+00,-5.283619075650030084e-01,-1.130616850582545130e+00,-1.090294246167747616e+01,-1.001319907441821044e+01,-6.930292876156424420e+00,-1.003063120717643919e+01,-7.195547321766601279e+00,-4.750575094700437262e+00,-8.390386303046339478e+00,-1.856942618353906482e+01,-1.388593547018284902e+01,-2.530170007248298880e+00,-1.106926905754159307e+00,-9.910541852031983012e+00,-6.103526948109538885e+00,-8.283142404925348146e+00,-7.003417119129741186e-01,-9.680246643958421160e+00,-4.670154800181716581e+00,-1.441656780528391302e+01,-1.242602650234486283e+01,-5.056490140851995108e+00,-1.078745068905961801e+01,-4.610984635632926043e+00,-1.163986401934023363e+01,-1.309672304116037189e+01,-8.959672138720108592e+00,-8.843697619275698862e-01,-7.898337001762449905e-01,-2.019917650108913421e+01,-6.061083864071383331e+00,-1.863977577482185666e+01,-2.436143493552001438e+00,-1.054048923696651840e+01,-2.733129791668677644e+00,-3.580910813672615323e+00,-6.152426893458871060e-01,-1.225127404245384177e+01,-6.762362667249380621e+00,-1.421247429678491869e+01,-3.894148004196083868e+00,-2.186141774887013778e+00,-1.060431858986188747e+00,-7.959630250932977269e+00,-2.214423398738905391e+01,-1.029158753647318036e+01,-3.288964591751653010e+00,-2.058877596384733266e+01,5.670843741844937558e-01,-1.564606554615630785e+01,-4.337120710934486922e+00,-3.986688589968887975e+00,-3.372511979145433880e+00,-3.807915489814117205e+00,-3.300629130656665300e+00,-1.040833568264339881e+01,-2.976357961112768535e+01,-1.289422898462570366e+01,-2.537637265200813452e+00,-8.196128483777442852e+00,-9.309518419335269357e+00,-2.166732701422809271e+01,-9.115502634952273198e+00,-4.783199866733978567e+00,-2.193759445315726087e+00,-1.690471378702336658e+00,-7.884577625717867910e+00,-6.584001056365193172e+00,-1.204363669316933638e+01,-1.190094213243689225e+01,-6.287654558083034750e+00,-1.267603624558273623e+01,-2.253578574231026588e-01,-2.102518362872588753e+01,-7.038802675798700115e+00,-7.945040296574270577e+00,-5.904549249580332670e+00,-1.276646743985711652e+01,-2.064947908435298629e+00,-3.485086768775543575e+00,-2.913924792669755348e+00,-2.316063053028404983e+00,6.509050371871826224e-01,-5.084802313758358672e+00,-2.919294630967670945e-01,-9.566980918366093434e+00,-5.645488436257696030e+00,-1.308399354818122617e+01,1.216699584772051645e+00,-1.076847947477100043e+01,-4.952761961693331827e+00,-9.989150624056756911e+00,-1.732539036399542987e+00,-4.228922795861503658e+00,-5.100055048366797905e+00,-4.573737012687839609e+00,-4.326634429856758501e+00,-1.547333676658261048e+00,-2.343168063931713618e+01,-9.146862273736484639e+00,-1.842731062909538764e+01,-1.388937855483828976e+01,-8.719912159273473407e+00,-8.027399156045300188e+00,-8.050956095311740057e+00,-1.049617301454470208e+01,-2.039673927167352474e+01,-2.819245836087614165e+01,-2.042469218540620801e+01,-1.741221443457746076e+01,-1.205544683043227039e+01,-2.203481777391378849e+00,-6.893782037184155165e+00,-1.488919415989654738e+01,-1.615078246341956358e+01,-6.597940739938156440e+00,-9.417974235386292747e-01,-1.181980329103645388e+01,-1.016827274991785757e+01,-1.243648875825631706e+01,-1.469763848692431374e+01
-8.234684327588436048e+00,-1.716111464113281215e+01,-6.486978574838625278e+00,-7.825928675965981185e+00,-4.237015697915605728e+00,-2.603633270041172398e+00,-1.043942466488334553e+01,-4.399892016052105781e+00,-8.524435733565789874e+00,-1.264937536649462047e+01,-1.470620418759711612e+01,5.852499831034813083e-01,-1.553966137736049191e+01,-4.281999883551332431e+00,-6.629290867748518501e+00,-1.605497650375908947e+01,-2.113856449258836889e+01,-2.060476317386284340e+00,-6.646567959931219072e+00,-5.245314891344889041e+00,-1.697350259378347559e+01,-2.530730385238941782e+00,-1.020231506524235954e+01,-2.663481125591794552e+01,-8.130364045715754884e+00,-5.727842421676221818e+00,-1.711849674717479530e+01,-3.480350423585707897e+00,-2.323298507936911950e+00,-1.031195338771471803e+01,-8.821250650905135160e+00,-1.243070877507094218e+00,-3.044710830069518259e+00,-3.470827511648654884e+00,-2.970705457851892994e+00,-4.843334352931357722e-01,-1.668246611005167068e+01,-3.362481262385682568e-01,-1.384005546375614237e+01,-5.315578256941348556e+00,-8.481609611160546791e+00,-2.463339390807711027e+00,-4.268385632583949096e+00,-2.111776194218169067e+01,-7.912092000976439721e+00,-2.422969080460013913e+01,-3.542112837383819990e+00,-1.213592111761814252e+01,-1.438826548601981337e+01,-4.570074868724372408e+00,-1.107086236506513277e+00,-2.860941118852429188e+00,-4.558957069981540933e+00,-6.906162420468247909e+00,-6.962817398723693429e+00,-7.573333832267181265e+00,-7.678626346530556646e+00,-7.482056495626631332e+00,-1.776039675020122388e+01,-8.611703644528876822e+00,-6.220496853953201288e+00,-6.744667509614142631e+00,-1.591529576128053058e+01,2.459611802588663187e-01,-6.126492118986642588e+00,-5.953864202464885125e+00,-7.438782697001275146e+00,-2.275722527375294568e+00,-4.880517655131985322e+00,-1.735537428037081220e+00,-1.132153162850836736e+01,-9.196971365584191815e+00,-1.382766206882804161e+00,-5.425911866131749584e+00,-4.276419041371478436e+00,-4.296649996255502479e+00,-3.016538117790001916e+00,-1.095693491622860449e+01,-6.350820956977271337e+00,-8.883070854458907206e+00,-7.031438047641217715e+00,-4.511737662832185691e+00,-1.208475520489031574e+01,-2.562406778616839631e+00,-5.167780440908718020e+00,-7.520411863139042197e+00,-4.495774356171720498e+00,-6.401720479571805456e+00,-3.808888668992863047e-01,-6.917670915691665812e+00,-1.192554335000347088e+01,-4.077698395072301807e+00,-6.460784874066512806e+00,-3.917308561505219888e+00,-5.598078868901936289e+00,-4.200911714298110056e+00,-4.170354292678574382e+00,-6.162842414840351779e+00,-1.537681238405957984e+01,-1.530788932795756008e+00,-1.154945683595874861e+01,-1.735953150447654281e+01,-4.973061231391893600e+00,-1.032994545150879517e+01,-7.657163410530253955e+00,-8.867160265135495933e+00,-2.715619784253064939e+00,-2.827123542269874168e+00,-1.511283935460025418e+01,-7.116518513522156475e+00,-1.523242048683734495e+01,-1.874980129305983212e+01,-1.655207876341547646e+01,-1.011105291170770215e+01,-4.992532053574457507e+00,-2.194789718501947817e+01,-1.052580495865622012e+01,-1.499875709745170838e+01,-5.980588578498116092e+00,-5.702993271587255109e+00,-8.230343542551226577e+00,-3.863134219968093142e+00,-1.010467820160421937e+01,-1.168075210413068277e+01,-2.068183727028299757e+01
-1.169877158300121067e+01,-1.838568408708183455e+01,-6.925681629174004428e+00,-5.108385629557844254e+00,-1.077763872220538843e+01,-4.551354835735939020e+00,-1.583520147788810384e+01,-1.296129539750965165e+01,-2.583812081714648201e+01,-2.020645975826106877e+01,-7.927221552516718894e+00,-3.006914882239700049e+00,-2.892132657870968160e+01,-1.205726755768490754e+00,-4.569207779275277659e+00,-1.504386642281356146e+01,-7.309736137391928956e+00,-7.205673966343361769e+00,-1.385725776102386853e+01,-4.988551366853691604e+00,-1.713195300575857871e+01,-1.654578970865695453e+01,-1.027807405100704230e+01,-1.958398606672772502e+01,-1.310108081149502013e+01,-7.653676272374644540e+00,-2.689023251400826098e+01,-3.274556875916180054e+00,-1.001853054283267319e+01,-5.770510615633799745e+00,-1.380792431795068964e+01,6.699449619902015929e-01,-8.405281912110657672e+00,-8.281207992881302715e+00,-6.022774383155175215e+00,-9.417155345634213859e+00,-1.381606143303482082e+00,-4.560772391326563202e+00,-5.777727437754855977e+00,-2.571892022815839951e+00,-1.009657767967152964e+01,-1.303586636597467097e+00,-2.751438652215196612e+01,-1.318855356792510314e+01,-5.587408757895158118e+00,-7.225861307984362547e+00,-9.829476580471464331e+00,-5.246031614882145533e+00,-6.280709743052826255e+00,-1.303706769760575668e+01,-5.443244929214234418e+00,-9.280289446781290863e+00,-6.518358821018899185e+00,-2.759371043564165404e+00,-5.142269043497282865e+00,-9.947726790977323930e+00,-1.321667321747980139e+01,-4.181932309433022965e+00,-8.535366807008685441e+00,-3.890633749270477004e+00,-7.971987750956950336e-01,-1.153976794837171305e+01,-6.819512433016958752e-01,-1.699947292102830687e+01,-2.639607075343815445e+00,-3.085713522651678975e+00,-5.403114772979705549e+00,-2.342229463153440161e+00,-1.045413951210224113e+01,-7.641505407374110881e+00,-2.128722516728152492e+00,-6.163809419343230012e+00,-3.411614390986924761e+00,-7.661397270223526235e+00,-1.479723365525453360e+01,-2.252618236302309640e+01,-4.411174006526233704e+00,-9.780342962981675825e+00,-8.139172958055986840e+00,-6.072674566051653677e+00,-6.728418557510110531e+00,-7.775810379900418567e+00,-1.793626138868307507e+01,-1.127404520852711656e+01,-8.256612561041951182e+00,-6.926766841624822924e+00,-1.715622026334211370e+01,-1.552266462787532220e+00,-3.309850286234822470e+00,-1.226184879585353826e+01,-2.538677395825163785e+01,-9.358015435058158360e+00,-8.325826061498682762e+00,-1.442143716677900045e+01,-1.751876833001487910e+01,-1.512989787759362592e+01,-5.617055598065258337e+00,-1.489929139746796416e+01,-3.360722549971812967e+00,-1.833339138720859740e+00,-3.593350064663304089e+00,-1.225584997734932635e+01,-3.668930394554155150e+00,-4.178251136930315468e+00,-1.383300766539133697e+00,-1.089329189867582137e+01,-1.726593746428144005e+00,-2.732343928214293172e+00,-1.347816378095665080e+01,-8.977057798465100547e+00,-1.424066197666956057e+01,-3.530463734470894011e+00,-1.303429484251727288e+01,-3.696624690774590327e+00,-1.043568797717982832e+01,-6.226587150955527505e+00,-1.270616090739581594e+01,-5.849786111674371014e+00,-4.954077250362335150e+00,-2.833568293160085849e-01,-3.985394118525650953e+00,-3.109506445408269926e+00,-1.531928345167650640e+01,-1.062913104810188791e+01,-2.278351308902465888e+01
-3.309486292551665088e+01,-1.725948335671875000e+01,-8.898320349280968600e+00,-1.355747856634690507e+01,-4.977141277074242254e+00,-2.099730079994360565e+01,-2.366794604137097480e+01,-2.062846382030725678e+01,-1.602004753390413327e+01,-1.990080113384700411e+01,-6.776326089382473938e+00,-3.651576537911350506e+00,-1.791472578110734304e+01,-1.486742171869270823e+00,-1.581842289117137490e+01,-1.746079748808340781e+01,-6.980507838605212179e+00,-1.112839658940808718e+01,-1.293990813198792722e+01,-5.919363092984049501e+00,-1.980047020688103743e+01,-2.192612054230051655e+01,-2.030681864974918760e+00,-1.481261003096599538e+01,-7.154487559918784711e+00,-9.451644224259528215e+00,-2.437555258036842787e+01,-8.458342108865117837e+00,-1.868822860369317596e+01,-1.291910883579877556e+01,-2.464643403848305070e+01,-1.911063523293440314e+00,-1.743808350574580501e+01,-1.858349347356826442e+00,-4.621305030101455102e+00,-2.231051984411362810e+01,-3.271908843048896287e+00,-1.430105347897452361e+01,-4.558018475503455846e+00,-8.469314735975548292e-01,-9.504689374973054328e+00,8.706865541476961345e-01,-1.955266041428534152e+01,-1.366852464570478887e+01,-1.256803290818953478e+01,-1.555732819330331251e+00,-1.510698942537377354e+00,-1.432356580728133544e+01,-6.603546302481796637e+00,-4.235653092832234456e+00,-2.170001272776213241e+00,-2.211089000924049586e+01,-3.804145419729907385e+00,-9.577203535650680166e+00,-1.416938536529501746e+01,-2.215116192339878776e+00,-3.770560971102285830e+00,-1.401560278629787781e+01,-3.569752988837178620e+00,-3.991725077789293863e+00,-4.622472565968069880e+00,-3.004407991372315401e+00,-3.641063225641614221e+00,-3.010762271132434886e+00,-1.561935816656625509e+00,-9.282709139607346671e+00,-4.610245086704592765e+00,-1.274668148259888056e+01,-1.232590034050241812e+01,-3.663424269166091207e+00,-8.190059096808520067e+00,-8.021069463847116054e+00,-5.564429965098237396e+00,-7.368540637796707315e+00,-1.264908975871584751e+01,-4.155278239472131929e+00,-3.486008295455180761e+00,-1.591842367810109415e+01,4.481921676296324875e-01,-8.932545943635698649e+00,-8.029625599921624612e+00,-9.190898320616994965e+00,-1.074516504753361090e+01,-2.973313897708614206e+01,-3.832910807677208265e+00,-3.015540496528024761e+01,-9.309979747065487032e+00,-6.497051411131993248e+00,-1.635837973375691945e+01,-1.029726999856900704e+01,-4.613229706509478945e+00,-4.323533424900151800e+00,-3.300883866109599829e+00,-3.565799362492998892e+00,-1.360177054224463156e+01,-1.168442723220802115e+01,-1.285819197573447870e+00,-3.680984917197403838e+00,-4.666385514158884362e+00,-3.851423073881838022e+00,-3.038326909258535657e+00,-6.201130813025233834e+00,-6.050281836284419512e+00,-6.935736315906795291e-01,-6.404847339987420618e+00,-4.895508413576587614e+00,-4.276101518761843856e+00,-4.889744893551038807e+00,-1.307838853542358493e+01,-1.469474056751849034e+01,-1.776903417697207743e+01,-2.512472530107004998e-01,-1.277420868952851229e+01,-1.104156394376304107e+01,-8.177876017190992997e+00,-7.046341606480056363e+00,-1.166606059978910181e+01,-6.555815584601308643e+00,-4.980900271380780175e+00,2.216783136868694548e+00,-1.099056719618347833e+00,-7.458002302921197924e+00,-1.228299478357230079e+01,-3.222887504048161489e+00,-1.913540736584339541e+01
-3.054604088217370261e+01,-1.872246402357250261e+01,-5.392095462364493663e+00,-7.577533811704089572e+00,-1.455725584298219566e+01,-1.677267360652202299e+01,-3.438246518507941829e+01,-1.679491769706799786e+01,-6.538720009109255216e+00,-8.386896820673189978e+00,-5.370709610646117405e+00,-2.902153160432505263e+00,-1.080683475969641272e+01,-3.077254144738707176e+00,-2.677125861061809609e+00,-9.949566002426767142e+00,-8.347388641189695591e+00,-5.284190459941089379e-01,-1.340143060056377244e+01,-2.010584125186833049e+01,-3.504467498497156885e+00,-8.424678630572334015e+00,-1.013724936740114435e+00,-1.060250581302695139e+01,-8.518277668064275332e+00,-4.575450499953460870e+00,-3.013382860606495939e+01,-1.135119940612090872e+01,-9.636739061146016638e+00,-4.014332805304174023e+00,-1.522886206120855412e+01,-2.633679717783181107e-01,-4.486373791821583801e+00,-1.465140968768407781e+01,-9.810114432389223538e+00,-2.005880052766306676e+01,-6.546908634539646776e+00,-6.739546388826093803e+00,-1.459803932151799799e+01,-1.699761592166207080e+01,-1.562857091889623717e+01,-3.357785197450031123e-01,-1.926249910780351016e+01,-7.209941520868613729e+00,-3.876840342057791489e+00,-1.401335802279345621e+01,-2.382936112508597049e+00,-9.686039588279356849e+00,-2.254580766234297151e+00,-5.148965022494396138e+00,-3.330610268637805405e+00,-1.526481158965890117e+01,-1.029836711295878793e+01,-1.287802590307371808e+01,-2.088261737935611428e+00,7.085964447348657158e-01,-1.264593121603587456e+01,-1.243758117779194272e+01,-8.290588279483174006e+00,-6.073225830619481513e+00,-2.219451729928380601e+01,-6.200102734324664411e+00,-8.523436132613914751e+00,-1.956861262095209142e+01,-2.803708079610703230e+00,-8.360176207132759885e+00,-1.050609143810368806e+01,-1.090963148106929026e+01,-2.069110706300229641e+00,-9.853850425494366405e+00,-4.661032370969577343e+00,-2.521468216641978444e+01,-4.442206569015306528e+00,-7.873005462904901997e+00,-1.330882985501179228e+00,7.411688616539757746e-01,-1.182582994420621958e+01,2.673572677174890777e-01,-8.347294065910165983e+00,-1.033334408211658939e+01,-8.341919436692462497e+00,-3.598706825917417973e+00,-1.333370172030959822e+01,-6.520054878120166819e+00,-3.834324424646244900e+00,-7.115974959316170079e+00,-5.858233293364643046e+00,-2.012650390371835840e+01,-1.547408768236993915e+01,-8.118965808039257936e+00,-4.668475088487052282e+00,-1.325838084021753360e+01,-5.577251594484025077e+00,-1.447278280665662820e+01,-8.431745198726867230e+00,-9.362374547296857807e-01,-1.437846063990516754e+01,-2.917934942058962378e+01,-6.988662105522752910e+00,-8.692049907833762745e+00,-2.192607373112742231e+00,-3.317821579309244484e+00,-1.643916838099551825e+01,-2.812756332122798408e+00,-4.262713605065573397e+00,-5.378708519187550552e-01,-1.291372344199493050e+01,-4.775264147161698780e+00,-1.632023148572370985e+01,-1.374751261090344734e+01,-9.424236495672316138e+00,-2.398832748464774234e+00,-2.010142572210666856e+01,-1.911651775687074917e+01,-9.965091991033887098e+00,-7.002331080117441431e+00,-1.445126523720851353e+01,-8.777387758019584041e+00,5.491615761825014985e-01,-1.889292034456379721e+00,-1.584243312020521044e+00,-2.184465726237691996e+01,-9.319070159966990730e+00,-5.743912367606165859e+00,-4.184477007812838423e+01
-3.569960337056385669e+01,-2.576404899374663415e+01,-1.262601685512812821e+01,-1.219045150102437702e+01,-1.008233656732058847e+01,-1.499034280719296852e+01,-2.113508320135363050e+01,-1.768004902653222388e+01,-8.419302095472663838e-01,-3.588830807578162752e+00,-1.961779077282947625e+01,8.184013011028700157e-01,-1.295203275158224265e+01,-9.304780865570480231e+00,-1.034199868300061720e+00,-3.748470557262124636e+00,-9.471949171634989284e+00,-3.510978399640243275e+00,-1.575096703905491324e+01,-2.095528515512253165e+01,-1.083802836223644483e+01,-3.475041128512337263e+00,-8.075799438708425981e+00,-1.437311286873951310e+01,-6.908488081826689609e+00,5.135221939262205604e-01,-5.465019468721315832e+00,-9.432559771225848877e+00,-2.112929196373753626e+01,-1.262682181668737691e+01,-1.621067888354974329e+01,-6.750716554789296886e+00,-1.161022795394475438e+01,-5.649390573018745698e+00,-2.445882424874626926e-01,-1.336720202937895507e+01,-1.047509339022308694e+01,-6.200962920025695269e+00,-2.051112606051475606e-01,2.555977201035277702e-01,1.730332849144685436e+00,-1.847918905905238773e+01,-2.062216134540017265e+01,-1.471619075673210730e+01,-8.287692540721661061e+00,-8.611952295336259056e+00,-1.934314219822211101e+01,-5.806927719414483491e+00,-6.401942230204815232e+00,-1.463971002219052053e+01,-4.844403105474578197e+00,-1.108799978447468604e+01,-3.010303412415304081e+00,-2.897088733243810665e+01,-1.288020589013687101e+00,-1.552863904310783472e+00,-3.348820316393597452e+00,-5.561070987273168953e+00,-3.096288181140543116e+01,-1.715557081842083420e+01,-2.256186927576245083e+01,-6.005185149884994189e+00,-2.128558325424301678e+00,-1.126355511550838528e+01,5.339744845508830329e-01,-6.979677816473310870e+00,-3.508754915239685523e+00,-3.623853141575426040e+00,-6.840742159552819501e+00,-4.334532076680170043e+00,-6.606741618196902088e+00,-8.693691751251378719e+00,-7.699285664779780269e+00,-3.896260231796358386e+00,-7.549893339454830432e+00,-7.538144707879532724e+00,8.019310904882344382e-02,2.779605294374170102e-03,-1.773091991585150140e+01,-1.236934895378819732e+01,-1.190517330977411692e-01,-2.887361717130282557e+01,-2.670564355612323482e+01,-4.363286066767784632e+00,-3.045475855527653763e+00,-5.832477524109944689e-01,4.050716874207785367e-01,-1.405540855665726774e+01,-1.144126092699759134e+01,-1.018612477823200990e+01,-1.267495597367900118e+01,-7.789177399393118151e+00,-2.308887762245500141e+01,-5.306931641450647774e+00,-6.132783986592825975e+00,-9.666338191326843798e+00,-4.567658742761463664e+00,-1.599781523719094523e+01,-5.838386032000572712e+00,-1.168844155881530611e+01,-1.283989777767759222e+01,-1.189950989166065121e+01,-2.185530526681827368e+01,-3.259563601142243527e+00,-7.960296394505474105e+00,-4.001398900706224282e+00,-1.224324304494149906e+01,-3.881686186027665908e+00,-1.175559022140098620e+01,-9.010570400150054837e+00,-3.162308054188840423e+00,-2.965435365393905176e+00,-2.722437892389447711e+01,-2.055728423703012098e+01,-6.602537095065094341e+00,-1.063903127731463449e+00,-1.757961981272525875e+01,-1.582143271045349575e+00,-2.575144803693616424e+00,-1.049631139543484259e+01,-1.661253065601685108e+01,-1.404662423500729318e+01,-1.288651228966952189e+01,-5.700557259593280079e+00,-2.317590297022062629e+01
-1.839818886752021498e+01,-3.234561087647745836e+01,-8.791021058476026440e+00,-1.600222920301980523e+01,-5.244304147797436144e+00,-4.329776485779602169e+00,-9.443996080801195347e+00,-1.693033793426007705e+01,-5.103630261900491405e+00,-5.155562122912283662e+00,3.059617136075497290e-02,1.414047828447359878e+00,-1.514786322664278728e+01,-9.446343524339735342e-01,-3.774158963597778360e+00,-1.383043636526157272e+01,-1.912320786873797696e+00,-3.871877115084281229e+00,-1.080548084329866043e+01,-7.719051870589984432e+00,-5.061719481243502905e-01,-1.960332632882211357e+01,-2.733285854558892503e+00,-1.568774756668148918e+01,-5.301486556228009128e+00,-2.427592860923172058e+00,-5.742299156515735525e+00,-7.152944069059958832e-01,-3.041925149995596378e+00,-2.066521643919234918e+01,-1.086390195725489072e+01,-1.556755344961902310e+01,-8.033446229865406352e+00,-5.714497043460927017e+00,-6.797121561939559520e+00,-3.114563662873846450e+00,-5.568904718895685946e+00,-3.144446313421068062e+00,-1.100632518430952445e+01,1.230260977185237081e+00,-1.963988441220244630e+00,-3.752970238345993970e+00,-8.435746719406180816e+00,-1.603045937283271272e+01,-3.326328010195089835e+00,-7.996814058385886881e+00,-2.765625729195480531e+01,-9.525829655729072698e+00,-5.717515901441803550e+00,-9.494181818775647486e+00,-4.947229858581519757e+00,-8.455030840583967588e+00,-3.860705381864529606e+00,-2.754794603157717070e+00,-8.458135461593656146e+00,-1.093863558411506531e+01,-1.793024126356861370e+00,-8.390768773743189968e+00,-2.502175934571458527e+01,-9.935217691348960045e+00,-1.903216162062001970e+01,-9.036402132326378123e+00,-1.204120054499614234e+01,-3.985486159410399409e+00,-3.429027085377668094e+00,-1.495130320645556843e+00,-9.163955442007383212e+00,-1.922248559066924045e+01,-1.829725835495091602e+01,-1.361804351811362279e+00,-4.054722931776249872e+00,-5.170916132649088226e+00,-2.591072258718356558e+00,-1.898961069874860286e+01,-2.278195261416450013e+00,-2.692362385290593352e+00,-1.554698921169578973e+00,1.039443145383482259e+00,-2.334213409339284340e+01,-1.218749879039474493e+01,-5.467930065383612259e+00,-1.905655302500579751e+01,-2.411810604260407587e+01,-1.276833771837166509e+01,-3.006146486827947051e+00,-8.191606049642436105e+00,-6.218216062496516372e+00,-8.245376423946812139e+00,-4.162366608109742572e+00,-1.632813469776970194e+01,-7.957167333053666525e+00,-2.761251167676925800e+00,-1.314881891801222480e+01,-8.498600034739446585e+00,-2.511039801855028841e+01,-3.034347371766181745e-01,-1.721085286018546823e+00,-1.010240703945364515e+01,-8.431618010783134665e+00,-1.375048280823367364e+01,-2.402496857573046540e+01,-1.562656768884465031e+01,-5.402228120803381550e+00,-1.551983282762307503e+01,-3.903560540721302097e+00,-1.398474918150606428e+01,-5.176834361241536620e+00,-1.790071591189445854e+01,-1.352910125251098439e+00,-3.716096698049695668e+00,-8.588374376138888877e+00,-8.099729991035758303e+00,-2.868448305566552392e+01,-1.110679943342797671e+01,-3.496811187956623268e+00,-1.533732366424448657e+01,-3.212510521702154342e+00,-1.540322436946804263e+00,-3.036124648473712995e+00,-6.158846624564806582e+00,-1.292060131719767213e+01,-7.855245786430437249e+00,-5.391605684412413169e+00,-1.140680656783091784e+01,-3.347395335155191987e+01
-3.446059543304266981e+01,-2.000122903484230363e+01,-1.387942240586553666e+01,-4.891695017623828079e+00,-5.849918239071001835e+00,9.987564967925521842e-01,-3.828174720953348320e+00,-1.453014852232291254e+01,-8.198745117668178040e+00,-1.227864842365560349e+01,-8.331954788286779490e+00,-4.209427954373492042e+00,-2.393282338052785718e+01,-3.661272705419608808e+00,-1.223094613116853857e+01,-9.497007666891407851e+00,-1.483959241139580598e+01,-6.839149994355116391e+00,-7.009668198019383567e+00,-5.388649520857632602e+00,-2.653965675445197459e+00,-3.021197662051909205e+00,-7.969618953120763294e+00,-1.224306045354254735e+01,-4.879216078591149142e+00,-1.770334957616154226e+00,-1.114310036502265433e+01,-9.983595793396031759e-01,-1.431102377905819445e+01,-3.213123963625272239e+01,-1.831782455198519344e+01,-3.273245040581377552e+00,-5.815257489229608723e+00,-9.461970748443787826e+00,-4.887956638158744482e+00,-9.435985324166226818e+00,-1.918304999662266397e+01,-3.037223835673207972e+00,-4.061244199553380341e+00,-5.808666270258077802e+00,-4.920723352788539451e+00,-5.164046275083964410e+00,-1.966152558995952537e+00,-1.373724144207551490e+01,-3.906533528555382606e+00,-1.177551054418089116e+01,-1.848833755914913723e+00,-4.862308251742640586e+00,-4.451087398824131292e+00,3.271184678840718396e-01,-1.376423124870417780e+01,-1.339871972075287943e+01,-6.208906215319128563e+00,-1.022853831380461642e+01,-3.538559420451310888e+00,-7.642454276775042743e+00,-1.330006518620987954e+01,-1.710755818092417258e+01,-1.511861376082347519e+01,-7.428853894439808592e-01,-1.931511716358178177e+01,-9.954423445568286510e+00,-1.563364509788762646e+01,-1.244062845012159135e+00,-3.313091755636984104e+00,-1.014846787370192516e+01,-6.131199659455380591e+00,-3.515308878003467363e+00,-1.575589714378850026e+01,-3.712672412909754360e+00,-3.653926329826843178e-01,-3.472944016149330793e+00,-1.080701526795740897e+01,-2.472749378082285787e+00,-5.595298080214277547e+00,-5.726009885742353589e+00,-4.891374912160824096e+00,1.612405554171298494e+00,-2.769842885900353480e+01,-2.232740236788433918e+01,-2.002363467855122181e+01,-1.484307918520880065e+01,-1.971668786074596014e+01,-2.024519626325286481e+00,-1.116688976374761211e+01,-1.720295348809817426e+01,-8.240447388776230397e+00,-6.016845681967186721e+00,-2.117726925153170736e+00,-3.176779264956429927e+00,-4.288069888818423436e+00,-2.019650293042007050e+01,-1.672794072892286366e+01,-2.927720606763755562e+00,-1.107414561848499623e+01,-3.702489165528903392e+00,-6.128391579573487569e+00,-1.885199917439380002e+01,-2.698770630908086776e+00,-1.687974300283405427e+01,-2.185329084930115329e+01,-1.245202892597546551e+01,-6.217662188967828740e+00,-1.035432698589815104e+01,-1.124490096954518670e+01,-4.061674639362877315e+00,-1.415337740971641267e+01,-4.092768501606006915e+00,-1.735195201049006597e+00,-9.551867087302600368e+00,-1.494974328843496458e+01,-3.054663686199548422e+00,-2.746198236737587006e+00,-1.086904094606348536e+01,-7.441260984435427162e+00,-3.208220796667491470e+01,-8.652443883453601714e+00,-2.365862065915526102e+01,-4.269802071539714916e+00,-3.835506653762705831e+00,-1.436034462935961287e+01,-1.085729462727169192e+01,-5.567704681684137569e+00,-1.056662179542189861e+01,-1.769238734210827602e+01
-2.646493764831889806e+01,-1.940911122801309929e+01,-1.663823784357034441e+01,-1.016851763037882250e+01,-2.133916442540227365e+01,-5.466462930375163509e+00,-2.790185399030981372e+01,-5.453100308260485640e+00,-6.263900779302991051e-01,-3.012401345523596508e+00,-1.391350745189017957e+01,-1.264131652738762668e+01,-1.845428323567383444e+01,-2.752542710456845754e+01,-2.286784521366626777e+01,-5.984967478580442979e+00,-1.909569830233414978e+00,-6.267400005425533216e+00,-4.332957983598689999e+00,-2.759219998472175472e+00,-1.529293606599221311e+00,-1.694456319035540659e+01,-1.552720032093215785e+01,-1.414575922744352177e+01,-9.349641670384400527e+00,3.148305094246391711e+00,-1.663012437519648756e+01,-4.893985400740313629e+00,-1.514284692773012608e+01,-2.681825947362572649e+01,-1.731106942184649711e+01,-4.687054905829603157e+00,6.185106051510455560e-02,-2.172545319248002471e+01,-1.271741597840800608e+01,-3.453852222378890779e+00,-1.022595650355635399e+01,-1.414850446262392225e+01,-1.380052363116914371e+01,-1.179613258629008676e+01,-8.408219837569163246e+00,-9.232922296016731423e+00,-2.608819268569841920e+00,-3.504241557772602533e+01,-1.036000412312795049e+01,-1.624000713856538880e+01,-6.709948236900751262e+00,-1.874135221566476517e+01,5.104196690843043616e-01,-4.962465922985648703e+00,-9.618331344400045779e+00,-1.382593583914814772e+01,-1.644362235704353381e+01,-2.405093363568498432e+01,-6.142431245461875022e+00,-7.720170122612485031e+00,-6.741200621382970937e+00,-6.351396695704917050e+00,-2.531773386961035044e+00,-3.182140409839099293e-01,-1.516249430320982761e+01,-1.332231131788553569e+01,-1.848841144546587145e+01,-1.451207166025856665e+01,-4.545287795026988320e+00,-4.187484981100160653e+00,-6.903941830619028330e+00,-1.349502946605660014e+01,-2.795278780391370077e+01,-1.895167864839222815e+01,-2.826152219593958126e+00,-3.458800705817331789e+00,-1.117470855411889286e+00,-1.169706392045549492e+01,-5.696061561884768309e+00,-2.007509384438470690e+01,-8.473214053316867833e+00,-5.680832659465120393e+00,-2.046065216734280412e+01,-3.076374506837793632e+01,-1.514374275155548233e+01,-1.098223456504621964e+01,-3.146832899964997043e+00,-3.921495494758933553e+00,-8.781246274197915369e+00,-6.007981880408157949e+00,-9.528597675175344506e+00,-6.379399084608073700e+00,-1.084804208812896853e+01,-1.990002915148280493e+01,-5.107616496489175262e+00,-8.537759673718554154e+00,-2.818381702841563197e+00,-8.164834815630502618e+00,-6.056116519097395345e-01,-6.141916143420668384e+00,-1.360330089441568013e+01,-4.459970151343361167e+00,-9.311863758993704776e-01,-2.537032185417321006e+00,-1.168460551473534714e+01,-1.400425897603032865e+01,-1.855753674606978931e+00,-4.783238564268827098e+00,1.726091290308844062e-01,-4.713753303631299296e+00,-3.307234156339500242e+00,-7.653447385430243166e+00,-1.288614483722041371e+01,-6.272319885131098616e+00,-1.375244030323833044e+01,-1.001030293280736672e+01,-1.117298634868431328e+01,-2.539962874461622722e+00,-7.015192402137502725e+00,-6.449767794148042910e+00,-8.147550091783548609e+00,-2.786802471728567987e+00,-1.789860713920413904e+00,-7.450528636843126939e+00,-6.211339720017240218e+00,-3.711181331683570672e+00,-4.593253690345941109e+00,-1.982921458226619649e+01,-1.304600323364399195e+01
-8.947753951637452019e+00,-1.350106486605781697e+01,-7.544773554768450019e+00,-1.185112891949825276e+01,-6.407955520605143285e+00,-1.159682016096256163e+01,-1.838330030333370146e+01,-5.410804505031999057e+00,-1.295925387948541108e+01,-4.450408356650100927e+00,-3.613611446800071736e+00,-1.332040434365342918e+01,-3.482658760986296009e+00,-7.309483324441351293e+00,-2.705455932141597231e+01,-9.058559450870884433e+00,-7.167144804571040417e+00,-5.309266380152748432e+00,-5.603624537390803795e+00,-6.363170743018436326e+00,-2.092708538129476992e+00,-1.282899897887285334e+01,-3.451437477980063395e+00,-1.778605903294961266e+01,-1.841019014690471067e+01,-1.733840165029040259e+00,-3.272780481380462625e+00,-9.711657273745858632e+00,-3.439549284122088935e+00,-1.448048161870830342e+01,-1.570934719347907205e+01,-5.425819322127420463e+00,-7.719160021804488458e+00,-9.997478122574115389e+00,-2.308652791248170999e+01,-1.264179103163735718e+01,-2.248120504912694173e+01,-8.661741829012099103e+00,-4.229843977892382867e+00,-1.643684848313485247e+01,-1.275088799271183859e+01,-9.034483155750459460e+00,-8.894108578125655029e+00,-1.161576781565661065e+01,-7.390362310063360862e-01,-2.350493009586974580e+01,-2.342443607453698284e+00,-1.119166582477557270e+01,-6.341418821073860457e+00,-3.400633923416264803e+00,-3.641688369035599671e+00,-2.219859332005558628e+01,-1.435398295649900291e+01,-1.233391764804338031e+01,-6.888294796097444994e+00,-5.244804474459582977e+00,-5.009115031093065440e+00,-1.929948886239867711e+00,-1.308925146771794701e+01,-9.080793178793344467e+00,-1.791016760032305699e+00,-9.693409801766234679e+00,-1.185015889168489878e+01,-3.794555372664626169e+00,-4.611016767753149281e+00,-6.580017336450013410e+00,-1.050776534240745796e+01,-1.953584870790617600e+01,-1.057273274143621933e+01,-4.444007413746157376e+00,-4.061130455942342010e+00,-4.656344726233193398e+00,-3.998919145963967914e+00,-1.568339426428019223e+01,-3.520083188579822497e+00,-1.419267879756726458e+01,-1.623013638428601269e+01,-8.842642620968792500e-01,-1.642884977486231435e+01,-2.811257521297253703e+01,-6.654097194159630746e+00,-1.429408085013104213e+01,-5.714893081522630425e+00,-8.907489293134910113e+00,-1.911285879627022410e+01,-3.135071955696283608e-01,-9.813856272350731658e+00,-7.000719673135219701e+00,-2.525165751007484616e+01,-5.906257471995530750e+00,-1.223215005630191143e+00,-9.633494346264395158e-01,-1.341346036831373034e+01,-1.514352215502167454e+01,-9.872706816778263672e+00,-8.927384130639527626e+00,-4.421253930904093465e+00,-1.646343724761581484e+01,-1.000723111649865160e+01,-2.381373856205851069e+00,-2.734793735637227385e+00,-1.335928423153996292e+01,-2.887558245391281808e+00,-4.571705227419815110e+00,-3.925357089606440475e+00,-1.445229108256679318e+01,-1.355087683225401918e+01,-1.514335345435510050e+01,-2.054176053294769932e+00,-9.363043904845767429e+00,-3.524752971409669300e+01,1.789936601232570978e-01,-1.463798930074776550e+01,-1.292676121579065551e+01,-9.190007752419944609e+00,-7.610426724965818401e+00,-2.734769903634078680e+00,-4.598714425178391352e+00,-9.043637497072092302e-01,-6.928836908996141020e+00,-2.724709619868348920e+00,-1.053136093989931688e+01,-8.446124614124912000e+00,-1.002540784443819888e+01,-2.397050429562227336e+01
-1.073207345277289626e+01,-9.693974658417642942e+00,-8.960848984078051416e+00,-5.580878445395581977e+00,-5.012173131409007887e+00,-1.718186485912985262e+01,-4.233340501715077586e+00,-8.230872844430832558e+00,-2.600509211689801425e+00,-6.440813040265078726e+00,-1.730008034417835683e+00,-1.279009132448780939e+01,-8.983174563396609358e+00,-3.712356613108844794e+00,-2.348889408445839422e+01,-1.928385130245088419e+01,-7.918770544494133645e+00,-6.951247868152755416e+00,-5.357010638186185503e+00,-6.601088378828197989e+00,-1.636513265890481961e+01,-1.255924158525860257e+01,-6.212106968026736453e+00,-2.853281951600317612e+00,-2.126912720613436392e+00,-4.873239146167888336e+00,-1.370490438945331846e+01,-1.737062150613410694e+01,-1.217671038691606000e+01,-1.889765669769414558e+01,-1.688036179686149296e+01,-9.023384340124485092e+00,-1.711079615536858611e+01,-9.216525840115618706e+00,-6.850435228148327838e+00,-1.212708029117018071e+01,-9.118875232735902614e+00,-9.688415916802105343e+00,-4.072060431493454757e+00,-8.515147942988372520e+00,-1.206586735780278197e+01,-5.027118373457570843e-01,-1.634806815626587451e+01,-7.930824479184572340e+00,-9.705988713169629634e+00,-5.656473857831409990e-01,-5.222780485982788656e-01,-1.104217040674244643e+01,-1.213360576897568599e+01,-1.295105751442959985e+01,-1.142197586754136651e+01,-1.824429961250272925e+01,-1.982834910862704803e+01,-3.818022797811093660e+00,-6.194214496320213925e+00,-5.996076923938742809e+00,-1.209137217578112811e+01,-5.009379240027941549e+00,-1.056720109653766393e+01,-1.551555748199171703e+01,-1.219672163364163842e+00,-1.533437847063496839e+00,-1.063001536869828101e+01,-1.513292597123413330e+01,-1.835002040096448539e+01,-5.588920212319195002e+00,-1.422806907131644749e+01,-3.461870409654614633e+01,-3.645968296384893392e+00,-4.272750761175250211e-01,-5.611229868776361762e+00,-4.064233149818253565e+00,-1.049259574673374651e+01,-6.794950367624576160e+00,-9.681428236930836206e+00,-1.407960467920245762e+01,-5.384254766785179669e+00,-4.398692135340612985e+00,-7.038604005889279591e+00,-2.602842390441911391e+01,-1.438860767545066821e+01,-1.749712341074922684e+00,-2.725866844769531561e+00,-1.750818719977757176e+00,-1.164799516282787373e+01,-3.238295750231894310e+00,-8.181336325214104477e+00,-7.846872884742106535e+00,-3.029963916591832529e+01,-9.453943383352736873e+00,-6.031563553604678773e+00,-2.901163802625108534e+00,-2.979984900049918117e+00,-9.509642396557490329e+00,-6.193868906514468087e+00,-1.618002027301766788e+01,-1.187564787824573287e+01,-1.778042896541808204e+01,-1.130721472107183345e+01,-1.496544439569971408e+00,-1.359260903690914724e+01,-1.400758590913147295e+01,-7.885107113648665234e+00,-8.548472562043226475e+00,-2.920727908250593252e+00,-3.867824362065598987e+00,-1.686822853393942268e+01,-1.326148906638336200e+01,-2.582499614773868579e+00,-2.116074855544288980e+00,-2.264462613868655083e+01,-3.403147291741184244e+00,-9.894570803757712918e-01,-3.203940586959142411e+00,-2.095558179505095708e+00,-2.916144765662822547e+00,-1.305786688471381396e+01,-3.247142322401444403e+00,-5.307917945369133861e+00,-3.507440962562402120e+00,-1.415847583769596074e+00,-8.875706056741208272e+00,-9.085813264538138867e+00,-9.312815873632775521e+00,-2.254110672745562027e+01
-2.280732722356472664e+01,-2.613558141212130437e+01,-3.879118561657179942e+00,-1.374398788213537870e+01,-1.773253399624173099e+01,-1.054181190617088504e+01,-6.212246295924918726e+00,-1.049407512885268901e+01,-6.772972868939843849e+00,-1.588843389538628692e+01,-1.136745537259822569e+01,-2.812933522685896470e+00,-7.455825013975980298e+00,-9.246455270770011836e+00,-1.919874141715623495e+01,-1.770930508788346813e+01,-1.056305167379333909e+01,-2.964725469041961770e+00,-9.145003971259665576e+00,-5.251376399075857293e+00,-2.748095732193125973e-01,-2.383789383231437853e+01,-3.324269972995364419e+00,-4.263995241997244889e-01,-9.349567466018950057e+00,-4.463040285676593832e+00,-5.900166770302563535e+00,-3.044781775204115082e+00,-2.609821590681029591e+00,-1.609086789880518253e+01,-1.180022334766109404e+00,-6.309697659131288106e+00,-1.008757522584685518e+01,-1.026135039964987428e+01,-5.668137005122522609e+00,-1.435398013516311799e+01,-3.318110058945183294e+00,-7.972618118811409360e+00,-6.039628664223984700e+00,-4.559823473979692565e+00,-1.478491824379828401e+00,-6.204161784499619081e+00,-1.133198357907304654e+01,-1.534383597709256719e+01,-1.505702256858448607e+01,-3.493939951935972843e+00,-7.651376797314495271e+00,-3.555915101810800394e+00,-2.024059739065555252e+00,-6.555591840342716026e+00,-9.344231244463705011e+00,-1.291150186909115760e+01,-2.704311138465223863e+01,-1.296540179020369266e+01,-5.642352265995493887e+00,-7.315327199871224373e-01,-5.494999660104141981e+00,-5.145620952770232570e+00,-4.754627219509409919e+00,-9.278917853210845834e+00,-1.074714225645749721e+01,-6.373736857957725377e+00,-2.750788482301585347e+01,-1.161532828915134985e+01,-4.222842669045308917e+00,-1.643465271355928570e+00,-1.326193955781107903e+01,-4.193430510303860714e+00,-3.092438940141169379e+00,-5.642927181444379769e+00,-6.827868055502895217e+00,-1.442183177770111158e+01,-3.069669853628082734e+01,-1.112326276983301332e+00,-3.814373226504252479e+00,-7.556528032494959746e+00,-3.829254751315262162e+00,-3.222098505281589809e+01,-6.976516420597979717e+00,-2.159200064376075545e+01,-8.865060891149907363e+00,-1.085886113220959892e+01,-1.262754388612563261e+01,-4.527493603671548961e+00,5.407548868976509437e-01,-1.570398991051918713e+01,-6.551030999863556303e+00,-9.640882239409810595e+00,-1.359990592929511699e+01,-8.866969696966192416e+00,-6.444884820947864412e+00,-2.811755078222792470e+00,-1.872323488138991410e+00,-1.218829828869943199e+01,-6.854170032542238111e+00,-1.703096146586284476e+01,-1.191121441375449130e+01,-1.858680961530640552e+00,-1.745443976253906460e+00,-5.732203279489538339e+00,-2.023808580122030776e+01,-4.907050702705032741e+00,-1.672565023392205319e+01,-1.715828013869037605e+01,-9.000076013419146648e+00,-2.056236303588857695e+01,-6.589334690547828721e+00,-1.394947915725934529e+01,-5.184251780300184187e+00,-8.990695632387071257e+00,-1.030701195874162046e+01,-1.822630918552615498e+01,-6.461642597526784826e+00,-1.970055410992682354e+01,-1.746873999452353132e+01,-9.202460902883640159e+00,-1.615790759712236380e+01,-9.867291779633386994e+00,-1.628772105958481475e+01,-1.267402829492539063e+01,-5.323651888364613782e+00,-1.565348663863793455e+01,-9.992263917518602767e+00,-1.092518667183988157e+01,-1.854493738751358123e+01
-9.995407645756914761e+00,-1.862998130149037834e+01,-1.135856601188448423e+01,-1.624270153324827248e+01,-3.481857320513675091e+01,-9.646476002956420714e+00,-1.384964315835025062e+01,-1.611645741738949056e+01,-4.157903344664574341e+00,-5.406037322716237270e+00,-8.128521281478510829e+00,-2.085107450475168633e+01,-3.963207914199109005e+00,-5.866501113562089031e+00,-2.159631884871513918e+01,-1.250802894974492574e+01,-9.121153172555011679e+00,-1.051474792687248261e+01,-3.864171421317319055e+00,-1.207181364089377595e+01,-3.506070316359737316e+00,-1.146021100138172955e+01,-8.770258528941712317e-01,-1.139932381966318253e+01,-3.728494582615677455e+00,-1.357281256136282543e+01,9.011925077949873852e-01,-1.150601265510485405e+01,-8.396304233991862986e+00,-2.411702187641811435e+01,-9.041460903012751515e+00,-7.613457331972841580e+00,-1.108031916181827725e+01,-1.313800783978525466e+01,-2.176749507124165461e+01,-1.177131857035715612e+01,-1.345816479202820304e+01,-9.380470822555599941e-01,-7.754306311548230468e+00,-4.901682620276068825e+00,-5.350458410580708701e+00,-1.135340302018661518e+01,-9.196377063455456025e+00,-9.503560938540253744e+00,-2.410189095217688759e+01,-1.590636310624179428e+00,-6.097159298148906004e+00,-1.198557606306707335e+01,-8.532424417977244602e+00,-4.796102072491226664e+00,-1.015910886795535983e+00,-1.354528410680140915e+01,-1.698174298287626982e+01,-2.522569559965073704e+00,-5.548340331816778992e-01,-4.626384020187590096e+00,-7.356056920935123422e+00,-2.638444815386017939e-01,-4.010178998391117133e+00,-7.551573918838665023e+00,-4.198881203441610310e+00,-8.726768922309029008e+00,-2.028321791179066835e+01,-1.503179437335986357e+01,-1.384370556492218896e+01,-5.946374638057868367e+00,-4.336552799247032297e+00,-4.101210218247296702e+00,-1.852043415954901207e+01,-8.221265683838421268e+00,-2.220859730918927966e+01,-1.852220173110577761e+01,-8.928769610288247449e+00,-5.701527326589800992e+00,-7.228098254429109915e+00,-1.040448551035825897e+00,-3.712129529282865548e+00,-9.428845574455630540e+00,-1.295123602296476406e+01,-8.743812396981663682e+00,-2.294391907558484789e+01,-8.309727340000658824e-01,-2.832971385652092167e+01,-1.940850792144346570e+01,-5.065553301901028149e+00,-1.347847081753279497e+01,-6.805735009713136385e+00,-3.513410013282162181e-01,-5.462684598266982050e+00,-1.639789449966278312e+01,-1.521681740652485004e+01,-3.649373308166088403e+00,1.276716070048434126e+00,-1.246414592916431197e+01,-1.038841263391195113e+01,-4.724454648402013568e+00,-8.286166438619659846e-01,-1.337570970545178817e+01,-8.673298379198267627e-01,-2.495729070685646178e+01,-2.323481799893210109e+01,-4.610605426936692730e+00,-1.457334765381479436e+01,-3.643290380264447847e+00,-4.291023177480218109e+00,-2.116868559953822881e+01,-7.683918330261091389e-01,-3.049336444377861444e+00,-1.572066398124698505e+00,-5.526703342165042443e+00,-9.380264897756561027e+00,-2.161066039519877080e+01,-3.514727207490126659e+01,-1.097940656638417778e+01,-5.492706950013477751e+00,-1.940759325984549832e+01,-3.685138566137026395e+00,-1.435216031377561485e+01,-3.330046895774658733e+00,-1.611723926090103376e+01,-5.422458591067654154e+00,-8.395307656968661547e+00,-1.330194658957758236e+01,-9.374535579556946274e+00,-1.396170698478063521e+01
-2.017492360124290585e+01,-2.030304782368719430e+01,-1.201892472779919174e+01,-1.926445366976433249e+01,-1.890035562858543372e+01,-1.659840469603618374e+01,-3.327586377991635924e+00,-2.148331589002824060e+00,-4.619978206379172114e+00,-4.540136270462871160e+00,-1.320126972873706883e+01,-2.528692907695020864e+01,-1.769076090103439824e+01,-2.724924049012202865e+00,-7.021796008891957541e+00,-1.372131038793306113e+00,-5.065856584118483497e+00,-5.537475893054468301e+00,-1.154032221368531630e+01,-2.251419268686669994e+01,-1.247398195222450035e+01,-8.534968562496315914e-02,-1.086825252233005301e+01,-1.372749033701407839e+01,-2.341448059113538349e+01,-1.399810064200309068e+00,-3.334892785870167131e+00,-1.135616178712044544e+01,-2.411047956137261394e+01,-1.670996120802353602e+01,-1.299678930497369933e+01,-2.934308464019683527e+01,-7.524584316824562968e+00,-1.521510403738168371e+01,-1.120999640833421473e+01,-1.275010193080801990e+01,-1.849556269628354599e+01,-1.105345319183137498e+01,-6.404893539304159944e+00,-1.103482141274616168e+01,-1.150657223188235534e+01,-3.861296508166494057e+00,-1.121557570746501042e+01,-1.643833700768199435e+01,-1.938945068856024889e+01,-8.994172918285890717e+00,-5.419456339063426498e+00,-3.438896555725952098e+00,-7.697458642857012423e-01,-9.595323315453597957e+00,-1.049790607681464394e+01,-1.793766126028101837e+01,-1.937150732801186237e+01,-1.633670981624153384e+01,-8.475299501483071651e+00,-1.214921754373994744e+01,-1.178793915261087122e+01,-2.389507201666638103e+00,-4.046990724446464682e+00,-9.871826460105191714e+00,-5.974046966838886252e-01,-1.897200558486028399e+01,-2.096180885245270886e+01,-1.103063967784915000e+01,-4.141946037858318164e+00,-8.836888944369006182e+00,-1.229876383076248203e+01,-3.752989143329001909e+00,-6.560515628908144770e+00,-2.872547024726066045e+00,-8.397661641877672167e+00,-2.207503836518671392e+01,-7.612960610454358346e+00,-1.119812140807627188e+01,-2.221004357458310352e+01,-1.425642607961271580e+01,-9.743183877704863605e+00,-3.184340342548300118e+00,-1.181464334888852363e+01,-3.515683764457343763e+00,-6.956398755059197470e+00,-1.173901553278263066e+01,-1.999270958768049411e+01,-1.998175666049756671e+01,-1.663050028315527173e+00,-8.000537222384899394e+00,-2.082675539315863578e+00,-8.714185723475729617e+00,4.117830109852153697e+00,-1.029140588436343151e+01,-2.555449911184444201e+00,-3.335824418241342126e+00,-3.861722258290303245e+00,-5.413314262861312010e+00,-1.253568444941732629e+01,-6.424285060255110480e+00,-3.278863945201984098e+00,-1.095751570995631852e+01,-4.787640529643883092e+00,-3.283848465163694996e+00,-1.516502309124346581e+01,-2.723845606741796654e+00,-1.191722767605241096e+01,-8.083727179087764725e+00,-9.668056692355017745e+00,-1.208560604805031069e+01,-1.485232606601325056e+00,-2.918264205590090921e+00,-4.581332148812502503e+00,-6.562816885750900830e+00,-1.171134864491580529e+01,-1.891537713510725993e+01,-2.275578443401176898e+01,-1.087479419813569237e+01,-1.111397010190967549e+01,-1.640982432425036919e+01,-7.958217803289455716e+00,-1.695621223791490806e+01,-1.611851709657516096e+01,-1.836936180799813556e+01,-3.772029120311382488e+00,-1.398013416772217354e+01,-5.037240347869754942e+00,-1.197351216591218126e+01,-2.141644764733763395e+01
-2.532083486082161627e+01,-8.589178611058773782e+00,-7.791668883787361111e+00,-7.585168309562585698e+00,-1.459951364204220781e+01,-1.655167731063166059e+01,-1.565928004842065668e+01,-1.175302357693368194e+01,-1.030480957627883143e+01,-3.356243726764070345e+01,-2.875697736003798965e+01,-3.402486116982394293e+01,-4.709851005582474492e+00,-1.350807379861847179e+00,-1.259421147749434589e+00,-2.489843310991915359e+00,-5.764931307729870724e+00,-2.299111590833234686e+00,-1.264695168817435089e+01,-1.219634744812737992e+01,-1.457179226704579733e+01,-4.511526014982931265e+00,-1.717727200290199541e+00,-1.236826754073799961e+01,-8.710664982737784001e+00,-1.753745410241772107e-01,-5.021159687951866957e+00,-7.405687191044279416e+00,-2.927692803366844032e+01,-1.434219608966940740e+01,-5.119121731809985754e+00,-1.281743760064566651e+01,-1.268321615293512039e+01,-6.335392037381552655e+00,-1.598370516373559758e+00,-2.058810617865032100e+01,-3.684034184744988494e+01,-2.345618787121731330e+01,-1.545926031713583981e+01,-8.887205377601146594e+00,-1.192743019756069245e+01,-1.437172313789549349e+01,-1.123498639555969802e+01,-2.466458513074655556e+01,-2.175278006263297925e+01,-1.613751891226080204e+01,-1.173661541266668706e+01,-5.311173184993877250e+00,-1.513193733832066279e+01,-1.577512062006424642e+01,-1.132415192289002093e+01,-1.421301188802474691e+01,-1.703164689403224230e+01,-4.932152422173049722e+00,-1.530993175701924969e+01,-1.154192853858499568e+01,-3.251575579960939155e+00,-1.774561318281944722e+01,-8.247017522658561361e+00,-1.547665765646894087e+01,-1.111988790214578060e+01,-7.877675706756212648e+00,-2.016063455659972448e+01,-6.165084029857727188e+00,-7.061830501626583434e+00,-6.745322812514544353e+00,-5.921724569783224368e+00,-4.847596553625810323e+00,-1.665095221115021928e+01,-8.086529941336657146e+00,-3.157902658949463426e+00,-9.786256577506078358e+00,-7.973436120264416616e+00,-1.122145696216011501e+01,-2.220874118195292368e+01,-7.742133065725090191e+00,-2.294526092983068111e+01,-1.445387908136214483e-01,-2.284468354410339686e+00,-6.719459217740694434e+00,-1.152040749473278325e+01,-1.069068814977884685e+01,-1.340074423313306085e+01,-4.166552927098857495e+00,-4.889030382416437170e+00,-3.501174707764803884e+00,-1.222734351971838507e+01,-3.799561899110097229e+00,3.672590860504550747e+00,-3.630907894360711374e+00,-8.307070156521115578e+00,-5.126265204245693319e+00,-7.974948514173347824e+00,-4.102167351429467423e+00,-4.888383621416649838e+00,-1.751541107833637412e+01,-1.577626307356653435e+01,-2.034440114245892772e+00,-1.506367260518250539e+01,-4.084999258395765942e+00,-2.807880069366772702e+00,-1.734736414038092089e+00,-2.285956145944771478e+00,-1.994496775152530077e+01,-5.855184859984743362e+00,-3.294404654982318270e+00,-8.597423846123049884e+00,-3.954143830671595250e+00,-1.814051388450253199e+01,-2.764963436379859196e+00,-1.387553175101544056e+01,-9.984153678062520854e+00,-4.431527062194716038e+00,-1.104609605280299611e+01,-4.939183854080781977e+00,-3.524437029291411339e+00,-1.789411068988231879e+00,-1.035518652885061108e+01,-2.039111447065682370e+01,-2.466790878374911600e+01,-7.111008897248503047e+00,-6.930183062142073247e+00,-1.752502793999520847e+01,-2.365014279590813118e+01,-3.839922759125856544e+01
-1.338941720560121773e+01,-1.611496679387590447e+01,-6.866512167912154574e+00,-7.083953216563139144e+00,-1.433819173280398651e+01,-3.363551767224325140e+00,-2.907331865969816853e+00,1.517336200152716863e+00,-3.889625093399420752e+00,-1.870028340456636684e+01,-1.935339645617035487e+01,-2.127447493738122475e+01,-6.449143530193506280e+00,-8.005124544607250314e+00,-2.471304053247605825e+00,-1.019851086758221292e+01,-1.427624576413504798e+01,-6.500632890296147437e+00,-8.559641136169041431e+00,-4.723687538322489665e+00,-1.501612703039045194e+01,-2.027128428122897219e+01,-8.156363854359917065e-01,-8.897409234994235305e+00,-3.780233234822696353e+00,-3.703399133349813521e+00,-5.441295815012303194e+00,-1.115501912687318509e+01,-9.530813024465613736e+00,-1.614573825936051676e+01,-6.090073709423847959e+00,-5.413656409393751368e+00,-5.806314334313327663e+00,-3.590757995016096160e+00,-1.909928505327594950e+00,-2.298591553052050074e+01,-2.890108529912374991e+01,-1.403714378164099763e+01,-3.203191853221050422e+01,-5.402054200842623111e-01,-3.839547302693977482e+00,-9.581061505838686543e+00,-3.056010755739836782e+01,-2.946519004186922785e+01,-1.602818940207680143e+01,-2.282466278583381225e+01,-2.114406982102537214e+01,-3.099902690179154874e+00,-5.979651953186079005e+00,-4.438531102562017772e-01,-1.662016799494701758e+01,-3.552963280889902986e+00,-1.151597549525143904e+01,-1.602529089317581068e+01,-3.342254279077584656e+00,-3.223661378249058185e+00,-3.876056531161866214e+00,-1.403240927814541905e+01,5.875448900924956641e-01,-1.013194080479964043e+01,-1.493569208928115088e+01,-1.434737146124876972e+01,-2.684472588350569566e+00,-2.040550664928417302e+00,-2.001906353966626639e+01,-2.199532525662194615e+01,-7.161950087089913097e+00,-1.382513935990984066e+01,-6.020507481829817209e+00,-7.772246224926312230e+00,-3.266026059184917063e+00,-2.015080627435790195e+00,-2.390465243971553466e+00,-6.902490997975729847e+00,-1.903013712377176958e+01,-5.555415066437550564e+00,-1.849584807738905567e+01,1.219516576116452367e+00,-2.707432137401336592e-01,-5.549666512315575062e+00,-6.771607209526750104e+00,-7.415101039704183883e+00,-1.286864668319728011e+01,-4.875907059003516508e+00,-1.274662134883594922e+00,-9.443092037510458781e+00,-2.755254508826936544e+01,-1.415700086975306249e+01,-2.399752730858947913e+01,-6.859207708916039703e-01,-3.616482108687189445e+00,-8.380154432737999315e+00,-4.178032004126123411e+00,-8.043956543044139096e+00,-7.979800155014351581e+00,-1.761571516983451247e+01,-1.073386573438593672e+01,-7.755309476422195480e+00,-3.345273377490425304e+00,-7.915999474460482688e+00,-1.101771418836645466e+01,-6.940397734163557431e+00,-7.228268586215716773e+00,-1.842225763608260891e+01,-3.228225766647127415e+01,-1.699135289836095408e+00,-9.809197729807754840e+00,-2.129541157337509105e+01,-1.076586397570057940e+01,-1.089947830814030993e+01,-1.703232702516588759e+01,-6.448249100467670303e+00,-1.262412583821273238e+01,-1.794642899499838684e+00,-6.820727750051162275e+00,-1.158197733580278310e+01,-1.762359621973434987e+00,-2.858884468777201260e+00,-2.029540913982565442e+01,-2.843573926839098487e+00,-7.802366513955439231e+00,-1.090576431954921155e+01,-1.940498426172039359e+01,-1.532341678569863141e+01,-1.734850456016212661e+01
-1.032364784687177028e+01,-1.505249048787219124e+01,-9.198890342909244566e+00,-1.147380784569032386e+01,-2.972275937913111932e+01,-2.734506855524855062e+00,-2.512231671380403597e+00,2.857533214860649817e+00,-1.133943351887078776e+01,-2.391137149270921114e+01,-1.486336636800432487e+01,-1.310211225101031474e+01,-1.546504139092825092e+01,-9.766000411948482451e+00,-2.290593015409924327e+00,-1.250708651286258632e+00,-3.912312047403275983e+00,-1.206768865978324357e+01,-1.198917243487811746e+01,-1.115933594556436503e+01,-1.687636218760205509e+01,-1.737338947468678896e+01,-1.661809391125935953e+00,-2.188488722873005798e+01,-2.385769158464794515e+01,-2.643501765091204803e+01,-1.195416229228312588e+00,-1.261773255274046157e+01,-3.076337594601640468e+00,-8.358225370007854593e+00,-1.107735511969704767e+01,-7.906331393451873524e+00,-5.574872288026085698e+00,-3.538464904203681427e-01,-1.587558419017940814e+00,-1.626420303408073664e+01,-2.267974643031890736e+01,-9.391541108583959740e+00,-3.017561150741313369e+00,-3.081870641144867751e+00,-4.139838535404843256e+00,-1.045449131885448857e+01,-2.762008209658116087e+01,-1.748918366439247052e+01,-1.681625029509192970e+01,-1.042458924170576395e+01,-1.638311694679830310e+01,-6.989488543461669146e+00,-8.443315481352245300e+00,-1.016011299332020812e+01,-3.969786715746895567e+00,-9.473438582541719555e+00,-2.558977902580987518e+01,-2.306807604076713147e+00,-1.038124297289492048e+01,-1.460142640705480765e+01,-5.307749610047166833e+00,-1.417980591663491197e+01,-1.010126607501101503e+00,-2.343950869524128178e-01,-3.334868600429991226e+00,-1.964493725787627820e+00,-9.832296795092005937e+00,-1.095721065973555675e+00,-6.601532086294530366e+00,-1.569634821219111487e+01,-2.642881226567571318e+01,-1.844989741395294303e+01,-4.319854858307285106e+00,-1.147234693077867895e+01,-6.224162713331384822e-01,-1.853563970515617498e+01,-7.787830683495029049e+00,-2.842355496620180055e+00,-1.290819020994575617e+01,-1.442791482377283607e+01,-1.902517057207759166e+01,-2.501796802511663032e+00,-5.799117826619974991e+00,-1.066978697092783079e+01,-1.571564082719588384e+01,-1.296970254318121007e+01,-1.926490385142146522e+01,-5.500962641816623311e+00,-3.394335360565187809e+00,-1.016626252247013085e+00,-1.014361219427693150e+01,-1.085926237302524910e+01,-1.064572955317862224e+01,-7.638915625158983147e+00,1.625001938933755552e+00,-2.496900907685746063e+01,-1.439803363743406095e+01,-1.125032243480067251e+00,-7.265152081300648490e+00,-1.502185072027427992e+01,-1.211672550149839545e+01,-1.514380776434309439e+01,-1.830854876227837025e+01,-1.831572700360024086e+01,-1.838294959381166160e+00,-4.608548140674156635e+00,-2.336950898509016383e+01,-7.221212228853504556e+00,-2.084407176059415079e+01,-6.702602511272508501e+00,-2.677903980662225791e+01,-7.288103412121031965e+00,-4.866596572313750535e+00,-1.629406572613020643e+01,-1.696539096784600886e+01,2.544298789656129767e-01,-1.143827433128617699e+01,-2.408023428717731562e+01,-1.626630613310107876e+01,-1.789789577898034523e+01,-9.680528441700623432e+00,-6.308128500348883172e+00,-1.212923749921948513e+01,-1.888193902610646902e+00,-8.647881552477535649e+00,-8.467179512205735392e+00,-1.185406599804106875e+01,-6.927391522755865338e+00,-1.895170263327605653e+01
-1.438887289133860925e+01,-1.937576400284552491e+01,-8.492964495661524893e+00,-1.533871025135977284e+01,-7.529503231116606798e+00,-2.762914492803523636e+00,-1.961866995825687798e+00,-7.112470368110026087e+00,-1.670031685078246042e+01,-1.069900551534631461e+01,-3.320936921686723942e+00,-2.905531209937486370e+00,-1.307252965755746388e+01,-3.487483296813276290e+00,-2.554663421206980978e+00,-1.366490481220280273e+01,-5.834801616710727501e+00,-2.528502424201231946e+01,-2.595892705263473843e+01,-6.340430925150362995e+00,-9.681561089352042515e+00,-6.663658294517902370e+00,-1.589171208136444946e+01,-8.349734265447164461e+00,-6.658860941497519725e+00,-6.231337695487827233e+00,-2.897284170143988646e+00,-8.943431277086505204e+00,-8.666643816306820014e+00,-1.669645940001955253e+01,-1.221360992978281823e+00,-2.438379679868562633e+00,-8.780388597049533672e+00,-7.084136312739863328e+00,-8.076300846723757587e+00,-1.038156743188733699e+01,-1.646445223107660638e+01,-9.890902239871151025e+00,-4.147135556511846843e+00,-1.696707745590846139e+00,-3.455396899525815080e+00,-7.738695480446510899e+00,-5.513059521178559130e+00,-1.230398441071227644e+01,-1.793779268762781953e+01,-3.756639113915800632e+00,-5.995373823533025615e+00,-1.513394522899846706e+01,-4.906653803948791470e+00,-6.517308786719303804e+00,-3.596334121040317910e+00,-7.604910429948573025e+00,-9.877220616531293018e+00,-9.117371790144833454e+00,-2.014206617099413421e+01,-1.009830467989797853e+01,-5.299650922501082384e+00,-2.730672245712073565e+00,-2.338366655151203233e+00,-1.973828780239039515e+00,-7.759239027466796834e+00,-8.215570015113387470e+00,-2.513697249606173756e+01,-1.551285343537346861e+01,-2.936666250288799684e+00,-8.221168913356100560e+00,-1.294148499237493510e+01,-5.501276294912909037e+00,-9.777502819882393226e+00,-4.126289072772188149e+00,-1.637379363667817245e+01,-1.631349734693979769e+01,-8.658618890728487116e+00,-6.773880555180421759e+00,-3.296642371797817717e+00,-7.549836679359945180e+00,-1.575772478471503746e+01,-1.047338881290477808e+01,-2.560115986870270177e+01,-2.519249186482338132e+01,-3.105428913398942115e+01,-5.534493820204139602e+00,-1.978369454038945108e+01,-5.138663573032912879e+00,-5.591061090966631397e+00,-5.016279163295207510e+00,-5.190267223379303019e+00,-4.027073990062548958e+00,-2.658201925869416282e+00,-6.866723623230445384e+00,-2.918266248438913912e+00,-9.356282962828853300e+00,-1.974518672016307264e+00,-8.016988328091560589e+00,-5.638270976978558835e+00,-8.697297658208615445e+00,-5.905258568898361204e+00,-7.791620662581242307e+00,-2.693911193136547411e+01,-2.610894786757668729e-01,-1.002747506092183327e+00,-5.950800540206531153e+00,-1.061714943181557347e+00,-4.774105029361386698e+00,-7.146911478181838362e+00,-1.052444714951268168e+01,-9.657057273234547878e+00,-4.742866600376062891e+00,-6.557833020321820250e+00,-1.761592350208049940e+00,-1.398757078502022821e+01,-5.616772369038235624e+00,-2.990468162289341869e+00,-3.737067200931492028e+00,-3.004475284392623280e+01,-2.931700249228457267e+01,-4.713546127475929381e+00,-8.125989054831805447e+00,-6.836055781286749067e+00,-8.519259210269728655e+00,-1.438250642324235429e+01,-1.325018915088642046e+01,-5.699697626099956338e+00,-1.084139179853517554e+01,-2.163208968336061133e+01
-1.024478950982737757e+01,-2.364663831879271427e+01,-1.171807781189246001e+01,-2.712281163576525955e+01,-6.416863076989938186e+00,-1.270521283924433575e+01,5.783924548610227534e-01,-1.520041605061742374e+01,-9.745196317848154877e+00,-2.961509298483942398e+00,-9.025182128895172795e+00,-8.059942879755606526e+00,-1.031173167290209491e+01,-1.536382651167286006e+01,-1.089414491353688064e+00,-1.245023108893886743e+01,-7.988200504458000673e+00,-2.242196502293138494e+01,-2.673864462686729837e+01,-8.164881642553062591e+00,-8.168265102879400663e-01,-1.477095843083675142e+00,-1.756938432510207804e+01,-1.084669225268057957e+01,-8.953211536528037584e+00,-6.117559180623704407e+00,-1.497391203099693646e+00,-3.219972828664682929e+00,-1.282071382468275189e+01,-8.397681851406588294e+00,-2.028011624287552550e+00,-8.438500992372530263e+00,-7.360796962906545282e+00,-9.809585292779225085e+00,-9.414042743288185022e+00,-4.263352894418762418e+00,-8.290847235651812142e+00,-1.634277432479824910e+01,-1.972368102871689644e+01,-1.292524979907829596e+01,-2.699841182504342907e+00,-7.647656829995389316e+00,-6.810061866655180651e+00,-1.324182300423541392e+01,-3.575332051313495896e+01,-1.046886354905747218e+01,-6.460069541479044553e+00,-8.272568045294336869e+00,-7.125345067434034618e+00,-4.503628938392814973e+00,-5.029688743251492511e+00,-1.887638698739747767e+00,-9.974752065259421485e+00,-6.479441937145103969e-01,-4.421385304298073748e+00,-9.715831015455190567e+00,-1.006061245425035899e+01,-1.764461521236940555e+00,-7.712895300690203015e+00,-1.054644731053827389e+00,-9.151401586933486598e+00,-1.487671819143022667e+01,-3.105071889099536975e+01,-1.328429503245986076e+01,-3.817595184448050905e+00,-3.400255708595798954e+00,-1.679476944305953978e+01,-1.749144478661519120e+00,-7.539213415029006882e+00,-9.725539341896535461e+00,-1.214567979753663884e+01,-6.642569587509091988e+00,-1.496594017958686251e+01,-1.424735591893322884e+01,-4.229566552959272308e+00,-5.307069739409749687e+00,-9.698505245047721601e+00,-4.074044904382670751e+00,-8.220911138535367257e+00,-3.530122226760828141e+01,-3.041786093173120875e+00,-2.439551510715896043e+00,-1.013586548438984636e+01,-1.035563723393678615e+01,-1.380814986448146975e+01,-2.302542073785508236e+01,4.363497378092901502e-01,-8.226549896131354345e+00,-8.497267641234664381e+00,-9.029562114872007328e+00,-5.808680554654506167e+00,-5.323972446373327116e+00,-1.313445748460733853e+01,-5.829884734123726098e+00,-9.234470169397107853e+00,-7.008188075808908124e+00,-8.235835807263992336e+00,-8.422020969781653932e+00,-2.762782434660000064e+00,-9.950416273842919157e-01,-5.051089068764824219e+00,-2.160442366980296214e+01,-8.833215034821058964e+00,-7.359087629207942349e+00,-9.346251310139276569e+00,-7.388231536179644010e+00,-3.712626514534698607e+00,-7.951943329024269147e+00,-5.922801892244253352e+00,-6.534775885174450849e+00,-1.458882760990332805e+01,-1.736619630457549590e+01,-3.590644230617272115e+00,-6.712692003306020005e+00,-2.574816778680528273e+01,-1.368091862918356583e+01,-5.367668379575332160e+00,-4.955624721199471061e+00,-1.790164841251303152e+00,-4.697497133712439599e+00,-1.821296709764499155e+01,-2.297058398715417127e+01,-8.251420317222530443e+00,-2.026626830579398586e+01,-2.089827447917839365e+01
-1.976623793586885469e+01,-2.271936847159030037e+01,-1.019411107882259770e+01,-1.837192011017500448e+01,-6.754341972852651033e+00,-7.430614744553763806e+00,-2.183821086437953252e+00,-1.451401750345244146e+01,-1.574717056082723055e+01,-8.948827310229660270e+00,-8.473219676599425654e+00,-6.067766543110036714e+00,-7.817374305206347351e+00,-2.803096869701581895e+00,-1.703521424186671851e+01,-5.436899754641812521e+00,-2.822062515175614461e+00,-7.617611078695257554e+00,-1.818844286886817585e+01,-3.998804929983976741e+00,-3.600697302067349170e+00,-2.198354394809184953e+01,-1.632103396463789124e+01,-2.418915277227950611e+01,-1.618635434029262399e+01,-4.808253447988325213e+00,-1.480848411925741281e+01,-2.300337386079833735e+01,-1.793000256033364437e+01,-1.304307229022999559e+00,-2.130879547447605304e+01,-6.925575364131526968e+00,-2.107180267234952442e+00,-5.719099531463342601e+00,-1.459734353348221347e+01,-1.052051625441902871e+01,-3.884351119408788744e+00,-1.964977028025041372e+00,-2.250024197155457273e+01,-3.243800759304309445e+00,-4.152826962549981182e+00,-2.274574321744255201e+01,-1.659161424542064367e+01,-2.281434009765983006e+01,-2.661190767450438699e+01,-2.006877145342795643e+01,-1.171340586566726572e+01,-4.418485397814314375e+00,-1.206880082250789243e+01,-2.763764664585195430e+00,-5.054382966312749303e+00,2.745881126399273953e+00,-1.338736071014646356e+01,-9.936897476159869402e-01,-1.605438923689008757e+00,-5.512410784482401738e+00,-6.112493634908346074e+00,-1.728508420661110634e+01,-3.504513397815662401e+00,-1.546808597628729487e+01,-1.038841064404338432e+01,-7.187732125965576202e+00,-7.723063839890676796e+00,-1.642818830354150350e+01,-1.380980846944020790e+01,-8.238884533562613299e+00,-6.922586763915711039e+00,-1.586987480711229281e+01,-4.087566770031162200e+00,-2.078951167370207997e+01,-1.119615675171436919e+01,-8.679117926066673760e+00,-2.392323560713811759e+01,-1.297322722579435350e+01,-7.478320682562641153e+00,-2.422687061214605642e+00,-5.628766661133461469e+00,-1.575500904987010031e+01,-2.956774419278435317e+00,-7.409383631128699577e+00,-2.973852907435067472e+00,-3.622801897460651954e+00,-5.319094046674904597e+00,-3.135998208748430827e+00,-9.812835029407548149e+00,-1.479364649787337527e+01,-1.614867430594049225e+01,-1.078692397848569851e+00,-3.867527831169237817e+00,-5.169376207105010224e+00,-7.248030681655470708e+00,-8.604487236908228809e+00,-1.929441299202461124e+01,-3.640765555524998032e+00,-5.287384225185379094e+00,-5.283679289854894989e+00,-4.406216637790588031e+00,-8.814562200936624237e+00,-4.404487689565923070e+00,-1.401204131512077211e+01,-1.313959159421597889e+01,-3.225913801573152284e+01,-1.850233176829352644e+01,-1.493870454525907832e+01,-3.595537510318663976e+00,-8.356650223532600563e+00,-4.361594498298888567e+00,-1.832190185628162737e+01,-1.301599649643854306e+01,-1.753487278446410969e+01,-1.520585938632759948e+01,-3.549211204398573294e+00,-6.420036326746667577e+00,-4.290423206010952839e+00,-1.365855517050189150e+01,-7.345382827591818042e+00,-1.296999448892273143e+01,-2.705470688158286396e+00,-4.358730602958958755e+00,-1.543879730496486502e+01,-2.354301543556321263e+01,-2.051922381460979494e+01,-2.678844319635121352e+01,-8.800571556964833064e+00,-1.172602031697554281e+01
-3.295471891755991578e+01,-3.445397365931598443e+01,-8.893611182839871176e+00,-1.374226673509268259e+01,-3.089954363989146469e+00,-4.066081711898975826e+00,-6.484869594688039030e+00,-7.577365305433273690e+00,-4.711550740233885648e+00,-9.229966444351141774e+00,-4.990867995515841926e+00,-5.667248106225355464e+00,-1.367231482888475114e+01,-7.099804509817456477e+00,-3.350564196972014130e+00,-8.915921571272251711e+00,-7.632505649320325603e+00,-8.216543033670507867e+00,-3.777083962976422349e+00,-5.863031516134720178e+00,-7.789708774369063171e+00,-2.773887806450178850e+00,-1.850855280309871986e+01,-2.040496934906027349e+01,-2.602765439497078503e+01,-5.251936406503938670e+00,-1.854098142994575316e+00,-1.659129539091789241e+01,-1.092476936591348746e+01,-1.162355274713263942e+00,-1.566780288373814400e+01,-3.420529782431649402e+00,-3.986071105561979522e+00,-4.564523933060481653e+00,-1.086886347928111896e+01,-1.477227661772451484e+01,-1.291393178767673078e+01,-6.668314605027366504e+00,-1.164851177982467512e+01,-6.505511415299297440e+00,-7.903953854583017247e+00,-8.003404820373372530e+00,-9.662060871497887504e+00,-1.742303000399909152e+01,-2.484060260684722010e+01,-1.717644381476685567e+01,-7.325940431828800392e+00,-1.844983748702141568e+01,2.858991388250533561e-01,-1.024982194289227699e+01,-2.852646628838034992e+00,-8.959359497840715392e+00,-2.633040566382184977e+00,-1.328040757310059439e+00,-6.334806110540009527e+00,-5.363554968024094372e+00,-1.211258159528075318e+01,-5.645484855487845621e+00,-1.214529222797104424e+01,-4.941206177883909589e+00,-2.125378197847757722e+00,-5.923711780005742611e+00,-4.424769913319996029e+00,-1.072294926872669052e+01,-1.031783853345541146e+01,-1.779683456051181878e+01,-8.953673454773035445e+00,-5.065039501167638569e+00,-7.136066073419922162e+00,-1.332287811385184595e+00,-1.825816224943686006e+00,-7.350835454496442267e+00,-3.943066217682486041e+01,-7.157782314276296631e+00,-7.973204985228779407e+00,-5.524942915082564632e-01,-5.022902095903946318e+00,-1.494944668676858512e+01,-1.456059093768383050e+01,-5.993644568800528205e+00,-1.398700270178395044e+01,-6.310250048102636455e+00,-1.464581955655156165e+01,-1.003275687716712028e+01,-4.643775552739334067e+00,-2.116835062182524396e+01,-2.158503587670138302e+01,-1.743631315601354759e+00,-2.204025218859683388e+00,-1.644416545149121944e+01,-1.065526025179602954e+01,-1.364792493567153819e+01,-9.249345743909685780e+00,-9.984978028478112222e+00,-1.371695511308564974e+01,-5.616253367880796432e+00,-3.797103688036069114e-03,-6.106094718064218441e+00,-8.239444575022298878e+00,-9.143533846481807004e+00,-4.303438228476642813e+00,-2.486588154101331583e+01,-1.000107362613897521e+01,-8.736626443121892294e+00,1.156788292709272303e+00,-1.826051051498325606e+01,-7.346895189042123242e+00,-4.190282182107059050e-01,-8.273599484733669129e+00,-2.151253520054801527e+01,-1.330421186600528394e+01,-8.059763551351842636e+00,-7.683184717770954464e+00,-9.200934489450364850e+00,-1.030396364958527489e+00,9.405537063784910057e-01,-5.808401231252235952e+00,-1.799011639131107643e+01,-4.607949200238403265e+00,-2.693954187823126567e+00,-2.551904835363201229e+00,-1.460341118952398176e+01,-1.704439263655953951e+01,-1.038870406267863089e+01,-1.484082591929414363e+01
-3.299795708128720406e+01,-3.459063870851110067e+01,-1.580087982899446430e+01,-5.458727827646510100e+00,1.021764960137856004e+00,-1.437095123079628944e+00,-1.389342995254140067e+00,-3.347704338744337260e+00,-7.106537946856599675e+00,-1.486710357676634509e+01,-7.943765749759367445e+00,-1.087789772060921756e+01,-2.534638588476871490e+01,-2.087975687796137692e+01,-1.166565256665540673e+01,-2.965479153435778947e+00,-1.872171717911183464e+01,-1.604492388203767916e+01,-5.110230808265076030e-01,-1.216267945376262816e+01,-3.508821754173063745e+00,-1.391259782564496383e+01,-4.270490157541191323e+00,-2.121670205110778795e+01,-6.593625191891867132e+00,-1.475265144782655469e+00,-5.091313347472723905e+00,-2.229744543828482506e+01,-1.024781241180539126e+01,-8.568974159616731257e+00,-7.635569597597514857e+00,-9.833809827257510960e+00,-9.606461624618354733e+00,-5.836859969365175260e+00,-9.905680584063821570e+00,-4.765417981541149928e+00,2.389265543671995236e-03,-1.285861106318882463e+01,-5.157235812453811796e+00,-6.216765871391686460e+00,-1.155714760741331659e+01,-1.103670620679645831e+00,-6.544471405371831807e+00,-1.017977490785615657e+01,-8.643715896429728929e+00,-2.308156940281299363e+00,-7.967958938546530590e+00,-6.703111742782547289e+00,-1.063999414698914947e+01,-3.157261848107646429e+00,-8.226389833942910457e+00,-5.825006583174639374e+00,-2.970764804374680601e+00,-1.019453975537507162e+01,-3.843465763437230009e+00,-7.656659032583751134e+00,-2.355289175939129009e+01,-9.913059544894405661e+00,1.028945948781559094e+00,-1.152284950867279534e+01,-2.359412814327891184e+00,-9.817921900420824244e+00,-2.141526260206281052e+01,-1.019278377684333137e+01,2.402078853221736587e-01,-2.470970965346772186e+00,1.770041554284072505e-01,-1.517618217813100356e+00,-1.853862368016893214e+01,-7.488202031649722201e+00,-5.045074373774680154e+00,-6.407803353829475412e+00,-1.880415202456867263e+01,-7.678424884526156013e+00,-1.475381381333360054e+01,-6.349347634120629635e+00,-4.948442824638133786e+00,-5.385936927355449377e+00,-7.653664182095401003e+00,-1.181770337595132148e+01,-9.194020106352278177e+00,-1.284150877577467220e+01,-1.625875264498215955e+01,-3.043838142370876909e+00,-6.837878626669140480e+00,-2.503539364191350458e+01,-1.587771085769916368e+01,-8.363077153550245058e+00,-1.138288594265844900e+01,-6.599413255037371862e+00,-3.278088340931859079e+00,4.987294134517963329e-01,-9.358743007818677295e-01,-3.543302234073080204e+00,-1.565005837578115289e+00,-8.715018518904575018e+00,-2.032062680901303153e+01,-1.212449104440485570e+01,-1.223283244644233392e+01,-2.007831044137388332e+01,-1.199445407657933726e+00,-2.897763363502039624e+01,-3.575517060899332300e+00,-1.040119021275657474e+01,-4.611335065074198880e+00,-2.568996757401144038e+01,-1.151666550398188882e+01,-4.206794363587216701e+00,-1.732862530954295011e+01,-2.290869581291307355e+01,-2.612100735909455462e+00,-2.997391946719145217e+00,8.291147318431518753e-01,-3.627400914992802150e+00,-1.198047402037283149e+01,-6.680682931489112519e+00,-3.374209145734756721e+00,-1.800791932278744767e+01,-2.709093459541086268e+00,-7.447722456039467254e-01,-1.001666173621531719e+01,-7.212678301832777805e+00,-1.114613676023450139e+01,-4.475247260711415542e+00,-1.253650289304546916e+01
-2.132333026177958502e+01,-1.968057107533425665e+01,-8.668347283333762476e+00,-1.589321649738412745e+01,-4.194275125593841302e+00,-9.992818680260268094e-01,-2.602466738239597621e+00,-4.926156907670518059e+00,-3.226091252441794843e+00,-2.587303466098962801e+01,-3.873478048468310231e+00,-1.195007089169002157e+01,-1.388466097298883284e+01,-2.399228531983454094e+00,-2.860589591894794559e+00,-3.895182829462698670e+00,-8.741055920082168029e+00,-1.859197847706843731e+01,-1.133156464851283118e+01,-7.352298183082148775e+00,-9.472065945055623715e+00,-6.357218006824117751e+00,-5.948514486774556076e+00,-2.713120895170995084e+00,-9.593963743169929614e+00,2.789495016125200344e+00,-1.585338253566255773e+01,-2.242898256617603892e+01,-1.147502403640701374e+01,-2.185087178580642053e+00,-6.238520093733415095e+00,-8.476390370608211100e+00,-3.487164014842067061e+00,-9.597878696363054019e+00,-2.547732842507161877e+01,-8.493953744976391107e+00,-3.376810982815583007e+00,-7.714712907213147730e+00,-9.435164179197308432e-01,-6.716267388105769953e+00,-2.084234338046945822e+01,-4.866239189919276065e+00,-4.382534385760960660e+00,-1.323048235964370534e+01,-3.522702544696735938e+00,-3.863897793834930816e+00,-2.754474056144892380e+00,-1.026635803959570659e+01,-9.330903141195239670e+00,-3.471969825378667385e-01,-2.108926002961859947e+00,-2.731919088071629531e+01,-6.398452084877805923e+00,-2.291319726827452641e+01,-1.500495357627796622e+00,-3.399147139381425120e+01,-2.562559808130105310e+01,-4.954226728975203109e+00,-3.026087994497217437e+00,-4.814480364336906071e+00,-5.910767704122048549e-01,-8.412771670546607794e+00,-1.383978801377778289e+01,-7.706664776368265635e+00,-1.599463245380750465e+01,-3.665726583860324350e+00,-7.153298073661158440e+00,-9.846318189855324476e+00,-1.382764297730204994e+01,1.466435283988145377e+00,-4.573893307976764078e+00,-2.105872620148556251e+01,-6.495424342955296027e+00,-1.108614287516007124e+01,-1.562157240401074620e+00,-8.462217129001632365e-01,-1.327021172278081806e+00,-3.027863706495328433e+00,-4.438661679071913113e+00,-1.416624993220691842e+01,-3.772109121785791164e+00,-1.493781055426293136e+01,-7.577499413660633287e+00,-2.203946460571685151e+01,-8.011420589319504515e+00,-1.458713146219235135e+01,-5.900700764852667035e+00,-2.739260430257698431e+01,-6.323794089884336778e+00,-3.065810328218214309e+00,-1.250284949184886685e+01,-1.171864628919093043e+01,-4.861504302559610302e+00,-6.085659985896574753e+00,-4.088243325534512529e+00,-8.042561505219989471e+00,-2.416204583524357830e+01,-2.396260240489196036e+01,-9.179716899631923610e+00,-1.356376669238298582e+01,-1.312975843082070604e+01,-2.799879188853985568e+01,1.495077619082018916e-01,2.086512002510956698e+00,-1.303967910061898117e+01,-7.581632162334583924e+00,-1.597716595390956940e+01,-1.065034598046112002e+01,-1.000071453983205672e+01,-1.412643265095039347e+01,-2.500256178983605082e+00,-2.284859013087779722e+00,-9.038145361305694792e+00,-2.695649251791746082e+01,-1.377772440438937807e+01,-1.535619326887172065e+01,-9.723095306618917633e+00,-1.804773605057506813e+01,-1.011465648368588433e+01,-6.568429096232880404e+00,-2.824486955084211104e+01,-1.297430959499092928e+01,-1.007028380384374699e+01,-4.060124780059151561e+00,-1.393222885741763228e+01
-2.083546860673516221e+01,-1.450561558277430407e+01,-9.532379845113117867e+00,-1.392825883325710556e+01,-1.831602123976334795e+01,-4.382836793689289662e-02,-8.966067336645048513e+00,-9.516784338497396689e+00,-1.201099433985593024e+01,-1.138452809742311445e+01,-1.343510125624847262e+01,-2.282102758127554409e+01,-1.277179339342475473e+01,-7.251940231674735005e-01,-6.062137538927155234e+00,-4.434066443947153324e+00,-8.999789786070538256e+00,-4.496473362518679906e+00,-2.018989664558506369e+00,-1.604026606830736057e+00,-8.792779802682144208e+00,-6.221547315907692166e+00,-7.658349450297149197e+00,-8.238210130603754067e+00,-1.749063133399846093e+00,-1.729713884950039526e+00,-7.915627825774679494e+00,-1.507043240938497952e+01,-1.970258884657499010e+01,-1.017318566795941948e+01,-1.538131613218812710e+01,-1.346004782880733686e+01,-7.361234689118498764e+00,-1.069549546795547101e+01,-1.745402294302517987e+01,-2.256174351896424213e+01,-3.593959841854030390e+00,1.662584445178497822e-02,-1.487677781129383270e+01,-7.661644204405289926e+00,-2.855780734079875760e+00,-3.180119789989372059e+00,-4.918691437454459248e+00,-1.056005876306409874e+01,-1.466236279960084232e+01,-1.679718290741863029e+01,-7.613608692142754819e+00,-6.617601146736697082e+00,-1.433773515960568901e+01,-1.157529845164004634e+01,-1.223553203209245543e+00,-6.676447340062845015e+00,-8.137523555929570662e+00,-1.721563471266819079e+01,-1.448643379833900191e+01,-8.224339712455941864e+00,-1.744886064708877527e+01,-8.236001808051158335e+00,-1.646297978443655197e+01,-1.569880287016792941e+01,-6.322930392873582051e+00,-1.043195342079629206e+01,-2.486340530239159019e+00,-1.123427154842779441e+00,-2.569799040508147669e+00,-1.324520694273438615e+01,-6.026659220018030005e+00,-7.992282354472677319e-01,-1.087480695941085251e+01,2.924549109774283728e+00,-1.665737953388207870e+01,-7.890418802854570757e+00,-3.783977516513816752e+00,-1.058923427434986131e+01,-8.549219983906509057e+00,-1.436671429635127950e+01,-1.436958660370605401e+01,-1.489856463840799705e+01,-3.139159839604398705e+00,-8.419232707555135420e-01,2.395925326984190140e-01,-6.520731569085304713e+00,-4.595288301333621206e+00,-2.045174216979643234e+01,-1.873747263853665501e+01,-1.804895455178825614e+01,-5.252435868507150829e+00,-1.945547201960478390e+01,-7.547517025147747916e+00,-8.718498430331141691e+00,-1.308115686050176407e+01,-1.704105968046319930e+01,-1.366191033748773620e+01,-2.648505932938221008e+00,-1.001840366600759147e+01,-3.883498335300517024e+00,-1.129065339500370690e+01,-9.987667118911986108e+00,-4.034496012519715791e+00,-8.720302598415072826e-01,-1.076829068876397777e+01,-1.411382560205408510e+01,-4.213456930292917235e+00,-9.453939338224104372e-01,-1.082637371070957499e+01,-8.664584622786346557e+00,-1.680440863825242914e+01,-7.010890122888916665e+00,-3.052241000519833491e+00,-2.368219573879538586e+01,-3.514183810136105590e-01,-8.422583276308138522e+00,-1.186895019818527963e+01,-1.146544638645904257e+01,-1.017312032125641963e+01,-2.392581576877285343e+01,-2.198524094578955257e+01,-1.304187747486071736e+01,-7.387735226178712367e+00,-1.036683213008742399e+01,-5.420739797646662694e+00,-3.157734927620655441e+01,-2.130448367970611301e+01,-1.450741647236809939e+01,-1.123434690616175402e+01
-1.033263782605180658e+01,-2.765760174993055287e+01,-9.735013045887797034e+00,-2.677874806280646780e+01,-2.781130643887167153e+01,-8.878962442697591939e+00,-8.960769331931180304e+00,-5.682382125192156686e+00,-9.341842448793137521e+00,-1.177320647517509933e+01,-1.595594696002758273e+00,1.319199107842639496e+00,-1.181657025337925937e+01,-6.357728192012900514e+00,-1.473038410244375029e+01,-3.610927815202478186e+00,-2.779066446279876423e+00,-1.406459748058728110e+01,2.252791841775053427e+00,-2.262966597433186955e+00,-3.918499036902072241e+00,-3.791409251935613511e+00,-6.238194285482922652e+00,-4.103457843656459048e+00,-7.178327670039646335e+00,-6.455977691691319187e+00,-3.575072636381241953e+00,-3.952615795158762602e+00,-6.297632965499153634e+00,-2.166541753812673221e+01,-4.846953679303839024e+00,-1.923537041672977566e+01,-2.964088926158476411e+00,-7.723734807614036413e+00,-8.391473267579986128e+00,-1.376542544850240191e+01,-8.651273862412109494e+00,-2.671999233334511614e-01,-5.404708158072685009e+00,5.628401724718219423e-01,-1.397959676401563378e+01,-1.440703382314893233e+01,-3.613727558177941113e+00,-1.337851900976691510e+01,-1.155635797280938171e+01,-1.762233734699529464e+01,-1.143434946005336883e+01,-1.163930901633456649e+01,-6.175347709950523623e+00,-9.698284324544141910e+00,-1.708043778732049489e+00,-3.439462702550755591e+00,-3.011472467515492468e+00,-1.925899440660491280e+01,-1.002992812149787305e+01,-8.205402016357293826e-01,-8.555648141661121642e+00,-4.354672950355510608e+00,-9.869113987989745596e+00,-2.643099381430209860e+01,-1.055231884154798649e+01,-7.969510797377812317e+00,-2.499723862528371754e+01,-7.941314727655939265e+00,-8.645052740643087930e+00,-3.531389705943521307e+00,-9.629315880793916094e+00,1.983343382885693340e-01,-2.354601917409137357e+01,-2.603412771431472539e+00,-1.286438349514959611e+00,-9.860404020831293082e+00,-9.463371318625792838e+00,-9.876494701785716757e+00,-9.638494900079754402e+00,-1.492121606987848459e+00,-8.931991266188628487e+00,-4.391780535313118072e+00,-8.712905139062371518e+00,-1.008181837000582171e+01,-3.547694938811625232e+00,-1.850242839685847329e+01,-3.553654442112881284e-01,-1.438014862535132998e+01,-5.069382445591647190e+00,-2.708039594229791014e+00,-2.413114264836818279e+01,-4.137340262002525471e+00,-1.213692779806889099e+01,-1.453610957557402017e+01,-1.894423835917680154e+00,-1.037883976052407498e+01,-2.893762938448350308e+00,-2.877742874086899771e+00,-1.557618030923537900e+00,-7.138872411369053594e+00,8.348226106740118668e-01,-8.741921155142136968e+00,-7.420367165189302838e+00,-6.452433419936091319e+00,-2.485201749705364449e+01,-3.442862837732787451e+00,-9.619790134843579921e+00,-7.923993416906897735e+00,-1.465206370510524270e+00,-7.568481770551569454e+00,-1.790395260902201713e+01,-2.666318229169966258e+01,-7.163439361408419082e+00,-4.699134592735908278e+00,-1.114468429045712305e+01,-2.332621380788934218e+00,-4.904468773643008817e+00,-1.117831515792391173e+01,-7.939990185188614547e+00,-2.702233132173004648e+01,-2.130292518984803252e+01,-5.506843922995873442e+00,-8.539611528967278042e-01,-1.024964866308735800e+01,-6.348667295664091270e+00,-1.373005584049825423e+01,-1.506149487904728623e+01,-9.772602869432432726e+00,-1.752535143645139826e+01
-1.734602058991769979e+01,-2.192255396662683964e+01,-9.486197471079167443e+00,-1.941264267086371476e+01,-2.689549028105510686e+01,-2.764784874904062661e+01,-1.952529133694064001e+01,-1.003842357499097737e+01,-4.841290148709442853e+00,-7.954149227979852022e+00,-4.584365373638462415e+00,-4.737072292737408929e+00,-2.962616832643083953e+01,-1.367806877273767086e+01,-3.672101140947363618e+00,-1.243787961379758222e+01,-3.969524290824760215e-01,-7.192774968467844587e+00,-4.725359929260611658e+00,-5.015725684363169457e+00,-1.243007486818213311e-02,-1.168640710970069385e+01,-1.263302619715545561e+01,-3.550547671017004525e+00,-9.483742409750663072e+00,-9.077431151193245285e+00,-1.488241747735590437e+01,-1.564740663875133109e+01,2.976349915554373116e+00,-2.410041691670856245e+00,-3.576757328697587113e+00,-1.555989598789982864e+01,-1.486903109260399702e+00,-6.115300388039209167e+00,-5.435056545314267851e+00,-2.726215509169807483e+00,-2.566181769295061699e+00,-7.976257652022250566e-01,-2.581263655883538455e+00,-4.443490326752355557e+00,-1.660455571552936860e+01,-2.501990905595816272e+01,-1.732637160128482989e+01,-1.119847208095661273e+01,-3.504454475221955967e+00,-2.481726827020602855e+01,-8.310447200496678732e+00,-3.399642322513673598e+00,-7.328639880174268484e+00,-7.886455602745470195e+00,-1.029970081120393033e+01,-9.460598203469528400e+00,-1.512889586167349698e+01,-2.932963516404220705e+00,-5.512118160989214033e+00,-3.780807511547510380e+00,-5.187201501260689795e+00,-5.686875502752823941e+00,-1.490025392249912706e+01,-4.353408602889056844e+00,-1.671510082327758218e+00,-2.086508497658763783e+00,-3.206990172931905470e+00,-1.123438908792570246e+01,-7.010893646077454022e+00,-5.106067097422556600e+00,-4.933357394652604810e+00,-4.470382469541770654e+00,-1.992572759126292681e+01,-5.491010499074922890e+00,-1.733647005995116075e+01,-3.241222428209724171e+00,-4.345570482282186120e+00,-1.141170973736850236e+01,-3.571975300325052949e+00,-4.533947428045834727e+00,-3.933914054147740202e+00,-6.327718555135454004e+00,-3.558323252093119038e+01,-1.558540037029132819e+01,-8.196570552433781742e+00,-6.320839812560966386e+00,-1.479694968265815547e+01,-1.793189312858740436e+01,-7.410896090444599515e+00,-4.788348528736722010e+00,-3.735888076100467359e+00,4.907731551235535727e-01,-2.181564092154459011e+00,-3.031668418049966895e+00,-9.015139369342826114e+00,-1.371908161075241139e+01,-1.630488901245398026e+01,-1.896647755143323977e+01,-1.169294453148954460e+01,-8.604306496978599839e+00,-3.999860993229215289e+00,-6.361547057643395675e+00,-6.861022517176115443e+00,-1.567588979166135843e+01,-2.348260519586010275e+01,-1.000698913434783677e+01,-3.244546343518783793e+00,-9.196813583368410150e+00,-1.443015158877022586e+00,-8.669016536971369646e+00,-2.599021310946258012e+01,-3.320014691517785366e+01,-5.027892266238755070e+00,-8.004099855587064383e+00,-3.563420228615392205e+00,-1.728814095635063097e+01,-1.978069603159283485e+00,-1.582624843632379097e+01,-1.429410943730501060e+01,-1.797855050399356003e+01,-5.974041681566513162e+00,-5.231156124016067110e+00,-1.287133559615888245e+01,-6.297155645553402792e+00,-3.729535705265125678e+00,-9.946400185140714001e+00,-1.164699598687347049e+01,-4.017211919543306919e+00,-1.394930661508451308e+01
-2.600636395130921841e+01,-1.547891969099758747e+01,-8.364924692429385189e+00,-1.769910707673474093e+01,-2.191990466158337725e+01,-3.814501185487669144e+00,-1.871593824875146694e+01,-1.068621518508649793e+01,-5.100353280375290232e+00,-8.266367854805356075e+00,-9.237708130502344517e+00,-1.448193412139813496e+01,-2.605282839233768755e+01,-3.424759940083105914e+00,-5.958862759019804223e+00,-2.445105496025680836e+01,-3.584407453740352967e+00,-7.641478619016858431e+00,-1.052437304827543763e+01,-1.226738138958601354e+01,-4.174679192244240333e+00,-1.949645096916255227e+01,-2.688266865873392586e+00,-1.494518934577433633e+01,-6.185959571328719875e+00,-9.417407826017250017e+00,-6.420666024933526117e+00,-6.256201145454386214e+00,5.101145297778532095e-01,-1.520033650997206776e+00,-1.714269620655916881e+01,-1.781011068556489363e+01,-4.496553253696834673e+00,-8.103032710583612186e+00,-6.013057512168322738e+00,8.749901202230253583e-01,-3.289066580038247256e+00,-1.682242361335933367e+01,-8.837879221919473949e+00,-4.694571276546077421e+00,-8.867745928801017641e+00,-4.976551183647027976e+00,-9.187343338796562620e+00,-8.455588064741348830e+00,-1.577625155850819638e+01,-1.127352320396884622e+01,-5.230969043131773688e+00,-1.752348646117300035e+01,-8.208077945189760527e+00,-6.091363670108805195e+00,-3.769910689782842272e+00,-4.344502297426452664e+00,-1.650675661965275154e+00,-6.975862793324088429e+00,-9.587162551838851243e+00,-1.411834759813407203e+01,-2.242758681400516707e+01,-1.322734644298577855e+01,-1.264789590657259666e+01,-4.048563976151841715e+00,-4.421136310096580146e+00,-2.261818233885120932e+00,-7.332870808349126079e+00,-4.911612812355536484e+00,-9.854880179429375886e+00,-1.086868191387659621e+01,-6.119209539036258860e+00,-1.069249046976471540e+01,-1.183120396200876812e+01,-1.804011327000274179e+01,-2.755315679872713730e+01,-4.927365635336089511e+00,-8.219044728382545628e+00,-4.313860470603995800e+00,-1.270357912573694392e+01,-1.019124266785698651e+01,-4.683702451071102502e+00,-1.477860982908395826e+01,-2.140250386793443482e+01,-1.397149444252167783e+01,-6.677651246512904315e+00,-1.302871647691449297e+01,-3.605055548871922255e+00,-2.272225658474786059e+01,-7.095095305449530265e+00,-1.939754278223926764e+00,-8.896174806063218199e+00,-2.698246101175652889e+00,-7.634255083605721914e+00,-1.640331718444906173e+01,-5.738117445419582907e+00,-1.343454157806532479e+01,-9.827540752588225459e+00,-2.156087344236658210e-01,-1.841678793167341865e+01,-1.424780142509553116e+01,-8.811621972630758748e+00,-7.328370857745028388e+00,-1.302942250780345468e+01,-6.833870778190441975e+00,-1.561500455874202942e+01,-1.769139842966173859e+01,-8.456217355228545784e+00,-8.848929628796248892e+00,-1.353769136510177162e+01,-3.255742897234065225e+01,-1.707396609197415316e+01,-5.389128459680058825e+00,-3.119559091372916537e+00,-1.505483125897905516e+01,-8.694746504335997273e+00,-2.584121736626432408e+00,-2.429057267474784787e+00,-2.643306387247105427e+00,-6.852224943714068317e+00,-4.695618330992063605e+00,-5.577747392173647789e+00,-9.465043165427486471e+00,-4.555422554879394070e+00,-1.583013808304822945e+01,-7.785135809845776578e+00,-6.907951955979840797e+00,-7.514876477385974418e+00,-1.365276540041626951e+01,-2.215639287055186912e+01
-1.769287596975829402e+01,-1.264146202713655498e+01,-9.471779872847642778e+00,-1.889666034237282943e+01,-1.942130491930146263e+01,-1.023941465001210460e+01,-9.051160165253381962e+00,-3.226441222928628338e+00,-3.064111044631517622e+00,-4.362379264169955917e+00,-8.392858091722759539e+00,-2.127641558901708407e+01,-1.003583040321415254e+01,-1.190810018401858628e+00,-6.138834890415816758e+00,-4.410750556182327919e+00,-1.358496815376641820e+01,-1.092296776652702128e+01,-5.064568823352557203e+00,-4.939422125313511103e+00,-9.665869716909021747e+00,-2.688301355173604179e+01,-2.946209376730731577e+01,-4.937643014554114806e+00,-1.900951572377955312e+00,-3.519421944730700691e+00,-3.231371444870717369e+00,-1.777295481664318899e+01,-5.392196453830743863e+00,-1.993208635459205169e+01,-1.281893493461550193e+01,-1.458861420210408433e+00,-6.534184255980640899e+00,-1.830206432127011595e+01,-1.431807694485226179e+01,-2.524684194050502484e+00,-2.380166300305713634e+00,-2.346043580189734001e+01,-1.491793532539941580e+01,-1.571277672446307783e+01,-7.146236247958550614e+00,-6.296706110749470398e+00,-1.479056986396662232e+01,-1.481665546517080934e+01,-1.602969969869133138e+01,-2.085945400015044271e+01,-7.177012365878701949e+00,-1.702398663522938094e+01,-1.023186902244922969e+01,-6.310036683518978506e+00,-7.403128297843446504e+00,-4.327925242030977948e+00,-9.248952279707967961e+00,-1.681719606700795566e+01,-1.061237107811392200e+01,-8.456275060323161341e+00,-3.637922644241456283e+01,-8.426911536485077292e+00,-1.394815444917845149e+01,-6.760081200343891483e-01,-2.370985422997297576e+01,-4.475159954057602363e+00,-2.288985260499212160e+01,-8.205026526415355903e+00,-5.653221139337631485e+00,-3.026873911131944261e+00,-8.521366218015803184e+00,-6.826727302932628305e+00,-6.755467906265693045e+00,-3.188135635982420446e+00,-6.038386384212540925e+00,-1.018693248083376801e+01,-1.207708491068696333e+01,-6.539345175927142151e+00,-2.366606108209816650e+00,-1.908918601143026361e+00,-1.019280141750206248e+01,-1.633881281196928015e+01,-2.922527217987758519e+01,-5.525815131190613627e+00,-2.897038690322166765e+00,-1.115055626342574380e+00,-1.271707237521828127e+01,-1.669791202700219301e+01,-1.861778151213557830e+00,-1.505403048632260621e+01,-2.142892472882602650e+00,6.983431953372977175e-01,-9.842434934597104501e+00,-9.568592548377859330e+00,-7.187394353057704244e+00,-4.327368517867114406e+00,-1.659651363096995880e+01,1.214582990250161892e-02,-1.750417647440223590e+01,-4.872152532367191924e+00,-1.335903722180019138e+01,-9.106188272757474778e+00,-8.290183372226124447e+00,-1.728548763642918096e-01,-2.206029390962457981e+01,-8.678231201742768519e+00,-2.175395527591668454e+01,-6.655813973958037977e+00,-1.133022420238547490e+01,-2.417054108814792812e+01,-6.353464290191247699e+00,-9.515992680332093556e+00,-4.429187592529824080e+00,-8.487496885611676589e+00,-4.542587789350844396e+00,-6.644633551407391758e-01,-6.490540582940264258e+00,-9.719208496105730788e+00,-1.533358819695035002e+01,-4.390789998471256173e-01,-5.713424712974209285e+00,-9.353011380353656534e+00,-1.564796692007986323e+01,-1.859553978553648079e+01,-1.934620023971585923e+01,-1.042044621771830215e+01,-1.005027673182262049e+01,-1.831428171371396374e+01,-1.602385126616377065e+01
-2.577989734604073391e+01,-2.036186339122089706e+01,-2.013317311455430314e+01,-1.778475037531488923e+01,-1.332650493881591736e+01,-2.242372513843706727e+00,-2.492847468654118437e+00,-5.429138514497195978e+00,-1.757451483741389708e+01,-6.240869856791059433e+00,-7.887170397964393231e+00,-7.351892689897572275e+00,-3.443668960607563001e+00,-1.268368826194117815e+01,1.789248099046703233e+00,-6.791843492494066936e+00,-1.555720478922917316e+01,-9.162767140934418464e+00,-7.015322175507233027e+00,-9.466867953799200208e+00,-3.823496251117693312e+00,-1.823670174192493931e+01,-2.288177864284325125e+01,-6.551490196123856968e-01,-8.487476179353075523e+00,-2.632112834117888767e+00,-4.943333030804046402e+00,-3.682076435409864512e+00,-1.468890095915521066e+01,-1.022540945808437129e+01,-1.421625187454923100e+01,-8.691954890355965802e+00,-4.492200129049809476e+00,-2.415614278628790146e+01,-2.541227840784229386e+01,-9.417113427988439867e+00,-3.304383678668226132e+00,-1.745028511132831284e+01,-2.490207843896024453e+00,-1.589233645041955256e+01,-1.428766325551286975e+01,-1.370032067660851460e+01,-3.389819897125615711e+00,-1.366414491608298576e+01,-2.608114331956360665e+00,-2.531113106008556457e+01,-8.634870079282091382e+00,-3.514734796180562881e+01,-6.932616762943028199e+00,-1.428341057394040803e+01,-7.080228541331522685e+00,-3.069026210705725788e+00,-2.048186041613922370e+01,-1.270361874085933351e+01,-1.055215867898130888e+01,-8.077255798757908778e+00,-8.738391630465990545e+00,-2.625864397836494835e+00,-1.149452926762714888e+01,-4.332248326012781092e+00,-1.343390901269957816e+01,-5.604831326569488681e+00,-2.737670709070976649e+00,-1.228185904462170441e+01,-1.044753338811112542e+01,-4.743167987019122123e+00,-5.774865994064601438e+00,-4.211857750919523191e+00,-6.067428782576772761e+00,-1.208722868215834856e+00,1.358850299343514534e+00,-3.167359863385088126e+00,-8.822432860971543889e+00,-6.468660076712072993e+00,-5.565740150416587539e+00,-1.690196198094212932e+01,-1.797072893313012543e+01,-9.884099090750703809e+00,-2.803330623908662389e+00,-8.598452018375962069e+00,-8.026962008922057024e+00,-7.944962722704904223e+00,-8.574536413361970588e+00,-2.198232667265392593e+01,-6.409780364164401334e+00,-2.161146033040097691e+01,-7.103589378826074885e+00,-5.424198306935363867e+00,-1.637882670542003183e+01,-9.379863983966114205e+00,-7.084769927916148902e+00,-1.470450695202014657e+00,-2.147127316408779407e+00,-1.746021446445550396e+01,-1.014177376437471167e+01,-1.352830404193907862e-02,-5.323002587858224111e+00,-3.637190579851322880e+00,-4.038014927817284772e+00,-6.889068320297953463e+00,-2.772155524565169316e+01,-3.060512411931408661e+00,-1.682035118956866526e+01,-1.310111842721134501e+01,-9.179875796092947127e+00,-8.301344664977888144e+00,-1.243090337826235903e+01,-4.811489642499365615e+00,-1.256125251718090752e+01,-1.198200058506583332e+01,-1.486619284453841949e+01,-4.699082677905859207e+00,-8.960674157622063873e+00,-1.967461276956635752e+00,9.288544438317020147e-01,-1.542169169450236765e+01,-8.092474371379452691e+00,-5.571718230215029877e+00,-2.685944471925608568e+01,-1.035202508151106038e+01,-7.316387072804077185e+00,-8.673438479713134086e+00,-1.025757940166168325e+01,-1.597671035405407736e+01,-1.237837207874044765e+01
-2.461846404113791920e+01,-1.128338601437979349e+01,-5.093328241335587592e+00,-2.302619310375852280e+01,-5.942295956221568254e+00,2.018811108120099007e+00,-2.854967844621470352e+00,-9.359150563165954395e+00,-6.437908504878261162e+00,-3.265103011882957595e+00,-7.654578066361206190e+00,-6.320846989767920476e+00,-1.599683396146422254e+01,-3.230889017482962977e+00,-6.764119260669600564e+00,-9.353811702323515220e+00,-9.322270195954837746e+00,-6.514728364641162450e+00,-1.347035358258644955e+01,-5.950296475587009581e+00,-1.303212872795195310e+01,-5.286360904439760589e+00,-7.844370270503429055e+00,-1.341629343760768833e+01,-4.640699234652536198e+00,-5.746464094205066431e+00,-7.625430583444183341e+00,-6.547897623976114190e+00,-1.047834754906923038e+01,-4.320401875742671649e+00,-3.909643116279422070e+00,-4.593762899219894003e+00,-1.095949384302754126e+01,-1.097486745990476642e+01,-2.492249190782048984e+01,-3.705055415120395157e+00,-1.406255316042970094e+01,-1.777551302853119708e+01,-3.741185199028213670e+00,-2.006081360280136039e+01,-7.741999481601370192e+00,-9.419263059346731026e+00,-9.938579830859406439e-01,-1.732167460540784631e+01,-2.402501495921737451e+00,-1.303167208341874428e+01,-4.576713820867325033e+00,-1.830977037625756054e+01,-1.004401203695314315e+01,-9.489238945267544523e+00,-3.382094630640500199e+00,-5.530234557693109565e+00,-2.419636829003406486e+00,-1.195087576867423707e+01,-5.543001311297988565e+00,-1.214341262331710070e+01,-9.294232012293246470e+00,-1.359347252602736233e+01,-1.734773080316848137e+01,-1.256904963764280403e+01,-1.336515308264955948e+01,-6.078703760122819766e+00,-9.376707584241833260e+00,-9.354235953116630142e+00,-5.638869332376915899e+00,-1.387919629713760727e+01,-6.865783241402755976e+00,-3.318407340388616511e+00,-6.695087158343273614e+00,-1.081643774100881572e+01,-5.744764365801049877e+00,-7.878264562678904959e+00,-6.723458924638459067e+00,-2.396445894123139908e+00,-6.530601966630938726e+00,-2.665771699044988807e+01,-1.605505745918758365e+01,-7.774172337048906201e+00,-7.850867772289334745e+00,-2.332323546580240503e+01,-1.864283496274694940e+01,-3.465175937616116641e+00,-8.200856557085115739e+00,-2.026915370618339551e+01,-2.113382749375661263e+01,-1.736266867516294354e+01,-7.509411739527475760e+00,-7.362000088541396536e+00,-1.175605868989215352e+01,-1.077758846468673370e+00,-1.706656091269379338e+00,-1.302214148685678019e+01,-1.901574414685073489e+00,-7.874227021461795317e+00,-4.058067821468980263e+00,-1.877093372367878654e+00,-1.750697917999103836e+01,-3.965823294353028494e+00,-4.461687221633177991e+00,-1.441901733323373946e+01,-1.835969703973879419e+01,-1.009509424608830841e+01,-1.380373014270925580e+01,-5.827319266490297522e+00,-5.372749517853545598e+00,-5.092620076842269583e+00,-1.556732361542269771e+01,-9.090835556010638641e+00,-1.723419484830560622e+00,-5.474487607459819216e+00,-1.417929875572852794e+01,-7.029538840527922439e-01,-6.706144586115065920e+00,-5.899663272327817509e+00,-4.462611778475781499e+00,-5.626522335811083408e+00,-8.756274286282700103e+00,-2.735092974532234322e+00,-1.570825165470040830e+01,-1.214084688512567745e+01,-3.818285883354593402e+00,-1.307221471524650802e+01,-7.632017152441163077e+00,-1.458360950343764983e+01,-1.579275926634869620e+01
-3.371921694257861901e+01,-2.528836349185556287e+01,-6.523539759594468634e+00,-1.898154098802636014e+01,-1.694358661287225676e+00,-6.077887854892619623e-01,-1.114435811146683220e+00,-5.315988292171512697e+00,-5.544387050894179936e+00,-4.900272560704580727e+00,-4.954345895886504536e+00,-1.076447183900830318e+01,-2.046076339500459085e+01,-1.560530878784947895e+01,-1.922043415937763200e+01,-8.346410333392551451e+00,-2.452665089050306335e+00,-5.306127366020882974e+00,-1.932438494366467419e+00,-1.062213863615230736e+00,-1.408856105544434811e+01,-4.743096403852490539e+00,-4.937082436893317272e+00,-2.966295786819344471e+00,-2.541045038319829530e+00,-7.221787288774846658e+00,-4.213349331372696405e+00,-1.641459242953969522e+01,-1.118247016063240551e+01,-5.747456249113502835e+00,-7.800192285463538155e+00,-7.437466084501020980e+00,-9.001494832443858840e+00,-8.877683213950067653e+00,-2.404895228840602073e+01,-8.263308644057113739e+00,-1.997148908745225881e+00,-1.179611538845041885e+01,-7.072428461955349022e+00,-2.089553117803226456e+01,-3.697345408725108307e+00,-1.523293750060066065e+00,-1.042388486075467213e+01,-7.312979538037593485e+00,-7.045027097787700754e+00,-1.575878746585763146e+01,-2.302354449990747653e+01,-1.322754784591291255e+01,-6.730297319131098632e+00,-9.146989602132217456e+00,-1.907193486407296801e+00,-6.286503631527030400e+00,-6.712368392280806617e+00,-1.776248209473774864e+01,-1.604044968494403633e+01,-1.088838828159870253e+01,-1.373819701518623315e+00,-8.707578877792446548e+00,-2.639837763589639508e+01,-2.153784540894695709e+01,-2.301804796948711651e+00,-5.562298515441652214e+00,-1.113611641124981588e+01,-9.655881960628150296e+00,-4.732642537413514816e+00,-1.703763995187765801e+01,-1.788043533951776354e+01,-3.570710866919536208e+00,-1.344961906742382141e+01,-4.240472353969866326e+00,-7.546452048501964605e+00,-4.564562424623289871e+00,-3.576482208037809585e+00,9.274205913075672658e-01,-1.475287999909802394e+01,-9.052931086117400383e+00,-1.602849265271443358e+01,-1.457870849869077290e+01,-4.593092977070082128e+00,-3.160795486236006724e+01,-1.347060328425674136e+01,-1.289788874816428077e+01,-1.320261481652211621e+01,-1.386621210393611570e+01,-6.206571641580756804e+00,-1.375773347164418858e+01,-7.353664299114171854e+00,-2.160777470780635667e+01,-3.506967069960301053e+00,-1.159315474336041873e+01,-1.577547052305281028e+01,-1.028208601673805589e+01,-8.811447899946028173e+00,-5.533545446645630861e+00,-3.261525736172114165e+00,-2.527551710201047541e+01,-3.780773128840120290e+00,-1.697185276878627747e+01,-1.335688019104060764e+01,-1.383773509751216224e+01,-1.139537384933715103e+01,-2.269769341641991733e+00,-1.090788600976978273e+00,-1.279351851786127980e+00,-4.186929091904660005e+00,-7.292295689824471516e+00,-5.137478923747269555e+00,-6.797617523559395636e+00,-1.834048119642630370e+00,-2.525151347424317017e+00,-1.448473106419267609e+01,-3.478667783473488595e-01,-7.523493269578506393e+00,-6.355276972980870021e-01,-1.184506666619983406e+01,-9.591184640859856003e+00,-3.713987774250630647e+00,-3.278965803596043838e+00,-2.431961465987843685e+00,-1.181305903064350105e+01,-1.232573189870240959e+01,-8.221731089635294865e+00,-2.408645512844617897e+01,-7.632583720502820412e+00,-2.024859322641033543e+01
-2.328991146187662054e+01,-2.110327130413399033e+01,-1.116883739734504566e+01,-1.955901928450315452e+01,-6.536504188374056667e+00,-2.692450034713471663e+00,-9.490516892890884293e+00,-4.828303392418852091e+00,-2.335299159481963116e+01,-6.464581722843164791e+00,-4.792289053497747808e+00,-8.174778579678578794e+00,-1.858422699234571240e+01,-2.322267002664782609e+01,-2.984555690892680246e+00,-8.869141696701102973e+00,-1.959032071766090954e+00,-8.316269398731140683e+00,9.319724792055095186e-02,-9.330114444569405308e+00,-3.131898000501944779e+00,-1.969994157946318580e+01,-8.934696903753259534e+00,-4.035009524349040255e+00,-6.478877756234214580e+00,-9.571001604319995693e+00,-9.482380345300397195e+00,-1.501514847129084984e+01,-1.488094468487556732e+01,-6.341388329594256135e+00,-1.031382610653647625e+01,-5.774679529970332403e+00,-1.042435714305556083e+01,-8.752445020241486517e+00,-6.991233546873376170e+00,-3.778541612645561099e+00,-2.445326099539695264e+01,-7.176226013835895756e+00,-5.495411828313693015e+00,-6.571538988313529117e+00,-1.141622931242714145e+01,-1.405130928495216125e+01,-6.099742281722731363e+00,-2.907627491138111964e+01,-1.126955173929671261e+01,-1.837283024863269176e+01,-1.801469924892943197e+01,-2.819498547013028045e+00,-8.076508510321644962e+00,-1.033426454648211923e+01,-1.680416294863215976e+00,-2.081004287780496842e+00,-8.338310185180699108e+00,-6.895210516468679884e+00,-2.341750184444622818e+01,-7.244457763718804344e+00,-5.198787767785142400e+00,-1.504617471642072957e+01,-7.038869983599363778e+00,-4.467068111849279433e+00,-2.800401835914082760e+00,-9.472176401579744720e+00,-5.797431707260769507e+00,-7.131284949682052954e-01,-9.297930140169368585e+00,-8.373173446814403675e+00,-6.576441934193006489e+00,1.282687578150368823e+00,-2.214067561574867060e+00,-8.394935161562957049e+00,-3.447401989897138197e+00,-3.210425676606179390e+00,-2.883116418804418934e+00,-1.991194864243122087e+00,-7.855526213497326715e+00,-2.978232699026008401e+00,-9.533795173234890896e+00,-1.901862956377289393e+01,-8.647965098242446302e+00,-8.525028272880655678e+00,-6.155206726607912238e+00,-2.122221832603071956e+00,-1.413014299974588539e+01,-3.200089397771233912e+00,-5.670330776764473946e+00,-7.858429299292280845e+00,-3.993927278759174637e+00,-1.891097980306576787e+01,-2.102713035817164400e+00,-4.332120193196877800e+00,-5.650989967025147109e+00,-6.192715028964422608e+00,-8.959996279475653580e+00,-6.372765970342102904e+00,-7.898516719538479780e-01,-1.274328870288123383e+01,-8.861092385788767345e+00,-2.636562052190152627e+01,-1.720735876528047470e+01,-9.245061089508215701e+00,-4.250408030148554062e+00,-9.174054380594505176e+00,-8.206445559191614336e+00,-1.797791582088918094e+00,-7.378248179971387266e+00,-5.702848264413628243e+00,-1.099089365050872047e+01,-3.544153455238456374e+00,-1.814184684640835954e+01,-1.042863871604459192e+01,-3.087330356978134915e+01,-2.207063123138456984e+00,-2.710697059357674021e+00,1.418842602036505252e+00,-1.180798811657216874e+01,-9.987979995972493086e+00,-1.061203594002464001e+01,-4.180670863193788556e+00,-1.773442629293357697e+01,-3.125090652315813067e+00,-4.529356045953897514e+00,-1.570467368095709126e+01,-5.986226627342085216e+00,-1.432690135267488785e+01,-2.188941927379412533e+01
-1.077768964501002280e+01,-1.090576474362276116e+01,-8.256324046077864409e+00,-1.961106134243522092e+01,-2.195007244037970651e+01,-1.200950021922902344e+00,-1.798922298082988203e+00,-8.948927837315403977e+00,-2.002944347806504055e+01,-1.143156596611085263e+01,-1.947327497011488617e+01,1.241308425975300223e+00,-1.121303945278002345e+01,-3.195892861833002030e+01,-1.064948598266029478e+01,-7.221927202255415956e+00,-2.167104668988983462e+01,-1.086525644899102971e+01,-2.080059464628839727e+00,-3.003113705419546697e+00,-1.174350288455641156e+00,-2.285458922122107595e+01,-1.664314596892729625e+01,-2.196526406919402774e+01,-1.477215485050845700e+01,-3.830208220645958228e+00,-9.061419157056464613e+00,-1.174539498930835535e+01,-1.249743165596300720e+01,-3.062401262477077069e+01,-2.046968904241902365e+01,-2.903204836344924544e+00,-7.154677258893819669e+00,-1.271213817386929357e+01,-4.262257150702824404e+00,-6.767576726051606428e+00,-9.074481081284000439e+00,-7.889518097078740411e+00,-5.661516889922724616e+00,-5.823875087882943724e+00,-2.021211501501865371e+01,-2.334741796229060284e+01,-1.202146369668969150e+00,-7.059048178993638345e+00,-2.163536223296092409e+00,-2.464500248290335449e+01,-8.369352890818817059e+00,-7.950401991205588992e-01,-7.865266192467244899e+00,-1.306804397385688432e+01,-1.960681204277847911e+01,-4.463635621107958862e+00,-1.409156827178323113e+01,-3.829353311745653521e+00,-2.834592082314507522e+01,-7.144964725123431393e+00,-6.618841946266634579e+00,-2.065938221429530230e+01,-4.277134867091686665e+00,-6.092538704259413684e+00,-1.893936796457733385e+00,-1.022129757624010082e+01,-4.060418492643174559e+00,-3.288348170539028725e+00,-3.832943629113103157e+00,-3.365580045800546483e+00,-4.518444720133901527e+00,-9.511254105498933242e+00,-9.295494345307126594e+00,-1.467063576130715319e+01,-5.987544648980664519e+00,-1.093792650353963936e+01,1.569090947633455357e+00,2.242754808532362309e-01,-1.532587866626043294e+00,-7.527414310216822280e+00,-8.606535609029581479e+00,-5.616185992379628900e+00,-7.058789009465156639e+00,-6.117855663958177814e+00,-1.102376473621471220e+01,-1.039038014971351487e+01,-2.530887502406449130e+01,-1.045448828145928211e+01,-2.031035095155002068e+01,-5.595637831547022323e+00,-6.777209481558377213e+00,-1.465289508606848479e+01,-6.490340398109117004e+00,-8.881992955511311294e+00,-5.470762500337502665e+00,-6.269332445200318737e+00,-1.522234715821261730e+01,-2.237385304576226019e+01,-2.329403952523471322e+00,-9.185031561456520777e+00,-9.390516381744436814e+00,-1.516465830317504704e+01,-1.315220079902686301e+01,-1.155260884942693744e-02,-7.716679350674285232e+00,-7.517503329039493032e+00,-1.624213750238753251e+00,-6.754138445499874521e+00,-6.529576398120154224e+00,-7.821190788743701106e+00,-3.290738792813201030e+00,-7.574091196840253559e+00,-3.194267144437247552e+01,-2.936708370242167021e+00,-1.008482235915538183e+01,-1.445310548886180158e+01,-1.602003163139873365e+01,-6.479124073514583415e+00,-1.267125153224249523e+01,-1.512479084576127342e+01,-3.901646889801546614e+00,-5.503441045339799942e+00,-2.182770636672968578e+01,-1.017386040394818281e+01,-6.061437418871820526e+00,-1.783853887599980226e+01,-1.482364367725947574e+01,-2.380757237503924273e+01,-3.066562006709931865e+01
-1.537462269942000859e+01,-2.120320513663934747e+01,-8.241701278903407868e+00,-2.100942496677850713e+01,-2.135431572160684510e+01,-5.031545659323970909e+00,-6.932022568100872917e+00,-1.103016074087712006e+01,-6.938323233120405220e+00,-3.163559857050537971e+01,-9.810171301977277381e+00,-9.088053026199530038e+00,-1.142042885194445923e+01,-2.491615521431787528e+01,-1.143456537863601596e+01,-4.616560287334309898e+00,-1.599920249223771052e+01,-3.980051192120293013e+00,-4.391459940136094531e+00,-1.773643060592775456e+01,-1.867911991834700913e+01,-2.161759190914566275e+01,-1.469747055812478109e+01,-3.462026520142896135e+00,-7.490376162146324290e+00,-1.091160109546303048e+01,-1.773899921516226641e+01,-5.331344887068833138e+00,-1.113342094639202173e+01,-1.705671396075051405e+01,-1.211883472986621157e+01,-1.042468448176447460e+01,-4.589029624221934722e-01,-2.117460460840699277e+00,-1.884658964688843241e+01,-4.828916492891928591e+00,-1.489606751564638110e+01,-1.854930275819948404e+00,-7.239000673348599868e+00,-1.410062192147304394e+01,-1.152578431886605159e+01,-2.550510129691162220e+01,-2.680253560180998473e+00,-1.579152980719002564e+01,-1.709193182743721895e+00,-1.585493257523900823e+01,-7.361071913887342610e+00,-6.411288063857040420e+00,-6.531432151720373724e+00,-6.170260607354839166e+00,-2.636559512336992483e+00,-9.884541963160245359e+00,-1.771882337464074553e+01,-6.937431226852641686e+00,-1.166693936082778293e+01,-1.541545429023387825e+01,-1.166656024388939272e+01,-1.471738172967009461e+01,-8.296302883508197112e+00,-2.102939154718450609e+01,-1.337051875815433100e+01,-1.068697737678080451e+01,-5.925668130835028968e+00,-4.640276379182335376e+00,-8.479254962694231068e+00,-9.891642822292336490e+00,-5.536402393269761468e+00,-5.660001857975603734e+00,-3.645181369235568347e+00,-1.481226327940099630e+01,-5.862085693891120997e+00,-1.157231395992066858e+01,-6.022765718672884461e-01,2.568121595549618941e-01,-4.651267427176888347e+00,-3.560494529738043923e+00,-1.145706007729016207e+00,-5.566544345589131026e+00,-8.138226752571211975e+00,-7.626118156175892615e+00,-1.254349595856985999e+01,-1.738958328557678712e+01,-2.833332917901662640e+01,-3.082151183786062010e+00,-1.024543080263622130e+01,-2.408456305907086481e+00,-6.715673442138059279e+00,-8.574941969349664461e+00,-6.184242218878820196e+00,1.851275020232312718e+00,-4.986455106242109636e+00,-1.385419951541462424e+01,-1.637893477298912970e+01,-1.340593855205059093e+01,-8.447268968668479872e+00,-3.629924243605691103e+00,-1.620162654097239363e+00,-7.253026309537913718e+00,-7.574598161525178952e+00,-2.094563856243015110e+00,-1.133574386102400133e+01,-2.086015585008755391e+00,-6.165514344951028569e+00,-1.877804959260564743e+01,-5.416105682671884303e+00,2.134800509379926936e+00,-1.067089690956959203e+01,-1.486000059680366370e+01,-1.246645857006997815e+01,-4.577763692567588194e+00,-1.034262781829649924e+01,-5.094523095818818348e+00,-2.765206803709665984e+00,-2.604778555232906356e+01,-9.266092813830148600e+00,-9.182701208990737385e+00,-1.182398662698046721e+01,-7.994321706159530194e+00,-1.856978217101246642e+01,-9.711188780959750133e+00,-5.874143066536243296e+00,-1.160092036918778824e+01,-2.036904357251536979e+01,-1.850029926621369825e+01,-1.860644841392427296e+01
-1.306286030190468139e+01,-1.932734880452904136e+01,-8.643399272332230154e+00,-1.769802953301850579e+01,-2.384748868662646260e+01,-2.095989821698491085e+01,-1.337744814635997592e+01,-7.043786340942160829e-01,-5.942307074123802657e+00,-1.893800974936653247e+01,-9.618652984594570299e+00,-1.293832355498724951e+01,-1.879888494739020999e+01,-6.050731197005102757e+00,-5.820047456085411852e+00,-4.900089631060855488e+00,-6.960233076145581954e+00,-8.231037929171149514e+00,-1.557218374265948224e+00,-1.842835785591435460e+00,-2.611907093410220426e+00,-1.603491411041325776e+01,-1.413585123834161550e+01,-9.974923845171334236e+00,-6.143769750583198963e+00,-6.477867319542537139e+00,-2.729937692917534520e+01,-1.247157901895493026e+01,-1.380991933546056671e+01,-2.078472940478283348e+01,-4.550482880910226235e+00,-1.246601746166850333e+01,-4.729968006294283711e+00,-9.686722990283886947e-01,-6.367600209436998782e+00,-1.962025918514711620e+01,-1.172349209510360701e+01,-1.392117458289084553e+01,-7.076732226301007955e+00,-7.531926720536806785e-01,-9.108379426213211616e+00,-1.640468251223899188e+01,-9.030723584731752851e+00,-9.050549390828919627e+00,-4.185633750306078760e+00,-3.408998999827214327e+00,-1.779316803909500777e+01,-1.045705501596606979e+01,-2.633116606640437229e+00,-1.618091942920697690e+01,-6.623135977137467600e-01,-1.480679888157057533e+01,-7.737458477455650296e+00,-2.372256111309001714e+00,-7.011104816623372926e+00,-2.705870600481484090e+01,-8.334094335908982742e+00,-1.294024187250938418e+01,-2.159062372514972683e+00,-1.283151551960479253e+01,-1.247257229102776677e+01,-7.721043202517819282e+00,-1.025988478028611972e+01,-7.428694399573270601e+00,-9.556416473605326090e+00,-6.068080585570012175e+00,-3.273350642181266146e+00,-3.971993486194688838e+00,-4.167023243773492425e+00,-2.234806143935670875e+01,-2.527505246910914494e+01,-1.273457878132723309e+01,-1.159746978646576387e+01,-2.443858209406574389e+00,-6.794208513640658254e+00,-1.379475406533638093e+01,-3.476046022283317605e+00,-1.300523572662685012e+01,2.745685341763473564e-01,8.274487407042285803e-01,-1.492262694695562608e+01,-1.609469563854965912e+01,-1.114946039319129412e+01,-1.864860809381286177e+00,-1.562191450554456651e+01,-9.953484567148047191e+00,-3.620236266831908267e+01,-1.259881355194819008e+01,1.005503648913702808e+00,-6.058346030587854258e+00,-1.559415288565142887e+01,-3.898613775021488870e+00,-2.181051517471701118e+00,-1.166188680451993420e+01,-5.524912941550505607e+00,-1.367591080837479645e+01,-2.055320662172166024e+01,-4.269939685753509906e+00,-4.751787127117204079e+00,-3.754729527735259254e+00,-8.641603697909053139e+00,-9.639095217949204653e+00,-2.025695335394287255e+00,-9.840374700261049767e+00,-8.232025747142813543e+00,-2.775383311855534441e+00,-8.758880891349006603e+00,-2.550003241504360751e+00,-4.122435905359467689e+00,-3.749158844548739822e+00,-1.938334011427902848e+00,-1.290451710335618118e+00,-7.572159236979460140e+00,-1.175719978094947749e+01,-8.176619689140171232e+00,-1.206287981502884143e+01,-1.103204813576524046e+01,-2.483671301033135492e+00,-1.085192357611461844e+01,-3.748176275277428360e+00,-1.192123125868877054e+01,-1.377075822332054322e+01,-1.282849083278005153e+01,-1.305897235565169368e+01,-1.668645262089459180e+01
-1.263892181589334918e+01,-2.459005583038710796e+01,-2.364554178225784753e+01,-2.134702050992496680e+01,-2.783552751025944261e+01,-1.267353110049068832e+01,-3.487427577804922407e+00,-1.299312408899588078e+01,-3.108545628543175177e+00,-5.875442152176136190e+00,-1.370624722251426419e+01,-1.587880031648206725e+01,-1.759702654100693664e+01,-1.547126994322281179e+00,-6.589441772327916169e+00,-4.741418688606970910e+00,-6.309698522482484861e+00,-5.278230383693550465e+00,-6.764042099285534348e+00,-3.753534114554187173e+00,-1.419085874096392530e+01,-9.453239488667488644e+00,-4.625057605299531360e+00,-1.220071691988092333e+01,-4.147382240056592728e+00,-8.501430258285708419e+00,-1.541609743133187749e+01,2.453819942955245414e-01,-5.236669982580341554e+00,-1.323999793713343465e+01,-1.266545370021768768e+01,-7.560175037523758412e+00,-1.355304607256004701e+01,-1.151934993538446150e+01,-5.642753424369852056e+00,-1.242450936955272134e+01,-6.968658910989738331e+00,6.913568466971902193e-01,-8.939729231140931542e-01,-3.224503550405972696e+00,-1.049253865779665240e+01,-7.156526795541207520e+00,-1.066435079802603525e+01,-1.574445246758678429e+01,-2.101527558201293289e+01,-7.728740432565553320e+00,-1.105208864607527097e+01,-8.986018192052453557e+00,-4.143134105896301378e+00,-7.636667833571202380e+00,-9.606919937515225882e+00,-1.692803288084981972e+01,-2.575592629942842215e+00,-4.246475929539570870e+00,-8.496646120482246545e+00,-2.309281346008987867e+01,-4.623921393042453865e+00,-6.284036902073749431e+00,-2.110573885652234694e+01,-1.737485349969577442e+01,-1.152708127422405582e+01,-1.271022943979824049e+01,-1.155194532251878314e+01,-5.456937316470561683e+00,-2.588325091413472023e+01,-7.266214285551195751e+00,-9.292430068165709045e+00,-1.484562133881692780e+01,-4.366242513927446112e+00,-1.985027692549909872e+01,-9.115790845302669254e+00,-2.734683180098078648e+00,-1.197268014783183343e+00,-1.519076323200179157e+00,-2.555475605602872591e+01,-2.071816241211537601e+01,-8.227168545764000029e+00,-1.787059211632131550e+01,-5.877189446485920898e-01,-5.596706514695092061e+00,-1.627960851917399054e+01,-1.086202600005835706e+01,-8.076020050916223880e+00,-1.523032564257592014e+01,-1.557302094717773500e+01,-4.889419279461688639e+00,-4.808450336756203924e+00,-6.597783546050671077e+00,-7.103649980963605337e+00,-2.644055053339830152e+01,-1.566163751265873216e+01,-2.984700638876541134e+00,-9.940813856841575813e+00,-5.723483900446650452e+00,-4.013865856813813693e+00,-2.290268249790662125e+01,-1.689773877724623929e+01,-2.433542539143855521e+01,-1.288350631450943862e+00,-1.369862047792864423e+01,-3.897031487753730872e+00,-1.323935712823334754e+01,-1.412164883378761360e+01,-5.130767527064589162e-01,-6.098405115953184463e+00,-1.976701163087732027e+01,-1.868361076997972248e+01,-4.331145858998366904e+00,-8.319862818763798629e+00,-1.729051231260964716e+00,-4.615565095994514699e+00,-1.278039351510345689e+01,-7.946775476911838609e+00,-2.446008364218823949e+00,-2.519282358804790345e+00,-1.918891869083964030e+00,-2.378164994950014766e+00,-3.690435842433380742e+00,-1.450810972338290128e+01,-7.518954734016735308e+00,-1.952373295278599130e+01,-3.377721355700360562e+01,-1.010101170175989083e+01,-1.069125648933236761e+01,-1.878779569039932440e+01
-1.707159264910524499e+01,-2.327988791020680992e+01,-6.687640842880253622e+00,-2.085510787540367872e+01,-1.380418993054543719e+01,-1.331244703304413868e+01,-3.058663626135351699e+00,-5.717839248875991487e+00,-6.369144483616659969e-01,-5.006792491242543441e+00,-4.863048524417743934e+00,-5.870554969923205135e+00,-1.567085854716836124e+01,-7.408972751512841626e+00,-2.335972093697230356e+00,-1.372136512734182645e+01,-3.620264792117057873e+00,-5.274014199519071688e+00,-8.597265621084286380e+00,-6.413838961506872494e+00,-1.092874961602902495e+01,-1.045948887676862116e+00,-1.118160554681583641e+01,-1.064616473028863197e+01,9.559940851465280609e-01,-1.180537800286457717e+01,-4.792252799838453647e+00,-6.387353995161959119e+00,-1.030798739491567417e+01,-1.281244167923177457e+01,-1.965537575086831623e+01,-6.024754049464103645e+00,-2.432442259059041323e+00,-6.842437171834322207e+00,-1.895595332220474916e+01,-1.402626714201011815e+01,-4.529986745524652747e+00,-6.632799747545703895e+00,-1.091634533302618593e+01,-1.473363229635260652e+01,-1.566417812276969457e+01,-5.454467177738415273e+00,-2.057941777923490889e+01,-1.535437456250303612e+01,-8.946665411282856972e-01,-1.922451584437445860e+01,-1.742066465083950533e+01,-5.204271226820036844e+00,-1.403369214142170662e+01,-8.431415072364313090e+00,-5.474374992124328543e+00,-1.536995085785586745e+01,-2.498038770492017946e+00,-8.393162993450683729e+00,-1.295202080891978191e+01,-1.482657057548518509e+01,-2.939144625228023333e+00,-4.215444577521878955e+00,-1.391119140176360247e+01,-2.192831575460420268e+01,-4.195346969038584284e+00,-1.000985256747868135e+01,-8.282232897511455860e+00,-5.985483188668511367e+00,-1.200754996809697950e+01,-3.413614138680591825e+00,-2.660831307926937583e+01,-1.511453763979832132e+01,-4.096094200876839508e+00,-3.576385905946067201e+00,-8.901207918956856702e+00,-1.488933875995158473e+00,-8.083762748155505662e+00,-1.879890768155123570e-01,-1.452011856680307034e+01,-1.969310742950420234e+01,-8.260298816041444780e+00,-4.950906521610494160e+00,-7.395376976139720782e+00,-1.976828136173793737e+01,-4.154224334013052022e+00,-6.577814752753774030e+00,-1.039825076502418000e+01,-4.412682499696045646e+00,1.099281449130664390e+00,-3.730767701771350531e+00,-9.730283037019815673e-01,-8.042151231715271464e+00,-7.081905058824421673e+00,-8.793528746658907380e+00,-1.517714840860229231e+01,-5.630100688584123603e+00,-4.630281478902111836e+00,-1.728590378745574530e+00,-6.242477176454207743e+00,-6.047609560546673535e+00,-4.562789815181033326e+00,-2.418335809875362585e+01,-4.419920175462442202e+00,-1.310832894000429683e+01,-2.542713876897193970e+01,-4.608836927717153920e+00,-6.725954453642114750e+00,-6.553380858571720147e+00,-2.899029006931240993e+00,-1.050198201436217005e+01,-2.084536183833020218e+01,-1.011354417942511752e+01,-9.106188816883026504e+00,-1.895775029176718363e+01,-1.407250270857817398e+01,-6.432427804460431275e+00,-7.212963539029026983e+00,-1.340376566935158209e+01,-9.325399642324191163e+00,-1.014848818246244733e+01,-6.640115264476489365e+00,-9.711276834483529852e-01,-1.651729643135684356e+01,-3.463288307904454300e+00,-1.016203879899977558e+01,-1.648697951076088941e+01,-6.498312104359299290e+00,-1.322115538929698886e+01,-1.751785551758736048e+01
-1.172537066585852727e+01,-1.741373383714707046e+01,-1.209231112228221150e+01,-1.562132584921156031e+01,-3.801769986932586054e+00,-8.476426927451738536e+00,-4.276173726015914056e+00,-5.122381278946331662e+00,-1.387819601941542302e+00,-8.275866590744767493e+00,-6.691117510787537803e+00,-7.359974563030630135e-01,-5.421724039839146414e+00,-1.074032974662650375e+01,-8.578345776690950331e+00,-9.179282765115051035e+00,-1.265170965305006590e+01,-4.691443568667610364e+00,1.627528908421925768e+00,2.289769600093747859e-01,-1.750329965056827319e+01,-3.695140644426036403e+00,-3.924486647462610112e+00,-9.544009396179074400e+00,-5.858365539354258189e+00,-2.763669910409447539e+01,-7.466117537632745993e+00,-4.532638171676653727e+00,-3.640843016940471966e+00,-9.462829217945985860e+00,-4.577677415568133235e+00,-1.008025293990586491e+01,-1.237392636032814908e+00,1.872032173610610750e-01,-3.269614300193853573e+00,-8.627545551053929174e+00,-8.576327820215155384e+00,-2.283870346814619623e+01,-1.977037918986959752e+01,-6.167248764330761190e+00,-1.611513383329130278e+01,-1.887526939773471923e+01,-3.795704357237938531e+00,-1.319294343758000743e+01,-7.946287055081525885e+00,-3.047859834065780316e+00,-7.041596908673243282e-01,-1.321410799877797970e+01,-2.186586535980161017e+01,-6.656104465232384193e+00,-5.252425336799020350e+00,-8.825064114044492314e+00,-9.861097402910900200e+00,-3.901264236464978996e+00,-8.911814711653306631e+00,-6.796698104580873867e+00,-7.014027309785487496e+00,-4.718313371073206142e+00,-1.720356096577364013e+01,-6.325778150395498400e+00,-2.433627896009236569e+00,-1.193916416408617209e+01,-1.003828667498732230e+01,-5.634167687931435076e+00,-5.179447793047097015e+00,-8.164991979637260755e+00,-2.413747548239668639e+00,-3.720977334464258490e+01,-6.926820893042457072e+00,-9.820768678292200349e+00,-1.048035143296798566e+01,1.275080836457801237e+00,-8.425811883268737645e+00,-7.100120838657747235e+00,-5.258949863020988325e+00,-1.241952453782922028e+01,-1.135534379795211279e+01,-4.225625413159681543e+00,-2.297137936901803101e+01,-9.810186451052679502e+00,-8.989699051249836259e+00,-2.534177806945909328e+00,-7.869370232376646790e+00,-2.155491805906880387e+00,-5.076984682568452811e+00,-5.831790165562273032e+00,-8.789094256388375825e+00,-8.685888612524003349e+00,-5.746975335730500234e+00,-9.286154279652389931e+00,-5.837037561035906208e+00,-9.344938584143520188e+00,-3.413969261609505423e+00,-1.687813102528703535e+00,-3.054424633999473393e+00,-7.669059157876797705e+00,1.667780827626902385e-01,-4.644156482865771984e+00,-6.224019190936576074e+00,-1.866130294078955743e+01,-4.299463899817070889e+00,-3.568092838589018267e+00,-4.438638363121732766e+00,-2.328617294047194974e+01,-2.598710946054364257e+00,-5.017313199743863805e+00,-2.319765704940563111e+01,-7.646875690237350476e+00,-1.044487856998515696e+01,-2.356969404903238363e+00,-6.676704626411253951e-01,-3.669950877368306941e+00,-1.377333329226082270e+01,-1.640667278813371510e+01,-1.983591225747025177e+01,-1.128036498229671558e+01,-2.070554913864104662e+01,-5.393171782664086811e-01,-1.478796491391118018e+01,-4.489131033794411252e+00,-3.416169523334898983e+00,-1.236213145248296641e+01,-5.779924559481264268e+00,-7.139037557465855777e+00,-1.821134869441164739e+01
-1.106677228242133637e+01,-1.941794135360668960e+01,-1.779562100354909759e+01,-1.596605382078636381e+01,-1.576883438315783792e+01,-1.563273781298663501e+01,-2.742569601398919588e+00,-1.712185790666298857e+01,-2.745654269962323113e+01,-2.146478364821635409e+01,-7.489252365568521697e+00,-5.553178583532856649e+00,-4.834418572828128369e+00,-1.139627642711430866e+01,-1.022353624909650449e+01,-2.108659704661278056e+00,-3.709071312300281420e+00,-2.211733109182843382e+00,-8.844642901178591643e+00,-5.145903043883881978e+00,-1.274137532510785675e+01,-3.801477676203827372e+00,-8.941001746315304644e+00,-1.512182992221050526e+01,-1.407179955421801587e+01,-2.734814881189452151e+01,-4.021395864854714830e+01,-7.094437103056204563e+00,-7.323486637118387321e+00,-1.817755035543410358e+01,-5.888153876894071104e+00,-3.172240305228717361e+00,-1.931030380793970380e+01,-6.910441265971049241e+00,-2.881197214428592890e+00,-9.486699659671366192e+00,-4.041533517762848859e+00,-2.230263738353106007e+01,-1.692012265490293643e+01,1.107759701958730192e+00,-7.643642958624418782e+00,-2.048661119714233081e+01,-3.668949230301162601e+00,-1.755625806749198858e+01,-2.329329917948633977e+01,-1.959809891610163612e+00,-1.247631580387423966e+01,-7.016160841829826467e+00,-7.274737984555183168e+00,-4.666128309495994664e+00,-3.359076715653341871e+00,-1.008752937294349827e+01,-1.710480326767508785e+01,-1.022309598897625094e+01,-1.135176306106505351e+01,-1.497757325149813301e+00,-7.306000768284990343e+00,-1.075726670707752852e+00,-6.425302607221253126e+00,-4.897915069804621879e+00,-2.845950701531413940e-01,-9.209612859462021461e+00,-1.623330176549818660e+01,-9.778281515501895171e+00,-4.843668284420305170e+00,-4.311648553587738242e+00,-1.097941886836530045e+00,-1.749175268893491619e+01,-4.209109017253227059e+00,-2.710967103843023196e+01,-7.553022930235224752e-01,-4.368478414417368505e+00,-1.163594093491888160e+01,-1.764951242226987560e+01,-5.210624957357117282e+00,-2.119287833104906316e+00,-1.718091645999805905e+01,-9.045147468074981489e+00,-3.378970530972162489e+00,-2.630720555755030610e+00,-3.169967717923540818e+00,-4.763261627266932585e+00,-4.748027159515986639e+00,-3.998327989787422432e+00,-1.329688365436406272e+01,1.240074449263669276e+00,5.593484957348126008e-01,-3.806432464957489437e+00,-1.183344583335110300e+01,-9.998408450835896133e+00,-2.877181288655208391e+00,-1.689622379748313108e+01,-4.104818639497757715e+00,-3.538973390724799550e+00,-6.551683395394196197e+00,-9.150429823572922672e+00,-4.837948390586552350e+00,-1.061819323552262517e+01,1.534088503637811352e+00,-2.336464602991218165e+00,-1.932362635284065711e+00,-5.758496985316501338e+00,-9.395105815318817832e+00,-5.271492153011701376e+00,-3.798944778928748711e+00,-9.507435559534272329e+00,-1.551177121975701567e+01,-1.332158647375963412e+01,-3.360421008273926979e+00,-5.620495242889034238e+00,-1.129542339164069631e+01,-3.385751450499240978e+00,-1.168033105725843335e+01,-1.491887633343249675e+01,-2.714318500522072686e+00,-7.444545299207079303e+00,-1.292505129545521392e+01,-7.246031580379183268e+00,-2.309039116240089484e+01,-3.340899202420721803e+00,-1.214057371517231942e+01,-1.152233356128555819e+01,-1.089020605851402479e+01,-1.399715454538803172e+01,-2.985730122977826539e+01
-1.172375437431742284e+01,-2.003751937933357041e+01,-2.430785794719033532e+01,-8.207907254989578405e+00,-1.582491786179610926e+01,-2.278093817336601035e+01,2.747218726521845067e-01,-9.262432207340147272e+00,-1.875022241586039229e+01,-1.796727604849662185e+01,-6.701052476891671716e+00,-1.340209115856135824e+01,-3.589080162811592700e+00,-1.598565831630692102e+01,-9.414215880965481897e-01,-1.259580449717945427e+01,-6.518206946344103692e+00,-7.070698206365682914e+00,-4.205169277135234474e+00,-1.875620260599259481e+01,-2.839450468050983556e+00,-2.174260680092777065e+01,-4.117665270615924911e+00,-5.485778645490077210e+00,-3.218257274088861664e+01,-2.421814044354944429e+01,-2.413680058014467633e+01,-2.090235200834247209e+01,-2.250111879762010147e+01,-2.524303891814678735e+01,-1.143045476527777282e+01,-1.466309722609046418e+01,-7.512123626931512810e+00,-7.576085814876371671e+00,-6.641091072773362747e+00,-4.387106858342193938e+00,-1.472375634682410350e+01,-1.965201287955057197e+01,-1.096797729798607612e+01,-1.044047565022783353e+01,-4.968816240119514838e+00,-1.570085944718019277e+01,-6.558808543325199913e+00,-7.884499854091412629e+00,-1.783243901244899376e+01,-1.547219532975630152e+01,-9.219081533850072674e+00,-5.654533937946162325e+00,-3.457381401118553743e+00,-6.457481302403023982e+00,-1.682659340998259623e+01,-2.075671768071450707e+00,-1.415918809561995673e+01,-3.598108280205121190e+00,-1.452192107019148537e+01,-1.226139917289476244e+01,-6.074041295560181020e+00,8.056764243492197108e-01,-9.854049041489876259e+00,-1.452190151999987755e+01,-5.194631205017600450e+00,-2.559185374541559810e+01,-1.868460310134365798e+01,-1.339438190953426400e+01,-5.507562281364276835e+00,-9.013085571665261142e+00,-6.593976588675504402e+00,-7.048559970385004370e+00,-1.454892847688465096e+01,-2.293908468237128062e+01,-2.475843716039701103e+00,-2.316379522788971190e+00,-1.149467631916593291e+01,-1.647226067437475194e+01,-7.263208007255832044e+00,-6.852805973864558808e+00,-1.394784178879863035e+01,-2.732633316655817435e+00,-1.638697320432916982e+01,-8.758928285776843126e+00,2.753287230139085384e-01,-1.069273484903231619e+01,-1.372139279110207610e+01,-7.353814998969587791e+00,-1.936081609271477078e+01,-1.139055217706862955e+01,-6.508809603170451652e+00,-1.887097856427240927e+01,-4.790172492866920706e+00,-1.325762737000898461e+01,-2.526830575885298913e+00,-9.582118407119173398e+00,-5.231392980073850119e+00,-7.869258833723760560e+00,-7.125428127483881546e+00,-2.149003080815368705e+01,-3.296853600716526245e+01,-1.153667274512524443e+01,-1.591028527250947233e+00,-7.049048359396956620e+00,-4.864360535800168250e+00,-1.964815500557502093e+00,-1.315074541853234891e+01,-9.379049628893605828e+00,-8.704221492816488492e-01,-2.239167037064955679e+00,-6.208785818301381987e+00,-2.487284470286150295e+01,-1.495064230007732675e+01,-1.122302103369385229e+01,-3.147546714876893859e+00,-2.711321993065424607e+01,-4.366154772586209099e+00,-6.100197639620156487e+00,-4.529452817777494644e+00,-1.081842014554498910e+01,-4.282942465747918703e+00,-2.550275500035267484e+01,-2.046575265271955146e+01,-5.235921132808028844e+00,-4.092180740137877137e+00,-6.271064698539196236e+00,-1.050959526387045884e+01,-2.049048287860468420e+01,-2.203902491809973085e+01
-1.450653964565030307e+01,-1.085117181299905553e+01,-1.250177488296028550e+01,-8.289584540212235453e+00,-1.696533527080311643e+01,-2.669562576754393035e+01,-1.369328125569436772e+01,-1.378941121561557681e+00,-6.783990455569218980e+00,-1.634449478737592898e+01,-1.357634259715412384e+01,-1.308045151286754049e+01,-9.314880468042217032e+00,-2.092439387570294684e+00,-1.362093016346350494e+00,-3.010674644761856555e+01,-1.179252003299862750e+01,-1.130552382542684597e+01,-8.871442869688365818e+00,-8.338206846876502709e+00,-5.443378841919492839e-01,-1.079487233332311114e+01,-4.778903031822747671e+00,-7.472212488884536263e+00,-2.266264427094150591e+01,-1.957264540138284659e+01,-1.785248037258835296e+01,-1.906054575343955193e+01,-4.087556364671478093e+01,-7.868053297540162028e+00,-1.108460827691663875e+00,-1.085358898458102672e+01,-7.141668146295378605e+00,-3.582740570704960437e+00,-5.685917491395046319e+00,-8.679685426510516777e+00,-1.663379386002970506e+01,-2.032535948956966365e+01,-1.264487670216356463e+01,-3.662211942228593919e+00,-8.226093999340687191e+00,-7.605057870458229452e+00,-2.763585974475480711e+01,-1.271727638490202317e+01,-8.156863741925864275e+00,-1.200626586832947851e+01,-1.118069518879011781e+01,-9.242241677687797363e+00,-2.768845320236982488e+00,-8.763898027842312644e+00,-2.108501837087302988e+01,-1.341822635902621030e+01,-5.963315548921085174e+00,-5.323041641306595295e+00,-5.285217441337335842e+00,-2.097387121373773056e+01,-8.084329641477610906e+00,-4.917443741390307821e+00,-1.473851824528761156e+01,-1.474905367737924777e+01,-3.949045008864429551e+00,-9.799186329552274088e+00,-1.680988555645700799e+01,-9.403927259222410129e+00,-1.121501337713488811e+00,-8.285014770772724191e+00,-6.803198931033516139e+00,-1.081381017492999197e+00,-4.282647278258122192e+00,-9.192027252254590053e+00,-1.302451634559737670e+01,-1.019854153763780502e+01,-3.255589256384133989e+00,-9.846393827029146451e+00,-3.382743745322027706e+00,-1.573390843987289145e+01,-2.964767026298793517e+00,-1.261975210353543986e+01,-3.052842239139008207e+00,-4.920828363810096029e+00,-1.114553116029475177e+01,-6.281412026508661484e+00,-9.584105578750421017e+00,-2.649862733927460212e+01,-1.537012131224882516e+01,-7.612651106586407757e+00,-5.307508548332986464e+00,-2.834593646824848712e+00,-3.556534206745825877e+00,-1.975664051036787683e+01,-2.079446390359639096e+01,-2.614744065756707148e+00,-3.479129210867819921e+01,-1.964434873339160958e+01,-3.833533508431042236e+00,-1.112098237650806709e+01,-2.640982362943966422e+01,-1.490172486169866417e+01,-1.173152770130346134e+01,-1.206120319846114164e+01,-2.387566585659629936e+01,-7.033949659297437762e+00,-1.636021960290045651e+00,-7.415670641426493681e+00,-2.321242936099378795e+01,-1.183800480925147980e+01,-1.044924055785499739e+01,-1.652933252654684182e+01,-6.778663847238225237e+00,-5.579707554064506914e-01,-9.235665753984235948e+00,-2.810506486773918677e+00,-7.178891631729442224e+00,-1.129841724868664965e+00,-5.375353120306654020e+00,-1.390783173445666776e+01,-6.771231867106751068e+00,-1.499826810133870536e+00,-1.821099624341129442e+01,-1.105402688136949640e+00,-3.682027893647539685e+00,-1.560864893191894254e+01,-1.245419841781460413e+01,-1.402966363322798315e+01,-1.860953202920594762e+01
-7.859732203241897253e+00,-1.614497246475274395e+01,-1.259402643597132254e+01,-7.527290725618836831e+00,-1.230463086369647030e+01,-5.093291597435960938e+00,-1.515266465906920601e+01,-8.933202684921292658e+00,-5.808774015986132966e+00,-2.268878061430258697e+01,-6.666917638177799255e+00,-1.184124856111317348e+00,-8.122565499869377703e+00,-3.348578155053870908e+00,-7.942539088004826553e+00,-8.953147990934786193e+00,-5.955093618739160100e+00,-6.367581152857887616e+00,-7.027237506159212721e+00,-2.345512219678312249e+00,-1.446391627518324396e+00,-1.973496567550256131e+01,-1.215831257714400415e+01,-1.389572520040069925e+01,-9.048906118121134767e+00,-8.057190109354142038e+00,-1.646750685872849118e+01,-1.580136776149957711e+01,-2.795106496138244978e+01,-1.381773046858949971e+00,-1.661689551470790338e+00,-9.397765729144737179e+00,-4.198768214552860201e+00,-3.205719539832189824e+00,-9.643247298076852658e+00,-1.552784921323893386e+01,-1.517159369891617970e+01,-1.172690448123737639e+01,-3.499478091117234069e+00,-9.691049975307478803e+00,-5.710156159519463870e+00,-1.374901395378077495e+01,-8.110663074421838203e+00,-1.168835168377344580e+01,-1.510028721493641690e+01,-5.617221344802446836e+00,-7.910171836273566015e+00,-9.190283818757649215e+00,-1.042974388363953508e+01,-1.236551048503906713e+01,-4.900333809248299310e+00,-9.039345854699808669e+00,-4.227364501507897998e+00,-1.138489585474366450e+01,-1.075574037946160288e+01,-3.994442539156567307e+01,-8.258293175497374961e+00,-8.694023562464430199e+00,-1.515989715189259002e+01,-9.423224682083785053e-01,-1.152979800862911475e+01,-8.250963225469810425e+00,-1.283724929513008561e+01,-5.655774402209927665e+00,-1.201484435415668628e+01,-2.611670712436249708e+00,-1.240204581263371963e+01,-5.131300617381691076e+00,-1.652061854200838198e+01,-9.825520992614034554e+00,-2.247758929629604108e+00,-3.986833419054576222e+00,-1.101416247623172140e+01,-1.194924144253250731e+01,-1.089169864267993226e+01,-1.195110181186975495e+01,-3.947277793371392285e+00,-2.943976512957758196e+00,-7.245475526350105611e+00,-5.756503708115568330e+00,-1.647624229558658016e+01,-9.175885708959322429e+00,-6.621267723862739984e+00,-8.998221469039455300e+00,-1.357318908755579656e+01,-2.645298000452784848e+00,-9.350826924064666201e+00,-5.271699330259003169e+00,-2.228658605262037629e+00,-1.142318289752860849e+01,-3.528305510923512855e+00,-4.687393248151805025e+00,-6.422851157124894073e+00,-6.716839861232207554e+00,-1.421555715828753286e+01,-7.851358062205040511e+00,-1.807245707672587631e+00,-1.011841285960869463e+01,-2.228110094019318055e+01,-1.821157263113835612e+01,-4.330471876693533062e+00,-1.167589960504659352e+01,-1.885978301038080174e+00,1.531115853124160875e+00,-1.067938250271312484e+01,-1.261726577351615930e+01,-1.935040059043787153e+01,-2.108765925875121638e+01,-1.176921727115726402e+00,-8.926237525017879371e-01,-1.187763946437330453e+01,-1.624330266197403816e+01,-7.362009919966915339e-01,-3.136696730094001850e+00,-1.076942693759440139e+01,-2.576344338053929039e+00,-7.048724341624473588e+00,-1.252906351363769932e+00,-4.496314986627312216e+00,-2.739586705407591083e+00,-7.747103621777022830e+00,-8.226992104696474684e+00,-9.359966755902847879e+00,-3.150125195235707309e+01,-1.481620922692955489e+01
-1.016830125661298823e+01,-1.839568229770159746e+01,-2.051952427538930834e+01,-1.058514097802040865e+01,-1.973623262906478359e+01,-4.577154616090140848e+00,-4.226244628694101557e+00,-4.799388775539098262e+00,-2.935280303139135682e+00,-1.131417378268965557e+01,-5.981054607987566385e+00,-7.700836966926747351e+00,-1.745955204314700282e+01,-2.406945300308812818e+00,-1.757534501039359487e+00,-4.703576906763595744e+00,-1.353758260987218520e+00,-3.890330956567067400e+00,-3.592916868066088121e+00,-7.263918435158452702e+00,-1.581937491190889666e+01,-2.087303763996903427e+01,-6.680891608898143375e+00,-4.524299075817188154e+00,-8.829046237388013196e+00,-7.587384362224074863e+00,-6.867905184241577032e+00,3.500659431041300285e-01,-1.895621511288910455e+01,-1.312614710321611033e+00,-5.783096180572567135e+00,-1.178320851008462711e+01,-4.442477765811342572e+00,-2.077858921908619649e+00,-6.403410807145002437e+00,-8.567363271586531326e+00,-2.728080773675366721e+00,-4.004434392282440136e+00,-5.448138615891314984e+00,-3.057692814865285769e+00,-7.466397848486769462e+00,-1.352148707394313298e+01,-4.686130085411317481e+00,-1.193612488147038420e+01,-1.191975518973751313e+01,-7.928702451835970777e+00,-4.616038365042649083e+00,-7.126075034072631098e+00,-7.008721569881566360e+00,-2.422463051422910851e+01,-9.147438282246524111e+00,-1.861825341497659325e-01,-4.046510970864792611e+00,-6.547757723256777851e+00,-1.107711901245365738e+01,-3.190982604359230379e+01,-5.009461099916070026e+00,-6.578492993082766027e+00,-1.764596714374803099e+01,-1.111163844417433211e+01,-1.750358205908875320e+01,-5.394969478252804151e+00,-9.679598719152775033e+00,-3.072775657644594816e+00,-1.925430895905932260e+01,-1.445566566288586685e+01,-1.387078258214018689e+01,-1.548969842399531238e+01,-2.089486544381791333e+01,-9.976826733836503536e+00,-8.663920241820337154e+00,-1.690428231484551702e+01,-1.250508108028051346e+01,-2.266904983421703434e+01,-1.578696706900792535e+01,-1.503879241817673673e+01,-3.884672909263982010e+00,-9.426636026448949934e+00,-7.645911682226891770e+00,-2.322939850403380291e+01,-8.253636986398454667e+00,-1.366380700193093212e+01,-4.586961953804023828e+00,-2.234527950990644385e+00,-1.753941881373602740e+01,-1.117779882791496426e+01,-7.011547120390878796e+00,-1.626873395146558376e+00,-5.223498247077840162e+00,-1.628074799710679699e+00,-1.058805249998766485e+01,-1.039711669722407983e+01,-3.163524675213349457e+00,-2.143625725314380226e+00,-8.754361140214307113e+00,-4.771656661054541004e+00,-2.081534878339584616e+00,-9.817617588609742540e+00,-1.954413112589233137e+01,-2.414024464939222270e+01,-6.358244155162938505e+00,-7.255780113020964261e-01,-8.604524644748174467e+00,-1.375682436730455294e+01,-7.381661211555923252e+00,-6.289525106019009826e+00,-9.777938451824594424e+00,-1.536233992508832458e+01,-2.895070052729906696e+00,-2.977842263733896822e+00,-4.058312092516704439e+00,-7.168442815476403496e+00,-4.295035631090957651e+00,-4.210622113405555922e+00,-1.070812418343844641e+01,-9.739875577081452462e+00,-4.484499865322224998e+00,-1.672236489902669732e+01,-3.093037392988442047e+00,-1.882390290637273811e+00,-4.208900006529733062e+00,-1.152153730652307928e+01,-1.144831239023028147e+01,-1.619525667094949029e+01,-1.430090974669633930e+01
-1.830605216555375492e+01,-6.032906705172693762e+01,-1.163623057318066145e+01,-1.882796051791290637e+01,-4.080424483240922662e+00,-1.063292738029789675e+01,-7.879896137437745196e-01,-7.051153292244189963e+00,-5.584221661875571563e+00,-6.633987130555377476e+00,-6.747005870778735925e+00,-4.879796380191175231e+00,-2.040286971429936003e+01,-1.519519753359987391e+01,-1.406510981356650447e+01,-1.016575180251195221e+01,-2.478547326169147524e+00,-1.943327774204813352e+01,-1.319126736462513705e+01,-6.505543043920122059e+00,-2.801789636300667574e+00,-1.807031461341547995e+01,-3.619550828064616699e+00,-8.213316277266118348e+00,-1.866646054988072478e+01,-8.946344342013281548e+00,-5.148293754485299800e+00,-3.157858770586137620e+00,-2.453134413119818724e+00,-1.915755079827615859e+01,-5.821356012319037987e+00,-1.584150518401649954e+01,-6.647279924624339920e+00,-3.600500598395797169e+00,-6.307161675196073958e+00,-7.214428936417003335e+00,-5.531636688586065276e+00,-9.729219798474257885e+00,-9.791522478770685822e+00,-9.690544087342619406e+00,-8.781590217705044665e+00,-1.333570121850972967e+01,-1.608229397801130389e+01,-1.281137624859671043e+01,-9.507197410575576768e+00,-6.258384506416037496e+00,-2.055802540439822579e+01,-1.972509674576606997e+01,-2.149654352021224923e+01,-1.774673903513882323e+01,-4.139134584169584130e+00,-2.247288004086464674e+00,-2.137871716353780371e+01,-3.019617838739504734e+00,-7.572481249170071038e+00,-2.134646969965557162e+01,-9.085280940661752958e-01,-4.065691958290450714e+00,-1.746654460236868900e+01,-4.730704599615672024e+00,-4.945282098119256453e+00,-1.817558807550651778e+01,-1.679761586642430160e+01,-6.171905180200943697e+00,-1.891401543945957187e+01,-5.109693014409053546e+00,-1.462198268504031873e+01,-1.307554557453695665e+01,-6.020323946192237763e+00,-6.966528118320997720e+00,-1.080509645655254758e+01,-9.740781638474256710e+00,-9.948858963921381360e+00,-1.442571824350250864e+01,-1.899805760393323695e+01,-1.961361275175715235e+00,-1.693186292474292420e+00,-1.041871105644097284e+01,-3.422701328931627707e+00,-7.339709636417515171e+00,-9.278494996623528834e+00,-1.027628966977905378e+01,-9.031376150061548813e+00,-3.259972030191421055e+01,-3.692670543507643455e+00,-4.146834933365873610e+00,-1.779715761310858468e+01,-3.286959723940531042e+00,-7.264121724612268238e+00,-3.557575376235014630e+00,-4.939892414673936472e+00,-2.079475924006771947e+00,-3.498822248014949565e+00,-6.396602314549141965e+00,-2.671491241198469702e+00,-2.107092637134964974e+00,-2.952810231664349416e+00,-2.348561667492000993e+01,-2.687692897089313604e+01,-9.830453771221325354e+00,-1.213881918634004897e+01,-2.391628340878929837e+00,-9.450498851083503737e+00,-7.013419588078868117e+00,-4.730004303847548996e+00,-5.175111248388878593e+00,-1.124364852451442687e+01,-4.045674933435281062e+00,-3.844585386839473706e+00,-1.844414121698897446e+01,-2.064291917655215158e+01,-3.572080063822441787e+01,6.734961820278918543e-01,-3.197643047139765571e+01,-6.706642748973472123e+00,-1.730289266037082996e+00,-6.436748351015356917e+00,-2.846679358391410375e+01,-2.205746265522423588e+00,-7.972821422300357952e+00,-1.265509175445424006e+01,-5.303699971609856512e+00,-1.668541059679320071e+01,-9.601383366871312219e+00,-1.478520080263305836e+01
-2.442741467415255840e+01,-2.635215412219990228e+01,-1.250352622316251505e+01,-1.921826799741199210e+01,-1.101981640425749021e+01,-1.798987377546609423e+01,-1.503416225822897800e+01,-4.960146573944149040e+00,-5.282877886475620066e+00,-8.341388991965711597e+00,-3.254394441602391552e+00,-3.124563952675006639e+00,-1.009533221731540564e+01,-1.704996159772613140e+01,-7.519169190800374381e+00,-2.718708903637274243e+00,-1.428361279842039799e+01,-4.569220363807977137e+00,-7.652176559997948324e+00,-1.564830972124329200e+00,-3.910101170086086597e+00,-1.606459577995901000e+01,-7.905971676727272524e+00,-1.979321538944898595e+00,-7.243457840584200724e+00,-6.218175656733722079e+00,8.703559810330007140e-01,-1.042601248267137137e+01,-2.551044098307002628e+00,-1.308679885840496837e+01,-2.352953406930707558e+01,-1.347347985566180917e+01,-8.199077239214231483e+00,-2.214909676118637449e+01,-8.749018144337005864e+00,-1.237402967817870625e+01,-3.392756007261108930e+00,-1.131965766059905842e+00,-1.097644982717664774e+01,-9.340149037557990752e+00,-6.237265197493502278e+00,-7.110264297631349706e+00,-6.837061518337048227e+00,-7.316595200552429290e+00,-1.227903348045096621e+01,-3.032756639701475265e+01,-1.086352865520392008e+01,-6.003631316396073281e+00,-2.113423760636058191e+00,-1.007051598178177620e+01,-4.174776443111973379e+00,-1.806890312058795445e+01,-5.026557117090876048e+00,-2.286227655686361970e+01,-3.712376199216519623e+00,-1.059636850794188945e+01,-7.905287828049038623e+00,-1.120661088069134692e+01,-1.342759232748575116e+01,-1.221958717808758621e+01,-5.755137660277104494e+00,-1.071492265857107817e+01,-4.014099979674160545e-01,-4.009547077724465503e+00,-5.243030946399703573e+00,-5.529395694611447531e+00,-7.730692882479797134e+00,-1.679527688559169007e+01,-5.373637801595753771e+00,-3.956825841619365569e+00,-2.583963819825536579e+00,-2.547829014894231392e+01,-2.797496435634880374e+00,-2.984365103047254664e+00,-1.617771686566118250e+00,-4.218829882336192050e+00,-1.322562107551055810e+01,-2.188558103065513194e+01,-7.961114742237624498e+00,1.458120546238005355e+00,-9.037892475187957686e+00,-7.541327333661679511e+00,-5.759166621194626856e+00,-1.434226059903409478e+01,-3.621221278545560196e+00,-1.019330772921993322e+01,-9.153334564962454678e+00,-7.175613805571806836e+00,-5.545175693086141777e+00,-1.916646514801230605e+00,-5.747545367080402201e+00,-7.069597043443229367e+00,-4.740532016122545933e+00,-1.736739363909070377e+01,-1.639816894196528452e+01,-4.159500377067236521e+00,-1.104478102223503289e+00,-2.610635681174603562e+01,-1.649396531543543887e+01,-4.194719532853336652e+00,-2.268721976519629369e+00,-3.694473270710256330e+00,-1.917059441072108683e+01,-3.312382574466465446e+00,-4.848510874870390452e+00,-7.438598041512021197e+00,-1.547001490067254892e+01,-1.129883341244824102e+01,-3.989093230259269873e+00,-5.913945022060328682e+00,-5.153588858676286577e+00,-2.000494183871438025e+01,-8.438766348237127790e-01,-2.217824209421910808e+01,-2.878978699539667474e+01,-5.253678413379158307e+00,-1.791561505356490258e+01,-2.013418500957793711e+01,-4.262515857138406083e+00,-6.469568207477450983e+00,-1.909821623170550353e+01,-1.417186475209733132e+01,-4.969703431722669151e+00,-1.406542080273758089e+01,-1.751974241080840500e+01
-2.555144716236476654e+01,-3.155014805939320865e+01,-2.106882981173414038e+01,-2.231944631909463794e+01,-1.968688612827601503e+01,-1.247649653359149013e+01,-1.609464082785056505e+01,-2.140799831850779356e+01,-7.139318552174137800e+00,-9.319014470515648796e+00,-1.555996449917445190e+01,-8.053043951537761203e+00,-1.034897478191692599e+01,-3.502065820764159731e+00,-1.206232822650258996e+00,-1.331274600563477506e+01,-1.908685087706769590e+00,-2.701966507061869915e+00,-5.775755275873077466e+00,-3.655322672464941913e+00,-1.218992281515240750e+00,-1.565168154313821169e+01,-5.747234545481228807e+00,-1.205831904213485473e+01,-5.257011798971086947e+00,-1.525320188366181995e+01,-3.731255627622001025e+00,-4.442262583672778042e+00,-1.167606500824197369e+01,-6.577877081925583624e+00,-5.264310614740189465e+00,-1.150060143856535433e+01,-4.242001567612859958e+00,-1.868261556705121063e+00,-9.221894900580128507e+00,-8.753555852712043617e+00,-1.099666322901977633e+00,-7.895312642806939785e+00,-1.248990443158156793e+01,-1.468544256665754721e+00,-1.287794291325689500e+01,-8.060375941963535240e+00,-2.767325360930672939e+00,-9.689541956260370625e+00,-1.152865052702624027e+01,-5.007232525159592385e+00,-7.935317880082870090e+00,-8.806509896295343864e+00,-1.302060285270890105e+01,-6.335093321667681465e+00,-2.491038730992956030e+00,-1.206749354351508785e+01,-8.585425071282186682e-01,-2.646665764017904543e+00,-5.547287508680387447e+00,-9.731217089138947784e+00,-3.208691264661882592e+00,-7.304490543131242575e+00,-6.764006000285941234e+00,-1.113759510157326282e+01,-5.313748483452079618e+00,-1.677133533524427733e+01,-1.599592331346011420e+00,-2.131730040848662355e+01,-2.518443769483387218e+00,-8.033392227157444054e+00,-3.064877913379119967e+00,-3.076013416938648248e+01,-1.823322218399312789e+01,-1.417547612879010188e+01,-2.746617736330697390e+00,-1.986050306090371143e+00,-9.408285312259526023e+00,-2.022953779083688897e+00,-5.952474978641813408e+00,-1.219441321855639870e+01,-2.228395776719320320e+00,-1.326167591270212220e+01,-5.400367907108316601e+00,-3.045328849725067144e+01,-6.385458254319560822e+00,-5.238190313305233659e+00,-8.974848529193382163e+00,-1.369235877981725480e+01,-2.253428035985306366e+01,-3.190794577663073284e+00,-1.489111714505282436e+01,-1.098347715324067941e+01,-1.080622717122631649e+01,-2.089078302756157690e+00,-1.409884923445394556e+01,-5.146208652789443505e+00,-8.935028431332511900e+00,-1.213017509450468268e+01,-2.804449422844897732e+00,-2.495156380731665013e+00,8.754690482762862436e-01,-3.506148515300279200e+01,-5.885080897774475517e+00,-6.354754902823062324e+00,-1.102792796898652838e+01,-3.287548372191150037e+00,-6.177458050341836149e+00,-2.862413527948380221e+00,-1.476469022686996979e+01,-9.106152534534860621e+00,-8.013098525491438195e+00,-2.444534773594824628e+01,-5.591278687290731630e-01,-4.907988337292353620e+00,-1.971333399102890738e+01,-1.605529766730526120e+01,1.177861909295643494e+00,-1.976253475474404553e+01,-1.248197991505618276e+01,-6.070940364804102707e+00,-2.527044350379411775e+00,-1.118624393865007782e+01,-2.301191596234646397e+01,-7.388250936208702324e-01,-9.096131501621918858e+00,-1.280619197094651618e+01,-9.807916608653112434e+00,-6.545058084580219315e+00,-1.992447741196483690e+01
-2.651797205211567388e+01,-2.544031405879040975e+01,-1.648221684878689786e+01,-2.512891704477263488e+01,-1.644038463232266167e+01,-2.575236133215872414e+00,-2.825078935934238089e+01,-2.326707382744620745e+01,-4.550077030824662749e+00,-6.060320768568479011e+00,-5.085102525470531987e+00,-2.991379272213221974e+00,-1.339752788013336726e+01,-7.974632735490422064e+00,-3.190889256989955847e+00,-1.509866267042074561e+01,-4.503957593464708253e+00,1.208282441765913484e+00,-1.072345417557729164e+01,-2.376148345927517980e+01,-4.405231861691010220e-01,-1.310923985040135342e+01,-4.098455908604533349e+00,-1.769290625099263181e+01,-1.605030209163115984e+01,-2.331014924254397158e+01,-9.732969822573515728e+00,-1.343664809145817429e+01,-1.304188259077858625e+00,-7.637932542723667950e+00,-7.339042913679549862e+00,-1.235612395620856230e+00,-7.088969027871230288e+00,-1.864733569659941281e+01,-5.122729000947760625e+00,-3.135660287712362049e+00,-9.231779539119887801e+00,-2.712431175598504751e+01,-1.145533322581789015e+01,-7.509406052021772027e-01,-1.286636165089098327e+01,-7.430565525532191629e+00,-2.345817068068273947e+00,-1.595696834399658925e+01,-1.286238866526808167e+01,-3.228116511284992551e+00,-5.919436606169066195e+00,-7.881159641206611610e+00,-1.689877832656202727e+01,-2.546815906899436932e+00,-3.880928793560389334e+00,-1.061834810885416402e+01,-9.956147451743749599e+00,-6.685949819646788583e+00,-1.021878314260908382e+01,-9.470636467510681555e+00,-1.169342431499523105e+00,-6.103814006995476049e+00,-6.975595924715736196e+00,-1.245921647715080027e+01,-5.316900603752086951e+00,-9.734451005017973557e+00,-8.996570920757488210e+00,-1.257702736496135643e+01,-5.180057541293779266e+00,-2.038421401728065518e+01,-4.016691197023723348e+00,-2.222464716561013987e+01,-3.093403543194442662e+00,-1.167494593719035834e+01,-1.022541336472914075e+01,-1.314944894164676015e+01,-1.657491863789048736e+01,-1.246366203626337388e+01,-4.460972380838140516e+00,-2.817961826287844751e+00,-7.857078161931545512e-01,-1.246884731043209271e+01,-1.076434784280286827e+01,-4.420197193414553638e+00,-8.593872140858254127e+00,-7.946329672270895372e+00,-1.349194620126931454e+01,-8.270816475495692544e+00,-9.248261308121566771e+00,-1.534645908294902483e+01,-1.459143402782848931e+01,-5.000804221727401355e+00,-2.863901691167241914e+00,-3.030532368279610367e+00,-1.166511842418842981e+01,-6.864284835378873240e+00,-9.969654098698452316e+00,-4.266043216760229129e+00,-1.290255236017257090e+01,-3.555891560024492914e+00,-5.497423327346253608e+00,-1.684516470733069227e+01,-5.445587578399381457e+00,-8.787377420350029666e+00,-5.301617397075629512e+00,-2.349393405488253705e+01,-6.017904200895846323e+00,-3.755747545891242822e+00,-8.987967136067835483e+00,-9.114627440749497822e+00,-8.518763669958593354e+00,-2.549498675727565455e+01,-8.371893170851546273e+00,-8.733854475106117121e+00,-2.237036539349915643e+01,-2.503436179935569683e+01,-3.004509853620722204e+00,-5.412898125576934838e+00,-7.406808954367566145e+00,-7.904709424395024442e+00,-1.521067816715436116e+01,-5.719235266103868121e+00,-1.871556774784328070e+01,-1.175899931778353835e+00,-5.448388639022746283e+00,-2.009133674123056768e+00,-8.897946296334321659e+00,-4.660543869234312631e+00,-1.701053695209843752e+01
-2.729453424459416055e+01,-3.834551176370951708e+01,-1.449091369056938206e+01,-1.857201767726476760e+01,-7.952332654268561285e+00,-1.231505325874982626e+00,-1.757563584033212223e+01,-1.992972664998500321e+01,-1.185753917160830717e+01,-1.191964727268024049e+01,9.535735140822571010e-01,-3.862243115420793238e+00,-2.719193018128219563e+00,-2.217170060289971190e+01,-1.406158194801023953e+01,-3.661646549219088609e+00,-1.387939457774003671e+01,-6.425522985981466206e+00,-1.528145149631727051e+01,-2.013451660648386365e+01,-1.091197721630061235e+00,-1.755471439286883495e+01,-8.597773513223078368e+00,-1.141847305668522772e+01,-1.356615217778289306e+01,-2.304114531501365803e+01,-2.754146030373641452e+01,-3.522929225498729888e+00,-5.916219168025490305e+00,-1.254110801000785358e+01,-1.254576986421716178e+01,9.295499932611699379e-01,-1.108929100965692349e+01,-4.830585459773011792e+00,-4.528843425460109096e+00,-3.113412092826528266e+01,-1.930187414558793790e+01,2.193247521751498230e-01,-6.930492060764575690e+00,-2.902394503184517749e+00,-6.660118244948501243e+00,-9.069050983811337119e+00,-4.183529161991435430e+00,-1.013018264810195923e+01,-2.342754515508736368e+00,-4.388260612805938266e+00,-6.355564761251049966e+00,-8.921490106534822218e+00,-9.090452035429178679e+00,-7.586942754361219343e+00,-4.768109042587417079e+00,-2.679322624494559335e+01,-6.925595128493871933e+00,-1.526549296804152966e+01,-6.377193182049561315e+00,-2.329656261760301561e+01,-3.724844185764245807e+00,-4.144660012789000092e+00,-3.666427969234807183e+00,-5.137332793661888442e-01,-2.017234263315874898e+01,-9.348641218798904973e+00,-1.102766612335676655e+01,-4.469854555454025657e+00,-9.937121377599858363e+00,-3.071152542227620330e+01,-1.626911762936944683e+01,-1.536446042044701343e+01,-3.603553287241166636e+00,-1.305294739137933213e+01,-1.261825194699608943e+01,-6.850908916148544137e+00,-1.758525159432286245e+01,-2.318741531026697800e+01,-2.153941235812247967e+01,-1.087571263259562393e+01,-1.231065838956660130e+01,-1.377282645477750300e+01,-4.959426217673962078e+00,-7.033736247912601769e+00,-4.022443058017811879e+00,-1.299862369239855298e+01,-2.159770350963933083e+01,-3.125152046557995611e+00,-2.328317277536026353e+01,-1.177198434673004002e+00,-7.101600071035907291e+00,-1.030483411966753238e+01,-9.320377686159419639e+00,-9.138515560994610709e+00,-2.404375867278172318e+00,-7.780570691313402065e+00,-5.096568804462185298e+00,-9.992091313655985019e+00,-7.039561949538860830e+00,-4.394746003438373627e+00,-4.704032450329964199e+00,-7.924243830897412799e+00,-1.288116877682385208e+01,-8.689923419781976355e-01,-8.049602180039081567e-01,-3.755569302627289829e+01,-2.046461256154064046e+01,-6.089995436125185124e-01,-2.076455481312192930e+01,-2.273475958168408972e+00,-1.224327547376900149e+01,-8.304264503224580096e+00,-5.025729257882611378e+00,-7.872710606109891707e+00,-2.384160324362918715e+01,-2.146993303797975017e+01,-1.443239249674417302e+01,-1.336446595453131714e+01,-1.025693531243233814e+01,-2.781699127407434702e+01,-7.789899743497569418e+00,-3.854193901537663614e+00,-1.440355741358302843e+01,-2.112116158855669568e+01,-3.712050502292471688e+00,-8.385700997687751013e+00,-1.037184308012216682e+01,-1.205574639203277343e+01,-2.357355333783111107e+01
-2.058372500410837347e+01,-2.677240657669887725e+01,-7.805677634812599130e+00,-1.641997994194851529e+01,-5.247524571508410673e+00,-9.322991960497850172e+00,-4.125411694431766918e+00,-1.929108293936335983e+01,-1.358442477718617170e+01,-5.315920223939919254e+00,-4.858918518120899144e+00,-5.930619666257350708e+00,-3.882782000104646691e+00,-2.677565055063322674e+01,-1.529467802288079170e+01,-1.213971669549801291e+01,-1.849573999289136239e+01,-1.637427730819876004e+01,-2.403984372386707236e+01,-2.339424666610028680e+01,-1.815278035030706949e+00,-2.577449568154162485e+00,-6.117780222197943374e+00,-1.237146138809700879e+01,-4.955368302176720086e+00,-2.686834543105025119e+01,-3.421660675112738659e+01,-8.625442354186590777e+00,-2.396983915708447910e+01,-5.530313707029250736e+00,-5.756492189964307116e+00,-7.646146050220754553e+00,-1.954543209758032773e+01,-2.185900240085003166e+00,-1.173847886546945674e+01,-1.912250755587722750e+01,-1.061994412780119923e+01,-8.236070650890789935e-01,-2.617002789907258098e+00,-1.648106519135459891e+01,-3.742428181049070268e+00,-1.619794088326234771e+01,-8.762195299707535412e+00,-1.971468911966642068e+01,-1.117044919576865247e+01,-1.418819603641371785e+01,-5.850756977136785331e+00,-7.050371036913705147e+00,-5.807028638556239741e+00,-9.565262596490132552e+00,-2.619085456172892012e+00,-2.672238544746503663e+01,-1.712692044920055334e+00,-1.398119306944841611e+01,-2.674582099258380641e+00,-1.368774175162876716e+01,-2.835739707002676191e+00,-5.433694461760588901e+00,-1.903510853426324978e+00,-1.687561583582398939e+00,-1.638830226185861960e+01,-7.222371717664533008e+00,-8.071185334721617366e+00,-4.628211035972541687e+00,-5.823693338957270704e+00,-2.995392487147541516e+01,-1.261524274098195519e+01,-1.663928226973381186e+01,-2.553576273609298841e+00,-5.395632317070181649e+00,-5.536896668465598026e+00,-9.088414959045149288e+00,-2.384382325417050197e+01,-3.129632853571617446e+01,-1.737704785615628111e+01,-2.470441710445712147e+01,-1.155450732595868502e+01,-4.980454530370007404e+00,-4.158153973691085525e+00,-1.610208494614602248e+00,-4.338471362802118314e+00,-1.377057588108156239e+01,-3.068525122844463215e+00,-2.015069519687479271e+00,-5.702796906196761384e+00,1.040537969103419114e+00,-6.133869189446063963e+00,-3.388266569472580159e+01,-1.612757164573359248e+01,-4.407038911163077444e+00,-1.542829109403543519e+01,-4.720254109611826010e+00,-6.980204897096180972e+00,-1.510280507484323742e+01,-3.587064945843287500e+00,-1.902370320970684858e+01,-1.022043797396215936e+01,-7.491968575246485962e+00,-9.637557567042702722e-01,-2.509462908661197034e+00,-3.427457517591264047e+00,-3.596327588950840948e+01,-2.028721245650464766e+01,-4.196435861412390889e-01,-9.140980961593324849e+00,-9.458168251979401475e+00,-4.137326877155524052e+00,-2.192679665775251419e+00,-6.755770308833712878e-01,-1.324056742603744752e+01,-1.920461060499215478e+01,-1.453434161244574518e+01,-1.085469529477688866e+01,-1.428185342377954292e+01,-5.576583017657290142e+00,-3.112364306960079929e+01,-3.750247016720203774e+00,-6.746854989617574461e+00,-4.297022097972521770e+00,-1.694550797695927713e+01,-1.260404834466717716e+01,-1.125981120813814229e+01,-2.774442206096041197e+00,-1.534509064641316911e+01,-3.298170646239148596e+01
-2.336007012225424972e+01,-2.904150397734104772e+01,-7.595383544254072028e+00,-7.077650653171422057e+00,-1.660065592982892113e+01,-1.216236065315163373e+01,-6.011991230188082902e+00,-1.896255405797929328e+01,-7.292333503369725634e+00,-1.301858643542139404e+01,-8.492731098360968289e+00,-1.614893308206480782e+01,-2.607393334540393681e+00,-7.950628702209341370e+00,-2.688067082289316545e+01,-2.072295613457333374e+01,-3.088763406120195398e+01,-1.019879594883256502e+01,-1.685215817665436688e+01,-2.550156609121923168e+01,-5.198348478957032448e+00,-2.443496132390177600e+00,-2.279244893683008755e+00,-9.952664636278106158e+00,-7.820713106050950714e+00,-1.364769882801684275e+01,-9.432389496102119963e+00,-1.415868590608263489e+01,-4.253835757307683707e+00,8.470914519577623647e-01,-4.338097689298590964e+00,-1.246222396339616267e+01,-1.124293404861762369e+01,-3.334532096217861508e+00,-1.019115860033092069e+01,-6.943463069170667801e+00,-2.836709329584268691e+00,-1.229869335559194710e+01,-1.181154011390053382e+00,-1.226302397175080827e+01,-8.060809340072799145e+00,-3.664635124040805891e+01,-1.988266658458188374e+01,-5.232763016985476412e+00,-3.949543607923296840e+00,-2.258546672895637286e+01,-3.812878628569503103e+00,1.520428080782452729e-01,-6.253565767197148961e-01,-2.124709207721912740e+00,-1.444444333821258475e+00,-1.046742682027245408e+01,-3.354816389025019330e+00,-6.964570954546392301e+00,-1.180756057400592085e-01,-5.107223267574996228e+00,-2.794093688411524390e+00,-1.803331759629329767e+01,-3.757693230487259228e+00,-8.824891171839784221e+00,-9.816013204707290996e+00,-2.214450336466579472e+01,-4.809350618816704781e+00,-5.005993423572973278e+00,-7.066542850986119007e+00,-1.085493156217769695e+01,-4.216705572734788632e+00,-1.940548427022815403e+01,-2.238593753787335050e+00,-6.256497383143377000e+00,-4.366183180433540478e+00,-6.436000712867992135e+00,-1.080157410978423371e+01,-9.185533637952893571e+00,-2.472081070990732599e+01,-2.462079620219122944e+01,-2.220986386504603338e+00,-2.438814762738259201e-01,-8.051586197672008893e+00,-1.773799111587200628e+01,-7.399871005021767090e+00,-3.860123974249257017e+00,-1.006962513129962922e+01,-8.117543272115911535e+00,-1.019364624492629368e+01,-2.479290503698937087e+01,-5.937811127749696993e+00,-8.740501865401498094e+00,-9.729213840826517412e+00,-9.270954807963503796e+00,-5.413162064801138484e+00,-9.402336032489289508e+00,-1.567840586142017756e+01,-1.407928246171437259e+01,-1.050181717641210710e+01,-2.723248447622416801e+00,-9.868345674724633199e+00,-1.364091764435759657e+01,-4.371345457119970135e+00,-4.263446786375537201e+00,-1.999769148402796404e+01,-1.747071151048378823e+01,-1.658000381519294208e+01,2.287315679928030310e+00,-8.625277721046799018e-01,-6.136036220179754253e+00,-3.051846947348665573e+00,-8.452860813439350807e+00,-5.075809828349512332e-01,-1.565818241549855117e+01,-2.715407759066915006e+01,-1.423448199408172599e+01,-4.216818727763931740e+00,-1.609929919591517944e+01,-3.253781349099723386e+00,-7.196335927502287788e+00,-1.909702860604458152e+01,-1.972467268274238705e+01,-3.595344659510334218e+00,-2.564953327778752179e+00,-2.497940089175584433e+01,-1.614646665820183813e+01,-8.066259120375397496e-01,-9.628324647687552584e+00,-2.726858567691885327e+01
-3.066241923780398793e+01,-2.198729711323559854e+01,-1.711724539431611092e+01,-1.598768159868562933e+01,-1.671167931542258600e+01,-2.138259387522589350e+01,-2.511086859676764149e+01,-2.834130040295051600e+01,-5.703771079994060855e+00,-2.379088928760860089e+00,-1.225232671132353568e+00,-1.422243533280508565e+01,-1.317922130432626027e+01,-3.228729454674605481e+00,-1.474392266567766185e+01,-2.192626012862015727e+01,-2.057978470070380439e+01,-8.747388061350783062e+00,-8.115352569700840846e+00,-2.156187326077610678e+01,-1.197976869032130764e+01,-9.128151651725701754e+00,1.657447903173749071e-01,-1.711158357850798595e+01,-9.871115377284990444e+00,-3.737666865786991366e+00,-6.551087278575681516e+00,-1.127898751329031946e+01,-6.190607057443284766e+00,-6.204631220497431876e+00,-3.834449391539529017e+01,-7.559248997155251004e+00,-2.497553744563983713e+00,6.228707219232739734e-01,-1.342264585459553317e+01,-4.443574245503395304e+00,-1.760013977187942302e+01,-1.968516969369901304e+01,-1.078070128945832984e+01,-1.421953075270554834e+01,-3.348335562207602756e+00,-1.377370213707121138e+01,-7.441838828820656282e+00,-3.687170497953795234e+01,-1.289590491953648232e+01,-9.829968241176294086e+00,-3.507022296681486129e+00,-5.397256021711205776e+00,-4.830202484372581928e+00,-4.952917869826974240e+00,-1.730640929910059000e+01,-3.169191721359110758e+00,-2.368340736078212672e+01,-3.471239984600813511e+00,-4.176634203664863598e+00,-1.154336846261644212e+01,-8.184249577767428008e+00,-2.527227028318635860e+01,-6.723029859355182047e+00,-1.482833089422974737e+01,-2.732191609532611309e+00,-7.912783850086613668e+00,-4.921749068236613844e+00,-4.952090075959002746e+00,-8.757453623534798837e+00,-7.860884977369433813e+00,-1.109458526887504171e+01,-1.570386212684492522e+00,-9.423622986953468228e+00,-1.755300965139268365e+00,-9.311100814409544180e-01,-6.966146843184289672e+00,-9.690116797810929938e+00,-7.414090965930295596e+00,-9.642916549815584659e+00,-2.142061171734599867e+01,-3.051334496885490744e+00,-3.445507024057304690e+00,-8.649969200114270507e+00,-5.153789819494134505e+00,-7.934933107841582789e+00,-3.884986949141056911e+00,-1.581291513325611220e+01,-1.259307153448917127e+01,-7.714018111014149248e+00,-2.291967187751375690e+01,-4.029429341876751280e+00,-4.281493613663082343e+00,-6.538788992836694014e+00,-1.265820455996230542e+01,-6.023943414047252531e+00,-1.166290119523541335e+01,-1.682891850742150197e+01,-4.551035065217681641e+00,-1.833450206912934988e+01,-2.720719592261643172e+00,-8.952950406985738852e+00,-1.450575535064082322e+00,-9.566108582114608794e+00,-7.799987383083418990e+00,-4.033070417742163905e+00,-9.624711861938926916e+00,-3.651875443782777175e+00,-8.095165971753154111e+00,-6.630497177200257219e+00,-3.434486280906497768e+00,-4.420568988878751604e+00,-7.488868243900324906e+00,-2.896679690009245967e+00,-1.247942292345646642e+01,-2.358504393267773835e+01,-2.016991652152204750e+01,-1.058592417246663153e+01,-1.565456990087081124e+01,-1.086614762163530656e+01,-2.602943169878034979e+00,-1.815918483113813409e+01,-5.066255836182390837e+00,-2.978067973200422269e+00,-1.336302743275866511e+01,-3.314129430485404537e+00,-1.160420346104094058e+01,-1.881470558238811819e+00,-7.589317723850297348e+00,-3.081217530537241345e+01
-1.225946495253323221e+01,-2.577510437797533172e+01,-7.454934164555028886e+00,-2.143468517664486228e+01,-2.812315728270863602e+01,-1.539861995017071905e+01,-1.300457611082652498e+01,-1.319526277689018201e+01,-6.627543683319299106e+00,-3.895528159717244421e+00,-3.893437415752733166e+00,-1.776005060188963824e+01,-2.445433302363565531e+01,-1.167386456939761885e+01,-4.658186637420012488e+00,-1.170869509115431306e+01,-1.390073000402655090e+01,-5.144591178729321257e+00,-1.290698379222672898e+01,-6.227097083064824901e+00,-1.072429488938976050e+01,-6.526729002504652044e+00,-5.217349222425332833e+00,-2.320612735310209374e+01,-8.364595485189132873e+00,-8.790201011513588014e+00,-3.233899349002228973e+00,-6.944883305135920892e+00,-6.372512695915196979e+00,-1.152724098500860350e+01,-2.724605756457728489e+01,-1.496860054427659570e+01,-1.267599686860895858e+01,2.358831065985358966e-01,-1.726502980045687963e+01,-1.525307030976133049e+01,-2.655016082394805021e+00,-2.682056302776573276e+01,-1.469686676666020553e+01,-3.114320336455856264e+01,-1.545647293395353117e+00,-7.042891812250839045e+00,-4.482045526239320843e+00,-7.306613822996020247e+00,-1.930403117268728819e+00,-1.057484141015254409e+01,-1.483787441876144442e+01,-6.876094749077203083e+00,-1.966958309529253413e+01,-2.228142760636612874e+00,-5.668586219254496683e+00,-2.351641415581835304e+01,-1.514576734976906636e+01,-2.038382770165622304e+01,-6.406662467573625896e+00,-9.733138995709412100e+00,-9.275162558043602345e+00,-3.922731368014559905e+00,-1.417756766330497520e+01,-3.730719367697633793e+00,-1.102323657394139111e+01,-8.163889449923146913e+00,-1.889923132134152794e+01,-1.369209397551608731e+01,-1.236831418164046426e+01,-1.484874193543281606e+01,-3.147731827632444634e+01,-7.110107568916932408e+00,-7.130528881429186505e+00,-1.306553700687602415e+01,-1.132355728149566332e+01,-2.286277514686259948e+01,-1.240807052553970991e+01,-6.220088140129520493e-01,-6.235520838478697314e+00,-1.678555640541794247e+01,-1.428053150380134184e+01,-1.467286238291882761e+01,-1.135305180638734690e+01,-6.353653093724769718e+00,-9.571866742859500121e+00,-1.332190158608709751e+01,-7.848834687187471459e+00,-5.696163249867934875e-01,-7.097639833522928043e+00,-3.662188358124380372e+00,-2.698361925611489021e+00,-9.195458878222037669e+00,-8.238307595652836213e+00,-1.292797922844631486e+01,-1.799320110940433892e+01,-1.478132956798999231e+01,-9.573238186588159948e+00,-1.094929319279704272e+00,-1.931278726187697714e+01,-1.055689766760651960e+00,-1.627563173842378319e+01,-1.199846924001711912e+01,-1.015598498068709787e+01,-5.052972920346805452e+00,-9.185250169502953810e+00,-9.703159991679736862e+00,-6.833298520824366840e+00,-1.238049623860197457e+01,-9.435100232021124356e+00,-1.636451366693328424e+01,-5.572913264592546767e+00,-5.117253679739475203e+00,-3.638264488684236575e+00,-4.828911074687996852e+00,-2.723413113962011067e+01,-2.437668592772371312e+01,-2.678929129319907787e+01,-1.347710162187639504e+01,-8.007179499134410960e+00,-3.611091201291277031e+00,-1.657920028465744622e+01,-7.922895523490444347e+00,-8.055442147246674622e+00,-2.412218033580603560e+01,-1.271053884016005719e+00,-1.593302418607347626e+01,-1.909290842870432936e+00,-1.443722561725425457e+01,-2.577279830216395951e+01
-1.229598931819000818e+01,-2.155680771809830532e+01,-6.671546764971494348e+00,-1.966513951689547923e+01,-8.267829135368042870e+00,-2.377654173537759430e+00,-3.513296091067491744e+00,-4.932135180460756274e+00,-7.385160610163601369e+00,-4.766804321419131796e+00,-6.314686089922526335e+00,-5.187346838016731354e+00,-6.754602111373605666e+00,-1.231482814847477947e+01,-1.327395706050961621e+01,-1.112765558546070821e+01,-3.359975271262136243e+00,-7.821034164500865415e+00,-8.484802954255160401e+00,-3.637724186067962329e+00,-8.945744008391880442e+00,-1.064801071042074554e+01,-1.814225333546816543e+01,-2.363797469269666252e+01,-2.218369363023064977e+01,-1.685780506376225318e+01,-4.240914323521779217e+00,-2.362291249977955587e+00,-2.190088590386317691e+01,-1.827768960270668686e+01,-8.410019918658406368e+00,-2.620617714470192894e+01,-1.197956340346481241e+01,-5.671297601873623861e+00,-1.659412839628497593e+01,-6.416495666164593104e+00,-1.736323310634161032e+01,-1.331218655837004761e+01,-1.043267517367794284e+01,-2.828099224326166006e+00,-1.087447346571704898e+01,-5.589144053550450408e+00,-8.864696212814385134e+00,-1.719415973605462256e+01,-1.105281345937377679e+01,-7.233771028240446377e+00,-8.228314593789875175e+00,-5.068905864842921716e+00,-7.733308883016015933e+00,-4.115661951342025837e+00,-6.264054254830916157e+00,-1.816301022398133824e+01,-2.353364971412317175e+01,-2.233462818076753820e+01,-1.210511836374519534e+00,-2.214618000353619998e+00,-5.911862604900638196e+00,-9.826099146996346789e+00,-1.531771822335779021e+01,-7.215133354826017253e+00,-1.662523095748823465e+01,-3.198239997187907413e+00,-3.400967954898975076e+00,-1.429461748470868265e+01,-1.021124461340359879e+01,-3.467918719007450079e+01,-3.257919239814921752e+01,-5.384254018383832552e+00,-2.045250509036439901e+00,-4.570155479891058192e+00,-1.170999745151797455e+01,-1.031160389471146388e+01,-8.024413395170226337e+00,-7.299171787261467870e+00,-6.560319264002680839e+00,-7.916884963408091558e+00,-2.016914359034092996e+00,-1.515232313858236246e+01,-1.528457077428945254e+01,-1.140414921461924180e+01,-7.227060641091310522e+00,-1.297592984782471603e+01,-4.991652249327490409e+00,-9.203097136804160527e+00,-5.468175896003848457e+00,-5.137071729030056488e+00,7.064635384613267011e-01,-8.505323562804937509e+00,-4.883732327026171660e+00,-1.011961876423454498e+01,-9.672888311749831658e+00,-1.222077080136654104e+01,-3.406946044737823698e+00,-8.268388471053665256e+00,-1.036179419215702424e+01,-3.651744369133797630e+00,-2.840321892767502376e+01,-1.067504434909243294e+01,-4.298659526139357645e+00,-1.378755202182515305e+01,-4.155413869306523011e+00,-1.686531510980063331e+01,-2.113559562359046140e+01,-1.189535632697794121e+01,-4.379710740772011945e+00,-2.451075142297533205e+01,-7.681700641245949868e+00,-8.983788180470369866e+00,-1.011884879050972330e+01,-4.377704234568287056e-01,-3.195883240631883027e+01,-1.395573130779189874e+01,-7.663093235857827423e+00,-9.713093457884857784e+00,-3.935006402590189190e+00,-2.516652141855903579e+00,-7.747028424627342424e+00,-4.743863088304638431e+00,-9.717043687791054873e-01,-2.499860760950026162e+01,-1.252675709998282372e+00,-1.816427292671690097e+01,-3.042735512327118030e+01,-1.520145228365269219e+01,-3.308839424966595999e+01
-2.352522085845272670e+01,-2.522005986652734677e+01,-8.022444271732201315e+00,-2.495775059507466409e+01,-4.854159026492458118e+00,-2.812731685898296696e+00,-8.526355085165061354e+00,-6.724636240580020186e+00,-7.296090622394027392e+00,-9.277972146584746227e+00,-7.705140091535291447e+00,-3.607277678796455334e+00,-2.926564303390782662e+00,-1.834194351070874163e+01,-8.687331024388827982e-02,-2.186018020357029634e+00,-8.862906541240755942e+00,-1.637544853842421944e+01,-5.515038388835722394e+00,-8.120770398489238318e+00,-5.326140570760853343e+00,-8.063739475481865426e+00,-4.205315105770173645e+00,-7.798885361483871570e+00,-3.169736383149400183e+01,-2.345215474509288711e+01,-4.448599489884822233e+00,-2.033185404429316279e+01,-2.440894094424617222e+01,-1.516279018298222603e+01,-5.897325493025049603e+00,-2.877928656218062287e+01,-9.091415706588930945e+00,-4.248296245599743948e+00,-6.608256814392304612e+00,-5.263462897148092345e+00,-4.522914299163220520e+00,-1.581105071445531607e+01,-1.216266372124595385e+01,-8.736067229002683732e+00,-2.600156183534151566e+01,-9.305568109351129991e+00,-1.446108389591117493e+01,-2.024542654343580494e+01,-2.296763428483149738e+00,-2.743926387572919623e+00,-7.525668749043151529e+00,3.566124107179375335e-01,-5.643020536807052956e+00,-2.040794249836253460e+00,-1.325569710026412551e+00,-2.357748567107020576e-01,-7.277136724709293070e+00,-1.855160460592102467e+01,-6.238578699867548316e+00,-1.499707549781897242e+01,-5.047223986903119908e+00,-9.696107573217412678e+00,-9.035323988484897484e+00,-3.252097895621922419e+00,-7.747558271103498484e+00,9.024523509715813852e-01,-1.270449591021005453e+01,-1.170290901631302738e+01,-2.820641228298704117e+00,-2.688221417788383150e+01,-3.595247633637968221e+01,-3.604164968358235299e+00,-4.503782225155209318e+00,9.843542278436054893e-01,-5.433460826693350398e+00,-5.279430240605966773e+00,-6.062104210280465644e+00,-2.269911573222771484e+00,-2.830887631698031814e+00,-1.957380926227160955e+01,-2.668588157737912248e+00,-1.204229764064015207e+01,-3.205108444880199414e+00,-6.096796156490723817e+00,-1.114620201584156156e+01,-8.498655658141684555e+00,-8.825372930497572099e+00,-1.263810218728222168e+01,-5.274780662134396891e+00,-7.906675528805156006e+00,-9.566815006193410298e+00,-1.349710629919842830e+01,-1.725367154118248791e+01,-1.041718294394667055e+01,-6.875833503758556731e+00,-1.109656539184294033e+01,-1.306273036557334244e+01,-2.080312998240265188e+01,-1.137220492605335131e+01,-1.155440337725667987e+01,-1.943630312623243839e+01,-7.128256726625772366e+00,-4.842045370837613660e+00,-9.446718944153909447e+00,-8.265789967202558097e-01,-1.674116370079290306e+01,-4.910903552765955027e+00,-1.234278727857473612e+01,-7.854782668489747044e-01,-7.233098695608771500e+00,-8.637311730964782441e+00,-5.445001857973261750e+00,-9.488514726132819987e+00,-4.755190030922565647e+00,-3.708163285545676047e+01,-9.717495770895828500e+00,-6.704388946581580910e+00,-6.072321344688152323e+00,-2.265661914395016652e+01,-1.550358029114351055e+01,-5.102774096777395130e+00,-4.657481177319903409e+00,-5.128183331930906697e+00,-1.385489423702530765e+01,-5.576284006868945653e+00,-2.660585075602670457e+01,-2.001636081900686648e+01,-2.194607014517477950e+01,-3.924053175891732081e+01
-1.068250575348072928e+01,-1.125398557447045533e+01,-5.698891795525814707e+00,-1.376189332832020717e+01,-8.557630422072540100e+00,-8.290896321450201611e+00,-1.289719610839306085e+01,-3.341957516713968346e+00,-9.300957927552766513e-01,-8.781325591100335615e+00,-7.124968761712555221e+00,-4.354995977813210573e+00,-1.041508181366716856e+00,-4.045895066717208444e+00,-4.899092951307709498e+00,-1.012848633921858088e+00,-8.717935659179644858e+00,-7.405500024626895161e+00,-1.052491625288462451e+01,-3.958434506688343291e+00,-1.356613688690923780e+01,9.490144649879382888e-01,-6.679156726847956804e+00,-5.109550669361673236e+00,-4.126289151037488523e+01,-1.947164065986909520e+01,-8.643848707658779995e-01,-4.711668360201890948e+00,-2.957219007059195093e+01,-1.353173884412379735e+01,-6.003002271647983612e+00,-2.089240377248923863e+01,-1.104996873679970548e+01,-9.961955350028938838e+00,-1.296090368256816783e+00,-4.481037020089171818e+00,-1.401923036768996411e+01,-1.912580982804789276e+00,-1.587436269875775352e+01,-3.359964261248025164e+00,-8.391495168142864003e+00,-8.197310138347404518e+00,-6.448992260278818556e+00,-1.708576129463985893e+01,-7.251812031547145487e+00,-3.561426990784015256e+00,-3.460272742123888801e+00,-5.969783629681318260e+00,1.617907392060351279e+00,-2.249868510779716058e+00,3.586150457979467854e-01,-2.293625006471018857e+00,-5.025586189717539121e+00,-8.583716075482225705e+00,-2.432442461611306328e+01,-1.577887843345341778e+01,-1.666461573519706718e+01,-8.867317704571636483e+00,-2.169695214984894260e+00,-8.599321551442301370e+00,-5.159687340203403139e+00,-7.673905643645659858e+00,-2.980035345331086383e+00,-3.502650909485173880e+00,-8.634911962717076506e+00,-1.544742587304299697e+01,-2.342491788256599961e+01,-8.804837057064693440e+00,-9.594940158389391627e+00,-9.108551965738923784e+00,-4.586968472341087733e+00,-8.565387298182605136e+00,-1.061909233936495944e+01,-7.142845520952503691e+00,-5.182630762665645818e+00,-5.480428937322115779e+00,-1.155929744360889444e+01,-1.544029400151364406e+01,-9.586168975906971923e+00,-7.830159727538898551e+00,-1.565638748200662356e+01,-3.307287473697652302e+00,-1.734905829639345853e+01,-1.438777863386477662e+01,-2.121211649787709153e+00,-4.672315941085287694e-01,-2.862338008689618185e+00,-6.602859589055690037e+00,-5.399362780701492781e+00,-1.777804052916445166e+00,-5.151355526552840125e+00,-1.484446398713385662e+01,-7.029008546335197138e+01,-3.495269706115875863e+01,-1.390173542667970885e+01,-8.250085192815157953e+00,-4.545618426435363624e+00,-1.266192855088864988e+01,-2.283117734925160036e+01,-3.734846862258781641e+01,-2.029338777118633974e+00,-5.434487273137998287e+00,-1.011858504924794389e+01,-1.156962897934009860e+01,-8.360679380814467265e+00,-5.022655669431904890e+00,-8.700427666513512293e+00,-9.172440547441000902e+00,-6.402135380893447802e+00,-9.873024226010159055e+00,-1.102819730809434340e+01,-5.651449961100696306e+00,-4.979135350154562545e+00,-5.963670904029982012e+00,-1.631900035414953720e+01,-6.730385169085107755e+00,-9.059125914790243428e+00,-1.546124427509345267e+01,-1.396272289005450418e+01,-2.879538387405341737e+00,-1.331003240150317346e+01,-1.492300744499860166e+01,-6.227869069949139913e+00,-1.040992631709097616e+01,-3.657593449873925096e+01
-1.762281929522189117e+01,-1.145217300761195212e+01,-9.395424330571271909e+00,-9.332293788012854918e+00,-4.527454528189258198e+00,-8.695284042004349345e+00,-2.044059214958224402e+00,-2.963158631750721472e+00,-4.962155233983407854e+00,-9.562899913375460414e+00,-1.661635458941859866e+01,-7.072090541015327858e+00,-1.326548148624057077e+01,-8.895897053152497236e+00,-8.118554716956664308e+00,-8.333711478480950063e+00,-9.796384428682877399e+00,-6.685858577046467133e+00,-3.092234119533542724e+01,-1.129543354540904865e+01,-3.926958305881637301e+00,-8.171834021532378145e+00,-5.224740171891822271e+00,-1.620096775883970963e+01,-3.431993433279338035e+01,-3.004667084506697705e+01,-5.595788666545606915e+00,-1.068258943162992081e+00,-2.052233800458849089e+01,-6.685368408604466239e+00,-3.631883765505288242e+00,-7.105021276699913457e+00,-9.887663731413795176e+00,-9.450447452854849217e+00,-1.776524746491681572e+00,-5.436470375040997283e+00,-2.000849531841863183e+01,-7.527601749994573765e+00,-9.430371897692923611e+00,-3.279475922113816555e+00,1.958068889081748809e-01,-7.319742418421444796e+00,-2.712568239717932372e-01,-1.025906513998588743e+01,-3.413377913338603520e+00,-3.338637861048167288e+00,-1.516615633245350869e+00,2.512149995828465987e-01,-5.015990000073196065e+00,-7.071215017258456470e+00,-6.313545472644563006e+00,-1.128313546386620203e+01,-2.150530998260906301e+01,-2.106136075260674367e+00,-1.898975017111840913e+01,-3.101866886832233661e+01,-2.279116851485593642e+01,-6.033031163527757812e+00,-5.774435075470401912e+00,-2.694062265885491669e+01,-3.460175333339076786e+00,-4.644813499641286647e+00,-1.870562553732885647e+01,-2.925401292454071545e+00,-7.763458312482237389e+00,-8.859271695150919612e+00,-8.786286533985478542e+00,-3.383893692249069662e+00,-8.264679877755963133e+00,-8.360545596204344676e+00,-1.014463024475628572e+01,-6.390154388548186404e+00,-1.094521765291399262e+01,-8.528740421609409594e+00,-5.175473675057112644e+00,-2.004392861722454455e+00,-1.931966820796211692e+01,-1.325808590809154452e+01,-4.157692259054795336e+00,-8.759348707418531887e+00,-1.058329101805559169e+01,-7.215779337964217888e+00,-1.765157871628872854e+01,-3.369793327063237420e+00,-1.000733775348746946e+01,-1.283781528338775857e+01,-1.580652074685444930e+01,-5.527017722434756308e+00,-7.928330831482123031e+00,-9.472699336614297749e+00,-8.756552236144507617e+00,-1.863213505561600059e+01,-8.605958612211603409e+00,-1.930813845320382782e+01,-2.530496073088622921e+01,-3.109884594806915925e-01,-7.600088596512092565e+00,-9.745422472069460440e+00,-2.500906216833262619e+01,-1.595922358899805538e+01,-9.154031639940242160e-01,-1.765840843521099934e+00,-3.349444268534949032e+00,-1.040834195460246647e+01,-3.658721461422692833e+00,-2.631369215172632536e+01,-8.846627931430834479e+00,-7.595022611351672559e+00,-6.609299303050311991e+00,-1.849416788033397552e+01,-2.710299633656845231e+00,-2.112981966853755278e+00,-1.747092111352801425e+01,-4.193624004141402573e+00,-8.115307934564189196e+00,-4.926107428465861027e+00,-2.311044484193239601e+00,-7.708894379506922689e+00,-4.543130386265252341e+00,-8.136924036312159103e+00,-2.118644675647007958e+01,-1.144168646976977222e+01,-1.034018717378569541e+01,-1.238028849750952176e+01,-2.276084489950628154e+01
-2.407180506621908478e+01,-1.670144436264170196e+01,-7.115938151213667240e+00,-1.245347117326657482e+01,-8.091418852061281086e+00,-2.466221358585175771e+00,-1.928163566237854809e+01,-7.128485954776265565e+00,-1.240216291852672370e+01,-2.410243032349022840e+01,-1.834479596820154157e+01,-1.927031980164681002e+01,-2.291595630672447115e+01,-2.013695213083595092e+01,-9.757614941227622296e+00,-3.772414857748138672e+00,-2.069894061867351098e+01,-1.090953186441036848e+01,-9.698101052161653968e+00,-2.427119162730830482e+01,-9.188745443016291148e+00,-1.560848047445674958e+01,-2.604666225141519931e+01,-2.752822697601310864e+01,-3.606020540696851384e+01,-2.692394938263876725e+01,-2.027049967515101514e+01,-9.343313680610711103e+00,-1.651489859063359233e+01,-3.125711319229449892e+00,-6.556400142448647550e+00,-3.008040252442856666e+00,-3.708733709694485903e+00,-7.799635192803896722e+00,-7.667830790207283975e+00,-3.961191208232912597e+00,-5.970720313806320290e-01,-1.767346040687445807e+01,-7.498081577444887458e+00,-2.411499693275261258e+00,-1.680954639844457787e+01,-5.484955200424710853e+00,-4.044316648832926298e+00,-5.743566094159110236e+00,-2.850222596250304719e+01,-2.866192436986017889e+00,-4.912259742044288169e-01,-1.097159484299360666e-02,-5.108582007378550394e+00,-1.706415624617832094e+01,-5.436724014693997020e+00,-8.758318437173224780e+00,-5.640762672407134914e+00,-8.581977866285139811e-02,-1.951938532433466733e+01,-2.550905603255060683e+01,-1.954689708890037281e+01,-1.115605338432797211e+01,-1.054877862792392307e+01,-2.533230724277541057e+01,-8.912098561292653542e+00,-1.072684284334580518e+01,-1.512048255884467096e+01,-5.568443143495490411e+00,-5.097870481471070470e+00,-8.993132456700591248e+00,-5.661746880074706167e-01,-8.091638756010523181e+00,-4.100683827304964169e+00,-2.181584084508910504e+00,-7.317799974201104618e+00,-3.755591061689535604e+00,-3.400486398180768255e+00,-5.319118772711680876e+00,-6.309046853819062051e+00,-1.022963375611750614e+01,-1.209986663365468118e+01,-7.547571738857961954e+00,-2.562250577431855358e+00,-2.558714361873354992e+00,-2.891675210328734202e+00,-1.959113802255204373e+00,-1.298406436202261993e+01,-7.498136120984083774e+00,-1.219972377544291042e+01,-3.039163564776971072e+01,-1.111240040712115373e+01,-2.617887193996680129e+00,-1.269434571160873837e+01,-1.410886028884314314e+01,-6.502732928739735740e+00,-1.119278535299124400e+01,-3.847157965250876277e+00,-1.661876775608175194e+01,-1.691255658374430837e+01,-5.984514825471899613e+00,-1.132124727840006528e+01,-7.589226369971866504e+00,-2.732884419730977754e+01,-2.285706297418632715e+01,-1.053326537053697898e+01,-1.695398608953268393e+01,-2.021905277690395408e+01,-2.042272866497566675e+00,-3.269810779761490149e+00,-1.237767642801713919e+01,-8.326341978284196088e+00,-5.568695153033307310e-01,-5.965447784849546409e+00,-1.000026641477292877e+01,-2.425959330499233602e+01,-1.330060545224411328e+01,-1.190762318056484048e+01,-1.932682358392442623e+00,-1.432497343665362166e+01,-8.706554713803484447e+00,-3.101668443180918722e+00,-3.089614188040298082e+00,-6.756894914690692033e+00,-6.435304766509611696e+00,-1.994397482975844937e+01,-1.297889592701332973e+01,-1.160559690055465332e+01,-2.338610147421654162e+01,-1.973980371501873421e+01
-2.630934081456024387e+01,-6.960597908898198405e+00,-6.793161317735828320e+00,-3.458653737595408018e+01,-4.074076257447533322e+00,-2.286881928097786343e+00,-4.248650199616838208e+00,-1.429956815445049223e+01,-1.324767476607759775e+01,-1.249907104154627291e+01,-6.277365293875210028e+00,-7.799025066070656820e+00,-6.443809285780020879e+00,-2.214809162667461351e+01,-1.352055259379595087e-01,-1.179662877139861266e+01,-2.751796996406056905e+01,-8.879926067044095817e+00,-8.485197104707557614e+00,-2.989811992169634891e+01,-3.058623588775802560e+01,-2.327157943014903552e+01,-3.226388273538008633e+01,-2.835157243366204938e+01,-2.421910239626891226e+01,-2.624112288438378471e+01,-3.950067838022390276e+01,-2.514515557545623281e+01,-5.099232163863822720e+00,-6.907918304306823742e+00,-5.782606059539111776e+00,-1.449425050433064044e+01,-1.506515748842352131e+01,-1.314532181405393807e+01,-4.638979805153136127e+00,-1.136433155734963840e+01,-2.223891595220078177e+00,-1.109071491173288848e+01,-2.384250246634997694e+01,-4.808978172964978981e+00,-8.371929029890010199e+00,-3.666753587282709503e+00,-5.487726765792264594e+00,-7.459299602098614201e+00,-2.584997060698533389e+01,-5.487386414711618698e+00,-2.303753996220771683e+01,-5.753341748343504314e+00,-1.022849805787605959e+01,-2.432994677628780078e+00,-9.627632985478545180e+00,-6.894427108869670917e+00,-7.132509828458381662e+00,-9.497701026142124192e+00,-2.152770561027286789e+01,-2.585691815142603645e+01,-2.201359253668431393e+01,-1.345869592176295626e+01,-1.440941846533668880e+01,-1.748035286843641600e+01,-6.531291093108002599e+00,-7.438361661644585787e+00,-1.417198987737609883e+01,-5.534519828938837094e+00,-8.464566087506639747e+00,-8.355704790371184743e+00,-5.205120854056385582e+00,-3.857619751407861841e+00,-7.185723592350941935e+00,-1.324594383327903024e+00,-6.019221972389466657e+00,-9.832823716339829545e+00,-1.694914436035666583e+01,-3.202782776024212907e+00,-8.523740646121577669e+00,-1.775957873396342279e+01,-2.916918379283238139e+01,-4.432105473817117058e+00,-4.852048959594419841e+00,-9.416724413700937601e-01,-1.806721913572942650e+00,-8.859615538696608894e+00,-9.630733731263012132e+00,-2.442011425682272474e+01,-2.745730145207399886e+00,-2.151313793172080580e+01,-9.516796068876441694e+00,1.049720773146083364e+00,-1.033457746566290680e+01,-1.213216145184038375e+01,-5.781268797537481241e+00,-2.251547383809736758e+01,-9.333271522349942728e+00,-1.667763080906152240e+01,-1.662732464798946452e+01,-1.466107738496843460e+01,-1.567547940867780376e+01,-1.300533497329234223e+01,-2.588961477749561624e+01,-4.806241001782154854e+01,-2.843342429540866334e+01,-2.560205607038718512e+01,-9.190259615532333726e+00,-3.798791984883764350e+00,-4.622143460549560601e+00,-6.760158342644201568e+00,-6.224983010982824361e+00,-8.887887744047823446e+00,-1.118632077632567112e+00,-6.613297117896786759e+00,-2.753650793162367272e+00,-1.206392792754368237e+01,-1.238940926689397415e+01,-9.409284423345621207e+00,-5.652866681738211163e+00,-9.350191785336889438e+00,-4.710514090640074869e+00,-5.704598288314702614e+00,-1.137972901063717046e+01,-3.791459655759799929e+00,-2.279681978816541132e+01,-1.187466822474570805e+01,-9.014831784499738987e+00,-1.373080064814511836e+01,-1.303835518928610071e+01
-3.006578103150565795e+01,-1.265006473672559473e+01,-1.208282629543861297e+01,-7.264064276683189547e+00,-1.317806197143548452e+01,-1.546857461977790749e+01,-4.849559632439472523e+00,-2.463722580023567943e+01,-8.353854812979982114e+00,-5.075630186735437199e+00,-8.747294960592984836e+00,-2.212877218815043179e+00,-4.602288850061069247e+00,-2.352605625312036963e+01,-6.141131776208537119e+00,-1.769906461061231440e+01,-2.718610941534613801e+01,-6.004463952542318239e+00,-8.497878111743485618e+00,-1.738358086210703135e+01,-2.825258692521328996e+01,-2.203859783626732138e+01,-2.576638436819202838e+01,-1.997329272261898225e+01,-1.795119404665592810e+01,-2.911205354560491898e+01,-2.690917234836605942e+01,-7.944028666344959078e+00,-6.289062446098522052e+00,-7.279468470169078387e+00,-3.975424978727354564e+00,-2.273175261832423644e+01,-4.468954164429990605e+00,-8.067201057654173724e+00,-2.740596582705423145e+01,-1.403447764526233321e+01,-3.690171529283864937e-01,-1.947571988853680836e+01,-4.091734150946671811e+00,-8.086424914076708603e+00,-1.554855659429031922e+00,-4.485929521134963238e+00,-7.213974399434351703e+00,-1.118812948083600034e+01,-3.685129955949662417e+00,-1.073240695934734390e+01,-1.862390033295978142e+01,-9.207255662382369366e+00,-6.481252361903882431e+00,-1.552490264239401618e+00,-1.383514168888725848e+01,-2.358010348697193059e+00,-3.956311083492760172e+00,-2.585937287370236426e+00,-2.018744563171994244e+01,-2.534238649586652059e+01,-2.035024230325257477e+01,-4.974178421678557172e+00,-2.530867471238768651e+00,-3.286469389453237966e+01,-5.358603189514870913e+00,-9.577404790361578435e+00,-1.412606076142763456e+01,-2.146139605895459468e+01,-2.521866528365614357e+01,-1.911092776669591586e+01,-1.608775136968588271e+01,-1.358940041194894377e+01,-2.760475884695609672e+00,-9.009375659680308956e+00,-3.007514895156599533e+00,-6.499756693698122589e+00,-1.769287962160758454e+00,-3.598887563906371767e+00,-7.791688054954461151e+00,-1.127940824211076709e+01,-2.345098993823895306e+00,-5.181452926210332599e+00,-5.570545038036309293e+00,-5.364214881465975360e+00,-1.425319405120230254e+00,-1.395617909182506011e+01,-9.511137710845350313e+00,-1.792983601329079946e+01,-3.378981775514720454e+00,-2.386602300340088334e+01,-1.490714529405227751e+01,-1.306670737048816910e+01,-1.847693740223766312e+01,-1.404431510475237666e+01,-2.494185795123424754e+01,-3.773389368559874946e+00,-1.174956679923404756e+01,-2.128120535643713751e+01,-3.592096328603431488e+01,-4.070725150189293373e+01,-2.982117674604729629e+01,-3.215854743036337027e+01,-8.732563948945246679e+00,-1.281817104419418030e+01,-3.803815342780919195e+01,-1.569623156503139683e+01,-4.631269431390455438e+00,-6.307013590742678311e+00,-1.449010330678995828e+01,-5.631377551254926672e+00,-3.006404408730474653e+00,-7.458060731424578371e+00,-1.759115684380330080e+01,-2.816784142493613530e+00,9.692288544467309030e-01,-2.341120522597323284e+00,-3.177996137699512502e+01,-2.400148446766771215e+01,-7.960518227228657651e+00,-1.108855655169256771e+01,-8.484575443143114626e+00,-8.297561439436763608e-01,-1.659884272994827015e+01,-2.047357937641286441e+01,-3.185309832647988060e+01,-1.398685881329443959e+01,-1.127839561408519486e+01,-1.501831505374260622e+01,-1.816428028868825706e+01
-3.272403621267377360e+01,-1.706900903888745447e+01,-1.266833003681292169e+01,-1.663077531606277404e+01,-3.143856497634776037e+00,-1.627118953373265597e+01,-2.034045850471016337e+01,-2.768148486196441738e+01,-1.216556141028265081e+01,-9.834727588512407692e+00,-1.839704329706141195e+01,-1.466941172537854499e+01,-5.526217276513722965e+00,-2.055723959209282725e+01,-2.921877084992409124e+01,-2.159721115729732333e+01,-1.542234624409145383e+01,-9.433813397823019642e+00,-1.335797720819997814e+01,-2.868585303314493018e+01,-2.079060587126739534e+01,-1.371331346679339980e+01,-7.504964790589982115e+00,-1.046952562999217307e+01,-4.265632063055596390e+00,-1.791804788042519903e+01,-4.144962681234622970e+00,-3.083021114775343463e+00,-1.253440024236471828e+01,-2.107154363540436748e+01,-9.695696497864801700e+00,-1.557993529941508370e+01,-1.025516928272110562e+01,-9.905606754471433462e+00,-8.653319136141144341e+00,-3.789733478614435214e+00,-1.280295072867344075e+01,-1.170868262595447185e+01,-9.436854278428890908e+00,-1.733537086580965791e+01,-1.252108575751608655e+01,-2.437313833480323488e+00,-5.579746850630903587e+00,-7.935279490279903314e+00,-3.329536219761280336e+00,-2.012080003817086649e+01,-2.343511970912586762e+01,-1.590115024143716838e+01,-1.247196129423415911e+01,-6.946276666291075763e+00,-2.845831265180437164e+00,-7.006454690585959710e+00,-6.439531625299316886e+00,-6.466881199874256581e+00,-1.477840161546713382e+01,-1.773436794526982396e+01,-1.529375518300315484e+01,-7.464954065420196017e+00,7.732193587061526596e-01,-4.042303550546308344e+01,-1.460822336767797935e+01,-5.046576159247208260e+00,-2.048836357818480991e+01,-3.153933423430750338e+01,-2.600272718120401549e+01,-7.519828186653741753e+00,-9.581549569775026143e+00,-4.142263137671956308e+00,-6.611746140102194857e+00,-1.605855183075777859e+01,-6.255368247654509162e-01,-5.196224905454619680e+00,-1.431695584984993985e+01,-5.226477423569196645e+00,-7.597269707662844596e+00,-2.028834493404991335e+00,-1.563541553993724742e+00,-3.554897273191756746e+00,-1.237065301406703810e+01,-1.661275606404748828e+01,-4.201129022830138560e+00,-3.865916831162759415e+00,-1.215129869594088063e+01,-4.082741859684756669e+00,-4.853227965608570393e+00,-2.492696548126589917e+01,-1.643867485124892625e+01,-1.426153457846691452e+01,-4.081135267230581576e+01,-1.312250660593883822e+01,-2.191090952298782568e+01,-1.021517171102185984e+01,-1.224861576781886185e+01,-5.551072278555356121e+00,-1.056056510481442245e+01,-6.462154148223307359e+00,-1.596640452732771287e+01,-1.877919080318838141e+01,-3.802089777094450174e+00,-1.168212646419767609e+01,-2.053637831843872874e+01,-1.803008820972799242e+01,-4.695778363293832136e+00,-7.046314370400841298e+00,-3.147545733709941729e+01,-7.858633522766258039e+00,-3.036863320470431837e+00,-1.239345392635092580e+01,-1.068310482563535935e+01,-1.355924270485932226e+01,-3.620152131498395320e+00,-1.384613808407631375e+01,-2.178287060914540518e+01,-1.831875358984619595e+01,-6.200986090365841363e+00,-7.379852390410133189e+00,-6.813037644458058928e+00,-2.738232983139374799e-01,-1.503487035638430003e+00,-1.125074692046396585e+01,-7.085679074088973017e+00,-1.264088921589831926e+01,-5.445677616518738162e+00,-7.974457924526479502e+00,-1.510099362822807478e+01
-2.284208372180575708e+01,-2.841899604268283497e+01,-2.887807370873485269e+01,-1.204075401195041906e+01,-9.156298554981434634e-01,-1.654346371061580712e+01,-3.608882003451053144e+00,-1.458321455558461111e+01,-9.792814073501530103e+00,-8.131616666882791833e+00,-8.654474392484575063e+00,-3.912213943276892092e+00,-6.017275565740700216e+00,-1.806225830947261457e+01,-2.152885178616033102e+01,-3.661629997191194974e+01,-9.499784774189945935e+00,-3.890926858439827107e+00,-1.923342235777678866e+01,-1.864540397772284663e+01,-1.476833912744517363e+01,-1.002599837924575077e+01,-2.986357305308934507e+00,-3.886468518214583057e+00,7.740351745053501986e-01,-5.500424614841259441e+00,-5.415374331063535607e+00,-1.611267332868612812e+01,-2.150911712547546273e+01,-4.151162556373932944e+00,-1.492615134157817103e+01,-9.209532567934804348e+00,-2.388077048060921026e+00,-1.699094714999484879e+01,-2.608383937694216392e+00,-5.994183503451075090e+00,-3.073804545148526302e+00,-1.654958632852030220e+01,-8.029205395298211201e+00,-1.996200919792806783e+00,-4.621703883117603162e+00,-1.838906159236671201e+01,-1.202667916839823903e+01,-9.650734977274336046e+00,-8.356038014904518363e+00,-1.509497967604289670e+01,-6.758037893732298684e+00,-1.453563580913844966e+01,-2.547245862848688347e+01,-4.384409280110791229e+00,-8.885835582051843318e+00,-1.609320736059344625e+01,-1.039162611237925482e+01,-2.705902171705312220e+00,-9.435943832989629243e+00,-8.349284578210045993e+00,-7.352332687166400760e+00,-6.656885017402962568e+00,-4.277338342852595510e+00,-1.721573910725167167e+01,-1.775026805196300472e+01,-2.306460372997279684e+00,-1.210862033197022392e+01,-1.260001914474795015e+01,-2.271263673655329640e+01,-6.991999231297877593e+00,-1.057830241716497355e+01,-1.424152924227840344e+01,-1.579972747254656085e+01,-1.678927886722289742e+01,-3.575557001145106994e+00,-1.432041088548134056e+00,-1.654759441451209012e+00,-5.752392885634041164e+00,-4.395349380939196138e+00,-8.029552256235643171e+00,-1.823767280043809613e+00,-1.800037006646805082e+01,-1.471816985118095289e+01,-1.375617085181164967e+01,1.980354166145445738e-01,-1.923684255316684855e+01,-1.534479566977023879e+01,-2.253572628983656401e+00,-2.004172511148877334e+01,-1.837970588767682045e+01,-9.052789368916350554e+00,-6.546182863798490459e+00,-1.150724004500122355e+01,-2.734805954047864773e+01,-1.583240476987923095e+01,-1.301053080607282197e+01,-1.454598679205375689e+01,-8.310708819662389057e-01,-9.857933989765410132e+00,-5.437356418022218918e+00,-1.140814324053580897e+01,-4.941717852266101829e+00,-1.439217776982551911e+01,-1.615869480293510208e+01,-4.571380730650575153e+00,-1.545040319066088941e+01,-1.373850378939732941e+01,-1.140336055583666131e+01,-1.517816652554258461e+01,-8.682228655944863149e+00,-1.096680210864120930e+01,-5.248689683186654520e+00,-5.499487417327798555e-01,-7.091017407117869098e+00,-3.643025377310972601e+01,-1.808883907092853605e+01,-3.765806243786239094e+01,-8.242886916826778432e+00,-1.317660173674153157e+01,-1.651293974561062683e+01,-5.837113435479284185e+00,-6.876796439356440693e-01,-4.203117235647616745e+00,-9.049857223537623341e+00,-3.924889161762846079e+00,-8.789837193958248918e+00,-7.358282763056993581e+00,-1.358582223504430253e+01,-2.100043279530725115e+01
-1.102881847037508578e+01,-2.508023737064867831e+01,-1.165904213572523673e+01,-1.849518278391145643e+01,-8.292987008768832879e+00,-1.955526882292156898e+01,-5.532874971745345150e+00,-8.065534072122961362e+00,-4.690710846126954436e+00,-8.988317285321397065e+00,-1.006133219064471795e+01,-4.241763685046028520e+00,-1.521166505880304065e+01,-2.676450832097005517e+01,-3.018961440501056970e+01,-1.050526611383314268e+01,-5.357764105419878575e+00,-2.510135532215328169e+01,-3.423818673132031698e+00,-2.643999443860283183e+00,-1.003158340171250096e+01,-3.161366443790583514e+00,-1.026540436507147902e+01,-8.659002515265754596e+00,5.457800627485948075e-02,-5.691308564371507117e+00,-1.471508468323142083e+01,-1.908131905011493146e+01,-2.482309512672869367e+00,-2.612198705445424096e+00,-2.217523662764931203e+01,1.596613513923478556e-01,-6.519681983122097790e+00,-2.851480164727183464e+00,-1.214262050998817566e+00,-3.707372761201055411e+00,-1.149270115396636704e+01,-2.261959904790976594e+01,-2.980094134354720925e+00,-7.581635348325015400e+00,-2.699979272205887781e+01,-1.539712309276532309e+01,-2.571275244304239038e+01,-1.009278879359635894e+01,-5.464341499307467931e-01,-2.736124904969901905e+01,-1.751088438558024096e+00,-5.484059086141463091e+00,-2.203701511797154922e+01,-1.475210509210582721e+01,-1.025468747495764887e+01,-2.358510790592195505e+01,-5.560219840423272331e+00,-8.394576670607989399e+00,-5.147520392209261608e+00,-3.014757557597214976e+00,-1.286156326101220593e+01,-4.716513776613362907e+00,-4.935176883280260718e+00,-2.460594420993811582e+01,-1.672004808561967693e+01,-7.933616589209037784e+00,-3.697657396952459763e+00,-4.603600089056858025e+00,-2.808920648991462432e+00,-9.498953104344263210e+00,-6.842563874757617626e+00,-1.538055017760253484e+01,-1.997032644883644537e+01,-1.195883563030374397e+01,-1.241108970071947049e+01,-5.997397293339426838e+00,-1.834476636511673675e+01,-1.368944495774209713e+01,-1.705578051395542261e+01,-1.676070481453955807e+01,-2.616999289483691982e+00,-3.017252553144213145e+00,-5.425797427167165843e+00,-2.804216718944580577e+00,-2.607717006348862299e+01,-1.101993251133956164e+01,-1.266727048023861713e+01,-2.670116046080106997e+00,-1.418157392189744748e+01,-2.329269886081604923e+01,-1.047405531016053715e+01,-7.821493829838034983e+00,-2.565339151693510455e+00,-1.197007754629160203e+01,-4.515289124276402610e+00,-1.086778995281557414e+01,-1.549596542176677749e+00,-1.476324740322219675e+01,-1.877295613223137138e+01,-2.038431102350939028e+01,-1.503128381676740410e+01,-1.495110116903854802e+01,-8.152632981280971691e+00,-1.652471386403406228e+01,-5.584939542423381198e+00,-1.226428505095496391e+01,-2.561223662586190031e+01,-9.805504591259358804e+00,-2.376704676270024663e+01,-4.761741139504694686e+00,-3.071805558323151608e+00,-4.059583615908450405e+00,-1.015130523255067096e+01,-2.887795105949435115e+00,-1.395855398213319454e+01,-2.300380144085107759e+01,-1.466531294640069660e+01,-1.018344786459964979e+01,-9.728618675678548655e+00,-3.217084480261472379e+01,-1.587933000777503523e+01,-9.967981599264760462e+00,-1.113037213805188763e+01,-1.226729512758615215e+01,-2.917421034361626919e+00,-1.358557517419737337e+01,-9.562602492965160295e+00,-1.443260356606658235e+01,-2.817719625862100230e+01
-1.671546966651249377e+01,-2.344986455003902392e+01,-1.906657709313735793e+01,-7.254571094317967095e+00,-2.713081903389082328e+01,-2.083017939561475274e+01,-2.148678187969463238e+01,-3.325992209861779791e+00,-9.131159218473079875e+00,-1.373116619735077037e+01,-3.307688690557961664e+00,-5.374442151153666636e+00,-4.372965823966014298e+00,-2.292877601015790390e+01,-2.088720403912344281e+01,-5.829645185589917844e+00,-8.822554947328287156e+00,-1.010699062101110712e+01,2.427217637773515513e+00,-8.909090981720204638e+00,-1.505601426616763305e+01,-1.059105441814877224e+01,-1.679746253582046478e+01,-3.750575520630505366e+01,-1.400449967187863187e+01,-4.823000589906998314e+00,-1.706640608723685659e+01,-9.272436001128008698e+00,-9.322845942691984078e+00,-1.111581026233028346e+00,-2.226334373813796841e+00,1.159326182675845418e+00,-4.408885135467071059e+00,-1.558479730802778285e+01,-2.762482007819269469e+01,-2.783358510992854917e+00,-2.320098384496613875e+00,-1.344288564704555489e+00,-2.609255903682930011e+01,-7.987701536474547837e+00,-1.283307423576456330e+00,-6.620117054118070499e+00,-9.866976871678659222e+00,-1.090235925181111654e+01,-3.954580575953319510e+01,-3.776833409448760115e+00,-1.252841300185760431e+01,-1.064116608978277867e+01,-5.932175819772344205e+00,-9.587450399215210695e+00,-3.976548320466100073e+00,-1.161870674357928124e+01,-4.642933660812989416e+00,-1.243808925055055958e+01,-2.265675705689380592e+00,-1.325705093174978266e+01,-4.406182830099750980e+00,-3.838812469282510964e+00,-7.097276256448949994e+00,-8.844921779811462770e+00,-1.452560312629617556e+01,-8.220181273256812915e+00,-6.954035298771379381e+00,-4.678058386280277148e+00,-3.019186036817687491e+00,-1.336269084976254895e+01,-1.380154456223210202e+00,-1.465238425187398263e+01,-2.389472319171027692e+01,-9.130855344035492038e+00,-1.862463757453978630e+00,-1.505100642018810930e+01,-6.090553574203427800e+00,-1.976206221560088849e+00,-1.211773184507340417e+01,-1.944688274324597188e+01,-1.201851635778407257e+01,-3.574101596537309522e+00,-6.382438781507488557e+00,-2.515655492085773659e+00,-1.032585566840490543e+01,-1.068817025357803807e+01,-1.268850981099029163e+01,-1.605914495895326510e+01,-1.348703133765328133e+01,-4.962379053368680459e+00,-2.064127696224834807e+01,-2.656675241743918647e+01,-2.151597328944365284e+00,-1.254329192756763689e+01,-1.061639789134414613e+01,-1.004460458080147234e+01,-2.041751168172222464e+00,-3.446421851573766126e+00,-1.191206694758553297e+01,-8.034192076617639344e+00,-6.418933035216455529e+00,-2.570260920869785082e+00,-6.559916624542071695e+00,-1.105256063030680025e+01,-1.351001205956691642e+01,-2.503734736423166041e+01,-6.427412739759288840e+00,-7.889159927591626875e+00,-1.292076864206190656e+01,-5.698019840578217199e+00,-6.682935508197641594e-01,-1.005110258880361052e+01,-1.066467672956138557e+01,-1.953408272896554010e+01,-1.694375959689825351e+01,-2.486835593088122920e+01,-1.118916528801430843e+01,-2.159117229719538678e+00,-1.365499075580166277e+01,-2.504287955912488073e+01,-2.195409850857716449e+01,-2.095606631528589858e+01,-7.573682575119125460e+00,-3.775105022401484156e+00,-4.285189962570258970e+00,-2.457369059678963552e+01,-1.195015634140759175e+00,-9.144296351896546327e+00,-3.141032887174596056e+01
-1.477243703241502715e+01,-2.061038587526858379e+01,-1.709780307298030877e+01,-1.517885584652255027e+01,-5.927938068548945338e+00,-1.433861397798666815e+01,-4.177534535357358969e+00,-3.976657679105156662e-01,-6.430845716502579634e+00,-4.010259502808638743e+00,-8.410237944652646291e+00,-9.804174976817316534e+00,-5.737138822164919105e+00,-1.643242833945993908e+01,-5.303260257303373137e+00,-1.108607084694261857e+01,-8.968593223817117988e+00,-1.561105292804810318e+01,-6.542816801913158287e+00,-5.482535373649628951e+00,-1.411526720300108906e+01,-1.592132069024739849e+01,-1.313451547724392832e+01,-4.724734480125202474e+00,-1.084671587540925941e+01,-1.836873974776825236e+00,-1.635586963797249282e+01,-1.664672526282663600e+00,-1.172588824073334379e+01,-8.071491438117847750e+00,-4.253326936128178026e+00,-5.107419731204241309e+00,-1.290906720204739599e+01,-3.224997882742025013e+01,-2.525530039085239764e+01,-3.350736137591260544e+00,-1.138302666419559905e+01,-1.356251037873436260e+00,-3.018466336645044379e+01,-1.750308711211162560e+01,8.703836596290904781e-01,-6.441751122418998499e+00,-9.025604865172088154e+00,-1.185631516373893390e+01,-4.526384828752887834e+00,-5.733059922324857283e+00,-1.105992360355012138e+01,-4.484692079664242215e+00,-4.852590780899438627e+00,-1.038054223547743149e+01,-1.659110177896559435e+01,-1.386725649283748041e+01,-1.378790259935154694e+01,-1.077036172674355896e+01,-4.084240452244008779e+00,-8.869055002987595415e+00,-5.363667200981440786e+00,-1.503432620475303239e+01,-2.386272529014505928e+00,-5.379375830901790501e+00,-3.673385213799788218e+00,-6.432025767480168632e+00,-1.206995542925880827e+01,-3.346596666418239607e+00,-7.867737217870638844e+00,-1.185919532695102774e+01,-2.686472236290355919e+00,-4.891717108179144624e+00,-1.924043394454588096e+01,-2.534961675021926819e+00,-1.194902889990893868e+01,-1.589874577560560986e+01,-2.425223112367286049e+00,-1.046993088091830160e+01,-1.704034533447757482e+01,-2.360589818532567108e+01,-8.116483953658990558e+00,-5.738072642639542309e+00,-1.646894400939905267e+01,-8.819089205023241007e+00,-8.159921234064110962e+00,-8.263155448331620079e+00,-3.554431926202120451e+00,-1.817094276589701707e+01,-2.566452080384571843e+00,-5.649681484715376456e+00,-1.463037640505726422e+01,-2.433676396337391523e+01,-1.639309670319182999e+01,-1.889698271376379068e+01,-1.195684055609107510e+01,-1.797991755308343897e+01,-1.982549528833439467e+01,-1.021062499878249596e+01,-1.564237347908404985e+01,-3.347434232637502838e+00,-6.234933396589367405e+00,-7.049602180177628519e+00,-4.691392253507457255e+00,-3.040217430002507104e+00,-1.389770658106481882e+01,-1.863684037223006129e+01,2.957648870569815069e-01,-1.243143300587130007e+01,-9.613823761386120381e+00,-1.035394479065164219e+01,-6.937094877609254695e+00,-9.321754238501405609e+00,-9.471430449726835121e+00,-1.595801115088180211e+01,-1.911458616156183865e+01,-1.367936391750597380e+01,-1.450788937697421233e+01,-9.904491585380911900e+00,-1.204924998608348830e+01,-2.699216896329171078e+01,-1.275689357696763793e+01,-1.222363977049170458e+01,-3.920226501233349481e+00,-6.768785963880792345e+00,-1.745093888437883578e+01,-2.082890881018740004e+01,-1.550109785475645152e+00,-1.237999946441449772e+01,-1.956118311573920465e+01
-2.122282665362551413e+01,-2.078631465511408294e+01,-9.713791053118544738e+00,-1.669977435672319288e+01,-4.795171605427136718e+00,-1.662140522891085226e+01,-7.203065716213685743e-01,-9.432513691712002268e-01,-3.849970315755586459e+00,-1.053927194368869280e+01,-1.566634535839289555e+01,-3.659877634933453194e+00,-7.223314204204606348e+00,-1.072952491116299001e+01,8.418809413534411590e-01,-4.422028000400997527e+00,-2.429587943348242263e+01,-2.050251313992431434e+01,-2.223740431021811048e+01,-7.035820644199731966e+00,-1.493085593856345383e+01,-3.055657656557793089e+00,-1.658918408173311576e+01,-6.779784421699380559e+00,-1.753444108459936857e+01,-5.923642075621972092e-01,-3.092546600243448296e+00,-1.379970334439026391e+00,-2.961588069047136340e+00,-1.948017944324399053e+01,-1.189115770651731907e+01,8.353331636389460524e-01,-8.540584174137958229e+00,-1.453389762012698938e+01,-1.805124855980505316e+01,-3.501925132361791260e+00,-2.030334420694776654e+00,-1.322567517421478911e+01,-2.822353779702035936e+01,-1.279069780694475789e+01,-7.870333547866367851e+00,-6.574095049083956255e+00,-1.818798665416786164e+01,-1.157885516283356964e+01,1.514550117390225936e-01,-4.612023148178346688e+00,-3.307224014865653317e+00,-5.980439135936364003e+00,-1.031062278780394514e+01,-1.797218547687223023e+01,-9.408917559443823464e+00,-1.475749617238246003e+01,-3.249532751843969436e+01,-1.274495260707925226e+01,-9.444428554941850962e+00,-1.508894176361282824e+01,-9.229306144705256898e+00,-1.306772778952854708e+01,-4.428757272032932235e+00,-3.543740249526888153e+00,-6.549975231701039569e+00,-1.214497888628581102e+01,-1.270248808293379739e+01,-2.160684155105434989e+00,-2.302284979939507981e+00,-9.478071839027782275e+00,-1.846340606968282927e+01,-4.007985698811584729e-01,-2.211196679425864886e+01,-6.880770913863551108e+00,-2.418105559962648243e+01,-1.353227563666311539e+01,-2.889766434556143793e+00,-1.647982482311156360e+01,-2.148050241664826032e+01,-1.207941063643533042e+01,-1.848245816130227315e+00,-6.096696979246284620e+00,-1.741362950582500346e+01,-7.644223119523526400e+00,-1.024637141834763732e+01,-1.182535161364238085e+01,-2.124947241263554076e+01,-1.852769942690510163e+01,-1.307599627282266397e+01,-1.850874751517116579e+01,-4.152542564014970239e+00,-9.087061342001208075e+00,-9.242490930615582911e+00,-5.576460859255139013e+00,-7.660077921863260642e+00,-1.719872003159921547e+01,-4.992326876386302459e+00,-4.607021232344669315e+00,-3.606759601239126756e+00,-4.637321942159168486e+00,-1.514870852746547492e+01,-6.166567497333016235e+00,-4.213417454605518309e+00,-1.981907317428129645e+01,-1.630870443165619221e+01,-1.402141763777551731e+01,-1.675046558126037866e+00,-1.778734870154977088e+01,-1.093586889987225064e+01,-1.579534703836460707e+01,-1.909761004614535551e+01,-6.342113321592416142e+00,-2.157820488031517048e+00,-1.766817553882885505e+01,-1.329541840246504592e+01,-2.250265726501817554e+00,-7.902633034366739473e+00,-1.180562231950135654e+01,-2.733049535012539444e+00,-2.439820751443965463e+01,-3.451984789097263917e+00,-8.012733351448478203e+00,-1.478608785069073051e+01,-4.096862032798038733e+00,-1.209001279224274761e+01,-1.450737189877048650e+01,-7.003194406151784790e+00,-1.319439095038780607e+01,-2.280876166696354801e+01
-2.883963321356329601e+01,-2.475144474182142318e+01,-1.172333860172442144e+01,-8.322801829053512179e+00,-1.052843152292152418e+01,-1.431828339344793122e+01,-1.623788336560106904e+00,-5.153627481953670042e+00,-9.170525318476322241e+00,-1.196900574725729172e+01,-1.718542222778532391e+01,-2.926719892290052805e+00,-6.981833368034693343e+00,-2.085101153541645935e+00,-4.860182821389030572e+00,-7.442966674051804787e+00,-5.135342018350149473e+00,-9.441433460454140558e+00,-1.966332112009413535e+01,-3.777251997090488089e+01,-7.607579366579237501e+00,-1.632243930789872266e+01,-1.000470968563219110e+01,-1.587123353774594392e+01,-6.219047552480976293e+00,-4.547282014909205472e+00,-7.792151022913929914e+00,-1.161299563153040282e+01,-1.512392045652871708e+01,-7.921064775020133730e+00,-6.754083994189382878e+00,-3.333172502510068358e-01,-1.044597838269402601e+01,-7.909036535403865642e+00,-1.326180352860481548e+01,-4.119041514897832990e+00,-4.290831198758525922e+00,-9.030738836069986064e+00,-6.567744015247641620e+00,-2.104142244562611808e+01,-1.746669250145997410e+01,-1.268830751917154664e+01,-6.496358980126898608e+00,-1.583027244563684022e+01,-2.249390573068206578e+01,-9.493631203997267676e+00,-1.486141821036554012e-01,-1.042338958077223765e+01,-1.975700888490164786e+01,-3.083629243429619393e+01,-4.698280161889539563e+00,-3.425762542683618683e+00,-2.787166763888565413e+01,-1.867324018856695389e+01,-9.202440088827160025e+00,-9.099004127191790303e+00,-6.107905466249972548e+00,-1.291425051777020094e+01,-3.468559235440609623e+00,-9.939467773556033947e+00,-3.472764657117204390e+00,-7.104061640704408376e+00,-1.961696277574308667e+01,-1.570959835171720265e+01,-4.433097713674162499e+00,-1.021731068514577068e+01,-1.260502526929728973e+01,-9.870443840999627128e+00,-8.780679420979666361e+00,-2.733441859058908818e+01,-1.350443646341509485e+01,-9.931160138068040766e+00,-4.884857769086726975e+00,-1.456994034356756629e+01,-1.960420662764546762e+01,-1.373984559566155950e+00,-6.069089460994204543e+00,-1.243826595791201584e+01,-7.404597367904958816e+00,-1.710527712689003277e+00,-5.292851565617116449e+00,-8.039006984076081608e+00,-2.316598235539233741e+01,-2.221692132472256986e+01,-6.651367658752311840e+00,-4.742878047217762294e+00,-2.329023391753599181e+00,-6.484373558529719084e+00,-5.127553909429116707e+00,-1.710653793762148211e+00,-8.423854106897751493e+00,-6.626906967581762231e+00,-5.257128920307369668e+00,-1.498966466088041072e+00,-1.286438294085994016e+01,-5.120197742003802510e-01,-6.832502576646164449e+00,-1.579262339360898615e+01,-1.057720901817490855e+01,-1.531859525339878125e+01,-2.480289263534457689e+01,-9.929156192995961305e+00,-1.264461059394261788e+01,-1.558206146756355004e+01,-4.397786904384482831e+00,-3.189019922458719947e+01,-1.841529969930530442e+01,-1.201895390716237522e+01,-1.626209335583804716e+01,-2.340108430582132026e+00,-6.703417506975664963e+00,-1.890043412966248582e+01,-4.275517883262121899e+00,-3.568432861231812581e+01,1.187494207930744450e+00,-1.133896620157737445e+01,-6.870444943635355628e+00,-1.154193148946499825e+01,-2.404127007145460126e+01,-2.191298075940656176e+00,-2.539100941185949534e+00,-1.863917150839706949e+01,-5.584003379485615426e+00,-1.009650299888294001e+01,-1.605285904392161100e+01
-3.004430656346558237e+01,-2.665169244757013089e+01,-8.065460970821458631e+00,-1.221357084947721816e+01,-1.053861541625937370e+01,-5.909660792134250329e+00,-1.234675198305340871e+01,-7.442116532484441827e+00,-1.110078453479907701e+01,-2.159206863117734798e+01,-5.593924174436811114e+00,-1.914986879765940841e+01,-3.381230742358416030e+00,-2.005674049583175300e+00,-8.076961040302835571e+00,-1.602605916421279808e+00,-2.698155433600438968e+01,-4.045191971942378117e+00,-8.970635693868988625e+00,-7.112503899236228833e+00,-2.911353967562371192e+00,-1.359202996423760901e+01,-7.512055639980308896e+00,-6.558569067644155481e+00,-2.913131937098414781e+00,-6.014041004536244017e+00,-4.353440742123612317e+00,-6.511779565313062790e+00,-1.933279136333916570e+00,-2.067706034276902116e+01,-2.296556668605934437e+00,-5.939211765702689938e+00,-5.036822934110620764e+00,3.174821779994556614e-01,-1.719111949492391034e+01,-1.392474948769485010e+01,-8.869114400099423534e+00,-1.174293011661927721e+01,-7.552640158242427404e+00,-3.094286520211284497e+01,-2.806891672781617331e+01,-3.156274205625481954e+01,-7.133065368514031945e+00,-7.093152885543503317e+00,-1.841629024532864634e+01,-1.478191890101387962e+00,-3.617492283149349674e+00,-9.965658188417647168e+00,-8.109705712074992690e+00,-1.945943248178100760e+01,-2.451639226171980113e+01,-9.435824468670693799e-01,-2.748999407479632140e+01,-1.174983964795590552e+01,-3.634508030306701443e+00,-4.527527680228069507e+00,-9.873908828619551770e+00,-1.740094973070691253e+01,-2.152162166881993954e+01,-3.675700564689265537e+00,-1.104890716653865068e+00,-8.755658468087370139e+00,-2.183484618635874597e+01,-1.176940633828874105e+01,-4.759262999146542050e+00,-1.817262785574874639e+00,-1.159247718678256156e+01,-3.917560436209119867e+00,-6.742277093616893424e+00,-1.921765876485767777e+01,-1.392265377743763111e+01,-3.234708429594883139e+00,-1.644229581414197483e+01,-3.864270994321712394e+00,-5.190625118344306621e+00,-7.012650606370710804e+00,-4.173083992792856023e+00,-5.682634955486436823e+00,-5.643155107202614928e+00,-4.725852218159307228e+00,-4.877856909334427726e+00,-6.022764796524993081e+00,-1.168196048455998692e+01,-5.844396487577938615e+00,-4.861082804328172635e+00,-3.939833593340327234e+00,-8.849522022124106657e-01,-1.205462312225596477e+01,-1.109824458595987373e+01,-4.640319546615137902e+00,-6.199230262495979638e+00,-5.685027579788741292e+00,-1.104948086072144342e+01,-5.094013526760450716e+00,-7.920128435236101438e+00,-7.310435817306524697e+00,-6.624350342128067837e+00,-1.092094939662171527e+01,-5.960498325951359533e+00,-1.362006670273576425e+01,-8.582252267365388931e+00,-1.849247649506834179e+00,-1.095282083153863617e+01,-4.431789950194803818e-01,-9.120762104901897871e+00,-1.214240699310211724e+01,-1.389619050826729563e+01,-6.823637024897195147e+00,-1.520006036416367579e+01,-5.273506916184573790e+00,-1.544968757219621480e+01,-1.705971323663433381e+01,-1.630817555902804727e+01,-1.475122206123497293e+01,-4.473972752746133708e+00,-1.343668855143503649e+01,1.021195536711056340e+00,-1.230039402337302512e+01,-1.420760847226249624e+01,-4.345567785409934380e+00,-4.763672405504098428e+00,-9.177134791253937607e+00,-3.831322654110032921e+00,-1.264564032077355549e+01,-1.497803809866811875e+01
-2.397650834345157023e+01,-1.038071701932650015e+01,-6.493639856228189622e+00,-3.681273856418250290e+01,-2.486094512976865545e+01,-5.734091696841687735e+00,-1.679727515610234434e+01,-2.496259558405277357e+00,-6.206329232856652389e+00,-1.778301556613037704e+01,-9.214279029679667943e+00,-1.564516224394510857e+01,-8.261966943795719942e+00,-2.174780274781585032e-01,-2.027577084166703347e+00,-1.407691832195516746e+00,-5.651098594663526598e+00,-9.301806179129831875e+00,-3.848014646610300016e+00,-5.292138059669672101e-01,-6.724330406876212862e+00,-1.065842179600054074e+01,-2.865378924093914037e+00,-2.236617780588863624e+00,-8.465866886656026935e+00,-1.743833117647128361e+01,-4.812561843617747748e+00,-4.528336057887951682e+00,-1.464780388108363951e+01,-3.590205383536035910e+00,-8.091303916685211206e+00,-4.635585009359523667e+00,-7.195954734678440268e+00,-5.264937256133499943e+00,-1.507926438287897142e+01,-3.037782944813510611e+01,-2.587851054306753440e+00,-9.714123463779969825e+00,-4.895254399892843722e+00,-2.855992963061486734e+01,-1.255703588114037217e+01,-1.092964209016807331e+01,-1.901657181741720848e+01,-1.064578998651159125e+01,-1.117968867238713138e+01,-7.124428201872756716e+00,-1.390386664537665595e+01,-9.970695563644540016e+00,-8.317225011750631225e+00,-1.293236813299350629e+01,-6.889812669233847053e+00,-2.099013619865879754e+00,-2.902615502571027406e+01,-7.965780787248435857e+00,-1.052241757600570926e+00,-1.655173884188502953e+01,-8.333208105927079057e-01,-1.497814104035081861e+00,-4.857530489484354952e+00,-7.630920108912347288e+00,-8.237031053039258310e+00,-1.444835654334260155e+01,-1.438305766882282200e+01,-1.840852902092749588e+01,-7.917254598313477665e+00,-6.553068789422972884e+00,-6.723396465408183253e+00,-8.150760816964652378e+00,-3.647828473472751742e+00,-9.870858895283166845e+00,-1.428913196480105174e+00,-4.164095867827604103e+00,-2.495380124733067362e+01,-7.525954504680358426e+00,-5.070277133678011694e+00,-1.080882063963804995e+01,-8.828781849762094680e+00,-5.801613991534595449e+00,-1.296592388578327437e+01,-9.687180397506496732e+00,-3.531496982037145127e+00,-5.459988986574106029e+00,-7.325653000964075900e+00,-1.271274789518686177e+01,-2.719423707663818135e+00,-9.964193238347364812e+00,-6.231320740376887990e+00,-1.246647738383080650e+01,-3.367066785546367669e+01,-1.194676317460590909e+01,-7.132120606631250581e+00,-3.985926329692750514e+00,-1.116230809906387478e+01,-1.882292695682444261e+01,-6.382062922349309275e+00,-5.794611726251405415e+00,-1.033403326099355546e+01,-3.679966283552707385e+00,-2.877335839237857407e+00,-5.297910483094217859e+00,-3.118489519235903007e+00,-1.255373692394750407e+01,-9.827765328756770558e+00,-7.143855185977161071e+00,-1.205606407105332956e+01,-4.332173794259057686e+00,-3.023989610012142393e+00,-8.409455208493906042e+00,-9.681760253464137378e+00,-1.141345361595612617e+00,-2.627841791556527795e+01,-2.739273749484662801e+01,-1.361995779241719973e+01,-1.018875895028330980e+01,-9.155837014549341291e+00,-5.114056309411387780e+00,-8.873421960799362296e+00,-2.749408179504142513e+00,-9.456541824226459170e+00,-4.441593669026529412e+00,-1.119489282691478493e+01,-8.936698184447136484e+00,-3.286826570024515171e+00,-1.383663944607755703e+01,-1.627618318894999661e+01
-2.719827215958502364e+01,-2.384050006495685636e+01,-7.988272081355408005e+00,-1.780970877083857573e+01,-1.717298850322872639e+01,-2.892658926479416337e+01,-2.054790130372789037e+01,-1.117255731886661962e+01,-3.865112650538616190e+00,-1.441249840464109866e+01,-8.721050939773213884e+00,-1.653229314273396966e+01,-1.527933571907069421e+01,8.978256121064159823e-01,-4.111406923096579291e+00,-4.870619929001454906e+00,-1.984837816606090044e+01,-6.309869748793142996e+00,-4.188207724691873857e+00,-1.303504891240464403e+01,-4.852744039634462325e+00,-2.109691848026526539e+00,-1.627863663629446123e+01,-1.221235385822444464e+01,-1.712795831611589392e+01,-1.559553129731029664e+01,-8.459667630268265626e+00,-1.416017597656809279e+01,-1.003251915841416420e+01,-1.460298120655338394e+01,-6.526377346728788886e+00,-4.167578648901964833e+00,-9.141113013931891018e+00,-1.941049531116799542e+01,-1.619738658928026354e+01,-1.623225844301758514e+01,-1.679189574543361374e+00,-1.273442826362302505e+01,-7.565401284639713175e+00,-2.276042015731104584e+01,-8.781730381336451785e+00,-3.092653822931724861e+00,-1.029989971525619552e+01,-5.812902552847601712e+00,-1.061021362106111532e+01,-1.051271868867053527e+01,-9.276944552523737286e+00,-4.300698557391351429e+00,-4.319323117962312608e+00,-7.028674857858123737e+00,-5.425265213646799367e+00,-6.847502372661656622e+00,-2.331384381037619846e+01,-7.250077493859491184e+00,-1.814742082603581164e+00,-3.669961144355453175e+00,-9.710254164231770346e+00,-1.069231312273185175e+01,-5.008592959089832597e+00,-1.818661076308146463e+01,-2.690891153767184107e+01,-1.008782362212653183e+01,-1.466407190318795806e+01,-2.643441521580149001e+00,-5.449538504048000220e+00,-3.524085516044048294e+00,-1.420374467931266693e+01,-8.418857044688483171e+00,-6.459581961705824327e+00,-4.878495814265051855e+00,-1.229501429780452959e+01,1.415240511373554888e+00,-1.270888960968532544e+01,-7.549474402056176814e+00,-5.535974245353597389e+00,-1.763892176825865832e+01,-1.620362861441915570e+01,-2.172042289635276546e+01,-1.010998448437492314e+01,-3.472005158749227149e+01,-8.342534464890720258e+00,-1.687696387426178646e+01,-1.245365815994291481e+01,-2.384152582005587995e+00,-7.311150125999081872e+00,-1.471245352929333094e+01,-5.230883995757945826e+00,-5.148953599857982510e+00,-6.854716271075210976e+00,-6.974948436996692536e+00,-5.932596207662424348e+00,-3.475033451588114275e+00,-1.132211294631831500e+01,-2.653247756967847693e+01,-8.717272311494463466e+00,-5.684626221536218438e+00,-5.272281734915317486e+00,-1.025395930910099507e+00,-7.935313726389107813e+00,1.353837306226886916e+00,-2.397186272046782030e+00,-1.234611805571546661e+01,-2.550503500700422421e+01,-2.400241018339081478e+01,-7.517598283213938970e+00,-6.580842598004522870e+00,-7.223832270711998405e+00,-1.460767172856389351e+01,-7.796947594785221369e+00,-1.469129103012441462e+01,-1.021785482390974487e+01,-4.558038218086799098e+00,-9.628029885706359536e+00,-6.604059344557008160e+00,-1.928786711734245074e+01,-8.771319157748253659e+00,-1.375007259459547448e+01,-1.356454615001674302e+00,-2.151595204376579140e+00,-4.388517223553288105e+00,-2.360271429949855282e+00,-1.092998022868712482e+01,-1.692009697849655936e+01,-1.795925924096103543e+01,-2.578407426392193713e+01
-2.651585325513672586e+01,-1.659278072176663699e+01,-7.753688815096451137e+00,-8.552327140030421049e+00,-3.074369456812165335e+00,-1.170879281270265082e+01,-2.650791143365789804e+00,-1.786492200895171578e+01,-8.758869320034168737e+00,-2.338825996018407682e+00,-8.458401154871204142e+00,-2.431870736549284828e+01,-4.402463177788176196e+00,-5.163209766101051201e+00,-8.637037918161265537e+00,-7.847078306213735033e+00,-1.961149858015703984e+01,-6.410012781702438822e+00,-1.033335506894442446e+01,-1.059413099283687920e+01,-3.335035363695926236e+00,-7.366305573004617635e+00,-2.172899834094660676e+01,-8.761484733008495951e+00,-1.053157856418727611e+01,-1.173050481506170684e+01,-8.465611047414480339e+00,-2.465024869096733084e+01,-1.261064012869965723e+01,-3.596014189086282453e+00,-2.720165893981088434e+00,-1.552538437345991795e+01,-1.348597807934409154e+01,-1.069128692489860555e+01,-3.286520089679287437e+00,-1.072419322977280842e+01,-3.388488469079518950e+00,-2.580954537132215876e+01,-6.471275302637989668e+00,-2.695869336421197460e+01,-9.966735337115249393e+00,-6.809675567099208848e+00,-5.243093491250151672e+00,-1.461362529692646639e+01,-6.001161139485517992e+00,-1.270562539981479233e+01,-1.736408854544451374e+00,-1.190859692962676242e+01,-6.379812999485484859e+00,-7.215862367802913013e+00,-1.225470817736134066e+01,-1.280876315792447429e+01,-1.688031314174227404e+01,-4.540883459780419074e+00,-9.923255303966023178e+00,-8.765912908744521559e+00,-5.524411077176790030e+00,-7.737290410032644061e+00,-1.506348124107632458e+01,-1.707482792089624013e+01,-2.106282333958077757e+01,-1.125118176867568209e+01,-1.971030239270508133e+01,-8.243226166749437755e-01,-7.559740152828601012e+00,-9.543980895132485598e-01,-2.321079378745869093e+01,-4.051942109163353400e+00,-1.408897883455950684e+01,-5.025990163922728904e+00,-1.481473607161668582e+01,2.126426679668178110e+00,-1.226657377584129804e+01,-4.785160383462163658e+00,-7.029585831492961567e+00,-1.014202943786666111e+01,-3.014263955612747736e+00,-2.213158833103236844e+01,-3.533605212371748738e+00,-1.809935347428230301e+01,-2.342250338481001393e+01,-1.003679776596262130e+01,-3.087068048183498448e+01,-1.497587117532558354e+00,-6.528481161337849059e+00,-2.274666939944896882e+01,-3.245678470436627272e+00,-1.050544409238914234e+01,-7.274114263927589086e+00,-1.654205708505645855e+00,-3.816558863155876669e+00,-1.157073187068981213e+01,-1.254579983712794444e+01,-1.479738534844521425e+01,-4.614456481771664009e+00,-1.773089484143305583e+01,-5.035938418414895423e+00,-9.872298038249713414e+00,2.950850905207702102e+00,-2.531660368546944095e+00,-3.079282738210427084e+01,-4.883306681193550491e-01,-1.315751076460188429e+01,-1.435027528680511644e+01,-1.344711647384291098e+01,-3.789000464646225641e+00,-9.574229304422679832e+00,-2.751754385812361647e+00,-6.584943546560194427e+00,-9.522560142004293127e+00,-1.403173599489173462e+01,-4.617157649947366771e+00,-7.349135525946727476e+00,-7.971003458095735184e+00,-7.662127968696495373e+00,-2.434084301192024924e+01,-1.244304829564786452e+01,-5.425120129560706772e+00,-2.773060116548038967e-01,-1.004781804901671016e+01,-1.637255739362700169e+01,-5.274660816375216221e+00,-9.879472854996636855e+00,-1.521858271772213733e+01,-3.640746557809958261e+01
-1.264422507857269196e+01,-1.220882807575538820e+01,-2.073817212275709565e+01,-1.497139111790693100e+01,-7.810837458672104106e+00,-2.298782985252356248e+00,-5.923717051486407925e+00,-1.346091297959929278e+01,-7.446855796248175174e+00,-8.673077851741583189e+00,-9.977172836933821287e+00,-1.887757018257164532e+01,-7.507127799690930026e+00,-1.381493948454271425e+01,-1.080264088972124270e+01,-5.502303655616341160e+00,-3.893137207286034851e+00,-7.534819866284453660e+00,-4.360888165130640814e+00,-3.713350463937215018e+00,-5.504181248984448160e+00,-9.393923843239976534e+00,-8.868633716531812539e+00,-9.302981738413201640e+00,-2.802119326123167831e+00,-3.827190023615020031e+00,-5.606830888797884604e+00,-5.050130977861297943e+00,-2.622198634963311292e+01,-2.062692379079106431e+01,-3.790295984397453299e+00,-1.788538496123384647e+01,-1.054661071356177082e+01,1.239196055394383988e-01,-8.836162549820397061e+00,-1.191354202958633302e+01,-2.725381714867340932e+00,-2.852519364106358424e+00,-7.462873550043864768e-01,-9.710007131653425105e+00,-5.100909142406571561e+00,-2.073726069319718235e+01,-5.565306787235289931e+00,-1.651480934165223502e+01,-4.150967598418420224e+00,-7.125061835917358088e+00,-3.195266742974656626e+00,-8.853035494507132341e+00,-7.487259953353784248e+00,-1.136785455657537725e+01,-2.483273294576953916e+01,-1.150655400498182246e+01,-3.528872061996373599e+00,-3.759156736686013911e+00,-1.409227556534314196e+01,-6.056057710501537628e+00,-4.433719998215400970e+00,-1.580308298368721154e+01,-1.400871014156253480e+01,-1.898138059065755812e+01,-8.128422208634045631e+00,-7.751602633614112392e+00,-1.428475362976255880e+01,-1.020630171067520031e+01,-2.554301820958244096e-01,-1.351660071625107484e+01,-3.981332717475023486e+00,-1.069996562302033283e+01,-2.218531977963786872e+01,-1.790123648877828799e+01,-1.613514210432924401e+01,-5.312242137523347729e+00,-1.266382295963335736e+01,-1.622856366604352374e+01,-8.582585823745329634e+00,-9.859494379202684566e-01,-2.797599660452366876e+01,-1.413251951231842618e+01,-3.007234283532790542e+00,-5.666918641823748715e+00,-2.789895503702680557e+01,-9.194090089756471684e+00,-1.533768664990983233e+01,-4.783066653326416784e+00,-1.527921408475337905e+01,-3.153940919181454028e+00,-6.422017065495788657e+00,-2.391965194902559944e+01,-1.896693776585722802e+01,-6.401422371440093961e+00,-1.752888987396968545e+01,-1.175438523454515938e+00,-5.611410699907071198e+00,-9.905105197598190969e+00,-1.684610616192263821e+00,-2.739143008087967512e+00,-9.146668102989984561e+00,-1.144656186388803931e+01,-2.997976743767635788e-01,-3.446685363863331464e+00,-5.604873849050504120e+00,-5.099948737715597202e-01,-1.135585266240748403e+01,-5.078996856164065932e+00,-1.107304680747455627e+01,-7.912400779974722909e+00,-8.139554078662671444e+00,-1.657203142007892893e+01,-1.385770248208121203e+01,-1.483120848097030553e+01,-7.701144562531084148e+00,-1.201715828721749979e+01,-1.148385210225391795e+01,-2.282626326961326058e+00,-6.864481081451200950e+00,-2.224707363322223586e+01,-3.622871144499370644e+00,-2.117483375286687419e+01,-2.663269454669206482e+01,-2.894616162886598509e+00,-2.801427488173981217e+01,-4.853228348717108176e+00,-1.499480355117187180e+01,-9.833097017970649389e+00,-1.922343229786166319e+01
-1.440607072864004223e+01,-1.634824662396671258e+01,-1.480859544315220155e+01,-2.054400628879017177e+01,-5.665540353506761662e+00,-1.402474450239397719e+01,-6.742440888104534125e+00,-3.044151809139387765e+00,-4.342885989372660127e+00,-8.583077741238664515e+00,-4.792864328926632389e+00,-9.374870864966110773e+00,-1.971143291356622740e+01,-1.472225205445142393e+01,-2.232028489892960010e+01,-3.384625647187791575e+00,-3.457561702860821207e+00,1.926176510136431708e-01,-9.996995131931967205e-01,-6.202425207154426801e+00,-2.239275782158320904e+00,-2.024831750407734532e+01,-2.979664627003430599e+00,-7.548224378335582685e+00,-9.909824716140779088e+00,-2.474487430386258069e+00,-5.297686088340346267e+00,-1.582910733421118721e+01,-5.380042427889570877e-01,-1.670928264229175042e+01,-1.540487920331175609e+01,-2.133382763150503081e+01,-7.947522635292560977e+00,-3.080081477114679611e+00,-2.792268349901424784e+01,-3.151053332814721664e+00,-3.217603235299600684e+00,-1.241673678159893157e+01,-4.578264893190434393e+00,-5.894721339947711414e+00,-4.162950568926002681e+00,-1.024174952734607302e+01,-1.102580127851691749e+01,-1.130519900349238149e+01,-1.423872476964694300e+01,-1.381355893455114980e+01,-5.089549772809399464e+00,-5.390441303631188674e+00,-2.200305528738854832e+01,-1.320992418228916954e+01,-9.319795648950696787e+00,-1.814657621875517890e+01,-5.425201631322757123e+00,-6.400193711503520788e+00,-8.363920313952636576e+00,-4.435413693280506386e+00,-4.947549942341712637e+00,-3.768207570853713939e+00,-9.762601958519420364e+00,-8.364618201000867614e+00,-3.212500849407756043e+00,-1.436236775290769430e+01,-1.731252795582040704e+01,-1.440955868432405751e+01,-1.384389783936819662e-01,-1.882060041611558887e+01,-4.726222200243110017e+00,-1.541308630940408975e+01,-1.981524783604734807e+01,-3.057378954556620343e+01,-1.068564270968884244e+01,-7.700417954809363863e+00,-7.848540212703306373e+00,-6.404016927588513930e+00,-1.043522627257608804e+00,-6.279427256375488042e+00,-3.845581038156602904e+00,-3.869251687934203154e-01,-6.554508480652223579e-01,-4.117172636548710685e+00,-6.424438715550023993e+00,-1.384018277868344882e+01,-1.820512910794645478e+01,-1.875426653615007666e+01,-5.225041517239636946e+00,-8.578844241453927211e+00,-8.346248677467936972e+00,-6.611668772287771390e+00,-2.231986748948601473e+01,-4.963788566154004656e+00,-1.841442078890346057e+00,-2.127621333418489513e+01,-5.356449977382096606e+00,-2.186162353636826339e+01,-1.362280555997155140e+01,-1.122155257276498297e+01,-4.275093206902084830e+00,-2.587553838805704665e+00,-1.317463026299509288e+00,-2.449140892526723956e+00,-1.150392500385654593e+01,-1.999918101980308061e+00,-1.787276766235708081e+01,-7.315723950165823553e+00,-6.158005691212227184e+00,-2.379940441125319950e+01,-1.931170820123810827e+01,-5.815792744523983870e+00,-8.699257598984557305e+00,-1.794686772221265514e+01,-2.751489740623164870e+00,-1.664824689349295994e+01,-5.534060257153104345e+00,-1.754143253048998474e+01,-2.129827719453522228e+00,-8.611998542889200081e+00,-5.980242843620210413e-01,-2.161057664704008374e+01,-3.665973259672524520e+00,-2.202390798022198837e+00,-2.072728902602602474e+01,-1.284519973274402815e+01,-2.039467422939272634e+00,-1.473828663825066343e+01,-1.426438398821933973e+01
-2.400225461087219969e+01,-2.871023916673227916e+01,-9.232423084582411121e+00,-2.834991568940427697e+01,-4.486401720643965696e+00,-1.292199933673707335e+01,-1.287537235818325687e+00,-6.397773558035488861e+00,-1.287376040274306455e+01,-8.633746832692031248e+00,-8.371140505412586919e+00,-2.854484357841757358e+00,-1.669968412863510610e+00,-1.541071776238151614e+01,-2.358221347078985985e+01,-9.565591086710782065e+00,-2.100636138037973311e+01,-5.785767073738025401e-02,-1.702534909964506404e+00,-5.034879656209118259e+00,-7.465466849162926133e-01,-1.582005630444273692e+01,-1.766544067034234899e+01,-4.576362844866110891e+00,-1.140384685483761018e+01,-9.477205441901650929e+00,-5.303990555953184582e+00,-1.102470266628048146e+00,-9.530421396455575067e-01,-1.997443826191821614e+01,-1.497159806751043876e+00,-4.189142954376629646e+00,-1.517879111799768133e+01,-2.703721552707011977e+00,-3.357189453096916765e+01,-1.874343772581129031e+01,-2.217562336287128399e+00,-3.921364258909294076e+00,-2.110579307962773399e+01,-1.175063114088495730e+01,-1.346207708272401327e+01,-6.174142919370131821e+00,-9.742880953219534845e+00,-1.742070881879369892e+01,-9.965963138485237849e+00,-9.887607926445157736e-01,-6.186227071829223156e+00,-1.301949654845323678e+01,-1.948191514294705229e+01,-6.218537810078348826e+00,-2.141502260565069982e+00,-3.240782344441445861e+00,-1.772306024752108078e+00,-3.115409372065680138e+00,-9.364025009785825304e+00,-2.489227018612269404e+01,-1.162164049284160683e+01,-4.647771564533178967e+00,-9.502405344622742334e+00,-2.896020133751191938e+00,1.695330096801465292e+00,-4.672352089375991113e+00,-1.212864251348718447e+01,-1.255519984814639933e+01,-1.210410804560110876e+01,-1.548646881851534651e+00,-4.364274647568865184e+00,-6.462235067520841980e+00,-1.268605818182208367e+01,-1.358847508052953046e+01,-3.958355673775342254e+00,-3.570121243325250493e-01,-1.974095080358515553e+00,-3.980089590707023728e+00,-7.598336928141260493e+00,-2.687603807699701086e+00,-1.739989494465095277e+01,-4.534673786297974907e+00,-1.125974552489167557e+01,-9.895368118949539493e+00,-7.859840374209854374e+00,-5.604897224247996412e+00,-4.097070664943885987e+01,-3.368252373453199944e+00,-5.307206913424110439e+00,-6.430889491977765715e+00,-9.316411282370026470e+00,-7.758412984428581183e+00,-6.699204519879716102e+00,-6.637444228521179213e+00,-1.457243700430562505e+00,-2.011531768167458978e+01,-1.606537350967213129e+01,-3.048299120418388952e+01,-2.761918419833209981e+01,-3.003379068476030866e+01,-1.292989084669601141e+01,-3.090214447261898201e+00,6.574742612134649722e-01,-1.866832120782945736e+01,-1.001614851363110681e+01,-9.170605660127151282e+00,-1.697608004430014006e+01,-4.432771169682046875e+00,-1.039604963158208406e+01,-2.284527365879382188e+01,-2.247206157624834688e+01,-1.729338178547555671e+01,-1.754810822484731503e+01,-1.452519001861958614e+01,-2.611980981813876834e+00,-3.158085020969414458e+00,-1.746910241000009245e+00,-1.422061228217816975e+01,-6.665320147435301566e-03,-5.185146256131259790e+00,-8.248672118377339046e+00,-1.151600541611430373e+01,-1.059325169342686479e+01,-6.823403581343923996e+00,-9.365121513895980243e+00,-7.613818677754436770e+00,-8.665082408665407243e+00,-1.991988684379929353e+01,-1.512737373726312740e+01
-2.708532255464128014e+01,-2.243552675397381435e+01,-4.439164323056655981e+00,-2.290293299946517180e+01,-2.294672682031989552e+01,-1.168912757545204961e+01,-7.796571862027694699e+00,-3.516261522433588027e+00,-2.441903487469659950e+01,-9.810677200174266588e+00,-6.872817289992414480e+00,-1.034318485853963665e+01,-1.213851974281670643e+01,-2.250379132738317622e+01,-2.078514534655660029e+01,-1.388684346159215366e+01,-2.597425413264249361e+00,-4.598425455365958925e+00,-1.041814922867468063e+01,-9.843710397275188484e+00,1.165929306958074285e+00,-2.570512850359394363e+01,-2.184543785796988047e+01,-1.772753916373117988e+01,-7.242992295594634200e+00,-7.941791557525611722e+00,-8.206502306861816365e+00,-2.023205150895955207e+00,-5.614927596514891484e+00,-1.271165930198383620e+01,-1.130063679292634227e+01,-6.924451712762395239e+00,-2.361549458076915897e+01,-1.520661747969318078e+00,-2.471935894466308525e+01,-1.197536200041558985e+01,-1.657694868287886081e+01,-1.901107192537090640e+01,-1.140211450448780361e+01,-1.286739446618653560e+01,-2.887569707286777998e+01,-6.120369378001622174e+00,-1.109558786158012822e+01,-1.846229909868121055e+01,-3.876647693388950433e+00,-1.063102538145344411e+01,-1.436708664946448266e+01,-1.154555812130623593e+01,-1.436942832780978563e+01,-7.015379009569723046e+00,-2.027584772865838048e+00,-5.361876835787641404e+00,-1.221523338822135862e+01,-1.488019983407732028e+01,-3.562138006504370402e+00,-1.225597201610366049e+01,-1.221392560663224280e+01,-9.372357043958533751e+00,-4.157455335947217279e+00,-9.075714958736733617e-01,-7.721470991019366181e+00,-1.395091950915404766e+01,-9.410182694562330141e+00,-4.235265321391485926e+00,-6.560429428846148880e+00,-3.998127047481228047e-01,-1.918720248220115465e+01,-3.285775903174354085e+00,-8.813834091410262417e+00,-1.518331231292406658e+00,-5.849199548366016188e+00,1.666404729071860324e-01,-1.070191013789520262e+01,-1.084974660315398864e+01,-1.527911739997333385e+01,-5.783665635675935057e+00,-1.689055064431487096e+01,-1.513764348207380372e+01,-3.300380470320338322e+00,-1.529789698558746691e+00,-9.017186587478482451e+00,-3.041045452679646210e+00,-2.182666750281659063e+01,-2.665375665863523480e+00,-1.287800392122503368e+01,-5.619781202125439634e+00,-1.787133619591989486e+01,-3.979393771382762512e+00,1.033900194469079770e+00,-8.345936106836184365e+00,-1.082077078969533801e+01,-2.982789382746769746e+00,-1.004127493370386581e+01,-2.087471296115122854e+01,-2.084074274927724346e+01,-1.779134603866391018e+01,-1.266047654608743045e+01,-6.323725394471089167e+00,1.939797478752381732e+00,-4.136972630550401320e+00,-1.597872653013704003e+01,-1.331739287411384609e+01,-1.161056858863579233e+00,1.265022216535121480e+00,-4.841855576601910904e+00,-3.338808111398736855e+01,-2.134990324535003481e+01,-2.100523723513322949e+01,-5.642003411636808963e+00,-1.150342050757426016e+01,-5.123322241741949057e+00,-1.105305874116443476e+01,-7.856196047172694374e-01,-2.811165473668155101e+01,-8.628161823319420165e+00,-2.573269819733093211e+00,-9.681209292002101563e+00,-1.798382783440613863e+01,-1.750145077926734416e+01,-2.713067291406012416e+01,4.638697983668290670e-01,-1.298901930826535711e+01,-4.782168272624940819e+00,-1.646710599720101342e+01,-1.745437113007886154e+01
-2.389428633900246624e+01,-2.212163832928886364e+01,-6.339320732433792571e+00,-1.712998982617080301e+01,-2.650103118813756353e+01,-1.849029837804282650e+01,-1.941457059262355500e+01,-3.191268422459691667e+00,-2.953517837752243480e+01,-1.862595624243643755e+01,-1.994143389783455689e+01,-4.010891552052653353e+00,-9.645219794930516954e+00,-9.411381219957377198e+00,-7.096093236498185242e+00,-1.147112758963780266e+01,-1.065662654321347169e+01,-8.035593161808803231e+00,-2.864749347890744247e+01,-1.127213381942707571e+01,-5.640849545083830296e-01,-1.584489008944908583e+01,-1.392062327415501066e+01,-5.598824136697720277e+00,-1.113058388596852311e+01,-1.005843898862954688e+01,-2.034360651018872801e+01,-1.488909637731666180e+01,-1.253817127586071045e+01,-1.902642403516628278e+00,-8.535560152795646616e+00,-3.184612564288097580e+00,-6.992229949909409825e+00,-7.225744815888446304e+00,-1.135499174405672917e+01,-4.450448996928784595e+00,-1.825216522352924997e+01,-2.630682910261244700e+01,-1.302047919149131516e+01,-4.499240782905872038e+00,-1.580467463717839394e+01,-1.824091975274714272e+01,-1.463693910641402596e+01,-1.902149977832992889e+01,-9.589230166659657328e+00,-2.063605987560211474e+01,-7.586069845402693801e+00,-5.745211962467289268e+00,-8.307952189240710439e+00,-6.274678419937352203e+00,-1.916543756892993500e+01,-1.117059621984089368e+01,-1.673289094402742450e+01,-1.902458999139873796e+01,-2.496293017430066818e+00,-1.168758485987957840e+01,-3.070086539046361640e+00,-5.592882952800605878e+00,-1.117230893204606801e+01,-7.148206146096934610e+00,-7.653956774215524561e+00,-9.101330730146013792e+00,-1.600047095778010586e+01,-7.858166122442963086e+00,-6.957427961521139181e+00,-1.416560393098752435e+01,-1.017929413981501163e+01,-1.977746202855827562e+01,-1.255918388077036596e+01,-1.461518347906221260e+00,-5.895868960702769002e+00,-1.005570102470545457e+01,-8.104768595583069057e+00,-1.030853022005137376e+01,-1.657276408053046524e+01,-2.197730671983273254e+01,-3.074260834091974459e+01,-5.942119496577804583e+00,-5.092867948217407736e+00,-8.408393427129300379e-01,-2.494123833485928809e+00,-2.985691322878603504e+00,-8.134596823076874372e+00,-3.789247495413833100e+00,-1.368136406677934858e+01,-1.194145247523482922e+01,-6.802090951627290494e+00,-9.882558206034463666e+00,-6.626568427980338072e+00,-7.851642826132554376e+00,-4.613879408983060593e+00,-4.101870633821890877e+00,-1.352068938981185475e+01,-1.841680681909533845e+01,-7.556028892600428648e+00,-1.452587088229495116e+01,-8.604760443614354770e+00,-5.998443484100887346e+00,-9.246724448289089793e+00,-6.248863919936718858e+00,-1.232691686410296228e+01,-9.374366243112799424e+00,-2.130499988852122328e+01,-1.050127075537475108e+01,-3.843716094929324090e+00,-2.249999912973620297e+01,-1.541130835570046997e+01,-1.344837735363697817e+01,-8.972702118287092077e+00,-8.864245584905301456e+00,-2.200888681533105995e+01,6.902574833086211337e-01,-6.904654932274051582e+00,-7.536026882638583224e+00,-1.509790898440935081e+01,-2.128472840937127941e+01,-1.085799442852950136e+01,-1.946224340736738867e+01,-8.567265282830422990e+00,-7.000352441701829243e-01,-1.331957384331079552e+01,-7.988488673109955585e+00,-6.810573640452765254e+00,-9.315542088267520171e+00,-1.359578067713260019e+01
-1.281869203929901069e+01,-2.987893517142303068e+01,-4.747480444261268140e+00,-9.333014767763778252e+00,-1.888826559367923963e+01,-1.755401539881702178e+01,-1.692944825559059296e+01,-1.405268897858805843e+01,-2.331309882166013381e+01,-1.630945956218281978e+01,-1.299521067028975452e+01,-1.055418768668849339e+01,-1.850511188677371521e+01,-4.378330725359041331e+00,-2.021749375820788147e-02,-1.503149290761871626e+01,-1.508045462761585398e+01,-3.031739052204904361e+00,-1.321033200116818840e+01,-4.543221968496045093e+00,-9.797522562323207396e+00,-8.843873842207411684e+00,-1.895876577197955370e+01,-4.528273807033775356e+00,-2.361621729615899312e+01,-2.645212488513946880e+01,-2.733542054617058170e+01,-1.360194924029175567e+01,-1.533520238395310642e+01,-1.635306416979318911e+01,-9.184713641898971659e+00,-2.132352280417429213e+01,-4.511687634926356161e+00,-9.558578819303157559e+00,-3.036310768887053424e+00,-6.092979999554801296e+00,-1.710945311134754832e+01,-1.140799432650329592e+01,-1.690753694751942504e+01,-3.751090905649211216e+00,-1.396214321695772931e+01,-9.571630659044320311e+00,-9.618196630090626087e+00,-1.662547105472523867e+01,-2.414850679076330309e+01,-2.080327910134366576e+01,-4.809703767756150938e+00,-6.180512748610899720e+00,-4.312814925784173248e+00,-5.972024100419841552e+00,-1.330841942202448536e+01,-1.844837589085094010e+01,-3.769932395934827429e+00,-1.150896185123808912e+01,-5.334799077566003689e+00,-2.271426952585098302e+00,-4.347366766226533841e+00,-4.457160753229789663e+00,-3.733924836813232062e+00,-4.212359238151652363e+00,-1.096539576044348152e+00,-5.272064069242878404e+00,-9.665829617212866598e-01,-4.196470594934503140e+00,-7.502083282624285587e+00,-1.110488232233868056e+00,-4.503853455350609103e+00,-1.064144229082593185e+01,-1.454013499515903796e+01,-1.758106751642842269e+01,-1.028645180453476904e+01,-8.593092892916969205e+00,-4.511078015752958414e+00,-7.513019338932936941e-01,-2.692290157489437519e+01,-1.323883073651264652e+01,-3.168236035950496188e+01,-6.818259636467133511e+00,-5.424451373943844246e+00,-7.844015693410782752e+00,-7.302758584592976554e+00,-1.222437686973830290e-01,-6.889908490666334373e+00,-8.692283259052695499e+00,-2.121468615045371209e+01,-9.847780877656619580e+00,-5.305503765920001058e+00,-2.130875851929605247e+01,-1.313638117242593140e+01,-1.044901136547572484e+01,-7.502292929511950703e+00,-2.497262669536318569e+01,-2.072867640899134756e+01,-1.543301156070346991e+01,-2.382278499591405474e+00,-1.164597030456239679e+01,-1.949478432240812076e+00,-1.877804056343854455e+01,-6.147463626175176721e+00,-2.468251965444463281e+01,-1.320565286783520875e+01,-3.772702846033759716e+00,-7.803487292497983674e+00,-4.631317053286387875e-01,-7.744034760760407643e+00,-3.124732983669375486e+01,-8.547782504223704336e+00,-3.778879871258503442e+00,-1.451541712287735209e+01,-4.342787090615591872e+00,-5.707423890226697161e+00,-5.285283081726165122e+00,-7.824298972772877114e+00,-5.021329425453547657e+00,-1.258452559379414382e+01,-1.191787440110996599e+01,-2.586233089023864551e+01,-1.388619042184012109e+01,-5.734435304996741145e+00,-3.152785101269280688e+00,-1.673477857424200721e+01,-1.372631519678620649e+01,-4.741920915653007107e+00,-1.920614874423804608e+01,-1.427859961063424166e+01
-1.249172116096232621e+01,-1.803118832104613034e+01,-6.969308363068932977e+00,-1.144724303680051669e+01,-1.510866756706321112e+01,-1.999856968981523409e+01,-2.310138321296757624e+01,-3.538494538193621253e+01,-1.295272440377415890e+01,-2.708131190234143837e+00,-1.036019757755004100e+01,-1.053477874969014572e+01,-1.600277890170122674e+01,-2.240237872134432706e+01,-6.916290434480163896e+00,-1.884210691296570062e+01,-1.285968770932608152e+01,-2.347963512333894887e+00,-8.611355992460552500e+00,-1.924401237840685042e+01,-5.779134592915909252e+00,-2.821738709408400769e+00,-4.535496632753151403e+00,-2.380000442681497930e+01,-2.669189146706271742e+01,-3.024213078308974190e+01,-2.384822803266885671e+01,-5.755404411193042691e+00,-1.464057260835771146e+01,-8.445375949989291087e+00,-1.223276397953597439e+01,-4.047613571625310769e+00,-1.041776268262587379e+01,-9.226475024597197816e+00,-1.800665459222800280e+01,-1.225734304147433384e+01,-1.907468929082132192e+01,-5.213659127746232969e-01,-1.440223299417914227e+01,-7.815765110414522709e+00,-1.876596218262664451e+01,3.751404496231318664e-01,-5.669691190213786314e+00,-5.975821488847540053e+00,-7.779946132879103970e+00,-1.712670778119372272e+01,-1.544670944384049838e+00,-1.032995736448617130e+01,-4.319640168867156405e+00,-9.025147256147246111e+00,-1.357482096254935477e+01,-1.834124768373389713e+01,-9.561919283139713954e+00,-2.182256950742575530e+00,-6.225542650532434052e+00,-3.362166671041052268e+00,-2.487194466847373775e+00,-6.335273501396397222e+00,-1.057081711145036351e+01,-1.403687161999864053e+01,-9.417381088101274500e+00,-1.983130737651328523e+00,-2.372642210911964700e+00,-5.795724701122138001e+00,-6.455495820434652643e+00,-1.195282675703096764e+01,-6.587087438753838065e+00,-8.029197582574706615e+00,-2.162065535865180266e+01,-3.350466717267645578e+01,-9.429204003865514494e+00,-2.818366985634678024e+00,-7.898145915223210523e+00,-2.083273505700148354e-01,-1.715710736153330274e+01,-2.840547399525207517e+00,-1.466119540409678557e+01,-1.129589125893862622e+01,-1.217574778837324523e+01,-5.202069415155197163e+00,-4.490268135649040815e+00,-1.499465811356014422e+00,-7.746099407439567486e+00,-9.029441657905412200e+00,-1.210284557990258314e+01,-5.569275529875083564e+00,-1.629608344701921752e+01,-2.579373303018396157e+01,-8.512642630361979101e+00,-9.640319831800072237e+00,-1.012532763567695326e+01,-1.094382865652169201e+01,-1.066831099128189919e+01,-3.491671777247487007e+00,-1.596839741912000399e+01,-1.369644685382244198e+01,-2.788582228768345939e+00,-4.367317628521379946e-01,-3.153642209557007803e+00,-2.233229643890527782e+01,-1.933210269070546872e+01,-4.401501878459355588e+00,-2.513562892009251648e+00,-9.175054718133164755e+00,-3.887230697225851461e+00,-1.284467857129980572e+01,-9.701294004788412195e+00,-3.132927485734136486e+00,-1.260611182377421002e+01,-4.128435507666190496e+00,-8.911822707271902289e+00,-9.288949873449999117e+00,-1.686850070801943247e+01,-3.248711602075908900e+01,-5.394817998741102905e+00,-3.486233623993268083e+00,-1.199455949917195774e+01,-3.168227813601829812e+00,-5.066773502455267142e+00,-3.881354158257420028e+00,-2.082966471462611224e+01,-1.285366201506709061e+01,-4.459125078344939652e+00,-1.068807256703929731e+01,-1.789989009997352909e+01
-2.931254054064821091e+01,-1.260837590184747903e+01,-1.138859151940781622e+01,-1.422269982981065439e+01,-1.370986684865809124e+01,-1.847959523160359296e+01,-2.321607585463720014e+01,-2.296311279241006176e+01,-8.272602645177967062e+00,-1.140836138695547497e+01,-8.300220711292659814e+00,-3.988288456771167834e+00,-1.047890608423083947e+01,-1.625439421185372879e+01,-1.985144429095771201e+01,-2.040852461620948688e+01,-1.227060917112956062e+01,-6.902773587342290185e+00,-1.257431796464232931e+01,-6.746823556701872171e+00,-1.735912326307633791e+01,-4.028359105798923423e+00,-1.508359326462484340e+01,-9.684354388114424950e+00,-3.164207275347166970e+01,-3.190861982916175066e+01,-2.328582616900039426e+01,-3.517612812147431711e+00,-6.440400398849517316e+00,-3.185348482555943050e+00,-9.244471962762364825e+00,-6.029481997869754473e+00,-7.838853982084460270e+00,-1.094000674425809905e+01,-2.409088075946795726e+01,-8.924223303571586996e+00,-1.357483090197705700e+01,-2.336967110045130802e+00,-3.544734465394017597e+00,-9.151707587814783551e+00,-6.484259867411882539e+00,-1.181906555482674426e+00,-6.186177366857208426e+00,-1.277924780789647485e+01,-2.864934053854918616e+00,-1.904328808584354249e+01,-1.852417393429747206e+00,-3.228842771732014949e+00,-2.778694014684416125e+00,-7.891539220861795378e+00,-2.067225113783155876e+01,-1.909293991016224012e+01,-1.641822470095799602e+01,-1.039276105572113629e+01,-6.769321505131481231e+00,-7.526146469653813398e+00,-1.143345460142854719e+01,-7.721600038829262047e+00,-4.031974127608518366e+00,-1.012808243889443638e+01,-2.355753451654676667e+01,-1.189912064455141305e+01,-6.107074299852188304e+00,-8.728048361900111018e+00,-2.745187746200489887e+00,-9.507131976470974521e+00,-4.922582244534370766e+00,-1.125235463445718054e+01,-1.998560501881127394e+01,-3.466214075673608619e+01,-1.171963855128953291e+01,-2.252331353003045677e+01,-5.493936873145541355e+00,-4.519008766930297405e+00,-4.092984437721792546e+00,-4.483858694182827342e+00,-1.512501929148018576e+01,-1.833098574662223612e+01,-6.283142073862981292e+00,-1.980510688136663333e+01,-5.311871361851553175e+00,-1.269454115321588006e+01,-7.248463911640598667e+00,-1.368145986230157085e+01,-4.605047246876752709e+00,-4.079248203503975212e+00,-2.780855897180407155e+01,-2.336594106891215716e+01,-8.576591462605167582e-01,-7.039811042447643885e+00,-1.277574828257598050e+01,-4.391709122245158525e+00,-1.932054148090652745e+01,-1.179724342246886692e+01,-3.416788379731763303e+00,-6.604544294740839483e+00,-8.995431287088196726e+00,-3.362917092858332069e+00,-8.502292326853179816e+00,-2.640485344899036946e+01,-2.670801856289369880e+01,-1.996873432226305145e-01,-1.853408931215954780e+01,-9.470586459116910660e+00,-1.017911682787923056e+01,-8.518736783113796562e+00,-1.544092104667515120e+00,-1.346556158876360776e+01,-1.228339929116136631e+01,-2.054965420311390645e+01,-2.880958060408631560e+00,-4.234511729823226212e+00,-5.614870771818929462e+00,-1.097713037333865493e+01,-1.220252335451345083e+01,-6.698885142653551839e+00,-3.997535082606087364e+00,-3.182315460310376931e+00,-1.380742423512240080e+01,-2.143181935645633729e+01,-1.671356407425719937e+01,-9.385262007334416623e+00,-1.156935251523405128e+01,-1.011229104140138091e+01,-2.600912469532986293e+01
-1.012801967874903752e+01,-2.155527063740782978e+01,-1.817456958973259162e+01,-9.130212339437044022e+00,-9.909199819474416415e+00,-1.449613104094926719e+01,-1.783839976455063692e+01,-2.746128866856467621e+00,-5.333454607366098443e+00,-9.604514334759244321e+00,-6.258766061045268003e+00,-6.021969124855917066e+00,-3.516922272290686102e+00,-1.534601177225032487e+01,-3.106523211284132557e+01,-1.773320220183856577e+01,-3.537172245404647697e+00,-1.211392201789749024e+01,-2.713912280179105352e+01,-6.078475518453608117e+00,-8.600431122559426100e+00,-1.736602978331132974e+01,-2.768097931618273222e+00,-4.086208063517029032e+00,-1.193737626579956235e+01,-3.687646178203554825e+01,-2.423806972933353876e+01,-9.577086513635194365e+00,-7.026235571835802496e+00,-1.317849857591666618e+00,-9.528860992128395324e+00,-5.339154304935132878e+00,-7.895791216413088343e+00,-1.422416900874821089e+01,-1.612717375622213822e+01,-5.047283022366841898e+00,-1.270677771803796574e+01,-1.495650745813541604e+01,-6.768740016741982224e+00,-8.702403480412552739e+00,-6.536660290641956195e+00,-7.098910335710662878e+00,-8.612739460681169135e+00,-1.142936947374079182e+01,-4.854404130186454225e+00,-1.281581743124002859e+00,-2.291939305888949363e+01,-2.009333680604606265e+00,-8.255064327792183576e+00,-8.623814831244294155e+00,-1.202891021953250927e+01,-4.114211906528336016e+00,-1.050962354156979472e+01,-1.240103397577754762e+01,-9.768243231718356512e+00,-1.388178078865939291e+01,-9.949817774241038748e+00,-1.229161706094301820e+01,-7.263554281584211125e+00,-1.044788066037195762e+01,-2.802660273866541374e+01,-7.256225496286559995e+00,-2.615632268256923254e+01,-1.617663509118493792e+01,-9.618791829338324106e+00,-4.784431524081268705e+00,-4.920850678054771166e+00,-2.841666460424389751e+00,-1.727115321752950194e+01,-2.842163665269083594e+01,-1.033704676525757549e+01,-9.721089154295292190e+00,-1.566957378829518888e+01,-3.477585912391445877e+00,-4.181975277382140810e+00,-1.333692706618678869e+01,-1.961206281480705638e+00,-1.364598282646341687e+01,-4.556885279559955926e+00,-2.047339329829148014e+01,-6.555473460801868768e+00,-3.923749441863488396e+00,-3.567004414043740024e+00,-9.793559713085118190e+00,-5.667833608714306415e+00,-1.626800432603631208e+01,-1.496312731864369994e+01,-1.433283775027148010e+01,1.614953154410217362e+00,-9.945517707212692571e+00,-8.307628813758025643e+00,-4.999628673199353557e+00,2.797256218828577529e-02,-2.296896509451000767e+01,-5.463382465001513921e+00,-5.107806365091271950e+00,-4.197990636269854470e+00,-1.094660761582607833e+01,-1.038589564156930756e+01,-4.567095901686165149e+01,-1.751083475273926737e+01,-4.115675741145524924e+00,-2.046898141605703714e+01,-1.010332268554569168e+01,-1.314212163084187779e+01,-8.380391254261184031e+00,-6.418175529322514450e+00,-9.169187377884613355e+00,-1.325369371844779565e+01,-2.166188379921555551e+01,-1.195465066803064502e+01,-1.302303137021995072e-01,-7.528576224602934630e+00,-1.185699276237133049e+01,-3.269101061112369422e+00,-1.930417040375173343e+01,-6.354580479808893401e+00,-5.307945103585777424e+00,-2.393621858596974050e+01,-2.379880529156862679e+01,-1.444718120249888571e+01,-5.549648050821453182e+00,-1.811907242226952519e+01,-1.282379840091252099e+01,-2.731263670339783900e+01
-1.008543491844681661e+01,-2.383665485855672728e+01,-1.694563162676126922e+01,-1.185200518942897929e+01,-1.020538463768632376e+01,-1.014292802153688733e+01,-2.382171208697174247e+00,-8.144584910319505155e+00,-4.637269251464122277e+00,-3.772134353763756831e+00,-5.045687567480626967e+00,-1.534630231223468044e+01,-1.046844181834247323e+01,-7.457365925452647204e+00,-2.422548077339999750e+01,-1.413576229162490883e+01,-1.079771610157666872e+00,-1.084585762919585505e+01,-3.163841496345856186e+01,-7.160334651778903492e+00,-1.132206929177533894e+01,-1.836132290110584719e+01,-1.695477887056532040e+01,-1.406828929650470883e+01,-5.850497953294566678e+00,-2.800549821714683674e+01,-2.052573398958143613e+01,-4.852514446846935670e+00,1.500379858597139293e+00,-8.044669341253426254e+00,-6.201281965859778644e+00,-6.182986261567879005e+00,-1.067254148299632277e+01,-3.621987892648534491e+00,-1.128947012763428503e+01,-4.629050707961718913e+00,-1.046828316565473749e+01,-1.145236428876277657e+01,-5.678528910025669063e+00,-1.123620185004494587e+01,-2.024863691176533820e+01,-5.682539755859732367e+00,-9.752026384574538298e+00,-6.983203516627211727e+00,-7.969778690589333081e+00,-1.322400747055306525e+00,-1.854686670238777069e+01,-5.157242432417890043e-01,-7.219613545409923283e+00,-7.375006633425853053e+00,-7.504049388282638233e+00,-7.474936126948104942e+00,-4.329522829100644898e+00,-1.021596930012051763e+00,-6.102351764119377187e+00,-6.440729928165147555e+00,-5.324443640921710852e+00,-1.253349247036760872e+01,-7.855361088277003745e+00,-9.962005366211588608e+00,-1.081398961562432426e+01,-8.915939400500704437e+00,-2.651536625903687749e+01,-1.128771546847614005e+01,-4.523482022442148143e+00,-3.056775508812330511e+00,-1.179692983274575013e+01,-1.717447950391570188e+01,-1.635301512336504004e+01,-1.070877089377534830e+01,-1.096537236394689074e+01,-2.951636865700312029e+00,-7.033672030748419957e+00,-6.949283905646703730e+00,-7.316751323463962287e+00,-7.151484428805020777e+00,-1.111823776540866504e+01,-1.054197905229427690e+01,-1.558839478011524271e+01,-1.012652412952726522e+01,-8.282180191111015333e+00,-6.531779102053788755e+00,-1.167567063598233901e+01,-2.703241563928708846e+00,-1.615260879446671538e+01,-1.585026463511697514e+01,-8.030131645414446240e+00,-3.925851289189043136e+00,-4.330670395993396760e-02,-3.932483705922749984e+00,1.459392180474659906e+00,-1.568717637807118770e+01,-2.748162942276791032e+00,-2.139015789194368011e+01,-5.614485879208213071e+00,-1.400691458346472018e+01,-6.577372048512416747e+00,-9.186592640229733320e+00,-1.048053041418411624e+01,-8.965301316125247055e+00,-5.185295876398569703e+00,-5.580038797788446914e+00,-1.515085537831246043e+01,-8.854600999884755907e+00,-5.665967975355385988e+00,-2.561190943616928450e+00,-1.590575720302659590e+01,-5.562549819289311692e+00,-4.209885311234757843e+00,-7.164740777746247069e+00,-4.623505929311787277e+00,-1.841870293579529871e+01,-2.750138437067722208e+00,-2.073664154210323574e+01,-5.140561161317968697e+00,-1.445180322371551185e+01,-7.339214176107812904e+00,-9.603964433890270769e+00,-2.214886117391462506e+01,-1.476095787466874398e+01,-1.334338227738919613e+01,-5.038778367702851924e+00,-1.228721501944019856e+01,-8.149362142885044236e+00,-1.179916320688413478e+01
-1.478966633764985517e+01,-1.180815161414678016e+01,-1.320542505301181180e+01,-1.241960115558694788e+01,-1.502539925902226692e+01,-2.013587443059040893e+01,-3.486003305217336146e-01,-1.055448698705983723e+01,-5.742819403388201849e+00,6.296814623152757751e-02,-5.922215018732959635e+00,-7.744980596668118444e+00,-2.132245914778092200e+01,-2.155802614516658000e+00,-7.098290474215458445e+00,-9.031103699708801003e+00,-2.185892264420367681e+01,-1.334337312945719844e+01,-8.585429150910950824e+00,-3.355512747911852944e+00,-1.521961548893016669e+01,-5.810025941001358163e+00,-5.493405482781248850e+00,-1.367296945568867272e+00,-7.684809917492816389e+00,-2.732317762628960978e+01,-2.249341191631952341e+01,-1.608583909269164636e+01,-2.693156142671204734e+00,-1.632777399655182293e+01,-3.541793690549948526e+00,-2.480369645671201440e+00,-8.807293377465718720e+00,-4.911353108556259173e+00,-1.148856599816949142e+01,-7.251595135985560603e+00,-1.566352232423518487e+01,-3.620543194629965988e-01,-7.010155819526360688e+00,-1.270607983460433488e+01,-2.570104405857759566e+00,-4.950285976685791511e-01,-1.703195834914721019e+01,-1.961532977240845455e+01,-2.065858527295300817e+01,-2.089371931641185398e+00,-9.589992255521991638e+00,-1.840351269007247126e+01,-1.235779804201204257e+01,-7.757039486196721789e+00,-4.919330383329111100e+00,-1.742579133800842328e+01,-4.548232400380784135e+00,-3.631695689921242831e+01,-1.126959118528821335e+01,-6.948734285343284967e+00,-4.298406911432637756e+00,-1.008357958784049657e+01,-1.527536403779904184e+01,-8.978599043672820912e+00,-2.671105534305773688e+00,-8.229250901669182383e+00,-1.844308341327874601e+01,-7.014462602666563740e+00,-1.020460235069567645e+01,-7.221126578090530046e+00,-1.249318403097309016e+01,-1.937588583839043110e+01,-9.511735453905171056e+00,-2.086722017316038791e+00,-1.716725142448187214e+01,-1.086474442595616452e+01,-8.016026340785167292e+00,-3.751114257327967216e+00,-7.092276603771647814e+00,-1.611037913511757180e+00,-2.061978282078847613e+01,-3.215065576388925095e+00,-1.111902071854131435e+01,-4.169816138232556035e+00,-7.675613202513941857e+00,-3.527071887489252600e+00,-2.097141199617920115e+00,-1.033567151989524824e+01,-9.109725447341411098e+00,-1.263353189908092133e+01,-7.009612257717505734e+00,-3.858845109844620147e+00,-2.485421786767517816e+01,-1.476852158668095605e+01,7.619303007842076481e-01,-5.880763935541606813e+00,-7.986329800020875780e+00,-1.606297604665792278e+01,-3.685226652077886911e+00,-3.167989619431673454e+00,-1.779342662249066009e+01,-1.499357387946923303e+01,-1.346057807229693992e+01,-3.502419097302271300e+00,-3.793338479041226119e+00,-2.828918623048313652e+00,-6.344936151640572675e+00,-2.973565470742505212e+00,-6.740799908381399419e+00,-1.745589620416914300e+01,-1.961339723451478445e+00,-1.135597072982369227e+01,-7.310485501526109431e+00,-2.039925090844846967e+00,-2.918119771900014481e+00,-3.498357681894181948e+00,-3.086825725244366936e+01,-3.519998799325433581e+00,-3.103032384083918238e+00,-1.544051780456930523e+01,-2.706711796709712559e+01,-1.917033162437825666e+01,-3.755653298435239762e+00,-2.612757957566743006e+00,-4.309882964176910747e+00,-1.046323461199526861e+01,-1.237168005036742358e+01,-7.050204979956930629e+00,-1.623143914968297352e+01
-2.928505621929790692e+01,-2.259079340379330247e+01,-1.165091404897877680e+01,-1.067506283453139737e+01,-6.964005800225089082e+00,-6.345588053730464306e-01,-7.895431299015672977e+00,-9.084900741021488813e+00,-2.355076891312502418e+00,-8.263163455587420048e-01,-8.648664355322829067e+00,-4.556242827672085660e+00,-9.440935094108079184e+00,-3.729177118166652427e+00,-4.927215317757269730e+00,-1.252444942498471825e+01,-1.572240743229799165e+01,-3.013741389287751815e+01,-5.135950694720181176e+00,-4.715231034471583982e+00,-2.480233124332912098e+01,-4.919711880700473827e+00,-5.227382478846022806e+00,-8.132639716185490641e+00,-1.323363883288766196e+01,-1.616924357977644533e+01,-5.313899627730362951e+00,-1.160006124252783621e+01,-1.219377115236571107e+01,-8.655552799251909235e+00,-7.804735355591384760e+00,3.933050982744195623e-01,-7.646185434194738839e+00,-3.688662743051850157e+00,-7.467786206389317449e+00,-7.609080925401558559e+00,-1.011454133012614598e+01,-6.331896563622546381e+00,-3.451104383317558977e+00,-3.209933891787771110e+00,-6.677037831688651615e+00,-8.347622090139463324e+00,-1.874215812102336542e+01,-1.210810867784342726e+01,-1.544150602026060781e+01,-5.768761306757147267e+00,-3.691962836447336027e+00,-2.498374936595494589e+01,-1.947232769780892525e+01,-8.163330941028892340e+00,-9.001299184034024847e+00,-2.009199850064350557e+01,-8.472820114208364117e+00,-2.917464937066957731e+01,-1.490666493234211964e+00,-4.877759790220904890e+00,-1.048616316459447084e+01,-2.840267263601267800e+00,-1.310157356408679874e+01,-6.719543803843229801e-01,-7.922657189649193299e+00,-4.900844915714390737e+00,-7.171588066025654129e+00,-6.090330423122777503e+00,-1.543222793955076710e+01,-5.323821491343672108e+00,-7.115771032130951745e+00,-1.761193377919056147e+01,-9.571876493049529699e+00,-3.304459475536516422e+00,-1.781969250777510183e+01,-1.065840106724125214e+01,-8.598571299732659767e+00,-1.094117709271948868e+01,-1.663498288400142044e+01,-1.639108875105251784e+01,-1.811826331655975864e+01,-1.912728347117942462e+01,-1.768115808415862489e+01,-2.073773652023320579e+01,-3.747266789432660339e+00,-1.076991928649338526e+01,-4.690010421843147093e+00,-1.313268409442833518e+00,-3.513659554255633033e+00,-9.262744345540086854e+00,-5.721314560157643392e+00,-1.302476020451470440e+01,-1.061640435991940734e+01,-6.779872647161869992e+00,-3.102705543459503446e+00,-7.824073447442717821e+00,-4.894117150170681718e+00,-7.043782505368005431e+00,-7.651311212801143569e+00,-3.028924189449082149e+00,-2.835392296386742927e+01,-9.878371120975236508e+00,-8.309428319252852191e+00,-1.224238886321382402e+01,-2.858414454827799034e+01,-2.395772610552421611e+01,-5.696874562117484331e+00,-1.624608763467228489e-01,-7.626667208230929695e+00,-1.447242454442043424e+01,-1.188048267419283555e+01,-2.038406872163406902e+01,-3.783705434894013564e+00,-1.086987460841289632e+01,-1.696907740456037672e+01,-8.819685316220311933e+00,-9.678074120150705895e+00,-7.143649843340636352e+00,-4.106289348600520306e+00,-1.180355950394402775e+01,-2.063068915941325443e+01,-2.426373524082136690e+00,-6.096734442906246443e+00,-1.127676246517971492e+01,-1.162956939039658089e+01,-1.859349345570497292e+01,-2.141560076476849872e+01,-6.436573888703146729e+00,-1.595217708553212432e+01
-2.811515210268986920e+01,-2.867812072072147700e+01,-1.359581298280799189e+01,-1.033674766352536345e+01,-2.170488707692684316e-01,-2.266881261838060269e+00,-1.289109975003961672e+01,-1.006997594984312627e+01,-9.321955448814701839e+00,-7.889702861336033379e+00,-1.558872396910780367e+01,-1.115280385659371021e+01,-2.935910626752522123e+00,-9.254915412625436488e+00,-1.392758776328604142e+01,-3.554347045120162818e+01,-3.528738199871522152e+00,-3.060903078372458452e+01,-5.189346795601053053e+00,-9.822334218824625651e+00,-2.108655526971132232e+01,-1.958268712507167209e+01,-3.588422893675482062e+00,-1.856656708197115435e+01,-7.352214562106670570e+00,-8.819643783266856829e+00,-6.143035983066530648e+00,-1.663618289819075358e+01,-8.492397066831651742e+00,-8.444656850342703081e+00,-4.380905350526937525e+00,-6.178854326104436190e+00,-5.831125408692954259e+00,-1.148264939514969996e+01,-3.702509485324529059e+00,-8.519291915015508865e-01,-1.420505938117819777e+00,-4.407828483932537900e+00,-1.093772069674795588e+01,-1.243548198830423601e+01,-9.656351490699897511e+00,-5.291963769878369916e+00,-1.523241099477397675e+01,-1.578830420962854575e+01,-5.874925443716061402e+00,-1.638303196234262060e+01,-2.166412896010054112e+01,-9.112708123767488289e+00,-2.395887853954783253e+01,-5.568170144069962468e+00,-1.246011808666484377e+01,-1.873621578480187111e+01,-3.247289341917116268e+00,-3.598135221776033177e+00,-1.312549366930344164e+01,-8.839305899849481563e+00,-4.735701999658889605e+00,-2.722117630096946961e+00,-1.314305787539932879e+01,-2.513686177487619577e+00,6.837001750327547089e-01,-1.923042667684269347e+01,-2.502233957588312130e+00,-5.574279745734975755e+00,-2.374123977432874710e+01,-4.111162298193434594e+00,-5.234226707000808609e+00,-2.153001254702406797e+01,-5.187517653166542786e+00,-3.535514238431579415e+00,-6.732808848725157169e+00,-1.896697863623298730e+01,-1.677768990568413088e+01,-2.259393302626282818e+01,-1.163952111496302244e+01,-1.406587765521974909e+01,-1.596324354517271793e+01,-3.442821168825070721e+00,-1.117844501813919678e+01,-9.553582923924274439e+00,-4.535446184723719298e+00,-1.703558695841457649e+01,-6.034035711951204917e+00,-1.544696674407959547e+00,-8.652792007031615995e+00,-6.236583694942952505e+00,-6.181367364652340157e+00,-1.009532849112423847e+01,-5.049196442224717529e+00,-4.724799673851968862e+00,-1.299775262192726544e+01,-5.075777791032121122e+00,-3.286777210473478927e+00,-3.940464954354236049e+00,-8.103847105040365761e+00,-1.066887239422296929e+01,-1.255226716182262514e+01,-8.521876560779382714e+00,-9.644104830123465533e+00,-1.820537507793820708e+01,-1.181142228328566368e+01,-1.003732947422874133e+01,-2.199354563233482907e+01,-6.740443442200771074e+00,-8.337997739623215665e+00,-1.139226434465236970e+01,-2.051600887280575236e+01,-2.492060512180443510e+01,-2.034458399932238137e+01,-2.654886561239950993e+01,-2.002892988938075192e+01,-2.780275760352378001e+01,-1.570002633369531386e+00,-4.841873428435480520e+00,-1.644385890957623886e+01,-6.013452099280853780e+00,-2.055207970220832436e+01,-8.592622172767628852e-01,-1.893962691594103731e+01,-2.254787927851903362e+01,-1.459060329273363266e+01,-1.519390518438824778e+01,-8.492180043585332072e+00,-7.751807105125392283e+00,-3.279428373237803385e+01
-2.738492475108628099e+01,-2.193084519794986420e+01,-1.275342794866035412e+01,-9.942076347206608489e+00,-6.663751160355833925e+00,-3.728099029055632840e+00,-1.926730920667250402e+01,-1.050154650752150154e+01,-7.509091626911690298e+00,-1.037656839301377332e+01,-8.489338906927715200e+00,-4.902944107701452836e+00,-8.339590694550674810e-01,-3.199421461587037552e+00,3.324542455924354156e-01,-1.244588017512431222e+01,-2.279299305057449043e+00,-2.165622409237458967e+01,-3.636970352362152159e+00,-8.720625222966294388e+00,-2.837203252976998513e+01,-1.981232900144068765e+01,-9.219880400737125115e+00,-1.977114401635551388e+01,-1.332900430048040974e+01,-5.405641686998197137e+00,-3.647918881894670839e+00,-2.671744441461290620e+01,-1.300958703049618137e+00,4.954107281510888305e-01,-9.250756087685132911e+00,-2.926102925866783266e+01,-9.429435613010024753e+00,-1.460272107561330657e+01,-1.777790017065114370e+01,-4.635743243441861949e+00,-9.279053089084353445e+00,-1.951356040297959993e+01,-1.373183037794944816e+01,-1.951577549483545937e+01,-2.089898998285399756e+01,-8.650203397140481698e+00,-1.131057235713626596e+01,-7.860165127528517814e+00,-3.495689860270564608e+00,-2.032807358776324946e+01,-6.929738223204989112e+00,-4.798914548699173110e+00,-2.339061609325977997e+01,-9.615310183803046584e+00,-4.277026294236582871e+00,-1.669885946738506277e+01,-3.729693556747257777e+00,-3.122069891607627934e+00,-5.032159583340149567e+00,-4.869286386172137604e+00,-9.372555094059947578e+00,-7.140142180077933887e+00,-1.707151337740702246e+01,-9.232169055754614106e+00,-7.739106875398888974e+00,-3.671780577416867697e+00,-8.140123238797519534e+00,-2.745856715151925442e+01,-1.928501874953770923e+01,-1.731056092280123027e+00,-2.469601404673578582e+00,-9.649805151076638055e+00,-1.507495959007919595e+01,-1.631502982216875708e+01,-3.574977659263531393e+00,-2.272257314939992412e+01,-1.409923227020757963e+01,-1.580571846705542782e+01,-4.015684098050286366e+00,-1.234882766017816635e+01,-1.249356036209972132e+01,-7.731098539114828583e+00,-1.246147315477982076e+01,1.948876484843904966e-01,-8.530101631076105306e+00,-5.434599096569813881e+00,-2.082510457966921891e+01,-1.506159076405728392e+01,-1.946348334200709473e+01,-5.760084282086395113e+00,3.271181710960612499e+00,-1.363339145927867868e+00,-3.622472796544021101e+00,-4.625815081507344217e+00,-7.823743720548525182e+00,-1.726132296088965568e+00,-6.602558716787347848e+00,-1.376034985381808973e+01,-1.099300982111534886e+01,-5.077292784846651585e+00,-7.744901589526036467e+00,-5.191375214283178607e+00,-7.817540035772085005e+00,-1.446274398866698974e+01,-3.366146381201771121e+00,-2.335481531968758517e+00,-1.601938000706448761e+01,-9.475120191423680893e+00,-3.875003022156474408e+00,-4.823774001309186765e+00,-1.070327208374256145e+01,-9.025314079081923069e+00,-4.033631735449562328e+00,-1.489909300600523778e+01,-1.407297718998406921e+01,-2.169561558832036852e+01,-4.551637165641982286e+00,-5.532493546417417640e+00,-5.130129504301330634e+00,-4.152920142491497657e+00,-2.162573260442657741e+01,-6.945409245825832301e+00,-1.659008510088047927e+01,-1.748590431446341853e+01,-1.338478880230461066e+01,-3.575418090552696881e+00,-8.267903114114499630e+00,-1.536500989273118556e+01,-2.946971557472980408e+01
-1.248136879152055201e+01,-2.244093786798828916e+01,-7.032944550356541313e+00,-1.056871893983986510e+01,-4.868737441853955517e+00,-1.738416775188807861e+01,-9.160791318900213254e-01,-5.690162592161739141e+00,-2.957352305343085686e+00,-2.083254957853279166e+01,-5.811434951233427348e+00,-7.758471045880296124e+00,-1.239778838396314420e+01,-1.029400187348282714e+01,-6.044290957251174490e+00,-8.944166219720908195e-01,-6.742774102507494760e+00,-3.512956410445291766e+01,-4.587175670571337349e+00,-3.686026482447897656e+00,-2.103920115946779745e+01,-2.122913915515721328e+01,-2.997441050719952926e+01,-5.054950554965347287e+00,-6.899325320847720100e+00,-8.696476780664378126e+00,-8.179869807422013750e+00,-2.263602267341146418e-02,-1.236868118967666241e+01,-4.982432539966724860e+00,-4.193857941618671425e+00,-1.400727072088819014e+01,-9.316246222942542232e+00,-1.741815766718711700e+01,-1.559129909991847462e+01,-1.258963129985526663e+01,-1.117192560971813720e+01,-2.792029544494084092e+01,-2.698675985184710768e+01,-2.487410811479318440e+01,-2.635757860634191374e+01,-2.989677866772558090e+01,-4.920368256437090082e+00,-4.846837631063310781e+00,-1.225738606084058979e+01,-7.969028626530323400e+00,4.619177086335945481e-01,-3.335665456848296184e+00,-1.822581490433279683e+01,-1.366442741376584458e+01,-8.271689499672802981e+00,-1.326034497341757223e+01,-4.849974312711960778e+00,-1.407374377132812704e+01,-1.106003682869206095e+01,-4.693189629826201248e+00,-6.862740086863547084e+00,-5.661229166447309780e+00,-1.097619007577589123e+01,-2.726567727640227190e+01,-2.614355302330093167e+01,-6.625741180704078914e+00,-4.178700807243624027e+00,-1.572056787825632895e+01,-2.677884672522397125e+01,-1.120437902226612792e+01,7.778113419765125824e-01,-1.244133740093519513e+01,-6.067680081486139798e+00,-3.155140192684675160e+00,-1.127249380036199966e+01,-1.259578461856028753e+01,-2.663136414704426969e+00,-3.567131059786114999e+00,-3.709561175845217829e+00,-8.786965223417341875e+00,-1.272281635795702037e+01,-1.286096752275421551e+01,-1.243465664301465701e+01,-1.756651237521957398e+00,-1.097442052762369613e+01,-8.832446440028911994e+00,-1.768154367265284321e+01,-4.846125030103426212e+00,-3.623894583047690521e+00,-1.410401062231568758e+01,-9.151183246746475319e+00,-9.493934220707295424e+00,-5.461878644913999992e+00,-1.944967894135158204e+01,-6.636204249588527837e+00,-2.079085090974124750e+00,-8.527362328126935509e+00,-2.126847078296886195e+01,-1.070675239955119151e+00,-1.043059681323998511e+01,-1.286217343499587784e+01,-6.790983946917047653e+00,-6.296398628433311551e+00,-9.195980584905703026e+00,-7.209041926332901085e+00,-6.371328937127663572e+00,-1.633277551185665288e+01,-1.282002446807314833e+01,-1.199240048195122021e+01,-5.758306955238844616e+00,-9.840846480133938812e+00,-8.002082369435299825e+00,-5.754103284476398628e+00,-1.279158538269255185e+00,-1.650811871064761682e+00,-1.121177135421272020e+01,-1.102233234789762761e+01,-7.522989331605876906e+00,-1.175558902389061089e+01,5.741553126629370674e-01,-1.471273846486301551e+01,-1.291312461046111792e+01,-1.203259382951671697e+01,-5.519885573047130123e+00,-1.667196389303066084e+01,-2.399081848287904251e+01,-8.477419176834740000e+00,-2.050822545368767535e+01,-3.731431455032439715e+01
-9.140924639006088981e+00,-1.506592737836564488e+01,-7.059086378162316322e+00,-1.184606371575721084e+01,-9.848127036733247408e+00,-2.713614353023706016e+00,-9.953197404171154616e+00,-3.964732735718359269e+00,-1.646693917198618706e+01,-2.214191677447826123e+01,-9.495639797723979925e+00,-4.041661333161394865e+00,-1.930609683445194946e+01,-2.437780055667550272e+01,-1.005806335360075110e+01,-8.880731313256985615e+00,-1.568330890509322728e+01,-3.328237014427096341e+01,-5.665619007057780543e+00,-3.536207118779346903e+00,-4.930908649714291769e+00,-1.897066753773563264e+01,-1.224329406220283367e+01,-3.568246503998353969e+00,4.099473957751562647e-01,-2.638992716129392235e+00,-8.109562879403199531e+00,-7.151317423257346206e+00,-7.257565049284000480e+00,-4.415784955360896546e+00,-2.239275074242356567e+01,-3.736541241668253299e+00,-5.934806546168081454e+00,-4.077655103952886328e+00,-1.976510342384817065e+01,-7.068384812883511614e+00,-1.634029682778246895e-01,-2.979293449518381465e+01,-2.553582742799639504e+01,-1.169787403859447572e+01,-2.278299755759334388e+01,-1.482217296440927257e+01,-7.220030820351663436e+00,-1.081345931233902924e+01,-8.649319145697688782e+00,-4.753273216955511415e+00,-1.931770534099429781e+00,-9.830765745877767969e+00,-4.091619749534400441e+00,-4.516471833806171787e+00,-1.200991138751897047e+01,-2.329303497197566131e+01,-1.350930890879712720e+01,-7.778683954369190801e+00,-3.730115735061858562e+00,-4.784237043782344045e+00,-1.510963350088208657e+01,-7.299630130297601660e+00,-1.368719115219077231e+01,-2.413443039137133539e+01,-1.384359385604712500e+01,-4.414050651445678319e+00,-1.506482567714853715e+01,-2.199880385285261752e+01,-2.317303124804593040e+01,-2.107100166711725819e+01,-2.506923957661246760e+00,-1.217165780391682617e+01,-7.436474818249871888e+00,-1.409727326237117673e+01,-2.252503063596811472e+01,-1.576779057137187223e+01,1.620572487199838152e+00,-5.954313218305681943e+00,-1.092972472037677001e+01,-1.985423695225030016e+01,-3.789749734502301681e+00,-1.103237109029392649e+01,-5.559337449895400241e+00,-3.851348212686753758e+00,-2.782248695713099185e+00,-3.553724544918290817e+00,-1.838293474697962182e+01,-7.470912872441267893e+00,-6.905541473672719199e+00,-2.949883840751631681e+00,-1.026538185413787474e+01,2.108454168047091848e+00,-1.026376920944237625e+01,-9.329794336830635970e+00,-1.021447762198534015e+01,-1.631220355272811418e+01,-2.524600393336120163e+01,-1.949317193964652617e+01,-3.059757396152588349e+00,-1.733483028399655979e+01,-7.505401628731150687e+00,-7.662715993525292646e+00,-1.451058233159247379e+01,-1.579226263936900132e+01,-4.205810070159629710e+00,-1.271711848806670986e+01,-3.284797665562664548e+01,-2.156638265851000469e+01,-8.954292093229524241e+00,-3.048256528302965762e+01,-7.053418030497976332e+00,-4.426705238284975863e+00,-2.304001749366225038e+00,-1.436069787760990479e+01,-1.303896727749065576e+01,5.125359343651172406e-01,-3.401279576685141848e+01,-6.408423986877625822e+00,-1.647700713435226305e+01,-7.736368089717513552e-01,-2.431910008188798145e+01,-3.557582549206177447e+00,-1.836550708324510062e+00,-7.118724464454464496e+00,-1.700228512950362969e+01,-1.448269532415796768e+01,-1.304551411429964780e+01,-1.144549035969588147e+01,-4.435646257825931116e+01
-1.372155261981300001e+01,-1.151609514230029419e+01,-7.491859222005434304e+00,-1.178717122135996220e+01,-3.546163052338696886e+00,-1.969164950656728053e+01,-2.368241188991839152e+01,-1.601892915480810231e+01,-1.744698097646414325e+01,-4.431224991980739958e+01,-1.010198502691636691e+01,-4.637578929983151355e+00,-4.321995139588068469e+00,-1.199641156771101791e+01,-4.411063562349685441e+00,-1.014582834445849890e+01,-8.561816091273575680e+00,-3.160281768084292153e+01,-1.264602885133413679e+01,-6.984528955023680652e+00,-6.210897558325725321e+00,-1.014487726551512026e+01,-3.845864043292568812e+00,-4.832900079640497282e+00,-1.026217640927679575e+01,-1.974917843743430979e+01,-7.282255340017980139e+00,-4.396667941674967217e+00,-1.651957677044966744e+01,-4.986404260756366114e+00,-1.676415851847251659e+01,1.971695350030567839e+00,-1.026787990173222553e+01,1.019344060208274394e+00,-2.368069425480300794e+01,-5.526351125536532294e+00,-2.773717568579490145e+00,-1.487895334742112041e+01,-2.560717934231878701e+01,-8.290673397713536730e+00,-3.556536317876135556e+00,-4.689167387353140981e+00,-7.421128557001805959e+00,-1.356060539854782476e+01,-3.811248956272065946e+00,-9.061459026930554828e+00,9.478552586129593838e-01,-2.770527446011122219e+00,-8.169304445909444823e+00,-5.230788126269909633e+00,-1.283939514620938382e+01,-9.939339501857027415e+00,-1.849636992282843195e+01,-2.697996289059795494e+00,-6.219144665248888870e+00,-7.879215721970833641e+00,-1.137109596018539825e+01,-9.713685515248954516e+00,-1.827793239962524297e+01,-1.876167094292034321e+01,-1.940307533900976100e+00,-2.092478100283567954e+01,-3.434127178805197467e+00,-2.114963749111474911e+01,-3.100920318222401306e+01,-1.762951198141979603e+01,-1.079450193510955103e+01,-1.111651655844728737e+01,-6.393208456885727031e+00,-1.403239787531763838e+01,-2.721632385432679513e+01,-8.992505326311784231e+00,-5.475338372139516352e+00,-1.339238961936925776e+01,-2.079741446843735986e+01,-2.613147305344059479e+00,-2.635873440036342163e+00,-1.758235105582313551e+01,-9.388272195804274745e+00,-3.444255814145539940e+00,-1.478132354841279472e+00,-8.255899243036282087e+00,-1.878183039796067888e+01,-3.722627139710931843e+00,-9.250600006875327352e+00,-1.099539356683067481e+01,-6.481509343939531043e+00,-2.573429112727299994e+01,-7.158738985993955417e+00,-1.597224422422487855e+01,-3.881693569550888512e+00,-9.340103079767805738e+00,-2.923989195251416007e+01,-8.725136365840498343e+00,-1.761842762903578574e+01,-7.148123663165357300e+00,-1.056019122946533884e+01,-9.264242478208918996e+00,-6.463238570981848952e+00,-1.529753282804709968e+01,-9.174163120642637281e+00,-2.204081887122342209e+01,-1.170123739720938083e+01,-2.699093379509739066e+01,-1.247285454173984576e+01,-1.939534461508647567e+01,-5.506624700451192567e+00,-3.691177932892242275e+00,-3.480837253076872528e+00,-1.048984192467049503e+01,-1.315455651454266750e+01,-2.718348621003102927e+00,-1.472048970990270433e+00,-7.083038664418170427e+00,-2.849535168490357151e+01,-8.918775898993732909e+00,-1.310101963031538830e+01,-4.110369828318576779e+00,-3.670858812134017324e+00,-1.083905411914950712e+01,-4.001048029384825178e+00,-7.805895463233185616e+00,-7.281862392158443775e+00,-5.705226737726738051e+00,-2.613597760843568452e+01
-2.547058901469151593e+01,-2.200479335690550542e+01,-9.626208345853450865e+00,-1.130581389645733026e+01,-9.039876801021556219e+00,-2.148849193436356941e+01,-1.796763796279814329e+01,-1.718492093680131561e+01,-2.067285381167130787e+00,-1.134319685182428650e+01,-1.276522582081522028e+00,-9.637150997686289244e+00,-5.073222396372320198e+00,-1.070146326393149749e+01,-1.435741236177722691e+01,-1.625615497079066074e+01,-5.415538119024994046e+00,-2.835774882853381484e+01,-5.111725005556330359e+00,-9.308568524597426119e+00,-1.765309534164131477e+01,-1.516461306970795242e+01,-1.238132201322322956e+01,1.522925773625412926e+00,-4.393060589591256671e-01,-5.091922448469269114e+00,-8.672224201636595353e+00,-8.082327789564009990e+00,-2.793309951647536149e+00,-3.653303896201763212e+00,-1.271924072188252097e+01,-3.463258531412301000e+00,-9.670052674660752245e+00,-1.563297133147594664e+01,-1.507122612165954578e+01,-5.979854694204944643e+00,-1.108261221394597662e+01,-1.011835141893767442e+01,-6.632786363154536957e+00,-1.082744396737516546e+01,-1.212358362368027542e+01,-6.387540235599267646e+00,-2.060450301805023443e+01,-3.532543501248725448e+01,-1.404947175477117050e+01,-1.428438479886108503e+01,-1.597488225342275969e+00,-1.098596072220728459e+01,-1.363984303501116457e+01,-3.938451549476700730e+00,-2.876296522040815873e+00,4.044104064142792776e-01,-1.546432206985453739e+01,-7.758307167293623241e-01,-7.069571992220359036e+00,-1.608930583512287349e+00,-1.727636098004745158e+00,-6.087821515437631170e+00,-1.149047833663571083e+01,-1.994778273839513005e+01,-8.181799025555877236e+00,-1.423769308085243601e+01,-4.984146147205852806e+00,-5.083140393194572226e+00,-1.388114559101808254e+01,-3.237239438250690160e+00,-9.441099238536502014e+00,-4.670639076787988841e+00,-1.218255556419393493e+01,-1.928794162179738336e+01,-1.392382945797152338e+01,-3.792133811227342388e+00,-4.108795640157937967e+00,-1.875538784170418438e+01,-6.032825005777037397e+00,-1.700326104447407172e+00,-1.069700585938430137e+01,-1.633622725474662474e+01,-2.981046573687117274e+01,-7.054968880892627858e+00,-2.308879314894939583e+00,-1.333951887560036198e+01,-2.792047803880489454e+01,-1.576594222297847381e+01,-1.694075508345087044e+01,-1.264428537316210210e+01,-4.231577442438279490e+00,-3.427445753947589324e+00,-1.102495612449410700e+01,-3.916070345782291628e+00,-1.313599432279313817e+01,-9.676115214610016224e+00,-2.141426622939454916e+01,-2.338362778141669374e+00,-1.161351613547831896e+01,-5.790679358126063825e+00,-1.681568897276950736e+01,-2.355154107358726989e+01,-4.259663120677206649e+00,-7.010154996043326037e+00,-9.247052299449482149e+00,-2.287357631647541112e+01,-1.039173239175875629e+01,-9.080037589043584489e+00,-1.538242197923269572e+01,-1.101998986779161882e+01,-2.678244057834114900e-01,-1.352550522197330807e+01,-1.115724825135406384e+01,-5.040144624237897553e+00,-2.584755457511783039e+00,-8.532076615916778906e+00,-4.325746270395274706e+00,-1.667048218005783511e+01,-2.132259544982046506e+01,-1.108366160486889385e+01,-1.872468644047763142e+00,-7.112917933907506374e+00,-1.289684698045457978e+01,-1.362078568720885841e+01,5.300668957954507085e-03,-7.256559988819372364e+00,-1.445667195474227462e+01,-6.279047271536500219e+00,-3.786045636353681232e+01
-3.898422456585318230e+01,-1.317259010808088959e+01,-1.835693639874425998e+01,-1.520608214519556256e+01,-2.484802871067296692e+01,-2.026309386945497337e+01,-1.560031368054044876e+01,-1.327463583564410676e+01,-4.006585768467166853e-01,-9.816750520090490539e+00,-4.193502754569350621e+00,-6.712664532427591979e+00,-2.038082837470935971e+01,-2.966952044742005690e+00,-1.672806785662928775e+01,-1.452346654983183072e+01,-1.104898781664036633e+01,-4.988189820855192025e+00,-4.211565487969469501e+00,-4.665849329047999205e+00,-1.751285474632657468e+01,-3.045632178843869298e+01,-2.450552631930548486e+01,-7.760368456895456291e+00,-7.760290123124440331e-01,-2.361962893204607283e+00,5.086355363797580020e-01,-2.240162128937395281e+01,-1.432432354310013478e+00,-2.290544799676003151e+01,-1.337667782258683324e+01,-9.493354153023288333e+00,-6.548167738826936590e-01,-1.397417627838750676e+01,-1.947257779281783741e+01,-3.278568377018644231e+00,-2.895180409198135685e+00,-1.218451687933032979e+01,-4.352806265374532302e+00,-9.739499556950166337e+00,-2.682633037782771179e+00,-1.226641338571665685e+01,-2.136044334764672570e+01,-3.296307996506223503e+01,-1.214342890163220900e+01,-3.436457559307344667e+01,-6.014616687360518021e+00,-3.636407283570945737e+01,-3.810398553694269452e+01,-1.327000202141658501e-02,-1.116620721079799239e+01,2.339184460446669667e-01,-1.315317580775368711e+01,2.622061695476330390e-01,-1.045566619031407996e+01,-6.031182785209397323e+00,-5.534644161659507233e+00,-5.740310173864779486e+00,6.394099592537978716e-02,-1.002530670673599644e+01,-2.299250922314510603e+01,-1.164243733898811328e+01,-4.731362119468938587e+00,-7.815185498446933110e+00,-6.689378779614650661e+00,-6.296420784948720595e+00,-9.268748694790778231e+00,-5.403350954637780923e+00,-1.133841299877710718e+01,-2.134549615909486775e+01,-1.092921813375251716e+01,-6.295073221268200570e+00,-3.037760036902693805e+00,-1.377684466561974475e+01,-1.274095260624376991e+01,-5.645845434768484772e+00,-1.499833179399486127e+01,-1.762913332356699314e+01,-1.892913078373108604e+01,-8.580163822073343383e+00,-4.091998597589810771e+00,-7.821710849936481580e+00,-2.194029563165820917e+01,-1.798636616938417987e+01,-2.284022776437715763e+01,-1.446122983531971684e+01,-5.538008733600614519e+00,-1.488097936763634666e+00,-1.675345527307572580e+00,-8.202012068219522334e+00,-2.894464477759846943e+00,-9.451352431255724440e+00,-1.069648816849110418e+01,-1.258482398899399790e+01,5.649806048130930902e-01,-7.141202108354994138e+00,-9.785389490518701550e+00,-6.417260441156517281e+00,-1.417612355889166231e+01,-3.519152303352846900e+00,-7.637707760311447380e-01,-2.109562027574244780e+01,-6.923787591762896376e+00,-1.338959709612170590e+00,-1.388600662411846898e+01,-2.487284566359979188e+00,-2.810981844488875669e-01,-2.438404189880234796e+01,-1.860249478821786440e+01,-3.420606414251159411e+00,-1.019796066729309736e+01,-2.641786917335623208e+00,-4.614991602927762671e+00,-4.902801658862044221e+00,-2.503780196266944813e+01,-7.220848755809639030e+00,-7.278469372017214667e+00,-2.362789385366372397e+00,-2.567366981411174720e+01,-1.346058741464959851e+01,-1.237162283142866670e+01,-1.772040809596071398e+01,-1.597296576350089836e+01,-1.716863785415196020e+01,-1.810874168435281462e+01
-1.984785415429729838e+01,-8.390084445085751241e+00,-8.345429982774470901e+00,-1.763971468270263543e+01,-1.887276782098486905e+01,-3.419377573762515965e+01,-1.034040173736575419e+01,-2.284809991464686441e+00,-2.806003355824246981e+00,-1.070416776238983836e+01,-4.327256817521871746e+00,-1.076582476559503476e+01,-2.073377902006753715e+01,-2.289072947400128122e+00,-1.424268680914975782e+01,-1.899487464316034746e+01,-1.102316774628932805e+01,5.651729828986552517e-01,-1.470280252118323361e+00,-4.023430688010019018e+00,-2.464870964531767683e+00,-4.269579982213143410e+01,-2.086312786102442374e+01,-1.030541099170406660e+01,-1.339926826942516591e+01,-3.412158519631033116e+00,-4.262013749890758874e+00,-6.588874190529948827e+00,-3.739742589726433142e+00,-5.282575122794309408e+00,-1.876702001328906277e+01,-1.725213977133051557e+01,-9.715586995293110206e+00,-1.442885966568715084e+01,-1.790184571799895963e+01,-1.053330561527532572e+00,-9.375095958215526437e+00,-1.815272995061678074e+01,-2.965567321060699868e+00,-1.076596955488835938e+01,-2.937675044693219917e+01,-1.709754212207612412e+01,-1.102460848330754217e+01,-1.752342385344708475e+01,-2.827932239029903094e+00,-1.657961072567367466e+01,-1.147620859164428708e+01,-7.929439043906483242e+00,-2.567544226141272290e+01,-1.670448652166848458e+00,-1.636215116324811447e+01,-1.168065139828533461e+01,-2.592180938285900282e+01,-1.393833233897516877e+01,-6.416028109880502761e+00,-1.155327443501496809e+01,-5.531995974664514648e+00,-1.022358885243476223e+01,-3.610639108277182263e+00,-3.366848910530810812e+00,-1.128594223585779588e+01,-2.203809395420755024e+01,-3.993195991007524093e+00,-2.590773096597656533e+01,-9.441286335262478957e+00,-1.406399687830402101e+01,-2.737488108910984508e+01,-5.467383861157060210e+00,-1.133717003920066624e+01,-1.850226872645465903e+01,-1.037937426864989909e+01,-1.253255432589196872e+01,-7.327167356973878221e+00,-5.956233239323848183e-01,-3.300958857508875521e+00,-5.298272481085718688e+00,-1.988636648096638382e+01,-1.235637300192363774e+01,-8.100216775143637804e+00,-8.673142950239210336e+00,-1.092703503982608382e+01,-1.701383452300008869e+01,-1.056095862625487491e+01,-8.110651669503445405e+00,-5.161116676183486796e+00,-1.051072061921352052e+01,-3.356632581828312034e+00,-5.528273755580302762e+00,-6.703816424343552960e+00,-9.798601727866756761e+00,-6.469196185925158105e+00,-1.282411566095344924e+01,-3.816817588939335870e+00,-2.067371868008979163e+01,-4.792571540385717199e+00,-4.057902630590083604e+00,-8.893888323619663083e+00,-5.154895521823458893e+00,-9.872370146328794505e+00,-1.582802992022427979e+01,-3.893177908548475230e+00,-3.764868831233006574e+01,-1.363990055463711037e+01,-1.479428411832597234e+01,-9.394828839236359030e+00,-8.796467598509273955e+00,-2.706358205467310540e+00,-1.894772396132435333e+01,-3.009666645740504975e+01,-5.357339812202989160e-01,-1.243491267485948804e+01,-7.728313747793775335e+00,-1.153565933182744807e+01,-8.312008595303822744e+00,-2.604317613966259870e+01,-7.090661671174181890e+00,-3.825130673351058608e+00,-8.037530868135732698e-01,-1.319219957322997949e+01,-1.778205851441278540e+01,-3.216099325254805130e+00,-9.370480577616067563e+00,-3.033983857116179195e+01,-2.262795461312656897e+01,-2.084482807036986429e+01
-2.199537638852769561e+01,-1.823178328185011665e+01,-5.167630643143612090e+00,-1.736096740983246534e+01,-5.275121243095930446e+00,-1.687504425037608513e+01,-9.101360883084911535e+00,-4.403174512444959277e+00,-3.081215835382656643e+00,-2.827554722154864031e+00,-1.457895213066821327e+01,1.315273200006134013e-01,-2.214357724193521282e+00,-8.666647363322420361e+00,-1.137189159814198547e+01,-1.813610687323100734e+01,-3.077622758842371908e+00,-3.583809122414262749e+00,-1.149657467998318339e+01,-1.096132522968138900e+01,-1.223311458903168436e+01,-1.621170754175576079e+01,-4.668939649601880681e+00,-2.807721749050909210e+01,-3.109609141655719355e+01,-1.086305538852494124e+01,-9.634763257617764864e+00,-9.795290289672104578e+00,-7.089347358241173680e+00,-3.924015999826562684e+00,-1.490195313997805471e+01,-1.221489936662552189e+01,-1.993773986831491740e+01,-2.357860718334762495e+01,-2.839672763705931047e+01,-2.624122597249341382e+00,-2.682062598844191115e+01,-5.283309550149692946e-01,-7.709867817847322335e+00,-2.199817223471905336e+01,-8.335668885972113529e+00,-8.141295020940980010e+00,-3.397244639405190725e+00,-1.337746786828332901e+01,-2.425060772905549999e+00,-3.216266695407041798e+00,-7.703300977522770765e+00,-5.275840257147192958e+00,-2.470226450495891868e+01,-1.013483194566344103e+01,-3.519355254843566261e+00,-2.133788400103456695e+01,-2.880038301808236501e+00,-2.146440434059188362e+01,-8.149562710667694887e+00,-1.958429100084217556e+00,-7.030959673218054817e+00,-3.364510627684693844e+01,-1.633572856950812024e+01,-1.104576764332207262e+01,-1.504650882251974231e+01,-5.798365434979755761e+00,-1.799257502254670982e+01,-9.610261146677705479e-01,-9.668669737421932808e+00,-2.313921676929574289e+01,-2.329624437159873196e+01,-1.568431328193011254e+01,-5.345235128271236036e+00,-2.463594673133643198e+01,-2.461397254338941565e+01,-1.178639968673373950e+01,-4.021676210641552451e+00,-8.761594252746501610e+00,-8.926221094330466954e+00,-7.534487702010352450e+00,-1.082063806999307154e+01,-1.860547969647491584e+01,-5.551184562129787281e+00,-1.999825418055750248e+01,-1.453490157998689014e+01,-1.154213522901688371e+01,-4.922077774844141551e+00,-3.089662755421101359e+00,-5.261177405822135000e+00,-6.864766011826672454e+00,-2.021235747114139336e+00,-6.811795496189709809e-01,-8.318317643208088086e+00,-8.927499245027219033e+00,-2.035343270040080199e+01,-4.262897075546627335e+00,-1.795153336796425947e+01,-1.160268613781393654e+01,-9.415824438417526920e+00,8.025182300132256419e-01,-3.246142304833760761e+00,-6.773376302034254337e+00,-8.380232100055701849e+00,-2.734563645467921589e+01,-3.700891643775040762e+00,-7.825942663777929909e+00,-4.621947436372694007e+00,-2.320578325982638290e+01,-9.262522442589425253e+00,-5.453038509821671376e+00,-1.928852879729947567e+00,-1.311390630260485324e+01,-7.824571980726063636e+00,-4.180259948121975100e+00,-2.223739042172877589e+01,-3.356144041528938260e+01,-2.583645355562865120e+01,-1.476741110484904596e+01,-1.606610568435723252e+01,-4.032789187684347354e+00,-1.750591245069771418e+01,-5.979115480439388008e+00,-9.668921733617366954e+00,-2.794816009121326061e+01,9.799860961354676936e-02,-8.976445209683571846e+00,-1.758138596760343120e+01,-1.610180399618944236e+01,-1.994630512627417929e+01
-2.595972808484366823e+01,-2.473502546331900120e+01,-1.061285927916724248e+01,-2.261480298433574632e+01,-2.223606750041169811e+00,-1.622844498116394263e+01,-1.323979658154702754e+00,-9.453265385300198886e+00,-6.426231475031367602e+00,-2.360222099409542196e+01,-1.059564476827219259e+01,-1.163071369804300925e+00,-1.301954301154081284e+00,-3.775444211601507227e+00,-1.429183306680847743e+01,-2.096117660288570050e+00,-6.726043177437210474e+00,-2.363398452225993207e+00,-5.275275291004043687e+00,-8.895266486708566234e+00,-1.279562995439822615e+01,-2.487742721801885182e+01,-6.286673725694421400e+00,-1.156364967816282885e+01,-9.338574971862183105e+00,-7.157566101903274358e+00,-8.062192574708134885e+00,-1.807354475141823968e+01,-4.050925545167538111e+00,-1.230398671286571499e+01,-9.400937203730926228e+00,-1.327531725295540754e+00,-1.291248021737438911e+01,-3.036251718739138283e+01,-1.290549898499126336e+01,-7.669356999754091575e+00,-1.889999354058628711e+01,-6.204619617873042836e-01,-3.879995243434914975e+00,-2.082372778950286119e+01,-8.821372111423052331e+00,-5.815670433094192404e+00,-2.317613204196462107e+00,-1.621319816632563615e+01,-1.432786534422414348e+01,-1.299021368912726082e+01,-1.501034147298422994e+01,-1.243346493986995682e+01,-2.219932673626834330e+01,-1.376558207480966090e+01,-1.073484212772853397e+01,-1.288955862954905740e+01,-6.750771822022629820e+00,-2.422625379409425506e+01,-1.124008401421869863e+01,-7.952876207072706372e+00,-1.923166555661577704e+01,-4.047104569786167616e+01,-3.524856841200469493e+00,-1.746049377914823708e+01,-1.714239289558875967e+01,-7.463971708437984631e+00,-8.990497585313615758e+00,-9.241051114497299324e+00,-8.018737336744628408e+00,-2.461316554863897466e+01,-2.017252148967811820e+01,-3.224249137373726093e+00,-1.428938602884162457e+01,-1.770670288937040127e+01,-2.231163747717131685e+01,-8.519769891039320697e+00,-8.122610620402923587e+00,-3.121876861329127451e+00,-2.815233720244603166e+00,2.205395538824244106e+00,-2.985184779695393420e+00,-5.404391324886769432e+00,-1.124738480198888446e+01,-1.471676728319392780e+01,-8.350644560770069447e+00,-5.438986332760284093e+00,-3.362939021725015909e+00,-3.442268997189421725e-02,-7.182039771100178882e+00,-4.964746831719285325e+00,-8.275747482501641272e+00,-5.310446948323185090e+00,-8.196283365693428635e+00,-1.030660304003174588e+01,-1.156071070501006659e+01,-4.014783393208635864e+00,-1.568834480401496911e+01,-1.381628125986802580e+01,-2.022430655267139610e+00,-6.071983417795163263e+00,-2.359078148405939768e+00,-1.371169870612882313e+01,-1.452185038312133081e+01,-2.542926275529585212e+01,-2.411292619400886128e+00,-1.045253912548907493e+01,-5.628724168169125797e+00,-1.362487419506333097e+01,-9.082735311315369486e+00,-1.507203277413649189e+01,-1.276015391170347346e+00,-6.651330027031940872e+00,-2.917501549600722388e+00,-1.813709639919710881e+01,-2.812984122100750284e+01,-2.360827320968333609e+01,-1.740209745925691109e+01,-6.894137318915586121e+00,-7.699879953548711242e+00,-8.663967926651100271e+00,-5.976876407722043538e+00,-2.047523618096835207e+01,-7.148662465231772067e+00,-8.858993977849689117e+00,-6.208780110714469558e+00,-8.005638561153789468e+00,-5.291196805589263974e+00,-1.466147445090364698e+01,-2.131330438482182288e+01
-1.375153433273014159e+01,-2.469214559956288468e+01,-6.065609547544777769e+00,-1.564327215967219331e+01,-4.534070105038913390e+00,-1.026455685177698385e+01,-1.020851158547598381e+01,-4.569236998754549361e+00,-2.221240832132441501e+00,-4.530428262944604434e+00,-5.721371543109805557e+00,-1.549799162366279903e+00,-1.614893598994894219e+01,-5.041320370047301935e+00,-1.252552358867954041e+01,1.224755091451642242e-01,-1.195585845504491829e+01,-2.100747957419635625e+01,-4.448660058019755503e+00,-5.748017062020585932e+00,-1.015928798233693797e+01,-2.450146103664994612e+01,-8.513307182160069431e+00,-6.416403398052421991e+00,-6.499156685463432837e+00,-1.025443382909552881e+01,-1.074237130694548981e+01,-1.818839869716769186e+01,-5.740568481256987710e+00,-1.612289199391090611e+00,-1.320297416892429077e+01,-1.615535202908540668e+01,-8.519632925727535167e+00,-1.506539197166055821e+01,-2.555002823513999211e+00,-6.183815358368623727e+00,-1.718054510300206772e+01,-1.210391449769581129e+01,-8.885014525014279130e+00,-2.247522171324717277e+01,-8.242344208888628287e+00,-6.243666050965249958e+00,-5.268386143418094747e+00,-1.277448472790486456e+01,-2.173558770425558251e+01,-2.070210936421951331e+01,-1.726453955671710361e+01,-1.271663665143197974e+01,-1.509980600237802939e+01,-2.864769075921622221e+00,-4.116679909770809331e+00,-1.071421248059087228e+00,-4.891257499671620934e+00,-2.065660107209075136e+01,-2.033255036893484302e+01,-2.202190860993366073e+01,-2.162930390164495975e+01,-1.537461416047769980e+01,-7.038016109017886990e+00,-1.712490299755845058e+01,-1.554789335911327441e+01,-1.185353802859003380e+01,-9.731778215535186405e+00,-2.857545742316574433e+00,-2.800346250724994235e+01,-7.113872653434326843e+00,-9.359228394436128085e+00,-1.464643500559321465e+00,-2.916435530267775356e+00,-1.479117884502564451e+01,-1.259039463470099030e+01,-1.219199693962667297e+01,-2.048150054316704072e+01,-9.362465937691119677e+00,-9.675275505932114939e+00,-4.530136679856991422e-01,-2.529172587221013152e-02,-1.477409934849698070e+00,-5.506698246033580268e+00,-2.800659954989549227e+00,-5.301809538048185999e+00,-8.944617187064743291e+00,-1.089048748423818225e+01,-6.610754576232196200e+00,-4.392581412834522858e+00,-2.390007209262936527e+00,-1.862495533385933300e+01,-6.687686231650068258e+00,-3.488897590640612112e+00,-6.181573776664266440e+00,-5.748517743281543524e+00,-1.180862584725695186e+01,-3.523639646058953634e+00,-7.504293246922033589e-01,-1.197243889596107635e+01,-1.317628653001867889e+01,-9.044274090759191864e+00,-2.989685015796467127e+01,-2.111601124505512317e+01,-2.096064174354133769e+01,-1.563890378862436847e+01,-1.116960094258450198e+01,-6.522435171780474050e+00,-1.323546483565729126e+01,-1.214759375459118473e+01,-1.428776986682004235e+01,-1.054723805597275366e+01,-8.490722841932283771e+00,-9.810646679989972085e+00,-1.430666468802834324e+01,-3.991722751863504470e+01,-1.442881872675704180e+01,-1.180947770630957550e+01,-6.215761910221695885e+00,-7.100338558242754061e+00,-6.471848071582916084e+00,-6.428806665659520192e+00,1.763411922963148415e-02,-9.596616873470209086e+00,-1.306995062946577413e+00,-3.359774271944588886e+00,-1.255611514361336667e+01,-4.078434781370233964e+00,-2.257603946873490841e+01,-1.268062000081704177e+01
-1.072033384763291686e+01,-1.244026702247970562e+01,-7.335130094375155174e+00,-8.576518635752968578e+00,-3.428555956909463909e+00,-8.229489333992386690e+00,-1.733950509229480375e+01,-2.843952010795026020e+00,-9.757558034111248446e+00,-8.775299200726998095e+00,-5.276991747506310837e+00,-1.024242998064592314e+01,-4.131901820862882602e+00,-4.070021563139526677e+00,-1.431398669829999903e+01,-4.944560733588573065e+00,-1.205741326107775180e+01,-1.478882232908435945e+01,-4.549086037777707148e+00,-2.904959704796111097e+00,-8.380313802874857387e+00,-1.783699204507693281e+01,-2.792789591907262725e+00,-1.871585284791802195e+01,-1.247113306076661665e+01,-2.182299732719690866e+01,-1.969888055110508773e+01,-1.348971316074059956e+01,-1.307936923890003766e-01,-2.220429476112620204e+00,-2.772136943195837144e+00,-1.177220465002450744e+01,-3.880138012939204906e+00,-1.257568325222396588e+00,-3.455558751923865746e+00,1.540068253722172986e-01,-1.567786409652378410e+01,-1.786353153151076256e+01,-5.947201428835951376e+00,-1.346739939974629152e+01,-1.052613269209942537e+01,-1.271000815801287231e+01,-3.971767024835433091e+00,-2.306452983574672189e+01,-2.095593424212654554e+01,-3.491606296867600889e+01,-1.619207651416928329e+01,8.114193310939920023e-01,-3.199455345367997694e+00,1.404868042888298474e+00,-4.444759616967579596e+00,-1.057724397730751775e+00,-2.908716484450178275e+00,-1.477065593382766551e+01,-1.718256204286456779e+01,-2.757939880770616270e+01,-8.027945298148635445e+00,-7.572516816452921518e+00,-1.197277836806390106e+01,-2.087593090410485530e+01,-1.496949964933692634e+01,-4.004488605954149705e+01,-7.727663101493664755e-01,-1.003130350486620870e+01,-8.994346237849617509e+00,-4.537147818041018965e+00,-9.312995407974213435e+00,-6.051005296088437291e+00,-5.461591701643200736e+00,-3.060657251455407568e+00,-5.201484112694478412e+00,-1.691112572217659427e+00,-8.088980451447733699e+00,-2.068689355163412458e+01,-6.028344711582590776e+00,-1.531312789081072978e+01,-1.321651347556241163e+01,-2.892612730115892816e+01,-4.746527571510660515e+00,-5.688044279368378753e+00,-3.695560600512944216e+00,-7.506496336870904784e+00,-1.539270900171624490e+01,-3.702080761949765098e+00,-7.226873188305475537e+00,-5.418230917421959170e+00,-5.214501820685378597e+00,-9.526556310773223402e+00,-2.754887040282109290e+00,-6.992225996175363889e+00,-1.021148121025087896e+00,-1.253874820793466682e+00,-4.913892354418210928e+00,-3.327457122707372150e+00,-2.441755100042958304e+01,-1.545312051969908218e+01,-1.413285354112857206e+01,-8.283172494377291528e+00,-2.290890458912855010e+01,-3.045781695620579299e+01,-2.917756944763415561e+01,-1.123388872506516734e+01,-1.188320942786331358e+01,-1.799560423130996512e+01,-1.213876435432938372e+01,-3.232443502016159265e+00,-1.630175243784771766e+01,-6.275641588736743159e+00,-1.832792637021487181e+01,-5.922468645542422472e+00,-1.332069771121027557e+01,-1.326642502333251272e+01,-7.371423841258366139e+00,-6.115067430644348434e+00,-6.526369912319585076e+00,-2.826867406788012183e+00,-5.461282521421400027e+00,-2.639321388983606465e+00,-1.096663309393375840e+01,-4.446877574085944751e+00,-5.341509881180350305e+00,-9.516978227164038628e+00,-7.582536159462357261e+00,-7.536863179870163520e+00,-1.898693090939919159e+01
-1.841460454038912431e+01,-2.286760920159607480e+01,-7.738230992917358719e+00,-1.411863610967428073e+01,-1.343546622877745378e+01,-3.192742369881182984e+00,-2.157380412380152990e+01,-1.490379419926703530e+00,-1.503646287480116150e+01,-1.323973012706548502e+01,-8.830186715437468692e+00,-4.946223132859916660e+00,-6.146002138407907545e+00,-4.668399983524635921e+00,-2.362338633318136871e+01,-3.174271078423657855e+00,-1.760407675852085063e+01,-8.233456473264249453e+00,-4.273940500008927224e+00,-1.035892358131240476e+00,-4.282924929653373347e+00,-1.323866766616006885e+01,-1.291556911925000506e+01,-2.768649220419038670e+01,-2.203643155431243983e+01,-1.172379480938323404e+01,-1.604154945138222033e+01,-1.531451494484160492e+01,-4.628028926669617071e+00,-4.969256800813150576e+00,-6.810291825566176627e+00,-8.727441424648704427e+00,-1.290043219725773227e+01,-8.730145223001528620e+00,-5.206756249513732726e+00,-1.222711561336594954e+01,-1.814445827348712470e+01,-3.735523940574689394e+00,-5.314995598719935543e+00,-8.122191418292469933e+00,-6.097596045335288650e+00,-1.307743133600159524e+01,-5.964523061913162394e+00,-1.182728322783865238e+01,-1.905705605034511763e+01,-1.115043514724599838e+01,-1.995016015626161376e+01,-4.171526392652068260e+00,-6.224918487132155676e+00,-3.461378191887143796e+00,-6.309117164845316594e+00,-8.601566338465605810e+00,-2.882915083194738770e+00,-3.231376242082593109e+00,-2.744873838474179983e+00,-7.466231755059248520e+00,-5.563958284950469846e+00,-4.509231081324056589e+00,-4.867256636410845161e+00,-1.403680390922345467e+01,-3.629566803881261183e+00,-1.604651053212230494e+01,1.144707494317960483e+00,-1.463641923975364856e+00,-9.755183126099391089e+00,-1.926241836484687653e+01,-1.210545843455041393e+01,-3.843884920164740926e+00,-9.764806920039504234e+00,-2.974720453881985804e+00,-1.074596186728924607e+01,-5.972839162054972562e+00,-9.275174157606990377e+00,-9.990159323827196403e+00,-1.800950401486471364e+01,-1.306487860895515674e+01,-1.565029121739540408e+01,-1.296893745799478204e+01,-1.586139303291414748e+01,-1.485166645205005409e+01,-1.171074454918116103e+01,-1.201881056595189179e+01,-3.436521506068477549e+01,-9.899393910795653895e+00,-3.939069431348952932e+00,-1.157941859482491398e-01,-6.551793869180182028e+00,-6.050840128545721619e+00,-5.647639729795246311e+00,-7.210699649175991155e+00,-7.637099475287756789e+00,-5.845271524347572800e+00,-1.419426740203102000e+01,-1.610037375274459137e+01,-1.599081492756785750e+01,-1.364987022984582410e+01,-1.009484576610408091e+01,-6.301431349246756852e+00,-1.190384143961397356e+01,-2.037137887596524877e+01,-3.912536417597163307e+00,-8.709731325502939825e+00,-3.501073093231322986e+00,-2.626671435689639367e+01,-2.057456413934566086e+01,-1.763352892541467654e+01,-1.118775758485608307e+01,-1.140254415347674355e+00,-5.818004904169944425e+00,-3.745069918184328994e+00,-1.251483745167288930e+01,-1.112949710353231225e+01,-6.798292670373803581e+00,-5.326544961965701930e+00,-3.811628934679548664e+00,-5.898384135405772000e+00,-1.581472494790421024e+01,-1.285559626086238438e+01,-1.772823111477501712e+01,-1.656841480449274329e+01,-6.172256213814678816e+00,-1.530877463607159861e+01,-1.177497106660373660e+01,-4.426759393406117127e+00,-2.662346662285400711e+01
-2.593537637657063755e+01,-2.316611239248731025e+01,-8.153137094878195157e+00,-1.874543147058555093e+01,-5.448523695634460040e+00,-1.575134712880727328e+01,-1.599413324346312493e+01,2.564229159679034531e-01,-9.234259216509071777e+00,-5.942181540449671395e+00,-5.220683601582011946e+00,-7.714664547521408622e+00,-6.067696794187572351e+00,-6.896930140401714704e-01,-3.447674986880212344e+00,-1.254172186399010158e+01,-3.165636006599706231e+00,-9.109051343084596297e+00,-3.848836165538659593e+00,-9.207427808529622837e+00,-2.623111495948804883e+00,-1.034008751207671217e+00,-2.692530168189318118e+01,-2.948246965014535093e+01,-2.405255493049435955e+01,-7.511735311283109340e+00,-8.349560505439226787e+00,-1.103698060847750462e+01,-2.380894453365872820e+01,-1.226873596268456268e+01,-3.281138400203457817e+00,-1.450059027152102775e+00,-9.026509738256546456e+00,-2.683715695822890623e+01,-8.751024363990950405e+00,-1.052410357537023344e+01,-1.188654969435662068e+01,-6.550180918096634386e+00,-1.694092671514681570e+01,-1.408753108158291312e+01,-7.772687026156538614e+00,-7.171687322287196853e-01,-8.185380289066245041e+00,-9.016252350009816396e+00,-1.166129636668557445e+01,-5.191128254096186723e+00,-1.959435699290146715e+01,-1.504595653449382198e+01,-3.392980178744419817e+00,-3.092235481243406081e+00,-3.511755113370916170e+00,-2.089034157866970443e+00,-4.554699132631917280e+00,-2.621292283125709943e+00,-1.643464175216585588e+01,-5.104775081681967031e+00,-1.213882226716796531e+01,-1.252900661792653203e+01,-1.204984565886277448e+00,-2.326944797719752955e+01,-1.655290854625161234e+00,-7.554123679917433165e+00,-2.618260758411388167e+01,-8.107677024673135335e+00,-1.294642038702261999e+01,-1.531662011104986476e+01,-1.721251557919885755e+01,-4.317783772819069332e-01,-2.373618860927372154e+01,-1.222023531661598206e+01,-1.882170221140477606e+00,-7.339541567314014081e+00,-1.504695314724072297e+01,-3.082608073578628094e+00,-1.505897997561824742e+00,-2.102131609007665602e+00,-5.950240784831963836e+00,-3.070253305373619845e+00,-1.813373024563351876e+01,-1.887080367209042109e+01,-2.171128288818641039e+01,-2.417625228451490216e+01,-1.910131523478166926e+01,-2.792949924327008837e+00,-1.684515503395820701e+01,-3.096253264962940399e+00,-2.776461964087827283e+01,-9.703719848083661503e+00,-8.609075336349377494e+00,-1.559830974490021305e+01,-4.155111515101472364e+00,-4.214801415616643787e+00,-7.458614866019858347e+00,-2.079768730675530009e+01,-9.169421591443114750e+00,-3.763739697488120317e+00,-1.078393060461176667e+01,-2.133257898417424858e+00,-1.230581101378709974e+01,-1.264398809832110615e+01,-2.820492967788204575e-01,-4.595718408602317950e+00,-4.763170091268768225e+00,-1.323860574107223620e+01,-7.550103659443982096e+00,-7.420953409676666723e+00,-8.021053107750370614e+00,-7.061591608629172789e+00,-5.201119844118993640e+00,-9.457115070471433071e+00,-1.361510333971461861e+01,-1.839086497454111324e+01,-3.682457653519335405e+00,-1.527143788026949345e+01,-8.078150758879058202e+00,-9.313732052171877385e+00,-3.223511742723235329e+01,-2.785185300418936194e+01,-1.562455554353703313e+01,-6.289734828517026699e+00,-8.661819087194880140e+00,-9.066985687590676690e+00,-1.671632073486611603e+01,-1.112678612903778408e+01,-1.913638470860568219e+01
-1.264644259809410087e+01,-1.167035114170373866e+01,-1.700080897614869002e+01,-2.795488319484707418e+01,-3.869251427487992778e+00,-1.560036272070422392e+01,-2.037618278254324267e+01,-1.658495780220629934e+00,-1.092694906603219174e+01,-4.809802902475947661e+00,-3.581185926575212175e+00,-1.682489165966870459e+01,-4.302616497031656273e+00,-1.006716798081602704e+01,-8.570971698958516072e+00,-9.811766701472370400e+00,-8.498773747907083731e+00,-1.628218508272188814e+01,-2.159903846242572811e+00,-1.557313784582415650e+01,-8.967309958363762767e-01,-3.976950828402159743e+00,-1.503762690533502422e+01,-3.212293415556330700e+01,-2.868002620525740198e+01,-8.287016668786442608e+00,-8.194475709069344305e+00,-4.767944728659125886e+00,-1.304610106112051859e+00,-4.265938631092873301e+00,-2.944250874876405533e+01,-1.958909791600987660e+01,-6.226607557155004358e+00,-2.800176321324457973e+01,-4.066001961327192049e+00,-3.099361434331303400e+00,-6.780659598840527380e+00,-1.643678617635832495e+01,-2.117569976175033730e+00,-6.391021040442817380e+00,-1.339516364299732842e+01,-4.585037727763991433e-01,-4.477938221083953785e+00,-1.101754222253363480e+01,-1.353999355773517266e+01,-1.130161765335945745e+01,-8.381694902966600580e+00,-4.106694532458659452e+00,-1.147594917649860768e+01,-1.040888792975236399e+01,-1.014609835987397091e+01,-9.704043204663201916e-01,-1.698923079329275865e+01,-1.690931044581895293e+01,-1.159067499010000724e+01,-1.830402119765992097e+01,-1.368494627676981068e+01,-6.440461227271291555e+00,-2.897954851020614786e+00,-8.327432528619802099e+00,-3.646567021229495609e+00,-6.848178680172027022e+00,-1.394342753569985938e+01,-2.320538300266352216e+00,-6.776038351685724770e+00,-1.082604814393227421e+01,-4.296067840729724807e+00,-6.600591801636702449e+00,-2.124908862380452490e+01,-1.680590031222575931e+01,-7.373947285217425929e+00,-5.221370588428300152e+00,-4.742260858854185912e+00,-1.407389235498169633e+01,-1.319233609187647538e+00,-6.410241220496750714e+00,-1.303588874175338574e+01,-9.656885213276604318e+00,-2.077268600849438229e+01,-2.393839702618350884e+01,-2.833473181991215029e+01,-2.418875305946503573e+01,-1.351746320841827220e+01,-4.586133841879904693e+00,-1.402000237397773930e+01,-3.585450168831877171e+00,-2.371579183507591182e+01,-2.680540899477227512e+01,-2.248592590570618199e+01,-4.585948751326672124e+00,-6.608253291904853555e+00,-5.259388546475257442e+00,-3.578821305790198526e+00,-5.760435352255877106e+00,-1.180673888284955453e+01,-1.116748936439045004e+01,-4.730629643143182683e+00,-3.996655873191318764e-01,-1.571312359734786313e+01,-8.477034681412485284e+00,-2.809014882076068087e+00,-6.622846691691237631e+00,-3.776731463119872068e+00,-2.550040346936039981e+01,-6.446190910955779785e+00,-3.829580982879083884e+00,-9.111670597192542687e+00,-1.349071749157700495e+01,-7.253347544419938231e+00,-6.592087129383576993e+00,-3.567331218899303824e+00,-1.802741392288762512e+01,-5.779857421779894810e-01,-7.805296347272348001e+00,-1.434530867137291921e+01,-1.285239305177788616e+01,-2.379878185526582612e+01,-3.389645752014357072e+01,-1.725552634218929526e+01,-3.867433822509735553e+00,-4.470598711838508876e+00,-1.264494833498660320e+01,-3.049105729439287416e+01,-1.319746757997607922e+01,-2.428665581217068237e+01
-1.197106629494484054e+01,-2.083533113060257236e+01,-8.062876674867144544e+00,-1.785841383013332972e+01,-1.720632053618558999e+01,-1.843370014295112469e+01,-2.410221071832609141e+01,-4.928271768910012618e+00,-1.064919437481426812e+01,-1.088169811873749104e+01,-3.862354846323377139e-02,-2.220636413772929529e+01,-5.579072436227812126e+00,-1.085226555020731709e+01,-2.966668530146570859e+01,-1.633044636444370568e+01,-7.157786470734356143e+00,-6.801249053251844146e+00,-6.204711712490462716e+00,-5.093458883215626898e+00,-6.747498526023845145e-01,-1.986156247859311819e+01,-2.528490368172673364e+00,-2.946473342216638969e+01,-2.134354930283573992e+01,-1.039819131221737969e+01,-5.310041226512951518e+00,-6.750023308771920583e+00,-1.046598549087901731e+01,-4.338392516860198889e+00,-3.533262412334305225e+01,-1.639256890950168710e+01,-1.461827033498483175e+01,-2.742089992486153349e+01,-7.581469289536157952e+00,-1.232931084055790727e+01,9.005588756843019294e-01,-4.452191326109883995e+00,-9.672366745638008467e+00,-6.849974757423542115e+00,-1.218887785243646782e+01,-1.019375529415017212e+01,-8.546743316920832001e+00,-1.347568071082081609e+01,-1.526163678763203180e+01,-2.688776150083961092e+00,-7.145703756039894827e+00,-4.708981841673527402e-01,-1.821792287831292612e+01,-3.619587861242822413e+01,-1.600453296269570913e+01,-7.723406335243153009e+00,-2.827704802049239241e+00,-2.102959039098585947e+01,-2.202716973549660651e+01,-2.824397505775039363e+01,-2.104694825491790766e+01,-7.083694534894982908e+00,-7.713959488469894765e+00,-7.798957697734655581e-02,-1.575370835140460279e+01,-9.813551663690734728e+00,-2.025511006719871432e+01,-3.026431945283597713e+00,-6.499200151643909074e+00,-1.273479575449559320e+01,-9.387649034589060193e+00,-1.245444506117161509e+00,-5.880328030955320529e+00,-1.433579384324994876e+01,-3.175870211331329074e+00,-2.524314928781120626e-01,-5.978693269304118374e+00,-1.392438659630880338e+01,-8.920106724324083913e+00,-5.500294508829048912e-01,-9.196210793137495898e+00,3.007217826824616358e-01,-1.050144218601801782e+01,-1.917558613815691615e+01,-2.035062358159310136e+01,-1.669984979092913591e+01,-6.106730687466212615e+00,-2.273700851442001514e-01,-5.484521309101792141e+00,-8.090365912556880090e+00,-1.194225851985965470e+01,-2.170472911816032280e+01,-2.074758526182670693e+01,-2.204672342805383600e+00,-1.285070123307753676e+01,-2.591405033872294261e+00,-9.933418338555233262e+00,-5.882814723649333999e+00,-2.114917931284651331e+01,-4.673683134914300652e+00,-5.597171007504091023e+00,-4.862745874954821801e+00,9.644781815654711599e-01,-4.209210738853038869e+00,-9.846096163658213385e+00,-1.862471994373456896e+00,-2.015038030008653447e+00,-1.378645156990502585e+01,-3.442622164515065197e+00,-5.956964988808771011e+00,-5.828638857774168791e+00,-6.426370444084956723e+00,-5.626768954150305646e+00,-3.639537597462472740e-01,-3.162360750974255730e+00,-2.992787427239101294e+00,-2.005302350764821995e+01,-5.904982075063520242e+00,-1.803759988596402764e+01,-2.453151023355599136e+01,-2.708985164519227595e+01,-1.649469341337936257e+01,-1.330055529042143014e+01,-1.464695475253529899e+01,-6.202722826452924387e+00,-2.459213711317244133e+01,-1.252751739210780535e+01,-1.162274603565114006e+01,-2.552029504057142617e+01
-2.355721300794756701e+01,-1.912015741697812032e+01,-5.989373125847553325e+00,-2.755456744254622237e+01,-2.392431385402188937e+01,-1.621382293902424720e+01,-9.038314362337438013e+00,-2.261028802236406321e+01,-2.689466047894697454e+01,-3.408841997542060653e+01,-5.728781792537303019e+00,-1.290276962858354537e+01,-2.941571860116019366e+01,-1.735786043732600348e+01,-2.211221744787466292e+01,-1.705070267321648458e+01,-1.082264468019735609e-01,-8.328252373360275129e+00,-3.173523019618554208e+00,6.586291229252422275e-01,-1.343247769317921581e+01,-3.697003604265374577e+01,-1.234599084452752349e+00,-2.101132225337635973e+01,-1.042102127256900879e+01,-3.753720387599872144e+00,-3.882697736549505674e+00,-1.043357890550413059e+00,-2.159305005235822961e+01,-2.243792615326782780e+01,-1.945223491451123010e+01,-1.451421926332763412e+01,-1.018427785260646701e+01,-2.683264598399743761e+01,-2.274241454454823241e+01,-3.004789329927204378e+01,-2.132684689667382116e+00,-1.556334809270990327e+00,-6.504607252973357845e+00,-2.334586656498387924e+01,-8.199269506259238227e+00,-8.776653394928178642e+00,-2.277607796615801306e+01,-8.442256968731109978e+00,-1.159058394319424323e+01,-1.250810777404226037e+01,-4.620087659967225591e+00,-6.558664285940855265e+00,-1.133949155741242976e+01,-2.725983933196916098e+01,-2.151087050457054417e+01,-1.617738824708955647e+01,-9.702383224323599009e+00,-2.432251972912836990e+01,-2.020525840080608404e+01,-1.068329249070020026e+01,-4.451802472386271248e+00,-4.908138534608759151e+00,-1.012919393264493273e+01,-8.346505830847279483e+00,-1.683758438945493197e+01,-9.131491292963691109e+00,-2.533083400132041252e+00,-5.055450818938806101e+00,-3.735263396759792798e+00,-3.324221569904735052e+00,-4.751794482816023901e+00,-1.654308937831105197e+01,-1.090052203260598063e+01,-2.252037547074218082e+01,-2.581801322653492381e+00,-4.378057719932002101e+00,-1.301474864968034240e+01,-2.001461785529601656e+01,-2.019741045586892625e+01,-5.756673501565135354e+00,-8.897410897345249481e+00,-1.790426765044527357e+00,-4.724443124880664868e+00,-3.891533758586768954e+01,-8.473333331312852934e+00,-8.988401577604868464e+00,-6.058760309679866118e+00,-3.113442399519761317e+00,-2.346537003148694733e+00,-1.023688896550472016e+01,-5.086625656667576934e+00,-2.997173823899499467e+01,-7.310074184228884775e+00,-2.831731779817387107e+00,-1.036313589165672688e+01,-8.708858964149017723e+00,-1.359730163124743285e+01,-1.269678879026734819e+01,-1.075116593799671705e+01,-4.061032740382383821e+00,-9.747276338867143508e+00,-6.862387046642387745e+00,-4.969152066796132416e+00,-1.299912683144981784e+01,-2.403316246932906353e+01,-1.042619963823263340e+01,-1.194368733558517981e+01,-1.688073294279850245e+01,-7.726908588006242695e+00,-1.118750393163946555e+01,-5.292781934407755351e+00,1.043738340800770895e-02,-8.637931971942114373e+00,-9.518162218402272501e+00,-1.874176099411562291e+01,-7.938741473492878953e+00,-3.085645329479144827e+00,-9.865327929044163113e+00,-2.132715836378669394e+01,-2.717600958227919250e+01,-7.393827840084512104e+00,-1.391146562147999788e+01,-3.716035853934773314e+00,-3.181136199189374736e+01,-1.868112327899025615e+01,-1.745325476469826498e+01,-8.613094247837922879e+00,-6.325620720400523034e+00,-2.973995698364122475e+01
-4.502736774059663816e+01,-2.230257023952438544e+01,-1.476394860082908700e+01,-1.788334746919310447e+01,-2.558784663809147375e+01,-1.579449468787546174e+01,-3.060026751441364823e+00,-2.287263800266524072e+01,-2.797015758132880947e+01,-2.341581064242623000e+01,-2.404650119135066788e+01,-2.200278283503052279e+01,-2.552242548220976914e+01,-3.127280726561005864e+01,-3.050330166193866788e+01,-2.067340673092528647e+01,-9.962559813665244235e+00,-3.129949390876804571e+01,-7.844339180572809767e+00,-1.170791634625011901e-01,-1.789178167108210005e+01,-2.354890471863551582e+01,-1.012607744799947795e+01,-1.996544985300229769e+01,-9.039139584984830833e+00,-1.236545232515566539e+01,-9.263712346702764222e+00,-1.021445989363486184e+01,-1.923105689796693341e+01,-2.371568951179705209e+01,-2.956938848654922225e+01,-1.044273285522456796e+01,-5.684712109666901547e+00,-4.481778547705373228e+01,-3.143612793451305265e+01,-2.342891059591691771e+01,-3.144873938157011661e+00,-1.708218778078195754e+01,-9.711135471172761768e+00,-2.960808953160104195e+01,-1.225985813853062467e+01,-1.294165770090870815e+01,-2.210798664424471838e+01,-1.369606721342742972e+01,-1.644476953305264288e+01,-1.862476566827100299e+01,-2.127957799497567493e+01,-1.098450330095201011e+01,-7.181008814928904194e+00,-2.628594282894797374e+01,-2.505180379890959586e+01,-2.096119014363500099e+01,-2.866169500753267840e+01,-4.719941729819670684e+01,-2.978240357850986086e+01,-8.712361014715439111e+00,-7.421271311582824382e+00,2.438923364590577791e-01,-1.694517799496544086e+01,-2.710297694461152673e+01,-1.832798001290779766e+01,-1.017520857867716799e+01,-3.080116996651796946e+00,-2.388730539139863662e+00,-1.270433949586046296e+01,-6.412466881558288812e+00,-3.930191378381886924e+00,-1.508772743248238069e+00,-1.588402176865022319e+01,-1.527106279408847556e+01,-2.535757748759329466e+00,-1.341321829604080307e+01,-2.544537643976613595e+01,-2.386387860521963944e+01,-4.364193787749385223e+01,-2.201950917088978699e+01,-2.881616154150267839e+00,-1.686966128762830053e+01,-7.698560774320024613e+00,-2.571433561819611668e+01,-7.490710690260774740e+00,-7.998007225791269548e+00,-1.549039386272213825e+01,-1.233612597218749762e+01,-4.809820966762885064e+00,-1.821975183008002119e+01,-1.058053418804118628e+01,-2.864361796797692961e+01,-6.117522150319784302e+00,-1.630956354025036603e+01,-2.117126624022950665e+01,-2.642686080969278350e+01,-1.784031280470786385e+01,-1.779388255592461476e+01,-1.957901037667283406e+00,-5.252392852295349357e+00,-2.455239910990237107e+01,-2.871155917509185684e+01,-1.454132546807009874e+01,-1.247786877575206432e+01,-2.319061079180170992e+01,-2.461182411758876398e+01,-2.096182352857012887e+01,-1.273547691080689859e+01,-1.620488883091499943e+01,-1.271895062431801193e+01,-6.945896449555960750e+00,-5.936887191424606414e+00,-7.300382304576180204e+00,-1.989772395537562577e+00,-1.438591149714022244e+01,-1.401945351029630160e+01,-2.274250755262574586e+01,-4.736975556591092484e+00,-2.571768606422781289e+01,-3.863179319533838907e+01,-4.374960755095181675e+00,-1.676565986675514708e+01,-1.376768671285524803e+01,-2.350821660847884687e+01,-2.853384575400128398e+01,-4.417549748780175634e+01,-1.384880342913441353e+01,-1.550468783751980872e+01,-2.430643644818590587e+01
-2.426846124108039504e+01,-3.216984228762497366e+01,-1.097697053254079513e+01,-3.551998438855206786e+01,-2.232134036520714204e+01,-1.589040975594681271e+01,-1.913225197855782511e+01,-1.794159925773076480e+01,-2.895337811687311813e+01,-4.418251684134786927e+01,-3.472696373290886385e+01,-2.833225556739641604e+01,-2.862042687381654460e+01,-2.747359844762819492e+01,-2.498646096227450286e+01,-2.908285393829450172e+01,-2.390793774398957794e+01,-2.419269672639342161e+01,-1.807590197020414280e+01,-1.476101924861283443e+01,-2.082851180097567578e+01,-2.829982316368681339e+01,-2.428329539764412459e+01,-1.957184115798717272e+01,-1.531267478578323704e+01,-1.613596398906420504e+01,-3.098709856421168141e+01,-3.204315224977980137e+01,-1.769160074408766548e+01,-3.122101139296857752e+01,-2.407454791915118619e+01,-1.362684339532292022e+01,-1.521096833400596893e+01,-2.318141148892862446e+01,-3.302054774154140659e+01,-2.681782937341528950e+01,-1.638858232547339000e+01,-2.392055061482444955e+01,-2.198872918326072678e+01,-3.321181297308942248e+01,-3.355034081696428672e+01,-2.766578185552868163e+01,-3.981968438497293761e+01,-2.480288701028385034e+01,-2.140604137524490724e+01,-2.766998218110383334e+01,-3.812081056035299298e+01,-1.611154598659709336e+01,-1.561196158452764848e+01,-2.561044481208089962e+01,-2.494602036493928310e+01,-2.709921587252782160e+01,-3.255257966959675997e+01,-2.532276722847671380e+01,-2.752193154334424463e+01,-1.503677690200622585e+01,-1.511769582981460402e+01,-1.024252895000023500e+01,-2.017815304915784225e+01,-2.220752600694999046e+01,-1.772525462431985943e+01,-8.702823436267566493e+00,-1.186055064029645223e+01,-1.675148613868317682e+01,-1.440046471390429872e+01,-1.741180315546955271e+01,-1.334275915801835666e+01,-1.522384676845284623e+01,-1.747906145845517401e+01,-1.462796658839209130e+01,-1.418740133583181695e+01,-2.153522730877276103e+01,-2.134055193643640180e+01,-2.961841596998275605e+01,-2.289808364857437795e+01,-2.153821760243058847e+01,-1.977462511285527569e+01,-1.419761657149761547e+01,-1.874783485737713207e+01,-2.466005861429121637e+01,-1.662721911929894603e+01,-8.306314214316099509e+00,-1.441113701168352534e+01,-2.446383824449354094e+01,-1.460821194466394424e+01,-2.001560800286476294e+01,-2.981548456999060548e+01,-3.385895920331174835e+01,-1.618695499142017269e+01,-1.445700475787549522e+01,-4.406830249789094012e+01,-2.832760880845112439e+01,-3.088762023542547297e+01,-1.943869694937166415e+01,-1.174097949117870598e+01,-1.870537926128794481e+01,-2.782378140241270970e+01,-3.018115536834794455e+01,-3.535157439893585263e+01,-3.208914141157616484e+01,-2.482658605025107335e+01,-3.652422012100376492e+01,-3.890065533501228145e+01,-1.096924881175418065e+01,-1.068135551405747208e+01,-2.056660026851388068e+01,-2.737186513648880037e+01,-2.178369534292461651e+01,-1.495899006678627430e+01,-1.316830870846130352e+01,-1.802138298449127163e+01,-1.762231422262634339e+01,-1.747550033285326521e+01,-1.919067191293298080e+01,-3.241789072223269130e+01,-3.065995742216143327e+01,-1.465067351524172956e+01,-1.183126200310569942e+01,-2.675211849906520456e+01,-2.723375210369658106e+01,-3.240961047623695634e+01,-1.876348151360092942e+01,-2.295664465596489379e+01,-1.997614864253571199e+01,-2.159490063576917862e+01
-2.171472319938255424e+01,-2.315450147053833518e+01,-5.537602320193268923e+00,-2.128379481661813699e+01,-2.281099554539151342e+01,-3.094389128236260689e+01,-2.853928747327724480e+01,-3.683433003098698322e+01,-2.193892828131998129e+01,-2.751003734733216533e+01,-2.714685665618686627e+01,-2.860563761012159389e+01,-2.458136111945050217e+01,-2.599384589006425728e+01,-3.141545134186481292e+01,-2.769042789843038221e+01,-2.708644672027290312e+01,-2.574010403664513191e+01,-2.702288587811624510e+01,-2.645212981926420781e+01,-2.065605380299423999e+01,-2.561429610839863358e+01,-2.375794500377161356e+01,-2.511984926006579499e+01,-2.655055623608735615e+01,-2.740849812324953660e+01,-2.290826236342387290e+01,-3.274148929267716568e+01,-2.874081363638946840e+01,-4.326225933843418403e+01,-2.989643054684957946e+01,-2.744830821488511674e+01,-2.492690072947910451e+01,-3.649765859417968983e+01,-2.891889408466869327e+01,-2.901550980101104926e+01,-3.485512624324448439e+01,-2.501468334888945932e+01,-2.870576327791029669e+01,-2.797678845144865178e+01,-3.381879157551945525e+01,-2.648623369904129632e+01,-3.421037033315845122e+01,-3.568704115033600743e+01,-2.434240842263874072e+01,-4.207553506145153932e+01,-2.968560053273244037e+01,-2.920769071076276902e+01,-2.331124697724603578e+01,-2.781147172176240190e+01,-2.347803796484173233e+01,-2.434004790450803668e+01,-2.556668719115594257e+01,-3.824461804113644803e+01,-3.751410650054756246e+01,-3.138916073191532874e+01,-2.997623035335267616e+01,-2.260494487836567146e+01,-2.638931044825416450e+01,-3.907017428684085303e+01,-3.146649077864810806e+01,-8.518139621281347829e+00,-3.141895984542413345e+01,-3.115603353832126388e+01,-2.946698196521563418e+01,-3.937642890754340641e+01,-2.900709640720486249e+01,-3.197629757424476793e+01,-2.131196448471584404e+01,-2.696473573949919000e+01,-3.516644544908862002e+01,-2.254826051087369976e+01,-3.059628848159456282e+01,-2.812355736147427976e+01,-2.288877120346033678e+01,-2.188245275280703339e+01,-2.663715904681082947e+01,-3.617823195941476655e+01,-2.285885363504080203e+01,-3.282958141841501742e+01,-3.051755483124664892e+01,-7.751612514906893736e+00,-1.178578817374063270e+01,-1.999473724996294521e+01,-2.660858262425270127e+01,-2.953316734228938500e+01,-4.666768474469513706e+01,-2.354609572164036990e+01,-2.268573917535276507e+01,-2.033921658713587988e+01,-2.426333186060180580e+01,-2.651189941921986204e+01,-3.180502036515502695e+01,-3.660343027053443166e+01,-1.960774879331493992e+01,-2.127514205935202440e+01,-2.804916714226315833e+01,-1.984324751209813797e+01,-2.714076844265081334e+01,-1.886925534094211088e+01,-2.643874898472499879e+01,-3.809121078311791564e+01,-3.561674116013071512e+01,-1.732358384907981019e+01,-1.257924909569730865e+01,-2.422482797599518989e+01,-3.001173042094995225e+01,-2.913364693141716799e+01,-2.230873565664866476e+01,-4.504286161121384424e+01,-2.090544781547884057e+01,-2.477822889052195166e+01,-2.703559328834170827e+01,-3.539248141852947072e+01,-2.470223156058027314e+01,-1.950125918446684281e+01,-2.302509694533269169e+01,-2.313026723809834806e+01,-2.755895728839092484e+01,-2.852818519476763726e+01,-2.626487505219382257e+01,-3.816843162651402110e+01,-3.023166328490785304e+01,-3.848431359112121442e+01,-2.396376970774601034e+01
-2.811351055875222471e+01,-2.407862915139454429e+01,-1.075795088461400972e+01,-1.788008402725842316e+01,-3.973730350024399627e+01,-2.579088325964889350e+01,-3.165192255905261476e+01,-4.214782961143838946e+01,-2.449498792078486176e+01,-3.368484693715845424e+01,-2.862032824997557157e+01,-2.737194081225592157e+01,-2.642316793932819152e+01,-3.916316757944534288e+01,-2.686695810670844864e+01,-3.182457198696084077e+01,-2.976004338197011378e+01,-2.881446889536954714e+01,-2.486823124583951028e+01,-2.615499209281308168e+01,-2.388176600569982710e+01,-3.157656931939983025e+01,-3.533078090651858361e+01,-3.230563084745318037e+01,-3.633081827685191456e+01,-2.771586704716606064e+01,-1.935648006593900661e+01,-3.312965898391739472e+01,-2.365697923227425292e+01,-3.381280154541808258e+01,-2.813652881156784957e+01,-2.467652192832706248e+01,-3.672369589096548737e+01,-3.077501146236442864e+01,-3.636689190942375660e+01,-3.937918090543120542e+01,-4.103320197614337417e+01,-2.879202401082883966e+01,-2.315975242945626533e+01,-3.756136772305274008e+01,-2.473777244950345988e+01,-2.994274085968758214e+01,-2.899567836180932545e+01,-3.279927590243320878e+01,-2.063981356136992673e+01,-3.191991277667588633e+01,-2.778024571169195411e+01,-3.107072638014494004e+01,-2.434131346357992243e+01,-3.166022697173014322e+01,-2.696507303934095745e+01,-2.309139561084969472e+01,-3.309538219580549168e+01,-3.404468600633541797e+01,-3.722973167175675968e+01,-3.039502171706300970e+01,-2.885428896169755575e+01,-3.434745352619983549e+01,-3.731567565396289154e+01,-2.515358234964178052e+01,-2.798775860665941906e+01,-9.205604217944319601e+00,-2.108201059957479373e+01,-2.525284557799233909e+01,-2.594328566494066379e+01,-3.833636247750938253e+01,-2.070506382356662201e+01,-2.407707521702201348e+01,-3.124396091582712032e+01,-2.172847719396236243e+01,-3.275298400311815072e+01,-3.490558355185615369e+01,-2.348396965149250804e+01,-2.971450509538549767e+01,-3.315463580512069086e+01,-2.847608322697986694e+01,-1.923884271428444137e+01,-2.310539860702796489e+01,-2.239232016795512337e+01,-3.264093982336937927e+01,-2.707458294522179187e+01,-6.065829627513767086e+00,-1.095777048598256798e+01,-2.045681929714136515e+01,-1.640139831472822962e+01,-2.525803100192547745e+01,-2.572058966391145063e+01,-2.480996818518662295e+01,-2.476527095351712404e+01,-2.265055830240045864e+01,-2.854044877321255314e+01,-2.771058630835812409e+01,-2.315615895994707785e+01,-3.019993402693680906e+01,-3.013238754575504430e+01,-2.684389901452820482e+01,-2.810908350591749638e+01,-4.019365643067725813e+01,-2.946790086911507700e+01,-2.567566618830066716e+01,-2.748090437063531155e+01,-2.857879938603934278e+01,-2.757759588743041235e+01,-1.760084793949692994e+01,-3.925139250601585417e+00,-2.362180495688728854e+01,-2.232839793562486719e+01,-1.948745175881710878e+01,-2.072841194605155479e+01,-2.040479034898467603e+01,-2.270521218812606890e+01,-1.886496653586941363e+01,-2.202439284600954750e+01,-3.147612478457390139e+01,-3.599377374322940426e+01,-3.025888118728195408e+01,-3.563879889606227636e+01,-2.594181362959275816e+01,-2.520958952588130941e+01,-2.898486279932068754e+01,-2.651959655166762886e+01,-2.796517710252770073e+01,-2.346349491636740936e+01,-2.241160300618004442e+01,-2.319421279964493010e+01
