-2.476452392511974310e+01,-2.385256895348286221e+01,-2.398820421369548939e+01,-2.383344249137334359e+01,-2.278736808718054618e+01,-2.213159736640650976e+01,-2.376349419573598354e+01,-2.233126091451773476e+01,-2.222939613467236697e+01,-2.210029118966045658e+01,-2.296302761599737252e+01,-2.339228639437284230e+01,-2.285016785880733892e+01,-2.260159819204223908e+01,-2.268972007479511532e+01,-2.341216578694896810e+01,-2.246184473644102297e+01,-2.241251473987263410e+01,-2.168274475016805170e+01,-2.016648903701576501e+01,-2.006251007329981206e+01,-2.153508445982298980e+01,-2.412492798748273515e+01,-2.386106131853166090e+01,-2.425179657173524106e+01,-2.445729584592844930e+01,-2.406895663053773404e+01,-2.067222343657977035e+01,-1.874547020318650681e+01,-1.871016107864232936e+01,-2.058507164273418155e+01,-2.317692946468934068e+01,-2.414630991507587154e+01,-2.454462304050982269e+01,-2.464039019399065822e+01,-2.447692190842821347e+01,-2.217816475774511531e+01,-2.156740234720454197e+01,-2.200195964453077835e+01,-2.216278829464333455e+01,-2.142717539873656207e+01,-2.243026027789694865e+01,-2.336811976533864055e+01,-2.370641721604187424e+01,-2.514187934449183004e+01,-2.492536720283229101e+01,-2.445205957306143318e+01,-2.497892044229084973e+01,-2.470751465997714291e+01,-2.416026521693764550e+01,-2.466154735396133546e+01,-2.372496704696919778e+01,-2.135002100398774871e+01,-2.060141758192940742e+01,-2.202275346193699335e+01,-2.385560345511904856e+01,-2.354379339530518678e+01,-2.364715609431037180e+01,-2.185286831350455117e+01,-2.020669266621731097e+01,-2.013764446273244957e+01,-2.240961331163527603e+01,-2.357007176246716540e+01,-2.423277440374297242e+01,-2.404684296279054578e+01,-2.311909061681787847e+01,-2.124312298284100820e+01,-1.983980508668344456e+01,-2.060848429575131746e+01,-2.256472685892917340e+01,-2.367415669979617476e+01,-2.337720963950331665e+01,-2.413671325396940048e+01,-2.426270435862458541e+01,-2.494473838071143135e+01,-2.507762195057951615e+01,-2.497962664455347692e+01,-2.515840236575617439e+01,-2.527355507573181015e+01,-2.498058686963855024e+01,-2.449265821453234082e+01,-2.365706482007094635e+01,-2.453964035497235585e+01,-2.308467385764296509e+01,-2.029065715370839840e+01,-1.981263672823161670e+01,-2.064616890174115937e+01,-2.306720041631503904e+01,-2.398736120418776352e+01,-2.293002311250837266e+01,-2.202814987031940319e+01,-2.122866644886876841e+01,-2.091782340470536283e+01,-2.273821981610131004e+01
-2.371237492423525950e+01,-2.327253464788829973e+01,-2.217120744819126443e+01,-1.952493549449825139e+01,-1.910549796477448226e+01,-1.885578876929016801e+01,-1.776302693942148991e+01,-1.709386269527134061e+01,-1.719628181531020417e+01,-1.875146499258934440e+01,-1.911734726341703094e+01,-1.680104139269202079e+01,-1.362519197289424611e+01,-1.386491637974116209e+01,-1.666434076342279624e+01,-1.701430095000074161e+01,-1.431573319113553211e+01,-1.146125087848288437e+01,-9.417244462378912218e+00,-9.031762816772754832e+00,-1.241828750415574234e+01,-2.014394934145241933e+01,-1.972867662690737944e+01,-1.665613112330207102e+01,-1.669995303328556346e+01,-1.919647949233450035e+01,-2.051799736684457542e+01,-1.642197872724147345e+01,-1.091601392345391730e+01,-1.089542260013793396e+01,-1.528779958530198257e+01,-1.982641645295541721e+01,-1.988768816821147922e+01,-2.215009537184169375e+01,-2.179334023830288913e+01,-2.247263471239563870e+01,-1.905386089957059070e+01,-1.484462349401044001e+01,-1.348508933376025531e+01,-1.214955906969044719e+01,-1.142548091609124228e+01,-1.335606024398509639e+01,-1.593204142362855613e+01,-1.951664549950689675e+01,-2.234159723550138565e+01,-2.227304816383847097e+01,-2.333081626708337453e+01,-2.404264766127158381e+01,-2.444573712946132815e+01,-2.386557607522130198e+01,-2.333829546066607463e+01,-2.287691072232461309e+01,-2.062434929643752213e+01,-2.020087936434442710e+01,-1.840066076473463852e+01,-1.975559553245588518e+01,-1.913550845092890995e+01,-1.841995246240399098e+01,-1.554068274672550487e+01,-1.394405293510598653e+01,-1.673944838933632440e+01,-2.216485926640975279e+01,-2.217831661246415464e+01,-2.194054019979429171e+01,-2.068883978930052692e+01,-2.006828833269475609e+01,-2.004958063467389451e+01,-1.707501988971394269e+01,-1.494901295204383018e+01,-1.769043499977832212e+01,-2.198734842421691482e+01,-2.130380459971051366e+01,-2.011075634487791675e+01,-2.147403443250123090e+01,-2.394381648267624740e+01,-2.416430020378274435e+01,-2.307362980925278961e+01,-2.301349723499864197e+01,-2.339644437947944056e+01,-2.442457940353364165e+01,-2.338183299930109627e+01,-2.092607654174628351e+01,-2.169508722889630192e+01,-2.093154986240041637e+01,-1.761061870155996090e+01,-1.386463876496390313e+01,-1.405349619907680569e+01,-1.810221719282440489e+01,-1.987365773004373892e+01,-1.792904110359089032e+01,-1.384344294718924218e+01,-1.148399220450076008e+01,-1.209448805296352170e+01,-1.726120285445784930e+01
-2.152246720161511462e+01,-1.880697957628724026e+01,-1.494303706248141950e+01,-1.306426750304381912e+01,-1.405090326978062443e+01,-1.143669714495855416e+01,-9.889703574208166259e+00,-1.191186172654403741e+01,-1.677883141762029595e+01,-1.273171374333846551e+01,-9.402184769367666561e+00,-7.096942112395299596e+00,-5.898108602259200417e+00,-7.867108621119534462e+00,-1.314314181175305407e+01,-1.251621049539202168e+01,-1.379278572997605856e+01,-1.019413008258062447e+01,-5.366959963230728548e+00,-4.392054558259673946e+00,-8.217122439244809229e+00,-1.698683862557530588e+01,-1.407189477615503392e+01,-1.025838050401279666e+01,-1.022565733720342074e+01,-1.132049846373541513e+01,-1.504650563771095406e+01,-1.437152878535276201e+01,-7.010427541126405870e+00,-5.409645861513582510e+00,-7.268580378824576194e+00,-1.004994777080410984e+01,-1.455637666852947376e+01,-1.721701454519077146e+01,-1.457533517738298201e+01,-1.560869745390493257e+01,-1.166087552348083634e+01,-9.474645669749707011e+00,-1.261961414818589233e+01,-1.112307952961710455e+01,-7.430698820161911300e+00,-1.003911583593585277e+01,-1.682584281877286259e+01,-1.392798698476743624e+01,-1.240681920942773253e+01,-1.291515163833235924e+01,-1.451664673983476561e+01,-1.723935584709593627e+01,-1.773996825944022149e+01,-1.879439045974055134e+01,-1.876375878798938501e+01,-1.780113562820963935e+01,-1.657285252334065362e+01,-1.746009289368499040e+01,-1.663419158656243368e+01,-1.372186647077056953e+01,-1.403553035493530921e+01,-1.836166821555135797e+01,-1.784974494007970591e+01,-1.648122500178901362e+01,-1.407199051936008161e+01,-1.498609472010176979e+01,-1.327864134334645030e+01,-1.272513048635052790e+01,-1.015909994452445275e+01,-1.008210790685605929e+01,-1.204428158376028613e+01,-1.597003389920802441e+01,-1.423903001847754091e+01,-1.043197165564535212e+01,-1.149075097293522951e+01,-1.225727546192088369e+01,-1.547838931827875975e+01,-2.161100592640783091e+01,-2.229901584448841945e+01,-2.404928401072360700e+01,-2.421100137964149468e+01,-2.015780639832189891e+01,-1.783379329835748450e+01,-1.948548752080957769e+01,-2.225265099960944681e+01,-1.553436332676911391e+01,-1.009606991751345539e+01,-8.565641901396602975e+00,-9.498218985651270430e+00,-1.350088485449495046e+01,-1.193862508670902400e+01,-1.342671815875867480e+01,-1.832127546942532703e+01,-1.497405678872198465e+01,-1.027890965842098225e+01,-6.788355891185458901e+00,-7.594684723025341810e+00,-1.365595742411236735e+01
-1.726935950777204454e+01,-8.556904255310234575e+00,-4.391233309242077887e+00,-4.593464014495441283e+00,-9.762706792653181864e+00,-8.682117037231062540e+00,-7.202740575077446472e+00,-1.147383664706309148e+01,-1.000375896520008290e+01,-7.744948233253464487e+00,-1.198141938413498764e+01,-1.172765632860922480e+01,-1.055898073780743296e+01,-1.065475219017278796e+01,-9.220966903690198890e+00,-1.036290459366432692e+01,-1.617751680587298324e+01,-1.609760458345358103e+01,-1.329387914652080127e+01,-9.204867029695382286e+00,-6.103081471198785302e+00,-6.168911562719326724e+00,-6.637280313036115764e+00,-1.096636223425525181e+01,-1.517201802082833595e+01,-1.513707560427156729e+01,-1.345119048543059037e+01,-8.710765411399004066e+00,-7.413492227105965782e+00,-1.174432293987457854e+01,-1.479899884326839299e+01,-9.554577635891865484e+00,-5.070521098111176350e+00,-4.332049817421073534e+00,-6.270166109981794023e+00,-1.000433258192617281e+01,-8.148903568356022475e+00,-9.769056877419208362e+00,-1.092689190572396818e+01,-1.185756371154491084e+01,-1.123725637535139299e+01,-9.366806516298209928e+00,-1.187549596944525909e+01,-1.566862350530018055e+01,-1.203273678193432339e+01,-1.028044734616729805e+01,-1.359030544045802991e+01,-1.115700194647316756e+01,-1.268515171848510192e+01,-1.651618113269695698e+01,-1.656150059892951987e+01,-1.547332973241346643e+01,-9.120464984621845517e+00,-8.463585040932215975e+00,-1.344079180305863197e+01,-1.564426391340634304e+01,-1.618511869636344613e+01,-1.597732988442069946e+01,-1.895501747939857751e+01,-2.218048737917332147e+01,-1.666950427865706530e+01,-9.017599964417474467e+00,-8.677414966915844019e+00,-1.172896984179355329e+01,-9.677118594476482372e+00,-1.053713879971145850e+01,-8.215471965958846212e+00,-8.767869059979799928e+00,-9.567857650433431616e+00,-1.021073513867078653e+01,-1.157286085375012163e+01,-8.331096480117826886e+00,-8.673683260676948947e+00,-1.221899340102208598e+01,-1.681484378785296840e+01,-2.210923185146383219e+01,-2.270772678728048533e+01,-2.206714398231579821e+01,-1.708051887137352409e+01,-1.594946231180532870e+01,-1.718834543871282250e+01,-1.289417659662132820e+01,-4.421881820913224459e+00,-8.671306616288874114e-01,-1.688103216535165929e+00,-5.321294565406952337e+00,-8.747693028293822337e+00,-1.251849324211679182e+01,-1.030397695842735573e+01,-9.491446444064894905e+00,-1.201629011709106720e+01,-9.650077166584875243e+00,-8.708104354108689549e+00,-1.365746648049768019e+01
-1.529653777047159124e+01,-5.677607582253987317e+00,-2.462091303391019448e+00,-3.263366319476007860e+00,-5.892745834554551365e+00,-6.771562271265166189e+00,-7.872404523437881885e+00,-9.150758673460266834e+00,-6.164460155086480597e+00,-5.255452052246858408e+00,-7.590705726417732890e+00,-1.340209537388501992e+01,-1.418828073677989110e+01,-1.336782967470055183e+01,-1.043260295175173802e+01,-1.341492794382319431e+01,-1.375861500407459737e+01,-1.190895235285823262e+01,-1.308209223094932838e+01,-9.672114509608244148e+00,-1.116128511626366659e+01,-5.810822771004398923e+00,-3.337759217315556359e+00,-6.818136370021254500e+00,-1.459599669314992632e+01,-2.315959361890377721e+01,-1.979149830088679707e+01,-1.026640382759373615e+01,-8.368672222990062082e+00,-1.047306487601616531e+01,-8.784058774367462519e+00,-5.377301102199076865e+00,-6.102919173608166048e+00,-9.467708060736830689e+00,-9.273570470497556784e+00,-8.580747262590882940e+00,-8.215175339711654701e+00,-1.401657632136850218e+01,-1.515165449704737988e+01,-1.949215196322843369e+01,-2.171820974258099568e+01,-1.419518851223249278e+01,-9.980597919581713384e+00,-8.574676850857303023e+00,-8.379717368840712055e+00,-1.179327166011567662e+01,-1.714946311517028121e+01,-1.028927976731390359e+01,-7.302584209883144162e+00,-6.914260205046519836e+00,-6.323458558562173870e+00,-6.525352698530076268e+00,-9.170706362163858927e+00,-5.864398547679702922e+00,-4.735184986926687323e+00,-7.135161573946590785e+00,-1.123316591874712422e+01,-1.174072055504271539e+01,-1.522512205303978661e+01,-1.583118920794801276e+01,-9.312766395322618962e+00,-4.587606526753346792e+00,-4.520817463338260289e+00,-5.566306498698416760e+00,-4.878014033010699357e+00,-6.645130738989236896e+00,-6.710260158329340641e+00,-9.792775406773150948e+00,-9.436824495392727385e+00,-7.118797227826421548e+00,-9.250117448023978284e+00,-1.292747333651562869e+01,-1.591071824898839182e+01,-1.167943968524822651e+01,-1.121469487758041161e+01,-1.541535435108780128e+01,-1.756533456813393457e+01,-1.703113760975744029e+01,-1.639814965573349426e+01,-1.819770232698591172e+01,-2.066502729132914951e+01,-1.428427046388100585e+01,-5.905169241115996392e+00,-3.637945143129095005e+00,-6.060027941516358041e+00,-8.070617975814263545e+00,-8.717006311021558318e+00,-5.228698168416473280e+00,-4.332826849353106802e+00,-5.223834854789322080e+00,-9.481696934598948800e+00,-1.420629746284558337e+01,-1.258309598786752836e+01,-1.603944435836262628e+01
-1.544709024539572617e+01,-9.193914147930108527e+00,-9.561853785046263710e+00,-1.449977522502744876e+01,-1.898531696286504555e+01,-1.908122923195017506e+01,-1.991571951923113204e+01,-1.675945293283186999e+01,-8.408808076542467091e+00,-7.324029641344368180e+00,-9.535131272093638088e+00,-4.447838638099861797e+00,-2.889346792088078431e+00,-4.067914903163909912e+00,-6.691703874481436110e+00,-9.509606385276956786e+00,-7.984933562820816455e+00,-8.737678927033853071e+00,-9.138929899487651554e+00,-3.617375165753804467e+00,-1.747937404586052512e+00,-2.709109787723347207e+00,-9.116012378464773747e+00,-1.098529054204393240e+01,-1.461039346536919403e+01,-2.126432112691949072e+01,-1.693265970593932224e+01,-9.663590802392977963e+00,-9.919067188953848202e+00,-1.047932686879225983e+01,-4.556705553407613962e+00,-5.117731487360533293e+00,-1.092610223215209686e+01,-1.727948872340207842e+01,-1.848034063423759576e+01,-1.218408454314362288e+01,-6.690675223723541620e+00,-6.223378009189760363e+00,-1.066879888444507252e+01,-1.817133607478499968e+01,-2.174123859589269969e+01,-1.801494083147287739e+01,-1.775512660307691348e+01,-1.617165554649338333e+01,-1.156853375958569430e+01,-1.197791874707319337e+01,-1.255141193283316170e+01,-8.687651558877874436e+00,-9.804772091279369661e+00,-1.291313407140889780e+01,-6.560322301695571845e+00,-5.691676283617699283e+00,-1.032073114464967389e+01,-1.023887422456906648e+01,-7.489115848706636491e+00,-9.339668307690262239e+00,-7.479605774888643310e+00,-5.298770373956316782e+00,-5.522753704949380449e+00,-6.655065865415599191e+00,-8.343702175713687552e+00,-6.078026599507341032e+00,-7.660487796529869442e+00,-1.232070200383548375e+01,-7.776837957847095417e+00,-5.591487667923487948e+00,-6.542989300395253061e+00,-1.246623238892454211e+01,-7.544886666455939306e+00,-2.497935144148178299e+00,-2.963126389872325905e+00,-9.170975802950776412e+00,-1.244000675039714032e+01,-1.061248742454543503e+01,-1.089282753655905900e+01,-1.602409487101384045e+01,-2.018951684477701392e+01,-2.155727807083570724e+01,-1.993178504510192184e+01,-2.066898392987848609e+01,-2.106077604165196604e+01,-1.788771210562057234e+01,-1.215506780492088090e+01,-7.430426503881554012e+00,-7.783175374501472454e+00,-8.636565520010012875e+00,-6.902530999541971468e+00,-5.771754879942289307e+00,-9.147172962309996436e+00,-1.149183635950547888e+01,-9.512691382038800825e+00,-1.275708493653519682e+01,-1.502611278247282023e+01,-1.837600000745299411e+01
-1.707164441919051256e+01,-1.472177241900523015e+01,-1.759058650977809179e+01,-2.065685609585976934e+01,-1.730879361459515309e+01,-1.596880628883494069e+01,-1.363693427028913341e+01,-8.966143650815666888e+00,-5.776693725861566264e+00,-7.811929637526731085e+00,-5.913810035167172074e+00,-1.686209229145895216e+00,-3.196986857001348437e+00,-9.344724224252278333e+00,-7.906414500550727809e+00,-1.018452541125303057e+01,-6.527704851705444788e+00,-4.076617920329804967e+00,-3.895878921124746874e+00,-3.285912169197167110e+00,-1.642096254336674610e+00,-4.303778369073004484e+00,-1.126701005391762145e+01,-1.346841839972259081e+01,-1.435523255849849278e+01,-1.226360107800404720e+01,-1.143855779478774970e+01,-1.335249101771095503e+01,-8.383160118882136302e+00,-4.862264154274339667e+00,-5.442022838114773720e+00,-1.009162720733525020e+01,-1.503599492387275482e+01,-1.391278044107102652e+01,-1.433508523856514039e+01,-1.142443950281896647e+01,-1.207594536173090916e+01,-1.076646694098823609e+01,-1.066840785362816924e+01,-1.064285025523117767e+01,-1.276406316904203919e+01,-1.389469151827641369e+01,-1.210100543108519311e+01,-1.251321917462211175e+01,-1.629125428888839267e+01,-1.664645890325939348e+01,-1.220527752378313124e+01,-1.038948161891430111e+01,-1.591174437407124209e+01,-1.713226645346551535e+01,-1.061438108271486769e+01,-9.371520586326173685e+00,-1.303227931594113542e+01,-1.446264199898192437e+01,-8.432380399492664935e+00,-5.926201083835551664e+00,-5.621415325275376240e+00,-9.010418123362841314e+00,-1.010394639500303704e+01,-7.632397139003511022e+00,-8.770899908161347014e+00,-6.858629610726828751e+00,-8.613505878430110840e+00,-1.282149700760152378e+01,-1.239219746608035955e+01,-1.272678233984577822e+01,-8.707592335739576583e+00,-1.198991984898414742e+01,-9.304331943938267457e+00,-2.544494898815734540e+00,-1.602798306607948087e+00,-3.568081567412052291e+00,-8.055930505138830355e+00,-1.370284812758193915e+01,-1.124169819157477335e+01,-1.445076944281370501e+01,-1.613294785743963189e+01,-1.631318186243604984e+01,-1.954283079062812689e+01,-1.972232851127668596e+01,-1.959558758340589435e+01,-1.670195064654929240e+01,-1.454902435589387899e+01,-1.291917382866890662e+01,-4.449661703697748827e+00,-2.591835980872427836e+00,-6.734905288168920201e+00,-1.124603522696706293e+01,-1.039737511645851775e+01,-1.027602071155702390e+01,-1.171745550471693598e+01,-1.580708902741213606e+01,-1.707740455509840061e+01,-1.929917947956592528e+01
-1.822780122371078093e+01,-1.152297857041992835e+01,-1.200138339785022801e+01,-1.559798168561821541e+01,-1.151417008438551370e+01,-9.449191927680161029e+00,-1.175861666243889481e+01,-9.683553106293283363e+00,-4.771046474260172587e+00,-4.967650719877037879e+00,-3.431226196517604521e+00,-5.887686871954011636e+00,-8.416541611298431036e+00,-4.939448974495448397e+00,-5.444026018842796688e+00,-1.007510203157546158e+01,-1.271026353753371119e+01,-7.712681067816784086e+00,-8.642558379439719829e+00,-7.205629873137942454e+00,-6.170017045587013804e+00,-1.112161981783850351e+01,-1.084973178892925816e+01,-1.113589185924199221e+01,-1.444346403754056141e+01,-1.066559553238238500e+01,-1.134075685732626582e+01,-1.310908451245699347e+01,-7.064194386175372209e+00,-7.661043263813893667e+00,-1.221543159742116380e+01,-1.075657906927355079e+01,-1.123853808423227818e+01,-1.102729241696396301e+01,-1.488954074488439616e+01,-1.201760182536865784e+01,-1.275061211328745436e+01,-1.248125725169172640e+01,-1.540747869864594222e+01,-1.386721904934715965e+01,-6.243897223748223979e+00,-3.349823604115358400e+00,-4.900569274246348250e+00,-9.672083920826112902e+00,-8.767462970204435990e+00,-6.999766645174265278e+00,-6.835367213783925422e+00,-9.315137709726029058e+00,-1.647796213925458986e+01,-1.888571719351531542e+01,-1.834573933797994272e+01,-1.756173265876108402e+01,-1.794698753062930052e+01,-1.238327585479427562e+01,-3.898990199414865909e+00,-1.106694090358198768e+00,-2.845004988362319853e+00,-5.411335649058538699e+00,-1.036574599967985932e+01,-1.102471983823243384e+01,-9.672404220797881536e+00,-8.913785476905072613e+00,-5.753010502670082182e+00,-7.674819341744071544e+00,-1.052962048021584884e+01,-6.624645467897830819e+00,-6.251143552894077970e+00,-9.653534967315909654e+00,-1.178158891637430905e+01,-9.054853881944351812e+00,-7.714419759192677972e+00,-1.069181741110851291e+01,-7.770451426276352436e+00,-6.625379713514177205e+00,-8.333990144821489920e+00,-1.155668658787574898e+01,-1.180593466804666036e+01,-1.082453099748762071e+01,-1.393607077479132883e+01,-1.734315732724404668e+01,-1.857480647981970634e+01,-1.580045730484243904e+01,-8.930537843979852397e+00,-4.905404798557303714e+00,-4.827415009684186131e+00,-8.096399132686313393e+00,-9.258004591644155568e+00,-1.504238430475223964e+01,-1.837952023893882014e+01,-1.750973419968562794e+01,-1.089929989123849730e+01,-7.712226337550462496e+00,-1.007905192411933548e+01,-1.652793456685795803e+01
-1.870839867013038216e+01,-7.947132239681677923e+00,-2.849175894697535849e+00,-1.610587312245511882e+00,-3.564868323158594698e+00,-9.703137531675585237e+00,-1.062464531584282135e+01,-6.583728267507975573e+00,-3.318561759700205727e+00,-5.452243936429363558e+00,-9.981022219207705604e+00,-8.016988486453517027e+00,-7.527894730742496598e+00,-9.962878649864123304e+00,-1.061921466935806357e+01,-1.656587466385093421e+01,-1.864748840019652221e+01,-1.324304883695980983e+01,-1.078358022234113633e+01,-1.289618056266064272e+01,-1.032586725966319463e+01,-7.747553184542352867e+00,-9.992043733137421668e+00,-1.657534930977058707e+01,-2.232089590061606543e+01,-1.482568793397877727e+01,-9.012965364492927733e+00,-6.660090849693570014e+00,-3.304502875556691865e+00,-2.772787555858406527e+00,-5.386432219102892383e+00,-1.158902315827003981e+01,-1.512076485639362744e+01,-1.304674960377129089e+01,-9.423493767979056912e+00,-6.521342083208822693e+00,-5.824942521277190366e+00,-5.780222109976531186e+00,-7.029759418068593391e+00,-6.880505630735717304e+00,-2.523314550894030894e+00,-1.132162411262501944e+00,-3.545934828057497601e+00,-7.706714301210377371e+00,-6.739149381659623295e+00,-1.202231540569680313e+01,-1.216629499828654737e+01,-1.154981007695427664e+01,-1.737304848650746791e+01,-1.357152299568602594e+01,-1.311610973639295352e+01,-1.256861667963810802e+01,-1.412292606063431144e+01,-1.068346547437311322e+01,-3.726667823474531183e+00,-2.843551187817301429e+00,-7.670712831851834501e+00,-8.777474303695736779e+00,-5.095416233948429685e+00,-3.042079468089607275e+00,-3.322536742979542268e+00,-4.697180828047280876e+00,-8.766542311118977082e+00,-1.001734337319758161e+01,-1.023545728620995909e+01,-7.203311142434504433e+00,-8.433223122117146531e+00,-1.457222255346632700e+01,-2.065622448875265604e+01,-1.855019172859559262e+01,-1.466259544571011020e+01,-9.875664929663743763e+00,-7.131790771649751726e+00,-8.731580305191362967e+00,-1.278606674528765019e+01,-1.679727890036698668e+01,-1.388255730943183686e+01,-1.143092880175522552e+01,-1.322657830820837077e+01,-1.408588309462589550e+01,-1.409293445410756007e+01,-1.019486789207238076e+01,-6.309135912011353930e+00,-3.765274144780888399e+00,-4.731264201432524352e+00,-1.048825022802187590e+01,-1.354255682792737048e+01,-1.584660937193501162e+01,-1.963562221839478639e+01,-1.629203784580634817e+01,-6.975017419440209032e+00,-3.723352511034765389e+00,-5.198646773492670015e+00,-1.253545478313644423e+01
-1.929657671492912741e+01,-8.774018521483464284e+00,-4.596132939471347711e+00,-2.932779540998685430e+00,-3.456023857252302545e+00,-8.603698102495343392e+00,-6.791237831115722656e+00,-4.607080839272868822e+00,-8.742510251456831583e+00,-1.336073864493985575e+01,-9.060106243931029368e+00,-6.324837132455756183e+00,-9.889906938365429667e+00,-1.553445881180221200e+01,-1.377101137734561931e+01,-1.542024346077832675e+01,-1.999405477777381890e+01,-1.910772403540638820e+01,-2.090133466885957958e+01,-2.069992355390780148e+01,-1.656184974938688370e+01,-1.225279340946146078e+01,-9.903913144201672125e+00,-1.244737892573509086e+01,-1.225891057236805537e+01,-6.671123293323553582e+00,-3.065824725264988615e+00,-3.929458442221257286e+00,-8.799695867478042999e+00,-5.851853334490274783e+00,-3.941692771853050115e+00,-6.019579846505255460e+00,-1.306165280737169532e+01,-1.612394773523701730e+01,-7.852511133991454173e+00,-5.868029687675667461e+00,-9.428727226909645154e+00,-7.524484954358065636e+00,-1.003195180598940617e+01,-1.260255539440235850e+01,-8.278759985415691247e+00,-7.960281040052917589e+00,-1.035055261287615735e+01,-5.210019394152426209e+00,-5.264805749202279728e+00,-1.116697345487414594e+01,-1.549319811914697631e+01,-9.787445471236241090e+00,-9.336076823732526009e+00,-1.141348658637044977e+01,-6.784083058608979755e+00,-4.575739044157756119e+00,-7.838356405783709846e+00,-9.956904643532856980e+00,-6.658473810019520656e+00,-1.123052276191454091e+01,-1.037742582267878788e+01,-1.001248872532780254e+01,-1.437063596841227842e+01,-7.133337235749341865e+00,-2.248230469034022683e+00,-2.129959471625653133e+00,-5.734034794603468654e+00,-7.966902454923802779e+00,-1.048213071722056355e+01,-1.188802929328815594e+01,-1.227373997554154350e+01,-1.150525395167356280e+01,-8.002412143585079463e+00,-8.765841936100425613e+00,-1.138870817572165528e+01,-1.468676698644266843e+01,-1.709917906943084276e+01,-1.178591337461232591e+01,-1.301502593266481611e+01,-1.116802761044805514e+01,-1.255498971828835586e+01,-1.851785705728108411e+01,-1.793809581124483898e+01,-1.691143270264700860e+01,-1.600047579068898784e+01,-1.153709463439235883e+01,-1.101686187102845160e+01,-1.089346378754558842e+01,-4.883130596322590833e+00,-3.452715005653844038e+00,-8.218949184905529393e+00,-7.475906260598716102e+00,-5.601049536168001275e+00,-7.166868833677846773e+00,-9.569913232946671400e+00,-6.130227048962102465e+00,-6.189270660597005147e+00,-1.272212587937224626e+01
-2.143992717647368806e+01,-1.365511315498278577e+01,-1.336708651066745190e+01,-8.274924730749258828e+00,-5.919852551237926086e+00,-8.215487456735159455e+00,-7.095411950223478037e+00,-7.426972328123559564e+00,-1.494000090064341002e+01,-1.375636452195272241e+01,-4.552768131556538478e+00,-2.250540685672618224e+00,-5.488342122002531909e+00,-6.714137460239705035e+00,-4.951350129408643497e+00,-7.171888427008553890e+00,-1.262224010327877544e+01,-1.979989379357281010e+01,-2.134048784215556083e+01,-2.202155355956972471e+01,-2.109322855330156798e+01,-2.057236751747498715e+01,-1.412516726602249229e+01,-8.304675261179605528e+00,-7.909550352133307705e+00,-1.078977384870452028e+01,-8.733295457211532664e+00,-6.960706163693025417e+00,-6.284808041962125280e+00,-7.919417780258751982e+00,-6.503525832463378897e+00,-2.433854397882479592e+00,-4.449862078842500956e+00,-9.994749948468511391e+00,-1.315432753131109322e+01,-6.635258874911563964e+00,-2.721967014503846372e+00,-2.254197224867862115e+00,-4.990980565662788138e+00,-1.256381104033806473e+01,-1.351450702817913196e+01,-1.534751070625290481e+01,-1.159781031434016896e+01,-8.734735176512730348e+00,-6.766121304793164981e+00,-1.002581451761469822e+01,-1.189363011505332679e+01,-8.477236281010915420e+00,-7.196405663425982091e+00,-8.594071846706558659e+00,-5.884305021436687433e+00,-2.024034625705267043e+00,-2.323279160625787654e+00,-6.350398266705933992e+00,-8.949539380266486432e+00,-1.413932788808451413e+01,-1.407323874765737948e+01,-1.278659029594965268e+01,-1.628383931488889758e+01,-1.375027608136450930e+01,-1.058264864203098377e+01,-1.195212809773079421e+01,-1.209211692966248108e+01,-9.293308029744435927e+00,-5.647170324632198479e+00,-6.762781906593052561e+00,-8.826229272779931634e+00,-6.604883241515628001e+00,-2.299728188762416359e+00,-1.566188889315176080e+00,-4.613324460151797091e+00,-1.185691726276640345e+01,-1.298397468280241007e+01,-9.518797676916985750e+00,-1.199207138234250536e+01,-1.246344947263684588e+01,-1.115833329327533718e+01,-1.141479129919886404e+01,-1.351018700847735943e+01,-1.721896091637583837e+01,-1.234472056390692529e+01,-5.585542398610785497e+00,-2.097987816763255964e+00,-2.660725917435216914e+00,-6.610117156445479480e+00,-1.957305906198717915e+00,3.422852322200819475e-01,-2.411836489201980793e+00,-7.138382633125162080e+00,-8.104439824073070398e+00,-8.765252041678897044e+00,-8.241307559040929931e+00,-1.007015955103615035e+01,-1.640031437056142849e+01
-2.451414679745947822e+01,-1.872316173230062830e+01,-8.741187945496369238e+00,-4.102800675554771459e+00,-4.230663636458861454e+00,-6.841537963907613040e+00,-6.522897856772979175e+00,-1.146894360783012878e+01,-1.685017151823392823e+01,-1.102935782471144144e+01,-7.538756152338605077e+00,-3.212214828689577306e+00,-2.104659333890609219e+00,-4.153361951526764351e+00,-8.267149577480749301e+00,-6.488611953336609339e+00,-6.042033925451525178e+00,-7.758186274410902250e+00,-6.118113311011208033e+00,-6.861556062955760815e+00,-8.585734043002975824e+00,-7.958750793986697047e+00,-7.834191002138317650e+00,-1.276718494198455467e+01,-1.382057566174192864e+01,-1.258320394049260393e+01,-1.448510386075587597e+01,-2.077127666326386901e+01,-1.354956496336097160e+01,-3.803080406262465907e+00,-3.954300210175960562e-01,-9.429663089122782837e-01,-4.572353518859129551e+00,-8.149043544409131812e+00,-1.381219865269743607e+01,-1.253179053947875055e+01,-5.329288153749439871e+00,-6.039416482830007205e+00,-7.053202832250466514e+00,-4.218015588547223693e+00,-4.844875461793359150e+00,-5.474145267510460044e+00,-7.752870681887646498e+00,-8.761021211657221031e+00,-6.367738271264901329e+00,-7.556061510405788439e+00,-1.085065504581253037e+01,-1.480441111544423549e+01,-1.335940080525098672e+01,-1.026028185864634068e+01,-1.124012091210352438e+01,-5.120934924064114213e+00,-4.996392823942364281e+00,-7.631158440271553545e+00,-6.230488987241177057e+00,-5.342452967036981804e+00,-5.607443599572301096e+00,-6.232693691014784321e+00,-1.053032934183330127e+01,-1.871950301866770161e+01,-1.378581513329507757e+01,-1.194483990706000931e+01,-8.444109233587923313e+00,-4.601442246595558672e+00,-3.151239743266032178e+00,-2.808027428562299033e+00,-3.966135804049728097e+00,-4.635246530426432976e+00,-4.870193330883290983e+00,-1.125778206197503728e+01,-9.206096126854074413e+00,-5.685038669950011503e+00,-5.874312827582533814e+00,-8.754874435233702457e+00,-1.689679541799144857e+01,-2.359983079465597910e+01,-2.179478894860298865e+01,-1.623178747761456364e+01,-1.437675612142779613e+01,-1.789394158710634031e+01,-1.204084783712104034e+01,-9.731402721937911338e+00,-4.042956270878643288e+00,1.079094120618476316e+00,7.027831280026189953e-01,-4.391201689144235587e+00,-2.288925589751344525e+00,-1.881944102040439937e+00,-7.633235657835282240e+00,-9.461298550254806372e+00,-1.040222596157492951e+01,-8.781174093771991096e+00,-1.574744406003713060e+01,-2.123591041932445833e+01
-2.504446126500535641e+01,-1.694604803004476068e+01,-1.015361137151258752e+01,-1.083041995246975375e+01,-6.363365504215964918e+00,-2.535563229854166600e+00,-5.791040493487622953e+00,-1.247566829343292305e+01,-1.067169126012651503e+01,-1.309110573766778174e+01,-1.593937113014030160e+01,-1.135161273856153841e+01,-1.227176415719278602e+01,-1.734804481210506566e+01,-1.738466196207182435e+01,-1.192993667451862194e+01,-1.226445372531868827e+01,-6.075105844087977935e+00,-5.638317974187390114e-01,1.741148486770671411e-01,-2.047403851975777567e+00,-3.613504349955703798e+00,-7.301928427867117932e+00,-7.854089396996764449e+00,-6.533507197348828122e+00,-9.985503593621226415e+00,-1.889606594717801258e+01,-2.260418598086847908e+01,-1.779492042703206067e+01,-5.604682326546523541e+00,-3.032520224499966499e+00,-6.738932515787022126e+00,-1.608447850324744621e+01,-1.704790628852182621e+01,-1.223069057758603329e+01,-4.637602541028649661e+00,-2.930661409224790681e+00,-5.200399789277298623e+00,-6.357357580997121893e+00,-7.359625720794030990e+00,-8.631537733050439698e+00,-3.800388496964882901e+00,-5.426397876128525866e+00,-1.066851072825907742e+01,-1.096113972397438552e+01,-5.860101706719811787e+00,-6.444442863868610871e+00,-1.181487313309156839e+01,-1.739842524647942312e+01,-1.278705842508746038e+01,-5.550844644994864296e+00,-3.923495450116306404e+00,-7.455548278599804846e+00,-5.030338866288032840e+00,-1.539977878843558079e+00,-2.870154434854527370e+00,-7.433664586617537928e+00,-9.011629207056152779e+00,-5.884514281745131470e+00,-8.608743895225671849e+00,-6.845409789655594324e+00,-1.886744027910664423e+00,-1.432384158044996081e+00,-6.756584726144812869e+00,-1.599946550688991742e+01,-1.772450099331335593e+01,-7.738454812868481802e+00,-2.659873303363318620e+00,-4.068266262610753081e+00,-1.234486151981904989e+01,-1.190636661057297729e+01,-1.274566461860788991e+01,-1.107352720335958551e+01,-9.763031411951907046e+00,-1.644354564008914821e+01,-1.779578629899805975e+01,-1.684775725862653672e+01,-1.502118786038231590e+01,-1.292401928249351784e+01,-1.366677368399265369e+01,-1.131484681149668248e+01,-9.527887674195687495e+00,-7.452091283191835558e+00,-5.609497553911167778e+00,-6.305563939898588544e-01,1.200094296168966679e+00,-3.636776418881607631e-01,-5.328058632039994080e+00,-1.049645073209424417e+01,-7.612689322818910753e+00,-5.205930393325570726e+00,-6.421139255883836050e+00,-1.131958620901971457e+01,-1.889113937774834540e+01
-2.290413347328788873e+01,-1.629105427361637126e+01,-1.784419135091851416e+01,-1.707645584576851050e+01,-8.709648064106186638e+00,-3.669746437244591153e+00,-1.871974483171840342e+00,-3.112111048762164156e+00,-5.586213842522432138e+00,-7.829173787021453279e+00,-9.431334875891907998e+00,-8.736964554111391834e+00,-1.493501575833800210e+01,-2.216836467184312909e+01,-1.606315655239744800e+01,-1.509489186053560950e+01,-1.718281131902411829e+01,-1.095411195782567759e+01,-3.868383318379607694e+00,-4.128515367462570751e+00,-8.194223357303524580e+00,-6.016655440964450818e+00,-8.383086662531358257e+00,-9.141328634324560554e+00,-1.084283981157865107e+01,-7.970137278238932588e+00,-9.740457289480749736e+00,-1.011764965144655370e+01,-9.977921319145687917e+00,-5.667054081698143619e+00,-5.133535592542218140e+00,-7.876012689575754067e+00,-1.438935170329834534e+01,-2.255085379356134467e+01,-1.414324642559926204e+01,-3.867028256257375229e+00,-1.256925655931758312e+00,-4.123325015857873588e+00,-3.605168327161600850e+00,-1.125098039850104481e+00,-3.013969950858855107e+00,-1.069363813041951694e+01,-1.168134200917503129e+01,-1.381477665395865273e+01,-6.240611258269734840e+00,-4.867774951320162913e+00,-9.422314657181903641e+00,-9.483510666499936903e+00,-8.142485832662710976e+00,-1.154931667223142000e+01,-6.275763625124746170e+00,-2.768004745302402370e+00,-4.589280375051590255e+00,-7.403064443885935653e+00,-5.931516473578120063e+00,-1.040279548981286162e+01,-1.868417107209075212e+01,-1.019936268775219546e+01,-4.136243384467843676e+00,-3.894229870081407086e+00,-7.690923906015752820e+00,-3.547600741571744987e+00,-1.497462867094322192e+00,-4.727965500198576976e+00,-1.075897710677056907e+01,-1.176490547868328029e+01,-6.695595088951390217e+00,-6.361270316304040051e+00,-6.723627966722771632e+00,-2.725947760418775179e+00,-2.096570038791164325e+00,-3.110185328553392914e+00,-5.274381877140273289e+00,-1.017034904943036189e+01,-1.767440223877600047e+01,-1.571181499521626712e+01,-1.409726927229894144e+01,-1.430721982228273603e+01,-1.541141655449692749e+01,-1.950856255106843307e+01,-1.776172671933624159e+01,-1.318898687289170013e+01,-1.407973709088070002e+01,-1.373338735815647205e+01,-6.929981754809215744e+00,6.762068678296542616e-03,1.381559984180681599e+00,-2.810281536348077758e+00,-1.027107810491771289e+01,-1.011532329961743670e+01,-1.101491350107799327e+01,-1.316871043161160770e+01,-1.187035754558438327e+01,-1.719766263465660927e+01
-2.147833419718953607e+01,-1.674530571549843572e+01,-1.491956713020456959e+01,-1.196749928094059001e+01,-1.475626537014294293e+01,-8.627176935962170390e+00,-4.196763953908215328e+00,-5.761261386219016956e+00,-5.972444673494107903e+00,-1.138609932315659767e+00,1.879879450037454450e-02,-2.225805283336575346e+00,-7.928909057711820196e+00,-1.165126421754759889e+01,-8.969774646795784179e+00,-7.764177235564744706e+00,-6.775368132895874140e+00,-6.949339622355322987e+00,-9.307525383484387405e+00,-3.926519975382009253e+00,-4.454082279765766650e+00,-1.068870246111772460e+01,-9.382995560449442607e+00,-9.195622448746638256e+00,-1.319869240262834609e+01,-1.001693547805609796e+01,-7.703918399149283225e+00,-6.946927109205653927e+00,-8.579073983120780511e+00,-1.251435533883713980e+01,-1.643356755060037955e+01,-1.400269582965240822e+01,-1.714179803962192850e+01,-2.139260014954789213e+01,-1.132283392485396334e+01,-5.539414346332954153e+00,-6.370793292783416106e+00,-6.375362521983698016e+00,1.563682192210345823e-01,1.238450419201707620e+00,-2.683105731221465007e+00,-1.305925425858396594e+01,-1.776546207236876285e+01,-9.842813842788137535e+00,-4.568217469777675177e+00,-3.332993671125759061e+00,-5.147203615405426369e+00,-9.400949259943585545e+00,-7.474234438126257096e+00,-6.728325817626335414e+00,-1.108163703475613993e+01,-6.288125314234768837e+00,-5.668458897484060621e+00,-5.305145090944734854e+00,-4.296507931398748426e+00,-6.916977688526602108e+00,-1.079340396175494732e+01,-5.013345815427959984e+00,-1.942954414762800619e+00,-3.835362458303714472e+00,-1.099451832596736622e+01,-1.340868572508898282e+01,-6.709464576317855311e+00,-6.490768486422150652e+00,-8.020890745354066098e+00,-6.171041354737988982e+00,-5.830906890031230638e+00,-1.151344339604092859e+01,-1.525649945400583540e+01,-4.336298800330171233e+00,-3.645521969758763525e+00,-7.587406256036951291e+00,-3.591819596370979806e+00,-3.701467659144961786e+00,-7.446414241901022635e+00,-1.035201418147151387e+01,-1.836702663223178433e+01,-2.493075052529630753e+01,-2.323914194750188500e+01,-2.242293893487007850e+01,-2.256619660151487139e+01,-2.257945831203277010e+01,-2.321114346608950285e+01,-1.896916631467080450e+01,-9.724911586397645635e+00,-7.257082227337567026e+00,-8.000850327452914357e+00,-5.055277487173360562e+00,-3.948504063115959362e+00,-5.948144954638214799e+00,-8.183287782705818358e+00,-1.105709943514109206e+01,-1.451161259263466796e+01,-2.086519478740949296e+01
-2.198457184095143901e+01,-1.944417474632777854e+01,-1.419388177812903429e+01,-7.973082614542201796e+00,-7.777923894296032259e+00,-9.570172610080771136e+00,-4.649803474574190076e+00,-5.457889032731396028e+00,-7.216086858040106300e+00,-2.068980077749778879e+00,-2.777323955839126501e+00,-9.153750315681817185e+00,-6.989646368403425569e+00,-3.692879071469941099e+00,-5.960169387346057945e+00,-4.162264134878425281e+00,5.909363101191660306e-01,1.073087482844158114e+00,-9.769839384426634021e-01,-5.650514504095262680e+00,-1.158423734767818303e+01,-7.952601907340548060e+00,-7.575224330659546368e+00,-1.036933936503121778e+01,-1.795993103916704925e+01,-2.011272511454675893e+01,-2.060579902450473355e+01,-2.020549489353892980e+01,-1.863100524490738508e+01,-2.046267983908827759e+01,-1.251644334168333117e+01,-9.064458421199997673e+00,-9.540073836240235750e+00,-1.122766030592725528e+01,-9.657832598640279542e+00,-1.402744543575367686e+01,-9.058590265597452174e+00,-4.762243906886591382e+00,-6.871446140307883255e+00,-4.215686512016377563e+00,-2.054277544091087648e+00,-7.042122176387176857e+00,-1.842852712458498488e+01,-1.312019144730760800e+01,-1.168507374871902549e+01,-1.506563979582520041e+01,-1.407379844974231098e+01,-1.059206197349092626e+01,-9.291016235057558248e+00,-9.724931687518580503e+00,-4.286708372521262689e+00,-3.435693912407264961e+00,-7.282046589088807309e+00,-5.405665558886665778e+00,-3.449790049150499804e+00,-6.730824255070475104e+00,-1.006750278160521539e+01,-4.271626184269182502e+00,-3.363041072897253958e+00,-6.166918530399859044e+00,-1.290386606227455779e+01,-8.132276251136911327e+00,-6.721579631169636748e+00,-1.219705467554875256e+01,-1.865029529799386054e+01,-1.212817869112900482e+01,-5.479410851392213289e+00,-4.142641052345320318e+00,-6.874697226320387600e+00,-5.210543576692570511e+00,-1.258208221275007643e+00,-1.533632969244622002e+00,-5.932125182969492094e+00,-9.328748931429979407e+00,-5.757619462261310161e+00,-8.601991466474441239e+00,-1.871923414314872858e+01,-2.343902436294996505e+01,-2.023855361681223286e+01,-1.692227649137463885e+01,-1.583962598701432967e+01,-1.746939177503934815e+01,-1.986544908586035518e+01,-1.990294033667944618e+01,-1.892266341119373152e+01,-1.474357348370414300e+01,-1.569975708077638288e+01,-1.765143470176152718e+01,-1.777740388844513930e+01,-1.493741041709003170e+01,-1.602613610798683297e+01,-1.193770488378859262e+01,-1.230550639937148993e+01,-1.882889390588955081e+01
-2.181051577676468156e+01,-1.661857683993947887e+01,-1.047269427293986865e+01,-6.833807758513213315e+00,-4.921352464224791667e+00,-2.584028138965727361e+00,-1.563638870713910167e+00,-3.721296159460824704e+00,-7.915368509200725988e+00,-5.582098221962621842e+00,-7.602731150239418589e+00,-1.325365060740123546e+01,-8.031714866616132653e+00,-7.956893696261278848e+00,-5.881756530661918170e+00,-1.209063092708723974e-01,-1.702166016674770965e+00,-5.243410457492678312e+00,-2.464102602158027011e+00,-4.586342177639117779e+00,-8.018541878128786493e+00,-1.287062832293942272e+01,-1.509959504507869710e+01,-1.078834329450750573e+01,-1.459783477819953568e+01,-1.738169580893250199e+01,-1.725824851842744323e+01,-1.779292144481387083e+01,-1.791945401046547204e+01,-1.326966446305056380e+01,-7.465922495303585649e+00,-6.665307634368337730e+00,-7.146999539437780768e+00,-7.734571768828669924e+00,-1.231305256790278690e+01,-1.098036288755707268e+01,-7.202299347272957064e+00,-8.374230406876932875e+00,-5.945505248788234276e+00,-3.058455957440742168e+00,-2.421839200405256687e+00,-5.913072416892630301e+00,-1.547806906470443877e+01,-1.485575993028909103e+01,-1.651356951303794318e+01,-2.065105094799416463e+01,-1.390211294611524728e+01,-7.470719667298715727e+00,-4.907239803459373384e+00,-5.129401800949449530e+00,-1.563383738486982644e+00,-5.702145837515643079e-01,-4.576587046358397082e+00,-9.019917030554974957e+00,-6.925313102946345722e+00,-1.207087253605469535e+01,-8.893464166534659654e+00,-5.399583790343620571e+00,-8.493672796756545296e+00,-7.584999556486317296e+00,-3.125431256200077446e+00,-3.062995066647355102e+00,-4.406867167164135957e+00,-9.248871357684420147e+00,-1.937820124947726086e+01,-1.330583391483578914e+01,-4.981140607354269001e+00,-3.641392104887549053e+00,-8.734437464289582564e+00,-1.202050775829307838e+01,-3.174988087191316311e+00,-1.203278138177551915e+00,-5.902280061920254006e+00,-1.124733383072134529e+01,-7.398885971778619286e+00,-8.422980064142187473e+00,-1.922975820934611590e+01,-2.349732767042626591e+01,-1.693012027519975859e+01,-1.546545997612278889e+01,-1.573820159798182949e+01,-1.644621286961843865e+01,-1.822556053191021519e+01,-2.183534788855697784e+01,-1.946322157938815778e+01,-1.842135696925639010e+01,-8.851631295474279071e+00,-6.881896958702561129e+00,-8.021084187096541029e+00,-1.189319635666404373e+01,-1.053548414123770272e+01,-1.052985564178584355e+01,-1.658136177338616690e+01,-2.306228645596660343e+01
-2.166683315357950690e+01,-1.137233047632353333e+01,-9.520161209767953991e+00,-1.067294164613492313e+01,-8.004794329347408421e+00,-9.225760526510102366e+00,-2.608319652810520584e+00,-1.574543238708436377e+00,-3.773387327360488097e+00,-6.483060260039533063e+00,-1.564640188584667690e+01,-1.433942645868584442e+01,-7.360241687826109214e+00,-4.051169869642496479e+00,-1.173737985736946987e+00,-2.964460910116241688e-01,-2.208096458496317638e+00,-7.087158186816985506e+00,-1.553150589617690613e+01,-1.700160660311895455e+01,-1.674553268171688813e+01,-2.019484252782685729e+01,-1.373435710436576507e+01,-8.244218871313252706e+00,-6.055108310170256303e+00,-7.116206990271404464e+00,-1.186250411660225623e+01,-1.312302288797779148e+01,-8.763310227550293874e+00,-5.156001623655329880e+00,-6.769017897589358235e+00,-1.355553529166072835e+01,-1.854341923983799845e+01,-1.689804294527380790e+01,-1.540104590766921433e+01,-1.310102710007243054e+01,-7.897246652026167268e+00,-8.299769301864682092e+00,-4.938871290183021401e+00,-6.787610568465066052e+00,-1.154860683006588040e+01,-7.621713002063406073e+00,-7.846889735646330521e+00,-8.316838275490468391e+00,-1.136509984903941906e+01,-1.804743690527473277e+01,-1.595771446117776016e+01,-1.047768233323143150e+01,-1.089001225184843058e+01,-5.875211631172194693e+00,-7.410212958680181927e+00,-6.983555550189950445e+00,-3.937820334138208533e+00,-4.874981632811485888e+00,-5.721184549533792740e+00,-9.598497104093517862e+00,-1.291382428814221051e+01,-8.611051646730572884e+00,-6.495294922349081013e+00,-3.421970607802587772e+00,-5.834897025242476332e+00,-1.045599534194593438e+01,-1.039029652856448216e+01,-1.240362121328453071e+01,-1.240345571817460524e+01,-9.283290062795943598e+00,-4.041498333502826057e+00,-6.252202377383649257e+00,-9.049229686659884919e+00,-7.957453011088288619e+00,-4.882985611412107296e+00,-7.165822823598320568e+00,-4.193502185431978724e+00,-4.663775684746243932e+00,-5.750876555093681120e+00,-8.210168898679846450e+00,-1.345278646123662014e+01,-1.978266188634383482e+01,-1.749798819554793639e+01,-1.554529579985807786e+01,-1.586925553172999059e+01,-1.483751405227161335e+01,-1.409229807403505674e+01,-9.596348418665758828e+00,-1.017078398130762373e+01,-1.347124831616763707e+01,-9.852731188712551713e+00,-1.575333638455869600e+00,7.408532626587747139e-01,-6.613642398033807712e-01,-4.124853383620522784e+00,-1.090778692609312905e+01,-2.008945969487890437e+01,-2.049045112367310395e+01
-2.069724434832387416e+01,-1.017537508212991781e+01,-5.832299112125168605e+00,-5.670102666568205052e+00,-6.664267879460358479e+00,-4.624280430677997877e+00,-6.084530404971657980e+00,-4.951117050778596429e+00,-3.864433608697960487e+00,-5.789089181979037768e+00,-9.011751198814554442e+00,-1.071141886435492196e+01,-6.005643907999028031e+00,-8.555231737952700755e+00,-1.156721567833412045e+01,-4.911806561174822505e+00,-5.040645627961682251e+00,-1.057620893140289375e+01,-2.368130876103807125e+01,-2.391540857914095852e+01,-2.458248332102634137e+01,-2.313228093406368657e+01,-1.388456493260084024e+01,-9.308391571963683830e+00,-1.204853137885444703e+01,-6.770430756901499869e+00,-5.369332263465102173e+00,-1.094694785414862892e+01,-8.070686341250793205e+00,-1.180852982901424397e+01,-1.186131752708743825e+01,-1.116588809816364147e+01,-1.601871186552249782e+01,-1.726383616791065378e+01,-1.392208263272265256e+01,-1.274973316413129609e+01,-5.403463050579519589e+00,-2.279454803664904716e+00,-3.564866506869623031e+00,-1.094619740410806585e+01,-1.446555225651617960e+01,-1.183136761119599889e+01,-1.293737316499096401e+01,-9.419243869983620954e+00,-1.207054249721225681e+01,-2.368129729857104948e+01,-1.502272982588163508e+01,-7.548987094147816101e+00,-4.413537639198620077e+00,-3.357073880243967690e+00,-4.437735711563528973e+00,-6.875776995124155633e+00,-1.359947824064706801e+01,-1.806329665018644093e+01,-1.281406798298418614e+01,-6.447588284810383819e+00,-6.070908732496934412e+00,-9.063270961618147936e+00,-1.540319500814742959e+01,-1.181239870977309891e+01,-4.114144821846875466e+00,-2.421464653895640140e+00,-3.126769860823296110e+00,-4.643315759697401290e+00,-4.792959698362846410e+00,-5.766678596048226524e+00,-5.297406877166733530e+00,-4.219014314787465914e+00,-4.728008772962527750e+00,-2.916623437795106355e+00,-8.141277168068123515e+00,-1.050991265162796928e+01,-3.640500402223467713e+00,-1.762271163555360953e+00,-6.426221374372066641e+00,-9.701835488078682346e+00,-7.791091315319083499e+00,-1.127630556617398661e+01,-1.543633175447497052e+01,-1.308757757543369138e+01,-1.512692757883972305e+01,-9.964348344214849718e+00,-3.947130751833750395e+00,-1.358258537158570922e+00,-9.367685069113356189e-01,-1.149958730311005484e+00,-1.397463973852050234e+00,1.121184037763244934e+00,-8.948156319532600822e-01,-8.134241245435784862e+00,-8.709104815889185502e+00,-5.788131361062816005e+00,-9.242677871432148251e+00,-1.496491980506735331e+01
-1.928252545670966711e+01,-1.130872345705712156e+01,-1.100653509275991304e+01,-1.178368673664526689e+01,-7.539525428488993875e+00,-5.656885082207203652e+00,-8.165104669183206099e+00,-1.244948908818709832e+01,-1.649813852696060579e+01,-1.067131496899849274e+01,-3.532479340501258669e+00,-2.208616700929612708e+00,-7.639253793194574094e+00,-1.322322960579785800e+01,-1.178094314196665593e+01,-1.400413368294923444e+01,-7.808693731910691049e+00,-7.767488916025914847e+00,-1.346545135722224629e+01,-1.378113204160407257e+01,-1.547053756236111255e+01,-1.651264367994775029e+01,-9.868407861345765753e+00,-5.983307197603876304e+00,-5.305010451057742493e+00,-6.136685806202750726e+00,-2.001623062843991718e+00,-1.746802687077461780e+00,-8.122173857252491302e+00,-1.578605960099912942e+01,-1.219254710081684756e+01,-7.781761487325032256e+00,-7.543343074978661633e+00,-8.049422938469977140e+00,-5.529137436824496987e+00,-6.899049816793099588e+00,-1.081566632230387448e+01,-4.459771284564381766e+00,-3.371619394404350878e+00,-1.015742271667730456e+01,-1.010483034957121262e+01,-7.153390251372820252e+00,-7.267345173510513234e+00,-7.277598037425723199e+00,-1.018069061470399284e+01,-2.075736004676892321e+01,-1.382206375658626918e+01,-5.409176785132788545e+00,-3.447469647047836538e+00,-6.890404067746936256e+00,-1.369116250627991782e+01,-9.602079396992060367e+00,-1.262970742554563586e+01,-1.635214669075085681e+01,-1.362988036170400896e+01,-3.778910810463417480e+00,-1.084547518210589701e+00,-4.481270139886206039e+00,-1.375121515748128687e+01,-1.495928116983990641e+01,-6.099300164018751857e+00,-1.417014365605758774e+00,-2.475342289098271031e+00,-8.404478245617566401e+00,-6.792853019370738821e+00,-1.066066807680736339e+01,-1.290900906156712580e+01,-7.306135556141994947e+00,-1.199304284802449549e+00,-1.611376612877422954e+00,-5.188321670355824367e+00,-4.939226634929634763e+00,-1.934571647419018214e+00,-1.759349560756945152e+00,-3.768402773868974265e+00,-1.100641499594686579e+01,-1.118819734632164931e+01,-9.660555609848227476e+00,-1.571747789676938289e+01,-1.345698158910968090e+01,-1.207934583083283187e+01,-1.077773993736517077e+01,-7.850774427140149392e+00,-6.326894118369831510e+00,-7.090843089685733958e+00,-4.835932984413410018e+00,8.132995321968954361e-01,-1.450608446318405020e+00,-8.334656936692537599e+00,-1.036835287163941999e+01,-1.135772295034919388e+01,-6.367111007602228590e+00,-6.538277071565102183e+00,-1.492524174412780624e+01
-1.909174059902771958e+01,-1.396214993059749965e+01,-1.297091581458530918e+01,-7.482892248212487551e+00,-2.556292882013297962e+00,-1.160387077552727630e+00,-4.708149271433982541e+00,-1.386820104080817551e+01,-1.166863965620654575e+01,-4.544496568813489290e+00,-2.442373342465731234e+00,-2.394984049173448870e+00,-4.588787320434243533e+00,-9.755315255567516886e+00,-1.413389954447516672e+01,-7.206299249606784585e+00,-3.261257809595795365e+00,-2.700779847901221054e+00,-2.642108353719775593e+00,-3.869968852670665704e+00,-7.640304381677410994e+00,-1.503850943137225826e+01,-1.018521001619181021e+01,-3.905856241380547988e+00,-4.515957692225314624e+00,-7.346272497507878363e+00,-5.083184652902573930e+00,-1.676442897566351897e+00,-2.843550531215147448e+00,-1.048300839389220407e+01,-1.411642492345762179e+01,-8.445273925343919075e+00,-8.417335724095618588e+00,-6.834111817769692010e+00,-6.831576898607904624e+00,-1.297124993686271743e+01,-9.308836269929919638e+00,-3.004785416113044061e+00,-2.518310292064515621e-01,-1.375458963288699543e+00,-3.858397671861326206e+00,-1.074032970016861732e+01,-1.302170204794705555e+01,-1.211408173371831332e+01,-8.407187683274520040e+00,-9.384322018062906778e+00,-8.747278811614638272e+00,-1.014877238484935695e+01,-9.599113641217035919e+00,-1.096780142021546745e+01,-1.363602755846086012e+01,-7.612871259163799920e+00,-4.533271128272275519e+00,-5.082250864289858505e+00,-4.677130949520192260e+00,-3.412609862569210062e+00,-1.095897217860771988e+00,4.392220200181208289e-01,-1.857419785749847341e+00,-5.975990586198133947e+00,-9.951952373418734510e+00,-4.031887960184171504e+00,6.024136911693651897e-02,-1.361746605485677719e+00,-5.034998632694715148e+00,-4.089163586353750546e+00,-6.323240847486522043e+00,-6.868910083881003104e+00,-4.520591539454597907e+00,-7.670183264106684717e+00,-1.577252415379577499e+01,-1.223546650598044572e+01,-8.963397798970026642e+00,-1.075267765747099702e+01,-1.047102651017249642e+01,-5.516963572401072824e+00,-6.495057439069068295e+00,-9.636157859037837170e+00,-1.444275504224332529e+01,-1.788668166144045912e+01,-1.878072881606732381e+01,-2.159594526456270458e+01,-2.164362989546935623e+01,-2.007804155533483836e+01,-9.429908761399330430e+00,-1.785118860815497310e+00,-8.837886335151468042e-02,-2.561214480658558834e+00,-1.142737664882387882e+01,-1.194020926194383847e+01,-6.514636507383430697e+00,-5.376998241696513858e+00,-8.287901254058573031e+00,-1.492086273075757852e+01
-2.078944978181107572e+01,-1.765636334759192039e+01,-1.396071574132107074e+01,-7.723756072149111418e+00,-9.735532953818410107e+00,-4.758455383675020300e+00,-5.169397053090758476e-01,-1.205422369690579698e+00,-2.129810903386458509e+00,-8.405993071135299033e+00,-1.644253119981357969e+01,-1.207324391614954351e+01,-6.445124948185532610e+00,-5.255884373578492585e+00,-3.066606889570379746e+00,-2.084694992456592288e+00,-7.104128295175286212e+00,-1.110223734815226315e+01,-1.016539420190344423e+01,-5.627448884508283733e+00,-7.910261885049485464e+00,-1.670459575138569974e+01,-1.466227526471793929e+01,-9.076720128399328402e+00,-3.553872830577208930e+00,-4.622854004246192083e+00,-6.471307364961774944e+00,-3.087480706286568122e+00,-4.244476033313655527e+00,-9.669119231733054320e+00,-1.782186313217545148e+01,-1.839184484224558247e+01,-1.657428070208010951e+01,-1.165883850729764148e+01,-6.819477144693363968e+00,-5.702659578451990896e+00,-9.523355300486203490e+00,-5.785647825468942074e+00,-9.806199237129602508e-01,-1.228659404264063060e+00,-3.168781363360425818e+00,-7.924468600910752336e+00,-1.485385012488833745e+01,-1.593894701059154073e+01,-9.355412386745387110e+00,-6.650950791059431211e+00,-7.542100076730540614e+00,-1.209058635634493939e+01,-1.277271219783665401e+01,-9.340170916794352962e+00,-3.729845565350758729e+00,-3.686994446466653752e+00,-7.944997858449903028e+00,-1.486950209696628278e+01,-1.310575009402971425e+01,-1.578170620177752248e+01,-1.304837075869242291e+01,-2.980338346385370318e+00,-7.824618649634896839e-01,-5.161441862870272956e+00,-2.590413308644257562e+00,1.539637702757668425e+00,1.897394917828169048e+00,-7.227237988981151107e-01,-5.736498869539225609e+00,-3.366554109577039267e+00,-3.729157926030241654e+00,-7.077555530333105693e+00,-9.298121602549029419e+00,-1.511401082003966501e+01,-1.715275976056078733e+01,-1.646199171804968486e+01,-2.007693669423891691e+01,-1.141593030789913676e+01,-6.573620844438585742e+00,-7.552823618887017254e+00,-1.361427776064716610e+01,-1.767541649438053142e+01,-1.473663851291458116e+01,-1.716639405546390407e+01,-1.819162015970042745e+01,-2.169800854831761683e+01,-1.713914309117605583e+01,-1.214506916641500034e+01,-1.009956319621532650e+01,-1.015928530003983177e+01,-7.030507626446225622e+00,-8.418817122490189320e+00,-8.954482501182482679e+00,-8.667829752887145744e+00,-5.915470632284821839e+00,-9.040987784233166735e+00,-1.790888143458577630e+01,-1.813100492885347137e+01
-2.441134464579969787e+01,-1.904069740096957730e+01,-1.096642035647853497e+01,-7.394788389720439170e+00,-6.094089786441339918e+00,-6.544111128487339002e+00,-4.074952224592511385e+00,-1.423610854637315626e+00,-1.544078317571338177e+00,-6.204615715381497587e+00,-1.404974348604793910e+01,-1.345374165702187774e+01,-6.906733317182243148e+00,-7.515651974202580909e+00,-1.998766628304193160e+00,-1.532860520104689095e-01,-1.730015998609993888e+00,-3.451455789121129936e+00,-2.585622128867230085e+00,-1.176813743299730985e+00,-1.824850479247647872e+00,-5.258835343726567579e+00,-8.457384900091241775e+00,-1.179832196557223156e+01,-1.310519823449195442e+01,-9.955720430624047879e+00,-1.125728752479847294e+01,-7.580089594357734661e+00,-1.053490634690360039e+01,-1.482115625370444612e+01,-1.272698049416661448e+01,-1.240044065615115620e+01,-1.044926182520871905e+01,-8.132280736989368819e+00,-1.085678394957084869e+01,-5.307415981972607888e+00,-4.283540574686605318e+00,-7.345977284315693190e+00,-1.049490168857206918e+01,-1.627784654813924448e+01,-1.773106313486779229e+01,-1.335417725906666142e+01,-1.271162646262402163e+01,-1.243527534977319426e+01,-1.336310303693561963e+01,-1.939811826716957910e+01,-1.438868093949981208e+01,-4.846717644001937053e+00,3.018377874165895647e-01,2.191554506081883069e+00,3.299630355665923442e-01,-7.321308911022566868e+00,-6.125243320630464616e+00,-4.766195661300408837e+00,-7.877712930098663691e+00,-1.257215136415926260e+01,-7.427110007732589558e+00,-3.503077089327149007e+00,-7.188242700747672131e+00,-7.341302021964666302e+00,-4.862866641886070873e+00,-5.739965677806867284e+00,-7.234974291645751343e+00,-1.283538325570222227e+01,-1.055364609522626651e+01,-8.390938559019495813e+00,-1.051151719718080457e+01,-8.329277977088972662e+00,-6.112659807609455598e+00,-8.811765254577460738e+00,-8.387618632215525949e+00,-1.247140305579742225e+01,-1.815011385732073634e+01,-9.678246136575305414e+00,-5.742539363100349625e+00,-8.121044644041557348e+00,-1.481371629031407267e+01,-1.253330282347280367e+01,-1.532963746315252429e+01,-1.710118924951277819e+01,-1.119547461268989075e+01,-9.234814500073706967e+00,-7.668569678860592376e+00,-4.597061977795322996e+00,-5.772833468209456420e+00,-1.084456008109972913e+01,-1.926910598199950897e+01,-2.211054562879206031e+01,-1.715451499814013303e+01,-1.066853494864667695e+01,-7.719843132647476125e+00,-8.550227172572258283e+00,-1.321185930891533111e+01,-2.012429832171842392e+01
-2.706980015271431128e+01,-1.937207356124025281e+01,-9.790109895327647749e+00,-7.766538332882184648e+00,-1.291800580824041589e+01,-2.012893992903604712e+01,-1.700486290110329080e+01,-1.092571468321114914e+01,-1.097763136867613198e+01,-9.089650102663132003e+00,-1.359629461163500608e+01,-1.623888894266705663e+01,-6.904806630919204657e+00,-1.161998613623575594e+00,-1.905241024320647236e+00,-8.897160075665926371e+00,-9.147431549998376710e+00,-1.057308397219589935e+01,-8.938350971723567184e+00,-9.287199309350553378e+00,-5.461605854508303715e+00,-4.486633417865903972e+00,-7.282771023022646339e+00,-1.397148711970775814e+01,-2.091069437589259650e+01,-2.062382924441887155e+01,-1.815990988780997384e+01,-1.022643930052975847e+01,-5.257932942956398570e+00,-4.831373676858655486e+00,-8.500338420702542308e+00,-9.044474137771105759e+00,-1.985213936494954146e+00,-1.041095403794567886e+00,-3.133058593811212322e+00,-7.085439761020315252e+00,-1.168170599303493695e+01,-2.008348195584982676e+01,-1.801001682538747417e+01,-1.617644052009362099e+01,-1.501934646503544002e+01,-1.227815940063123712e+01,-7.599748591237444728e+00,-6.587534802956847457e+00,-9.931027707336955501e+00,-1.405451078543543630e+01,-1.697407379315767528e+01,-7.842148863740968423e+00,-1.201358284883789596e+00,-4.479228812530062775e-01,-2.497245681459561606e+00,-2.937270523951548640e+00,-4.017453191367647669e+00,-9.833793200968777626e+00,-6.720337176828255821e+00,-3.778137141160140988e+00,-2.138436341230705473e+00,-4.417321752369231191e+00,-1.395459230832741149e+01,-1.128766416676471707e+01,-1.286832514388023796e+01,-1.583469447372965710e+01,-1.789166090162273548e+01,-1.906014374455505234e+01,-2.190318606492411746e+01,-2.469337405496938942e+01,-2.325568377029918921e+01,-1.794081550296790795e+01,-6.502077423308855408e+00,-1.463473375527787557e+00,-2.351466160975952846e+00,-8.908357200135615273e+00,-9.722387145709440404e+00,-6.622692719589998056e+00,-4.628806681531932199e+00,-4.430064182979752907e+00,-8.724834154566359246e+00,-1.469221548400173383e+01,-1.195604075632113705e+01,-1.375010831461706218e+01,-1.522445855296875550e+01,-1.036807605710332858e+01,-6.547560714343149790e+00,-1.794328952647803010e+00,-1.373500267927479257e+00,-5.756213382030038517e+00,-1.513461568222339970e+01,-2.169930063368957107e+01,-1.957194511692877725e+01,-1.886199525417849898e+01,-2.064825128728024950e+01,-1.843309720632887405e+01,-1.584059243395149430e+01,-2.011173972274985999e+01
-2.704636282176640805e+01,-1.654134036672368069e+01,-9.654800121035419735e+00,-8.893706421861299560e+00,-1.441529970867325972e+01,-1.982658573841543159e+01,-2.077983269112647591e+01,-2.022183870855783283e+01,-1.454375389683453257e+01,-8.071108607428152837e+00,-5.477401718468565051e+00,-6.369392528699312273e+00,-1.094127993455052561e+01,-7.827255240180359230e+00,-3.244403107662421348e+00,-3.457765424756875206e+00,-5.133612058984980742e+00,-7.773825838386668075e+00,-1.063155318317155995e+01,-7.819896883587846403e+00,-7.512220792458006891e+00,-1.122912433289838496e+01,-7.648392671794560727e+00,-6.632341246154726200e+00,-9.946465936010284281e+00,-1.537968087793544925e+01,-1.686923508837043784e+01,-1.145407032323480756e+01,-2.449361019272551232e+00,-1.564729255394425200e+00,-5.801952766315555898e+00,-8.583410466107789460e+00,-5.071016773804017497e+00,-3.027521348743195340e+00,-5.578456603493075150e+00,-1.071132060512182527e+01,-9.380880704045525320e+00,-1.285217446950129627e+01,-1.076914265252262126e+01,-7.995665724796596763e+00,-1.069844566007110664e+01,-1.051694184093806150e+01,-1.050949221814988022e+01,-1.263853658279242609e+01,-1.058138001814972640e+01,-1.796949130262253647e+01,-1.683747995703665978e+01,-8.014478060092081080e+00,-5.448269282232589994e+00,-9.764425786703768040e+00,-2.106873555357975292e+01,-1.838078319681862283e+01,-1.069461475677343287e+01,-6.651695638722767256e+00,-4.284926720207596240e+00,-2.774380209172047529e+00,-2.381585150738183998e+00,-1.247094176182081959e+00,-8.743524581098818249e-01,-1.532864115708767683e+00,-3.897341262168737330e+00,-9.400875735604463657e+00,-1.651166986454428809e+01,-1.813789694019824950e+01,-1.928350613985447382e+01,-2.468933423727693466e+01,-2.152384496883620102e+01,-1.350942868120638174e+01,-6.983374815685441384e+00,-6.188603111113886612e+00,-3.597078511950798418e+00,-3.459337038284092447e+00,-5.628056850047469695e+00,-8.932028927554974018e+00,-9.027974667117314667e+00,-6.359028667383800126e+00,-9.449905185111456163e+00,-1.480021839564475883e+01,-1.176695258631182561e+01,-1.249101274596932853e+01,-1.541039750755177806e+01,-1.425281074465125108e+01,-1.049222094934570038e+01,-2.518497823170513517e+00,-1.703199148623125714e+00,-7.691601730244295609e+00,-9.765191182465452258e+00,-1.083191232828276185e+01,-1.836236517874950991e+01,-2.448262362948731763e+01,-2.499658817960117929e+01,-2.221554889568703572e+01,-2.145097284372142354e+01,-2.348453900993214916e+01
-2.586096985767342460e+01,-1.477138684939786906e+01,-9.023513876633836972e+00,-9.338358555685347895e+00,-1.573767296105680735e+01,-2.282781733621292375e+01,-2.313274369395996644e+01,-2.172601899384074287e+01,-1.078928547557838158e+01,-3.138535021730700425e+00,-1.466946530713913344e+00,-4.955349911729265422e+00,-1.473437490812386130e+01,-1.253621510228210312e+01,-6.038014461998765015e+00,-7.129986065201217471e+00,-8.660921892908497455e+00,-5.341147041719887412e+00,-6.429842090889136941e+00,-5.142348853149854904e+00,-9.414099433288868113e+00,-7.544770770909010160e+00,-9.311319613962044883e+00,-1.218263635424060887e+01,-4.614541834030077894e+00,-2.487223761597637584e+00,-3.576556150853519078e+00,-4.466509816274477629e+00,-2.671819374123063362e+00,-2.183735306745283822e+00,-5.665018968499464513e+00,-9.383844382960441877e+00,-1.136699706832797574e+01,-5.526413869076840513e+00,-3.339987217346367832e+00,-7.156198723927168714e+00,-1.586743646595978774e+01,-1.835493743212925821e+01,-1.036318816569039747e+01,-4.969237256831057437e+00,-3.035590172388190844e+00,-2.815272354551363154e+00,-3.776119786822497382e+00,-5.245165337946603223e+00,-7.369858445459708030e+00,-1.362289007734471369e+01,-9.094233002161933754e+00,-3.363225131710140481e+00,-3.742236136930756185e+00,-1.051728566947010890e+01,-2.217941182013421653e+01,-1.967857155772302846e+01,-1.479854896119104879e+01,-1.671786808554147541e+01,-1.698513905942325053e+01,-9.036392012083460656e+00,-9.515658837063003972e+00,-5.566198896351117753e+00,-7.665293307002339240e+00,-1.998118296958710571e+00,-1.477555859554469331e+00,-8.455938467314478402e+00,-7.210126501517029496e+00,-8.852156902783638870e+00,-1.534574474305316372e+01,-2.147285312586437200e+01,-1.989305161970428770e+01,-1.282486271536648914e+01,-7.100046391661686052e+00,-6.751506353044785413e+00,-5.378409673023774928e+00,-6.682573002427528941e+00,-1.187085031130869694e+01,-1.153287239938342701e+01,-1.190412043284818644e+01,-1.233953583906611051e+01,-1.120435054775377637e+01,-1.300172285491561119e+01,-1.079894142757261477e+01,-1.217294323651087851e+01,-1.531029387016516807e+01,-1.332119330459477169e+01,-1.171643286128034944e+01,-1.917202046153253070e+00,2.808191684471274652e+00,2.484498259494788197e+00,-1.691976183626364705e+00,-9.747992390153035203e+00,-2.074556728318936649e+01,-1.941519880386675823e+01,-1.846749105159487669e+01,-1.680301540573208285e+01,-1.691869000524913957e+01,-2.253127601197229879e+01
-2.417457800885386021e+01,-1.118579594294230084e+01,-6.909627781208310005e+00,-8.358778895210898341e+00,-1.288919219345945422e+01,-1.251590679054774746e+01,-1.092631379487656851e+01,-1.114262737290707683e+01,-1.450111503040629835e+01,-6.567990277314232017e+00,-2.734975878163626639e+00,-4.298459893935906884e+00,-1.310772369913972213e+01,-1.015255579828986399e+01,-5.915701817914929883e+00,-6.762501435243096104e+00,-5.019432269711485262e+00,5.078393435473544520e-02,1.657251835794426864e-01,-4.653454863956208776e+00,-1.069773575933452747e+01,-1.572430680482603371e+01,-1.580912278474870192e+01,-8.204191054911971648e+00,-5.415259642752609182e+00,-5.818422201008810468e+00,-7.495136971418568272e+00,-9.537565782580072593e+00,-8.364887921566678486e+00,-1.143074787926352265e+01,-8.264565687418443218e+00,-8.636893481877498502e+00,-1.168995505445035654e+01,-4.742042725600718711e+00,-3.809955586587762344e+00,-7.332507717356746113e+00,-1.505213641844732919e+01,-1.631574701665683591e+01,-1.013678447635187574e+01,-5.815689560994936613e+00,-9.239713977067687267e+00,-8.191918618876579572e+00,-6.576968427568042230e+00,-1.233029688667929413e+01,-7.429819392790454557e+00,-3.764681789227303899e+00,-3.078685049261890683e+00,-4.437418131355146400e+00,-7.599454384318666378e+00,-1.138540740555191810e+01,-1.872567068772508847e+01,-1.673010920559510240e+01,-1.135316304848143609e+01,-1.020509427866265106e+01,-7.839512761617671188e+00,-3.174978302407700959e+00,-7.362643304798637267e-01,-7.645841437797483708e-01,-3.125934795033265434e+00,-2.349913580341332686e+00,-1.221804775723376313e+00,-4.678325859557475042e+00,-6.028667043628949784e+00,-9.623430037085030975e+00,-1.155496687696159164e+01,-7.678396604194347219e+00,-8.364377519298839658e+00,-1.060519845040088072e+01,-1.184270775616743165e+01,-4.463283005908045276e+00,-1.234005692059973569e+00,-2.037194708625109651e+00,-7.425634467762558977e+00,-1.947489220834191670e+01,-2.335858245805508915e+01,-1.978551553163914178e+01,-1.352165068551065374e+01,-1.319960772600706811e+01,-1.780070674488310090e+01,-2.088984743570316738e+01,-2.091924169389728405e+01,-1.324357520086916828e+01,-6.527272331232280678e+00,-1.631253264226003141e+00,-2.416946199752869617e+00,-7.687065857417723080e-01,1.006190889172241532e+00,-3.224200076640153956e+00,-1.050879955521438447e+01,-1.099001400548828400e+01,-8.742886659037859332e+00,-8.706000889427169653e+00,-1.220706619508923296e+01,-1.951298539670676035e+01
-2.384812784746203107e+01,-9.317466432648586760e+00,-4.087804718973090168e+00,-4.943420768946926280e+00,-5.530521983474579351e+00,-3.156169405695129715e+00,-4.274330789643215667e+00,-6.452963588784425220e+00,-8.462419788272395493e+00,-9.694110823045116732e+00,-3.812027850132686968e+00,-3.659065234638133379e+00,-9.035171768798534231e+00,-1.228466575545382611e+01,-4.752822240423375533e+00,-2.694479957721573005e+00,-1.599191064616173608e-01,-1.709632172879784473e-01,-6.200353997922367633e+00,-7.914450774073371164e+00,-8.286712019429730347e+00,-1.758231209789856919e+01,-1.410148477554321289e+01,-1.471192642810946438e+01,-1.905570127325480456e+01,-1.928612491115210048e+01,-1.761337389973546763e+01,-7.779631247639885672e+00,-3.458048346845400633e+00,-3.802259458282779558e+00,-6.912620990951626077e+00,-9.568797651742924515e+00,-1.245988055874157574e+01,-1.115382813442649201e+01,-7.513685272837880014e+00,-1.119255417803578823e+01,-1.564219415440495098e+01,-1.786477413986000329e+01,-5.992136837430082963e+00,-1.145527665496593794e+00,-1.091172592190447821e+00,-6.996753710302343165e+00,-7.504944971416267485e+00,-3.672983616073696389e+00,-6.553196258397919749e+00,-1.063291339653764922e+01,-7.999578373969634448e+00,-1.335130539381435177e+01,-2.036711500053920432e+01,-2.168289043264811511e+01,-2.121315938843008553e+01,-1.380782961615707549e+01,-7.578834592951515070e+00,-5.493699113068553075e+00,-4.704986289861344595e+00,-5.439361982607428203e+00,-8.461014119861557603e+00,-2.208788993924511779e+00,-2.507883637605202498e+00,-3.812483933623270094e+00,-1.537185851933151159e+00,-3.091376616431109614e+00,-3.288381725664542898e+00,-1.929044909672973152e+00,-3.398547377573731598e+00,-7.668119963193904098e+00,-6.307168665648885231e+00,-4.735990009096545883e+00,-5.695837141231764988e+00,-8.189147581254815123e+00,-1.402848951159644386e+01,-7.147442116902742448e+00,-2.981120302497996200e+00,-4.287766247470943703e+00,-6.368186950224212772e+00,-8.435447989171640515e+00,-1.412727921638415296e+01,-2.336500837807480835e+01,-2.501396288348071195e+01,-2.714600226598897592e+01,-2.484270592323847282e+01,-1.649358457223528518e+01,-1.152706903850871534e+01,-1.349058814958340946e+01,-7.655475491503530350e+00,-3.312091148838845811e+00,5.253154539938537093e-01,-4.369690459475517041e-01,-9.108728014435152787e+00,-1.621851217126570788e+01,-1.275275455871758368e+01,-1.375594796105386663e+01,-1.684154670270651621e+01,-2.275720363499342014e+01
-2.278274596403559116e+01,-8.783340944720141152e+00,-3.009861645958097576e+00,-3.073289156153884427e+00,-5.901061629915972162e+00,-3.683243706391726047e+00,-7.275706435903648739e+00,-5.817662528025162594e+00,-3.820846749580894208e+00,-4.146655791125086310e+00,-6.852710360966206338e+00,-1.222111188607408749e+01,-1.387928678902128077e+01,-1.352416816887827977e+01,-6.708785004239091521e+00,-3.765272142623976581e+00,-5.673552450147925974e+00,-6.568958423414441583e+00,-4.185703878917216514e+00,-2.930365091229220287e+00,-2.837196426986499542e+00,-3.580043120306121374e+00,-5.879537691270685151e+00,-8.876488250574395167e+00,-8.802557175788805921e+00,-8.562310311146553943e+00,-1.088552012562981375e+01,-1.188149572061895221e+01,-3.922181548468179901e+00,-2.048590551595237841e+00,-5.921685170267416254e+00,-5.683569482525879124e+00,-4.465286542225435085e+00,-5.161010534777117797e+00,-8.210675031922916034e+00,-1.622725153520617170e+01,-1.796596198183033977e+01,-1.928229817811234525e+01,-1.011262851229981941e+01,-2.671282228918634871e+00,2.798534327950185085e-01,-7.784533174268843947e-01,-5.166327681981012887e+00,-3.083840800617930977e+00,-2.814737890497108541e+00,-6.918628128966844315e+00,-7.542063970326918110e+00,-9.262367648196358161e+00,-1.746134366419503792e+01,-2.393052825119224281e+01,-2.174667997488856130e+01,-1.471604076010643425e+01,-1.616229037374889543e+01,-1.763545543655954262e+01,-1.572415904594524250e+01,-6.132084486801500312e+00,-1.720656463826121918e+00,-2.395252016582929855e+00,-8.615644482136676885e+00,-7.527473604489613557e+00,-7.269620940318915814e+00,-1.003827884132921788e+01,-1.051161083917856764e+01,-3.844016818756772480e+00,-2.593726634663423791e+00,-6.932134795280780359e+00,-1.130545459409210274e+01,-1.469485377806000237e+01,-1.032344879764123213e+01,-1.119472965155952515e+01,-1.900012610183745210e+01,-1.641452881734035785e+01,-6.541722100134759188e+00,-3.719498304617887108e+00,-6.256495200083205255e+00,-9.328255000142004150e+00,-1.548269052450367411e+01,-2.450973171535484596e+01,-2.346200296552654407e+01,-2.111998206710080339e+01,-2.200213132795800419e+01,-2.072214750793398252e+01,-2.053773334811877760e+01,-1.798370326231439975e+01,-9.781654283949864137e+00,-4.581064621061948117e+00,-1.977994754747173678e+00,-1.552457760621099192e+00,-6.614567971513794831e+00,-1.490311615177661686e+01,-1.512733651126280954e+01,-2.194427264402826694e+01,-2.453767782736835201e+01,-2.505859037447067550e+01
-2.147238554247082476e+01,-1.106088464521948289e+01,-5.887381827211104479e+00,-5.372112788216916179e+00,-6.000606788605853836e+00,-6.428080782035872076e+00,-6.469691288264500351e+00,-7.477616237078098749e+00,-1.412650817942757087e+01,-1.412193786294014686e+01,-1.016785085178294423e+01,-1.279738378892284878e+01,-1.308924539654241137e+01,-1.847427330862350203e+01,-1.651110371826701240e+01,-1.451190740019370118e+01,-1.605419717174963523e+01,-1.870311329681749157e+01,-1.612288064304344459e+01,-1.108349857922923398e+01,-1.296748891363713518e+01,-1.408328484478254161e+01,-7.761020225366875636e+00,-7.899851216516513119e+00,-1.137590504519512180e+01,-8.205177193202494834e+00,-9.909606403468432134e+00,-1.582463732390504774e+01,-1.101515248561410765e+01,-2.359420518785614540e+00,-1.054428028272508033e+00,-6.010517240144843676e+00,-1.379328977579326221e+01,-5.493982507314296271e+00,-2.770217147406355718e+00,-5.657467647784018006e+00,-1.249102168092378484e+01,-1.309131833721447613e+01,-1.468029570717343013e+01,-7.536932207945453932e+00,-5.312738519312674157e+00,-7.072916418342691358e+00,-9.811465532563785175e+00,-7.434404304261841290e+00,-5.549844543368830152e+00,-8.124419608786846325e+00,-8.145357377267297139e+00,-9.383455926972317229e+00,-1.726896592142035303e+01,-2.519383357347550856e+01,-2.281166583081430943e+01,-1.589911506079524983e+01,-1.384770496915989924e+01,-1.595488831441067035e+01,-1.604597675088283282e+01,-6.029142029482964737e+00,-2.432109246450352646e+00,-3.746135828122927336e+00,-1.115721513908033380e+01,-1.943581037392735666e+01,-2.007596765271960493e+01,-2.071618197189360444e+01,-1.408562144516520398e+01,-9.435649898470252595e+00,-6.694842532880044494e+00,-8.596098672447865852e+00,-1.636152735105599021e+01,-1.897637719317897265e+01,-8.915579774246509714e+00,-5.291115567633641881e+00,-5.470495671868281562e+00,-5.797926691915258779e+00,-4.609187590363856835e+00,-7.702093585148482191e+00,-1.593967753522428232e+01,-2.017138997667786526e+01,-2.035495266151795590e+01,-2.085199383090686354e+01,-1.762920101070220369e+01,-1.477542248029469896e+01,-1.366995548145389705e+01,-1.435092531509252467e+01,-1.739635995633340215e+01,-1.814236391945840765e+01,-1.635735324444339156e+01,-1.609017566081875827e+01,-1.534789661451571163e+01,-7.294029781124724998e+00,-3.412036945594758119e+00,-3.508769171890266048e+00,-6.483265066881859440e+00,-1.204146248205548808e+01,-1.833958871286498749e+01,-2.336248547033997269e+01
-2.131550730813675187e+01,-1.907592650690979141e+01,-1.021952522145530473e+01,-7.903801767352918617e+00,-1.260881818190705062e+01,-2.053409009907746352e+01,-1.708608370984909897e+01,-9.524029606798940506e+00,-1.036976216937305928e+01,-1.115030508601826220e+01,-4.959533281408982752e+00,-4.625838503901898768e+00,-1.055043686607669606e+01,-1.307771159068238020e+01,-9.073845399827167313e+00,-1.075103033300998767e+01,-1.942985452163196314e+01,-2.300415382679257448e+01,-2.198105068978546583e+01,-1.572437790225695942e+01,-1.146021089480332122e+01,-1.489878849441146080e+01,-1.045558332891592812e+01,-6.641615751391430678e+00,-6.047810273822792126e+00,-6.216728405686012593e+00,-9.439034133058521903e+00,-1.574006701710136902e+01,-7.803462725843308689e+00,-4.668481396572208730e+00,-4.240810615938293004e+00,-7.420631083909256631e+00,-1.541649921597313622e+01,-7.181184487535774430e+00,-3.475843514091477182e+00,-4.687780515708904971e+00,-7.064526528521999360e+00,-4.880558379123665524e+00,-4.869000472544705360e+00,-8.823794596457068096e+00,-1.782019797823102891e+01,-1.995492251070937684e+01,-1.958918557690747164e+01,-1.684669771084206502e+01,-1.159053540275735372e+01,-1.142230269123364117e+01,-9.937831390799814812e+00,-1.499800477551587008e+01,-1.686906718840259245e+01,-1.946876859573040974e+01,-1.789439998656109410e+01,-1.596007787009884105e+01,-8.114295376059176945e+00,-4.174336332964185381e+00,-2.879506357818095275e+00,-5.180104741011970937e+00,-9.331486646380268368e+00,-3.507943131790455027e+00,-2.435417748384737457e+00,-6.116339674345100619e+00,-9.973162436990609336e+00,-1.693982356591491012e+01,-2.019363902942752986e+01,-2.351929755201688721e+01,-1.605795037539708048e+01,-9.843980175451966019e+00,-9.555075007366996331e+00,-8.666940588023161141e+00,-3.369421012613470268e+00,-6.073704061956595179e-01,-2.026037021678278371e+00,-8.541478895153383988e+00,-1.029366366160398272e+01,-1.070989158341880021e+01,-1.469077293491547209e+01,-2.372571268430794333e+01,-2.782239805342834060e+01,-2.426871928360191077e+01,-1.756272471984686945e+01,-1.509158112042671540e+01,-1.874157796062256409e+01,-1.441945641945781986e+01,-1.468511830588985667e+01,-2.193006055938485588e+01,-2.437906444417258811e+01,-2.290504821600941554e+01,-1.526195026500606389e+01,-1.085726414847695587e+01,-1.274530255128423128e+01,-7.185312043035650298e+00,-3.818930970680736614e+00,-7.450412533875835130e+00,-1.676154862111703636e+01,-2.411100878743078013e+01
-1.999137666000336822e+01,-1.136803322261009086e+01,-6.304727026033493331e+00,-7.255974655665873740e+00,-1.345245631214281445e+01,-1.569405183994241781e+01,-1.260919635236148473e+01,-9.121720157377062321e+00,-2.285280469353248023e+00,6.831396404794652655e-02,-3.553248612773613591e+00,-6.914540620804235260e+00,-1.530416775448158129e+00,-9.993334790603805029e-01,-4.286398420989628200e+00,-9.917168774356731831e+00,-1.483662295479305904e+01,-1.357480468823500885e+01,-1.361243323691777896e+01,-1.620311394913807490e+01,-9.443727085356078632e+00,-4.986097010573899979e+00,-5.130605795479922904e+00,-7.064850216426371787e+00,-1.272102483297359043e+01,-1.034436241326304540e+01,-5.309685078429808414e+00,-6.433442314236150317e+00,-1.412846229531172426e+01,-1.574587541095094245e+01,-1.181430134102558505e+01,-6.665925560659066385e+00,-1.010766294420569444e+01,-6.887348020237534563e+00,-3.383393986147033239e+00,-5.420277520181586262e+00,-8.295730897227233669e+00,-1.192284851037468307e+01,-1.442433273080226819e+01,-1.445135403230700177e+01,-1.610573623451423941e+01,-1.418710255301297352e+01,-1.643767069208369236e+01,-1.607896003465891255e+01,-1.806017639182206480e+01,-1.845852046665198998e+01,-1.407541557727291881e+01,-1.475479571851461991e+01,-1.655412257567536116e+01,-9.770093553557790855e+00,-7.599957054520388056e+00,-9.705089520856823526e+00,-9.940302374735043855e+00,-6.782451967742860965e+00,-2.849032836842399163e+00,-3.656517007289479260e+00,-5.320586874765238505e+00,-8.850469194166002751e+00,-9.144999958991085975e+00,-6.196899782026433989e+00,-7.737084633582818505e+00,-1.380454436524525264e+01,-2.111379561488568513e+01,-2.374068978113016470e+01,-1.888913116289701222e+01,-9.491536801950090307e+00,-7.073714599443998274e+00,-8.359760641362624867e+00,-9.014143212567404362e+00,-7.902193476253966509e+00,-7.613544657510599833e+00,-1.219847171890023674e+01,-2.222300759170326501e+01,-2.389023913124393061e+01,-2.412882173130277863e+01,-2.368406958019572528e+01,-2.627516364683765104e+01,-2.530839620343981977e+01,-2.294255608170937322e+01,-1.786408515886075321e+01,-1.090942351023356061e+01,-9.405787529513554901e+00,-1.221740982481969340e+01,-2.052179491451020965e+01,-2.394786591796286856e+01,-2.357227304491693687e+01,-2.141705531191963630e+01,-2.001935388311485298e+01,-9.461277333298170333e+00,-3.990103202863005905e+00,-4.858860843443457256e+00,-1.290501156294276974e+01,-1.935980268893673539e+01,-2.355293035047821348e+01
-1.906391866129028045e+01,-1.041883449885197521e+01,-7.629954913907427638e+00,-4.880320427964417895e+00,-3.785525354346788163e+00,-4.627505592068725804e+00,-6.596858243262377464e+00,-4.510319031387394872e+00,-3.391190572187792629e+00,-4.699681685682967291e+00,-1.515105046282759327e+00,3.184410356131412989e-01,-1.176159324124567584e+00,-6.879669723827714911e+00,-1.591978923985034733e+01,-1.593750825598979581e+01,-1.378886833815675672e+01,-6.894802659462872185e+00,-3.976274140997428930e+00,-3.439780280309835181e+00,-4.970939326607882514e+00,-1.093540089851629382e+01,-1.685757245815328531e+01,-1.626618313008420458e+01,-1.585790041462304778e+01,-9.642311627235486071e+00,-8.116347068536718723e+00,-5.534542981599797073e+00,-4.785038372455074906e+00,-5.228839110776868360e+00,-6.551259611842719544e+00,-7.595726957670295931e+00,-3.349194689293128135e+00,-5.058434095915572470e+00,-1.085558251608773261e+01,-9.111150514643085785e+00,-1.091388905255091757e+01,-1.403691560454910636e+01,-1.652031598890447839e+01,-1.430299935588946880e+01,-8.970471889297396473e+00,-6.546904858826212426e+00,-5.701564410518359161e+00,-5.767653104657153307e+00,-6.711219403555397811e+00,-5.098214932719177028e+00,-4.374997157811659321e+00,-7.198442335073658604e+00,-1.161481272967564493e+01,-1.000520091249763688e+01,-5.746693636410957318e+00,-2.385748737263771346e+00,-2.711333137963806816e+00,-4.009609754719486219e+00,-7.360750021962072509e+00,-1.159849229254015235e+01,-1.004659144405225391e+01,-8.289242491786419365e+00,-1.200901102514395546e+01,-1.589635125750062095e+01,-9.182665122037677818e+00,-8.123364516535705349e+00,-1.095255881972854972e+01,-1.230164418376709534e+01,-1.774326217702817843e+01,-1.194365744416194630e+01,-8.508863713699957643e+00,-1.144867326069429403e+01,-1.615648504029349297e+01,-1.688215211728634557e+01,-1.784899712527647964e+01,-1.786821220927155807e+01,-2.269006932539747012e+01,-2.548866843625989276e+01,-2.418881204270673280e+01,-2.060712761410399096e+01,-1.737629496660765582e+01,-1.783365227767268024e+01,-2.107856200885221298e+01,-2.136268054359450730e+01,-1.235835699584902159e+01,-9.928178934233267583e+00,-1.302413121537666107e+01,-2.097385656764741668e+01,-2.455119814716552185e+01,-2.038541467662950879e+01,-1.397646970510023401e+01,-1.151286159498843098e+01,-6.717997328710234584e+00,-3.262373531025498874e+00,-3.684710441383323154e+00,-7.285801722594539065e+00,-1.404647107115141047e+01,-1.942744878353640914e+01
-1.928259493803932045e+01,-1.749401925478367303e+01,-1.603865282429895345e+01,-8.235965539494920051e+00,-5.944603119741745267e+00,-9.276751764018181134e+00,-4.692797179166981358e+00,-5.748087350114002625e+00,-1.346941986433113669e+01,-1.407535597216876333e+01,-6.713165764174709338e+00,-8.004994996882587088e+00,-1.050142809651031151e+01,-1.294284984279919293e+01,-1.619455358564049874e+01,-1.813745328135113866e+01,-1.478118910357671822e+01,-1.042633645336981729e+01,-8.329158332306525026e+00,-9.443721370430580464e+00,-9.834589217669241989e+00,-1.584161755207186673e+01,-1.486583365365030218e+01,-9.133032625121188630e+00,-7.368787996112036609e+00,-9.674256763936007530e+00,-1.408031940460205078e+01,-1.225033720885627808e+01,-9.768316767348949270e+00,-8.033040697174953948e+00,-6.849509710980748345e+00,-6.714511981589256884e+00,-4.133580641709770909e+00,-2.493486819699090695e+00,-3.185465926196904274e+00,-4.968794424627837714e+00,-6.342751034192726678e+00,-5.440224311714686678e+00,-3.401182947502702891e+00,-1.198067413955686389e+00,-1.792423866687410605e+00,-9.390393721029477447e+00,-8.763983732473413113e+00,-1.243931048040445120e+01,-1.064259140362858957e+01,-4.736623042695554453e+00,-3.388453664032021084e+00,-7.191353460267789544e+00,-1.631050095898108054e+01,-2.191790072490714181e+01,-1.798634037576429279e+01,-7.872606063853798908e+00,-2.759507851615038643e+00,-2.750771350369058510e+00,-8.070730235075904702e+00,-5.526646566988185683e+00,-3.286468143982234746e+00,-5.715074754634114740e+00,-1.237816267344303967e+01,-1.404669911048315889e+01,-5.823440515007357376e+00,-3.040879170444429569e+00,-4.659505586403643207e+00,-1.176328188468036373e+01,-2.075641763646708426e+01,-1.214116390683977187e+01,-5.796823456567606669e+00,-5.089264745197773721e+00,-8.507386072063262361e+00,-1.490751805057415424e+01,-2.315405616686753021e+01,-2.244778652595417157e+01,-2.008747411738930566e+01,-1.948912741269679572e+01,-2.088480092932493548e+01,-1.627729409186596499e+01,-1.171533508337531693e+01,-1.168955095195586580e+01,-1.123910587968624242e+01,-1.120511294146263914e+01,-1.489421792480527529e+01,-1.740273616033712045e+01,-1.704728584436552552e+01,-2.216387583892469593e+01,-2.481808725441581842e+01,-1.751188836988915654e+01,-1.015147202644274671e+01,-4.976535006754660095e+00,-4.084720251188112883e+00,-9.331398379595983172e+00,-8.941901732961106575e+00,-8.931906590801672152e+00,-1.713925417769621262e+01,-1.848427892144704998e+01
-1.978203107764036517e+01,-1.634334317980933449e+01,-1.132352515681860261e+01,-2.890372254040544320e+00,-4.249766041526502613e-01,-3.166337387114117163e+00,-9.985066753361726555e+00,-4.603992065712666282e+00,-2.742760465611382426e+00,-2.378509098035866742e+00,-4.121429813993459312e+00,-8.520755861105257623e+00,-7.497656488502200567e+00,-6.933809616059237513e+00,-7.498157146349118563e+00,-1.615404170096954317e+01,-2.145173984226234154e+01,-2.174437230354558892e+01,-2.384953777960040355e+01,-1.956668092474082954e+01,-1.421170211435512698e+01,-1.348924933416994953e+01,-1.329045549752854605e+01,-8.809545006136444201e+00,-8.921487956148121512e+00,-7.484901656534860059e+00,-1.034024791037645841e+01,-1.709709026174967761e+01,-2.232014912033816145e+01,-1.999911816179867330e+01,-8.297282435760791941e+00,-7.171624300796861640e+00,-9.910004186262744597e+00,-4.172002733327979662e+00,-6.127990503017548107e+00,-3.405702374531009990e+00,-3.326598335983436350e+00,-8.947125646190606574e+00,-3.164432713141044129e+00,-2.785323112364140527e-02,1.360308548699353803e+00,7.872061090113645354e-02,-5.078221848044321973e+00,-1.364748020300745779e+01,-1.234489232267258529e+01,-1.267344719183008550e+01,-1.383123980321865787e+01,-1.416961468529379609e+01,-2.033595094699161265e+01,-2.414401583221376768e+01,-1.925480646526652606e+01,-1.646397370501979296e+01,-8.117120876018251607e+00,-8.535843210642967804e+00,-1.073676100080412965e+01,-6.969517970590462852e+00,-1.100112541585528980e+01,-1.281069912294891289e+01,-1.631174698408858248e+01,-1.403497294883507607e+01,-1.292423836941434168e+01,-1.128465965717514052e+01,-8.109366894227690636e+00,-7.073776397631577062e+00,-1.034521770775892335e+01,-6.839857780864472936e+00,-9.227223474855367868e+00,-1.415972849031863667e+01,-1.423688283821061873e+01,-1.690094845464923168e+01,-1.635476809062479830e+01,-1.472102920903406087e+01,-1.279423872905429782e+01,-7.638257577010432620e+00,-6.336981263463896674e+00,-7.769632031692475849e+00,-1.231365168393232423e+01,-2.261234268563331185e+01,-2.061518908190129906e+01,-1.451523372984575566e+01,-1.146714317086574475e+01,-1.414330973101489164e+01,-1.759516280510522179e+01,-2.236541284807385210e+01,-2.357227078476392990e+01,-1.707349092744448882e+01,-1.168714216265375150e+01,-1.351038130262224257e+01,-7.730330907770204263e+00,-2.907843023423744455e+00,-2.284828819434996383e+00,-4.070985306205088250e+00,-8.734624524566708459e+00,-1.713113953566505288e+01
-1.942008816346038103e+01,-1.137531370464317604e+01,-6.204172495472637827e+00,-3.677024571943277920e+00,-1.815751020588888709e+00,-2.026203167849078390e+00,-4.987551753461246129e+00,-9.682396037959868806e+00,-1.268721251795516913e+01,-1.453294429498830453e+01,-7.015204881011061211e+00,-8.879914008720682927e-01,6.598344411358784134e-01,-7.591803237925479619e-01,-5.109306394135102458e+00,-1.337052677959376012e+01,-1.908469456468703385e+01,-2.274222566534788470e+01,-2.302797058046667900e+01,-1.405054875651306290e+01,-8.412732285571236091e+00,-6.716560838309786341e+00,-4.990529042677612992e+00,-4.799938374861127066e+00,-6.243550257416359273e+00,-4.686580935884302690e+00,-7.283519396662482492e+00,-1.724760145948112466e+01,-2.385445876479838034e+01,-2.393464096341289249e+01,-1.293929506312904998e+01,-4.476860441913494526e+00,-2.172806295270175436e+00,-5.733037082216413616e+00,-1.255453841718405350e+01,-6.661558378868249974e+00,-2.111558197633236045e+00,-2.007890734135178601e+00,-8.656689698066784899e+00,-1.032613440285757989e+01,-1.127573161215121189e+01,-7.526467044640607007e+00,-5.426259587868790035e+00,-3.657529433798008878e+00,-3.652818035126191631e+00,-5.598495184226761623e+00,-7.104520590548800030e+00,-9.011749754521657607e+00,-1.333940841513102704e+01,-1.321171553286513856e+01,-2.012438763083750004e+01,-1.725892560146677113e+01,-8.767370187248568314e+00,-5.486518029532680529e+00,-5.248277483647957986e+00,-8.752274230266122501e+00,-1.226276916529631578e+01,-1.167289102330143535e+01,-1.266114768908432708e+01,-1.779894613989975127e+01,-1.810638041578965485e+01,-1.233983155298324874e+01,-8.215764266167818519e+00,-2.079395670325114853e+00,-1.273962754525624685e+00,-6.555077270046594684e+00,-1.658411416933945404e+01,-2.300611859249930902e+01,-2.514711871174718638e+01,-1.994304653307376185e+01,-1.023736445292801811e+01,-5.682901083389458208e+00,-3.842791749792521472e+00,-6.451499010097085041e+00,-1.422902092033268673e+01,-1.346210331356364698e+01,-1.195765264966814101e+01,-1.699717828993163238e+01,-2.129897578097951794e+01,-1.712522094557510499e+01,-1.800391063432932270e+01,-1.093619248311184222e+01,-8.773262412561846801e+00,-1.087327265693502909e+01,-1.210311967467526628e+01,-1.333337737691655178e+01,-9.241219956061742735e+00,-5.075639872652027762e+00,-4.371352552908233768e+00,-9.193817972907211811e+00,-8.803591828355440185e+00,-4.817449702922549370e+00,-8.230972353433598343e+00,-2.034050682744079452e+01
-2.118678956408491487e+01,-1.747473736948590428e+01,-1.983370744745625558e+01,-1.599818856638061249e+01,-9.537285128999537065e+00,-1.040496487378614709e+01,-1.584502409786158239e+01,-1.556166073536367556e+01,-2.012486285465071489e+01,-2.009756831167290869e+01,-1.409789245390478563e+01,-4.789000813384506117e+00,-3.827372241083367488e+00,-9.192616199252693576e+00,-6.259744411948099163e+00,-7.112117392938720251e+00,-1.613218440256137143e+01,-2.227087235312930247e+01,-2.352179907282423343e+01,-1.585606604688199717e+01,-1.225475131202065704e+01,-1.095350627586791070e+01,-1.267085360653827664e+01,-7.657455459495499994e+00,-4.242272695250134618e+00,-3.994924196847831066e+00,-7.949328999069154911e+00,-1.674843659979759636e+01,-2.363415561337921034e+01,-2.254196855695720814e+01,-1.214409838659914875e+01,-5.458319606349188113e+00,-4.224585386714494462e+00,-6.853428063135385884e+00,-1.174037967251904391e+01,-9.278011911866292039e+00,-1.024031071166771767e+01,-8.406791958046326840e+00,-6.785067727340669208e+00,-1.448239326385174586e+01,-1.451507811096132627e+01,-8.951432832633368974e+00,-1.033103598243698684e+01,-5.746457917382492120e+00,-1.564915761538208772e+00,-2.694074389418884774e+00,-1.010568443382865844e+01,-8.293062227539474307e+00,-5.967855370802686465e+00,-8.107396293467409976e+00,-1.536140932513110258e+01,-1.443206504957753999e+01,-6.936693844308283730e+00,-7.494922327398105821e+00,-1.072066435786340932e+01,-1.298879015744306642e+01,-1.383855309330199646e+01,-7.157140019312070223e+00,-5.579244038962215768e+00,-4.706309917345212313e+00,-3.563041787845780739e+00,-2.603493464130886892e+00,-1.884629203345777437e+00,-3.737205234226126382e-01,-2.362103800320735747e+00,-1.008878534928911641e+01,-2.461701243553088148e+01,-2.523265075132336932e+01,-2.464839545564155188e+01,-1.998546904819319536e+01,-1.299317656316738834e+01,-1.070179795208234630e+01,-1.351097215714941591e+01,-1.127912275042377743e+01,-1.242207839631391231e+01,-1.696585176721473687e+01,-1.461665977632379310e+01,-1.139580767049035970e+01,-1.357312865615580044e+01,-1.370700343909291163e+01,-1.359600912674773454e+01,-9.159083211123368429e+00,-5.037791153369381547e+00,-4.501228264760879227e+00,-8.179933163931375262e+00,-1.589374525055490217e+01,-1.468275128072396818e+01,-1.042466496961884026e+01,-7.236469788817771587e+00,-7.530730490509944808e+00,-1.018725259915022896e+01,-8.854996037621029714e+00,-1.039077023963707802e+01,-2.094305547997212003e+01
-2.504439140606477920e+01,-2.361034475631566920e+01,-2.165001255101551081e+01,-1.115524073786358805e+01,-5.300342726799335047e+00,-4.571320267885865540e+00,-6.073785538847965348e+00,-9.666042482232771960e+00,-1.631986912872520179e+01,-1.663460766878661090e+01,-1.312119539257189160e+01,-1.049950683461448442e+01,-5.767826187817347794e+00,-4.262825356283169498e+00,-4.492178242789987230e+00,-5.628215724103482920e+00,-1.246418205713261074e+01,-1.347813102597216428e+01,-1.433910533871953952e+01,-2.125845568809435804e+01,-2.374289352953548971e+01,-2.153005254705058036e+01,-1.883454279449404112e+01,-1.065240935507537401e+01,-1.349816925126004108e+01,-8.439884681922162457e+00,-6.341633587214299261e+00,-1.252891855019365508e+01,-1.465685976171769234e+01,-1.862531416494262970e+01,-1.426764248331617502e+01,-1.468752468436209924e+01,-1.607917447448465964e+01,-1.543837642394049325e+01,-1.484687678386710274e+01,-1.230190761838115421e+01,-7.884353891273454096e+00,-4.745892630893600916e+00,-3.364201248725714688e+00,-5.931617003874512406e+00,-1.213788725737202334e+01,-1.094899450515276662e+01,-8.970783260746038934e+00,-1.015879129215012711e+01,-7.892866369616778677e+00,-7.843238887988992936e+00,-6.055961200037902614e+00,-6.928016219754669081e+00,-9.433694352361737145e+00,-2.910633758852291475e+00,-5.054514947107783263e-01,-2.000244196844852329e+00,-7.989031620338013617e+00,-1.828146949117583375e+01,-1.994463970022624011e+01,-1.787951530427142544e+01,-1.291384660853126753e+01,-6.288052791345555725e+00,-7.844792419086301649e+00,-7.140840436681846981e+00,-3.739709560352024287e+00,-7.940475484309628129e+00,-1.196642862165594323e+01,-4.657737812095524177e+00,-2.720217794409606871e+00,-8.290876160926671901e+00,-1.468546672639130080e+01,-1.421412661447690340e+01,-1.463027568038029003e+01,-1.717662937333358641e+01,-1.664803529750405175e+01,-1.594710922792467755e+01,-1.220336050978056086e+01,-7.515409285392834704e+00,-5.653821855611194991e+00,-7.369263320529621630e+00,-1.396110464658351269e+01,-1.232260591216629386e+01,-8.620629608286598966e+00,-1.179481294297528926e+01,-1.745606065393642581e+01,-1.511172006309377025e+01,-1.522569410419647795e+01,-1.203663997154015419e+01,-1.342947469511013736e+01,-1.711631334264384208e+01,-2.006056374713405077e+01,-1.993418266869693767e+01,-1.460047159029569208e+01,-8.480558162939111355e+00,-8.154682514525102732e+00,-8.952152377148813400e+00,-1.348584644688806478e+01,-2.180603160747902791e+01
-2.537127383641884393e+01,-2.011174605485331668e+01,-1.827882836365745689e+01,-1.315278784296186387e+01,-2.871433015535935329e+00,-4.098472005204216173e-01,-5.305120334467044785e+00,-7.841008678681588684e+00,-4.564591916080614098e+00,-8.299042351673104889e+00,-1.698955605163280325e+01,-1.666414446086552914e+01,-1.281448197962001956e+01,-1.609555758125290481e+01,-1.581530033875981722e+01,-8.651448801992486892e+00,-2.939934336443957630e+00,-2.250891978409220062e+00,-4.293863567572108408e+00,-7.803450235052604711e+00,-1.110025884099089311e+01,-1.757127721782823926e+01,-1.733289333850662217e+01,-8.065868369416694605e+00,-2.408820918889497342e+00,-7.891739316559208683e-01,-2.088526374842569755e+00,-4.591631321778416819e+00,-7.823776391200247815e+00,-1.339023272196451764e+01,-2.493570105786038837e+01,-2.458467437582438464e+01,-2.032407307303250477e+01,-1.302953875455323463e+01,-1.251883643210967811e+01,-1.613915908864927218e+01,-9.171079946161464491e+00,-1.030529031220658354e+01,-6.593150208903133525e+00,-1.492962690575410756e+00,-1.441069186725680629e+00,-2.071928849736289546e+00,-4.507912455302499843e+00,-7.797158725459222062e+00,-1.081214936436485985e+01,-1.276390936654886588e+01,-1.057761121117770031e+01,-4.226014926713785869e+00,-2.078791355836224763e+00,-1.402301438626077701e+00,-1.360690226448208140e+00,-3.197908249742895226e+00,-1.187429314495740762e+01,-1.054361829730127553e+01,-7.030765178805371107e+00,-6.083063830185487575e+00,-7.199858234107838761e+00,-8.842247880263135684e+00,-4.529947924590983277e+00,-3.014447661263864653e+00,-8.162387206145563567e+00,-1.600531139814784609e+01,-1.134167410734760928e+01,-5.353424927632473462e+00,-2.725377870091059584e+00,-1.748752825687099222e+00,-3.343440438295949502e+00,-5.415769253392669569e+00,-7.641033844221993832e+00,-1.152113303880930495e+01,-1.367455404755697046e+01,-7.250725714457517235e+00,-2.820577640696527499e+00,-3.760103341242251762e+00,-9.963590660536219445e+00,-1.013034840585638818e+01,-9.787821816571186773e+00,-8.802731118909655095e+00,-9.556497539858368029e+00,-1.617885945344017173e+01,-2.347107494221946311e+01,-2.617178962869221692e+01,-2.003700248997565225e+01,-1.255945727269314105e+01,-9.372748889445340126e+00,-8.117583647054514628e+00,-5.229282649294948904e+00,-5.296101155308630126e+00,-9.356779585454274795e+00,-8.098348102128575476e+00,-2.627237213484813871e+00,-3.442166209249597486e+00,-1.007649194987522989e+01,-1.976816967686706406e+01
-2.231399826828914357e+01,-1.618784166347084863e+01,-9.920465710075834664e+00,-4.440812100105432592e+00,-1.669691923291553470e+00,-1.253670796679300592e+00,-7.448259543639612623e-01,-2.067372296628163575e+00,-5.969573436904274999e+00,-6.280085559754931879e+00,-2.772971651148991246e+00,-1.306105141250258672e+00,-1.101755978302717986e+00,-1.184350495445604778e+00,-8.803400068345563767e-01,-2.797756740887988425e+00,-1.009364148509295767e+01,-6.259831731776511532e+00,-2.408316167562020826e+00,-2.234063515055615845e+00,-7.535283149322333784e+00,-1.944364660185885540e+01,-1.663182372072988002e+01,-8.743416622194940757e+00,-6.051596622124515434e+00,-4.734230372363877670e+00,-7.261387205307653581e+00,-1.086211016688043607e+01,-8.759639749177848600e+00,-1.322375388228135229e+01,-1.723837827487717789e+01,-1.948182720485679909e+01,-1.920790581344868997e+01,-9.461957934734218867e+00,-4.152788640102210493e+00,-2.994511530603603422e+00,-6.834474172435973216e+00,-1.374713124797063912e+01,-6.630180446743276335e+00,-1.117192754794723353e+00,-1.130553255690286862e+00,-2.620177791205365647e+00,-3.410840913928822715e+00,-4.736857821945969604e+00,-6.187844848816564713e+00,-5.777418745276096779e+00,-7.905761549697905011e+00,-1.412388649887202519e+01,-1.385637148496962290e+01,-1.364698310899826339e+01,-1.301689878364518904e+01,-9.870675759967811658e+00,-4.590842615547437333e+00,-3.490432973771655512e+00,-4.438066436146494986e+00,-4.187553846722321893e+00,-3.169886645668963165e+00,-4.276310252775806120e+00,-3.484888319105541754e+00,-3.975480230327745890e+00,-7.388496283161846812e+00,-1.289933244249494493e+01,-8.062153889724054778e+00,-7.918753369465498793e+00,-8.750792475334710829e+00,-4.352933169330015950e+00,-6.371449525416012172e+00,-1.021759497774818648e+01,-7.248799343329633160e+00,-1.215249870737623361e+01,-1.950362648715862690e+01,-1.360744296516756613e+01,-2.836827212488162164e+00,1.323292799618566995e-01,-1.621216540227990555e+00,-5.887566111565554650e+00,-9.897167925660090404e+00,-1.055701603641399799e+01,-1.181796488274958357e+01,-1.789292135220272328e+01,-1.989566933810136717e+01,-1.873302039659092344e+01,-2.011539061956093377e+01,-1.040840653739223676e+01,-4.463790184959970375e+00,-3.384819858967683892e+00,-3.860299997821249107e+00,-4.080993325259314020e+00,-3.798279359620889917e+00,-5.746849423199030582e+00,-4.622039957140681388e+00,-2.788132596911722327e+00,-5.730951669128873327e+00,-1.577492888952266270e+01
-1.839816572854514121e+01,-1.781896887027689047e+01,-1.017414289632514190e+01,-5.449808129455772310e+00,-9.311830318042996879e+00,-1.517081088597145211e+01,-1.241795141297268756e+01,-1.186101965545918979e+01,-1.599590259985657248e+01,-1.082997966226125719e+01,-5.761602630993074570e+00,-3.838746243510000600e+00,-4.363561153216269695e+00,-5.936315572424029519e+00,9.989968366088320950e-01,2.082208010654713615e+00,-1.307157937564702221e+00,-7.047268730597229691e+00,-3.178325006300458000e+00,-9.987626078490146053e-01,-4.286635344025278904e+00,-1.413694518976817882e+01,-1.938397889697712628e+01,-1.759135108462647779e+01,-1.971324694730872551e+01,-1.372718027974828736e+01,-5.867462824764508866e+00,-3.249247051387853080e+00,-5.097447671182812279e+00,-8.345051931278323565e+00,-7.420160502597316743e+00,-1.052718091700118386e+01,-1.704489531085210885e+01,-1.463673598045099133e+01,-3.515129823300014777e+00,-2.950756000690225034e-01,-1.811516470972965420e+00,-4.837235130556286400e+00,-3.460756856582068330e+00,-5.939681435136666465e+00,-1.368120011658567492e+01,-1.796784852970542090e+01,-2.079481551183211607e+01,-1.969051992640559590e+01,-2.016411195325024508e+01,-1.930947659240752046e+01,-1.838819743397148443e+01,-1.698235295319603111e+01,-1.655466626742441960e+01,-8.486055867520370555e+00,-6.751991237059723261e+00,-7.723418494410138280e+00,-5.868906523221260052e+00,-8.998253207675293908e+00,-1.462870775160302550e+01,-1.657621055117921216e+01,-1.291326162029553082e+01,-8.126435803540180913e+00,-6.380584735631483539e+00,-1.271120365322899559e+01,-1.269860139012566336e+01,-1.282511945496634453e+01,-1.021484519337413310e+01,-4.250093777285375296e+00,-3.865363254942186355e+00,-9.972696501854986906e+00,-8.708416019101592909e+00,-6.166849467106636951e+00,-8.339845146976683665e+00,-1.307718687020744674e+01,-1.784474900324680036e+01,-6.734028146675785642e+00,-1.615629884796593974e+00,-2.943981660246447252e+00,-3.842255746622736723e+00,-3.494792720715664380e+00,-9.583193574107911061e+00,-1.727123142712837378e+01,-1.413836617184971622e+01,-1.708459256196067955e+01,-1.676455423322027016e+01,-9.383125453096363700e+00,-5.533930360466988496e+00,-6.718325929604973545e+00,-1.231165895985730074e+01,-1.117731710252045119e+01,-1.442386402468231132e+01,-1.354092866515378191e+01,-1.100038816106572170e+01,-8.255080447261272880e+00,-7.037395206719694762e+00,-5.371431048894892868e+00,-8.083871119284216533e+00,-1.835456509948465964e+01
-1.642635819815486897e+01,-7.326752513819347001e+00,-3.013502952221041920e+00,-3.760639372272757797e+00,-1.089865020658239381e+01,-1.939040687318482270e+01,-1.394896266180196420e+01,-8.716050531593131367e+00,-7.246448014972297180e+00,-8.764717279371728509e+00,-1.509775179291506575e+01,-1.687028036503433626e+01,-8.366661507614775672e+00,-2.750851959869380359e-01,1.249711350361979889e+00,-3.007394307271464395e+00,-9.656331103431465834e+00,-9.774311922418817744e+00,-3.440369284880457013e+00,7.829848792258585488e-02,-2.525844996362594408e+00,-1.014455235762403262e+01,-1.898834831958101788e+01,-2.195818914108423314e+01,-1.983821008568324729e+01,-1.962691610442880119e+01,-1.672938990822646943e+01,-6.902200704365107242e+00,-5.089024942045266897e+00,-9.096998481392171598e+00,-8.145047697717743063e+00,-1.183693797050873009e+01,-1.602476549791692406e+01,-1.510179615296380362e+01,-7.304471111940740613e+00,-2.641826588014474453e+00,-3.182313533991517840e+00,-4.779116747753698213e+00,-5.108192801016143925e+00,-1.144844567569004923e+01,-1.885189023137322195e+01,-2.002957368677980909e+01,-1.942802838966795775e+01,-2.139770450849294292e+01,-1.469552308654050066e+01,-1.371213107577638191e+01,-1.346974788052038896e+01,-1.357834691211207989e+01,-1.261056263782155717e+01,-1.025904106588492226e+01,-6.799785129826422470e+00,-5.989611243007270325e+00,-9.385053879034082058e+00,-1.262175310461966760e+01,-1.052525467358113254e+01,-8.259820007405069830e+00,-8.211078871536805934e+00,-1.065933382028789111e+01,-5.614061513559009953e+00,-2.485395690115789424e+00,-3.625513797837645047e+00,-6.961970916373192431e+00,-7.064754368482526914e+00,-2.443101388813213592e+00,-2.605251506918427662e+00,-7.394306034021983720e+00,-1.725022397748767133e+01,-1.797145683825131002e+01,-1.504839391653248271e+01,-2.071747577534934592e+01,-1.189851596130341704e+01,-4.661905395272609276e+00,-2.273490559187698157e+00,-2.918056336326635858e+00,-4.944455263701937220e+00,-6.610715687849158861e+00,-1.399614745344040756e+01,-1.111428049304352150e+01,-9.675214690280098395e+00,-1.208077821933694906e+01,-1.443516790430440189e+01,-1.000167045427884638e+01,-6.557924658806567386e+00,-3.872558921058742776e+00,-3.114083943052328607e+00,-2.583923866688803361e+00,-2.094191034749753211e+00,-3.624934754160328065e+00,-8.891981488707438430e+00,-1.195628603896653708e+01,-1.085291538256900701e+01,-1.221083990916581108e+01,-1.069009745143971202e+01,-1.731992298559876176e+01
-1.795634541300220377e+01,-6.989631166118187799e+00,-3.361520730116922984e+00,-4.739451909111184413e+00,-1.170568889276140645e+01,-1.541533886720220003e+01,-9.332944323332093006e+00,-4.958870376695327487e+00,-3.933605246346350448e+00,-3.269748740572920198e+00,-4.110252583072823818e+00,-6.339473574607128903e+00,-9.560164174592564734e+00,-7.414197773703145700e+00,-3.457640645349028485e+00,-2.637057944529318299e+00,-4.080411997259466794e+00,-4.189111034764490427e+00,-2.862396590311173661e+00,-2.754069059118197771e+00,-5.103914451736935476e+00,-1.230872564784364265e+01,-1.099926585912245081e+01,-1.744818453338564268e+01,-2.488685380057333063e+01,-2.554528020847739356e+01,-1.872589106550565674e+01,-1.196359358816937046e+01,-5.757266628259868568e+00,-3.512538138784195407e+00,-2.482946417876389589e+00,-2.679913602238215731e+00,-4.408530779426956592e+00,-4.983329493645758390e+00,-6.906144251024103120e+00,-1.366136426503029000e+01,-1.004408204624418666e+01,-6.291592077195988786e+00,-3.510074829980587285e+00,-2.982123888296888126e+00,-4.941718770130061777e+00,-9.437308823671873625e+00,-1.627149012782440352e+01,-1.796469892196802220e+01,-1.012063653115362527e+01,-5.812321155287167862e+00,-6.601738808472032538e+00,-9.851421211036873515e+00,-1.802451313621506301e+01,-2.194996844642653855e+01,-2.087302502317924890e+01,-1.680219153034893864e+01,-9.213657444841828692e+00,-6.599702064586741912e+00,-2.232981821916896870e+00,-1.965388490073741723e+00,-3.983086253981140246e+00,-3.973639693333693934e+00,-3.769655628930167257e+00,-2.423450661246572491e+00,-3.808870950588141735e+00,-1.120772896658248818e+01,-7.374167161640174939e+00,-2.365747520840064677e+00,-3.256887045669188296e+00,-1.114856206888408252e+01,-8.687937299640193345e+00,-8.957038917523128418e+00,-1.385908296342529944e+01,-2.146555851511872604e+01,-1.328032540999396005e+01,-1.076198750883627930e+01,-1.308942629974012384e+01,-7.999241166032118322e+00,-3.506634932492279866e+00,-6.270400713633939915e+00,-1.359263683789497712e+01,-9.725018775991392417e+00,-8.189694560791485500e+00,-1.319470635360835331e+01,-2.231931678683771736e+01,-2.247616451645632552e+01,-2.151660206965628319e+01,-1.258978319076214625e+01,-8.338121749762166246e+00,-8.534229691375427862e+00,-1.192246228353136495e+01,-7.004826286854312301e+00,-3.004299752974096904e+00,-2.860979155423783560e+00,-4.334683138970465421e+00,-6.394332429577160859e+00,-9.407767379444688771e+00,-1.555811052010008844e+01
-2.237680626283031771e+01,-1.260884838159373800e+01,-6.898693285006778808e+00,-8.401545241618661564e+00,-1.820401363427928487e+01,-1.981810018138848761e+01,-1.440472711717462317e+01,-1.382487688909835732e+01,-1.607619793199160796e+01,-1.256146523534447645e+01,-5.767993417548765933e+00,-3.919986557524098636e+00,-5.642807734380108187e+00,-9.233166747929272944e+00,-5.054513963115238262e+00,-5.021659425687698075e+00,-9.038884670059115223e+00,-5.113098924100284215e+00,-8.012212887894440527e+00,-7.014472519042175058e+00,-2.699549806944896879e+00,-2.870107957623138084e+00,-8.112076977084827334e+00,-1.792562733358041527e+01,-1.927449012859248967e+01,-1.503326691827792416e+01,-1.735162925444586435e+01,-1.606392596728080591e+01,-9.718245240764581183e+00,-2.263482063290930490e+00,-2.648853844227287091e+00,-1.182497038294584613e+01,-1.635654836720813776e+01,-1.048469949365810550e+01,-8.147921896623968152e+00,-1.436422001557543027e+01,-1.116805171966552734e+01,-1.229724409860452994e+01,-9.450908199211076166e+00,-7.141115659923222836e+00,-8.562909028893031405e+00,-1.099695607899600303e+00,1.063534968867287933e+00,7.278449701034035435e-01,-2.204929083987248628e+00,-1.037394050596306982e+01,-8.281195928595659339e+00,-1.281890569440661665e+01,-2.000888705758919883e+01,-1.978304079456366082e+01,-2.271037325188374112e+01,-2.165831568061960866e+01,-1.139452509337996666e+01,-2.873050438200692280e+00,-1.224643418177790100e+00,-5.503265764212562416e+00,-1.507267538522709316e+01,-1.770984671340971772e+01,-2.051248955772561544e+01,-1.821966567710185458e+01,-8.592118554491987581e+00,-8.219251804498808767e+00,-1.311792448352526996e+01,-8.352994048296830343e+00,-6.717626535823579381e+00,-2.026629527549839160e+00,-1.538326245344274090e+00,-4.306325522691069274e+00,-1.296039509451687977e+01,-2.238991253178473428e+01,-2.257652491641182380e+01,-2.217027970132111037e+01,-1.586233668795899909e+01,-9.481956747455633661e+00,-8.153177740945981355e+00,-8.951189811978496280e+00,-8.710576509464683426e+00,-8.292392805132562827e+00,-9.824470256335013474e+00,-1.736858325473145825e+01,-2.550820362407118225e+01,-2.495539545048178809e+01,-2.202106834514522404e+01,-2.094562829666284642e+01,-1.974767106116851778e+01,-2.081332075159443917e+01,-1.681111231199349021e+01,-9.705249150594076113e+00,-1.264172179988353939e+01,-9.413148215281021081e+00,-6.169210220118248600e+00,-1.070481148850251785e+01,-1.204199667013679154e+01,-1.679691446080143535e+01
-2.212220296326859525e+01,-1.170829293355776457e+01,-6.630611123377188498e+00,-6.794880362604394541e+00,-1.188933795403423588e+01,-2.120596024801735879e+01,-2.473511139459922248e+01,-2.430811630094671472e+01,-2.070031854596441079e+01,-1.880050366094805980e+01,-1.706156178935644618e+01,-8.984869376542711450e+00,-5.120333583713266634e+00,-2.947452848427256189e+00,-2.380291266976505948e+00,-2.489152246666264556e+00,-4.185391402887701062e+00,-7.146094960284370856e+00,-1.327023350893876952e+01,-1.221733349366454568e+01,-7.319426090042026267e+00,-7.767494879935747498e+00,-1.031492353358479974e+01,-1.614293265296774393e+01,-1.433708506328751753e+01,-8.163882640055838635e+00,-4.613604356787797123e+00,-4.672061362248165040e+00,-3.932702205658877848e+00,-6.827892348486104268e+00,-8.768309079153690178e+00,-5.519932226868263569e+00,-5.892176325266071935e+00,-3.922634721261687663e+00,-3.798066292424651991e+00,-4.672001843737269233e+00,-8.494421945141919394e+00,-1.402986990371880438e+01,-7.807580867024975113e+00,-4.944501153076774180e+00,-3.802257987345803780e+00,-2.739131769005690220e+00,-1.216314467445360537e+00,-3.580117505851250215e-01,-7.272597065227741631e-01,-1.395774084462753750e+00,-2.340067084394179986e+00,-3.450343344152432934e+00,-5.234866795741983658e+00,-6.388898106439035551e+00,-5.994547148545582793e+00,-6.171553893585425499e+00,-9.244216217069038066e+00,-2.852673791936169767e+00,-1.298203846925119587e+00,-5.700013551064309070e+00,-1.400737774395069835e+01,-2.245927030456778084e+01,-2.467166643932835157e+01,-1.546303342532560343e+01,-6.095660061735179269e+00,-3.241835010045984955e+00,-3.806542682739581185e+00,-9.149696784671791150e+00,-1.173450667045019991e+01,-7.234246087212094167e+00,-5.856846328645312738e+00,-7.513286250175078784e+00,-1.317353175922166031e+01,-2.367489678414111509e+01,-2.564389458694898849e+01,-2.518894346049755129e+01,-2.071010670818115784e+01,-1.935253891182313168e+01,-1.899634463617108082e+01,-2.207693720690776829e+01,-1.970747583679610671e+01,-1.849773527983296262e+01,-1.589299435422599593e+01,-1.286951223641691477e+01,-1.552292429459117962e+01,-1.763157033093402859e+01,-2.251149492686424125e+01,-1.541987006880185085e+01,-1.080747814031465026e+01,-1.070225329573673534e+01,-1.312185010606842894e+01,-7.448639640573821552e+00,-3.469696635771578830e+00,-2.627488774270795524e+00,-5.410791578779790001e+00,-1.124387319928648843e+01,-1.626634213552309660e+01,-2.020535471443955444e+01
-1.912628453499090142e+01,-1.106488746668791734e+01,-1.011512271333521795e+01,-1.283961326860049290e+01,-1.554905868081917930e+01,-2.082820625525678437e+01,-2.406632571505214102e+01,-2.474376600739583765e+01,-2.403853860020867117e+01,-2.508843828396071274e+01,-1.874209322589440774e+01,-1.409654598199333542e+01,-1.637184884231214710e+01,-1.805562454932916694e+01,-1.865068127148872534e+01,-1.808904436420154127e+01,-1.618922875795750116e+01,-1.774926072232755558e+01,-1.339073301969465746e+01,-1.729560029024333545e+01,-2.245138411255470956e+01,-2.243715787163589326e+01,-2.299729117906162656e+01,-2.378277976159185769e+01,-2.081728379391061878e+01,-1.149113233746361473e+01,-7.870152715083951200e+00,-6.508019882360175146e+00,-1.089675261703300180e+01,-1.044319102024526735e+01,-6.068828266020684481e+00,-4.634173042282663246e+00,-7.146788294145367537e+00,-7.415022770104380712e+00,-1.294646370847330807e+01,-1.237539652546935898e+01,-1.085688471013181200e+01,-1.374659830435163066e+01,-1.225335473040395229e+01,-6.296219552872497793e+00,-1.003443899687544771e+01,-1.647430576938195657e+01,-1.120753916196510680e+01,-1.188329103319171764e+01,-1.125072392425096091e+01,-1.128475044228438051e+01,-6.159999879109377297e+00,-9.621664696346128309e+00,-7.975706431217965076e+00,-4.526260018348693848e+00,-6.745688948098404580e+00,-3.321049267802969052e+00,-7.226898006270308095e-01,-1.360370764014358747e+00,-5.541045223185093072e+00,-1.423098388480772591e+01,-2.111555246856630674e+01,-2.263765726291605063e+01,-2.324180881228290829e+01,-1.957534163443798647e+01,-5.645885554581938415e+00,-7.208884349245370249e-01,-1.661597121024220858e+00,-9.933108776520672478e+00,-1.762379680387316938e+01,-1.713089090045936302e+01,-1.562563468403898881e+01,-1.771337168478552471e+01,-1.624791050232903800e+01,-2.030201555998109342e+01,-1.930587705343904403e+01,-1.867978509083419070e+01,-2.072511363351046398e+01,-2.575767115407366603e+01,-2.600958839776658493e+01,-2.252310436263479332e+01,-2.289802066898529631e+01,-2.252592807100917227e+01,-1.770189960751689640e+01,-1.437774375040866559e+01,-1.367047682433229383e+01,-1.069981799741241524e+01,-1.258392385251260137e+01,-1.416194882696074586e+01,-6.773809447453889909e+00,-2.481646229220493272e+00,-3.026753816071732661e+00,-7.871057898782351181e+00,-2.377876811114414402e+00,-1.134921582170756782e+00,-7.683378525997057729e+00,-1.446695391888333582e+01,-1.539334471193581955e+01,-2.546351350479272924e+01
-1.845276888257506442e+01,-1.172488605999073741e+01,-1.270747824119465008e+01,-1.629922232140924976e+01,-1.806400960580462112e+01,-2.133416002747640405e+01,-1.716946136055654293e+01,-1.707120036160096177e+01,-2.067198696209975495e+01,-2.052801711940581697e+01,-1.950511566154759180e+01,-1.816352205699119438e+01,-1.022427287956193709e+01,-7.742439225918984924e+00,-8.866975375223251632e+00,-8.194228348589586375e+00,-6.289526979128519990e+00,-6.308858701948485859e+00,-1.193736579468714254e+01,-2.081194063969430275e+01,-2.467702058376834273e+01,-2.246493044616169854e+01,-1.710173284019808193e+01,-1.506833549455411259e+01,-1.386832840410500900e+01,-9.705963900093857788e+00,-1.080350910308044021e+01,-9.812383269528663021e+00,-5.640863438102781124e+00,-2.576294430181642614e+00,-5.386016709911268796e-01,-1.879007628160620280e+00,-5.853209391265016492e+00,-6.800692487543948062e+00,-1.022678099891353831e+01,-1.922661707350743754e+01,-2.325875431861950915e+01,-1.900902445651662731e+01,-9.987738916639647968e+00,-4.757542080732209300e+00,-3.254284582673240056e+00,-3.646270928305066050e+00,-1.215802736852231947e+00,-5.240163637597925472e-01,-1.513103688846796357e+00,-5.782347799495925145e+00,-5.611148078087897062e+00,-2.860914346684840126e+00,-3.631291786599940341e+00,-7.939526630504512461e+00,-1.460223957844552345e+01,-1.345823127180625001e+01,-1.316133341118549716e+01,-1.081134217322906288e+01,-1.625473040101156030e+01,-1.570671767857722401e+01,-1.935154574730492882e+01,-2.114172401134219115e+01,-2.074101994905857538e+01,-1.344551062813613740e+01,-6.422666145886989142e+00,-6.240547830658840667e+00,-5.537077665659158932e+00,-3.633398540791748399e+00,-4.265551793552317505e+00,-6.851825483042840226e+00,-1.197403390972600512e+01,-1.294632236208759579e+01,-7.728132798262874026e+00,-5.437530136751531629e+00,-6.158588988243500317e+00,-1.015613401831919127e+01,-1.858006395769946195e+01,-2.685895966840387672e+01,-2.574174487016563972e+01,-1.938589817113269831e+01,-1.356927304277070867e+01,-1.097961790713271668e+01,-1.211543470724469707e+01,-1.814158751463844155e+01,-2.077660418383647922e+01,-1.064510915366670751e+01,-5.816490887676819987e+00,-4.318482110725431866e+00,-2.294103613995403190e+00,-4.443530927934398633e+00,-1.013741554230853481e+01,-4.774895039826689391e+00,-7.260312968443339843e-01,1.164774674816354993e+00,-2.951689702898881995e-01,-6.166948360970570420e+00,-1.515873208073522349e+01,-2.512916902861843127e+01
-1.912736666501142579e+01,-1.133214152755075865e+01,-7.339780883752312413e+00,-8.707557545002256205e+00,-1.543968890397764504e+01,-1.531868776604389559e+01,-1.304223610578474535e+01,-6.544726178638622827e+00,-4.395071059124461499e+00,-5.218204989365386126e+00,-4.511983644985280151e+00,-3.673232219783097552e+00,-2.009856001396801872e+00,-2.065420218328864799e+00,-3.036655363764951154e+00,-2.609919213490679013e+00,-4.570750343546931660e+00,-7.064386242386922810e+00,-1.245800588677613874e+01,-1.715311233799811319e+01,-1.784786799417984682e+01,-1.448340382419799255e+01,-1.163276892682261021e+01,-6.633129838803829337e+00,-4.602515879853382508e+00,-5.075249770013813055e+00,-3.173350433049174413e+00,-4.414899880256726306e+00,-9.507244669633104550e+00,-3.183014688055122665e+00,-3.433838237823491291e+00,-1.022781447684374356e+01,-6.405593193105650229e+00,-7.185433545783305398e+00,-1.604075137544459295e+01,-1.569880875273246978e+01,-1.521517428451420528e+01,-1.295457773585310335e+01,-7.959336717234410941e+00,-8.304158709412135408e+00,-8.293366541522546598e+00,-9.596390503220016299e+00,-9.433420136829331781e+00,-5.279002540948511957e+00,-2.267938720112619766e+00,-6.105070421059466845e+00,-1.162594349811531913e+01,-1.325397167132309661e+01,-6.546222152048453147e+00,-7.425746501985083015e+00,-1.664979314804077148e+01,-2.040441914192743766e+01,-2.048461673898274427e+01,-1.100547844550513155e+01,-5.907067166932056246e+00,-4.742858805239352549e+00,-5.179735918983329412e+00,-4.764267860981770575e+00,-5.303341232627802881e+00,-5.301308220263161175e+00,-1.007052470539805888e+01,-1.862763367728231501e+01,-1.517052951346013323e+01,-1.154171976280579948e+01,-1.203088890931969246e+01,-7.799940336646372430e+00,-1.052872871755405271e+01,-1.345027841354840525e+01,-9.042065276346225033e+00,-6.151505769332709761e+00,-7.374983594596730363e+00,-1.107958729143087595e+01,-1.879892186622399208e+01,-2.698667244185372383e+01,-2.611471079126258843e+01,-2.033041107310036111e+01,-1.530507188955023956e+01,-1.480919055258837247e+01,-1.445905395096207435e+01,-1.569413142672853034e+01,-1.602645981977899936e+01,-1.109654401308768890e+01,-8.255898284544604948e+00,-1.060791183804271220e+01,-6.101803538427187590e+00,-2.562470164429934805e+00,-2.190377389118506102e+00,-4.702115230133078860e+00,-1.055320990384199220e+01,-6.455573849545106491e+00,-2.472838161848323946e+00,-4.001979830493587187e+00,-1.289677293590038509e+01,-2.160152960650493625e+01
-2.072697568720705519e+01,-1.915828275404913583e+01,-1.332316001807563843e+01,-6.695472104011932934e+00,-3.797744079132300499e+00,-3.132780445908305733e+00,-2.150358950676170444e+00,-2.026737645095275375e-01,4.940108833852473458e-01,-2.618149821589593529e+00,-9.179814982398005085e+00,-1.071414777699692777e+01,-4.768221685192718162e+00,-4.112031287081209463e+00,-7.037517238271948194e+00,-6.786578146249113708e+00,-1.212398272167051516e+01,-1.164370388883616414e+01,-5.254619336771368054e+00,-3.240909457931686166e+00,-2.969121273140457262e+00,-5.894303982427813615e+00,-1.044521962976179985e+01,-7.277235388066727317e+00,-7.216974279554363214e+00,-7.710646532978396195e+00,-2.948180621127402201e+00,-1.967226532440424336e+00,-6.793348216711900811e+00,-9.858538734660212910e+00,-5.352965656273167561e+00,-8.182611706628964754e+00,-1.184532242289857429e+01,-4.285062676607873655e+00,-2.357053425977713612e+00,-4.605347703302526519e+00,-8.602943952832378116e+00,-5.905963880478302563e+00,-3.035971681736338024e+00,-3.922427214079164948e+00,-5.254667519719155244e+00,-4.538819065730236524e+00,-4.677972504233193440e+00,-1.265258128822086769e+00,9.420530399189174231e-01,-5.466779650562229032e-01,-8.346612088023352527e+00,-1.902109272355978220e+01,-1.576741095452869068e+01,-8.734502921903754213e+00,-3.980699399532840133e+00,-3.286022651976473252e+00,-3.252478994271199575e+00,-3.213664395042007627e+00,-4.429434441130514877e+00,-4.362351676797303845e+00,-3.850589275794365829e+00,-4.399322427134523039e+00,-5.171235415345211806e+00,-4.854227560448508783e+00,-3.374695820615470687e+00,-3.655022053589940256e+00,-5.929256227893866082e+00,-1.207107214477480284e+01,-1.811323739935667376e+01,-1.238857092793047521e+01,-7.717224596552766158e+00,-9.041574011878012129e+00,-9.676656711078562623e+00,-1.679862079271232034e+01,-2.219200286975485881e+01,-2.071450554658452603e+01,-2.283712082791190667e+01,-2.697019626088225053e+01,-2.609896717733041527e+01,-2.491104130570369435e+01,-2.572813630701259768e+01,-2.453794288635253906e+01,-2.147689215709708321e+01,-1.594753335941733674e+01,-1.541664506015520253e+01,-1.439774591339346443e+01,-1.398218245680851268e+01,-1.367151238693207915e+01,-1.140208695343693712e+01,-1.302593138406272111e+01,-1.151671472128645846e+01,-4.496408515281415497e+00,-4.744999055687862288e+00,-9.516347099131472476e+00,-5.620159238060085549e+00,-4.150102756501162560e+00,-8.283180632343182026e+00,-1.757033925708778099e+01
-1.831928663125157541e+01,-1.499681108305679267e+01,-1.346378986178565285e+01,-1.576841860791391881e+01,-1.078848612423347397e+01,-1.211126075957781545e+01,-1.307158082712133051e+01,-6.714940920041475358e+00,-4.169351760305191945e+00,-6.412191707045127309e+00,-1.042335761718896947e+01,-8.247768770522924342e+00,-5.620951230815379951e+00,-6.246735540773138418e+00,-4.973145162439070788e+00,-5.447965210802522940e+00,-1.050227661583005556e+01,-1.136934750387893622e+01,-2.965975602489388407e+00,-6.096709543987812729e-01,-6.191063229059208695e+00,-6.187545731692415174e+00,-2.116711999237652186e+00,-5.984897085696975871e+00,-6.044025387148407091e+00,-4.999444394212696707e+00,-6.420790173299969261e+00,-6.833650458065760880e+00,-9.848695406794318430e+00,-1.446820203509174618e+01,-8.903412596568436754e+00,-4.631028889805825166e+00,-8.735992920805695228e-01,1.147003432337431628e+00,-6.036272637467218205e-01,-9.496733198276144705e+00,-6.699290707850961368e+00,-3.799993268327217066e+00,-8.785505431924940822e+00,-7.962723199342716995e+00,-5.995623082640313406e+00,-5.914140666381012323e+00,-4.964997676834383533e+00,-2.510580340719751113e+00,-2.197550506177600393e+00,-8.113634034761574298e+00,-6.200770708407510767e+00,-6.664568074176766110e+00,-7.614032386585007472e+00,-5.587675860392105953e+00,-7.349734162089911926e+00,-9.682524138792402368e+00,-8.566463486996688914e+00,-1.101656215590548626e+01,-1.711517801817671725e+01,-1.942480228402022036e+01,-1.928436961936583316e+01,-1.690996385952870540e+01,-1.552349116117738426e+01,-1.652743673875841779e+01,-1.057592106141106925e+01,-4.470326754399117419e+00,-4.660297065341633349e+00,-8.624985166597458175e+00,-1.605257207212650172e+01,-1.015489288883172492e+01,-3.988671096533479510e+00,-3.399633546785123084e+00,-8.587438502523021100e+00,-2.103356924406136130e+01,-2.366869309596243554e+01,-2.581006369655072419e+01,-2.649633936983082805e+01,-2.668560506199596105e+01,-2.586638766308970006e+01,-2.582697144730702021e+01,-2.739121110361205780e+01,-2.596630178021557711e+01,-1.957690586611944283e+01,-1.586189176489622454e+01,-1.530388120603469559e+01,-1.055998439458064198e+01,-1.093703165403450583e+01,-1.256574164190273990e+01,-1.377853997180916679e+01,-1.407186137274740290e+01,-7.381826292342992701e+00,-6.292490062456369770e+00,-7.088702341724682832e+00,-3.548400749131204623e+00,-4.749800427800658476e+00,-1.301974953346399388e+01,-1.632202016962746072e+01,-1.960954367172741186e+01
-1.638602168849437746e+01,-7.761624193834661511e+00,-5.636616569952698441e+00,-7.110288794100399379e+00,-1.318373668446476543e+01,-1.481868573925628318e+01,-8.677964129659251569e+00,-3.541005652649094948e+00,-3.592017296938537996e+00,-6.807400179104538651e+00,-3.826377233371913711e+00,-5.018485058938837007e+00,-1.382156680590385101e+01,-1.749701066283591544e+01,-1.051650634390770378e+01,-3.862791678579326593e+00,-2.892391915984006800e+00,-5.455537756224861035e+00,-5.326413660136146255e+00,-2.417778313404549184e+00,4.894755379555240649e-01,-1.043491381288484510e+00,-6.556470502670388001e+00,-5.079965644259443636e+00,-6.552956033993318385e+00,-1.248471972202749392e+01,-1.933504582186425225e+01,-1.848954846174500943e+01,-1.744316020590721550e+01,-1.237157322124708969e+01,-9.966146128255736869e+00,-1.139314723566088361e+01,-4.945654485683335544e+00,-3.346486704423126568e+00,-4.666493429606762611e+00,-6.138563110419551272e+00,-8.814999590030295096e+00,-1.324905016978122418e+01,-8.325287855659146530e+00,-5.990363044086448596e+00,-6.707551356684954946e+00,-6.392178486996762388e+00,-5.894242468482037367e+00,-6.276502050186627990e+00,-1.060409438816798300e+01,-1.584724799654157579e+01,-1.112811497594579713e+01,-7.634649883115911528e+00,-6.379275986224929973e+00,-8.133203779801238653e+00,-1.223169439330496111e+01,-1.888891783844758621e+01,-2.274174484444031918e+01,-2.355426827836817694e+01,-2.408592413569691004e+01,-2.332450042754009800e+01,-1.441751996354560639e+01,-8.503728293729425403e+00,-5.149643507536666220e+00,-3.944853908782519625e+00,-5.728170306696368286e+00,-1.135670293135450137e+01,-1.738295740061412786e+01,-1.476121685638133663e+01,-1.782086664174103774e+01,-9.564986915717005544e+00,-3.225026306159693767e+00,-4.190576113028333438e+00,-1.155818813154922431e+01,-2.369840856416147190e+01,-2.285337193071957174e+01,-2.184063417511868366e+01,-2.194146481001308047e+01,-2.094250546714474126e+01,-2.208426111511641921e+01,-2.261735025674162003e+01,-2.775777661318034717e+01,-2.776558512208089624e+01,-2.484386400542507189e+01,-2.241648751738443579e+01,-1.720483162132072152e+01,-9.655675876117625123e+00,-5.010249257317397564e+00,-3.556995828716741137e+00,-6.428489094065333198e+00,-1.162772879572962026e+01,-6.825346853921408830e+00,-4.154782023733061713e+00,-4.673876189772104617e+00,-4.707483247525430237e+00,-7.339084588953065591e+00,-1.601159728698877416e+01,-2.456349951867193582e+01,-2.512129021242174787e+01
-1.573936040507116374e+01,-7.185814751825351010e+00,-4.820495859506272573e+00,-7.090017270949993566e+00,-1.343127065081587190e+01,-1.077175594616487508e+01,-4.737779471226509997e+00,-7.093422631078142970e+00,-6.814661530085151853e+00,1.643402715487279203e-02,-4.722658647017944494e-02,-5.264378129072157186e+00,-1.117223194063513780e+01,-5.995185325600508541e+00,-5.422909827131297433e+00,-1.063676709476463600e+01,-7.801675187140300949e+00,-2.304559481442958191e+00,-1.241887545905538959e+00,5.500837781974374785e-01,9.944949891877599146e-01,-2.142570662576891660e+00,-8.307715282274807933e+00,-1.280048470046938291e+01,-1.725258067761312830e+01,-1.620581596205459718e+01,-1.980534572086812162e+01,-1.930519432828605630e+01,-1.746603612954906026e+01,-1.879211374514364863e+01,-9.885616654375844803e+00,-3.771995964077855756e+00,-3.408699592528774858e+00,-8.782494684921752892e+00,-9.175145276479408807e+00,-1.061960868844636785e+01,-1.114106063622270781e+01,-1.119627009742751511e+01,-3.750772657077436456e+00,-1.215568273292355617e+00,-4.337477683443180965e+00,-5.277250080783931985e+00,-1.776458987007940360e+00,-4.254823006603414726e+00,-1.139880277380088813e+01,-1.645097487050903595e+01,-1.962390825973540132e+01,-1.893087095286345445e+01,-1.846830652858021082e+01,-1.854807691077965615e+01,-1.506378925926193801e+01,-1.933763450556407903e+01,-2.539520162608122789e+01,-2.533741882265417900e+01,-2.493560937833694169e+01,-2.423827749226594008e+01,-1.821356845774861810e+01,-1.126923613649342570e+01,-9.670153936209706202e+00,-1.017299890564126486e+01,-1.057233927199376566e+01,-1.657267079417645661e+01,-1.266243425913169496e+01,-7.850695137343654650e+00,-8.530049949252767050e+00,-1.162637700005533148e+01,-5.013196638783508519e+00,-2.522958678891433770e+00,-5.188610467837265539e+00,-8.931162079864384040e+00,-1.147590415142404829e+01,-1.393112207883125642e+01,-9.281972613178465892e+00,-7.531698177315596432e+00,-9.951578016226001466e+00,-1.588283362048669112e+01,-1.935857802595017318e+01,-2.111092909039330223e+01,-2.627129716083033983e+01,-2.698263176236308780e+01,-1.836594085105351937e+01,-1.232771384784941127e+01,-1.085108285878205336e+01,-1.387256520975072505e+01,-6.027858874241970533e+00,-3.608867264437078060e+00,-5.899593152062741375e+00,-9.460925269448457797e+00,-1.135854812210465248e+01,-1.087844017061883939e+01,-9.999504419190804683e+00,-1.699671710203607944e+01,-2.528903020737488205e+01,-2.569864413090524025e+01
-1.753808384272404552e+01,-1.247973074756835388e+01,-1.289493712662272351e+01,-1.653352294675647016e+01,-1.754243763058171623e+01,-1.102285604210487868e+01,-3.430779491876017051e+00,-2.342647853135438607e-01,-1.626415035210959092e-01,-4.523857046433179541e+00,-1.103943162249232479e+01,-9.834207585092224591e+00,-3.168934040460627877e+00,-1.169039806709956775e+00,-3.852700202910656735e+00,-1.179238950769795657e+01,-1.684027298429338515e+01,-6.790183816341995637e+00,1.352938509820772114e-02,1.269562812863000434e-01,-5.808106528742235319e+00,-1.508117872028681639e+01,-1.200177334452869893e+01,-1.756189303682948477e+01,-1.422856994033548794e+01,-7.772744363902391207e+00,-5.248075423672479367e+00,-5.269170049757397223e+00,-8.180390188919096417e+00,-1.481865381505448021e+01,-1.555802716363601768e+01,-1.385577503840128522e+01,-5.997800750683038196e+00,-1.079943914425573803e+00,-2.545552465280514487e-01,-3.474425241724374391e+00,-1.260025015502077039e+01,-1.694180832386935620e+01,-7.322760228247082281e+00,-8.299911300306184181e-01,1.636959173914443455e-01,-1.285134215658415791e+00,-3.529829603743690924e+00,-5.111880000156704185e+00,-9.821823735227933838e+00,-7.354499999038975666e+00,-9.702155035125496596e+00,-9.042125324752749549e+00,-6.498718166167566146e+00,-7.093654848477284780e+00,-1.251104000584008880e+01,-1.778714990523968709e+01,-1.493450095520313603e+01,-1.466613027539556491e+01,-1.292367131907586142e+01,-1.256883415688898786e+01,-1.633075535687867230e+01,-2.327952443749459022e+01,-2.520124002320688206e+01,-2.379776439041990344e+01,-2.549121603662567992e+01,-1.650565480450903877e+01,-9.164830551441465190e+00,-5.281848886798571563e+00,-2.315618466636119255e+00,-8.026202657827048448e-01,-1.341034456627827609e+00,-7.602736563811182791e+00,-1.020808917984567366e+01,-5.086363591670071571e+00,-4.367471723198201872e+00,-1.649372528187359910e+00,2.963557542811564027e-01,-1.011868990467401863e+00,-6.523066826466190626e+00,-8.942296566990759032e+00,-8.329925191195714618e+00,-1.322239675411599258e+01,-1.854464314576518191e+01,-2.188792403079641247e+01,-2.298576482688300970e+01,-2.367364250580010321e+01,-2.165276930557280366e+01,-1.105658034322808447e+01,-6.060670665922881284e+00,-2.402569036090994370e+00,-1.699390617098752498e+00,-3.985947444805290285e+00,-4.004103335341966385e+00,-5.438807491622219104e+00,-8.629405280298810155e+00,-1.523307942700983197e+01,-1.790597511761909644e+01,-2.395164584011011755e+01
-2.139196432808230952e+01,-2.015350968943395671e+01,-2.234022098974915238e+01,-2.560040742951321491e+01,-2.387874549983324002e+01,-1.526508947971468899e+01,-7.741337374225977008e+00,-5.645219026151362840e+00,-7.519006910581349956e+00,-9.635352364854316676e+00,-1.690920299004497807e+01,-1.680174872227486915e+01,-6.596029473981875668e+00,-2.157304267869160519e+00,-3.036877304774947550e+00,-9.359508479950745752e+00,-8.903829968733594669e+00,-4.731385521346664014e+00,-8.721879309082765985e+00,-8.868691969469104208e+00,-5.023229364714870471e+00,-1.081181169429036615e+01,-2.202156621458902563e+01,-2.197619063867998790e+01,-1.258464731003278025e+01,-9.180963325132983854e+00,-8.123094883497969931e+00,-6.407577622832590691e+00,-9.167993994806543867e+00,-2.029544541463686613e+01,-2.044078314051692402e+01,-1.906420860400778849e+01,-1.358489054797472129e+01,-7.095749358221285163e+00,-3.984123204470484847e+00,-6.026630383925171586e+00,-1.433795655256061963e+01,-2.267566121933777268e+01,-1.068070803533859170e+01,-3.232908022871262332e+00,-1.025255714032641041e+00,-2.250082383165584510e+00,-7.453947987515113560e+00,-3.955367848133535702e+00,-4.804200552561838755e+00,-7.494543643815439360e+00,-4.537601000311746624e+00,-3.693656373517820946e+00,-5.081083160374665120e+00,-8.554087353120189974e+00,-1.360921403024927123e+01,-1.910509601218162956e+01,-9.559598193232952568e+00,-2.929640142110702339e+00,-1.223583158863005282e+00,-3.984766177617745431e+00,-1.251672559344929248e+01,-2.205469366488888383e+01,-2.009746644308571817e+01,-2.322306053992181418e+01,-2.604879185597561175e+01,-1.623935977112580886e+01,-1.039959464872503503e+01,-1.196644272831823130e+01,-4.607763623915655415e+00,-3.096779080877181123e+00,-6.313618704001912718e+00,-6.465711747979842272e+00,-8.679971248428255848e+00,-1.338662937381134377e+01,-1.557440126929898661e+01,-1.130565796559945646e+01,-5.343592475460903657e+00,-1.857317365592916270e+00,-3.797852956921378809e+00,-9.896948711031434698e+00,-9.734887243465651707e+00,-8.457671213241900077e+00,-1.101672320283217310e+01,-1.540567912577663989e+01,-2.300820161749632220e+01,-2.560731907662628615e+01,-2.100745109050949111e+01,-1.075543650496672043e+01,-1.144511046391231623e+01,-6.527945331755400815e+00,3.519909665874978999e-02,8.540165624392859200e-01,-3.461860925074027762e+00,-8.664736997874486590e+00,-3.967865450533828220e+00,-4.580292667037949350e+00,-1.091643064329849189e+01,-2.242051421148928725e+01
-2.592346134994301110e+01,-2.428012411672485626e+01,-2.175908211246850499e+01,-1.739939086010001290e+01,-1.674507865648508442e+01,-1.624921344654178768e+01,-1.723015325928469466e+01,-1.315656183220747621e+01,-1.323413246812618382e+01,-9.932751034495918674e+00,-5.973344152373385896e+00,-6.436015224238580856e+00,-3.382851405639868858e+00,-5.006400137278386175e+00,-1.211438833817351579e+01,-1.110511386095903319e+01,-1.152582341581870118e+01,-5.054347872963759869e+00,-3.128488095739213826e+00,-3.094079760687429292e+00,-5.249560056623925774e+00,-1.001932985934218934e+01,-2.146191178213424422e+01,-2.199649682899431014e+01,-1.244097507436381100e+01,-9.074080149792063565e+00,-8.515731772016698287e+00,-7.916203107447982390e+00,-1.269263554905650615e+01,-2.058043112231127836e+01,-2.046698398075581693e+01,-1.018127839367743448e+01,-7.441873452078859863e+00,-4.376835809715508674e+00,-6.813801006573703134e+00,-1.236288190691916711e+01,-1.080072997346778862e+01,-1.673471257498269082e+01,-9.251301084639708350e+00,-1.226690610249837299e+01,-1.628682260109050617e+01,-1.142113366338329250e+01,-5.121315855396505690e+00,-4.489797115498195268e+00,-6.994283636640721724e+00,-1.255054710641761773e+01,-1.646022234716397037e+01,-1.333138458531256632e+01,-1.579674701102666567e+01,-2.186769760367038984e+01,-2.174478475941858235e+01,-2.105858547931002178e+01,-9.964430113518629284e+00,-4.585471978192154907e+00,-2.035037860034754953e+00,-5.474110388727266852e-01,-2.261822482407710222e+00,-6.657614760775556917e+00,-1.162430054603973595e+01,-2.168453842964245837e+01,-2.649775481729378868e+01,-1.739694506584564238e+01,-9.561911415732206265e+00,-4.620690413752502224e+00,-3.955506807232638256e+00,-6.871481084180475207e+00,-1.327499085170914839e+01,-2.101663717001619247e+01,-2.019072054162879937e+01,-1.672783890119637107e+01,-1.064820498813783445e+01,-8.428494777752943534e+00,-6.444219854296057370e+00,-1.112018139054550225e+01,-1.204613431386635192e+01,-8.600724992954202008e+00,-1.328701329185324198e+01,-1.982167023454787369e+01,-1.821979529687664723e+01,-1.793438361834928330e+01,-2.491785761294796586e+01,-2.561560723960744212e+01,-2.236339116877443800e+01,-1.619692389170328894e+01,-4.925792516483737060e+00,-1.101554589340667745e+00,-5.066811368271335603e+00,-9.644360359463847843e+00,-5.617325501634895524e+00,-2.766560361664993639e+00,-1.474768979544885950e+00,-4.205203297280622365e+00,-1.296829697575872409e+01,-2.364054630073738394e+01
-2.756244343553664322e+01,-2.760271545182303399e+01,-2.256663086510807048e+01,-1.193610076132537401e+01,-6.015041686206883398e+00,-4.174353720595152417e+00,-5.116939238500503251e+00,-9.424271882613959761e+00,-1.353290764858267892e+01,-8.062477935026606701e+00,-5.298326331756018526e+00,-5.240478398202988330e+00,-3.629843893595513737e+00,-2.293595553449353286e+00,-3.992085998228290133e+00,-7.648465966902715962e+00,-1.143081262805328713e+01,-1.176392170275796545e+01,-1.405885240337981834e+01,-1.498488765690827407e+01,-1.129339584449812151e+01,-1.159352691922343936e+01,-1.645682964802707104e+01,-1.581152952796921340e+01,-1.018797884740811099e+01,-5.694914492109147908e+00,-4.746861431869698222e+00,-3.488007129157439490e+00,-5.405944133769570392e+00,-6.525277734491866433e+00,-4.386757898652255072e+00,-1.929144507327865243e+00,-1.242627460968919323e-01,7.195186536572514835e-03,-5.027393272751313757e-01,-5.567267581496806450e-01,-8.726619148363586875e-01,-2.242729157162740350e+00,-6.871944341586044835e+00,-1.627515429292800064e+01,-1.870770838081492116e+01,-1.600283977475469399e+01,-1.696597330097058887e+01,-1.731481338971382300e+01,-1.354313333691429833e+01,-5.218906440027416771e+00,-4.399972579612438039e+00,-6.548964929488811926e+00,-1.299762438074012749e+01,-2.466587225963614571e+01,-2.388232839727677259e+01,-1.925435281213308514e+01,-8.941435436292879402e+00,-9.427780404026568917e+00,-9.941392830571228245e+00,-6.615258194118565527e+00,-5.494090842431220700e+00,-5.611007552615480343e+00,-1.068441623989097877e+01,-2.126653004060131380e+01,-2.508811268778894643e+01,-1.914896374814542668e+01,-1.404610572109332622e+01,-1.549390521995823811e+01,-1.680607251073583797e+01,-1.317683285417354710e+01,-1.118234315037956961e+01,-1.748198388950443416e+01,-1.821103865195331295e+01,-1.897908295096689457e+01,-1.298848469041445775e+01,-4.773140077875758003e+00,-2.658924211656426895e+00,-3.014700597191592113e+00,-4.347498000931418360e+00,-7.271485014917304035e+00,-1.040032963118801312e+01,-1.733880974102571670e+01,-2.604160388035121798e+01,-2.739957803751921617e+01,-1.761442089815819756e+01,-1.353816548569813349e+01,-1.147039756242020658e+01,-7.201456647994344706e+00,-8.752454101863480496e-01,5.926679271345766109e-01,-1.283754038238657413e+00,-3.843179761329827304e+00,-7.167693957198332022e+00,-6.646934385703938020e+00,-9.394736767733947502e+00,-9.239354803842386943e+00,-1.213875381289649269e+01,-2.251563555473077827e+01
-2.496398567648062539e+01,-2.479272144883583806e+01,-1.960490358312235770e+01,-1.323715207204653410e+01,-7.437622631216324720e+00,-5.475858439714692771e+00,-6.802232911361665302e+00,-1.046579236194118145e+01,-1.747081773497006196e+01,-1.736019572770664610e+01,-1.896875379632203718e+01,-1.618112006858134677e+01,-1.010679605884588739e+01,-8.910747524401125830e+00,-7.996353663690746849e+00,-3.403095343394244576e+00,-3.484848583820554069e+00,-3.757819227958618225e+00,-4.607951763579496429e+00,-4.868927398886754077e+00,-4.966623477508567142e+00,-8.520326650670957847e+00,-1.166830246434735407e+01,-4.889784831761854633e+00,-4.931249815604590303e+00,-1.281920325916856207e+01,-1.777905657204129852e+01,-1.230420084128260427e+01,-5.279672290089043152e+00,-4.471557968384039405e+00,-1.092621379734693399e+01,-1.284787211482465175e+01,-1.035864483115760315e+01,-1.114135381114276235e+01,-9.373580023502798397e+00,-9.092577828607577572e+00,-5.127683037220857720e+00,-1.591918026259965702e+00,-7.103027961846721361e+00,-1.969549193409826060e+01,-2.029151923853997275e+01,-2.375397301638976089e+01,-2.069594067737086718e+01,-1.827852176930862882e+01,-9.192892044265835949e+00,-4.330799454668813553e+00,-2.070299004170476742e+00,-3.669118233958191144e+00,-1.129991960709264909e+01,-2.269333058469327824e+01,-2.339996490956271558e+01,-1.398713307114235427e+01,-5.927485019026004665e+00,-3.322035819349490993e+00,-6.724011404665908742e+00,-1.354641195069388360e+01,-1.367083549683263932e+01,-1.248566907449035135e+01,-1.623016894346027783e+01,-1.655466661287870167e+01,-1.996321100811967497e+01,-1.816244933508724202e+01,-1.684156403054621265e+01,-1.655426973001116409e+01,-1.761871880694850390e+01,-1.164816672356372251e+01,-5.779421341671879375e+00,-4.750387759264630638e+00,-4.237221204593189405e+00,-3.319761571085088736e+00,-4.107785807547889689e+00,-1.007210435573305851e+01,-7.509032955518806673e+00,-6.820217205150508555e+00,-1.529223924978620097e+01,-1.711481309718019972e+01,-1.656095644228720332e+01,-2.329801841140482566e+01,-2.029057004777911999e+01,-1.685125462673532581e+01,-1.031862910312954007e+01,-5.850791098295148984e+00,-3.892515435154497716e+00,-2.582046461624034173e+00,-3.723803925882443466e-01,-1.110823951344416693e+00,-7.562356689474715843e+00,-7.428495570644018109e+00,-6.605783728735524996e+00,-3.163699961726792242e+00,-4.396633273064717962e+00,-6.141793829283043848e+00,-1.136804730446582212e+01,-2.325122300002846032e+01
-2.127701126128033238e+01,-1.364129654382694667e+01,-1.155221624594892305e+01,-1.363663493415523753e+01,-1.380099257063084650e+01,-1.547927266876132535e+01,-1.730547594335037687e+01,-1.314652477661309149e+01,-1.508345721544328200e+01,-2.324867048061422281e+01,-1.980296271292919741e+01,-1.043860219806605016e+01,-4.668788110115968948e+00,-4.113607588207963239e+00,-5.391248386489633226e+00,-5.114125651258953908e+00,-3.263990473484006838e+00,-3.902477518470530704e+00,-3.159781500819158762e+00,-3.776837768008024288e+00,-4.808795538653757973e+00,-3.751112458104113312e+00,-1.503143569163848836e+00,-1.112461636523018216e+00,-3.133836708661448700e+00,-9.560498354292558787e+00,-1.985414428747688120e+01,-1.777136117277347438e+01,-7.654308389836423032e+00,-6.819096444429460391e+00,-1.284119011717265302e+01,-1.306423503723218005e+01,-1.409050586779452985e+01,-8.302423635774035304e+00,-3.316925872784818541e+00,-2.395796688478116998e+00,-6.128485829815422115e-01,8.580835528742622453e-02,-1.008352091485008151e+00,-4.021169336487562695e+00,-5.412048105789287078e+00,-7.333938534319515590e+00,-1.176166922324884290e+01,-1.036572396640373306e+01,-7.379369819325058977e+00,-1.069767821639029748e+01,-5.506987706544541616e+00,-1.644462908221577369e+00,-3.673288969750119648e+00,-9.945719661969899761e+00,-1.257937335692389169e+01,-9.434573496008194837e+00,-9.612736159896115851e+00,-1.283956969312620089e+01,-6.265832142104073910e+00,-8.002925347960294644e+00,-6.465067575432661862e+00,-5.307654974828268202e+00,-9.597601545109684551e+00,-1.359999876996225865e+01,-7.406050208905758048e+00,-3.270550635350807145e+00,-1.123177992059761321e+00,-1.501870446615813925e+00,-3.842447603792526145e+00,-4.245949165669479441e+00,-1.121615813550250307e+00,6.388107076358374714e-01,-1.475534247546698985e-01,-2.223084484507833913e+00,-3.440921764884965928e+00,-2.915697837194610731e+00,-2.814951974762198272e+00,-6.019986646712859546e+00,-1.348005150738019786e+01,-1.147101712548434094e+01,-1.285554346551325544e+01,-2.113748858383855023e+01,-2.111548502596816590e+01,-1.261421824328472141e+01,-1.110845350070725601e+01,-9.843004852820453010e+00,-1.042987575282940327e+01,-1.303463542024983646e+01,-1.198216105977464530e+01,-2.615065810796382895e+00,1.555273261366264814e-01,-1.806817983243895531e+00,-1.882066410730246497e+00,2.374793226036165938e-01,8.596591852979486303e-02,-4.248861414109408763e+00,-1.303773994574427419e+01,-2.561255299011406805e+01
-1.891320477009738354e+01,-1.019744245992230525e+01,-6.353499632579972634e+00,-5.062078079047230617e+00,-4.906637884863079613e+00,-3.702713130392324192e+00,-2.587514606482117951e+00,-5.057383241506046012e+00,-1.166498569624502046e+01,-1.255410972220360222e+01,-1.226002830806724830e+01,-4.781038619879352858e+00,-3.193743457777249994e-01,6.814505601793470202e-01,-2.244905621426120490e+00,-4.259744035495491410e+00,-8.242148129237181209e+00,-1.449772274517140147e+01,-1.782316395864321379e+01,-1.579194286471387088e+01,-1.567486933155096551e+01,-1.421040301515876969e+01,-9.986924509092562019e+00,-5.139331166914202775e+00,-9.377554470863415759e+00,-1.355312433408174932e+01,-1.260325996770105306e+01,-1.553473753919950617e+01,-6.210928878113484153e+00,-2.060270943766843832e+00,-1.296135885255535358e+00,-1.398880227943541499e+00,-1.107994394894574519e+00,-2.930207687421111373e+00,-1.134423190045218988e+01,-1.520429065553668835e+01,-1.204671799011083522e+01,-7.091854582861898848e+00,-1.017293609497864182e+01,-6.633531912213805448e+00,-3.576710877390955279e+00,-6.612725831180638281e+00,-1.782548782774938090e+01,-1.626647016767821441e+01,-8.386372361339356374e+00,-6.115457094703335983e+00,-6.083368523042785192e+00,-5.130083948201527022e+00,-9.428570509416289269e+00,-4.787294550438147667e+00,-5.376802452059322945e+00,-3.717640179525235400e+00,-4.675178803690136498e+00,-1.033083760164146980e+01,-1.492232967847114899e+01,-4.043635216808961985e+00,3.256029531647682829e-01,-3.681275517606178438e-01,-4.961710459120241445e+00,-9.518211704687805863e+00,-6.171985821457496968e+00,-9.510498837928551552e+00,-2.205917339453470127e+00,8.642978595017037913e-01,-2.457847781766023143e+00,-1.100283423921735704e+01,-7.427753880304178935e+00,-8.387246256618830387e+00,-1.396798500435889778e+01,-2.170590773896674719e+01,-1.902944857169208248e+01,-1.577906057600341150e+01,-1.345159331773746914e+01,-6.919183131587298696e+00,-3.167155803742895515e+00,-4.635411905645176134e+00,-1.064328753833366470e+01,-2.196681997817375631e+01,-2.198646988620647846e+01,-1.342211925638893355e+01,-1.217285540108506225e+01,-9.373961783557957617e+00,-3.884846248235086730e+00,-9.545545536503895478e-01,-1.389034919333976270e-01,-1.400540804372012893e+00,-5.535484720201829134e+00,-8.855466748478324490e+00,-5.620781729561286078e+00,-3.804969925892777827e+00,-1.031614501524522787e+01,-1.129141542860997660e+01,-1.347290855841370139e+01,-2.297151239023962077e+01
-1.765946178032024250e+01,-1.209322289005639739e+01,-1.329472648844783222e+01,-1.651522717356452219e+01,-7.113273444088437536e+00,-1.501265690643124984e+00,4.121129821756269740e-01,-6.220177641155930082e-02,-2.699797018201436583e+00,-2.364784669425331387e+00,-1.973778176586177713e+00,-5.179356246382744722e+00,-9.221653667258848941e+00,-2.274598929918010271e+00,-3.163036878022449372e-01,-8.558433312924510483e-01,-2.272335338964340590e+00,-7.023288908951085041e+00,-1.457271620487661501e+01,-8.711916110878505037e+00,-8.437532846638232442e+00,-1.458474211701997625e+01,-1.128932102475322452e+01,-6.039985510195840845e+00,-4.781947885175201307e+00,-6.339720145355989267e+00,-1.055589172605834314e+01,-1.444093922705089916e+01,-6.094288635575472846e+00,-2.392642844217131248e+00,-5.711098652124864117e+00,-5.836063308063499377e+00,-2.188909817924848511e+00,-5.231875005255314903e+00,-1.735924642945071028e+01,-1.896993384058075804e+01,-1.547045558679540278e+01,-1.999098554511979842e+01,-1.192587522826442914e+01,-6.707206515677861525e+00,-1.109366307460733481e+01,-9.119829448201983269e+00,-4.131368619894074001e+00,-2.765378878468033985e+00,-1.848170504874777631e+00,-2.866454340908712428e+00,-3.523639504577038561e+00,-3.999748624358792970e+00,-4.687966278292999611e+00,-2.445279229181120506e+00,-5.340893325083646559e-01,-6.129896386772365480e-02,-1.891361417640036402e+00,-8.800856835120905330e+00,-1.392550793410725696e+01,-7.241289363890484054e+00,-4.845009406694787302e+00,-3.583365938567012687e+00,-9.807369528018899274e+00,-1.244500870190144504e+01,-4.623937860834690383e+00,-1.084186025992751823e+00,-7.260503906923523321e-01,-6.377441384041814487e+00,-1.126769835365530525e+01,-8.061415177549241307e+00,-1.240098024654939657e+01,-1.915356555747618472e+01,-1.938610753480179838e+01,-1.735221687860801154e+01,-2.295829396624555940e+01,-2.287154972759974569e+01,-2.276667737317682594e+01,-1.140742493962047099e+01,-5.465298673321057343e+00,-5.470223133733965959e+00,-1.099133846709264262e+01,-2.025200839217228221e+01,-1.699486961254494588e+01,-1.583133059889365235e+01,-1.478778686596938385e+01,-1.453649510216391327e+01,-5.377445403034287530e+00,-2.097124763326593921e+00,-4.394648030990651932e+00,-1.093015279062451128e+01,-1.570189617778065205e+01,-8.057681432004608624e+00,-1.164209252047515797e+00,-1.401017752772121705e+00,-6.778741156779272359e+00,-1.904633050617225365e+01,-2.198694805373116523e+01,-2.250723413235879278e+01
-1.780297283400460273e+01,-1.228056546213080225e+01,-1.459140689846178418e+01,-1.464127168949399227e+01,-1.095584629128663678e+01,-1.689791742960612098e+01,-1.190606812015893645e+01,-7.164759257309468943e+00,-6.134093215340938876e+00,-5.613146235258363426e+00,-1.155304459707815035e+01,-8.138970978227883180e+00,-6.150531792686623866e+00,-8.264080351717439044e+00,-1.548934722084530513e+01,-1.761104956022347068e+01,-1.184227299230865960e+01,-4.906895787284668131e+00,-5.250958251571264945e-01,5.551670564666950636e-01,-1.323123294739896094e+00,-5.523037712468347848e+00,-6.619817763165012359e+00,-8.066730152894535877e+00,-1.219306603562165847e+01,-7.115444109848698240e+00,-8.813119470269233702e+00,-1.320839691253985571e+01,-8.074839279601109254e+00,-7.778986887206002621e+00,-7.986972622099639096e+00,-4.226356540226982261e+00,-7.457267266018082985e+00,-1.221282720841424307e+01,-1.355407662106846622e+01,-1.156377357968016106e+01,-7.576867313973017382e+00,-6.011018030675619350e+00,-7.045021206427630744e+00,-9.179782651522716108e+00,-1.441843670772858355e+00,1.250226993810005016e+00,-3.822535682175315919e-01,-8.788053000823150995e+00,-7.993049248564909171e+00,-7.406979916183016321e+00,-4.512336709940364621e+00,-4.891116882564934265e+00,-9.431506942002990002e+00,-6.630653361594286643e+00,-1.115243634644730619e+01,-1.208339192366554116e+01,-3.593219229251662927e+00,-2.375171415579571566e+00,-7.463986076830899208e+00,-1.752485002763928179e+01,-2.060446304438890408e+01,-1.008758182654261404e+01,-3.516894126386311825e+00,-8.258118279512006721e-01,-4.733129879944241725e-01,-1.833195855090958171e+00,-2.059260868461558758e+00,-5.341792676834701936e+00,-1.107422135285099962e+01,-1.843456963812914395e+01,-1.972053043093525204e+01,-1.480105620220676776e+01,-8.100838436097308914e+00,-7.668279880273778382e+00,-1.076669144768246333e+01,-1.590618636474903447e+01,-1.280923457687760170e+01,-1.017431278541138617e+01,-1.456063033344658386e+01,-1.037241887035627208e+01,-1.054024454532101451e+01,-1.427580989900122255e+01,-1.239980554948193081e+01,-1.564935116409566440e+01,-1.877909171558299306e+01,-1.117032631927372677e+01,-3.012312248837281548e+00,-2.861693223722562518e+00,-7.749466626759722310e+00,-5.268527981518320580e+00,-4.373813571498113895e+00,-2.945179989644880703e+00,-1.519657854176070799e+00,-1.622434761233875422e+00,-5.631516948485879581e+00,-1.440544032866784896e+01,-1.953486204790471703e+01,-2.240375676642034009e+01
-1.872321559193046880e+01,-9.716774044698373913e+00,-5.624306630537000196e+00,-5.989881684555024677e+00,-1.049507492447634505e+01,-1.423331747165305039e+01,-9.576412873001686421e+00,-5.950016355009207558e+00,-3.543623964221491285e+00,-1.366201888583241653e+00,-2.583137274003787009e+00,-1.186198813515591510e+01,-2.152923493762007112e+01,-1.494566719334479288e+01,-1.424975888209995212e+01,-1.602462598583831621e+01,-1.819396248856031661e+01,-1.202690015822247105e+01,-4.527870673951845504e+00,-2.120778929254646616e+00,-3.451616648280892541e+00,-9.080043142700930048e+00,-9.888611629059779418e+00,-6.414085018382136738e+00,-5.744965652969301395e+00,-7.263679651396352632e+00,-1.184390773754818049e+01,-1.638874508190706436e+01,-9.511400757038064313e+00,-5.197072868172603499e+00,-3.647840053201985011e+00,-5.730279243520689292e+00,-1.168465159623838723e+01,-1.272805394648586841e+01,-1.087260754857219425e+01,-7.107675668591479479e+00,-4.774653587497498464e+00,-4.490419154451990913e+00,-4.735680770782146887e+00,-5.288657280291666041e+00,-5.214449534675390296e+00,-1.018855226907146916e+00,3.806384664050416200e-01,-3.047253038185094187e+00,-1.493336389427699551e+01,-1.860576905634591682e+01,-1.022600616333801682e+01,-8.011088107132957603e+00,-1.026721322697251715e+01,-6.213992508849656815e+00,-7.161379884433195286e+00,-6.603056448273116885e+00,-1.726621706918445520e+00,-8.986930706886384623e-01,-4.174546585721547132e+00,-1.501016836497135998e+01,-1.982806241581205597e+01,-1.232572300861336601e+01,-6.100995573234925473e+00,-5.157421052341057077e+00,-8.501172879757449508e+00,-1.685107898528405812e+01,-1.205936091299920676e+01,-1.154901496982758147e+01,-1.706638716548853552e+01,-1.841640309056335312e+01,-1.488595722543940525e+01,-8.492709576049980669e+00,-5.641112890776412314e+00,-3.732589029967210870e+00,-3.185486918354769603e+00,-4.719247381122126050e+00,-4.211197317450491973e+00,-5.662763358081236653e+00,-9.762021428587809524e+00,-1.600712487601131429e+01,-1.311872068489677368e+01,-1.151571831767499354e+01,-1.196023392906997529e+01,-1.121904352588690301e+01,-1.213378318150838275e+01,-9.252688721654962478e+00,-3.393607283588893520e+00,-1.202088559195327422e+00,-2.782460440667112955e+00,-2.600829878961936625e+00,-4.762608325550321986e+00,-1.313896400758526539e+01,-1.464069295159194795e+01,-1.245315677536245857e+01,-1.261381351051992006e+01,-1.890701215850594963e+01,-2.299811166789030992e+01,-2.351264003797762570e+01
-2.054936442990753065e+01,-1.275388255606267229e+01,-8.844168057561150320e+00,-8.246174651533651812e+00,-1.163774387087665829e+01,-1.676524507287379961e+01,-1.673131308619916169e+01,-1.236455747915830194e+01,-1.470218028144656186e+00,1.492947459610283190e+00,7.538043822068541955e-01,-1.773836123003392995e+00,-3.393138177402861277e+00,-3.032266075283231554e+00,-6.459096955426166353e+00,-1.652186847330288089e+01,-2.234403359223882291e+01,-1.707365934743127767e+01,-1.763649236535750475e+01,-1.766746210730374500e+01,-1.553915799605823445e+01,-1.759029889060812479e+01,-1.657305432376604415e+01,-1.805590447479130489e+01,-1.945229868071157497e+01,-1.740428704700947904e+01,-1.569650778099750887e+01,-1.643219619082118399e+01,-9.045141170479658044e+00,-1.989191944850877913e+00,-1.449499804575915096e+00,-4.393886743396922867e+00,-7.662138636631313560e+00,-5.737352239832942402e+00,-2.393722452639614584e+00,-3.584599507423494646e+00,-8.869634457406281314e+00,-1.099596521068859722e+01,-6.890280252706568298e+00,-1.064328454684659953e+01,-1.512909506832703421e+01,-4.408155142892194789e+00,-1.224069913618534899e+00,-5.760774996354171229e+00,-1.471456620229232293e+01,-1.147056626906054966e+01,-8.668773017177691997e+00,-6.173096027907149619e+00,-5.080522217043102806e+00,-5.326610714484271369e+00,-1.047450121197856632e+01,-8.978082461164177630e+00,-4.957991772763761240e+00,-9.086627513687044910e+00,-5.383959628483693471e+00,-5.336828125235203224e+00,-1.383289568134815006e+01,-1.561127259138691592e+01,-1.837394446444649176e+01,-9.834792347542352431e+00,-9.336175495030103022e+00,-1.311370517385258694e+01,-1.405131111439023250e+01,-1.932112804956748420e+01,-1.794464977903862390e+01,-1.218304388509320368e+01,-5.578677971698415838e+00,-5.478989095357111871e+00,-1.142929372622098505e+01,-9.821867801780186369e+00,-2.924096027435824752e+00,-3.770584232889847787e+00,-9.330795306920546039e+00,-5.655837471544857387e+00,-7.484572844698250016e+00,-1.428575573537161425e+01,-1.895210692602315561e+01,-2.481122785358759586e+01,-2.123776583772633586e+01,-1.991485351128844528e+01,-1.949852772898297459e+01,-1.657953704345203150e+01,-6.074284027307249367e+00,-2.004627483213223371e+00,-2.789244840260745928e+00,-2.258638506313796590e+00,-3.051659593233023937e+00,-9.913216575492095117e+00,-2.133124321182339145e+01,-2.361723045760726336e+01,-2.624716538409047573e+01,-2.360853856882378210e+01,-2.485241807632593236e+01,-2.628775026986594199e+01
-2.245558856309953200e+01,-1.578908665607430351e+01,-1.756268583602758326e+01,-1.589778280350054906e+01,-1.445267425934014227e+01,-1.890649720561297542e+01,-1.467251265255702108e+01,-6.837030121816146000e+00,-3.010478999207302220e+00,-4.832862709837325355e+00,-9.851688536605394120e+00,-3.515892064170140330e+00,3.992951242064766704e-01,-7.364404279911829221e-01,-7.671045998043178216e+00,-1.698400672093062624e+01,-1.900967765911006779e+01,-1.712578844978170878e+01,-1.772025351625416789e+01,-1.874069830907332701e+01,-1.685371435400608320e+01,-1.502795210050020636e+01,-1.390077773500269842e+01,-1.034093903392725622e+01,-7.959037650297601907e+00,-8.923482558630794870e+00,-1.298626463307580892e+01,-1.733865297093327129e+01,-9.727251400148247740e+00,-8.430008159437161197e+00,-6.408900898316002959e+00,-8.708293487111497200e+00,-8.071652924624022063e+00,-6.502709841682272618e+00,-1.470367709749695884e+01,-1.060675278150966427e+01,-1.189706134888018774e+01,-1.807459092737392581e+01,-9.379858253089448539e+00,-4.414825187942196472e+00,-1.325744798481428566e+00,8.219929087372328524e-01,6.839401383590353323e-01,-1.871221751599125849e+00,-4.686241774660084403e+00,-7.211426700930145373e+00,-8.967887827886093177e+00,-5.242100721609156189e+00,-7.826640123117406311e+00,-9.720936421025006879e+00,-1.155928753612128723e+01,-1.416856407430130638e+01,-7.323297296185943495e+00,-1.778788824724518047e+00,7.242895738815670059e-01,9.519762072652966367e-01,-1.142968205776359936e+00,-5.373091918654983701e+00,-1.176278068288902290e+01,-1.264011547606804520e+01,-5.575305543653308327e+00,-3.243974555089983447e+00,-2.082736106034949852e+00,-1.753432286424366771e+00,-1.516694750614161036e+00,-2.884678103907216684e+00,-8.971930994463793496e+00,-5.922692931456372989e+00,-6.206876831477317502e+00,-5.396225689463532760e+00,-1.590475836801046539e+00,-1.900609562198608105e+00,-2.972112500139284297e+00,-4.408094310576745833e+00,-1.090531456080015893e+01,-1.529553502878472138e+01,-1.633875357346727597e+01,-2.223383919306113654e+01,-1.777750116322541274e+01,-1.279204600670434111e+01,-1.141455145562085605e+01,-8.918872019229366899e+00,-7.566722988393265403e+00,-5.495184210913259371e+00,-4.350636005085787517e+00,-5.259192780887632424e+00,-8.608738105421121389e+00,-1.162035295820879277e+01,-1.938334404756108853e+01,-2.613302072072993809e+01,-2.624870973928815232e+01,-2.541586187028241639e+01,-2.651634567091690187e+01,-2.731434047382920838e+01
-2.027670498114789766e+01,-1.180034132499915245e+01,-6.016646294235494352e+00,-3.750328683554552178e+00,-4.697185103374179604e+00,-9.169872906855765393e+00,-1.337332955766505194e+01,-8.996584843578595780e+00,-1.268973177889638393e+01,-1.353212344255980248e+01,-1.417420415933421651e+01,-1.153494687530576357e+01,-1.176282330836404455e+01,-1.003722877056842222e+01,-4.682298220880688255e+00,-4.325127784169938039e+00,-3.907775183174192257e+00,-6.219630496809707587e+00,-1.174700120510623158e+01,-8.576069451021551160e+00,-4.504753827015099077e+00,-5.677958225641177137e+00,-6.042647585933148768e+00,-5.446911302834807067e+00,-6.307088511068237757e+00,-6.122402023028776341e+00,-9.032560306707098974e+00,-1.502668019296576318e+01,-1.136745328204939653e+01,-6.926511456741303974e+00,-4.344008384965116321e+00,-3.661811090521299161e-01,-7.716967658115539974e-01,-6.085352674844407339e+00,-1.881239759853120574e+01,-2.324718682981869478e+01,-2.272172933369013492e+01,-2.101662321219324880e+01,-1.307418912086413343e+01,-6.150861304619408720e+00,-9.628315741156797003e+00,-7.076567340563257424e+00,-5.450272867215621098e+00,-1.250750765497284789e+01,-1.150053503701682267e+01,-6.152576965174004542e+00,-6.177043313465595986e+00,-8.983793487438576975e+00,-1.598879481740080521e+01,-2.282799076896182200e+01,-2.528368372172978695e+01,-1.780579368870612100e+01,-1.001067725679548204e+01,-8.671070781286971396e+00,-5.901091518085126886e+00,-4.644043101683287489e+00,-8.697775625309732916e+00,-3.189059003527224156e+00,-3.678882475073856462e+00,-1.175873454917143235e+01,-8.788881855892997308e+00,-8.122228350023773302e+00,-1.153704205965031093e+01,-2.827392616402985670e+00,6.164065220681250873e-02,-1.094841515433639056e+00,-3.861646333066944159e+00,-6.128468221782029879e+00,-9.698568031277959633e+00,-3.250150922262370123e+00,-3.807239424056859889e+00,-1.316232243943995428e+01,-1.553224691490217424e+01,-7.152951271318056747e+00,-3.878944754600524902e+00,-5.263788590771155462e+00,-5.724668152300149693e+00,-5.799676085712822449e+00,-7.574665553767327530e+00,-1.426603145819867891e+01,-1.505916608137891544e+01,-1.468182400701592627e+01,-2.179194307235394490e+01,-2.050746498953170516e+01,-1.894884107108290650e+01,-1.937174018867213476e+01,-2.268031325551586264e+01,-2.136467200115696485e+01,-1.978921711467823741e+01,-2.559007524111826726e+01,-2.632795460283871236e+01,-2.427912245366384880e+01,-2.253563841046166161e+01,-2.433723232144335569e+01
-1.668925176098627006e+01,-7.826858035401802027e+00,-6.993506914848077294e+00,-9.831024131333897742e+00,-4.131784798925552060e+00,-1.851082484749269730e+00,-3.541037585234596108e+00,-8.603504133132611642e+00,-1.741814703748405435e+01,-2.343763118626295139e+01,-2.051429122491149215e+01,-1.740174230858540128e+01,-2.086063922301422835e+01,-1.262881630877309291e+01,-6.561069457746884659e+00,-7.489655745741489845e+00,-5.825909298738762843e+00,-5.980829239810362630e+00,-1.004461402286683835e+01,-5.926927549071853818e+00,-2.378164503902828741e+00,-1.265442906859149508e+00,-1.909592892614826676e+00,-7.082645088951022849e+00,-9.190887582095372821e+00,-1.039826286734873229e+01,-5.272852490632749856e+00,-1.544626127311707231e+00,-7.824577449651359817e-01,-2.493370662872214982e+00,-6.995831483246504057e+00,-2.473764670362268880e+00,-1.912092768267765974e+00,-5.235279815045394969e+00,-1.519485582046655736e+01,-2.217820387492979251e+01,-2.565216824636294035e+01,-2.474436428275870981e+01,-1.144025666727496038e+01,-4.788972731729923105e+00,-2.906614533623748553e+00,-4.940518654610150939e+00,-1.170225291904456810e+01,-1.624095117976899871e+01,-9.017227081894185758e+00,-9.428758612946968043e+00,-1.389343236085307431e+01,-1.140887127308487159e+01,-1.709378822231109041e+01,-2.151561564333406551e+01,-2.348901703086661996e+01,-1.697640036434107458e+01,-1.627632204691569129e+01,-1.732206238211923832e+01,-9.459901950262874948e+00,-4.763367194431135765e+00,-3.010838046928361766e+00,-5.584819789796435785e+00,-6.171232259572126289e+00,-2.175311208919752826e+00,-3.914983564115673165e+00,-1.120668108523006801e+01,-1.386652180592678363e+01,-9.429322323587818744e+00,-1.078800148035979234e+01,-1.532020559889732780e+01,-1.175901725756180305e+01,-6.532866819286162752e+00,-5.197467686583311597e+00,-3.103291438802760815e+00,-8.237759739713229612e-02,-7.181659785296942156e-01,-3.066726881089693713e+00,-5.203449461501457485e+00,-1.389479209921952574e+01,-1.804225858787580705e+01,-1.407852699853092204e+01,-8.607033356536101465e+00,-8.111953112431343982e+00,-1.020597884650404907e+01,-1.215908601610187389e+01,-1.470122738472528745e+01,-2.138490994955073887e+01,-1.561518771845940634e+01,-9.723597740621695351e+00,-8.970771973303058644e+00,-9.308805799208624165e+00,-1.087270706375210239e+01,-1.722015603015877616e+01,-2.486332530644587635e+01,-2.467534840681189934e+01,-2.140918117956848832e+01,-1.923591908140678797e+01,-2.039788300912963592e+01
-1.446571634638056736e+01,-6.478916300514529603e+00,-3.842715217198939825e+00,-4.593641524599695991e+00,-1.019435898049488642e+01,-1.075572139449661613e+01,-7.403928669890916581e+00,-1.339663799695656188e+01,-1.439573577006198590e+01,-1.580420445017731979e+01,-1.730612590730994071e+01,-1.763779721048755533e+01,-9.341138835357563508e+00,-3.094815389524161908e+00,-6.432822020470948532e-01,-1.182632161320504860e+00,-2.508074775975204673e+00,-5.175030100782023190e+00,-8.770091654018630223e+00,-5.382184755365742923e+00,-5.563548861670815526e+00,-8.754223799659566652e+00,-3.353695942781621753e+00,-1.187578695705555187e+00,-3.240109733820880411e+00,-1.017865019772553481e+01,-4.677346281233550229e+00,-1.808393116616904051e+00,-1.804384933327690677e+00,-2.015681096752800272e+00,-4.988390651971159606e+00,-1.234432310130095445e+01,-1.859218330879431846e+01,-1.241163278223232425e+01,-1.054734478842086709e+01,-1.979114926986841283e+01,-2.621598929660628130e+01,-2.480616479847931899e+01,-1.318573484806656104e+01,-3.294287961672611065e+00,-1.225903686442410656e+00,-4.821750560936900243e+00,-1.765878420206852795e+01,-1.378373588716363685e+01,-7.294952684284864652e+00,-4.592810118129487584e+00,-5.338788726655963934e+00,-9.485616004995298667e+00,-1.290999978861138153e+01,-9.159893543044955067e+00,-6.899608065397523582e+00,-6.586420399145813676e+00,-9.077712813783472612e+00,-1.390755996446848464e+01,-1.191925591724226763e+01,-8.543986710050432976e+00,-7.444791820007941929e+00,-5.773695541025356093e+00,-4.162645221215911739e+00,-2.756231849334832340e+00,-5.005797033365062099e+00,-1.051966819689682708e+01,-1.178949424894329212e+01,-1.676052267335513335e+01,-1.867110751267802371e+01,-1.443704795378021721e+01,-1.724561418687677161e+01,-1.232390259685773692e+01,-1.325472658631429468e+01,-1.355204325879929428e+01,-4.859525133107353234e+00,4.189707115113103786e-01,-5.006897672879606631e-01,-6.878951407581395117e+00,-2.063108176670552396e+01,-2.285408838635924411e+01,-1.591793544489983603e+01,-1.463364671052995192e+01,-2.253282250604647885e+01,-2.488362942219699292e+01,-2.319871709709682150e+01,-1.896658513357644082e+01,-1.653788197614783684e+01,-1.052873635613619641e+01,-5.358004088576358903e+00,-3.115157019540753858e+00,-4.164725586628408749e+00,-8.438382761556518119e+00,-1.733391949850240366e+01,-1.801977878636707331e+01,-1.791528256366707694e+01,-1.536915674558724021e+01,-1.291326226342849814e+01,-1.807337630644928694e+01
-1.364961897477019548e+01,-7.697954187962820605e+00,-1.012086197406570420e+01,-9.222281253406766410e+00,-6.716373266741949344e+00,-1.132208728330902581e+01,-8.768471722428278881e+00,-4.716845683624289798e+00,-3.454236284501290832e+00,-3.284927025695756786e+00,-6.822136122137595571e+00,-1.198006738265814874e+01,-5.845245971658441064e+00,-3.533186793366809297e-01,1.057698204144404741e+00,-2.436537672566368329e+00,-8.303178494778212126e+00,-5.146602712844377869e+00,-7.492331205305566399e+00,-5.755386895297349703e+00,-1.957020443471180871e+00,-4.021094539951037383e+00,-1.072071182934535116e+01,-5.844844101021974048e+00,-4.512832134445278420e+00,-7.930775534899937362e+00,-1.311525992575408495e+01,-1.052182957845845834e+01,-1.073514844778645205e+01,-3.644973820918786966e+00,-1.131144292934336493e+00,-5.099545726874262108e+00,-7.576286507479717436e+00,-6.429346443830427305e+00,-1.041000916089625683e+01,-1.936415998095032620e+01,-2.640043601916245208e+01,-2.028247244693410778e+01,-1.055577138944857296e+01,-5.609124002658792740e+00,-4.484231763262739534e+00,-6.333562041063988346e+00,-1.488004505014143852e+01,-1.616969402952690515e+01,-1.324614811954240956e+01,-1.541228304938314508e+01,-1.376090591077859671e+01,-1.480664530517048938e+01,-2.231732262444174708e+01,-8.890474189453271947e+00,-2.307794285459023875e+00,-2.152126197245596284e+00,-8.134330466073832255e+00,-2.002367323028329338e+01,-1.256558848529881800e+01,-1.114016974822174788e+01,-1.043937451807290451e+01,-8.274058498169415188e+00,-1.216687032942138025e+01,-6.060313286349493289e+00,-3.927435477804356534e+00,-5.301680030276091138e+00,-5.470861095454192302e+00,-9.420552162765767790e+00,-1.450994942045854863e+01,-9.412094626123504781e+00,-5.081778843049139738e+00,-3.755917299919275365e+00,-5.276436327509797408e+00,-1.060980814500121561e+01,-1.157910897460746469e+01,-4.821259251449379057e+00,-1.984072101943065602e+00,-7.762667823733622186e+00,-1.049184463432988146e+01,-7.751091253780446166e+00,-9.441601783553988270e+00,-1.595189904339740750e+01,-2.275189640802225455e+01,-1.879723172564497347e+01,-1.555069701887509304e+01,-1.229610498700298038e+01,-1.253346762721478846e+01,-8.964446645710969719e+00,-1.081978357274637936e+01,-1.529402134276079472e+01,-1.268615094499091889e+01,-1.456915912922177547e+01,-1.424817931261595483e+01,-7.727478370960507270e+00,-4.478634127302665746e+00,-4.456542888358378640e+00,-8.377334228140769667e+00,-1.788493572448260238e+01
-1.360046700108257944e+01,-8.627400094144377363e+00,-6.834731490625811645e+00,-4.660148260910387030e+00,-4.785842708999251904e+00,-7.831661981424614893e+00,-1.071720806390104563e+01,-6.968913727413022841e+00,-8.459653862409279412e+00,-7.803728246734780605e+00,-2.976739166329591679e+00,-3.918509360567912214e+00,-9.081809381069705367e+00,-5.992602448472627685e+00,-8.756743254229741424e+00,-6.968625097605534613e+00,-2.938803091128437295e+00,-3.804290028895486397e+00,-8.961426872738524452e+00,-1.203910959846481887e+01,-7.159085051861801219e+00,-4.753471371985124705e+00,-5.184424533779680822e+00,-1.133712526461062886e+01,-6.087683860506855282e+00,-4.034383627232559277e+00,-8.689886895448026394e+00,-1.354373165913400001e+01,-8.679953149288376579e+00,-8.354554314374464496e+00,-2.856651792600607198e+00,-3.359816052640477585e-02,-2.417701828237874384e+00,-7.398992528345773145e+00,-1.394463462406959664e+01,-2.211290587349893499e+01,-2.627904265372509585e+01,-1.827023874955370175e+01,-1.533613493814633699e+01,-1.983498181727120979e+01,-1.735960292356781309e+01,-1.844602607624149471e+01,-1.272466267602292156e+01,-1.367001710829247862e+01,-1.097605298249937356e+01,-9.646739931694574111e+00,-1.005092529340975460e+01,-1.365180585931031843e+01,-2.065773692526109784e+01,-8.731230744507040953e+00,-2.807931596861868773e+00,-2.583206480523295046e+00,-7.873373123492349634e+00,-1.610161831107902231e+01,-8.834441550664589471e+00,-3.150093909173572015e+00,-2.016063994180719909e+00,-4.049954946789897647e+00,-1.085992290564814589e+01,-1.127332271087146687e+01,-6.725682581550583627e+00,-6.893779195112989200e+00,-6.468393278948833647e+00,-1.239558923956516345e+01,-1.875657424485752500e+01,-1.211613770670514079e+01,-7.391423324629061042e+00,-1.067573269897343380e+01,-7.369658116890056121e+00,-3.694983765569036294e+00,-3.434647559200867395e+00,-2.738602236516213928e+00,-2.755102977931843888e+00,-3.287747608386482501e+00,-4.853012474515764119e+00,-7.578503690932756776e+00,-1.083817482086505102e+01,-1.559604650471711196e+01,-1.705458983566489906e+01,-1.291774703909666400e+01,-9.831840383753840840e+00,-6.723075035220166029e+00,-3.949483345469068762e+00,-4.337326076908148309e+00,-7.884512495673001276e+00,-1.576380223254018276e+01,-2.435111198351792083e+01,-2.295715138540102629e+01,-1.526046292813986405e+01,-9.242543652337870341e+00,-6.282437382865273534e+00,-6.452049127663260997e+00,-1.039782584930890330e+01,-2.023117734471727047e+01
-1.369483927816784252e+01,-7.790677127121500511e+00,-1.001146115641143730e+01,-6.782071663350269120e+00,-1.401456686936369156e+00,-2.140736574102516165e+00,-5.468669940913113869e+00,-7.850665643265711147e+00,-1.315793187632037053e+01,-1.344528000157233194e+01,-1.028784466524803953e+01,-5.943315123317328919e+00,-2.777651688726421320e+00,-2.365434364202164907e+00,-2.365129957770971902e+00,-3.738270532992993278e+00,-4.951995824573127258e+00,-7.093524437878632405e+00,-1.347766127981432227e+01,-1.057205369063654921e+01,-1.420073680105926073e+01,-1.539952548253053877e+01,-9.389771257981170294e+00,-4.713023084206847457e+00,-4.487042154190857168e+00,-5.066849522565370911e+00,-3.179184210438259939e+00,-1.960575784949553535e+00,-2.180080779542812763e+00,-3.397122321732930939e+00,-2.472530070721012052e+00,-4.104452830576024169e+00,-1.163083551063243526e+01,-1.468842775973281434e+01,-1.869433442246247878e+01,-2.375257886765320237e+01,-2.552183667956519386e+01,-1.987049172792820428e+01,-1.097948430820237320e+01,-7.331852952409571245e+00,-6.642638945395776595e+00,-8.003022551306870014e+00,-1.423860855323041719e+01,-1.459813659682668963e+01,-7.022741946641190225e+00,-4.478986470455838642e+00,-5.299103602738279406e+00,-9.519750298332846583e+00,-1.483247143041651128e+01,-1.138227053644110498e+01,-9.853583313826192125e+00,-9.800284988848000367e+00,-1.121330857322854513e+01,-1.164980370001526389e+01,-8.101062166438167012e+00,-1.175260372657996299e+01,-7.697490213923371627e+00,-8.864340235502503162e+00,-7.183349868925090753e+00,-4.582495438340541405e+00,-7.217935718093533737e+00,-1.224799316880330835e+01,-1.320636780597341264e+01,-8.718241257015220569e+00,-8.439667541856710642e+00,-5.744716961719167792e+00,-7.448513644738463668e+00,-1.440162986689220226e+01,-1.295031683798699973e+01,-1.029963906881666880e+01,-9.451467619236264994e+00,-1.121904806456814008e+01,-1.752618143416094298e+01,-1.931992214768837712e+01,-1.787102626330131372e+01,-2.305225162101848468e+01,-2.474792059676036260e+01,-2.510507791809493483e+01,-2.212146637756700329e+01,-2.046211829948057925e+01,-2.236990210913509358e+01,-1.664148768386399979e+01,-1.335953875819152969e+01,-1.134559400646672778e+01,-1.181694788004851304e+01,-1.670235499343431229e+01,-2.488571507117651649e+01,-2.421341384490790460e+01,-2.277689499570225351e+01,-2.049429664354563130e+01,-2.170461728163996540e+01,-1.819308026815425450e+01,-1.554166747150163808e+01,-2.243857177190468377e+01
-1.442532679019406139e+01,-6.553828758081719386e+00,-4.361803771443449662e+00,-7.852098262149245222e+00,-8.004752813736137895e+00,-4.798746273007695962e+00,-5.120145578834592648e+00,-8.611289521402936131e+00,-1.458216870037806601e+01,-2.264989161812960461e+01,-2.078318716795228482e+01,-1.458348585874818504e+01,-1.274010272476255068e+01,-1.347083286880757846e+01,-1.256691746445290114e+01,-7.851839856605309365e+00,-6.808070596271626584e+00,-2.453110742357582641e+00,-1.206737513778648685e+00,-3.107217944311498226e+00,-6.719131929566635186e+00,-1.498195740712630730e+01,-1.260216460016651219e+01,-8.516615230913107126e+00,-1.112316783085494087e+01,-1.695400149927892741e+01,-1.477128470793854476e+01,-8.923895460562439652e+00,-7.507550467875192091e+00,-1.113457987028279916e+01,-1.306139894257620782e+01,-5.428705798178508957e+00,-2.616368470049547756e+00,-5.492871227866192640e+00,-1.273118747773657411e+01,-2.219915559066743072e+01,-2.474981891580629423e+01,-2.279441082316786193e+01,-1.179218639895635690e+01,-3.099845270413603693e+00,-9.295478117217530478e-01,-4.816808106237753684e+00,-1.747679781500314533e+01,-1.728461472652780628e+01,-1.314337311728152180e+01,-1.249797594478364537e+01,-1.633179326140122711e+01,-1.726667140122782840e+01,-1.847406099389283796e+01,-1.229019576827914761e+01,-1.201363735713480985e+01,-1.291144929823388487e+01,-1.168508686955034825e+01,-1.379132596789527199e+01,-8.917194013650707518e+00,-4.477025400007391021e+00,-2.601591081948868123e+00,-2.107565114064669842e+00,-1.260303126792522210e+00,-6.886412250317690553e-01,-2.672948264481000979e+00,-8.597030186699075927e+00,-9.994289057332885307e+00,-2.418191884156237759e+00,5.487074955807987875e-01,-1.415077412701956527e+00,-8.620855459817802213e+00,-1.919179165845661572e+01,-2.478770762096250735e+01,-2.508786107212132777e+01,-2.486308968090138194e+01,-2.233698891031489353e+01,-2.273596648030657619e+01,-2.421589336689267213e+01,-2.659879698413415383e+01,-2.691487353109900127e+01,-2.834656832075762267e+01,-2.800255884416760210e+01,-2.788712104253456658e+01,-2.688344956363097182e+01,-2.559644749812308007e+01,-2.653940540196119358e+01,-2.670565914418655851e+01,-2.563413606213696383e+01,-2.469607114699994099e+01,-2.091472574281784347e+01,-1.336324238179965818e+01,-1.333441904376696918e+01,-1.326009847019908428e+01,-1.432438828076930371e+01,-1.363099779191504091e+01,-1.666484650113908828e+01,-1.464698789115126587e+01,-1.684846517529790688e+01
-1.626158809110608416e+01,-6.832306991882177272e+00,-6.079691057719706748e+00,-1.161689778054151034e+01,-1.346098370450999226e+01,-1.453367937966348578e+01,-1.637583564287895044e+01,-1.537544112398445328e+01,-1.233917713073407008e+01,-9.857432945155913728e+00,-1.272020696261484929e+01,-1.563219525772712082e+01,-2.086248805940955009e+01,-2.142176458509441517e+01,-1.315443441725420293e+01,-3.886570963594499162e+00,5.298271636924525296e-01,-1.368245397334396207e+00,-9.395547240283447010e+00,-7.037664135297139190e+00,-7.771099361610779965e+00,-1.318203987275933997e+01,-1.153792694859881429e+01,-5.586651295366085179e+00,-3.840103791972805158e+00,-6.624849604044346307e+00,-1.537542379155094707e+01,-1.929522407583188937e+01,-2.145252429726955157e+01,-1.729212819726021522e+01,-1.012374660745980925e+01,-2.854395472002260625e+00,-2.849839371465763715e+00,-7.742643129848561401e+00,-5.795047707755212052e+00,-7.240840534483996116e+00,-9.794151579943235930e+00,-1.335874196881274045e+01,-1.045642858479523696e+01,-3.829697403949120282e+00,-1.489823022229585403e+00,-1.617690010633326736e+00,-4.901947652271487321e+00,-7.922118466483834887e+00,-9.046979914281179092e+00,-1.433751970173536172e+01,-2.331270945922028304e+01,-2.266382562494002428e+01,-1.442825766840881485e+01,-7.287230519201025380e+00,-3.846168205917225968e+00,-3.101420570889878991e+00,-5.897653527112824534e+00,-1.036929274064727302e+01,-1.067838582275919812e+01,-5.873251001269831129e+00,-7.240681513885542486e+00,-6.912264520377782162e+00,-6.993922270331998092e+00,-9.250490256127594790e+00,-4.838552010082326049e+00,-5.601201357639363998e+00,-4.870004063396784488e+00,-9.085361153580003846e-01,-1.095568199671162590e+00,-5.698904256025950410e+00,-1.645636213629691369e+01,-2.235778485557247564e+01,-2.567336284586000517e+01,-2.721355007884589838e+01,-2.711208379705058036e+01,-2.746153222710640662e+01,-2.676511974922724235e+01,-2.658715546154103038e+01,-2.746700560288622128e+01,-2.898617411670427657e+01,-2.905319268809118327e+01,-3.003086116731970634e+01,-3.053076670394926850e+01,-2.807449665694337781e+01,-2.279625767503859635e+01,-2.258787753265028186e+01,-2.387496052449838402e+01,-2.414195869791254978e+01,-2.079279431763871244e+01,-1.916371433721112538e+01,-1.152364572256746023e+01,-3.756842592121003133e+00,-2.093415875979053098e+00,-4.799660619963786345e+00,-1.358613785797001583e+01,-1.399459945627260282e+01,-1.120370270980805572e+01,-1.351274077373203220e+01
-1.892458763379811870e+01,-9.141742301584438124e+00,-4.022410175703853952e+00,-2.341912363618630089e+00,-2.096700183415573626e+00,-1.437110056906852451e+00,-1.502649410433083865e+00,-1.940659860303349138e+00,-2.790685152329920982e+00,-5.655482216377478721e+00,-1.260138346923798736e+01,-1.380776771552760174e+01,-7.246194651131455444e+00,-4.829338296185568424e+00,-2.063587515488193525e+00,1.694035691959219880e+00,2.262003422824231613e+00,-1.512886326462173914e+00,-1.361607746673686847e+01,-1.915201401388943836e+01,-2.153480982183261716e+01,-2.051636723240905624e+01,-1.361866663232704155e+01,-4.434534530648836181e+00,-3.584356411803435005e+00,-8.930950274127527067e+00,-1.687175550809944724e+01,-1.530258854000554614e+01,-9.681495490561101036e+00,-5.459882783651466731e+00,-1.263109179324899412e+00,1.214319637527075724e+00,9.803643880505293895e-01,-1.064477300780120039e+00,-2.490664496702036157e+00,-3.315904135476646974e+00,-5.923331680555104839e+00,-1.466704507416153724e+01,-1.297641399140991858e+01,-1.120963555172459003e+01,-1.490519509471680237e+01,-1.052557479852885791e+01,-4.375171939302271440e+00,-2.887254842070715366e+00,-4.222479713445453697e+00,-9.714312540543103225e+00,-1.889126994660364645e+01,-2.005351917362396819e+01,-1.176134646604975309e+01,-8.537359589556508865e+00,-1.346837002601697009e+01,-1.603611012552514836e+01,-6.135156593341129394e+00,-4.741438524341766936e+00,-6.665313318745019977e+00,-7.907518811308579920e+00,-1.033518007495270119e+01,-9.126038258245685597e+00,-6.271392028455789358e+00,-4.502120975354732657e+00,-5.010476924550785860e+00,-1.058951797053533639e+01,-8.345253066979850587e+00,-1.025463014393183592e+01,-1.204977911377688216e+01,-1.216618334856566186e+01,-1.867071550108334321e+01,-2.560916790199647153e+01,-2.593378390788113208e+01,-2.735258336701145154e+01,-2.736525261241346740e+01,-2.656824312779714958e+01,-2.658873919117657536e+01,-2.681718631884036341e+01,-2.744123527769408355e+01,-2.841744043831650757e+01,-2.928913478447063312e+01,-3.060497938093651982e+01,-3.038772355706246131e+01,-2.635555254287572780e+01,-1.664728166694126443e+01,-1.024371090008803620e+01,-7.431731292048400661e+00,-7.222426182502496239e+00,-9.578609645251823679e+00,-1.540541212269336491e+01,-9.450605949914525183e+00,-9.524184630426483222e-01,8.393718213343593915e-01,-1.594579740061365491e+00,-5.607665795351958415e+00,-4.745021366889306869e+00,-6.237290795827876266e+00,-1.372414204426583595e+01
-2.149207462832647408e+01,-1.576507209123673903e+01,-1.294495899920748450e+01,-9.283847360022955186e+00,-8.247081064075404200e+00,-9.908214485427087936e+00,-8.005026428513444259e+00,-8.235731696806890767e+00,-1.185827444697620869e+01,-1.318415946537819039e+01,-1.621695799175255104e+01,-1.119108658810801060e+01,-6.230037972187490780e+00,-4.672149046308043729e+00,-8.661868637467165399e+00,-4.836059746068681164e+00,6.381524655409874791e-01,-6.868999288484690657e-01,-9.170389044950923108e+00,-2.098140438903044114e+01,-2.773082626945480911e+01,-2.388844605815203792e+01,-1.250497822862599406e+01,-6.085735454265322808e+00,-3.442283958828288526e+00,-4.493846537979581335e+00,-7.374665772754103621e+00,-7.894046964270990507e+00,-5.000948743783440342e+00,-7.135666663476727400e+00,-9.737087545367334229e+00,-8.948689068558127957e+00,-5.935882185617199491e-01,-1.676038777974285354e+00,-1.120101137427695726e+01,-1.260062942982638745e+01,-1.325432422303510371e+01,-1.417173058449188439e+01,-2.175507270577785235e+01,-2.408807815154852960e+01,-1.775150608878604075e+01,-1.488817069250264780e+01,-1.464708439692826225e+01,-1.677478689403203305e+01,-7.894258765586308790e+00,-4.526250605638316493e+00,-8.314499203180302445e+00,-7.769785303486105299e+00,-4.533370515974040948e+00,-6.400282238719550598e+00,-1.297146835308773127e+01,-1.230340720141783883e+01,-7.230982583841607081e+00,-4.486329151026775541e+00,-5.037441272956098004e+00,-9.168836143434852204e+00,-1.230740298563345370e+01,-1.187423567597346974e+01,-1.517073506978205799e+01,-1.715738169535965696e+01,-1.054262853771275843e+01,-3.397232497588288158e+00,-4.244824345401256416e+00,-1.016384104634984986e+01,-1.887123248664400421e+01,-2.681239906487437352e+01,-2.189810574628943840e+01,-2.348165361775598470e+01,-2.610138450835711410e+01,-2.588987173142920284e+01,-2.566826455074009061e+01,-2.553703934516980212e+01,-2.413320044331927150e+01,-2.722427467941548684e+01,-2.708160393775543184e+01,-2.210220915366229733e+01,-1.971369262375583631e+01,-2.034979708897585127e+01,-1.988157996322837562e+01,-2.207254208213791458e+01,-1.624747140696971925e+01,-9.008511759182850298e+00,-5.701004017754556230e+00,-5.471293665310780874e+00,-8.649917846010829692e+00,-1.232636907426837780e+01,-3.829978558725654292e+00,1.687029826383937281e-01,-1.948910887617804510e+00,-8.257541913977018311e+00,-4.156059981540908055e+00,-4.179843460089439411e+00,-8.464045915989517610e+00,-1.637560167202370565e+01
-2.552794821230202871e+01,-2.678434197567331410e+01,-2.466133330644669996e+01,-2.424786389448279778e+01,-2.415342764036733669e+01,-2.183107731843040611e+01,-2.309798002702422792e+01,-2.386276704681631600e+01,-2.169336387876830230e+01,-2.507261156254880419e+01,-2.313945032498280696e+01,-1.801343555487190073e+01,-1.735372920945889774e+01,-1.941151709179887419e+01,-1.023981832355433141e+01,-5.974595894932976492e+00,-4.436785627170851676e+00,-5.392974787939031067e+00,-7.965715142343774424e+00,-1.698733934317939642e+01,-2.279889154526080119e+01,-2.235019005056980390e+01,-1.815761049634459567e+01,-1.457697989991175191e+01,-1.389003879716171319e+01,-6.898586843055107387e+00,-3.199515601085330285e+00,-1.293490065963129432e+00,-1.643006017965916055e+00,-4.504076389448720796e+00,-4.773209716543297176e+00,-3.214659491715403661e+00,-7.703367256015711817e+00,-3.770829198562570816e+00,-3.170396138721922608e+00,-9.098087912809411648e+00,-1.523939077748498860e+01,-1.672164448056377140e+01,-1.963607029464662901e+01,-1.664296406725697963e+01,-2.030275746898614386e+01,-2.443262856176593090e+01,-2.360158517319343119e+01,-1.688846616616368479e+01,-9.169850982452862453e+00,-5.759330824390771930e+00,-3.711831304034745926e+00,-3.305048564323340710e+00,-4.912035569290205572e+00,-7.704033928799491449e+00,-1.343002018717212742e+01,-2.024053884149746096e+01,-1.839770048983064754e+01,-1.906272387274887237e+01,-1.429243240099192214e+01,-1.752983027110899172e+01,-1.788418363008884882e+01,-1.088527537678477763e+01,-5.782563441750631306e+00,-4.185930468213810762e+00,-3.094742319946803377e+00,-4.032020215354213732e+00,-6.507757380518610191e+00,-1.029724413627374524e+01,-1.860185636766613726e+01,-2.722364876587266735e+01,-2.541935046421999189e+01,-1.568408961103141586e+01,-1.142321164805535361e+01,-1.058200490543608119e+01,-1.087139835982423719e+01,-1.272448264105471516e+01,-2.161875830082535188e+01,-2.666581536809373532e+01,-2.547572346321650016e+01,-1.792262387872890628e+01,-1.182384385768618351e+01,-9.761696100694365441e+00,-1.139636187011336510e+01,-1.685400448874471735e+01,-2.372294150152188053e+01,-1.860443535843336349e+01,-1.786562771328611987e+01,-2.051845387916344521e+01,-1.787432071009582657e+01,-1.231211917065012251e+01,-6.498298761013155733e+00,-4.439661088778219522e+00,-4.123212102836497195e+00,-5.853892214495782120e+00,-1.152417520842800336e+01,-1.787366462902296860e+01,-1.868088171339678283e+01,-2.381361780001249073e+01
-2.723344486435024692e+01,-2.737020231992982389e+01,-2.882676298402407866e+01,-2.770609068273349607e+01,-2.665769360014928324e+01,-2.856692614031664945e+01,-2.664491554767410264e+01,-2.588377849123151719e+01,-1.885081333645506518e+01,-1.650590263579852035e+01,-1.810148814280368512e+01,-1.918911845881585165e+01,-1.784121874072418379e+01,-1.534316026360543006e+01,-1.874851012183981425e+01,-2.368010214252508661e+01,-2.217559397886713413e+01,-1.887341704579906576e+01,-1.857860895939645118e+01,-1.633003279147579789e+01,-8.634578357542181948e+00,-6.442728272292884917e+00,-6.234759358312353505e+00,-8.373679710950465704e+00,-1.463802612815518778e+01,-1.650229914156228261e+01,-1.777940587685057494e+01,-1.187974325448332102e+01,-8.164025634010403820e+00,-7.968858724154948447e+00,-7.646369364220283238e+00,-1.029009743554514067e+01,-5.982569211020864586e+00,-1.473646059140620412e+00,1.399807929161394071e+00,4.799088597560556280e-01,-3.853084692539492817e+00,-4.406444513843697841e+00,-3.791967083723329246e+00,-7.179874396048528951e+00,-1.292297838533544763e+01,-1.248723993549457134e+01,-1.163775261702565089e+01,-1.536165593079289415e+01,-1.459102311988786482e+01,-1.718691088101308040e+01,-1.749762097213539391e+01,-1.710833572836050820e+01,-2.141105867948146368e+01,-2.172247690594035419e+01,-1.930864474860689484e+01,-2.477352444238974982e+01,-2.598668406602275027e+01,-2.098883014928858159e+01,-1.241019143304843197e+01,-7.036671423498606082e+00,-6.213126761490669558e+00,-4.139190262563971601e+00,-2.644043195569216742e+00,-7.422315813270837559e+00,-1.049496270420464050e+01,-1.510138763582086341e+01,-2.296316154200676962e+01,-2.160461712802306167e+01,-2.297396592413988614e+01,-2.710195276594805236e+01,-2.507700692803414100e+01,-1.830486010586365708e+01,-6.680945233802574990e+00,-3.041621402623795767e+00,-4.277699924388143060e+00,-1.139938069676158428e+01,-2.495548784296406808e+01,-2.640767924542142353e+01,-2.473423006906674715e+01,-1.713716985081432043e+01,-1.734702484593915273e+01,-1.410079424643103074e+01,-1.003011124855291492e+01,-1.245327276439335940e+01,-1.563725688324268681e+01,-1.591885704893137898e+01,-1.859317207887682599e+01,-2.397478529759225196e+01,-2.657808843145940259e+01,-2.041648450384709790e+01,-2.139370914047623273e+01,-2.015319362449278628e+01,-2.377579621588793302e+01,-2.178611639974663916e+01,-1.943886122767865388e+01,-2.115104631927431456e+01,-2.169594513703862759e+01,-2.424252653581329042e+01
-2.791316910378046501e+01,-2.694416749546293488e+01,-2.803757285704272917e+01,-2.788056783547520823e+01,-2.741567040776012121e+01,-2.832311015230153117e+01,-2.725151063849241595e+01,-2.508706298453270378e+01,-1.536573422437458447e+01,-7.669705395983362983e+00,-4.256736022888580884e+00,-4.329615340067472395e+00,-7.157614954174828625e+00,-1.295024132131381833e+01,-1.268513670592409071e+01,-1.270106181703321191e+01,-1.228082292801153308e+01,-1.172924796786152157e+01,-1.576606036243181386e+01,-1.589254487502551960e+01,-6.312036191337599966e+00,-3.496552075724151720e+00,-6.890867208240119446e+00,-6.631518441587973989e+00,-5.854983224574771050e+00,-1.097695967824932239e+01,-1.591339908813006154e+01,-1.327199016324816938e+01,-1.554106109817593051e+01,-2.032903393798710567e+01,-2.383372462094404298e+01,-1.792885507462341721e+01,-6.370344565782932733e+00,-2.370735484069510957e+00,-5.693322394038272449e+00,-2.385505393662253226e+00,-7.008853644466382926e-01,-7.741192103810393021e+00,-3.815511486720946976e+00,-7.164976364793435026e-01,-9.500261987133313824e-01,-1.104111027733381434e+00,-1.329142089678344130e+00,-3.056371791543069261e+00,-6.426253990860573140e+00,-1.298894844992312336e+01,-2.121061442123442475e+01,-2.229884610883532758e+01,-2.112214358739540643e+01,-2.426291838592646855e+01,-2.321675688131696091e+01,-1.639073917631468902e+01,-1.545039474068349428e+01,-1.615346200020556822e+01,-1.324356763303165074e+01,-6.888041768230225514e+00,-8.307469651813624567e-02,4.689826922754641303e-01,-4.204892129438116299e+00,-1.622012516712636909e+01,-2.373103016833119838e+01,-2.248680435761321306e+01,-2.085171313276639893e+01,-2.606063494195368335e+01,-2.638883672100500632e+01,-2.372603788173726969e+01,-2.375525463890707911e+01,-1.869465453454754567e+01,-6.435788111420265523e+00,-2.633211276434749504e+00,-4.249227201318465319e+00,-1.213948943941120007e+01,-2.686232711997794809e+01,-2.601472021113930566e+01,-2.475555504631674708e+01,-1.726274764882346702e+01,-1.265009638615426368e+01,-9.234919633479476531e+00,-8.040415944850973773e+00,-1.084094996351267781e+01,-1.703829475358731571e+01,-1.426116025700504863e+01,-1.543203192547336933e+01,-2.199219829544626137e+01,-2.429583995650039796e+01,-2.520032052130138567e+01,-2.461747693923626912e+01,-2.316439618127194322e+01,-2.227831994132040094e+01,-2.514116138208348872e+01,-2.556954220310571202e+01,-2.324156165995809076e+01,-1.965226354764375927e+01,-2.145379255364625593e+01
-2.588612324010889409e+01,-2.462427811080550555e+01,-2.589896889504669630e+01,-2.753239826797749856e+01,-2.806998134899690811e+01,-2.843699352359955412e+01,-2.722124821326636024e+01,-2.487879754582811032e+01,-1.960116352603155221e+01,-8.217021748280020077e+00,-5.730050247988030421e+00,-8.108994992252489098e+00,-8.675830415218552361e+00,-1.355423250731245943e+01,-8.400953842725368048e+00,-3.122308146287480657e+00,-2.048072644023077427e+00,-4.218085878272047395e+00,-9.296451784512440142e+00,-1.351097696502773715e+01,-6.501606547533891778e+00,-3.325936168374813207e+00,-4.008001382870022056e+00,-5.065575370898825369e+00,-4.997149971408880731e+00,-2.904016245249838146e+00,-2.888434209003111430e+00,-4.741024538598280103e+00,-1.023412939227681484e+01,-1.000794910419883088e+01,-8.735327028355387213e+00,-1.199416353615262842e+01,-8.202385906539211291e+00,-3.088952941012520270e+00,-2.056705169193087546e+00,-2.651173568300199346e+00,-3.335552565796526814e+00,-2.995466777814376425e+00,-5.174629383004469396e+00,-1.206854261828295805e+01,-1.781570067708891969e+01,-1.611337385012235401e+01,-8.990868077572141459e+00,-5.467314720613189571e+00,-7.322886757308578076e+00,-1.327123094202236331e+01,-9.725598952214381754e+00,-9.842281197307197971e+00,-1.175371646972979711e+01,-1.016461302319932791e+01,-1.009962271174024728e+01,-1.486549033181515789e+01,-7.824940638735115250e+00,-3.625128874888998709e+00,-4.719406267409150146e+00,-4.305435598930182906e+00,-2.990080517935629345e+00,-3.275868325851326368e+00,-9.052546609114131115e+00,-1.737484865611228813e+01,-2.709789692689458462e+01,-2.521098192578795505e+01,-1.593725623790468937e+01,-1.056049377610458428e+01,-8.684986154008692338e+00,-8.001555497935742167e+00,-9.026647670190918404e+00,-9.545943926294874871e+00,-1.010278503329767652e+01,-9.240598646432218288e+00,-7.560564679676857303e+00,-1.192368665687840412e+01,-2.548611372468099390e+01,-2.421902695143153750e+01,-2.590787340726466681e+01,-2.056904731596136315e+01,-1.425819535705625185e+01,-1.555327509731226598e+01,-1.862351128499172503e+01,-1.451764641285861401e+01,-1.240460459023771556e+01,-1.324904541978486883e+01,-1.789277826981737363e+01,-1.528790664672851562e+01,-1.005716361062375164e+01,-9.144361766546907688e+00,-9.225090018586616480e+00,-1.120536815683736087e+01,-1.824586300491597513e+01,-2.574736107659018458e+01,-2.476833080923855945e+01,-2.115539468276477564e+01,-1.864051476700916865e+01,-2.038485074640468753e+01
-2.318838688587636909e+01,-2.101374246894968678e+01,-2.398267418341370316e+01,-2.684261806024981212e+01,-2.754707217170553690e+01,-2.801357030409149473e+01,-2.707948069306008065e+01,-2.366749153982467391e+01,-1.898338526981184771e+01,-8.001940898123503842e+00,-5.193158242054757068e+00,-6.927399872355378463e+00,-8.703146093842610398e+00,-1.016486349087459651e+01,-1.045074084085306509e+01,-9.047198778861750057e+00,-8.661784008059198570e+00,-9.178342017594559366e+00,-1.323460229697255031e+01,-1.605666102242148341e+01,-1.229631246169867609e+01,-1.042964652140475934e+01,-1.052728618730239951e+01,-1.181783008437625249e+01,-1.698709203099010168e+01,-7.652440709874809066e+00,-1.736340521007546656e-01,2.277554860085550636e+00,1.786184802242269498e+00,-1.351311492763265898e+00,-8.219661444827540464e+00,-6.059503739050128068e+00,-3.125503501336239331e+00,-5.155853289170531539e+00,-1.522875019902209104e+01,-1.489864709519696895e+01,-1.845405011921259586e+01,-1.661133985023278115e+01,-1.212103174922553528e+01,-1.541294782928878426e+01,-2.151573023309137866e+01,-2.285581603629051628e+01,-1.955275785670344746e+01,-1.678694647860664801e+01,-5.507254441579182647e+00,-1.115272258442013609e+00,-1.632489323983442597e+00,-6.666014050013298053e+00,-1.456122548318322707e+01,-7.540926798690031241e+00,-3.610051772497981926e+00,-2.343553387590456172e+00,-2.703540422898037310e+00,-3.974170710518238447e+00,-2.897153745094934951e+00,-6.313895514389223251e+00,-5.418680545466598275e+00,-5.351469135468176042e+00,-1.326011087899033569e+01,-2.146617771435335342e+01,-2.683966607624855172e+01,-2.548757605286232675e+01,-1.722441170165074809e+01,-5.524710549095462220e+00,-8.014394724665313552e-01,-8.797636094619968317e-01,-6.387280993608611013e+00,-1.245297265833742628e+01,-1.003619818420998122e+01,-8.743788963108393375e+00,-9.577279893878797523e+00,-1.543341329240155879e+01,-1.862233367728819644e+01,-1.730030952483013706e+01,-1.553551395871965468e+01,-2.251468206600416977e+01,-2.701335361605664431e+01,-2.497295084716267510e+01,-2.341363508301663288e+01,-2.010579772721365899e+01,-1.957300731533984006e+01,-1.855747367513432522e+01,-1.819992070023494435e+01,-1.139736488650988910e+01,-5.672831027264310322e+00,-3.132704092817728991e+00,-4.191149219152785044e+00,-8.964622058850032715e+00,-1.843161751080110733e+01,-2.391333227580222953e+01,-2.495304701369621725e+01,-2.106443198246303439e+01,-1.674589751543107496e+01,-1.961229841603479329e+01
-1.911590864479197194e+01,-1.724221791100180567e+01,-2.021431234576568770e+01,-2.392936307249271266e+01,-2.396200696213856318e+01,-2.446311990557837746e+01,-2.589685739947192289e+01,-2.325825734772434217e+01,-1.278396848171432509e+01,-7.915486548447654869e+00,-4.843030155164428585e+00,-4.335467047314653044e+00,-7.717241767284268583e+00,-1.730912937502410998e+01,-2.247984818732347989e+01,-2.478640208308636872e+01,-2.565413628469772078e+01,-2.515535359943073956e+01,-2.075315864099932384e+01,-1.322415087080644902e+01,-1.477118406497903891e+01,-1.444589852000477315e+01,-1.532860430035747257e+01,-1.338541901777704801e+01,-1.442226100381399156e+01,-8.531857941651390220e+00,-6.843097548493989990e+00,-1.026932353672422593e+01,-7.458649037854462094e+00,-4.091827555959739016e+00,-4.241768595340853487e+00,-3.810301520002140840e+00,-4.169846366136289895e+00,-6.859201947158931389e+00,-1.245204050233139093e+01,-2.056253476776828748e+01,-2.220946726312067554e+01,-2.279365661746045291e+01,-2.247739116212995469e+01,-2.177431699168475276e+01,-2.462885977904920765e+01,-2.563844339558155028e+01,-2.258284613254672024e+01,-1.038511456230472341e+01,-2.817640180014942430e+00,-3.693066559455389641e-01,-2.794814939082641558e+00,-1.176278440065696351e+01,-1.628636282624996312e+01,-1.356032966602744416e+01,-1.366543356761307670e+01,-1.328547213578270103e+01,-1.175530062199557690e+01,-1.414110729827586788e+01,-8.292148383825960423e+00,-3.476211325676397568e+00,-2.643249598771391096e+00,-5.200477319416053845e+00,-1.040125026776381745e+01,-2.258725777113368594e+01,-2.656460552730082370e+01,-2.522766350689191484e+01,-1.653193712142621052e+01,-6.795226534437352583e+00,-3.460323004644213274e+00,-3.546411248591507803e+00,-7.345429293222739631e+00,-1.229743797379422077e+01,-6.691945992453249836e+00,-4.996491015072273001e+00,-4.048156271320777044e+00,-4.586107629442834899e+00,-3.916272594886858638e+00,-4.797775983236198805e+00,-1.206005706676858047e+01,-2.339799465517547716e+01,-2.759022343365443319e+01,-3.083210834143019241e+01,-3.092141037685563276e+01,-3.043362835055371463e+01,-2.957413261060769827e+01,-2.849903640673569427e+01,-2.537986049762351115e+01,-1.704734857923033786e+01,-1.389723640691797613e+01,-1.367094307000926534e+01,-1.028600830425416746e+01,-1.246227960366045195e+01,-1.243765536806257188e+01,-1.056569754778764647e+01,-1.105652508708093862e+01,-1.693779273023954346e+01,-1.785317733705847587e+01,-1.932013497508789612e+01
-1.686258615740002398e+01,-9.235985864334253392e+00,-7.585011682069370487e+00,-8.933388861158221061e+00,-1.081866288414810029e+01,-1.647429663138123246e+01,-2.420779819892780438e+01,-2.337488896952428874e+01,-1.197647877511261427e+01,-9.602534403001641294e+00,-1.014044026235165141e+01,-6.516244865796010366e+00,-8.993653841331056498e+00,-2.231332850961556602e+01,-2.349772787002240193e+01,-2.534042898630131191e+01,-2.655422696534379057e+01,-2.681644015229506195e+01,-2.151499396344370396e+01,-1.220234821573158257e+01,-6.500371692267916224e+00,-4.311458573865063926e+00,-4.460692736914162460e+00,-8.354307515543091256e+00,-1.537257164199917270e+01,-1.572608888401920879e+01,-1.783734872851068687e+01,-1.913301822721154366e+01,-1.834301832783429020e+01,-1.496597247224782024e+01,-1.479390693308071292e+01,-1.073255676433070782e+01,-1.498312931391545177e+01,-1.745754468509916535e+01,-1.952842378524456990e+01,-1.423611087284565890e+01,-9.616544368868847670e+00,-8.627131342198806507e+00,-9.376500489394789639e+00,-1.194920696780401315e+01,-1.998665106595136720e+01,-2.592375129633556341e+01,-2.346578117694009435e+01,-1.327062690510685528e+01,-6.003659328743672141e+00,-6.848188313675294125e+00,-1.207480119648237071e+01,-1.206818843209444836e+01,-2.158280493161122493e+01,-2.426059125889243262e+01,-2.038224344124913401e+01,-1.768349469649768579e+01,-1.944324193708239790e+01,-1.881146457797070681e+01,-1.659804023529522965e+01,-1.328749743500196878e+01,-1.859992392857869348e+01,-1.748759802504082117e+01,-1.648154726377571677e+01,-1.880843485021866712e+01,-2.126115443022035123e+01,-2.175856220285786691e+01,-1.880063092042485806e+01,-1.389361545989049418e+01,-1.721283536150276205e+01,-1.652758864768437874e+01,-1.541086778291617776e+01,-1.385592660830429779e+01,-1.708622859300675856e+01,-1.380103539042390182e+01,-8.677729568499820800e+00,-6.118623256281391191e-03,9.991929781737749483e-01,-4.492684264385602866e+00,-1.648916840507345682e+01,-2.456875473456116410e+01,-2.742713694489760101e+01,-2.867303372715709386e+01,-2.788549737985423604e+01,-2.704420283764083877e+01,-2.821974132515791567e+01,-2.686070475458869211e+01,-2.570738442371346366e+01,-2.164598843128005967e+01,-2.087075831389381264e+01,-2.040864142930576719e+01,-1.543556693707357752e+01,-5.163873109428180008e+00,-5.548069853665799078e-01,-4.842392296186219247e-01,-4.419742666830906330e+00,-1.108111781881034652e+01,-1.621728501659826804e+01,-1.980600365508268723e+01
-1.692334530486766653e+01,-8.069859734390053774e+00,-4.436453721771350445e+00,-3.604667944026131110e+00,-6.838404637540696385e+00,-1.393157070909621353e+01,-2.103454273422329379e+01,-2.042053319309947668e+01,-1.337771254743454818e+01,-6.659682656528862488e+00,-3.643909209036413799e+00,-3.760045335931355481e+00,-7.425379472890570653e+00,-1.484167270164269326e+01,-2.293453897722424273e+01,-2.312180563204550410e+01,-2.190220525958404707e+01,-2.084206385419548013e+01,-1.880198332799422545e+01,-1.425247303552940004e+01,-1.147258738240295273e+01,-1.456647856754604398e+01,-1.209397876515324199e+01,-5.103280047001407027e+00,-5.367321960269141101e+00,-8.632302002640358296e+00,-1.392375536552973081e+01,-1.810182793383883038e+01,-9.525695200370686067e+00,-6.566478095345758881e+00,-5.544754737991703486e+00,-7.013171144303559146e+00,-1.233355968857546614e+01,-2.251959722993001733e+01,-2.208872438625563461e+01,-1.218884640805753428e+01,-5.583003858610384285e+00,-3.118350386849258360e+00,-3.979671699003906937e+00,-8.746683228222620343e+00,-1.859464507939039279e+01,-2.664041508507407130e+01,-2.465286827822411553e+01,-1.694495977280456955e+01,-7.623093006009082018e+00,-4.701216247729483655e+00,-5.678446788620742147e+00,-6.838608899787211648e+00,-1.323669741332875560e+01,-1.915064001359002432e+01,-1.861484913467671731e+01,-9.218412039137529490e+00,-5.674005632800174226e+00,-5.633682283764859022e+00,-7.882136363284895531e+00,-1.334621799796073205e+01,-2.294016932522400865e+01,-2.670450690164731355e+01,-2.211028771777143831e+01,-1.186070296851656103e+01,-6.839135189276898785e+00,-5.257721307649777742e+00,-5.559997957795570933e+00,-8.275033615917140040e+00,-1.423137278731388378e+01,-2.369462732634792346e+01,-2.183418463558130895e+01,-1.400064744379708692e+01,-7.430598058682186036e+00,-3.476365463340723050e+00,1.151622536069101699e+00,2.636180209401485453e+00,-6.074079617289090960e-01,-1.024249486840529322e+01,-1.941028075503016836e+01,-2.454304336444950252e+01,-2.628431619339136205e+01,-2.401075263381693503e+01,-1.782739652328638158e+01,-1.438766946590475015e+01,-1.365297238307651462e+01,-1.518636293539881521e+01,-1.663586852086531920e+01,-1.254386902039220963e+01,-7.519767855403510559e+00,-5.574100598204801749e+00,-3.959307839185975730e+00,-2.287515117038536605e+00,-1.880402167278354408e+00,-6.854807906117925675e-01,-3.570804970755254271e+00,-1.183469522481708935e+01,-1.122748711940640476e+01,-1.500565106055640108e+01
-1.962565554911001442e+01,-1.468436144312452463e+01,-1.424607950368598175e+01,-1.461026107277254660e+01,-8.310390773765842454e+00,-8.649603322291879337e+00,-1.275212364251903097e+01,-1.259754746681463367e+01,-1.711763990913053135e+01,-1.273969900814784140e+01,-1.042883573377752526e+01,-1.427884650551974133e+01,-1.219263190984266565e+01,-1.395242011983500241e+01,-1.526147807678046320e+01,-1.115668482771268977e+01,-7.598447006003440585e+00,-5.971311592898890019e+00,-7.230219171757528152e+00,-9.836257515155740094e+00,-1.322189720242009692e+01,-1.792260885698028261e+01,-1.101196829661698295e+01,-6.538128865706897663e+00,-4.142076251134707121e+00,-7.005977855711773117e+00,-1.617439680154613058e+01,-1.244348430495730717e+01,-5.225771629454313505e+00,-5.539666384690474787e-01,-9.359321922650615244e-02,-2.986390447436054973e+00,-1.083074337071766102e+01,-1.137302162376212777e+01,-1.059601693162568914e+01,-1.364741004868509222e+01,-8.057403749124162573e+00,-9.011343088682906455e+00,-1.555056729528026516e+01,-1.448317532364803029e+01,-2.015168525350346584e+01,-2.708958899584349567e+01,-2.427521290898552664e+01,-1.317080867359404017e+01,-7.955003833035743099e+00,-8.084330143267019153e+00,-5.429880540408840162e+00,-8.505803134932984344e-01,-2.224047830640580425e+00,-8.398444227400542417e+00,-1.523316813158391803e+01,-6.456858825362027154e+00,-1.012290790926051454e+00,-4.089077914955949189e-01,-5.014417041358690597e+00,-1.867053796882114725e+01,-2.452776036786206149e+01,-2.667266513295256303e+01,-2.048948372673666896e+01,-8.299818380719663935e+00,-5.049910826949485454e+00,-8.392333636853505752e+00,-4.259955368060367675e+00,-2.605799272611130757e+00,-7.805168101323592289e+00,-1.177317104817355542e+01,-1.578370148965618824e+01,-1.068045383887024435e+01,-8.561518937866122059e+00,-8.923913609437457595e+00,-4.415194481485640310e+00,-9.422468333926790895e-02,-1.288602383919286831e+00,-8.842063877623894896e+00,-1.329401101772036320e+01,-1.911118748284488689e+01,-1.974447230337212744e+01,-1.537265653463227721e+01,-1.026187091985419464e+01,-1.070376428519599976e+01,-1.648006945262754641e+01,-1.436593781730343089e+01,-1.630102267660387128e+01,-1.183201850218580020e+01,-6.702680703991870104e+00,-4.628082157329787449e+00,-7.000114412436365896e+00,-1.479591028125299879e+01,-2.064977045463459149e+01,-9.200723280796426096e+00,-2.562795252046639494e+00,-1.542276047853849974e+00,-4.663258573108555183e+00,-1.126151830750393756e+01
-2.037533034249307562e+01,-2.278522027664331517e+01,-2.132230006201418959e+01,-1.620641328558067329e+01,-5.321439095022496346e+00,-1.596598500353692440e+00,-1.430599483750627732e+00,-3.307222574662151526e+00,-6.531450700323476077e+00,-8.575907494980475221e+00,-1.218589164296556326e+01,-1.301748395838948724e+01,-7.769472445596389498e+00,-8.551141439375390618e+00,-1.150113605396366268e+01,-4.288380469717731458e+00,-5.473819113137319281e-01,1.540345114151662864e+00,1.419772987937651720e+00,-2.091689678556254428e+00,-1.061272350303929279e+01,-1.651741448257240563e+01,-1.552954540546689266e+01,-1.817234537459063048e+01,-1.212379786596132902e+01,-6.013676261166846615e+00,-3.344236996936430728e+00,-3.652890045518820017e+00,-7.903017098848530431e+00,-1.205661944134846308e+01,-6.534899646979765997e+00,-6.454318017628840387e+00,-9.994851858859346905e+00,-4.089228983214824531e+00,-2.559371417714910724e+00,-2.755010904489454848e+00,-4.713390001671851515e+00,-9.960542822159784038e+00,-2.310826077396929534e+01,-2.470736882865773509e+01,-2.386818784923222836e+01,-2.663256726604895164e+01,-2.413940446041452503e+01,-1.856606370819326912e+01,-1.848050707521236546e+01,-1.403425506268392908e+01,-8.681545890135572208e+00,-2.153734066934990476e+00,6.256153287441399424e-01,-1.659469221691692420e+00,-7.866496036966871053e+00,-1.276851388898199069e+01,-3.500055342359981392e+00,-8.779976136950140564e-01,-4.033960969461871215e+00,-1.428022358091350696e+01,-1.861344114939371863e+01,-2.121730772470463222e+01,-1.694083451030341791e+01,-1.019282071163199532e+01,-5.919432708982787616e+00,-3.810467136273723909e+00,-2.100363310534140826e+00,-1.870327940391940169e+00,-2.841393458848973541e+00,-4.845355723864311237e+00,-9.293101821561309706e+00,-1.460531536278697118e+01,-1.240734603455530660e+01,-1.390234610983861430e+01,-6.939232924526022472e+00,-2.123915201045354806e+00,-5.034846150709284096e+00,-5.317813594446935355e+00,-4.764910906524557177e+00,-7.729184104068660410e+00,-1.208324374123575140e+01,-8.844999271091468884e+00,-6.481679958644859241e+00,-8.266450008215931788e+00,-1.167084855886323425e+01,-1.323086520656225495e+01,-1.703598880584069875e+01,-1.928760581117604289e+01,-1.821820884954492925e+01,-1.771799757117710428e+01,-1.262402270800346038e+01,-1.598624813579640147e+01,-1.659218373877464714e+01,-7.813243932117616808e+00,-5.727349067239632774e+00,-8.764546550307889206e+00,-9.739237202844638119e+00,-1.151287593547549015e+01
-1.807541656861645052e+01,-9.382219985271005314e+00,-6.956081309070476948e+00,-5.305051144190950474e+00,-1.087936291623203822e+00,-2.794972161866943194e-01,-4.967501422745644213e+00,-7.016446462715751231e+00,-3.574128495561594399e+00,-2.868316749329741455e+00,-2.295345610391657409e+00,-2.408530258604097529e+00,-3.112767970171507415e+00,-2.886722637394260271e+00,-2.255574669078824979e+00,-3.831042742453558692e+00,-9.514003390751362588e+00,-6.066485218904725585e+00,-1.746992042053110428e+00,-3.330631134084108158e+00,-1.153886711987916236e+01,-1.419459343140295182e+01,-7.222985046217666572e+00,-5.937802974543819445e+00,-8.778161967765388596e+00,-6.924278160510494828e+00,-8.181103592892831955e+00,-7.189406236012776397e+00,-1.121990055936839070e+01,-2.047567647408428471e+01,-1.172020208491066207e+01,-5.058621132764283601e+00,-1.835841797852102664e+00,-2.310248830702033906e+00,-6.971504498309023745e+00,-8.166027107450084088e+00,-4.473219162696588036e+00,-8.661329406304625778e+00,-1.605574602520304950e+01,-1.850349813251825992e+01,-1.972961271796842198e+01,-1.720026777245405825e+01,-1.819987000114426223e+01,-2.273920525383627833e+01,-2.413354865939631111e+01,-1.690386044129241228e+01,-1.296588444480087432e+01,-1.023554921747402346e+01,-1.127712202802660935e+00,4.568499614662259178e-01,-3.864412528044599782e+00,-1.308855984987321364e+01,-6.313310121525229412e+00,-3.105066507767620276e+00,-4.172131271490931326e+00,-1.020929291666358019e+01,-1.777524853303942365e+01,-9.471148097675889943e+00,-8.194599632582912463e+00,-9.643901146445889694e+00,-5.578059494610236868e+00,-8.075619219355500533e+00,-1.115637328996823641e+01,-7.257101737465243119e+00,-1.058174876073421977e+01,-7.247898691192068199e+00,-9.516728941415776077e+00,-1.269338659514351875e+01,-1.035930513003428288e+01,-4.644256990703284238e+00,3.372577219510178304e-01,1.336990376561162375e+00,5.672202475966978685e-01,6.545918371451225903e-01,-5.937360247116184320e-02,-5.334528237868365608e+00,-1.236518733992971697e+01,-9.672350954228512876e+00,-9.481610784181510709e+00,-1.511279565337076392e+01,-2.131044938890460827e+01,-1.924284484620728364e+01,-2.008152890251321310e+01,-2.183099485592116196e+01,-2.359033633289080001e+01,-1.434440234355154686e+01,-7.108471406218174415e+00,-4.845518784615460817e+00,-6.588109224480451331e+00,-9.929132072739518478e+00,-5.988599742308746698e+00,-5.895229564121922117e+00,-7.720961276276722351e+00,-1.236303678688975438e+01
-1.837463299525266436e+01,-7.738200789471811447e+00,-2.396772156446195901e+00,-3.866974027457724006e+00,-7.755952007508691182e+00,-1.999511258743940312e+00,-1.907663452347156507e+00,-8.692002487090741525e+00,-1.289282189628292308e+01,-1.276016157670287576e+01,-6.466683132110992993e+00,-6.556520084884584598e+00,-1.274150559346340472e+01,-1.431294759849592424e+01,-1.240899627516494697e+01,-1.314610090421114386e+01,-1.416232751008403135e+01,-1.271505184026582214e+01,-1.378276884027528837e+01,-8.823965163589212679e+00,-1.123575961658720423e+01,-8.777767350448579364e+00,-1.963981464055460036e+00,-2.017007441114569699e-01,-2.569022119931718695e+00,-9.176368180267612473e+00,-1.740785435031604322e+01,-1.271447829704064247e+01,-7.059661180297763572e+00,-7.563888354740161191e+00,-4.527213698757277527e+00,-3.510744341928153101e-01,-3.130343064665794373e+00,-8.900132627615809255e+00,-3.292409516253682611e+00,-2.224575164202091226e+00,-7.094542419749648055e+00,-1.644509015055750112e+01,-1.655696441580564837e+01,-7.527611774516243415e+00,-4.614571385186072128e+00,-5.695678221237682415e+00,-1.158672652768261813e+01,-1.545442302608306306e+01,-1.537532292992623084e+01,-1.298693816234610665e+01,-8.023044377622806422e+00,-5.870492870867367152e+00,-3.696840944260301409e+00,-3.529346834127979449e+00,-7.387990231688541520e+00,-1.171971328731676465e+01,-1.517641093046449363e+01,-1.492393210030704509e+01,-1.547776022949659769e+01,-1.487662638864535580e+01,-1.300634482462741559e+01,-8.398523514440753956e+00,-5.666659742421497725e+00,-4.418499655576569651e+00,-7.493370605571651133e+00,-1.373716522135945795e+01,-1.111749128477651460e+01,-5.425789650235332218e+00,-2.463939070615465354e+00,-3.083449115298386722e+00,-6.812322134457112099e+00,-8.084737740959505814e+00,-9.318984722585806679e+00,-7.998438029505154923e+00,-5.589032056775510959e+00,-4.429346990400139461e+00,-7.473533338750487864e+00,-2.173567011156559037e+00,-2.597281247616058053e+00,-7.643351176340915210e+00,-1.265535628588902384e+01,-1.412047844998868662e+01,-1.984171791664667595e+01,-1.927959166510256850e+01,-2.313624591864143198e+01,-2.443263222394880785e+01,-2.098263770307419662e+01,-1.440120392268333305e+01,-1.182520396631347381e+01,-1.083007590711001988e+01,-5.957885464434449219e+00,1.845989799170049683e-01,1.096590472183410991e+00,-1.095220190171095842e+00,-3.372263647142173415e+00,-4.301652714122007559e+00,-6.701032245779313001e+00,-1.411188787669804690e+01
-2.171433495464582109e+01,-1.518322456043809332e+01,-3.883042840523957651e+00,-4.662645259362453443e-01,-1.990768313063362438e+00,-9.950276966039844240e+00,-7.787550840533997487e+00,-2.615157942217640308e+00,-3.517225779022354004e+00,-4.769145377798576391e+00,-1.313834118108069582e+01,-1.938074584549332258e+01,-1.919780776220479623e+01,-2.179925825324821176e+01,-2.366315641384823110e+01,-2.292212807466069791e+01,-1.642522098838938405e+01,-1.971335068006276714e+01,-1.883745926101772739e+01,-9.488962137630220894e+00,-4.606193279485022885e+00,-3.319226340981117573e+00,-5.759484951579961098e+00,-1.032210222099098473e+01,-6.182290249017851735e+00,-8.456514330957666914e+00,-1.196133020939395131e+01,-1.215899532746258060e+01,-5.312700053859997773e+00,-2.297027576954762562e+00,-1.531940845446930322e+00,-1.843708171432044685e+00,-3.578676836609998357e+00,-6.495489930141867596e+00,-1.318217747473303270e+01,-8.915622561882916131e+00,-3.999421439878283469e+00,-3.938522646652251158e+00,-2.808576551935346721e+00,-1.882591220785312824e+00,-4.773661076563171513e+00,-8.456167301231266364e+00,-9.456964245651040102e+00,-1.256716710845859097e+01,-6.430940062094745002e+00,-3.393278139170532004e+00,-6.287890434954207741e+00,-1.611949220006865602e+01,-1.214679770111348667e+01,-1.026884874994355101e+01,-1.389737355869859137e+01,-1.149161434081707789e+01,-8.979548577398693610e+00,-8.236046645452981707e+00,-9.755052988699176808e+00,-1.047197718243608122e+01,-8.813732904276177393e+00,-8.660213592194867971e+00,-9.027281832832821706e+00,-4.487525786967635710e+00,-5.243133893132439383e+00,-1.190206488157283360e+01,-1.287737743748865071e+01,-1.108328830300038881e+01,-1.433097063461480047e+01,-9.398148863761180749e+00,-5.431523055010448076e+00,-3.544604326259193972e+00,-7.035393979048683022e+00,-9.544737795644183009e+00,-3.404395593620965776e+00,-3.206991576679366629e-01,-1.513045981322031164e+00,-1.098439029140509149e+01,-1.302490755863961525e+01,-1.333534176868740140e+01,-1.132054558149422263e+01,-1.286618490715247276e+01,-1.892186594285027823e+01,-2.197238763540925888e+01,-1.685782980872946268e+01,-1.471175036219043797e+01,-1.322101765836594467e+01,-7.561875901470294536e+00,-3.219856216297673157e+00,-1.994140063725171386e+00,-3.236265802095479871e-01,-2.860721328800682528e+00,-8.930227615463643076e+00,-1.059124898221451438e+01,-1.480905895472032263e+01,-1.365904915815143994e+01,-1.713482599589177013e+01,-1.623682808370718789e+01
-2.025779220456103147e+01,-1.142415654820054449e+01,-5.676376260142335539e+00,-1.982528324619380555e+00,-1.209602794137573323e+00,-6.380212517257829674e+00,-9.283171349522694626e+00,-1.810833010361359463e+00,2.387818401513521482e-01,-3.610486035746645950e+00,-1.388950995627166307e+01,-1.653029017641365073e+01,-1.736427846349962323e+01,-2.044568636789487215e+01,-2.398223557775420289e+01,-2.250285040941771442e+01,-1.330015147214680127e+01,-6.763621174531175839e+00,-4.077853695103658360e+00,-3.403209921252520864e+00,-7.958810210457656353e+00,-1.648669755619615174e+01,-1.352422042159446214e+01,-1.584217951522856538e+01,-8.772953866763840480e+00,-4.735902263020274283e+00,-4.816201690993556994e+00,-4.349444313315757427e+00,-4.553741107326941595e+00,-1.062411809656661354e+01,-1.637523179155324016e+01,-1.602299945478494436e+01,-1.963110069870259622e+01,-2.048036772299823483e+01,-1.760800406836360921e+01,-1.390762429062801075e+01,-9.306104631093196744e+00,-8.901192538311025970e+00,-9.737760206637814164e+00,-3.907420442168652919e+00,-4.468033570430182344e+00,-7.835276595200187266e+00,-1.027219209873148031e+01,-1.525965779548895007e+01,-6.081941106186206980e+00,-1.793155042512022845e+00,-1.374503428024026253e+00,-4.049110805511704214e+00,-3.647232285813789332e+00,-2.802913362752495363e+00,-3.236234308552420558e+00,-4.006443577465065076e+00,-4.311556599043697702e+00,-1.980642041625717109e+00,-3.640176216072199988e+00,-1.118555367245609844e+01,-1.042084553062571217e+01,-2.949105101054344313e+00,-1.506272901588896485e+00,-6.735457592387190218e+00,-8.672097636555431421e+00,-2.840380422426441509e+00,-3.563586751304150368e+00,-8.870882114693378284e+00,-1.353422023381800976e+01,-1.104676880083102475e+01,-1.052310074225556136e+01,-3.864732844521774346e+00,-3.062570164888120949e+00,-2.295578290100042551e+00,-5.165201252670007515e-01,-1.233019713801825290e+00,-3.194713401913226392e+00,-6.858598461040871896e+00,-1.500126278882770947e+01,-1.979314078071902827e+01,-1.353655089946151513e+01,-9.573524071761408294e+00,-9.201087471147952002e+00,-1.113547797469504808e+01,-1.311756023598084830e+01,-9.507460755879248993e+00,-8.645070122845600835e+00,-9.149155654199780940e+00,-2.406074471139564075e+00,-7.677045371765871540e-01,-2.290399437052465181e+00,-7.732638345223803000e+00,-1.215539812410038500e+01,-6.760362935835686038e+00,-4.151977501967508921e+00,-5.980257891362572131e+00,-9.196367589724546932e+00,-1.457512494732189801e+01
-2.087490485674613794e+01,-1.447907980788420090e+01,-1.133393710932061005e+01,-9.580960077490669136e+00,-1.899031992207652841e+00,-4.570255708110900761e-01,-5.613532240105961968e+00,-5.023765191866483626e+00,-3.037788472366241166e+00,-6.774593526072196781e+00,-4.560831062251662793e+00,-4.565645590223558870e+00,-8.155233982211132826e+00,-1.449261610034803027e+01,-1.185188225193060418e+01,-1.142300640112632415e+01,-7.492149840659948268e+00,-3.987885726439929890e+00,-5.218139249964227844e+00,-4.791486812579608845e+00,-7.600707389945469572e+00,-1.479004810311201723e+01,-2.554443539268478958e+01,-2.165369990427829450e+01,-1.057176628921303063e+01,-5.231252014292457453e+00,-6.098752146970789489e+00,-7.063926841022881042e+00,-5.089980245784987645e+00,-9.555390467303796598e+00,-2.010903252066904301e+01,-2.499413563061311905e+01,-1.602830033311494873e+01,-1.342945506347626861e+01,-1.271018448271044043e+01,-1.457148348802775928e+01,-1.413418752563711678e+01,-1.631650281365896404e+01,-1.241838880402963774e+01,-6.595151161642203164e+00,-5.443356816019855771e+00,-5.419135928383681744e+00,-1.005318465444164211e+01,-1.551967560946367186e+01,-8.231902822134351538e+00,-4.254960007061159288e+00,-8.549290175612492604e+00,-5.262431082985075115e+00,-2.735223806145563152e+00,-8.260429227972306165e+00,-6.248319271327443580e+00,-5.108766592536587936e+00,-6.851794978786755586e+00,-2.117311995770775113e+00,-1.000164375180061738e+00,-6.593831700784278382e+00,-5.413909406352766851e+00,-2.616320738586846772e+00,-5.573189501128444689e+00,-5.888979255808570734e+00,-7.319495407372770934e+00,-1.094595217153516131e+01,-5.898188639238390429e+00,-3.192660809711683978e+00,-1.911703885118396284e+00,-2.217513166181384054e+00,-4.039182799629623233e+00,-6.634024543109886096e+00,-8.567831494904666556e+00,-1.154698102896842826e+01,-8.994335858578397236e+00,-1.055980578001753756e+01,-1.198885294651479860e+01,-1.309233052928093954e+01,-1.685734023018838812e+01,-1.717866960242534091e+01,-1.798292026997531323e+01,-1.396015822405070850e+01,-8.651276648159431204e+00,-1.030599048831329689e+01,-1.327792794534466481e+01,-1.396083875979531896e+01,-1.070224568333929049e+01,-1.489112317403293861e+00,-4.728083306230848604e-02,-3.830497788167549711e+00,-1.053368161643686074e+00,9.185277352690282004e-01,-8.806006094218304936e-01,-6.275572873774004634e+00,-3.103178016349282142e+00,-4.947636151607354704e-01,-3.835410498484595809e+00,-1.545284057444460402e+01
-2.244443289622635618e+01,-2.322054534794508029e+01,-1.658627537266137608e+01,-5.109413847585633661e+00,-2.678799884226029659e-01,-3.133168861910122782e-01,-4.489533494199717367e+00,-4.460292448772401386e+00,-1.219874359734593350e+00,-1.172475261186646023e+00,-2.585687926073194198e+00,-4.371843702215450378e+00,-9.855482539689610633e+00,-1.096816443110706807e+01,-6.315312790503162077e+00,-2.684286034868775150e+00,-2.301996836428008120e+00,-5.756329278036348640e+00,-1.426647723111573463e+01,-1.704764360086077346e+01,-1.665225274484740936e+01,-1.847661056592055573e+01,-2.606783490741413800e+01,-2.297393339998689754e+01,-1.404997920254981203e+01,-8.758648900857091135e+00,-7.073144263614809191e+00,-7.964814929144460542e+00,-6.971817029923602860e+00,-1.187563974917049769e+01,-1.895875009819721768e+01,-1.953522865390961272e+01,-1.237265845392480834e+01,-5.966769407939359837e+00,-2.521672802354587795e+00,-3.556091510023211111e+00,-9.497661443689196403e+00,-1.654720062511275103e+01,-1.139374201835235390e+01,-1.049320475352292803e+01,-1.433397704971548592e+01,-1.031001701290667150e+01,-6.089097860001874807e+00,-9.104839468967018234e+00,-8.274569966659839793e+00,-1.251488519220223594e+01,-4.657354664021603696e+00,-7.825566910679213617e-01,-2.038170561467177233e+00,-5.842072792365601508e+00,-6.813115179194190851e+00,-1.007484407450192698e+01,-3.510650994374572953e+00,-3.871125905729672301e+00,-7.814635792047302409e+00,-2.093760388417471141e+00,-1.708383275840614557e+00,-5.205352640106039708e+00,-1.294342281179850751e+01,-1.627444869337283961e+01,-1.743823096104440040e+01,-1.644062458067730503e+01,-1.505245514320270672e+01,-1.735495719928043101e+01,-9.089383138167834275e+00,-6.245731087318964647e+00,-1.132057207443810576e+01,-1.027722633642957462e+01,-8.310394468564748394e+00,-4.336913044512386683e+00,-2.880269847871280042e+00,-4.411226586914246184e+00,-1.169203922146776975e+01,-2.335492153755732048e+01,-2.502768379828833289e+01,-1.905540778687464254e+01,-1.225587592189252284e+01,-9.262713556344799315e+00,-1.089892452438442660e+01,-1.838025777004587269e+01,-2.041390481665873935e+01,-1.331796900706943454e+01,-4.315406981118109719e+00,3.299113455271574513e-01,6.134746413885302507e-01,-3.658651730659379986e+00,-7.796468607743758383e+00,-2.327057570098811201e+00,-1.534912604249131007e+00,-5.894426935670003864e+00,-2.343827375509598632e+00,2.588996785618400964e-01,-3.297619740560117751e+00,-1.789175503240155507e+01
-1.877711279360085683e+01,-1.624810431779923903e+01,-1.535147956157235960e+01,-7.230372258004425845e+00,-8.358959354646863460e+00,-8.906444302184043593e+00,-6.579694229743384248e+00,-5.754357688229437606e+00,-1.722003968534381091e+00,-1.731579068399919041e+00,-6.393943167619966950e+00,-1.176793420475572027e+01,-7.292736734728363146e+00,-5.401519080921864280e+00,-4.653285572294555195e+00,-1.188608128395154040e+01,-1.209002599229243025e+01,-1.086421983917324496e+01,-1.254283737447220481e+01,-2.147752896347486740e+01,-2.566826527839910455e+01,-2.513886109390699630e+01,-2.672373185865222212e+01,-2.523509322333657323e+01,-2.192584095846481063e+01,-2.089428166111999374e+01,-1.936213385300829160e+01,-1.456844595356024286e+01,-7.590194288246434162e+00,-4.382129005843734326e+00,-6.240009052445663507e+00,-9.803211799246726699e+00,-1.611466984023018867e+01,-1.046634723225999686e+01,-6.667605392275977039e+00,-1.989059251436141817e+00,1.810547768749361242e-01,-1.219797424463217039e+00,-5.714047996984051636e+00,-1.657557685297118866e+01,-1.774525809793343711e+01,-6.913317329851419224e+00,-2.881922209193940709e+00,-2.797405381825158521e+00,-5.583985852368305025e+00,-8.622956257564712956e+00,-5.032648329330546844e+00,-1.858046593745230179e+00,-2.383947117454219722e+00,-6.943815390498651929e+00,-4.629755132689870933e+00,-3.187312764052825820e+00,-2.116448082324110302e+00,-1.814301038250643039e+00,-4.225063812296284915e+00,-1.314751041096299566e+01,-1.244147502985533471e+01,-1.032790845667006607e+01,-1.323120322438793117e+01,-2.219690153640129537e+01,-2.558278048704584506e+01,-1.980106603479109850e+01,-1.714174244812688030e+01,-1.677545447524112987e+01,-7.227074843610642674e+00,-1.622668449153229941e+00,-1.087675130705578752e+00,-5.100592426510674571e+00,-1.001363362765266274e+01,-3.696493830984038276e+00,-2.558131309122974262e+00,-5.776247866580940915e+00,-1.362398980440202223e+01,-1.718697083111213431e+01,-1.760259131154113632e+01,-1.681978664140940083e+01,-1.389489510339578970e+01,-1.209307189254172776e+01,-1.398015062795209040e+01,-1.519997482722434867e+01,-1.238366925142174324e+01,-1.237349403892178934e+01,-1.082554569145617940e+01,-3.700274410727568242e+00,-3.827699577532751807e+00,-1.003867950033475509e+01,-5.949955400474268963e+00,-5.219890267403369144e+00,-5.863199438892577220e+00,-2.518654314221487667e+00,9.330432802628948474e-01,8.568221027657806355e-01,-4.421186719655000097e+00,-1.853674447329747110e+01
-1.726386318041410206e+01,-8.444326222057746634e+00,-4.302395817172320669e+00,-4.143125605261624322e+00,-8.639672053801989549e+00,-1.748584669954744442e+01,-1.525143359759409734e+01,-1.453905778629471968e+01,-1.447427025833570902e+01,-1.146081931007620369e+01,-1.110637068564721908e+01,-1.299865493425284768e+01,-4.823452935972195377e+00,-3.215641626732886671e+00,-6.021934593573700312e+00,-6.850163359632841065e+00,-1.078490918403875476e+01,-1.287304160774098705e+01,-1.301415319663251680e+01,-2.135339783244050338e+01,-2.608103713915756927e+01,-2.277329673289333911e+01,-2.235800978122189164e+01,-2.422682842629493294e+01,-2.486615445388764556e+01,-2.188989245317345222e+01,-2.066433356584611403e+01,-1.345140374556671858e+01,-6.845302675500770206e+00,-5.887845336357292680e+00,-5.379266498750344461e+00,-4.730809913664653976e+00,-9.755224508586875842e+00,-1.352157823106916368e+01,-1.492991735756052663e+01,-1.005760319843916939e+01,-1.967309652151731036e+00,7.047459122999383263e-02,-4.691879651234673432e+00,-1.573899501458757832e+01,-1.742327547257116649e+01,-9.183770387388607404e+00,-7.363307560569748667e+00,-1.216891350865593679e+01,-1.546352473389436355e+01,-1.769350959248625443e+01,-1.153694662009590211e+01,-7.387620432528457570e+00,-1.086941103990367452e+01,-1.035697733506072282e+01,-1.017484938983512954e+01,-1.478448240835083283e+01,-1.092819730854218108e+01,-6.591929557006483087e+00,-6.185974002573531472e+00,-1.030567710156155847e+01,-1.679844459357289210e+01,-2.197692148763550080e+01,-1.888081084234866225e+01,-2.233414228435655957e+01,-2.449791864714870471e+01,-1.590755415697777586e+01,-8.781798487683481369e+00,-4.258253217202850216e+00,-2.011641204924195403e+00,-2.921106848231407316e+00,-7.157212265582552746e+00,-7.478703571422481211e+00,-9.084449005494457552e+00,-1.179984472666172657e+01,-7.999017308442808449e+00,-1.179154249284997924e+01,-8.496504503867528868e+00,-4.888399461101244903e+00,-4.556316066798906661e+00,-5.760235351404473292e+00,-7.424635043263664969e+00,-1.212347543767881319e+01,-1.268692253641999557e+01,-1.303866750518710660e+01,-1.378853970915366212e+01,-1.485958506560279702e+01,-1.332720447459432123e+01,-1.056185163927905180e+01,-2.390896917423071866e+00,-1.939989964304777159e-01,-3.848057477388652892e+00,-1.266804583775514814e+01,-1.280160729274125053e+01,-4.377473302406253097e+00,-2.452983268882059864e+00,-4.112881339917781709e+00,-9.172928414592853130e+00,-1.924324464981726024e+01
-1.744766849635423611e+01,-8.937442075310414680e+00,-6.386996777530809410e+00,-6.890822848832676151e+00,-9.360108828039297890e+00,-1.271979075176408003e+01,-1.721156044961859521e+01,-2.060907445477612399e+01,-1.902371678141040690e+01,-1.323052434517009601e+01,-1.284284341036699217e+01,-1.246516487852226973e+01,-3.803851212240281665e+00,-9.771563973408353698e-01,-3.763683086818331969e+00,-4.210130613433602953e+00,-3.119225124001273386e+00,-4.182272033884346207e+00,-7.802109235513646546e+00,-1.510329772052507558e+01,-2.115252052520281723e+01,-1.962490996046562586e+01,-1.041273703327068745e+01,-8.198927433504534790e+00,-7.445636519117851293e+00,-8.907678536597014585e+00,-1.259637957179707080e+01,-1.675979224794861722e+01,-1.272128952904703070e+01,-1.185989256033778005e+01,-1.125552986766102315e+01,-4.854603580656768003e+00,-2.960703440484283799e+00,-5.179628686408776161e+00,-1.046733114944487397e+01,-1.371184696719366158e+01,-5.930397629407674565e+00,-2.412892047751888924e+00,-1.649560975945807639e+00,-4.437974008177056895e+00,-9.908448036006420878e+00,-9.588796551516979960e+00,-3.783873283701745915e+00,-2.910547002344612277e+00,-4.275267702794717906e+00,-4.941362863560861740e+00,-5.931168907639608356e+00,-9.270902779750052503e+00,-1.748021639748575140e+01,-1.855490353387674674e+01,-1.792766946818327867e+01,-1.779241367479739466e+01,-1.543400947298847470e+01,-1.818241822604728952e+01,-1.394145111403713422e+01,-1.446290613552968196e+01,-1.304639199519662718e+01,-9.264922109412779605e+00,-9.668716245303953016e+00,-1.264158608918015503e+01,-1.649012563407765697e+01,-1.587784180154230818e+01,-8.438348133439962595e+00,-8.137617371674906508e+00,-1.152965568118012740e+01,-8.192931988335757865e+00,-9.760604691643246511e+00,-1.211864235038242832e+01,-1.509522404238897408e+01,-1.442260302560177898e+01,-6.614457785049614458e+00,-2.626859497199972804e+00,-2.432333693051843326e+00,-6.331348606616775676e+00,-1.348882957644085856e+01,-1.345738391655718047e+01,-1.559196577182394883e+01,-1.051680844275707827e+01,-8.891526955400587795e+00,-1.121231294275478518e+01,-9.815605338138881919e+00,-8.830457640521098384e+00,-6.742147155479314868e+00,-3.286184260970688609e+00,-1.608339074167139393e-01,-1.976290062644118661e+00,-7.315341309344607801e+00,-1.528782547783529999e+01,-1.768715586597979339e+01,-1.227179745304791147e+01,-1.283448272128095979e+01,-1.760119501841550615e+01,-1.675531878682689779e+01,-2.129690750761528406e+01
-1.946076634577933007e+01,-1.492054290073225786e+01,-1.753227418190252251e+01,-2.304716204861914619e+01,-2.155061150883433996e+01,-1.979424981207287004e+01,-1.106571548752242684e+01,-7.594666396721709845e+00,-9.034614329048663350e+00,-8.289904220542926083e+00,-3.265205709315721627e+00,-1.322229960567623097e+00,-9.654118387360099973e-02,-1.098387360559356596e+00,-1.801281270229209142e+00,-3.738356937370792554e+00,-8.452221882595951641e+00,-4.822371572428355790e+00,-7.161705205895308346e+00,-1.336127358364921136e+01,-8.228541149110004227e+00,-6.029073650896664027e+00,-5.936607933687566785e+00,-4.601062372011027080e+00,-3.882112228571794610e+00,-5.518402613426679260e+00,-4.157138583517717478e+00,-4.447702090462278157e+00,-6.109237223985624965e+00,-1.132251495157363053e+01,-9.570431089125616353e+00,-1.110194168247009827e+01,-1.143958689849500665e+01,-1.042741866286320018e+01,-1.493587960076010468e+01,-1.575212625272012090e+01,-1.112585547709970335e+01,-1.239683055372366738e+01,-1.143266845760088124e+01,-6.242220249823752454e+00,-3.666759111862881060e+00,-3.395574898274188236e+00,-4.383285581782057960e+00,-2.948721008804162214e+00,-4.264433857509310144e+00,-1.080780440166965839e+01,-1.013288719162545881e+01,-1.363898038312878924e+01,-1.307430444195550834e+01,-9.015416440247111751e+00,-7.117349339128688612e+00,-9.400795148976277105e+00,-1.323527854554685312e+01,-8.552296204833396587e+00,-7.044692296283552757e+00,-1.140290463544959465e+01,-1.135677763400509654e+01,-3.616321350826463554e+00,-1.026725702037399435e+00,-2.151046995768011172e+00,-5.061735554696967121e+00,-7.977833801841001105e+00,-6.026003559681663901e+00,-2.500832208026710024e+00,-1.933770749110527598e+00,-4.482846470065199540e+00,-1.198051898144113814e+01,-1.643280525428022187e+01,-9.457897213842137774e+00,-6.004599369330213321e+00,-4.961236096990361055e+00,-1.013951581819898173e+01,-6.937950338242370840e+00,-5.314480041033500690e+00,-9.519190714079060811e+00,-1.194561456669272737e+01,-1.324343658917671540e+01,-9.285163086503457563e+00,-7.836450547381862641e+00,-1.186917779165425912e+01,-1.186319660451370872e+01,-8.265229062537926552e+00,-5.043109952435363752e+00,-9.048524702264817421e-01,-2.895985034001930192e+00,-1.297919003076865785e+01,-1.881112135260550744e+01,-2.092954974459315665e+01,-1.609373205107760540e+01,-8.662151430842964572e+00,-5.807295805686700341e+00,-6.551943816890606342e+00,-1.110306504052957877e+01,-1.794464118678216025e+01
-2.051079951821035152e+01,-1.781414898190654483e+01,-1.881213575888690670e+01,-2.376325224176307671e+01,-2.447406178954019751e+01,-2.343198698334151686e+01,-1.171963861452591438e+01,-3.002393896180081345e+00,-7.041907411264161087e-01,-3.334924868352869165e+00,-1.022954764347774592e+01,-8.939234902963818286e+00,-7.511503930180288613e+00,-1.002318684191143383e+01,-1.266870070330669407e+01,-6.163478624613987655e+00,-3.749157417946008763e+00,-5.456895186032863165e+00,-1.118202886416043818e+01,-1.131821958178040610e+01,-7.077019991902258056e+00,-5.213272760598875344e+00,-5.857785195973566950e+00,-6.588410917963825497e+00,-4.391017504280472217e+00,-6.951629517625062427e+00,-5.769542236089247211e+00,-7.080883627567217786e+00,-3.756279098045848919e+00,-2.358321901547196564e+00,-4.840981479669581589e+00,-1.049815160093509547e+01,-2.058307510625879644e+01,-2.352155815337664535e+01,-1.887621574916361666e+01,-1.577041882678493145e+01,-1.084897253003423678e+01,-1.150466339436569640e+01,-9.984609997628512090e+00,-6.557105295894051444e+00,-7.826593989868843693e+00,-4.015055205479177936e+00,-5.074710315072032962e+00,-4.598630963492714940e+00,-7.160501365257365691e+00,-1.737647078629862918e+01,-2.263790227452684078e+01,-2.405193625617348729e+01,-1.624701605229019563e+01,-8.234671565608941535e+00,-3.965816586463208004e+00,-2.056975342957787500e+00,-2.504792693550187188e+00,-3.026244511896015954e+00,-4.514076753388479801e+00,-9.889107219056587184e+00,-1.294075375255592064e+01,-5.905236458962133561e+00,-4.566865902322109427e+00,-8.385420254401159568e+00,-7.321641868019838739e+00,-6.490894526645168305e+00,-5.444805326388864941e+00,-1.568825959022513983e+00,-1.268388947348158879e+00,-6.881413640773824447e+00,-1.799276701425541347e+01,-1.517047129706380915e+01,-8.214932091663339264e+00,-5.050087519004395453e+00,-6.669256360544634887e+00,-1.208426914876596037e+01,-8.978757658905147210e+00,-2.532164255749283388e+00,-2.129185142081682969e+00,-7.354450049887272911e+00,-1.417916442066258753e+01,-1.502920804363684404e+01,-1.584710182895550190e+01,-1.296653818854477080e+01,-1.335897568241479583e+01,-1.196134291081070167e+01,-4.830634340500326473e+00,-2.037824199983566675e+00,-5.108788482658206398e+00,-1.859848964099479929e+01,-2.291503440805482938e+01,-2.147997505357040282e+01,-1.240963758071723078e+01,-6.812100100838839545e+00,-4.936050423996985792e+00,-3.460259206262856768e+00,-5.766994420733295712e+00,-1.440674175049298533e+01
-1.902431308511134844e+01,-1.412247525014858951e+01,-1.645078099348182121e+01,-2.140674070953633645e+01,-2.210405969895379386e+01,-2.057092702457670441e+01,-1.130122237398445328e+01,-3.368790647384633630e+00,-2.110579131961565214e+00,-5.651912683466726151e+00,-1.618133307697685552e+01,-2.447343460810666826e+01,-2.195706036187320720e+01,-1.851643840150336828e+01,-1.523758103163026512e+01,-1.249482251040508274e+01,-1.236641333603904869e+01,-1.010817835877626081e+01,-1.524224980855952793e+01,-1.432509872862828715e+01,-1.566606448381162942e+01,-1.753842104836465765e+01,-9.374392706994147062e+00,-4.912146901349341732e+00,-6.111069345979561973e+00,-7.293829296825019348e+00,-7.469642105359792339e+00,-1.145217103903004130e+01,-1.268524028892002598e+01,-8.456204932549097109e+00,-6.310743018152167316e+00,-1.155152586659484726e+01,-2.130204376595557747e+01,-2.410875906604333352e+01,-1.860972096694916900e+01,-1.064935166022681123e+01,-5.600049893980081350e+00,-4.011763762819055223e+00,-1.770585904518651166e+00,1.061474328505338294e+00,2.133977048199530380e+00,1.010602669662980846e+00,-2.443958792736330210e+00,-4.746669598469270390e+00,-8.948499024029182181e+00,-1.275967022724923439e+01,-1.850704019193704397e+01,-1.931830821469110404e+01,-1.855673242579995019e+01,-1.643801998127402442e+01,-1.444482174314745215e+01,-8.303984407744655627e+00,-7.787913254460388401e+00,-7.591495487271935794e+00,-4.708087517117259146e+00,-8.798193794684143754e+00,-1.708045197543840743e+01,-1.201240735936027093e+01,-9.120145732956814300e+00,-1.059044942139201062e+01,-1.502544741547865748e+01,-1.850109832043363056e+01,-1.635414964201822485e+01,-1.027898709806173905e+01,-5.900165865646391339e+00,-3.926061275607129364e+00,-5.426470036566372279e+00,-5.376905804424616520e+00,-8.236750486498852553e+00,-1.143682080518762945e+01,-8.033994038899740175e+00,-1.165842113513248357e+01,-9.812195021293065977e+00,-3.751868778857652131e+00,-3.374851404472123395e+00,-7.576900864382469791e+00,-1.410376650382098873e+01,-1.887389701409606246e+01,-2.045772508573440263e+01,-2.128939406995828421e+01,-1.650848381505536366e+01,-6.867235811229845055e+00,-8.165342925853941169e-01,-6.643538328552949235e-01,-5.430467774413224369e+00,-1.410352666299926483e+01,-1.704884853987794813e+01,-1.843241357895220744e+01,-1.144534193757411877e+01,-7.729956117898283630e+00,-6.835536193813203099e+00,-2.615154926674099656e+00,-3.747302939149915524e+00,-1.174693829292047376e+01
-1.790714879669895154e+01,-8.859163071149117386e+00,-5.681625334283979534e+00,-6.281323204839849517e+00,-9.177023163650307680e+00,-1.143129172720201758e+01,-9.864324668928377449e+00,-1.210493610635658257e+01,-7.176043548565608887e+00,-7.660464583564126073e+00,-1.654955626177190453e+01,-2.421798288753267059e+01,-2.397365886122275569e+01,-1.480572928537063682e+01,-6.929724198085954079e+00,-4.277130676415499266e+00,-3.624140524910135053e+00,-3.783544535811466325e+00,-3.742257628597046359e+00,-4.807282088005014664e+00,-7.763613236432819420e+00,-1.446923806166602944e+01,-1.095196504629645951e+01,-5.960479048175848504e+00,-6.460461614908281192e+00,-9.294816751241224750e+00,-1.120988558896015164e+01,-1.201423380232500371e+01,-8.361261994852496215e+00,-6.152646346818045231e+00,-5.804031734751368354e+00,-1.071915754693091927e+01,-1.717533024657438645e+01,-1.444166427402827146e+01,-1.464301380807953734e+01,-6.916821821002372417e+00,-7.152592990669441875e+00,-1.306465301210480590e+01,-1.215337610060998763e+01,-3.714405960965832421e+00,-2.712014477990696726e+00,-7.450253258263674461e+00,-1.776709326705491776e+01,-2.110356866417592769e+01,-2.001182505252963040e+01,-1.661637534617458911e+01,-7.962392856160570354e+00,-5.479356543525249812e+00,-6.626258368953804379e+00,-1.014710106188162264e+01,-1.524118384506431312e+01,-1.064486301106065191e+01,-5.736075742626006502e+00,-4.944869241273472049e+00,-3.330500288907732642e+00,-2.253881830241179607e+00,-4.984596622400775168e+00,-7.120470126355084695e+00,-3.341798137536053481e+00,-3.481254470285193303e+00,-9.477302081323083272e+00,-1.672164933713644785e+01,-1.479164420662587709e+01,-1.806267543932376185e+01,-1.089946006855753424e+01,-7.539579174192424738e+00,-9.741620949927092710e+00,-6.112993176272838447e+00,-3.844569761169668975e+00,-4.028482282552186433e+00,-5.924850895225657332e+00,-9.665078219191416409e+00,-9.928223625543260766e+00,-9.445713300466078266e+00,-1.252772432898740007e+01,-1.112784930874157574e+01,-1.329855446916554484e+01,-2.063640013273970553e+01,-1.595709447640215117e+01,-1.203070733818245230e+01,-8.107498552068809872e+00,-4.628273999243113224e+00,-3.516162341498269228e+00,-5.358890431005371546e+00,-1.292258441425242665e+01,-1.369687618869347823e+01,-7.383249773455492715e+00,-4.070747352368512040e+00,-2.134182957679334969e+00,-2.140024758042742725e+00,-3.775756052865688162e+00,-5.131599176538702345e+00,-6.749972245596737253e+00,-1.126892082953039598e+01
-1.826142520022530036e+01,-9.452942261117042833e+00,-5.708009563659197205e+00,-5.354529116539596956e+00,-7.900291203533753581e+00,-1.203230776722490880e+01,-8.760719094891998182e+00,-5.152977947554836291e+00,-4.154375303228007077e+00,-6.118027345752899748e+00,-1.133426274959292179e+01,-1.287743940886275240e+01,-1.189565544780738549e+01,-1.193594912802782559e+01,-4.851358250422341811e+00,-4.858627819796209613e-01,-2.550774658875283318e+00,-8.165905903299879753e+00,-4.658572372329028433e+00,-3.952596029507172037e+00,-6.745516695957881836e+00,-1.300794747982870447e+01,-1.103484025212840969e+01,-6.612387419206329220e+00,-5.519530313322769111e+00,-6.873583895622650708e+00,-1.307702496240134415e+01,-1.207099055049506653e+01,-6.399623402281303441e+00,-5.143565621679228705e+00,-6.024746113429868544e+00,-8.878824004318442320e+00,-1.119363350032152304e+01,-6.193350049112573252e+00,-3.079875898883033702e+00,-1.664624860727527356e+00,-1.593582250018153790e+00,-3.148716315942922339e+00,-4.170381650299924914e+00,-5.833895995667444545e+00,-1.319986537977450070e+01,-1.864190359519855633e+01,-1.934859538399874523e+01,-2.391725444609948781e+01,-2.166736299408194100e+01,-1.630481515821923466e+01,-5.778104264612142771e+00,-5.210988001354210919e-01,-1.319852433982081005e-03,-3.965859900849560749e+00,-1.244046582560089043e+01,-1.721827472106110335e+01,-1.389924743961047504e+01,-1.353987163753178713e+01,-8.210403378528896567e+00,-5.462781781004113490e+00,-5.786116942619772274e+00,-3.648433912466486628e+00,-6.551766102878746167e+00,-3.957806307686087433e+00,-2.742702260649330537e+00,-4.784509313703731337e+00,-7.135999990566157969e+00,-8.132500235142046563e+00,-4.533346389989173275e+00,-6.513029082432417738e+00,-1.175224434479583024e+01,-1.714976235483423039e+01,-1.410661120221793929e+01,-1.567111044536436282e+01,-1.475655703461928248e+01,-1.679078411458774411e+01,-1.187707619216860166e+01,-7.068337107439720768e+00,-5.934236768582882071e+00,-7.665182311870229803e+00,-1.152206885975449957e+01,-1.004354617866707144e+01,-1.012797815491928155e+01,-1.579036311607140419e+01,-1.926917778228289535e+01,-2.143457050911493766e+01,-1.786739836492520084e+01,-9.121699437010954981e+00,-5.651346779742452142e+00,-3.392796481964905020e+00,-3.363635365903262731e+00,-6.197268530869989078e+00,-6.288644301179286522e+00,-1.006090751043404197e+01,-1.416868199732491895e+01,-1.393173344378756262e+01,-1.063536555688964569e+01,-1.291066403931046302e+01
-2.108794465368193727e+01,-1.676475537948755345e+01,-1.841349550478720332e+01,-1.880453763807440026e+01,-1.862412934496223471e+01,-1.865206217903622488e+01,-1.123959151214717167e+01,-7.330649953357057491e+00,-6.611866598873469059e+00,-8.379608659156255968e+00,-1.260913776202927750e+01,-6.945697309883573034e+00,-2.202524720676788839e+00,-1.864188806296493084e+00,-2.056134024843114361e+00,-3.564058437815603497e+00,-5.420969530480674869e+00,-6.868176677323489798e+00,-1.221253030286358943e+01,-1.912721309128983549e+01,-1.708688465019181990e+01,-1.769657283297852857e+01,-1.898395443146398875e+01,-1.992750881724274947e+01,-2.047127639902809548e+01,-1.903152730699219575e+01,-1.736217516419515405e+01,-1.725269645441014887e+01,-1.885820273489391496e+01,-1.654584358468910210e+01,-1.683799716273254532e+01,-1.574880956730631354e+01,-8.837920469355720954e+00,-3.486883523491765668e+00,-6.530275624611474150e+00,-7.293805555571481136e+00,-6.059544228175242075e+00,-1.035561855013889598e+01,-8.194041801555538740e+00,-1.027393072878005142e+01,-1.829970003690333868e+01,-1.766913191477457801e+01,-1.627706101037174236e+01,-1.320167606735964583e+01,-1.133603715115659227e+01,-9.719358640828803075e+00,-9.873033321891446334e+00,-5.707045007044869500e+00,-1.027353755017010872e+00,-1.964907994307218742e+00,-8.326808979975234948e+00,-1.905022799026989233e+01,-2.438619266906914618e+01,-1.732959797754453035e+01,-7.499552321571835378e+00,-3.859773400634875173e+00,-3.044746910352421398e+00,-1.533632030374341815e+00,-2.713448438266299334e+00,-4.523200242850133002e+00,-9.016780901736147769e+00,-7.684878498373233668e+00,-3.901471554888466198e+00,-3.463352455454295153e+00,-5.284083946591857206e+00,-8.175765879581430084e+00,-1.250525958735589072e+01,-1.799980185991996606e+01,-2.153349487767743398e+01,-2.300375985456110328e+01,-1.995656317231282983e+01,-1.927043658276743443e+01,-1.274197721113818638e+01,-5.677333637928457577e+00,-2.540368033626865252e+00,-5.016183910801690793e+00,-1.086989078631979844e+01,-7.953745962337722020e+00,-1.038256895105733157e+01,-1.937306033669179683e+01,-2.566714993882960272e+01,-2.595808012453347402e+01,-2.360934254751040129e+01,-1.342254772443532396e+01,-8.225414232826416594e+00,-6.904065469326541304e+00,-7.162812761258987138e+00,-9.201563422160800698e+00,-1.024019972942697798e+01,-6.775902814359219484e+00,-2.779892787956726785e+00,-2.925668989931751618e+00,-7.763230953602432649e+00,-1.912310834197409903e+01
-2.566594942272972801e+01,-2.510893504559878764e+01,-2.301258646683885800e+01,-2.198481315730394314e+01,-2.376863913820887930e+01,-2.126190415053468641e+01,-1.354642138177948851e+01,-1.221110053926074634e+01,-1.432392117605044035e+01,-1.292169288311849940e+01,-1.400502202873744473e+01,-6.897544791932739727e+00,-2.609278342383330340e+00,-2.279674633119887162e+00,-6.009520607883817256e+00,-1.523294059848969084e+01,-1.786853638503822594e+01,-1.452588589434908606e+01,-1.192861823539513466e+01,-1.739537718760025697e+01,-1.586000046886231019e+01,-1.652788428764122841e+01,-2.300445155141900244e+01,-2.566416365195331295e+01,-2.653515243530273438e+01,-2.436113570696586450e+01,-2.395137007755580782e+01,-2.462286020657460384e+01,-2.526736076810686171e+01,-1.602704967285626481e+01,-9.953054076214975510e+00,-5.223330272070934477e+00,-2.637355496241982067e+00,-2.785828038849123001e+00,-3.724413878282600177e+00,-4.629123691648876715e+00,-7.130669630561490280e+00,-1.070065778941777346e+01,-1.895130945767970587e+01,-2.029616574561205411e+01,-1.181287940710725515e+01,-7.916519448476948995e+00,-7.556255024981636481e+00,-9.469679283542532744e+00,-3.822729416997288521e+00,-2.904416336001458543e+00,-6.722960439261214560e+00,-8.626502380665098002e+00,-9.503561456768498061e+00,-9.961987586839120112e+00,-1.190282083430501459e+01,-2.121395185319904186e+01,-2.470096140881723912e+01,-2.203409261464613422e+01,-1.174486754073802608e+01,-1.800786436982237504e+00,8.776190835795937284e-01,-1.743452476032494536e+00,-1.075119588014477756e+01,-1.204352416927874181e+01,-1.486874013323774690e+01,-1.587331848291533021e+01,-1.683998729911613168e+01,-1.820418262849193880e+01,-2.130711092057715206e+01,-2.184686706888422947e+01,-2.231039742376074031e+01,-2.088256269061726300e+01,-1.146757723692524600e+01,-7.488738895840727494e+00,-6.185967812189018034e+00,-8.150788158809977091e+00,-1.451944648874977339e+01,-9.596578330203517027e+00,-4.104158464883793656e+00,-3.854179635902360790e+00,-7.012066110021117460e+00,-1.054441249715110551e+01,-1.191674032836061414e+01,-1.650184323011335863e+01,-2.505169079436961965e+01,-2.614617712465554433e+01,-2.438933126085755276e+01,-2.127619858743597803e+01,-2.165807846286163496e+01,-1.853589452254749048e+01,-8.907128014775828717e+00,-4.468784927173386379e+00,-2.787535888180567412e+00,-8.515564612734718430e-01,1.345732275149287061e+00,-1.109421307701969228e+00,-1.134446235394431923e+01,-2.192088296923334312e+01
-2.854878813315448483e+01,-2.672438841288719047e+01,-2.351489836632171659e+01,-1.417485692643476192e+01,-1.180460491253920807e+01,-9.387777639692918896e+00,-5.063066050381559435e+00,-2.867155551842210937e+00,-3.250533793358444612e+00,-6.329276351800084299e+00,-1.216662089489328658e+01,-1.536543287339697450e+01,-1.435649196582492770e+01,-1.544454407278512953e+01,-1.659892230594319074e+01,-1.783408984513181750e+01,-1.362177164981819999e+01,-6.652198491987695306e+00,-3.525871650561661408e+00,-3.495022005198778370e+00,-6.648632203912459460e+00,-1.336028063871497551e+01,-1.432996958528639908e+01,-1.393650145245884708e+01,-1.408287136449060384e+01,-1.463391194132251805e+01,-1.666525684018585096e+01,-2.016377166240890517e+01,-2.262832826088848392e+01,-1.211581881381643022e+01,-6.147501570181580277e+00,-6.864129410335266357e+00,-6.707971936475794372e+00,-1.010383162815446845e+01,-1.551168285123645063e+01,-1.408562083878269000e+01,-1.197992692793035729e+01,-1.421865440471553654e+01,-2.216163606588551005e+01,-2.159028888254037071e+01,-1.050863872649352615e+01,-4.907530203030977312e+00,-5.040717575017197305e+00,-1.804233864720270253e+00,1.098202031226069408e+00,-8.466181001035578690e-01,-9.429566963789319800e+00,-1.472643281315562724e+01,-1.769389086927292709e+01,-2.114775921522078050e+01,-2.241599230867360149e+01,-2.239133342015260908e+01,-2.257042278995403706e+01,-1.927883755678386279e+01,-1.010561024200939251e+01,-4.897951663172084302e+00,-4.426870677971885826e+00,-6.331454015191579465e+00,-1.352701286819399229e+01,-2.147277021683709464e+01,-2.213956303311680429e+01,-2.233273851802583465e+01,-2.380712648071994764e+01,-2.169174963339215623e+01,-2.522731234710340686e+01,-2.476174294466228076e+01,-2.493271483897244067e+01,-2.167013094466545553e+01,-9.747481080148951094e+00,-3.084524457337539438e+00,-1.709773559137633292e+00,-4.735151196950202923e+00,-1.300653544188923938e+01,-1.118656188490762915e+01,-8.116955742440930877e+00,-8.731363506445765310e+00,-1.264198716114022147e+01,-2.059452562387279073e+01,-2.032919436474985631e+01,-2.198068300882975379e+01,-2.296811273607904624e+01,-2.371596999159208252e+01,-2.249043586855908572e+01,-1.817674039829672950e+01,-1.434061244089938825e+01,-1.426891880733658979e+01,-1.237858099009489976e+01,-7.456311022385467169e+00,-1.082014200590938557e+01,-6.457883749020811415e+00,-5.991700383689189946e-02,8.483216685318317740e-02,-6.235991589529982448e+00,-1.678012291774124876e+01
-2.857491756358357904e+01,-2.776621320206306009e+01,-2.413304770842682601e+01,-1.329752827793187464e+01,-4.255477441966475816e+00,-1.440170869179521196e+00,-3.064562469054199934e+00,-9.426763920827637477e+00,-6.655872787813690294e+00,-7.067391022551725577e+00,-1.498957807250564933e+01,-2.253491702842345035e+01,-2.454967219659588551e+01,-2.528276104090990017e+01,-2.562447044063854662e+01,-2.266386390788936467e+01,-1.312809739912176354e+01,-8.643712501764756695e+00,-7.036781808530089499e+00,-7.157594419570786570e+00,-8.236022793029315281e+00,-1.427989815195631174e+01,-1.001963090712854232e+01,-4.726317659738206167e+00,-4.131530281780771752e+00,-7.559029562165512139e+00,-1.386797818512815539e+01,-1.306643347749360906e+01,-9.577824292155359132e+00,-1.108052133457279353e+01,-7.390261306969344801e+00,-4.109455057767063657e+00,-3.173893299778772548e+00,-1.469673292230463113e-01,-1.002910385190496800e+00,-3.256394090035594768e+00,-8.029502677090595952e+00,-1.080164811583612661e+01,-8.819316875498188324e+00,-1.210147568348055813e+01,-9.957151578340916132e+00,-5.563460111158661014e+00,-5.279077929223893406e+00,-2.580551544761813254e+00,-2.809790394314688466e-01,-2.283942907788882426e+00,-7.931943151647645074e+00,-1.562369803794316958e+01,-1.854987274383074691e+01,-1.133746693451280585e+01,-1.026575468776313294e+01,-9.400836792525069541e+00,-1.142650276066480508e+01,-1.520119321139561563e+01,-1.630629289311021424e+01,-1.786909105506705941e+01,-1.806601233840677878e+01,-1.545880024694982957e+01,-1.213023926894788751e+01,-1.163843143790213830e+01,-9.425686471953786949e+00,-9.597249744714799746e+00,-9.820766704849654971e+00,-1.433107577215499795e+01,-2.098784850052556195e+01,-2.447729157207099604e+01,-2.481431070596037003e+01,-1.615809984887036777e+01,-1.243132271702349279e+01,-8.780186584919174919e+00,-6.056421268422709225e+00,-8.921423465070926540e+00,-1.813330800914580720e+01,-2.112794162588541980e+01,-2.080772179215859197e+01,-2.216025922477589916e+01,-2.109176995345393024e+01,-2.176759731241273954e+01,-2.781181996957415237e+01,-2.772045697228756822e+01,-1.875437493774472841e+01,-1.235918361281613542e+01,-1.159601764734080831e+01,-1.452595687280041226e+01,-7.987330308079949148e+00,-4.295762904347252942e+00,-4.295114173365465859e+00,-8.259328053865818475e+00,-1.576185816836494880e+01,-9.505538320954824982e+00,-2.780554118929592367e+00,-9.469158037028209129e-01,-4.298525907831384885e+00,-1.508291859709458471e+01
-2.784781605200501176e+01,-2.671196407619468971e+01,-2.467178020587546428e+01,-1.647053155825546966e+01,-4.229847923638963003e+00,-1.407792121810777619e+00,-5.341359586614634836e+00,-8.706221478293167948e+00,-5.644695696458651213e+00,-6.939175206572104848e+00,-1.522545199679042049e+01,-2.348488534530463312e+01,-2.523790575589747931e+01,-2.586563865665296191e+01,-2.575534536291868548e+01,-2.400755463307992699e+01,-1.415473713994255789e+01,-1.388332302170681842e+01,-1.484830244198470162e+01,-1.501506085432563431e+01,-1.357682509137486271e+01,-1.217088663876630861e+01,-1.255101644832045160e+01,-1.175796645133251772e+01,-5.614561458313855447e+00,-4.264441597094196013e+00,-8.110577710561440057e+00,-6.836170948998776531e+00,-9.299313597596450265e+00,-3.447311872487209605e+00,1.027215074798045521e-03,6.541014914571349204e-01,-1.191036800798279893e+00,-4.300587160121613350e-01,-3.067683803058015801e+00,-4.423133202837439271e+00,-4.721246736614044259e+00,-4.152136281735635315e+00,-5.150217711121590547e+00,-9.806282669133533858e+00,-1.702485150317006557e+01,-8.286512906381389598e+00,-4.949778755505879424e+00,-8.338743847401845599e+00,-7.176188092470628277e+00,-9.391166799559988121e+00,-1.937839029933216395e+01,-2.024865717327433856e+01,-1.982923483251376950e+01,-8.450304616623071752e+00,-2.576192921583822404e+00,-2.487725786362310121e+00,-7.798950925268419709e+00,-2.087108246393515998e+01,-2.334508253843568326e+01,-2.201621587382116374e+01,-1.822281801631685028e+01,-1.012057000088553949e+01,-1.000725237666297218e+01,-8.304109771601382306e+00,-2.114277033851282628e+00,-1.665871046777807507e+00,-7.445217058148687173e+00,-1.500846356187941666e+01,-1.989654227350488469e+01,-1.925434634772798859e+01,-1.748419216648461827e+01,-1.605785760530387307e+01,-1.472431958020307619e+01,-8.901120590566440782e+00,-6.774307496745232804e+00,-1.148856615239255419e+01,-1.820347282468468819e+01,-1.706574601061311824e+01,-1.775053274011336413e+01,-2.022362431120091486e+01,-1.929105953995662404e+01,-2.180279165977228217e+01,-2.748093251502123380e+01,-2.659621242291665411e+01,-1.622357980639948494e+01,-9.079980320094408697e+00,-5.684616568460629793e+00,-4.073150716994768494e+00,-3.803851086509939972e+00,-6.371510787506323936e+00,-1.067597968638058070e+01,-1.300495830896043081e+01,-1.736457381496539654e+01,-1.382328958823731391e+01,-1.153960971910370148e+01,-8.101640269016714413e+00,-7.946345824956434711e+00,-1.474837500327813977e+01
-2.592157796995718044e+01,-2.408579824517457624e+01,-2.370232066115892167e+01,-1.473890382108890407e+01,-5.842334232119006820e+00,-2.203937698169997184e+00,-1.655945218561633459e+00,-2.457383359541940759e+00,-3.352093025726160302e+00,-7.040056920694707898e+00,-1.445574776607212009e+01,-2.146141431327040650e+01,-2.376398973703843609e+01,-2.345221285002309841e+01,-2.340891689785643237e+01,-2.146292280369870653e+01,-1.276089011175784016e+01,-6.203988134975837454e+00,-3.580863414242547726e+00,-3.228661467344545066e+00,-4.463154000583640979e+00,-9.067344193743373637e+00,-1.575259978325610533e+01,-1.453857739950191075e+01,-6.110131327012600089e+00,-2.641626361674971779e+00,-5.686630573116515208e+00,-7.017349803608506242e+00,-4.986631954350797535e+00,-1.046738730981965793e+00,1.041086574119151509e+00,-8.217164060300097272e-01,-6.873632070933233251e+00,-8.049153524556830419e+00,-1.461336109220177626e+01,-2.122471100470923133e+01,-2.026581482712703419e+01,-1.444929431536753484e+01,-1.362269831438744383e+01,-1.396044677576348114e+01,-1.339600936158314326e+01,-6.375803210602100535e+00,-3.501654784268697806e+00,-4.440242539710851588e+00,-6.830772704931122874e+00,-1.193589163010290299e+01,-2.068645531318091102e+01,-2.484871900334293926e+01,-2.138120264079070054e+01,-8.725892589271413868e+00,-2.497926974798299504e+00,-1.393604985744242075e+00,-4.585290402719510716e+00,-1.141953868718965026e+01,-1.172656899380546136e+01,-1.349697383704213038e+01,-1.394534193160216873e+01,-8.708210963504622981e+00,-4.650948611183203241e+00,-2.080767284729966582e-01,1.665616079255120230e+00,-4.909541145889429470e-01,-8.752207554374356491e+00,-1.446766284343594577e+01,-1.824951342948369515e+01,-1.447422301838163783e+01,-7.998400371658090258e+00,-6.750158892904528862e+00,-3.684517374300794401e+00,-2.862603915334896332e+00,-6.109576289134677651e+00,-1.094324370018549253e+01,-1.207397235014075676e+01,-7.129178840530630445e+00,-5.391904048607298883e+00,-7.186128146616250767e+00,-1.329421588129620524e+01,-2.515268066531201541e+01,-2.702542354422038073e+01,-2.594472336447537586e+01,-1.697490912641404037e+01,-1.521603406692975291e+01,-1.432141107493053234e+01,-1.511374825457387416e+01,-1.503743037920237136e+01,-1.548965618927354804e+01,-2.112587116954414057e+01,-2.003940486724206593e+01,-1.854234849235226079e+01,-2.155469265976392990e+01,-1.987845250315289647e+01,-1.772182440160556638e+01,-1.403975141944223815e+01,-1.563246293610001381e+01
-2.280536159522731054e+01,-1.402129223718808504e+01,-1.080239662774955178e+01,-1.081291154437556656e+01,-7.092932453504646517e+00,-1.050359344620236079e+01,-1.326980497657908131e+01,-1.316087898330651740e+01,-1.265458712871823543e+01,-8.098727150918890061e+00,-1.262019151908584114e+01,-1.613758011222574851e+01,-1.640135303489964258e+01,-1.451968381400282837e+01,-1.307253255182608065e+01,-1.686814041909454787e+01,-1.540214627877825215e+01,-1.113134259387477520e+01,-6.578418836198560271e+00,-5.103785329528855996e+00,-8.953978647845788785e+00,-3.574298028542564953e+00,-3.566892583309430709e+00,-5.061670069606088340e+00,-3.120969917445743036e+00,-2.482800768383263801e+00,-3.901656830529027342e+00,-4.570783856595814321e+00,-4.932398611525350418e+00,-9.749242548681866793e+00,-6.792673012223776396e+00,-6.835935266729290305e+00,-4.477947546409619228e+00,-7.125239232601687789e+00,-1.257596620567042400e+01,-1.409875764277169630e+01,-1.073343258280744905e+01,-1.027508691808851182e+01,-1.574861861653410600e+01,-1.522868309406875831e+01,-7.202407213993843982e+00,-5.551273763983695098e+00,-9.768333601698939717e+00,-7.852403966677671043e+00,-8.561419401095323067e+00,-1.528520027337046727e+01,-2.195668780229454597e+01,-2.459526749796490819e+01,-1.877852171602047093e+01,-1.071392808300451982e+01,-9.369102345496013839e+00,-1.147105531678723445e+01,-7.370436708362116285e+00,-4.291964186122192437e+00,-3.913430432823122196e+00,-6.787595707097723974e+00,-1.249773477198760574e+01,-1.205038867842025674e+01,-1.070303668406197950e+01,-8.006294080560492077e+00,-4.224220226971012515e+00,-3.820324835186260870e+00,-8.306286530457938966e+00,-1.382712315134919479e+01,-1.894855858962660022e+01,-1.105772153031159988e+01,-5.163616795760358258e+00,-2.420329314009093569e+00,-2.373712105445215048e+00,-7.006324760946005092e+00,-1.814023127399657653e+01,-2.086960464911194535e+01,-1.321835896964247681e+01,-5.473578421137006877e+00,-3.406753735275856343e+00,-6.033639914497934242e+00,-1.494378231118409772e+01,-2.573036128983102699e+01,-2.496618063417702871e+01,-2.167955892485690228e+01,-2.065499374080944506e+01,-1.669658675956358707e+01,-1.307847096051783886e+01,-1.198013303780601646e+01,-1.123388046382249961e+01,-1.338527999907330113e+01,-1.193189194942025999e+01,-9.338613793569722432e+00,-8.586087691760935670e+00,-8.967285346433605753e+00,-1.313030630407535426e+01,-1.793830274019627069e+01,-2.032647766451385607e+01,-2.043964895531391690e+01
-2.207879493140071858e+01,-1.034463907436598618e+01,-3.598615355590476739e+00,-1.137557969155841509e+00,-2.614565648149290045e+00,-9.067019450641550904e+00,-1.938117927576994859e+01,-2.154487071101605622e+01,-1.774150890100438716e+01,-7.391165194483850343e+00,-2.455623669397294151e+00,-1.893057326400187756e+00,-2.953145542714981531e+00,-3.104790715353566988e+00,-4.285038842056986930e+00,-8.957638680676504706e+00,-1.157845746264981379e+01,-1.089360385650216223e+01,-1.009596522192529910e+01,-5.469481336588115639e+00,-5.023603538786974632e+00,-1.793305994807302906e+00,2.740716803486966668e-01,-2.067862387275976488e+00,-8.995055506913878673e+00,-7.972057054038222290e+00,-1.263785554264781474e+01,-1.145860801634301573e+01,-1.063914766109517984e+01,-1.338554559553289636e+01,-1.072582347039312722e+01,-9.755608453226916055e+00,-5.362963160137450558e+00,-4.613498548322100490e+00,-1.033922836224697406e+01,-1.214507463763903949e+01,-6.141199060028458057e+00,-3.463894861971022809e+00,-2.961619018688295579e+00,-2.963414301747646196e+00,-3.527086676889761296e+00,-7.075779908884007874e+00,-1.382254296598636500e+01,-1.917728907248877235e+01,-2.049176164123593935e+01,-2.069156737134635904e+01,-2.301370707091109225e+01,-2.373078253273789429e+01,-2.236277696576421548e+01,-2.001389158208476005e+01,-1.928129462240288916e+01,-1.792658212694818687e+01,-9.738785528723214568e+00,-1.014931360329276977e+01,-7.273192239031626372e+00,-1.990862553234002075e+00,-1.412584543105453561e+00,-1.685893214446795740e+00,-3.564740213384288481e+00,-6.886375252222050491e+00,-7.901685456549730979e+00,-1.295704285211875550e+01,-1.529468462784166327e+01,-1.290090652237967461e+01,-1.187648462284507112e+01,-7.932583311849016994e+00,-9.662784575267563625e+00,-8.756371449413556718e+00,-6.567754434942051134e+00,-1.054786796698450857e+01,-2.086371948999246939e+01,-2.383268636361712112e+01,-1.576393365676233138e+01,-1.207795331703215425e+01,-1.226149863452580568e+01,-1.128429929828827483e+01,-1.333036954232952809e+01,-1.668240447770194024e+01,-1.649435251434414340e+01,-1.277466804030313696e+01,-1.036209044704547466e+01,-6.985492763721414811e+00,-5.152053619855171185e+00,-5.465242758421998914e+00,-8.376346428270284861e+00,-1.538632786940058317e+01,-9.306443038933078782e+00,-4.703590970507936397e+00,-3.304032252703098749e+00,-5.215565209673548530e+00,-1.113278911844154351e+01,-2.235047628884140991e+01,-2.484058955822836268e+01,-2.360776744871929722e+01
-2.402917734046891951e+01,-1.300715644924626879e+01,-7.724304228159733832e+00,-4.965180250577384768e+00,-4.550710775632849092e+00,-1.042773635033697488e+01,-1.831021191481221067e+01,-2.105516185466494505e+01,-1.997228094332480097e+01,-8.348903373027352970e+00,-2.271565493982220740e+00,-2.153923070388406469e+00,-8.059308301808172814e+00,-1.081542603381566714e+01,-5.565451655429222377e+00,-3.627708826221252902e+00,-3.953727468245291199e+00,-1.349250458061124425e+00,6.514934348409030518e-01,-7.385554767082767036e-01,-6.584393437793891302e+00,-9.165713464134231714e+00,-6.508267653169315103e+00,-2.319014985509116222e+00,-3.616269248385190593e+00,-7.630475289100396630e+00,-1.207516621808325930e+01,-1.965943883149839877e+01,-2.333153588509972920e+01,-2.216820314256671764e+01,-1.154409603852068145e+01,-2.022375159116321708e+00,7.190538361118585797e-01,-1.625570666275538034e+00,-1.031349572659916980e+01,-1.669046650410617261e+01,-1.422961663281067679e+01,-1.346940188692713924e+01,-1.030633733589525214e+01,-1.014991902455199480e+01,-1.248916806926617085e+01,-1.610248125770877436e+01,-1.663926317145140032e+01,-2.158556279603226713e+01,-2.301321381916200437e+01,-2.339102224669704455e+01,-2.207156120145941003e+01,-2.162384112951612991e+01,-1.944800854280504865e+01,-1.424717534254511442e+01,-1.386887472626790796e+01,-1.606265571121994995e+01,-8.901137873386831600e+00,-3.605919603977723931e+00,-2.055718541891818241e+00,-3.535977107280710907e+00,-6.472975986635111312e+00,-2.695190100282832457e+00,-4.756819727983117474e+00,-8.344902082445074143e+00,-8.222230102744864766e+00,-1.550020689495726067e+01,-1.093578273390988542e+01,-6.634741977230432575e+00,-6.628089219864246040e+00,-2.858108945835116099e+00,-1.967197857885074175e+00,-6.399207654945652912e+00,-1.512927115905261921e+01,-1.601481670864744800e+01,-2.320480830315679910e+01,-2.534169536289222435e+01,-2.273542325712582368e+01,-2.354108255125424165e+01,-2.488936465967137934e+01,-2.003590182670049202e+01,-1.228014866051646337e+01,-1.063492156912596087e+01,-1.156379517700401038e+01,-1.226785135269165039e+01,-1.366424541712266638e+01,-1.274183428402351304e+01,-1.467906047154024129e+01,-1.502382416348466521e+01,-1.581138821603705225e+01,-1.482589399929450913e+01,-1.523877178221539097e+01,-1.462504259837156084e+01,-1.286046915476951469e+01,-1.096543156434575472e+01,-1.634036453519023624e+01,-2.141165396151974321e+01,-2.224130502969083878e+01,-2.440432343639160706e+01
-2.582568391531648544e+01,-1.979820838185863607e+01,-1.558004517637925268e+01,-1.372822346071746757e+01,-6.803231536193619533e+00,-4.978425428587117452e+00,-8.673838198299812063e+00,-1.090777731171462861e+01,-1.438770771853496555e+01,-1.091501016653571732e+01,-8.955471028941675016e+00,-8.860735232660076122e+00,-1.099929334662553160e+01,-1.794160363761446320e+01,-1.705284028797480289e+01,-1.634681097023289453e+01,-1.636919285382838751e+01,-8.419534155399123421e+00,-2.515255179926878526e+00,-1.834347686372106878e+00,-2.926360682956021808e+00,-4.069562051222733068e+00,-4.767820388365802131e+00,-7.055889219447597505e+00,-1.350958393258625811e+01,-1.803670135950077480e+01,-1.910047760083266510e+01,-2.264946959795060621e+01,-2.452879196233142878e+01,-2.310397703064199959e+01,-1.045982450419078624e+01,-9.590131551904786944e-01,1.396810813266819773e+00,-1.371684355334682026e+00,-1.188617144659994196e+01,-2.067355321873129981e+01,-2.345391617482797386e+01,-2.407206095803909562e+01,-2.368353462402990672e+01,-2.325887479212472542e+01,-1.976345902371268792e+01,-1.823076746505119772e+01,-1.729578629991681993e+01,-1.762393491484066743e+01,-1.362799893822054464e+01,-1.077635774538925872e+01,-9.143834195155399414e+00,-1.042889474857749299e+01,-1.282121951042572228e+01,-9.775791842583746671e+00,-4.908542249933143253e+00,-3.885747871489079408e+00,-3.763005154670318486e+00,-6.352988917359037480e+00,-1.040853754587485902e+01,-6.031170557459424764e+00,-7.698304610132187253e-01,5.170853742100441908e-01,-1.612117299512172197e+00,-4.795391283118253689e+00,-9.360996103011114400e+00,-1.754217260283541790e+01,-1.206029244057245542e+01,-6.769291951247493166e+00,-2.254205054348704440e+00,9.801921016883879956e-02,-9.340771909481047075e-01,-6.559068973124142055e+00,-1.386992276840356908e+01,-1.779091648513411883e+01,-1.963329916147367982e+01,-1.985481410770746891e+01,-2.107492470970962373e+01,-1.976805168309882532e+01,-1.957017952031482722e+01,-2.105570440714988578e+01,-1.549182866028508165e+01,-1.423642229528555703e+01,-1.562255893093542802e+01,-1.420308927304482793e+01,-1.356196035906988229e+01,-1.260219486416649559e+01,-1.164027587067414871e+01,-1.135453870622638561e+01,-1.177198199637822817e+01,-1.411796194693945772e+01,-1.815454245073028261e+01,-1.959954026760623336e+01,-1.301453337412119460e+01,-8.087511557145385055e+00,-8.261355397953636270e+00,-8.003873460726930844e+00,-1.261818473876556190e+01,-1.800075259144366058e+01
-2.482509098163230021e+01,-2.385939721565026161e+01,-2.150150994758385536e+01,-1.103009557907751237e+01,-4.888639354981439311e+00,-2.738327716299564063e+00,-3.532639118805096956e+00,-8.295963735479380929e+00,-1.729966314863377619e+01,-2.248659156512662705e+01,-2.262891146488961525e+01,-2.285133788764821361e+01,-2.161599339685458432e+01,-2.001768748884256155e+01,-2.437762535514169926e+01,-2.281052922926886239e+01,-1.875762424946750073e+01,-8.491275633001603040e+00,-6.373220701208463623e+00,-1.178413835793791087e+01,-1.579927614153235460e+01,-1.367674511567705586e+01,-1.125787214001708847e+01,-1.256510660781566280e+01,-1.872188528792247197e+01,-2.395648473214092533e+01,-2.526037832491659785e+01,-2.400483864212771223e+01,-2.524638091254555761e+01,-2.407083659273121867e+01,-1.313239196729568192e+01,-5.710990332132062086e+00,-2.020839392486937225e+00,-3.140041391410091531e+00,-9.443779626103953717e+00,-2.243123260858201462e+01,-2.424661860530316559e+01,-2.626791908286210386e+01,-2.606085857766212044e+01,-2.387048000085790278e+01,-1.582755827398428750e+01,-9.287307590418468095e+00,-6.906760134678584961e+00,-9.149792910311264293e+00,-6.081664344220492069e+00,-3.629389392387889934e+00,-5.961835514833013328e+00,-6.633096341223156500e+00,-7.631399825244050916e+00,-7.275353675288272370e+00,-5.918580250932991227e+00,-5.761217687975235258e+00,-7.610764990652227446e+00,-1.388691590700535450e+01,-7.507948515961854419e+00,-3.743472894291197672e+00,-4.260130304421434033e+00,-3.678674467772905743e+00,-5.033957241450728759e+00,-3.922542163711005170e+00,-8.611489756718306410e+00,-1.785331594966969249e+01,-1.277399092878220443e+01,-1.177746662997097005e+01,-7.091379305530835175e+00,-4.750535123007145977e+00,-8.739700399956491950e+00,-7.645647586884985358e+00,-1.149010166267439104e+01,-1.848204202045594968e+01,-1.114671889711207342e+01,-6.959710880051687809e+00,-5.760827528718349022e+00,-6.942780312315806945e+00,-1.195817219361174821e+01,-1.995145594315721738e+01,-1.674579951207302386e+01,-9.427442326481402901e+00,-8.177155258108884439e+00,-1.211998777904032742e+01,-1.908191312944268958e+01,-1.036947641299179779e+01,-5.897416515387091884e+00,-5.639555044027192210e+00,-8.019012597714315405e+00,-1.523739966537681312e+01,-1.663041545614341743e+01,-8.607953178629939472e+00,-3.022898978943109327e+00,-7.013206312429296485e-01,-2.871234860391219890e+00,-5.051879994786543371e+00,-6.734920928014266117e+00,-1.297082230764547006e+01
-2.433918242923096997e+01,-2.256291133865915199e+01,-2.142945162455241004e+01,-1.565068722965630066e+01,-1.384884540561536426e+01,-1.423441747204187102e+01,-1.353982760681122954e+01,-1.307195961222712910e+01,-1.812112489968595597e+01,-2.384426957242521183e+01,-2.491467625832970967e+01,-2.540320555001554581e+01,-2.431818405144016992e+01,-2.489622363786936177e+01,-2.439413239179548754e+01,-2.111433438942381713e+01,-1.062738277066879355e+01,-3.298960187793610555e+00,-1.572313380045439413e+00,-4.271372942925073524e+00,-1.212558825626997994e+01,-1.854057972876782046e+01,-2.298373890106848094e+01,-2.157100105653148958e+01,-2.077788324300953349e+01,-2.179109559399084617e+01,-2.353281940614557044e+01,-2.319776773177130380e+01,-2.192424853550905439e+01,-1.970907987657080440e+01,-1.179548946740769644e+01,-1.330522483254214094e+01,-6.804938114677090866e+00,-5.842008704624653603e+00,-1.211311193697714472e+01,-2.140399496633423126e+01,-2.414927659925927372e+01,-2.549312261166140914e+01,-2.559520463447350380e+01,-2.467361934382561728e+01,-1.778510618669219667e+01,-7.554203480884059907e+00,-4.572336976238758233e+00,-5.097079365210955615e+00,-4.676907220521586694e+00,-7.424763628053757003e+00,-1.183472536891871130e+01,-8.312192019699626400e+00,-1.783305102374282747e+00,-8.767926438755547780e-01,-5.411753501565427449e+00,-5.676791306843474771e+00,-7.805152296790268451e+00,-9.542230410382927630e+00,-2.757018463745325665e+00,-2.496403674235718295e+00,-4.999850171998588166e+00,-4.459973647178425260e+00,-5.360722222453367714e+00,-5.901930621823364476e+00,-1.096881103148120395e+01,-8.831773795058271759e+00,-3.160163863807887719e+00,-9.899895625020267431e-01,-2.109692990891133046e+00,-6.201402537165808582e+00,-6.338291409847134794e+00,-5.716104175773429219e+00,-8.320223074657608464e+00,-1.414098694145334889e+01,-1.056890062192501567e+01,-5.017442472982498458e+00,-4.327879523266257245e+00,-7.327216153889033023e+00,-1.103328919089139148e+01,-1.741149725022803096e+01,-1.453568590858768239e+01,-6.960363936562069753e+00,-6.005143415032094367e+00,-1.065031571930313881e+01,-1.581561709644707214e+01,-1.064939787024937168e+01,-1.055527325172644737e+01,-1.383935456285127508e+01,-9.750490781199724566e+00,-9.942179952742735694e+00,-1.009200251033540319e+01,-2.797935323353662795e+00,-8.713131923379235921e-02,-2.110425699914954656e+00,-8.962004986112518168e+00,-8.430992666696537796e+00,-8.388418361171362747e+00,-1.507149237704414801e+01
-2.349009912229916353e+01,-2.219061010283541790e+01,-2.310991709861681898e+01,-1.874114240525085862e+01,-1.808793746529287105e+01,-1.924400036229333821e+01,-1.747152675966766466e+01,-1.571574542242208139e+01,-1.498609215216370139e+01,-1.885882289331542694e+01,-2.071670336989768302e+01,-2.078645830760801516e+01,-1.920272347187490425e+01,-2.088689149000281731e+01,-2.424575126331895447e+01,-2.121601619793959870e+01,-8.819582982789114567e+00,-2.088920960263824789e+00,-3.219116958511386573e-01,-2.843706274641990106e+00,-1.115442940173580944e+01,-2.238989219959530885e+01,-2.537961139201199146e+01,-2.268508056133468642e+01,-1.638572207213826104e+01,-1.070166432972358628e+01,-9.429885438182219914e+00,-9.515662346272110383e+00,-1.108202329628270100e+01,-1.697250849571301501e+01,-1.507141524518845443e+01,-5.238830864774009832e+00,-1.531765690833323035e+00,-2.166048632599350654e+00,-7.239055842563137055e+00,-1.963432852610916868e+01,-2.382457911761509806e+01,-2.549758424556783609e+01,-2.525972771690530294e+01,-2.476726436247485807e+01,-2.178144738853322337e+01,-1.099151709359964713e+01,-6.013748229813254298e+00,-7.780965211042035534e+00,-6.105495811112562343e+00,-7.338458017347405438e+00,-1.082114725627421414e+01,-6.547500442677609556e+00,-7.216902868714549335e+00,-1.560574903100843791e+00,-3.688429226041888276e-01,-5.160035719305477997e+00,-1.024655307648498948e+01,-1.104530913016699678e+01,-3.479947529190806854e+00,3.061870819330932969e-01,-1.411733202935018805e-01,-4.412530555655401088e+00,-8.426513540090164511e+00,-4.831244641301259968e+00,-3.769904579988793802e+00,-2.407092633777386137e+00,-2.612364050008980865e+00,-2.714857393093335514e+00,-4.231588406355509591e+00,-9.521771999452845137e+00,-1.002417431447317675e+01,-9.858515466109405878e+00,-7.094139244285392110e+00,-1.163181708635392653e+01,-1.163834438066721511e+01,-6.408674483584070991e+00,-8.657863753609115420e+00,-1.375784165505499246e+01,-1.351015401943111272e+01,-1.049529618197093761e+01,-7.419823972246320842e+00,-9.164987270542651387e+00,-1.023864188129961583e+01,-1.185424861558829690e+01,-1.577822789796744729e+01,-1.410403008359934773e+01,-1.521828969319661518e+01,-1.283347958268917210e+01,-6.372411155516931380e+00,-4.041245693875645806e+00,-4.458046717335952813e+00,-8.216129846526364133e+00,-6.532140465976350896e+00,-4.316410888366846166e+00,-8.705658653108599765e+00,-7.110045805027948695e+00,-8.074656970698478986e+00,-1.644087496887971511e+01
-2.257427550005315453e+01,-2.014174736809409083e+01,-2.048391601621300850e+01,-1.706490842087879756e+01,-8.211748125666828102e+00,-4.300036504276559590e+00,-4.139701238436793496e+00,-6.368018474106843740e+00,-1.322256929199130582e+01,-1.066663262380111199e+01,-6.946971170704718368e+00,-7.153218377072916745e+00,-9.258186864944780936e+00,-1.558726635420253537e+01,-2.375209557711503905e+01,-2.152185958979906033e+01,-1.324886823481447706e+01,-9.851806413920629169e+00,-9.423543500059027522e+00,-1.179671450501921548e+01,-1.255389573348969634e+01,-2.031169032683032682e+01,-2.503848719550924784e+01,-2.362072356633827752e+01,-1.491051242714442715e+01,-7.609941115498772390e+00,-4.670885186204561279e+00,-4.630279801714167753e+00,-7.761846915834900607e+00,-1.481915472743598450e+01,-1.753923390779880975e+01,-5.033574630989045673e+00,-4.162545449540973608e-01,-1.557525865660050801e+00,-9.222063598375559224e+00,-1.744767406404822196e+01,-2.182906421117470330e+01,-2.464527653085932712e+01,-2.416025270157007299e+01,-2.176246564971688713e+01,-1.708315136988498395e+01,-8.541213499672840825e+00,-1.693497990217662785e+00,1.920110805241412588e-01,-1.444731803565835193e+00,-3.616884526317519111e+00,-6.188765410111359166e+00,-3.093443779380694370e+00,-1.765103845978658104e+00,-7.466293631183424928e-01,-4.162234217000260195e+00,-1.222883450502605029e+01,-1.259569669091402844e+01,-1.021056467949310509e+01,-9.756553395405440199e+00,-5.808161648174277936e+00,-8.777775233245394659e+00,-1.364520608850526884e+01,-1.739398759683891882e+01,-1.303194844378212203e+01,-1.017379406008417142e+01,-1.092494620833553043e+01,-1.597314767571083571e+01,-1.486556083480746793e+01,-1.041388501206804129e+01,-5.966919619683356046e+00,-3.841019341941054321e+00,-3.990009506428632058e+00,-7.618283161538184522e+00,-1.601362874650311952e+01,-1.010491689781233049e+01,-5.014233832644129585e+00,-3.208691043201439275e+00,-3.551025442420173039e+00,-4.437132065925524671e+00,-6.314724515168882668e+00,-1.157957840792705539e+01,-2.056118427857268571e+01,-2.224686373084037072e+01,-1.704097379563171799e+01,-1.402009015000624537e+01,-1.418065383484827535e+01,-1.594589737430932708e+01,-9.472738234753323994e+00,-9.643467243925913479e+00,-1.047564203615133493e+01,-8.828991583087310246e+00,-1.251462523877505895e+01,-1.303533677880244923e+01,-6.242542006376850416e+00,-3.696163082103691711e+00,-4.384537169813880197e+00,-8.169180429969449264e+00,-1.587381138829137583e+01
-2.010537587057418563e+01,-1.782807279046560467e+01,-1.773714527596857593e+01,-1.069602256912831351e+01,-2.506956684426449478e+00,1.011074414891271589e+00,2.189139480844340957e-01,-1.938548542211919745e+00,-8.149737157171632163e+00,-7.735675956242805462e+00,-4.401110717786299809e+00,-6.246307761912630596e+00,-7.477717333446348036e+00,-1.248591399790004886e+01,-2.288277219026304721e+01,-2.280212402711254427e+01,-2.001646687024360816e+01,-1.911875858196633260e+01,-1.989888765081504829e+01,-2.174675424939635349e+01,-1.848150706245260722e+01,-1.790207575281690922e+01,-2.451633084394568840e+01,-2.405780942361938202e+01,-1.542011418462029226e+01,-1.413947690566840265e+01,-1.505005840345614132e+01,-1.292020727719874706e+01,-1.486324170467251804e+01,-1.439425288000088443e+01,-1.086876257099857135e+01,-3.273015209819999605e+00,-1.346539385191941829e+00,-3.848434680742651270e+00,-1.280981852737235727e+01,-1.476072598606175745e+01,-1.141655939047965873e+01,-1.216615976212341721e+01,-1.308591456082514881e+01,-1.420731341080858456e+01,-1.286739244626436651e+01,-3.742412100874223047e+00,-2.038538753928038905e-01,-1.745745778155747718e+00,-7.976899736742121050e+00,-6.807000402081219370e+00,-8.825065040978852693e+00,-8.290953831841383348e+00,-6.327742816612971666e+00,-4.583446777689491825e+00,-7.811789969718065940e+00,-1.173334006215795533e+01,-6.450727053460358462e+00,-5.457602441885108568e+00,-5.813696930633573956e+00,-8.429116672633471197e+00,-1.726787834130729848e+01,-2.206823583283176404e+01,-2.279750462166376579e+01,-2.170083351539508953e+01,-2.244260203631626993e+01,-2.146957275449425850e+01,-2.312535561945626839e+01,-2.180145715518723648e+01,-2.090428017191804244e+01,-1.025686378699506562e+01,-3.480269371429619785e+00,-3.356611032573674880e+00,-9.271730351769624789e+00,-1.684469232393827198e+01,-1.528349200562934662e+01,-1.373250624945168319e+01,-1.322472669095202846e+01,-1.099427243831759426e+01,-1.131998529186138569e+01,-1.495678922620122897e+01,-1.825139401827244257e+01,-2.055206721642113976e+01,-2.258873508063814484e+01,-2.083267536971840173e+01,-2.076823520660400391e+01,-1.918335664708720145e+01,-1.843936539431298272e+01,-8.548567891809982555e+00,-4.732588387695581211e+00,-3.809947279240641915e+00,-6.090329067096085680e+00,-1.435038513576823682e+01,-1.843068989163878513e+01,-1.388519342005367641e+01,-1.440044790012528608e+01,-1.500203629771179337e+01,-1.629118489759735411e+01,-2.110306877621336596e+01
-1.880724945693117078e+01,-1.043836213903849774e+01,-6.674777090807870294e+00,-3.254457703401264723e+00,-5.290057764806729290e-01,-2.149776456902711685e-01,-4.411264553178022574e+00,-6.459312326545775029e+00,-3.191388108756802122e+00,-2.251201437385609072e+00,-2.361241175662116110e+00,-6.631904014158340743e+00,-8.388755709909061054e+00,-1.041990494176831561e+01,-1.889202582445677692e+01,-1.802747821256604510e+01,-1.452737558691947228e+01,-9.561899661099060310e+00,-7.679728446783128604e+00,-7.542776498031983579e+00,-8.382708396755431224e+00,-1.284730507505192776e+01,-1.809851570166145152e+01,-1.796270154666349228e+01,-1.271960864223267151e+01,-9.813353103939048694e+00,-1.054936043742993945e+01,-1.346121097254155963e+01,-1.619923663139343262e+01,-1.016727871793772664e+01,-5.747529817224696913e+00,-9.403681545818013632e+00,-1.307966798808073960e+01,-6.747233900031602616e+00,-4.683666669377816838e+00,-4.261725921736516653e+00,-3.435971714053769777e+00,-3.332128060001858572e+00,-5.389219490319548278e+00,-1.172311765793890359e+01,-1.172885112450072320e+01,-6.406414715569602514e+00,-5.985543273798475283e+00,-8.228222591684044573e+00,-3.964598722310884060e+00,-5.247484645115387814e+00,-1.018237182813802377e+01,-1.365068294730949106e+01,-1.465410408302997958e+01,-1.734792315753209024e+01,-1.689800577770078860e+01,-1.078362577820559309e+01,-9.303986310958862305e+00,-7.733573357953272165e+00,-6.210416084080073063e+00,-1.102624017608877693e+01,-2.198541260868138636e+01,-2.224874248761891948e+01,-2.446058162145302362e+01,-2.413221232647611103e+01,-2.507267879934439492e+01,-2.482637172030116446e+01,-2.461099779904462892e+01,-2.451606301581469083e+01,-1.907623833819850390e+01,-1.196542118004521349e+01,-1.005890758648543404e+01,-7.918930045901465320e+00,-1.087266951029929984e+01,-1.870238382967910340e+01,-2.026437101382510875e+01,-2.004201467877867771e+01,-2.025474775457657728e+01,-1.965092723309878764e+01,-1.842753150146131702e+01,-2.069249512924164947e+01,-1.994331808218836599e+01,-1.943393583977612948e+01,-2.243502866601668444e+01,-1.769045147592621703e+01,-1.394652190235997935e+01,-1.298932521834768572e+01,-1.289641839828564684e+01,-9.125766204501392309e+00,-2.528965914451475783e+00,-6.729909535214799732e-01,-5.054922559937400806e+00,-1.701553928599421894e+01,-2.108201962399344964e+01,-2.452850069476000883e+01,-2.467386252526373269e+01,-2.400737825845707363e+01,-2.378427840841069241e+01,-2.407160177212459828e+01
-1.884088250988940061e+01,-9.338591025743870233e+00,-5.500564893948090450e+00,-6.294279632210616704e+00,-1.180702449999003179e+01,-9.656772905059861856e+00,-7.251689300142041716e+00,-7.136508211464780871e+00,-1.203508211422517782e+01,-1.121997337373465164e+01,-6.928444745223646173e+00,-5.825010593772393719e+00,-3.081391637954638441e+00,-3.852844238037203883e+00,-7.513851245933414802e+00,-1.236405058127607148e+01,-1.308386590255707915e+01,-6.509320683791687934e+00,-4.151679639586988380e+00,-4.563260724089738041e+00,-5.661451906138072587e+00,-3.472137508585937837e+00,-4.596556022009580467e+00,-7.170523332492924062e+00,-1.182862867417822450e+01,-6.962066066517765606e+00,-5.835394986433215969e+00,-4.603313191892554279e+00,-2.853939261452540510e+00,-2.531837295590108727e+00,-5.296916148221561649e+00,-1.197887492409561006e+01,-1.840902618452303585e+01,-9.214634037201575367e+00,-4.432542851779731841e+00,-4.898705531780200850e+00,-1.054325554745275362e+01,-8.601733439000815551e+00,-4.463380015654371036e+00,-7.332090039760850608e+00,-8.235537922451261039e+00,-1.045640361722494127e+01,-6.860210106236167782e+00,-5.296807908713243584e+00,-5.211656410799779593e+00,-6.598714331096767083e+00,-6.217795766157911075e+00,-1.009989073694556261e+01,-1.794502945534296501e+01,-2.442474609073646263e+01,-1.936340522031104072e+01,-1.067087203781039761e+01,-8.850388569179527209e+00,-7.098065731153322844e+00,-6.382387472255611094e+00,-1.187213497768247805e+01,-2.210785521983181567e+01,-2.158902859733743185e+01,-2.163969609181545550e+01,-2.164160099838051110e+01,-2.348008241818819286e+01,-2.403509207084229615e+01,-2.417603976189056425e+01,-2.296932487634794740e+01,-2.011921101865970485e+01,-2.187258450649606800e+01,-2.125996218664797865e+01,-1.281538308149128369e+01,-8.999913995206240358e+00,-8.944427623914156911e+00,-8.358741587067385126e+00,-1.093087758172683799e+01,-1.559453370713544551e+01,-1.191429765421990439e+01,-9.147756665198558679e+00,-8.930860612204080340e+00,-1.096797052100444425e+01,-1.718370747979665936e+01,-2.171411123624886130e+01,-1.782499481395949203e+01,-9.344818799711605450e+00,-5.239494644148501301e+00,-5.244507475625113102e+00,-6.215535976638683735e+00,-1.761746256458983417e+00,-6.740351358219094369e-01,-3.978039739689357202e+00,-1.301607858192943645e+01,-2.103925071194452201e+01,-2.520165213730064124e+01,-2.605295812647236886e+01,-2.508684207570805569e+01,-2.505176894053787962e+01,-2.508296888274264447e+01
-1.947345754039080745e+01,-1.383651827295850900e+01,-1.434089369443110584e+01,-1.627449174193747794e+01,-1.762709124791139814e+01,-1.898746888485947082e+01,-2.067416837357831483e+01,-2.070916363361483548e+01,-1.795274432040822887e+01,-1.732384793790549082e+01,-1.648771344719594723e+01,-1.681283181343005140e+01,-1.038502084404976600e+01,-4.981582581307846702e+00,-4.579888005936536111e+00,-1.061702223641794340e+01,-8.553752575306534212e+00,-8.262471679088466914e+00,-1.363855446969842689e+01,-1.165106640959980489e+01,-9.778085759150039635e+00,-3.726520336891644636e+00,-4.970736455668915976e-01,-1.386684604332762527e+00,-7.009731788740911185e+00,-6.985353667210062234e+00,-5.308160907400480966e+00,-5.353640604642199818e+00,-1.714297156587156978e+00,-5.052676232732645545e+00,-1.479803671818477717e+01,-1.541401355666232220e+01,-1.645704976304188349e+01,-9.114835358309148816e+00,-6.873310619696026968e+00,-1.144716790967364339e+01,-1.569272414337922683e+01,-8.254720380195992746e+00,-2.746099929273243312e+00,-3.492433866223962902e+00,-6.782910401880855922e+00,-2.954363921244479663e+00,-2.008902094468675514e+00,-5.074692804718063499e+00,-1.066051464411564709e+01,-1.665832491968408391e+01,-1.557430204031325083e+01,-1.567110724164341740e+01,-2.060686327359120540e+01,-2.524882567962470148e+01,-2.151427056196797238e+01,-1.310620413671798623e+01,-7.188363572765637421e+00,-4.534684887166656964e+00,-4.862071134681187345e+00,-1.082008649779193021e+01,-1.238251580048158651e+01,-1.127367423793483958e+01,-1.353898443284521669e+01,-1.538908651109375647e+01,-1.281733443052552879e+01,-1.289639851261425640e+01,-1.246328261776007196e+01,-1.358111504644787182e+01,-1.959412774323039130e+01,-2.400690322023366008e+01,-2.221613503972459469e+01,-1.389923377211612987e+01,-8.593865237943468571e+00,-7.045679820755313294e+00,-7.707455484853314331e+00,-1.130947830773502361e+01,-1.557417377571150041e+01,-1.088876205510486805e+01,-8.247390088777780903e+00,-8.322475459534308229e+00,-1.076109482281929353e+01,-1.686395661128049639e+01,-2.269149560505714547e+01,-1.805087054809393976e+01,-1.105286773321486216e+01,-1.067809325468103765e+01,-1.130276368647411900e+01,-1.126117672373564105e+01,-1.174613538314812722e+01,-8.287480302714888225e+00,-7.294960517414732060e+00,-1.112177386035808979e+01,-2.025123068271114946e+01,-2.569971406344963327e+01,-2.610088183195374967e+01,-2.537855335558999670e+01,-2.576142128078923577e+01,-2.556820199117495207e+01
-2.136836272259897740e+01,-1.894125117226602484e+01,-2.055297134377363832e+01,-2.297087517960682490e+01,-2.512653764640205267e+01,-2.434898346696974869e+01,-2.497554453994956702e+01,-2.413709030996627547e+01,-2.379824834797883071e+01,-2.534316936485569727e+01,-2.336644599157491342e+01,-2.028529680211649833e+01,-1.903916938869939202e+01,-1.392443455620767523e+01,-6.447010169369177923e+00,-3.680115052385826147e+00,-3.880835533716315844e+00,-6.270692588276945756e+00,-1.289813879046136869e+01,-1.724349798816247414e+01,-1.115950074223424693e+01,-1.011270724486753458e+01,-1.039719676908270785e+01,-5.382314192291765664e+00,-3.594760453281834245e+00,-4.082017026540172289e+00,-2.540379614056929469e+00,-1.126060028329423535e+00,-2.586599846221129706e+00,-8.365708702561482468e+00,-1.918119618704323770e+01,-2.459679130598299679e+01,-1.669111688977721286e+01,-7.526689654829874065e+00,-3.802356327602169461e+00,-3.892411030843308417e+00,-4.804153212848584431e+00,-3.298236881377380136e+00,-4.162408105950077264e+00,-5.045562333339440819e+00,-5.370610111595808256e+00,-3.950717986835909912e+00,-6.662689964780458496e+00,-1.537612676298916980e+01,-1.851001700087089930e+01,-2.096420890793405434e+01,-2.372492897349745178e+01,-2.421305110137586780e+01,-2.474095939165824731e+01,-2.566235114705815334e+01,-2.246634206055216865e+01,-1.887218251531523805e+01,-1.863519316877243881e+01,-1.452091567548483475e+01,-6.017305173396145790e+00,-3.083947827878025905e+00,-2.750120161341679026e+00,-4.498662030363817621e+00,-9.692801506303409198e+00,-1.107712188988981517e+01,-5.937480590247005807e+00,-3.598466586285703261e+00,-4.481128376573036753e+00,-8.593107783036424863e+00,-1.705499436446467243e+01,-2.520638512738178250e+01,-2.384014261572806603e+01,-1.956407453834665944e+01,-1.907169713036862291e+01,-2.008868746766695068e+01,-1.966218786294749776e+01,-1.961033732537359597e+01,-2.058685781960312866e+01,-2.002928309725428946e+01,-2.106622104424272734e+01,-2.055950864615467921e+01,-1.982190744403699512e+01,-2.138227619692998971e+01,-2.179091934248202023e+01,-1.844578271288862581e+01,-1.929286348750825653e+01,-2.104508928802431456e+01,-2.272476758019772447e+01,-2.201989777515389335e+01,-2.151253502355145741e+01,-2.012972121523524649e+01,-1.867258265574313825e+01,-1.861290428955430798e+01,-2.225053252144815374e+01,-2.535364326668153012e+01,-2.683148123166005306e+01,-2.605679551898169777e+01,-2.607102649519668702e+01,-2.634270525805522922e+01
-2.373336897465994255e+01,-2.204619344443025497e+01,-2.358229127049675711e+01,-2.497979381318726411e+01,-2.549466578349442258e+01,-2.572132964676285383e+01,-2.560968866329891469e+01,-2.539145155449133995e+01,-2.556474679972624742e+01,-2.584333093088256561e+01,-2.529105798541236183e+01,-2.553611324655756931e+01,-2.466819029277000297e+01,-1.893035621128560209e+01,-1.288336462873484578e+01,-1.151605062126424350e+01,-1.113953400967438156e+01,-1.119641106436477607e+01,-1.448744531587369266e+01,-1.977727151698000441e+01,-2.155141266141093936e+01,-2.025541391905562350e+01,-1.752173023922135542e+01,-1.447192738832536207e+01,-1.623238773428635895e+01,-1.650064132806193484e+01,-1.469679618180372316e+01,-1.135178352935465718e+01,-1.054804408665107651e+01,-1.382742418259784145e+01,-2.082069535521872794e+01,-2.539322930631839625e+01,-1.698598747767924166e+01,-1.211557852831419702e+01,-1.005138347121332387e+01,-7.536004375228532837e+00,-6.600668811614343490e+00,-9.025255646549437571e+00,-1.506395121392487013e+01,-1.538242063862280595e+01,-1.263024520644333037e+01,-1.098116781302729628e+01,-1.421376944966398881e+01,-1.949673434902477709e+01,-2.439487704238450760e+01,-2.563040931606109041e+01,-2.611219735044505086e+01,-2.575427610658267241e+01,-2.707649009351785452e+01,-2.670382998030998678e+01,-2.566908127999719014e+01,-2.510218564072096115e+01,-2.439487732720053614e+01,-1.848740845057316662e+01,-1.153578694156139584e+01,-9.736172355668392342e+00,-1.024452480622109718e+01,-1.029848615604099216e+01,-1.353390262122328735e+01,-1.488354054673328974e+01,-1.142808673377211548e+01,-1.160091239363242188e+01,-1.164444302823502220e+01,-1.312400095357141439e+01,-1.934233171172684251e+01,-2.614798101524397111e+01,-2.589709049658508988e+01,-2.603929650301189014e+01,-2.625685675112038808e+01,-2.633433288875572487e+01,-2.633901327239755119e+01,-2.596380412004356941e+01,-2.488785792775236771e+01,-2.608259901145979143e+01,-2.677403597381533018e+01,-2.655028984312377105e+01,-2.645176447057999525e+01,-2.664465226741195281e+01,-2.573873436657679648e+01,-2.613815170721741410e+01,-2.609582623718791083e+01,-2.585947272313582701e+01,-2.499428956173288441e+01,-2.469396367376250367e+01,-2.641714097539354000e+01,-2.643105620455879645e+01,-2.536201649410416792e+01,-2.484923197538636686e+01,-2.557349458043974977e+01,-2.705770439633055346e+01,-2.709450039101014340e+01,-2.683925917704440778e+01,-2.685997126695048465e+01,-2.625894075919208248e+01
-2.545437000068855582e+01,-2.377870144595989643e+01,-2.492433313138223028e+01,-2.573568021814717355e+01,-2.662165243042227303e+01,-2.621992670180480545e+01,-2.622087352216128764e+01,-2.594101639198200360e+01,-2.650540483801810510e+01,-2.654163139174209718e+01,-2.665410140667806971e+01,-2.704935870786163221e+01,-2.584553739882158752e+01,-2.427968275294368183e+01,-2.368315930265452351e+01,-2.333775899221901895e+01,-2.454863640522451362e+01,-2.368175937674638121e+01,-2.304781830150038147e+01,-2.469637906252763671e+01,-2.596561364447680020e+01,-2.393666522810684327e+01,-2.435683698047792234e+01,-2.452219285027829088e+01,-2.400949697917137016e+01,-2.399369020590662771e+01,-2.308064902494867709e+01,-2.253059675881857871e+01,-2.285883765689210279e+01,-2.280380931663145816e+01,-2.329103300980290570e+01,-2.600856485715950583e+01,-2.243012348718955451e+01,-2.361058663678766578e+01,-2.302018780239744800e+01,-2.102192202882270422e+01,-2.062156297430137641e+01,-2.087669697248866640e+01,-2.300146182286257002e+01,-2.338425374444509686e+01,-2.284073181556598797e+01,-2.395818255540263308e+01,-2.349053144546832073e+01,-2.397993965369428437e+01,-2.527639420643477663e+01,-2.730404681277412848e+01,-2.613065457757497967e+01,-2.583658345724116856e+01,-2.738751879271285006e+01,-2.734641820249759547e+01,-2.668737960183321789e+01,-2.664392507696427259e+01,-2.591652217857640039e+01,-2.291237794549019569e+01,-2.293049288806658126e+01,-2.267957248209988208e+01,-2.487053976077335093e+01,-2.341108663371532472e+01,-2.122827648794949695e+01,-2.127123229995168785e+01,-2.348077321098489278e+01,-2.484649674924582285e+01,-2.452004124709406696e+01,-2.326023501651594927e+01,-2.375685384048432525e+01,-2.644525944888017577e+01,-2.727071663409988389e+01,-2.721768991290259621e+01,-2.696778508923187090e+01,-2.689813757769634250e+01,-2.707233478384440417e+01,-2.659624658522118779e+01,-2.691486503439372058e+01,-2.645131748030410890e+01,-2.759921071892299338e+01,-2.794294009089240305e+01,-2.750146174752413586e+01,-2.762717279165925888e+01,-2.745352328122236329e+01,-2.734491339813996902e+01,-2.754297085396357048e+01,-2.776045284932748558e+01,-2.680648703198442107e+01,-2.520507352751803509e+01,-2.693852758499468791e+01,-2.701989310600854211e+01,-2.642814336530505415e+01,-2.601711761606911111e+01,-2.715100126505357281e+01,-2.739140470317333254e+01,-2.725194833641566916e+01,-2.761049986896257735e+01,-2.765295806509911003e+01,-2.746776133925009944e+01
