-3.173309892056181880e+01,-3.310954913524065546e+01,-4.211834097653530051e+01,-3.576072754339654836e+01,-4.380156233764002138e+01,-2.720958719454858254e+01,-3.562764020882300997e+01,-3.263224231646947260e+01,-3.989728396432229829e+01,-2.349305311039763922e+01,-3.188146746708240187e+01,-3.132886502215441382e+01,-3.790090626061725487e+01,-2.998869115678623487e+01,-4.192105058696106568e+01,-2.701946285884776344e+01,-5.141456379974316349e+01,-2.654539367536193595e+01,-2.744179248423381523e+01,-3.051198801210585287e+01,-4.149803542340011120e+01,-3.254762011366231178e+01,-2.695469601138258042e+01,-2.985410030967909378e+01,-3.275351737162998234e+01,-2.955738070065459766e+01,-4.056314587079238976e+01,-5.007969844909210622e+01,-3.332028728608144519e+01,-2.960988213331335572e+01,-5.010036361898769997e+01,-2.820501362177357052e+01,-2.440774781744144306e+01,-2.560367463619029849e+01,-3.875534091185119934e+01,-2.794903028318052662e+01,-2.929036033269811767e+01,-3.282314784969672417e+01,-3.165779470215783320e+01,-3.648492956967893264e+01,-2.699236643736600882e+01,-2.790390326160144241e+01,-2.786532654665107245e+01,-3.319764624729467073e+01,-2.689585028939603006e+01
-2.782941249554952634e+01,-2.970063667428063070e+01,-2.435225038253791041e+01,-3.448577425026015675e+01,-2.406998301201396018e+01,-1.736864395061196120e+01,-2.852679096438157202e+01,-1.913097754228439129e+01,-1.429364753392270693e+01,-2.278214083282183111e+01,-2.532817084036719990e+01,-2.414088429627587118e+01,-3.216864254270784329e+01,-1.757780244255635438e+01,-2.362961641387935430e+01,-2.433067304186506163e+01,-2.967595665694812368e+01,-2.048723536410578916e+01,-1.810486409021810061e+01,-1.820026016332711905e+01,-2.509368881687698405e+01,-3.187408272414080201e+01,-3.352932113974964068e+01,-2.990375526503224890e+01,-3.659622875771600548e+01,-2.824786619242720676e+01,-2.686664664961308802e+01,-2.808178942865735195e+01,-2.415285165025034431e+01,-2.976115366835733056e+01,-2.601066997850833218e+01,-2.138822770899295378e+01,-2.011692546759982037e+01,-2.432433680886311933e+01,-3.049081773025987374e+01,-2.762259366322554754e+01,-3.187560153174577238e+01,-2.831385146446478984e+01,-4.432856532984160935e+01,-2.571811544916446124e+01,-2.719816733047758106e+01,-2.023532244635864430e+01,-2.583964670387079110e+01,-2.324910231147535811e+01,-1.770368501595824995e+01
-1.950767949285160796e+01,-2.028287294728769297e+01,-1.557298825828881306e+01,-2.359205825610120044e+01,-1.533237010168046055e+01,-1.182103063138884380e+01,-2.340626522856506497e+01,-2.298352486958900442e+01,-1.064008264685965344e+01,-2.034248404441951408e+01,-1.786496709222370427e+01,-1.609225147262023725e+01,-2.945299285083491725e+01,-1.264258889956337484e+01,-1.458820421004543988e+01,-2.584873519344240478e+01,-2.794060485994450005e+01,-1.474103777228567225e+01,-3.007969373836684923e+01,-1.653065830559122062e+01,-2.005443625981232003e+01,-1.871471756579918733e+01,-2.532024713335996324e+01,-2.397311358853034235e+01,-2.545228975547730954e+01,-2.998035370085194629e+01,-2.364442400764012220e+01,-3.139266660496453909e+01,-2.533790733801093609e+01,-1.980697204805785105e+01,-1.930246085181934035e+01,-1.546575675086764434e+01,-2.766835780131772538e+01,-1.664160190766663305e+01,-1.962589488957253891e+01,-2.363373621532726077e+01,-3.507419183738868895e+01,-2.307710295869182104e+01,-2.795529060376860642e+01,-1.908667711118435051e+01,-1.351860816973412582e+01,-1.760707819301577004e+01,-3.130834367002506724e+01,-1.779125193688721751e+01,-1.556584747650297906e+01
-9.903562478416427339e+00,-2.597935981070800437e+01,-1.198024735757183734e+01,-1.498990981637984632e+01,-2.524280931278466866e+01,-1.517973794903492113e+01,-1.611016383790223827e+01,-2.897754016347306916e+01,-1.656003900647657545e+01,-1.201524326410581622e+01,-1.378678451350715051e+01,-1.784583740174253919e+01,-1.812219956561527923e+01,-1.597175718075142825e+01,-2.400462689792566806e+01,-1.141304915337311776e+01,-1.479495147273159006e+01,-1.625901187189899133e+01,-1.952348185110874113e+01,-1.662383122116851553e+01,-2.004220052931188079e+01,-1.562349685611733463e+01,-1.951173293877315373e+01,-3.030208202695238739e+01,-3.001542295013112849e+01,-1.485240070472724838e+01,-2.031511257114029689e+01,-3.303200779867110981e+01,-3.282000046076071698e+01,-1.438297890801711176e+01,-1.842762204651472402e+01,-1.763593889275831117e+01,-1.908080464087515793e+01,-1.663158216480385931e+01,-1.549802095342774777e+01,-1.889556115752480636e+01,-3.140810549993041434e+01,-2.777095019500550421e+01,-2.519250363267602211e+01,-1.482878975653930809e+01,-7.674647201979198918e+00,-1.478271476633796411e+01,-1.665160449860813330e+01,-2.086840754869955816e+01,-1.623713817811800197e+01
-8.232227274314753984e+00,-1.351092602378864349e+01,-1.254624624472204886e+01,-1.222053916568150456e+01,-1.634626413310390802e+01,-1.731284487031808084e+01,-1.815111945277307726e+01,-1.804062985802853447e+01,-2.399011236444064465e+01,-3.145855284874608415e+01,-1.114701033594476343e+01,-3.458605316398302421e+01,-2.928763353758403554e+01,-1.626373516610651748e+01,-1.343501385863482867e+01,-1.343730159189542306e+01,-1.519370626083897591e+01,-2.209250374982160992e+01,-3.506414840993011239e+01,-2.289530691791548378e+01,-1.583817312772421815e+01,-1.769176251476010009e+01,-1.793523051503984078e+01,-1.370295539992991607e+01,-1.424778967836771493e+01,-1.175161452480453050e+01,-1.386740952135647476e+01,-1.761977177740159561e+01,-2.158544692789970654e+01,-1.114229692418297013e+01,-1.281844853013250685e+01,-1.217080574632245948e+01,-3.128923047920819300e+01,-1.400526164450714006e+01,-2.112558177674810267e+01,-1.600851280755663097e+01,-2.875050817635917610e+01,-2.663867018849360946e+01,-3.109781120802043475e+01,-1.656531131277437296e+01,-1.009675670855759577e+01,-2.225392616291415138e+01,-1.134929188367274477e+01,-1.583900815067623746e+01,-1.869340904783324575e+01
-1.337796708827037051e+01,-2.036266398599351390e+01,-2.138333310668819465e+01,-1.454196266186065500e+01,-2.078207358196993937e+01,-1.091531988314014257e+01,-1.523277350192869051e+01,-1.297994142650216176e+01,-1.873496218382070211e+01,-9.295864034552659305e+00,-1.531994116913387671e+01,-2.543615475474680210e+01,-2.153755429681986300e+01,-2.109955218216725470e+01,-1.034972010312563917e+01,-3.273429628444113604e+01,-2.765943081360505929e+01,-1.235480265852291382e+01,-2.810313516523491018e+01,-3.178403349104848985e+01,-2.573519937349394837e+01,-1.981239183976764906e+01,-1.540920423109213111e+01,-1.746425846028769158e+01,-1.293147031754962661e+01,-1.689474143065201517e+01,-1.690501255504134193e+01,-1.192193752042706123e+01,-1.410084099750104514e+01,-1.129726312213277239e+01,-1.716361799131110999e+01,-1.050493781291413598e+01,-3.064909944121153984e+01,-8.189661942696229602e+00,-1.985309938811610664e+01,-1.608377842655072243e+01,-3.185994259252169769e+01,-2.823983054578116025e+01,-3.046597828246953554e+01,-2.482170619491237318e+01,-1.465945148309124946e+01,-1.239877406049112452e+01,-1.431029587258390912e+01,-1.493317204794481512e+01,-2.204102854823117852e+01
-2.542756936453594108e+01,-2.470220046834607075e+01,-2.041231349164261744e+01,-1.216109004544708228e+01,-1.277027347078211861e+01,-1.165306070353891954e+01,-1.280466856475845105e+01,-1.269116169098220048e+01,-1.258815560163938763e+01,-8.570043136120480298e+00,-2.121244852880147747e+01,-1.927985502782921401e+01,-1.908526924847268802e+01,-1.382453180433850903e+01,-1.350931493444098841e+01,-2.118147044822195113e+01,-1.795628614900607900e+01,-1.547891942118571684e+01,-1.732012768596061747e+01,-2.103487139039456721e+01,-1.814081485704182839e+01,-2.037630640130362281e+01,-1.576746735239455788e+01,-3.195789264065009405e+01,-1.463663501484878005e+01,-2.772226294894954179e+01,-1.244982669456994984e+01,-2.333561695808508674e+01,-1.443181086232167942e+01,-1.211493625294302490e+01,-1.893603077017566605e+01,-1.577183201323929751e+01,-2.913295185634617468e+01,-7.693059142221915003e+00,-1.373849230698444224e+01,-1.796569976834292959e+01,-2.532651490120507276e+01,-2.840686256409874844e+01,-2.651422242524580142e+01,-2.031545904167301941e+01,-1.418417025245565100e+01,-1.045165411093959662e+01,-1.671554067347598505e+01,-1.543867692244701395e+01,-2.172424209453272681e+01
-1.626757557029786483e+01,-1.710062680804534807e+01,-1.908420356083285085e+01,-1.021715301233991369e+01,-1.050529985068998151e+01,-1.419591291124759991e+01,-1.318315906885652922e+01,-1.707845638024383206e+01,-2.060366775624451563e+01,-1.374384920556077638e+01,-1.636369883880098186e+01,-1.878754596930863130e+01,-2.145658350676244552e+01,-1.141524239389506690e+01,-1.593866004215199972e+01,-1.773305212091209881e+01,-1.900303236312058885e+01,-1.659060925137054454e+01,-1.919624343868604655e+01,-1.005490725891660730e+01,-1.881054289745735986e+01,-1.461740447647389196e+01,-1.625722062532947376e+01,-2.811332160302577066e+01,-2.278426061290977600e+01,-2.551989521179065079e+01,-7.194736902076744656e+00,-1.340634087284269249e+01,-1.588995910080712193e+01,-1.414290860886162093e+01,-1.732592868030115341e+01,-1.212139880966405414e+01,-2.133685808046536181e+01,-1.242150052438430663e+01,-1.795429171789205469e+01,-1.456545089270694149e+01,-2.150723484740449010e+01,-1.948490464564071445e+01,-2.709122676100118099e+01,-1.960284643053564935e+01,-1.045600091514339169e+01,-1.449910582210569032e+01,-2.402924760581395702e+01,-1.873227590785790397e+01,-1.597267990145203420e+01
-9.466307280710179128e+00,-1.028662990269385347e+01,-1.753649458466477284e+01,-9.706166618421573133e+00,-1.402887933686140620e+01,-1.625906395036787444e+01,-1.748230920195780058e+01,-2.939605148437325255e+01,-1.600868533589684972e+01,-1.472217667799427865e+01,-1.973698234818280994e+01,-2.434921834118137696e+01,-1.448461465960358119e+01,-9.751692802800373983e+00,-1.653846834825248280e+01,-2.141168525030936465e+01,-1.501595253782090822e+01,-1.299048814897673054e+01,-1.694921121511370643e+01,-7.771930500349965243e+00,-1.710341432088053892e+01,-1.822925872521242141e+01,-1.688634477776389886e+01,-2.359089352311167787e+01,-1.957856259172119451e+01,-2.162988963375558171e+01,-8.627120194457083002e+00,-1.354585200567744963e+01,-1.011843586887635382e+01,-1.185382530908090537e+01,-1.600248450261451438e+01,-1.242388921990363215e+01,-2.800603203456890711e+01,-2.135977507291570632e+01,-1.512278996894700001e+01,-1.773508455109746862e+01,-2.717194694019981682e+01,-1.703952811982102489e+01,-2.366722300593751882e+01,-1.463434893308638607e+01,-1.093335703998949349e+01,-1.793919044254550599e+01,-2.545534939667848562e+01,-1.709231730902495627e+01,-1.182296386977080971e+01
-1.049855619449025390e+01,-9.245602286660313140e+00,-1.380482849494650566e+01,-1.532826189486634050e+01,-1.775720798524838884e+01,-2.262321752850869672e+01,-1.810882357973560985e+01,-2.624120478915961741e+01,-2.674414595112654069e+01,-2.096715128645958259e+01,-1.749528795778653034e+01,-1.657213456707535926e+01,-9.262337744834333364e+00,-1.381857073079138942e+01,-1.163716138517116860e+01,-3.249915425819018111e+01,-1.142653048861870424e+01,-1.304869982028325026e+01,-2.222347473821579911e+01,-1.130666906970124330e+01,-1.166247318938391508e+01,-2.118121502588893534e+01,-1.640071002289851876e+01,-2.004163365196550473e+01,-1.072902566036288796e+01,-1.810163886117525678e+01,-1.626644033171157133e+01,-1.687098044680759301e+01,-1.198996507158195257e+01,-1.061322497144916888e+01,-1.310053867075949618e+01,-1.606461225373190516e+01,-1.618673125188725237e+01,-1.691664963681622424e+01,-2.082240031951233306e+01,-2.023640220154623748e+01,-1.725708956974206387e+01,-2.018402749430718757e+01,-2.036085687938360778e+01,-1.454421509348884811e+01,-1.199278861696129361e+01,-1.480279505213874458e+01,-1.195437311021947835e+01,-1.616421892836831020e+01,-1.145109119964878630e+01
-1.641524574626498634e+01,-1.095400154557196970e+01,-1.316369652922510802e+01,-3.112048649082036178e+01,-1.070175906944542987e+01,-1.479443295829714344e+01,-1.213197526820591499e+01,-2.677933821811050663e+01,-2.814244795877739591e+01,-3.010591122416870036e+01,-1.706236532170603226e+01,-1.401302942229551363e+01,-1.131273599478264913e+01,-1.292658352870842364e+01,-9.899530810221881083e+00,-1.923996143422948180e+01,-1.450546331580187953e+01,-9.173052560845944114e+00,-2.088331265105533419e+01,-2.439499855170666720e+01,-1.672132516849572781e+01,-1.771300686343361264e+01,-1.526747721013879655e+01,-1.857728847447027576e+01,-8.152537049545692582e+00,-1.317853554321903076e+01,-2.662663157668771419e+01,-2.047631728895422754e+01,-1.815925487281087669e+01,-1.422588728929909152e+01,-1.387812145390574869e+01,-1.256482028537044826e+01,-1.327070180441590530e+01,-9.891022305701888229e+00,-2.274909170713728201e+01,-1.549910057307506861e+01,-1.653626143286257744e+01,-1.810389764850486927e+01,-2.166820514526488495e+01,-1.063900565493493389e+01,-1.540368678295901361e+01,-6.438513875553065091e+00,-1.203004312340109294e+01,-1.934039142521955768e+01,-1.488848976822752235e+01
-1.670813774773589699e+01,-1.011973263541545265e+01,-1.254660769672881138e+01,-2.627742281599429219e+01,-1.171745662929503951e+01,-8.834183527849768680e+00,-1.225521783501306139e+01,-1.416123695723756448e+01,-1.246617636721776101e+01,-1.445758378318148729e+01,-1.485980751648217080e+01,-1.769682661369045462e+01,-2.125933917524859140e+01,-1.477353782771654700e+01,-7.287860302592289230e+00,-1.382211860093592648e+01,-1.837657460649081642e+01,-9.533946108823839083e+00,-1.138692042589265974e+01,-1.390648902013125365e+01,-2.091679360673958143e+01,-1.589109021775167108e+01,-2.478331835150274642e+01,-1.517589209366297354e+01,-1.039094044331026012e+01,-2.077013619579073733e+01,-1.218367325591464834e+01,-1.404811508138789300e+01,-3.409206064452414608e+01,-1.959085246900280808e+01,-1.144040359899691239e+01,-9.105818818426159922e+00,-1.005526478062283502e+01,-1.297710973916854726e+01,-1.282912926075075433e+01,-2.038549888602677385e+01,-2.573566877141319509e+01,-1.846762730126918228e+01,-3.760552600463962847e+01,-1.264105527325650158e+01,-5.632301308419997987e+00,-8.961622666431063422e+00,-1.894883444247048132e+01,-2.047492955823548755e+01,-2.409721075443125216e+01
-1.691380890537019255e+01,-1.138885382343915254e+01,-1.651832386259096808e+01,-1.813336610188340714e+01,-2.544727885176099491e+01,-1.710450851787881987e+01,-4.189579744966600572e+01,-1.480335245764398167e+01,-6.753533763131482459e+00,-9.332121591166394836e+00,-1.466138305969311162e+01,-1.462769288337603157e+01,-2.708436617921387679e+01,-2.645511992184881223e+01,-9.908946374530552603e+00,-1.855755835761463501e+01,-1.388671469331053032e+01,-1.165855812701165917e+01,-1.141768381614979333e+01,-9.845827006586230112e+00,-1.506559342049044581e+01,-1.278075377341953711e+01,-2.147558867000782001e+01,-2.113567541913181458e+01,-1.016049307474274599e+01,-1.054448287367729975e+01,-8.737147262764530353e+00,-1.440860414893282737e+01,-1.970803050101463327e+01,-8.306160690409859271e+00,-1.510397100010816551e+01,-1.439191897442604962e+01,-8.335339044155018584e+00,-2.053911119661980678e+01,-1.958860931105636283e+01,-1.999661907459581656e+01,-2.291638896992596131e+01,-1.923943550605008213e+01,-2.263559404659888230e+01,-2.096134980166156225e+01,-6.718634692844178247e+00,-6.877393726423859377e+00,-1.421647602359299256e+01,-1.254535587240183503e+01,-2.070590636357424685e+01
-2.260011153136941786e+01,-1.695888320030092800e+01,-9.567227733053126570e+00,-1.225289032956603030e+01,-1.703121111597406667e+01,-2.784812660013642471e+01,-2.562403278898983316e+01,-3.335564167669774349e+01,-7.813940151929898548e+00,-1.393742942713254251e+01,-1.985114963031395519e+01,-1.383927342990816456e+01,-1.587409618774274556e+01,-1.538774970847573442e+01,-1.247152592471643828e+01,-3.528574610048600135e+01,-1.432157585402834776e+01,-1.016677467998372997e+01,-8.276407037877365980e+00,-1.338450479058222520e+01,-2.517189731446983103e+01,-1.136403803572814653e+01,-1.700404095671326132e+01,-2.569572384265720189e+01,-8.763106028426502547e+00,-1.241632942119554883e+01,-1.850223969146099634e+01,-2.260507567914431348e+01,-1.171777172982394788e+01,-7.769112984194022076e+00,-1.852446034553035759e+01,-1.765554114310241474e+01,-1.036858495667238422e+01,-1.110658263190394734e+01,-1.226755401464737538e+01,-3.937672175641046124e+01,-1.970601207907720109e+01,-2.036573792808180983e+01,-2.378175918452376436e+01,-1.471912919518631391e+01,-2.597343917029654392e+01,-4.583885503847610288e+00,-1.516492184913172991e+01,-1.438880631708912361e+01,-1.592255056241445210e+01
-2.205572885764424740e+01,-1.782661443657258360e+01,-9.312095758495528841e+00,-1.831099110259310692e+01,-7.391908200857406186e+00,-1.874735057065042554e+01,-1.783898454706207559e+01,-1.493068452481584707e+01,-1.519591836060788559e+01,-1.468961875493504365e+01,-1.334900556496112323e+01,-1.932803357959324586e+01,-1.217615195586997601e+01,-1.347848005977954955e+01,-1.610120043191036032e+01,-3.640410502740727594e+01,-1.483424366279577633e+01,-1.305672113178355254e+01,-4.866287851141639642e+00,-2.362658637138668993e+01,-1.937728641725890810e+01,-9.735231311839706692e+00,-1.605466231871352889e+01,-1.234857888601825771e+01,-1.136100223548041654e+01,-1.424379382371494884e+01,-1.780801235997662957e+01,-1.406661208718011125e+01,-1.392466586453670274e+01,-1.595046730468380503e+01,-1.279413411247276144e+01,-1.187339593801444693e+01,-2.156858882866542615e+01,-8.660150245062926189e+00,-1.150914733885120000e+01,-1.525316805542304266e+01,-2.278536984456367520e+01,-2.963779762469662771e+01,-2.711178269386971706e+01,-2.751226043439965352e+01,-2.085333491313044618e+01,-9.016706681172097504e+00,-1.109010390145767033e+01,-1.701604061630226283e+01,-1.918889802599776218e+01
-2.254770344502411561e+01,-1.629092106598393030e+01,-1.082811327920018130e+01,-1.702767055971401788e+01,-8.097140297154831856e+00,-1.172088247616447276e+01,-1.541171461733271286e+01,-5.807846923092036207e+00,-9.332596464422007188e+00,-1.605809528810161879e+01,-1.432080370011770398e+01,-2.402527487715337884e+01,-2.003234143070528361e+01,-2.602172724141320259e+01,-1.810955617897674941e+01,-2.062897693785100017e+01,-1.741824354318571011e+01,-1.618485783785316556e+01,-9.035192222557466124e+00,-1.549894831302419362e+01,-2.643418708677392459e+01,-1.538570597053945477e+01,-1.992257077387860420e+01,-1.388564172885233639e+01,-1.025753902954014585e+01,-1.056213494995818891e+01,-1.616798726221445293e+01,-9.607025798214031909e+00,-1.594385472722393438e+01,-1.622547483195877760e+01,-2.984983544880915218e+01,-1.838503531691108606e+01,-1.428706185736751166e+01,-9.659991863930887490e+00,-1.027108735815959051e+01,-1.170083007485912674e+01,-2.836462365734859858e+01,-2.947564618010093795e+01,-2.913237023665378445e+01,-2.736518870214273846e+01,-2.276082478712290325e+01,-2.636013041400108747e+01,-1.703944035004695223e+01,-2.169845506532806212e+01,-1.917957985944798693e+01
-2.241388151184613520e+01,-1.155678839647136158e+01,-8.254664560045183563e+00,-1.676012460282302641e+01,-1.464434271098559392e+01,-1.413713139686132081e+01,-1.121665270837513972e+01,-7.205290352448843194e+00,-7.994932054290431189e+00,-1.685014310059220577e+01,-1.824892025766078518e+01,-3.285290510595302749e+01,-2.776859340543545684e+01,-2.487950829508739048e+01,-1.300626648514569261e+01,-1.314138778315918188e+01,-2.208729606699546011e+01,-1.222389770319517410e+01,-1.422723397565386172e+01,-1.344781485742024785e+01,-2.223436259591346698e+01,-3.221326684446755451e+01,-1.492747701238074498e+01,-1.704891373670713506e+01,-7.415599320673776695e+00,-1.545500636233048120e+01,-2.012057724124134950e+01,-1.000240123935785164e+01,-1.239685272648052994e+01,-9.580245045866906395e+00,-2.351237285641649066e+01,-1.910217723016739200e+01,-1.090771876964570630e+01,-1.751361560793795391e+01,-1.047308940217031470e+01,-1.792563676108182591e+01,-2.390922687166627014e+01,-2.951028976315880925e+01,-2.148371258931970829e+01,-2.301126487483685423e+01,-3.373073718187063008e+01,-2.026461590352256792e+01,-1.604977148028705969e+01,-1.815586669540102349e+01,-2.248514468840245684e+01
-1.500214848493239828e+01,-1.224100239084160435e+01,-8.241645065707846385e+00,-1.329318640054764522e+01,-2.083605641419317323e+01,-1.360460996376726861e+01,-9.783684444847736472e+00,-1.581772170888915419e+01,-1.458862536518103781e+01,-2.097589772033554567e+01,-2.170686789007951489e+01,-1.467687504250817732e+01,-2.554438107018660986e+01,-1.475303278876118895e+01,-1.655227618111183574e+01,-1.757139132873335541e+01,-2.966762865083053313e+01,-1.723844114525598670e+01,-9.353347739414337170e+00,-1.229394331690678577e+01,-1.529959485570906708e+01,-3.167230337356172853e+01,-1.538563558924497698e+01,-1.122885669180989510e+01,-9.940477230167608980e+00,-1.362680012416972986e+01,-2.321086971973650037e+01,-1.199752373670557581e+01,-9.966811868314561451e+00,-1.268604412353755961e+01,-2.252660859543672700e+01,-1.836052905696897142e+01,-1.521384780475792020e+01,-1.474697678541491896e+01,-1.095045973473444079e+01,-1.208755192726925642e+01,-2.113185681530425342e+01,-2.652300082962959848e+01,-2.724123330545724997e+01,-2.570382094762172898e+01,-1.753848886209870273e+01,-2.316238633331303021e+01,-6.685901791723427579e+00,-1.030220406963709934e+01,-2.943793749964802586e+01
-1.283997623921611364e+01,-1.250041559646529521e+01,-1.019660105486692103e+01,-9.620437925104498689e+00,-2.025201234239737147e+01,-1.262426233606461956e+01,-1.144817223926439631e+01,-1.067359873061689157e+01,-3.008621184242781155e+01,-2.980926406872437795e+01,-1.794202141105432702e+01,-1.812163573457773680e+01,-1.805247812516931916e+01,-1.324472524986125777e+01,-1.682004967211791069e+01,-3.779024724417426029e+01,-2.247477759109141360e+01,-9.844261338612277257e+00,-1.735594617215208757e+01,-1.696477866841987492e+01,-1.405586305271348913e+01,-3.306108840845395491e+01,-1.501429998994091086e+01,-1.033175448272029584e+01,-1.408866934482287725e+01,-1.582255276790779064e+01,-1.477549829032800588e+01,-1.672359296026641928e+01,-1.304495469887814174e+01,-1.117333540245027912e+01,-1.381930581454630769e+01,-1.108389196954481548e+01,-1.626270961882939403e+01,-1.047279902095554149e+01,-2.388857369274421671e+01,-1.135756479628752658e+01,-1.436351808151254161e+01,-2.837484142611024396e+01,-1.968841285783195971e+01,-1.429657073879610252e+01,-9.090509470506997758e+00,-1.259706572561640492e+01,-5.190656175655118609e+00,-1.210413700891620259e+01,-1.802885609633964847e+01
-1.462555596895823840e+01,-2.190706172300825472e+01,-4.120512862647920116e+01,-1.416558024938376192e+01,-1.084449560096853915e+01,-1.609122691645522352e+01,-1.714688831100962574e+01,-1.278547340516600173e+01,-2.196151633688656091e+01,-2.687303007702325530e+01,-1.693894903048146006e+01,-1.495213988265508043e+01,-9.223125754041060276e+00,-2.299860284994577597e+01,-1.773669071856467028e+01,-1.938701321459891247e+01,-1.348292751136508372e+01,-1.259527669216365808e+01,-2.114258977696792741e+01,-1.430620943209262563e+01,-1.380075825806718903e+01,-4.608200371029787590e+01,-1.419141195771744535e+01,-1.132002030850298269e+01,-1.419141491216402251e+01,-2.846958439555923093e+01,-1.246590991637455303e+01,-1.810785902983292317e+01,-3.141359011425920045e+01,-6.861975868032120118e+00,-1.347445791919062152e+01,-1.727203930367009832e+01,-1.109082542753771961e+01,-1.022470621216962350e+01,-1.151090567156925459e+01,-9.069468953556347302e+00,-1.973098168524431628e+01,-2.013005712037658768e+01,-1.838159705555938217e+01,-1.346001041621830474e+01,-9.792135757159433851e+00,-5.576891472465081989e+00,-1.159328152454761884e+01,-2.671706233951763920e+01,-1.258143102531332325e+01
-2.017845551233430967e+01,-1.042754829186410426e+01,-1.533131521427240962e+01,-2.278832472992930036e+01,-8.832256082710102874e+00,-1.683230078831613596e+01,-2.016179660974067289e+01,-1.089914188035005616e+01,-1.009985826695182709e+01,-1.857853601485136608e+01,-1.398772876164112589e+01,-1.553641516822495916e+01,-8.791380486821637419e+00,-1.610552371915351699e+01,-1.610934896469290578e+01,-1.259632233843167626e+01,-1.647682857684495872e+01,-1.309248118595969146e+01,-9.808096577884628076e+00,-1.424100142478963882e+01,-1.489171183868257842e+01,-1.859774536957565516e+01,-1.253888445041100397e+01,-2.129095425272613795e+01,-1.702915749101329013e+01,-1.433531788247490901e+01,-9.477504588366814531e+00,-7.579946538906447984e+00,-1.378656612377584167e+01,-9.076001249594906284e+00,-1.185428221004018567e+01,-1.246538260244927443e+01,-1.191887609866131825e+01,-1.473366107129877101e+01,-1.226338002582269837e+01,-1.622113985162790684e+01,-1.541305149722363588e+01,-2.330216564842633886e+01,-2.024063351953395795e+01,-2.140065862930306650e+01,-1.753046434006801846e+01,-5.493323823874116663e+00,-3.384480111326889329e+01,-1.855781597098280855e+01,-1.374662962484546114e+01
-1.915170713955042814e+01,-1.202612536107099572e+01,-8.171911128218514619e+00,-1.122626371917686505e+01,-1.353358441193014627e+01,-1.109713457058682629e+01,-1.187381544201727479e+01,-1.604140926246763499e+01,-1.142826289477639712e+01,-2.498213710552269262e+01,-1.773611131093917948e+01,-1.001554387650665490e+01,-1.285259871843585877e+01,-1.467111376350659846e+01,-2.022096698541361803e+01,-2.481219630349772132e+01,-1.473479015801756020e+01,-2.344078372476248973e+01,-5.605337495741665066e+00,-2.062008510117010474e+01,-2.778652889909823642e+01,-1.242322814253421548e+01,-3.430607768298117577e+01,-1.858007304734244158e+01,-1.018407508560079044e+01,-1.626820733879171144e+01,-1.460771965704267217e+01,-6.552497152268122349e+00,-2.713576539296777668e+01,-5.743237708719907353e+00,-1.164769283496416996e+01,-9.191710287802958845e+00,-1.274685616576558544e+01,-2.524787788219689588e+01,-1.945525987483077301e+01,-1.711471527655690039e+01,-1.418099146910263997e+01,-1.995699090809917919e+01,-2.335934208331076789e+01,-3.344441954943201978e+01,-2.046451361292080406e+01,-8.785183806377538929e+00,-1.829018130732655578e+01,-1.210193685188098911e+01,-1.977333210128277585e+01
-3.059572593702494103e+01,-1.586351174045396917e+01,-7.467169661947692383e+00,-8.119122836494623741e+00,-2.253229738067945220e+01,-1.199773030161086496e+01,-8.790168803246244167e+00,-1.290437464639755838e+01,-1.237933435755922140e+01,-1.389243427600985825e+01,-2.466224273144409196e+01,-1.177543857467315291e+01,-1.194104611135185223e+01,-1.967777684334535238e+01,-1.922076908508896054e+01,-1.711678312621437925e+01,-1.329290445678281785e+01,-1.231144623017615913e+01,-1.241308555462926932e+01,-1.628623928237242069e+01,-2.539425670226721365e+01,-1.783924574223594561e+01,-1.382125279744369806e+01,-7.174269971068288676e+00,-2.040421273354044018e+01,-1.454138184234960995e+01,-2.127263529572790546e+01,-8.730707459426692907e+00,-1.057825950981197138e+01,-6.342061301468739920e+00,-1.200955837849068963e+01,-1.080213344899557448e+01,-1.280336321929858734e+01,-1.674979101930371783e+01,-2.887708199941478426e+01,-1.524545089156236699e+01,-2.864104739229212626e+01,-2.017672761206181775e+01,-2.098077209115926678e+01,-2.102601314987305869e+01,-1.313384266015124169e+01,-1.818821909253458102e+01,-2.441285067879008608e+01,-1.239811642656970747e+01,-2.467627916927400022e+01
-1.652968884329701638e+01,-1.910495376191827432e+01,-1.725542752159207893e+01,-1.071400862459433156e+01,-3.408033862632174760e+01,-1.280671440776924364e+01,-8.187186721185581106e+00,-1.115570628297595590e+01,-1.037008123980690044e+01,-8.598052020608029977e+00,-1.825807460225684764e+01,-2.506011772999907095e+01,-2.532717862521296937e+01,-1.520135409706274743e+01,-1.854535220728371314e+01,-9.189688550847098014e+00,-1.189640917265591824e+01,-1.840355658520498849e+01,-3.068112962995204640e+01,-2.482388169875293471e+01,-1.424602012044261734e+01,-2.247846501001419384e+01,-1.577447175280049052e+01,-4.546471037211720301e+00,-1.069319213368141064e+01,-1.372445254631526979e+01,-1.578342222014554430e+01,-1.249080287228471597e+01,-1.776322173167823948e+01,-1.555472636245949225e+01,-2.689236049680427598e+01,-1.934780007977954241e+01,-2.023597844879206065e+01,-9.162101425320885895e+00,-2.314627472931470109e+01,-1.223911997724708556e+01,-1.704719466233841985e+01,-1.830016502858626382e+01,-1.959641915451889105e+01,-1.374852961837298615e+01,-8.625301853599502522e+00,-2.722640115807410410e+01,-2.858433167815842069e+01,-1.806955814233498714e+01,-2.067055238094278380e+01
-1.654111956085337809e+01,-2.267123393581218593e+01,-2.687925704443344443e+01,-2.343530591398511120e+01,-1.586702808051244418e+01,-1.495373752585191340e+01,-9.532416515559903658e+00,-1.317367455222394312e+01,-1.652545361304613891e+01,-1.336913880105767660e+01,-1.341263494434332060e+01,-2.299418914930521396e+01,-2.334490379376998703e+01,-8.176446952755723530e+00,-2.257563247317365551e+01,-7.303767844772951712e+00,-2.176249280366565486e+01,-2.202821916083359000e+01,-1.988007442444298078e+01,-2.650970371078047805e+01,-1.625209050210063921e+01,-2.159146812416071626e+01,-2.752586183501617256e+01,-1.294102796335496741e+01,-1.445789773516435162e+01,-1.614719396055492950e+01,-8.300692380237839174e+00,-9.476571644505657588e+00,-1.038965847664573872e+01,-2.186374253227157993e+01,-2.489323702868035326e+01,-4.210501696668784177e+01,-2.347667510333659280e+01,-8.056896871365603729e+00,-1.203507534211320262e+01,-2.419701070412870081e+01,-1.443043958402728144e+01,-1.928226841634682032e+01,-2.435153432429031284e+01,-1.747035789798217564e+01,-6.867191371700207547e+00,-1.667264907343698610e+01,-2.624270298032307736e+01,-3.303976797447695191e+01,-2.519044837574888973e+01
-1.781517972868664401e+01,-2.696409849059854480e+01,-3.309387898681784890e+01,-2.128372604621727149e+01,-8.869110926081193114e+00,-3.263486308727622287e+01,-1.002984569228254941e+01,-1.253899245890186798e+01,-1.623625591959034864e+01,-1.481763874813833581e+01,-1.582879553249127547e+01,-1.235065125745643044e+01,-1.534775181980830894e+01,-7.409785785309067840e+00,-2.359588740715432209e+01,-1.595599027870221853e+01,-1.317008674008306635e+01,-2.432084647216765916e+01,-1.378189129297710025e+01,-1.118097217361106566e+01,-1.634690685273181643e+01,-2.778461252403973702e+01,-1.221991339914169039e+01,-1.900302536944478149e+01,-2.852048067622975225e+01,-1.388842284981714137e+01,-1.142204673019085348e+01,-8.629357715928453132e+00,-6.668243094692152262e+00,-2.060470892860841019e+01,-1.950679456397201861e+01,-3.729651606765192895e+01,-1.820794259694064365e+01,-2.346191562808801478e+01,-1.971162465871860903e+01,-1.632139011401579509e+01,-1.549893007116567922e+01,-1.811123393988941288e+01,-3.216922185596779116e+01,-2.118306628844923267e+01,-5.200743889930972585e+00,-9.248508055618687607e+00,-2.890065551124486021e+01,-2.919611129381050318e+01,-2.880663018165005695e+01
-1.329345525877925915e+01,-2.971763497064040394e+01,-2.155640448679736210e+01,-2.065000009970687955e+01,-7.531755986525501712e+00,-2.591747723597843844e+01,-1.223781462228444283e+01,-1.136955711515199141e+01,-8.725365921730357854e+00,-1.762734599562471161e+01,-1.907645291663385478e+01,-1.016827777826340196e+01,-1.519794626448078567e+01,-1.097264660143167525e+01,-1.469788749643553061e+01,-1.439140579382139684e+01,-1.401860113233013472e+01,-2.297934475912772356e+01,-1.302907781624552719e+01,-1.346020249805186531e+01,-1.455901878594742982e+01,-1.214852867118096924e+01,-8.346076229371032440e+00,-2.098993903828568364e+01,-3.494060460887602915e+01,-2.780596569026293707e+01,-1.206893192016880079e+01,-9.182984003981131238e+00,-7.198689537614249012e+00,-1.188266426293460576e+01,-1.961986770472562824e+01,-1.763139797590334723e+01,-1.753793197283414074e+01,-9.677935556013375518e+00,-1.387718967097928058e+01,-2.156412466723499222e+01,-2.329425305104888011e+01,-1.754579850030564359e+01,-2.671834149929591362e+01,-1.714798466265254362e+01,-4.560436855192119054e+00,-5.731975580969087325e+00,-2.018508519762594844e+01,-1.805908162833019759e+01,-2.068618764399626286e+01
-1.061590515170720295e+01,-1.818108972540586876e+01,-1.218643252934319321e+01,-1.950127725789828048e+01,-8.966417213599447322e+00,-2.154577200333374165e+01,-1.089026240928725464e+01,-9.049391750064373241e+00,-1.120537594768848066e+01,-2.376340809292722867e+01,-2.256319186414290812e+01,-1.742786264282443298e+01,-2.060179090883983832e+01,-1.282811778948390646e+01,-1.467114135409665465e+01,-1.621996591526816545e+01,-1.394679836421789432e+01,-2.770251859569913222e+01,-1.002822816046837495e+01,-1.473022352768484744e+01,-1.565797758842554188e+01,-1.475141796819683826e+01,-1.509475102777290090e+01,-2.026329206162959906e+01,-2.420256441189584962e+01,-1.277251050622303552e+01,-9.800997799447845438e+00,-7.249418751712458864e+00,-1.114967487760787890e+01,-3.822985181689890766e+01,-1.474529333860907343e+01,-1.279517853366476565e+01,-1.522899699597284950e+01,-1.066233035002718488e+01,-9.914950599353614891e+00,-1.743956904463325941e+01,-1.820198229311390747e+01,-2.470648809502016618e+01,-3.217047610414002179e+01,-1.629567951409458004e+01,-8.990355999873571591e+00,-5.524892257345147328e+00,-1.708577156015920551e+01,-1.615467648743442908e+01,-2.040456943756479546e+01
-9.507972189560945253e+00,-1.049764370187232565e+01,-1.716639317227836870e+01,-1.146650269736981365e+01,-1.086071009025349099e+01,-2.093714905700804962e+01,-1.076185570357889887e+01,-7.552432809301112826e+00,-1.664237358711093151e+01,-1.266968352095794970e+01,-1.745086493750385159e+01,-1.976198463986936460e+01,-2.308665782942368594e+01,-8.098379765862377511e+00,-1.951522908177472715e+01,-1.811292030767189232e+01,-2.773518160027705548e+01,-3.203927080883408252e+01,-9.363901977816446731e+00,-9.772799424666676060e+00,-9.123868813368341435e+00,-1.626109098525228802e+01,-1.913017010976965082e+01,-3.664715782369676589e+01,-2.209863365391289491e+01,-1.471786745159286269e+01,-1.157493823685419088e+01,-7.834256201757927585e+00,-1.031053893732995341e+01,-1.175217527814481500e+01,-7.615918349592163850e+00,-2.529927193667949581e+01,-1.369893870167670613e+01,-2.458601099576075200e+01,-1.502270684571481851e+01,-1.025130559262830410e+01,-2.029580453132918194e+01,-3.672358957235638854e+01,-3.309347869277222998e+01,-2.016405269467867001e+01,-2.770639279467590654e+01,-6.199622997883472486e+00,-1.967800877910242008e+01,-1.924045055819964389e+01,-2.817022354497212433e+01
-1.018171471952115503e+01,-1.811678117245979536e+01,-1.225327017375250627e+01,-1.447121704875009485e+01,-1.903827583111082333e+01,-2.628655911465207140e+01,-1.587616408553052416e+01,-1.757180876022488292e+01,-1.203985817751228105e+01,-1.175502391696925386e+01,-1.243813253148990050e+01,-1.478687064973206589e+01,-3.976937633404644146e+01,-1.044055644314195064e+01,-1.078650123182575804e+01,-1.130819639544917266e+01,-1.517074975553601668e+01,-3.044090603569532405e+01,-1.755803524213295574e+01,-8.545811636273882073e+00,-1.176912053342050157e+01,-2.039735196357310087e+01,-1.557799828883100091e+01,-2.962196788406505021e+01,-2.553877493574482216e+01,-2.268848367055612414e+01,-1.441834871901290427e+01,-1.266060208427096256e+01,-1.728202574325979768e+01,-1.920078711810414163e+01,-1.037102638439270308e+01,-1.633503358706482800e+01,-3.763920764186569556e+01,-1.642285869996076997e+01,-1.964946583668312030e+01,-1.635507027332415930e+01,-2.016861460705674602e+01,-3.016792690660059506e+01,-2.584881007413939003e+01,-2.692441205820276195e+01,-1.830654205643313759e+01,-1.234541113670134571e+01,-1.075181575580478821e+01,-1.650317205025929113e+01,-3.916152318258100706e+01
-1.417968082464067692e+01,-1.473205808532067884e+01,-1.684551518986786078e+01,-3.004417822924622783e+01,-1.246712781508924195e+01,-2.418378833107679782e+01,-2.045099945446931500e+01,-2.713166292023371540e+01,-2.420508498274426401e+01,-3.903796402574867130e+01,-1.420823719000898677e+01,-1.601388652127688417e+01,-2.177191668868916352e+01,-1.484567070661432808e+01,-1.234379912557240822e+01,-2.354507658555618477e+01,-9.184596804569428841e+00,-1.511740096134978373e+01,-1.486074608564832644e+01,-1.483093100757475291e+01,-1.764111457615250345e+01,-1.370356187855615815e+01,-1.692473377033243054e+01,-3.116989265129188880e+01,-2.167514945893008971e+01,-1.405390248758637206e+01,-1.191664328902953329e+01,-1.035504768319799851e+01,-1.794125999980420261e+01,-3.051663675705008671e+01,-1.849351680205479198e+01,-1.921166356610783765e+01,-2.385318726059251659e+01,-7.503865044854737043e+00,-1.242180585398824100e+01,-2.014656592014578607e+01,-2.579008290903654910e+01,-2.732829366905596302e+01,-2.456333069171061823e+01,-2.014949133236892820e+01,-2.287587008191939830e+01,-2.378046112899802011e+01,-1.296652324086630870e+01,-1.033899961102144616e+01,-2.786081965167756636e+01
-1.609029978194216426e+01,-2.563667119078429479e+01,-2.242823882007800762e+01,-1.137371015113297190e+01,-1.083192778052396044e+01,-1.147221178860772461e+01,-1.272937111861074300e+01,-2.361373258600824343e+01,-2.773192156544634557e+01,-1.564675881563663751e+01,-1.267053357347668729e+01,-1.693930180917277184e+01,-1.766031019741509311e+01,-1.421094884499545508e+01,-1.238302172952177571e+01,-2.638040718640639071e+01,-9.847523507111009877e+00,-1.232194675488630331e+01,-1.733928688998998524e+01,-2.398803415857768329e+01,-3.804029309033692385e+01,-2.152725716812782153e+01,-2.325257376653048524e+01,-1.899969457697099884e+01,-3.318572950170108271e+01,-1.085515841212234633e+01,-1.147488952690423503e+01,-1.040741503036320914e+01,-1.174040300890431432e+01,-2.615058873716137100e+01,-3.993068964850455416e+01,-1.506690685772465521e+01,-1.280702616952863870e+01,-7.651170495789854975e+00,-2.220751226544322421e+01,-2.077826796596939474e+01,-3.453570313551456650e+01,-2.619669993365384286e+01,-1.997124413671696530e+01,-1.850300548564678138e+01,-3.598393137167906275e+01,-2.624236936074700210e+01,-2.176500942812576511e+01,-9.528269251328723044e+00,-2.843054350135809116e+01
-1.255446298693530949e+01,-1.456060466223155103e+01,-1.762639382285730605e+01,-7.964854082449235761e+00,-8.930699240391472671e+00,-7.086606605367411049e+00,-1.369045649566140455e+01,-2.526851728699718436e+01,-1.415963432780413633e+01,-1.240728951277803738e+01,-1.400719830842288793e+01,-2.793701950259095668e+01,-1.110804485399930286e+01,-1.812580988570180196e+01,-1.381658026843150644e+01,-1.425897086091914012e+01,-1.116841446448966835e+01,-1.767932668191395251e+01,-1.982827145886092879e+01,-1.616149092185018077e+01,-1.588334746221610239e+01,-1.929751902488569826e+01,-1.970040041657943064e+01,-1.669532194169836004e+01,-1.069990918401911273e+01,-1.542331403449365190e+01,-1.559957222027717449e+01,-2.275057502729001868e+01,-1.601474552461715462e+01,-2.741107135427092345e+01,-2.986984625710583785e+01,-1.738393541706538059e+01,-2.000895543598910109e+01,-1.448623913138615116e+01,-4.007906990386388912e+01,-2.736712381630729496e+01,-3.241188603022398240e+01,-2.514071133338010355e+01,-2.319276087298426603e+01,-1.722482667147489721e+01,-3.396947601572822606e+01,-2.564158493504074343e+01,-2.628735998545160157e+01,-9.980106734347987896e+00,-2.476198774338959652e+01
-1.596085870079487279e+01,-1.045048574994876134e+01,-1.180074223667013200e+01,-1.311723663340628399e+01,-9.365316699081695617e+00,-1.086954544331298500e+01,-2.146680538770479529e+01,-2.161922831025621861e+01,-1.059621271149141997e+01,-1.531331123078861545e+01,-2.491665104466055070e+01,-1.804260247490618951e+01,-1.552706710393185752e+01,-1.215592769171690080e+01,-2.318774498855770005e+01,-9.182785076665528123e+00,-1.216662084295572299e+01,-1.464124723305194209e+01,-1.705038143303993792e+01,-1.435985180422878926e+01,-1.282006297365676240e+01,-1.046158832279154893e+01,-1.367680137980792843e+01,-2.054397464763096792e+01,-9.726465823644090847e+00,-1.062152908754729097e+01,-1.557562391232045762e+01,-1.461765372481043457e+01,-3.088554944187789175e+01,-1.157249754295098754e+01,-2.010411896769337403e+01,-1.568644526682230023e+01,-1.575655659224691085e+01,-2.211645031529291927e+01,-3.073363153517883362e+01,-3.069246400931137231e+01,-2.501018483532551073e+01,-1.986740069021849564e+01,-2.026150045137097067e+01,-1.977231224573620239e+01,-3.089669934227364934e+01,-2.063714634857920061e+01,-1.108660012799665395e+01,-1.183061325096867122e+01,-2.511349821732849108e+01
-2.666211638464542588e+01,-9.041269996105542717e+00,-1.292457935874759656e+01,-1.590690342890911602e+01,-1.238029362752038942e+01,-2.087561886116659338e+01,-2.040186882447953565e+01,-2.490900133500528568e+01,-1.600187508442431294e+01,-1.821606599738033339e+01,-1.938234534820317378e+01,-1.395521636313104885e+01,-2.398456255355903721e+01,-1.724688734232433163e+01,-1.325354608326461303e+01,-1.087740543334169807e+01,-9.474986338670266406e+00,-1.475352884737033854e+01,-7.565313754491870490e+00,-1.172454108231474024e+01,-2.205643592770096362e+01,-1.279506120217983423e+01,-1.533923299164459841e+01,-2.590148154413340364e+01,-1.887073044337317640e+01,-1.154188713565730495e+01,-1.162854242342952205e+01,-1.462472394817483234e+01,-2.282296934769262009e+01,-1.029865500895847497e+01,-4.359630001939441968e+01,-1.590742471251863144e+01,-1.364808534117029026e+01,-2.945140290973748165e+01,-3.625886811560771150e+01,-1.894002352035914072e+01,-1.719169810582655344e+01,-1.922416241696528161e+01,-1.745034126071666236e+01,-2.292849695360669671e+01,-3.439466492797467367e+01,-1.692179632323544780e+01,-1.123502526485092190e+01,-1.266440816712521844e+01,-2.104907010444483362e+01
-1.718953997947454582e+01,-6.398801481746759556e+00,-1.968406910146566702e+01,-1.064097066038529427e+01,-1.048872244355285410e+01,-8.996403860178491030e+00,-1.668714470290258234e+01,-3.072127920642663668e+01,-3.036865233748523707e+01,-1.605945146621362696e+01,-1.632820052834048496e+01,-1.660247196967407746e+01,-2.328235798618436192e+01,-3.300244952264790044e+01,-1.320006699597107414e+01,-1.077929199721264197e+01,-1.558114262014301943e+01,-1.252206435020689312e+01,-1.052394697836236404e+01,-7.519233169053601173e+00,-1.399966600832083330e+01,-2.019955228599769015e+01,-2.409415998702293749e+01,-2.819560495625736607e+01,-3.690733229071194899e+01,-1.389747898092429601e+01,-1.340769815885722238e+01,-1.973025386824746263e+01,-2.482736606518838229e+01,-1.560638051541286231e+01,-1.150251717167442855e+01,-1.443290142514126373e+01,-2.217455781211910804e+01,-2.528934605280111469e+01,-1.558348706004250772e+01,-1.385800442721943782e+01,-1.628441654545835959e+01,-3.002560081231972333e+01,-2.025307358480976205e+01,-1.904890907408988809e+01,-2.283444518547074864e+01,-1.929523245303858658e+01,-1.433555757516409912e+01,-1.157125390883461691e+01,-1.587140542725285108e+01
-1.513198390772225466e+01,-9.240395161390864587e+00,-1.507732307618984358e+01,-1.773588589071034960e+01,-1.677454946188757035e+01,-7.220963264089345301e+00,-1.298965328664659857e+01,-3.202182554243138668e+01,-3.436908265141050833e+01,-1.432871875704066333e+01,-1.226392668940906105e+01,-1.061003833082987313e+01,-2.241605851306191610e+01,-4.774591226574717240e+01,-1.633703057782193468e+01,-1.095843384104199636e+01,-1.794322558297314174e+01,-9.045104517430878843e+00,-2.051700881694262080e+01,-1.785163037637293471e+01,-1.565906982729549490e+01,-1.022657777010014613e+01,-1.404369609852170520e+01,-2.005993310052792467e+01,-3.526447210113823161e+01,-1.129323092647854843e+01,-1.804510667223377496e+01,-1.552162140123622969e+01,-1.686304408668571853e+01,-1.297041592642931107e+01,-6.673207364706234657e+00,-2.471095229457022668e+01,-3.080473135086313263e+01,-2.501694488732596966e+01,-1.190740448386030614e+01,-2.203277480040043557e+01,-2.123461428166999099e+01,-2.791559544925288350e+01,-2.470701752369589244e+01,-1.357528731175706760e+01,-1.489263401133583642e+01,-1.975609265209203969e+01,-1.067896117704726322e+01,-1.795146287396946505e+01,-1.704711153464507589e+01
-2.832205569408942836e+01,-1.449016809823278962e+01,-1.789149114655259964e+01,-3.471820865428181691e+01,-2.529184978802282657e+01,-1.016812371682389404e+01,-1.070670103582247279e+01,-3.181856291394593583e+01,-2.911883649248537509e+01,-1.978703327092747344e+01,-2.206241812431551708e+01,-1.228099482984062796e+01,-2.539908937306007530e+01,-3.303968980479486817e+01,-1.514878048952966338e+01,-1.302005792243846471e+01,-2.162738354142103603e+01,-2.666910510499031517e+01,-2.293789672215341113e+01,-1.728047655274793115e+01,-1.530581385281880635e+01,-8.980575997875819283e+00,-1.340723254362551486e+01,-1.288853443262112997e+01,-1.392787839764515034e+01,-1.446376642368969101e+01,-2.115078962901348092e+01,-1.260458163551631472e+01,-1.251973895816472115e+01,-1.073812411043268789e+01,-6.689150084351318526e+00,-2.847749641680948329e+01,-2.637420781031308081e+01,-2.528190823764516182e+01,-1.735656506897503704e+01,-1.569614424387294704e+01,-2.304898387341351196e+01,-1.697329292542355006e+01,-2.592206836619101296e+01,-1.463883649582755098e+01,-1.417826603884731362e+01,-2.651158937878530963e+01,-1.797766701229299713e+01,-2.471764726377495336e+01,-1.810198719035274451e+01
-2.764376044405919330e+01,-1.125391648655469545e+01,-1.567622175617355396e+01,-1.804993042178901774e+01,-2.314906883988727060e+01,-1.350451745875173692e+01,-1.364506172405577367e+01,-1.409992130933847321e+01,-2.257951557641375118e+01,-2.713854776471271180e+01,-2.701741498743221470e+01,-1.748889752027432465e+01,-1.302629187484921225e+01,-2.300924320179340299e+01,-2.007935351937422652e+01,-2.504378565940434953e+01,-2.148344074097061451e+01,-1.216633540145166492e+01,-1.062226157551592998e+01,-1.571818171149660337e+01,-1.479566295505320994e+01,-1.383905205400301597e+01,-1.111867824901271717e+01,-8.459420068612553578e+00,-9.707355150666348464e+00,-2.928668181410013460e+01,-1.913901396906465990e+01,-1.225214387159056528e+01,-1.167684801873670253e+01,-2.035372494025916978e+01,-9.265314302598589791e+00,-1.449507038209866039e+01,-1.704676050687273303e+01,-2.645282138060894184e+01,-1.740906198747643430e+01,-1.137726198503498409e+01,-1.687898073538804766e+01,-1.385737608969710877e+01,-3.491814153680046218e+01,-2.283687010702507791e+01,-1.904304878645987387e+01,-2.288676402211770977e+01,-2.086420843025632621e+01,-1.283900053580916634e+01,-2.505221405262501833e+01
-2.056716625486131278e+01,-9.532646125759672628e+00,-1.145287873347108842e+01,-1.062121987755053176e+01,-1.645516057732048765e+01,-1.305235558758468883e+01,-1.671122490240136926e+01,-1.118243788938692163e+01,-1.034167113871260035e+01,-2.153940686906558710e+01,-2.691162916071738920e+01,-8.578763016239298267e+00,-1.302721424827938534e+01,-1.685932454385272194e+01,-3.517030014077213451e+01,-2.755105193137038810e+01,-1.912169174390179194e+01,-1.671922349780119177e+01,-9.341551699851514456e+00,-7.643107390836098247e+00,-1.212083594382640683e+01,-1.528081637917456703e+01,-1.198403725333061942e+01,-9.691313261707827920e+00,-1.021114478536671299e+01,-1.392565014198173401e+01,-1.138986672619866169e+01,-2.168415389589732101e+01,-1.035492860103417812e+01,-2.107257174914487052e+01,-1.207206738446172700e+01,-8.975683065049747000e+00,-1.390602794824278909e+01,-2.313155388634276477e+01,-1.361791266436330083e+01,-1.443146520347453787e+01,-1.737868493023043115e+01,-1.419964371929765612e+01,-3.576381920099134248e+01,-3.881169521386756571e+01,-1.532595734904770524e+01,-1.068542920216053460e+01,-1.312107452066161528e+01,-9.121191309120485258e+00,-1.763537627092634708e+01
-1.942868646192292914e+01,-9.269926451939774381e+00,-8.265021844313976018e+00,-1.505265518191238172e+01,-9.419500006658044100e+00,-9.091894360259097141e+00,-6.341096324479797985e+00,-1.621213983830152117e+01,-8.256548471287191049e+00,-2.870898351732742526e+01,-2.222644620944865324e+01,-1.326397920611906045e+01,-1.630111135112737841e+01,-2.188265539987608577e+01,-2.049419093113523971e+01,-2.260073996846637101e+01,-8.478970156215204668e+00,-1.503410751261467482e+01,-8.265618973219453380e+00,-1.030406081788169459e+01,-1.386596284215703889e+01,-1.447841895542282487e+01,-2.289726668532330223e+01,-1.720030054434100819e+01,-1.838235789596335934e+01,-1.062979286836286263e+01,-1.268860928304480495e+01,-1.154601427114333489e+01,-1.191775984626625551e+01,-2.346733344992289361e+01,-1.383555931597632949e+01,-1.113889027270904997e+01,-1.313969754799007639e+01,-3.498588366077635214e+01,-1.776439799155529897e+01,-6.945744934373023760e+00,-1.566110408877978522e+01,-1.691298211921399641e+01,-2.962649125419602214e+01,-2.039828671296853102e+01,-1.236596507037150872e+01,-1.229950211025624540e+01,-1.342840710889415945e+01,-1.541473300274278024e+01,-1.350336961632188704e+01
-1.629297876830944958e+01,-2.109820722511109992e+01,-1.834450398277076388e+01,-2.323941309593669757e+01,-1.283331419432621345e+01,-1.138867340634530656e+01,-4.172194434064532054e+00,-1.159353262851015387e+01,-8.413778232299744531e+00,-1.668726519566019206e+01,-2.557882924232638544e+01,-3.148687507322814128e+01,-1.108843995778618918e+01,-1.462351730771560909e+01,-1.553839582412266118e+01,-2.834481797911228895e+01,-7.536385385659901459e+00,-1.603903745161978378e+01,-1.207528142974689089e+01,-2.960073426863537804e+01,-3.854297320580262465e+01,-2.222999449842340525e+01,-2.151916149017478830e+01,-1.514403232514082021e+01,-1.416361378082287104e+01,-1.980726257861651618e+01,-2.136779254857423638e+01,-1.487818780444978550e+01,-2.739484260177310304e+01,-2.469481121519619649e+01,-9.761887155787224657e+00,-2.196426278507377461e+01,-1.437895354878854270e+01,-2.569495153220637462e+01,-1.056828591505238002e+01,-1.387495649549834198e+01,-1.495047611735824233e+01,-1.840472459159578378e+01,-3.650688732801248193e+01,-1.320005051384196904e+01,-2.268238874090817703e+01,-1.703496670192407336e+01,-1.763016474511348974e+01,-1.591547244412660689e+01,-1.529845887347067013e+01
-9.357400643046682731e+00,-2.379551984325004454e+01,-2.317879411930385913e+01,-1.259395119626859127e+01,-1.935434414388111790e+01,-1.430780114869009267e+01,-5.364369147559981954e+00,-1.362680871652063530e+01,-7.464576591222589208e+00,-1.662414205126326294e+01,-2.676020666956589622e+01,-2.746587270239644596e+01,-1.943742329975048122e+01,-1.313092514214455164e+01,-1.441310688091107117e+01,-1.716439647898047838e+01,-1.029934494106045406e+01,-1.417503794636864356e+01,-1.594558961985125833e+01,-2.598060950148504133e+01,-2.679077348612696952e+01,-1.680689773528713005e+01,-1.878424872049097871e+01,-1.658235614627713872e+01,-1.314848302235438737e+01,-1.935108176057601526e+01,-1.172604291929434694e+01,-1.436808399761651955e+01,-8.313911435439170106e+00,-1.697277028920621333e+01,-7.925803185941231455e+00,-1.878518248489088904e+01,-1.891618333830819765e+01,-2.646372676553367498e+01,-1.010665759261391905e+01,-1.170668873853473890e+01,-2.272174212827795969e+01,-1.593558119215618696e+01,-2.767568356135787155e+01,-1.497711166769506974e+01,-1.098059927486887410e+01,-9.959069145429838343e+00,-1.322524754163928051e+01,-1.348043941473850893e+01,-1.581981107707546741e+01
-9.501029589548704024e+00,-2.081094437491570659e+01,-1.829686338685370472e+01,-1.157734164928824327e+01,-1.089766414858392451e+01,-2.189253462357797630e+01,-9.287380190308462957e+00,-1.450327060080885566e+01,-1.135222217688585111e+01,-1.431562537678006741e+01,-2.103746411612577560e+01,-3.475305512254295337e+01,-2.479556779200201433e+01,-1.044955935339986830e+01,-1.008457088265678081e+01,-1.346211197439402696e+01,-1.930832991683509903e+01,-1.339467360738834856e+01,-9.917631353561581875e+00,-1.201075096600229841e+01,-1.660186780556011144e+01,-1.406500444846551900e+01,-1.821219079231551774e+01,-2.167453866946959096e+01,-2.152174777856679100e+01,-1.222035286112882346e+01,-9.863506347059523449e+00,-1.212136670904226321e+01,-9.207483301577935819e+00,-4.031744928793354887e+01,-8.761936954360407981e+00,-1.481836758163938406e+01,-1.826571168022746861e+01,-2.995549938137789781e+01,-1.693020293279606392e+01,-1.124575436108199433e+01,-2.041738245647524153e+01,-1.498317805965553084e+01,-3.144988112829291893e+01,-2.733652229918318355e+01,-1.448279889929013819e+01,-1.859397038626778809e+01,-1.113808631401377092e+01,-1.121696507102137197e+01,-1.642712236208824805e+01
-1.247418498214773841e+01,-2.953367453853034874e+01,-2.058031067836126482e+01,-2.186339849786914158e+01,-1.237858414233543058e+01,-1.183285609750412526e+01,-9.998963190279727797e+00,-1.448137941194143608e+01,-2.110324394256162250e+01,-8.639378246892167823e+00,-2.163524918889962478e+01,-2.463539920357596458e+01,-2.090903794097066637e+01,-1.167404390310231221e+01,-1.469538790646856796e+01,-3.164604187425463522e+01,-1.740297582016378541e+01,-1.815161347732291830e+01,-1.081341203168018694e+01,-9.331749468585153195e+00,-5.764648064581195719e+00,-1.709989173233167392e+01,-1.887613577517302232e+01,-3.055656732255290819e+01,-3.563698309602964542e+01,-1.033953850278252418e+01,-1.700906770248515443e+01,-2.608256934144129602e+01,-2.301820424902504669e+01,-1.636750671965996418e+01,-1.501977049404043996e+01,-9.156546661703067969e+00,-1.598803815545285190e+01,-2.971852009421291285e+01,-3.139057502672095268e+01,-1.663775543977547144e+01,-1.835626776374956393e+01,-1.592641317622572572e+01,-3.103344505183623880e+01,-3.294379055504550280e+01,-2.327076518680103590e+01,-2.729944936755947538e+01,-1.439468776071436018e+01,-1.119149961421523010e+01,-1.916801378915802090e+01
-1.412994695903537945e+01,-2.246782548011916703e+01,-2.715957321945600711e+01,-2.709129712633865950e+01,-2.432848067556334115e+01,-1.173106531982248768e+01,-9.796025320839319761e+00,-1.333273729139962782e+01,-2.246695262409894411e+01,-1.377000952909773446e+01,-2.253444232424697802e+01,-2.156668119919067550e+01,-1.148147209685997794e+01,-1.131733146592832817e+01,-1.307269484014616445e+01,-1.186333371926405533e+01,-1.209441230091709407e+01,-2.394108164076684631e+01,-1.097346748685311724e+01,-1.199732411253671138e+01,-7.032679270493963131e+00,-9.465800869873913115e+00,-1.098378470574845345e+01,-1.244002868368180081e+01,-1.195796567744802097e+01,-8.216169050719871692e+00,-1.476475543981558758e+01,-3.221116428585096259e+01,-2.763866753451851110e+01,-8.932615374971934585e+00,-2.671749878015281610e+01,-1.373343947396481823e+01,-1.776692536762732644e+01,-2.959919412542919304e+01,-3.870586979910977732e+01,-2.624305850324667233e+01,-3.364222359875471113e+01,-2.222470140302797148e+01,-2.073405068938345508e+01,-2.862799998368087628e+01,-1.789649628136102422e+01,-1.589347121388324524e+01,-1.058534510640424742e+01,-1.315327078292035523e+01,-2.167760227497176118e+01
-1.681550411936456157e+01,-2.330955228230705245e+01,-3.237868890095337804e+01,-2.807995379334347419e+01,-2.929748256326133671e+01,-3.377811302028399609e+01,-2.031657149409569740e+01,-2.162437093484598805e+01,-2.198234876307584429e+01,-2.993296832805783225e+01,-3.001993925351975179e+01,-3.147480590384024168e+01,-1.391163807833638089e+01,-2.631132024014859994e+01,-1.006194806081938609e+01,-1.245086294600810284e+01,-1.810382675683097276e+01,-2.043211560928238057e+01,-1.248433017183347005e+01,-1.934120992380730542e+01,-1.348275721839532260e+01,-1.906678249034301587e+01,-1.462378250213370734e+01,-1.074245960072460448e+01,-1.075903766657049232e+01,-8.677013928323029646e+00,-3.000462559018826880e+01,-3.291914386505176537e+01,-3.320551602449140205e+01,-7.098377262912199726e+00,-2.035470718716812044e+01,-1.835165115969792993e+01,-1.974504488369061050e+01,-2.290872951849894790e+01,-2.486880277785682125e+01,-3.119817468914759928e+01,-2.575776757870794853e+01,-2.611307074025639707e+01,-2.076937296436834757e+01,-1.634628270976780229e+01,-1.936330614342871215e+01,-1.054139641063777688e+01,-1.288284165814375015e+01,-1.592476859701036673e+01,-2.476997094615944306e+01
-1.826602835473843811e+01,-2.516757292171561033e+01,-2.649842915428201806e+01,-2.095242941895895683e+01,-2.225192096879734294e+01,-1.508045963753603935e+01,-1.352402065921930863e+01,-1.201952751258552610e+01,-2.132461533997751246e+01,-3.409626933712991104e+01,-2.276864032761571011e+01,-1.670362232766341393e+01,-1.963328969752101116e+01,-1.414753871362572113e+01,-7.722286474757699359e+00,-1.338542966126933820e+01,-2.425549260372478955e+01,-3.138605158654436167e+01,-1.236113560502034403e+01,-1.144423596019366229e+01,-7.161164550221973180e+00,-1.433309349578279779e+01,-1.116288541433178239e+01,-1.619774851169989560e+01,-1.940305092614094917e+01,-1.563367704397744085e+01,-2.004282091576427760e+01,-2.186069111752959770e+01,-2.057338725617877984e+01,-1.204725301713439123e+01,-1.140062713605605360e+01,-1.602618723021323888e+01,-1.931531663250800079e+01,-1.235585942580625840e+01,-2.362036134303353663e+01,-4.201529491859147925e+01,-2.330114272733338154e+01,-1.819899714351434028e+01,-2.676019292826250151e+01,-1.303458319728089521e+01,-1.102934865893039529e+01,-3.226954126496841013e+01,-9.440457305678020106e+00,-7.162499138122011999e+00,-2.764970883488329179e+01
-1.427974587455725519e+01,-1.898860387219554724e+01,-1.798196803388993459e+01,-9.686868078718237740e+00,-1.308597558761081636e+01,-8.858572423969818033e+00,-1.182808576255289879e+01,-1.388180148988465135e+01,-2.721553920532556958e+01,-1.868385492788653934e+01,-2.026611834917924426e+01,-1.210713592172419339e+01,-9.388091473667101283e+00,-1.377737817495211559e+01,-1.367262287692629030e+01,-1.217355354063044715e+01,-1.747210910330896283e+01,-2.869112985898627599e+01,-1.229039735279000567e+01,-1.397192599002089253e+01,-1.290214122158296206e+01,-1.383137481715638017e+01,-1.864306771341955482e+01,-1.373967371879547805e+01,-2.267723583535193299e+01,-1.646776945755780019e+01,-1.104836756516108309e+01,-1.135804305021766680e+01,-1.139868916854368486e+01,-1.849667065724652204e+01,-1.689704618797055957e+01,-1.543067704641770277e+01,-2.514139782757062136e+01,-1.300385272441320339e+01,-2.326180078573957388e+01,-3.029915843161026601e+01,-2.234154700126861925e+01,-2.017284884658126742e+01,-2.272323571074804249e+01,-1.429520270393498294e+01,-1.375769415314901423e+01,-1.015123787496368024e+01,-1.723163103824064990e+01,-8.660100524138364619e+00,-2.582425759491344053e+01
-2.061110058870313111e+01,-1.164478892053659465e+01,-1.110311408682858314e+01,-6.301436059423241254e+00,-1.466343618625298539e+01,-9.089188218949168174e+00,-1.335189874787027264e+01,-2.920083877688755436e+01,-1.077546700483191167e+01,-1.117187851686007960e+01,-1.533735626597251667e+01,-1.257561243070772861e+01,-8.101077792175303216e+00,-1.638492422398750392e+01,-1.304918215339830390e+01,-1.305757070011342691e+01,-1.180304774176694060e+01,-1.472779946327016809e+01,-1.230148831607892745e+01,-1.270530994951796266e+01,-1.046307379921427483e+01,-7.497341300932606423e+00,-3.755510076758699256e+01,-1.635124269193374147e+01,-1.100455322105179690e+01,-1.076372713405967119e+01,-1.119669453708814189e+01,-1.101962066830423481e+01,-1.160657645704737817e+01,-1.131563539978782984e+01,-2.429067281134195611e+01,-1.781475743621842156e+01,-1.597093557949662923e+01,-2.596480191731739140e+01,-3.748551223837340984e+01,-2.978454350147254814e+01,-2.784742475110522975e+01,-2.616829999800584972e+01,-1.987045384213678290e+01,-1.893880657389485123e+01,-1.810391995626910600e+01,-1.785979538331996608e+01,-1.116120215171726571e+01,-1.302606714061515092e+01,-1.781463379987405204e+01
-1.787855963762413936e+01,-1.437486118863832552e+01,-1.788128431897288095e+01,-9.522701101581072081e+00,-1.822449799063518938e+01,-1.286785032157617792e+01,-1.155081926745929621e+01,-2.082501187821891619e+01,-8.516420587834968359e+00,-2.993164809528472503e+01,-1.010674530956885775e+01,-1.130731901826231223e+01,-1.171771076023620672e+01,-3.310558988018059523e+01,-1.253821568061886182e+01,-6.886603510726586386e+00,-1.483993954046675157e+01,-1.050200501757018756e+01,-1.481291557128569636e+01,-1.234479577493342717e+01,-9.217582951152348159e+00,-1.228276797046666857e+01,-1.360586135246090933e+01,-1.313952257052462436e+01,-1.441354669001741406e+01,-1.584818102164184772e+01,-2.109130656696301642e+01,-1.705529626953675404e+01,-1.638944720702379243e+01,-1.061708777700166806e+01,-1.945143333212066850e+01,-1.650940453401386776e+01,-1.184239336810606247e+01,-3.447861732923603029e+01,-3.452192151818217525e+01,-4.420886454805188492e+01,-5.015084910346147495e+01,-2.990322450915589769e+01,-2.193298049856365139e+01,-1.609958594743509508e+01,-1.682977768732827428e+01,-1.668881751433284322e+01,-1.524950698429521623e+01,-1.068667104588563532e+01,-2.001330641761133222e+01
-1.202976230645294464e+01,-2.367866816391425289e+01,-1.731367671929054097e+01,-1.079283428302416681e+01,-9.676911812722869044e+00,-2.942641072590241080e+01,-1.773971734050790161e+01,-1.069276895580998499e+01,-1.288477768412052349e+01,-7.006654592009905258e+00,-1.151319922504779036e+01,-1.499650143934587554e+01,-2.253141634594559051e+01,-2.684723244679620890e+01,-1.558235157181293573e+01,-8.572596709763688594e+00,-1.370011756721446083e+01,-1.649956505424777475e+01,-1.353095596085142205e+01,-1.248961742283950827e+01,-1.138937598880757562e+01,-2.828594011324060986e+01,-1.353233632972599665e+01,-1.370419889048680062e+01,-2.964840169802551273e+01,-3.096614027627099475e+01,-2.423332357314897934e+01,-1.583420330432939238e+01,-1.172480420560781411e+01,-1.915500826532655054e+01,-2.041543075785530093e+01,-1.572759409364076433e+01,-1.392031387680060028e+01,-2.775528987645497736e+01,-2.613607810230331552e+01,-2.456670521332344492e+01,-4.571519814325882436e+01,-3.586651727785594090e+01,-2.678574476877573574e+01,-1.283298610111749483e+01,-1.210613736482408243e+01,-1.637061680000898178e+01,-1.491463763903946749e+01,-1.371771478888149431e+01,-3.511513330985420112e+01
-1.094742939924234548e+01,-2.672232624358858288e+01,-1.157823575786561321e+01,-1.329291669144739352e+01,-7.719471823349555173e+00,-1.755427971587761249e+01,-1.251507407719503817e+01,-1.230437536747141003e+01,-9.631214971370846811e+00,-6.301562667589134747e+00,-1.609901096858839153e+01,-2.067000525922327370e+01,-2.294240140243957882e+01,-2.431394592585382242e+01,-1.423067353196536544e+01,-1.298073439582827149e+01,-1.703819645954065720e+01,-2.223247503924672230e+01,-8.259213092616173313e+00,-1.548169487209923645e+01,-1.180258085376138766e+01,-2.422353332218836997e+01,-2.604283126723171193e+01,-2.633453395218003124e+01,-3.367146912314431972e+01,-4.088301205877907307e+01,-2.761047495565178878e+01,-1.862854814717049834e+01,-1.382448937216185847e+01,-3.822827356194333959e+01,-1.333202609827083940e+01,-2.314616004217170087e+01,-1.142425595162239560e+01,-1.426510139620783590e+01,-1.538512729620491015e+01,-1.649784590091927328e+01,-2.388055537738495815e+01,-3.571021564193071640e+01,-3.213809870185920659e+01,-1.538206453894752812e+01,-1.448578458826985660e+01,-1.200160280891108755e+01,-1.319655108663345899e+01,-1.524790855372039289e+01,-3.852045549206857800e+01
-1.637194269854487771e+01,-2.695150864907287058e+01,-1.046408218181226424e+01,-7.871113442525801140e+00,-1.316455933905962539e+01,-1.030270401059593155e+01,-1.463112318250505339e+01,-2.508678237636343056e+01,-5.152257893016570556e+00,-1.806430592421631331e+01,-1.942982932734635071e+01,-2.105364191507679195e+01,-1.311838894389169141e+01,-2.176822021330463741e+01,-1.841577306989457341e+01,-9.365346283974789188e+00,-9.488982170979758379e+00,-3.379558779887745601e+01,-9.018315653532225085e+00,-9.953717364872050055e+00,-1.129214484730793799e+01,-1.390552054607373123e+01,-1.619938015627451477e+01,-1.472687838597619425e+01,-3.089974791661483167e+01,-1.894315027742743851e+01,-1.938672426797547033e+01,-2.736088759376853474e+01,-2.597875359333779244e+01,-2.288950350563354519e+01,-1.215808551653721636e+01,-8.484408933384148810e+00,-2.569114875744867277e+01,-1.202754734710118356e+01,-8.580479597409446768e+00,-1.142006336127526112e+01,-1.492237878806172802e+01,-2.498601537466208811e+01,-4.389226642377165888e+01,-2.803130361414412519e+01,-1.592605597673085782e+01,-8.630709501779289639e+00,-1.157797057052022183e+01,-1.461574116370734266e+01,-2.732364998411415513e+01
-2.672107607593448009e+01,-3.139478716826002369e+01,-1.336114971453039502e+01,-1.251174163236560943e+01,-2.319524949599992780e+01,-1.334649823167467986e+01,-1.191682733531714078e+01,-1.652448989948866043e+01,-1.554602932772944079e+01,-1.406095762367872481e+01,-2.877282243916231863e+01,-1.759377262333827474e+01,-1.346477622921429251e+01,-2.461548704418641620e+01,-2.644312326905242116e+01,-1.827009284276730483e+01,-1.078311420626596728e+01,-3.289002706629482020e+01,-1.219650664641242876e+01,-8.312664806556318453e+00,-1.013129541000002476e+01,-1.435601601751716849e+01,-1.107208342316476468e+01,-1.439216029225047144e+01,-3.303551864387556236e+01,-1.061194031311296193e+01,-1.268908000252212531e+01,-2.543275337183541396e+01,-3.376280291134387568e+01,-2.708856023761419607e+01,-2.882220688635642603e+01,-8.911247352920499409e+00,-1.448434031069188066e+01,-1.958413574320149309e+01,-1.302418979060045956e+01,-8.723482557031822182e+00,-1.662167057353108746e+01,-1.767836307760610026e+01,-3.408627183326548504e+01,-3.727824274376668257e+01,-1.401691750876620013e+01,-7.230849321838562105e+00,-8.412861578606474211e+00,-1.076154768948236651e+01,-2.033441948302243318e+01
-2.577959118012467243e+01,-2.183525935951004016e+01,-3.033591403808279097e+01,-2.412096780635925342e+01,-1.310885955998255348e+01,-9.596014136234433778e+00,-1.467173037565258653e+01,-1.686282760230877997e+01,-1.172493438808433375e+01,-1.367381916452428747e+01,-3.270057321571731279e+01,-1.669351732438527236e+01,-1.396127885785654321e+01,-2.700278923509220519e+01,-2.486280028004930998e+01,-1.207248049408415902e+01,-2.696544167801602043e+01,-2.321838738073622466e+01,-1.487931822000390802e+01,-1.625949353733707525e+01,-1.071581067770757123e+01,-1.804241409340625069e+01,-1.444238415890850291e+01,-2.113660817821210713e+01,-3.870429899225092640e+01,-1.080359276761280540e+01,-7.470112766192260167e+00,-1.476569364027341535e+01,-4.545555429123420765e+01,-2.623721190493039401e+01,-1.153141424706980800e+01,-1.872453018218490328e+01,-2.240605351817331581e+01,-2.558176872912201105e+01,-1.691711361068961494e+01,-2.074170424311020611e+01,-1.845694084007256563e+01,-2.110740917415260753e+01,-2.794145704179869227e+01,-4.164834963731404827e+01,-1.638215262234650282e+01,-8.824695194551928523e+00,-1.049799923310027339e+01,-8.152026465803448474e+00,-2.193656266362741292e+01
-3.847484986036986498e+01,-1.307985129504499078e+01,-1.265395204063082346e+01,-2.585636425333615307e+01,-1.133373325848662105e+01,-9.151272597769889217e+00,-1.351983068235504604e+01,-1.763865998717454531e+01,-1.346224580150987826e+01,-1.614727615604003219e+01,-1.976142615287435689e+01,-1.606769582347392955e+01,-1.059044594383719051e+01,-1.546755392781253491e+01,-1.180115136403807874e+01,-6.588907402753517495e+00,-9.168886535068011767e+00,-1.010515583359236125e+01,-4.196758453250282628e+01,-2.644127205192392083e+01,-1.690610916142108522e+01,-1.261700281051839312e+01,-1.418207039285530868e+01,-2.987910829127801549e+01,-2.778206719276183989e+01,-1.439999746162488847e+01,-1.035740924181490996e+01,-1.325315613296306871e+01,-3.779089768406727501e+01,-2.594674519327761431e+01,-1.664151326792151764e+01,-1.591162104943744104e+01,-2.995084230421186788e+01,-2.487913618198422938e+01,-1.025772890174232010e+01,-1.246663803565515316e+01,-1.610215606807745914e+01,-3.047881122607570603e+01,-3.177590326549657007e+01,-2.079021953518905264e+01,-1.107282937085609653e+01,-9.281809263457581949e+00,-1.424293080367464093e+01,-1.240793452110478690e+01,-2.449696956297207961e+01
-2.927519501348408326e+01,-1.368743241077137007e+01,-1.212846504462735098e+01,-2.547154383058666482e+01,-1.993941619144944966e+01,-1.488331129285926480e+01,-1.206970731717486700e+01,-1.198179609182126981e+01,-1.216519915378567163e+01,-1.213355245005977778e+01,-1.573098694414930421e+01,-1.527454394550260730e+01,-1.626893582211303269e+01,-1.094595789590188772e+01,-1.376204831476064427e+01,-1.144226532955746833e+01,-9.988747462271302169e+00,-6.709862782010432625e+00,-2.573131697555997022e+01,-2.303107149459862768e+01,-3.771837115899464266e+01,-1.234004599732796592e+01,-1.052677579497348859e+01,-3.134639022315228729e+01,-2.183744802357835368e+01,-1.102146813248559809e+01,-2.665846969645885167e+01,-1.623642285363851556e+01,-2.535685336512788624e+01,-3.239449588912484757e+01,-2.426283261148856596e+01,-1.981697470250084692e+01,-1.284872939020050175e+01,-1.250968082383145941e+01,-2.327980464296057761e+01,-1.627626562070397398e+01,-1.844567124570363603e+01,-3.267098697893501935e+01,-2.184400553340281448e+01,-1.248948577533609061e+01,-7.545560933123653946e+00,-1.940615032599245993e+01,-1.552422774491395074e+01,-1.263132122043821859e+01,-2.026516394991620018e+01
-1.766259214667679345e+01,-1.839781123045363387e+01,-3.056779597178178065e+01,-2.854951998660635581e+01,-3.272895067635955968e+01,-1.047110223816774877e+01,-1.484722152983188792e+01,-9.205872785532475788e+00,-9.239766525623064553e+00,-1.095300025971509328e+01,-9.342985657779712128e+00,-1.410433291299368719e+01,-3.054541712089784866e+01,-1.229627131155447017e+01,-1.893863671976411567e+01,-2.227669391733544302e+01,-1.096012802773389794e+01,-6.500836080347673906e+00,-1.329939094444160297e+01,-1.445427174525807956e+01,-2.073962527221532071e+01,-1.435811914293361724e+01,-8.140781009499516330e+00,-1.894743819396510531e+01,-1.840458807784070316e+01,-1.426506204730481642e+01,-1.757867348876749247e+01,-1.240075636693878813e+01,-2.017193603094116838e+01,-1.129770927107020739e+01,-1.024090549700297714e+01,-1.366089548054100256e+01,-6.570137585651687928e+00,-8.975708916006650995e+00,-1.057732587366056620e+01,-2.091800605122508472e+01,-1.817813208520984247e+01,-5.564128662655406288e+01,-1.690347180046630982e+01,-1.254372938340616805e+01,-1.409395181857963486e+01,-6.513000577927602563e+00,-1.377648081830253446e+01,-6.602059303064437223e+00,-2.506452210368441769e+01
-1.355639649146399961e+01,-1.424392580987532675e+01,-1.011060098787848105e+01,-2.499124125641149163e+01,-1.872640281064604650e+01,-7.063640916460841801e+00,-1.443930789495198930e+01,-2.607545706968543442e+01,-1.820857136224857697e+01,-2.145495663559754718e+01,-1.081090768255293710e+01,-2.316294358734614534e+01,-2.596552486049459318e+01,-1.121167033689852488e+01,-9.983185523088453195e+00,-9.577516620986679996e+00,-1.448723690817414855e+01,-1.032182058075428444e+01,-1.165643469509045183e+01,-1.274111226752394010e+01,-2.256106856239774672e+01,-1.248083483731737076e+01,-9.294784906421813986e+00,-1.153806093580590719e+01,-9.903232664350055003e+00,-1.822000842022800882e+01,-1.108920536851050898e+01,-8.457081196993968319e+00,-1.640750256811489649e+01,-1.294139831789610184e+01,-6.173701084084603607e+00,-1.956383916628530173e+01,-1.167947966856009323e+01,-1.769732829911858474e+01,-1.435959754954822287e+01,-1.123984695930453803e+01,-1.559001102912775494e+01,-3.986810988443760806e+01,-1.713079728821233516e+01,-1.395454828509517142e+01,-9.242848823621255150e+00,-9.020659554126131852e+00,-1.313356994494937702e+01,-1.345986421180368531e+01,-2.138156097778061593e+01
-1.609886463080469454e+01,-1.270290192994200851e+01,-6.456742970370202173e+00,-1.331517315506067334e+01,-9.584118335693496249e+00,-1.500427700102407336e+01,-6.471287440077194475e+00,-1.125036293401466203e+01,-2.255374559185005268e+01,-1.836977346917078791e+01,-1.682518142928647364e+01,-1.452486158186253817e+01,-2.724579853474100233e+01,-1.035833986023796349e+01,-2.497199867791129435e+01,-1.001924203042058181e+01,-2.921187091317559492e+01,-2.070711245815623158e+01,-1.765516599626794303e+01,-1.748416311374974796e+01,-1.213569570081682691e+01,-1.050353273006745525e+01,-1.099239308036463747e+01,-9.818295126541061180e+00,-6.729499025954294389e+00,-2.161188963304088517e+01,-1.322944972485376525e+01,-9.221194411375133626e+00,-2.753232462743927300e+01,-1.088904731683801863e+01,-1.230039263205260269e+01,-1.608346218348113865e+01,-2.573054714331389548e+01,-2.760456024095315541e+01,-3.590399961777795568e+01,-1.443114855645327310e+01,-1.626895757814098431e+01,-2.938224039056779446e+01,-2.078961743684568830e+01,-1.829702924952705700e+01,-7.702861846408807445e+00,-1.856523334181654761e+01,-9.360405191407576098e+00,-1.749429825314885534e+01,-2.289607149014491938e+01
-2.169660445666304227e+01,-1.539218078375511389e+01,-1.351495587470741455e+01,-1.010157941445464935e+01,-1.676755189780078226e+01,-1.353638970369545191e+01,-1.421524859600138768e+01,-1.230570415067666801e+01,-8.625670007073010126e+00,-1.181614393172703004e+01,-1.226591741376096678e+01,-1.452970629089172405e+01,-2.312617105735998990e+01,-1.155625540025059550e+01,-1.192100283539066830e+01,-1.374875678516712618e+01,-2.249294747071505540e+01,-1.497594376372214953e+01,-1.542886923588860881e+01,-8.019089851064526542e+00,-1.380842012895511495e+01,-1.081717561776321013e+01,-1.138204725511862136e+01,-1.062491599278752830e+01,-1.477425917136811861e+01,-1.203693621073643527e+01,-2.944231942978242955e+01,-1.358062367191252129e+01,-9.711873776641892775e+00,-6.851106223644921833e+00,-1.895222945274502990e+01,-2.129706743531272295e+01,-2.180573568271334750e+01,-1.767415441552455135e+01,-2.450254756803047229e+01,-1.564790559069701459e+01,-1.601005832024571163e+01,-1.963224622922465556e+01,-2.572240519417634985e+01,-1.315276327804320999e+01,-2.386796854992821793e+01,-1.480943113185512416e+01,-7.812846773592384331e+00,-1.314845446859179035e+01,-2.828503693045036727e+01
-1.260965657341646917e+01,-2.010083564653234234e+01,-1.876970592253091397e+01,-1.657451969271252779e+01,-1.269660870498292482e+01,-2.130011337918194414e+01,-2.629182010360942456e+01,-2.401383727719697347e+01,-7.974159764695452957e+00,-1.229915199054097741e+01,-1.321155130294366487e+01,-1.319825143069032336e+01,-2.662923836497972019e+01,-1.324076266478706287e+01,-1.061547609223759459e+01,-3.463904959907652170e+01,-2.256725810121551845e+01,-1.181308102420561390e+01,-1.844571864886069790e+01,-6.441324875890113155e+00,-1.239029022442804262e+01,-2.224402401401780338e+01,-1.277762252028083090e+01,-1.233531553511363121e+01,-1.931833972725966220e+01,-7.000130730715845573e+00,-3.137609793437178496e+01,-2.466697898794853572e+01,-9.012259222277435811e+00,-1.644062265390012456e+01,-1.878626513537187748e+01,-2.804923945912146976e+01,-1.409024445013475102e+01,-1.054170078273465450e+01,-1.386709503091959839e+01,-1.860140079280362357e+01,-1.884280264885630629e+01,-1.772230451947540786e+01,-1.902152822037409052e+01,-1.223571008025910167e+01,-9.619511726163022303e+00,-9.305507547326586248e+00,-1.384774018718825594e+01,-1.581772104498217857e+01,-3.208005476150943025e+01
-1.269420907540685661e+01,-1.734499493223275124e+01,-1.831434794228085394e+01,-7.945412059847906328e+00,-7.552733609194137721e+00,-1.201670900790642449e+01,-1.612937818783679944e+01,-2.987423442602738533e+01,-1.514830140574436612e+01,-1.620606448451518844e+01,-1.846748963065123661e+01,-1.884313795317884654e+01,-2.744528371692919322e+01,-1.313610405138795834e+01,-9.962638958763916364e+00,-1.719937822228770230e+01,-1.048675445986522092e+01,-2.695383707512773341e+01,-1.396545553235354475e+01,-1.911059170173831134e+01,-1.288637717640757963e+01,-2.207247382898083288e+01,-1.307064434061984670e+01,-1.168920451166506780e+01,-1.552405132638223861e+01,-1.410311804689205673e+01,-1.496935533982696143e+01,-1.899194483124474431e+01,-1.416744990788923531e+01,-2.102544801006840913e+01,-2.117052098388209913e+01,-1.973068934533283425e+01,-1.266069825898304302e+01,-1.326037837314384404e+01,-1.247127293925828084e+01,-1.338300215015665096e+01,-2.765730268813355153e+01,-2.917677693280838014e+01,-2.042620970972752659e+01,-2.493687219969242008e+01,-1.132985092710220520e+01,-8.869301896552286735e+00,-3.538705584700479534e+01,-2.422169978251837463e+01,-3.614541486287417626e+01
-2.073940231414156088e+01,-2.184977946468939081e+01,-2.144898771506081658e+01,-8.359794517335462416e+00,-1.367042402686458935e+01,-6.034675465805556804e+00,-2.013064061258356219e+01,-2.406377969315670384e+01,-4.184095257502823983e+01,-2.158765680546839860e+01,-2.186830173180075221e+01,-1.713615656527569442e+01,-2.889076354694062587e+01,-1.298860585190347550e+01,-1.197631469226985601e+01,-1.146040399757538708e+01,-1.237219132335299498e+01,-2.282409444320855485e+01,-1.258365346123914819e+01,-8.054476452351623905e+00,-1.053743941702670206e+01,-1.417062454222966039e+01,-1.199016260941563417e+01,-1.354360166009536393e+01,-1.832000699564125412e+01,-1.197936424972409242e+01,-7.264946533123141315e+00,-1.624001322263088909e+01,-2.176214191904463036e+01,-1.141086710876786370e+01,-1.135919018968637850e+01,-1.250219534321661286e+01,-1.242584883123067208e+01,-1.226712597825208739e+01,-1.309098122281247711e+01,-1.443762841566012689e+01,-2.303310904926517466e+01,-3.725897071138311389e+01,-2.174932467487067811e+01,-1.448315447557619606e+01,-8.466301089414255188e+00,-1.202635590534778132e+01,-3.417515809432253349e+01,-3.296027024486544121e+01,-3.589993801621319136e+01
-1.559113746838175096e+01,-1.414727138564389719e+01,-3.115296484533271126e+01,-1.302559954961170519e+01,-1.948097324883945447e+01,-9.684506252652836267e+00,-1.424405868003550424e+01,-1.260586306788888677e+01,-2.239347240200952882e+01,-1.289373759887630477e+01,-1.504922646007457132e+01,-1.242633528364155282e+01,-2.408339994163064191e+01,-1.457148297898684497e+01,-1.014340973064705054e+01,-1.223441173617421285e+01,-2.407081367830897989e+01,-3.211863456189615817e+01,-1.277496810240549685e+01,-9.842792949077182385e+00,-1.416221478029951442e+01,-1.222432863435544093e+01,-1.379348855302446886e+01,-2.296586089133778685e+01,-2.749547878502118436e+01,-1.122243853876836539e+01,-7.291741383657295295e+00,-9.345383190717951649e+00,-2.576984084408152853e+01,-1.218128143553449405e+01,-7.662368565120902808e+00,-1.213196978313530394e+01,-1.264719613870833648e+01,-8.064324797482401053e+00,-1.487898777913389203e+01,-1.110209369970764115e+01,-1.416888963929818246e+01,-1.611487223724873274e+01,-2.062142467595873185e+01,-2.207272611974184784e+01,-1.593611616414324139e+01,-2.784832627625792156e+01,-2.929279429254849632e+01,-3.424455896036609204e+01,-2.942478738017961604e+01
-1.189744590732096796e+01,-9.874435694798595620e+00,-1.200666300266867559e+01,-3.835844013177276679e+01,-2.932887287481939964e+01,-2.745213436004245722e+01,-1.129822478843487943e+01,-9.801255831457256207e+00,-2.852023503403326643e+01,-8.543569197353606981e+00,-1.088236039214253204e+01,-1.401271915694549186e+01,-1.149101163309058293e+01,-9.824148240008865329e+00,-9.058844758923287444e+00,-1.082838748001300289e+01,-2.699019704661271746e+01,-3.867498908422570025e+01,-1.407510892828915949e+01,-1.216216185527157556e+01,-2.984235473266632255e+01,-1.337549127061010701e+01,-1.597893699798836842e+01,-2.631499382729048264e+01,-3.148619356406655001e+01,-2.072263567439544829e+01,-1.040591545613595770e+01,-1.057138314105255361e+01,-1.162174056334655425e+01,-2.681258613130696133e+01,-1.212747164503180386e+01,-1.325269920284757141e+01,-1.361026607451325710e+01,-8.113263358330112140e+00,-1.276207339329859280e+01,-1.275504107706521850e+01,-1.787137948572068424e+01,-1.264323600674137538e+01,-2.029289925902699210e+01,-2.840462454086146948e+01,-2.006721341804340497e+01,-2.120724284442224672e+01,-2.609182571022131469e+01,-4.513913500939278123e+01,-2.570523703385575942e+01
-1.114197026291217085e+01,-1.281203150251699796e+01,-1.134907844720604864e+01,-2.469731078151949788e+01,-2.768185764077185951e+01,-1.820880803526883085e+01,-8.160227358682613286e+00,-9.764838077495504365e+00,-1.991505168584448526e+01,-1.232273333220199163e+01,-8.286845127867065841e+00,-1.418348408504837721e+01,-8.645864408739249996e+00,-7.586492957203527787e+00,-1.223141922298592377e+01,-1.272920246340021144e+01,-2.662437472237141378e+01,-3.463021191294305368e+01,-1.449364220874777054e+01,-1.089838694990124601e+01,-2.500498002397383956e+01,-1.197933072887163775e+01,-1.602290407719721799e+01,-1.934202643382034026e+01,-1.650924275946815101e+01,-2.356188853268149330e+01,-1.252115425232065604e+01,-1.540334667675263880e+01,-7.539946981350730937e+00,-2.127737221706361126e+01,-2.819471393711852869e+01,-3.005104329282566766e+01,-1.466225797342677239e+01,-1.303467483329072429e+01,-6.300891667292630061e+00,-2.936974249148924798e+01,-3.154579079644305040e+01,-1.785316853204668774e+01,-2.152906725987545400e+01,-2.334844566225365270e+01,-1.519654753801876268e+01,-1.162494874183193083e+01,-3.009726753745773564e+01,-2.640109960901463992e+01,-2.116738016549898305e+01
-1.321397421901062508e+01,-1.671621222216123570e+01,-1.420496426426367975e+01,-1.323082093021619343e+01,-1.832148813578350399e+01,-1.414392980055501070e+01,-5.061842596602408761e+00,-1.146308539776718582e+01,-3.490022823708974897e+01,-9.272671212063844592e+00,-1.412783848116251306e+01,-1.559589010037629819e+01,-1.251820496910241154e+01,-1.434839339946982761e+01,-1.368532162122416196e+01,-1.797896563386773749e+01,-2.951029271891650296e+01,-4.269279639225447909e+01,-1.324784123434773164e+01,-1.144417029000330288e+01,-3.198535069467682845e+01,-1.409601072136701916e+01,-1.998027179301610801e+01,-1.853791760884054085e+01,-9.819216355771260396e+00,-2.395244606855847636e+01,-1.648356599599509309e+01,-1.241856958139876355e+01,-9.510429550415983257e+00,-1.496975876029995156e+01,-2.584494036760049340e+01,-1.566429750981417790e+01,-1.223780592061850037e+01,-3.311286183831792584e+01,-6.719384987101363116e+00,-2.338907443220351468e+01,-1.666170430998305463e+01,-3.247103875796796757e+01,-2.761167315706939007e+01,-1.818158293186676033e+01,-1.438790460696619355e+01,-1.300074767331929060e+01,-2.136102966054472319e+01,-1.379613604100735813e+01,-1.686786348218882381e+01
-1.624789933551490506e+01,-1.117089887606660170e+01,-1.807563871385534071e+01,-1.171132431669888163e+01,-1.042764628715773689e+01,-1.526120082040451109e+01,-1.049686390673682723e+01,-1.450577974927165315e+01,-1.688741728966143185e+01,-8.759664476371366248e+00,-1.476673658715090198e+01,-1.051157000112786122e+01,-1.737846280087023132e+01,-1.304285437977661033e+01,-6.602997489855808588e+00,-1.143261772472934545e+01,-2.768263823316753758e+01,-3.326922673194640367e+01,-1.767783445479465598e+01,-1.692243967482308520e+01,-3.187065970794213854e+01,-2.174790015171362612e+01,-2.461596681029277534e+01,-2.060419256650685327e+01,-8.565544346180988811e+00,-3.547419724394825380e+01,-1.220432485628323960e+01,-1.349615566965884916e+01,-1.579855878907298283e+01,-1.110211644196827407e+01,-1.918472641667398193e+01,-1.535957708124381327e+01,-1.237215037583844612e+01,-1.265549200419655840e+01,-8.558341401064321730e+00,-1.231409538918006241e+01,-1.374817284118893035e+01,-3.344942212914917690e+01,-2.047688523600762522e+01,-1.267173245122864778e+01,-1.619970382988227087e+01,-2.480286291113300479e+01,-3.762303653239203527e+01,-1.111710866283327981e+01,-1.620790252535458720e+01
-1.561458032458984668e+01,-8.285701513977384636e+00,-1.974603693844519370e+01,-2.384202753579073075e+01,-1.179381160158442121e+01,-1.493863080407084354e+01,-1.375601893392997610e+01,-9.598653937699545224e+00,-2.458187953066146036e+01,-1.980391278422676393e+01,-1.298814907138440233e+01,-1.022732347503062122e+01,-1.179335196440080402e+01,-1.168090330806703925e+01,-7.164216244567831460e+00,-1.566667773911160211e+01,-2.909878121521772698e+01,-3.759924435855535307e+01,-1.900141001266209173e+01,-1.756664359750640259e+01,-2.685001598605072459e+01,-1.187959467874917863e+01,-1.986171820280780054e+01,-1.864680104137030625e+01,-1.098975801769001137e+01,-2.274662171245561382e+01,-1.234190962202797692e+01,-1.295835045868446755e+01,-1.349552571183587091e+01,-1.500740566994838865e+01,-2.557966467312171943e+01,-1.419278226825158917e+01,-3.113308268701049286e+01,-1.170793151879173877e+01,-1.336662642531716294e+01,-1.386108870817950134e+01,-1.952410123853948321e+01,-3.045817288901437792e+01,-2.229305501243211296e+01,-1.417701291671195740e+01,-1.449611478867695524e+01,-3.211456664923179005e+01,-2.829151146132221584e+01,-1.699381478895316633e+01,-1.926781039719856636e+01
-1.251340992198894675e+01,-9.890050947053028452e+00,-1.087185598695258903e+01,-3.555949670082051739e+01,-2.264788070461299441e+01,-1.128097777335326235e+01,-1.143748463976724494e+01,-1.417123630956551850e+01,-1.299151953743988841e+01,-1.931596149992429545e+01,-1.689796391267303832e+01,-1.967408063721024192e+01,-1.275557895838302969e+01,-1.153595961370280065e+01,-1.160923640902532483e+01,-1.381515400840680741e+01,-2.827883219411313576e+01,-3.296250892238555252e+01,-1.266972613263977721e+01,-1.154435923677505471e+01,-2.743267021134269612e+01,-1.308470194994544045e+01,-1.902772164055526716e+01,-2.020067940355122715e+01,-1.842165238143975969e+01,-2.448036471891379051e+01,-1.843026047705147619e+01,-1.528885548286620022e+01,-8.282543628938345392e+00,-2.085560984382316008e+01,-1.019596872584718383e+01,-1.113919864522487657e+01,-2.638347980983779095e+01,-2.108370500868819875e+01,-2.684337339885179574e+01,-2.767973858234521600e+01,-3.472723709159265582e+01,-3.549828150674625249e+01,-3.300770155278584639e+01,-2.402091741814907522e+01,-2.164170426926126112e+01,-2.601536224025364419e+01,-2.404138736611329819e+01,-2.424976012759234578e+01,-2.071950123461986593e+01
-1.090598030225517867e+01,-2.245271680230686684e+01,-1.547047102627228199e+01,-1.990932147579541223e+01,-2.641367626632498045e+01,-2.301387678525221503e+01,-2.901004460652224282e+01,-7.336130863003329949e+00,-9.983878907729618390e+00,-1.703837061375490691e+01,-2.032515480266554064e+01,-1.439710771264877209e+01,-2.259390382184323087e+01,-1.903920702102828599e+01,-1.853356715589295689e+01,-1.108826900741539134e+01,-1.986217025785018819e+01,-2.253908662004442220e+01,-1.293054350233659555e+01,-8.782365597679795854e+00,-1.945098673637583886e+01,-2.437018473356934223e+01,-2.661696191456812954e+01,-1.635667445792896046e+01,-1.199445810501320508e+01,-2.848096612497679203e+01,-1.074793050175672171e+01,-9.412837455467157000e+00,-1.010518666939764110e+01,-2.335690319815956784e+01,-6.845163887609878373e+00,-1.362152430855618768e+01,-3.423552820930267870e+01,-4.608247062589343557e+01,-3.345295049439795321e+01,-4.223115391681292863e+01,-3.366543250738023829e+01,-3.250763250338154364e+01,-3.179222692317016197e+01,-3.561838110797275903e+01,-3.226666755279956789e+01,-2.572828818761970027e+01,-1.163722830939020270e+01,-2.009029430771450819e+01,-1.899732813241801566e+01
-1.072045696387571745e+01,-1.278052089529973578e+01,-1.314601571250279477e+01,-1.243537952786419964e+01,-2.462473651919699336e+01,-1.811460273445204194e+01,-1.326575991847881397e+01,-4.631740419660261843e+00,-1.966188032679303177e+01,-1.996972800159157657e+01,-1.870354741945829957e+01,-1.120295432693244386e+01,-3.354476953639107961e+01,-2.055330945645358298e+01,-9.017158079147367999e+00,-1.588741182784351480e+01,-1.003834158681609168e+01,-1.982560383023729145e+01,-1.264256717744529723e+01,-1.041543470409767380e+01,-9.979801121657947860e+00,-1.886360771541734849e+01,-3.197228304414208822e+01,-1.412377166004394446e+01,-1.219613963574464499e+01,-1.397842613883810259e+01,-1.257927931193778370e+01,-1.537445071665025687e+01,-1.353424314804515660e+01,-1.983499063472557822e+01,-1.002996682918547577e+01,-2.030888332336594715e+01,-3.718084275961398077e+01,-3.181252507854984657e+01,-3.545813661438972986e+01,-4.851741527835810075e+01,-3.119803438355905101e+01,-3.306947555350218693e+01,-6.227110741177035891e+01,-1.882115673680424450e+01,-1.969655683061042950e+01,-3.848086238866671493e+01,-6.195149936534944501e+00,-2.533581264900690400e+01,-1.393441462929365571e+01
-1.292741871167584833e+01,-9.673404515424666172e+00,-9.158470289975497280e+00,-1.185758902989205410e+01,-2.200784428297622952e+01,-1.186103878265433309e+01,-1.153745807356491326e+01,-4.526816181264871730e+00,-2.664287972203835508e+01,-3.031073239846841716e+01,-1.798270106400511992e+01,-1.149603239642768493e+01,-1.970540443604135916e+01,-1.228193928834066817e+01,-9.735169606141218068e+00,-6.266082928398758689e+00,-1.234194020216462917e+01,-2.006557107930380468e+01,-1.984758339326040755e+01,-2.975694982018783463e+01,-1.272795263680665556e+01,-1.337867241513892402e+01,-2.245635087837184685e+01,-1.390825816107916602e+01,-2.688724587921495868e+01,-9.656078960392756372e+00,-1.790102539204927723e+01,-1.599219634334490792e+01,-1.420761528905951820e+01,-1.397681698608885092e+01,-2.976896061444189812e+01,-2.669162435125301158e+01,-4.671433687538748103e+01,-3.694355458921398139e+01,-2.890375362239190693e+01,-4.794846571150539205e+01,-3.886906850458841234e+01,-4.411449470387463379e+01,-3.437544984754984512e+01,-1.349467895472015044e+01,-1.412201255627152996e+01,-1.726209647175434725e+01,-6.080115630244483427e+00,-1.082268432334626063e+01,-1.352523914945307837e+01
-2.383186724703907799e+01,-1.707757074188689472e+01,-1.653963360298416063e+01,-2.359209447797632464e+01,-3.035128200515498165e+01,-1.466061355170857894e+01,-1.741273349077697219e+01,-6.499327751161851907e+00,-2.290094230858180424e+01,-4.997155420602945242e+01,-1.960984012764917850e+01,-1.197296475345837941e+01,-9.576586965288235831e+00,-1.281514089906102427e+01,-1.610915422448657708e+01,-7.958018461760394402e+00,-1.749527851608218398e+01,-2.175954972612953497e+01,-3.121578649520938242e+01,-2.465220725659510492e+01,-2.461596704153187787e+01,-1.058979978292248703e+01,-1.048969830082155674e+01,-1.315226424848768794e+01,-2.146665757662239216e+01,-1.367390053245665626e+01,-1.873695296334583915e+01,-1.624639677448216446e+01,-1.544023616970720703e+01,-9.134612161634301231e+00,-2.090528660834424812e+01,-4.352523734807634526e+01,-2.452136041025912050e+01,-2.328156070148733647e+01,-2.722675602813969675e+01,-5.586983209927015537e+01,-2.507422219284236675e+01,-2.041882755682076223e+01,-2.473982504783900893e+01,-1.585482220205379100e+01,-1.625695843055852663e+01,-1.566038646192174966e+01,-7.879958698896355251e+00,-1.159576135209652747e+01,-1.837397289327035566e+01
-3.525143827020873744e+01,-3.549463397887311089e+01,-3.436649060199702888e+01,-2.694459970194621690e+01,-3.176105902117173230e+01,-2.179095213539642373e+01,-1.760965320759906660e+01,-1.362750264407781131e+01,-2.267763138814512658e+01,-1.920537377756059172e+01,-1.712275705389721736e+01,-2.031494207520185569e+01,-1.199728454873504546e+01,-1.007138372063055698e+01,-1.062789193378828934e+01,-2.127308482535158163e+01,-9.341530751932809906e+00,-1.903414333641639189e+01,-1.768910893336420997e+01,-2.713696059322922594e+01,-2.278546918604637028e+01,-1.535914824169753246e+01,-1.175422013131382926e+01,-1.687411125046271110e+01,-3.272449396692783807e+01,-3.102200412910442040e+01,-2.169107135844711820e+01,-1.615719497802917104e+01,-1.086331744987093906e+01,-1.515041992070402443e+01,-2.305557799195065627e+01,-4.751876016935600688e+01,-2.127293438422730887e+01,-1.238162060786365615e+01,-2.812471147647189085e+01,-4.533971520335831684e+01,-2.208077693729366331e+01,-1.569543425283692528e+01,-2.498160666011903785e+01,-2.427544062272569647e+01,-2.577441395721548290e+01,-1.716442181055183269e+01,-1.363138480077647685e+01,-2.051224427006124174e+01,-2.692013008764057957e+01
-4.939842606876349862e+01,-4.746878939308129475e+01,-4.087297259396306970e+01,-2.412780410360587524e+01,-1.606807632820360610e+01,-1.822034761778943590e+01,-2.159063308359221978e+01,-2.786946208906542566e+01,-3.201508486093650419e+01,-1.244628216554844968e+01,-1.251768702386433496e+01,-2.258927505172596284e+01,-3.519670274909297802e+01,-1.844715055085340083e+01,-1.828486686877774758e+01,-1.036414888586146787e+01,-6.350704940549317890e+00,-1.145059724734733386e+01,-8.988209737545178157e+00,-1.149059571092758603e+01,-1.518183632320518228e+01,-2.582151349290249698e+01,-2.329227384129954004e+01,-3.031550969732287371e+01,-3.526604064915708392e+01,-3.422443550659365030e+01,-1.337623761795002508e+01,-7.247128123853247672e+00,-1.837879970248916450e+01,-3.229069171606565192e+01,-2.936609684059210679e+01,-4.820458539053861102e+01,-2.774604031060844989e+01,-8.681639297325036253e+00,-3.354322946134129779e+01,-4.927930210889385876e+01,-2.154704046731617950e+01,-1.475597524751225009e+01,-2.167606377289138919e+01,-2.262781049642534015e+01,-3.367581540000617224e+01,-2.835054385601938876e+01,-3.393844599572461362e+01,-2.968830918221389226e+01,-2.663453793986061768e+01
-3.981442777062423488e+01,-4.571313979015791773e+01,-4.433074527175222812e+01,-2.469866151153933131e+01,-1.095684525313031799e+01,-1.549506236325903608e+01,-1.594940715092399053e+01,-1.219558000783581519e+01,-2.270891421895569096e+01,-1.166837916058345215e+01,-3.540780793246749880e+01,-1.145366860278302035e+01,-1.626830136027684404e+01,-2.791011800714809965e+01,-2.275900737188459289e+01,-1.008563566595270089e+01,-1.417788204354094717e+01,-1.351041454125122776e+01,-8.877322053364357757e+00,-1.022328155995734988e+01,-9.484357401261050313e+00,-2.199682996368540344e+01,-2.162822332020812510e+01,-2.238558648351494540e+01,-2.605671501629779030e+01,-1.462195547253114825e+01,-1.559110640061130937e+01,-7.156328247585390656e+00,-3.223818946496101034e+01,-3.407329185517822623e+01,-2.381542528300958139e+01,-2.099430762322514710e+01,-2.156620594193594798e+01,-9.900505385245041978e+00,-3.212353215149404662e+01,-4.437278878769143375e+01,-2.205430767881011178e+01,-1.625173259325514508e+01,-2.792980796530796894e+01,-2.123429646757459466e+01,-2.189101267970337261e+01,-2.225508009682205568e+01,-3.093170390915159018e+01,-3.809573828913918447e+01,-2.475888111901710431e+01
-3.294486809315483100e+01,-5.106853178482178635e+01,-4.698008775352306543e+01,-2.986368092464010715e+01,-1.195694654972873039e+01,-1.437733569627267549e+01,-1.423202881067315673e+01,-9.785990653481830392e+00,-2.375520616437265886e+01,-1.236644863613303436e+01,-1.232457213519377603e+01,-1.518694670055557694e+01,-6.953497617338300074e+00,-1.069157734712127272e+01,-1.492477399810151439e+01,-9.835147090449968488e+00,-1.116413468637634132e+01,-1.226424174240701603e+01,-1.855582907029871365e+01,-2.365995380741722443e+01,-1.542830239356120359e+01,-1.429505290733265888e+01,-1.579688061202946692e+01,-1.597838183351355035e+01,-1.426049357503217330e+01,-8.897949114858308306e+00,-1.552054768254416928e+01,-1.196755953001556172e+01,-3.228797310587091829e+01,-3.700045638588962760e+01,-1.374665934047982674e+01,-1.168488978965081238e+01,-1.715416430635487899e+01,-1.445911873241554702e+01,-4.466763410508271193e+01,-2.846619776267665003e+01,-2.396650095234249989e+01,-2.751866098471748145e+01,-2.034941373058733660e+01,-2.264824110864861950e+01,-1.578058726773842935e+01,-1.217724197743423176e+01,-2.753553129830400437e+01,-4.459856992125043718e+01,-2.366340857124247066e+01
-2.714612501299940561e+01,-3.870401224737904755e+01,-3.674178469980570583e+01,-2.534540016210027247e+01,-1.051938425385242581e+01,-1.446546312191256334e+01,-1.933126707700294133e+01,-1.715650632192712877e+01,-2.438160706496447006e+01,-2.265866314702507367e+01,-1.849633876421631840e+01,-3.199999625680020188e+01,-6.510534590238725272e+00,-6.951728957471080328e+00,-1.780936212434144039e+01,-1.062383507133034932e+01,-1.967601805660421377e+01,-2.817697846429820174e+01,-2.190551170440642537e+01,-3.295666051773358163e+01,-2.560265483199160741e+01,-6.821803355340279928e+00,-1.587103555329101923e+01,-1.574703511741561002e+01,-1.057205544860776669e+01,-1.542872012153540950e+01,-1.161709036841885911e+01,-1.297108012621590412e+01,-3.441300945006319267e+01,-3.758293003432221013e+01,-1.135053338137348433e+01,-9.246071414291607837e+00,-1.686371182380960931e+01,-1.193191031222966281e+01,-1.857892720167286882e+01,-1.808273743858181959e+01,-3.348050333814556723e+01,-3.069932154908887156e+01,-2.897704014849519538e+01,-2.975766620258105633e+01,-1.552106059417168105e+01,-1.107323380177331451e+01,-2.303424401424692647e+01,-2.462878908985440773e+01,-2.253119375510400957e+01
-2.161357815004817695e+01,-2.257994287447219506e+01,-3.415097239699269238e+01,-2.198758758514358647e+01,-1.484529097310761436e+01,-2.082322566859714641e+01,-3.282420024531003122e+01,-5.222643572400625089e+01,-3.348104928323192553e+01,-1.586756231882610990e+01,-1.643578537855520949e+01,-2.188706267040929276e+01,-1.557328197653520085e+01,-1.302411145912745916e+01,-1.266848824276371133e+01,-1.435735886568182629e+01,-2.419987602005889116e+01,-2.294749081525638701e+01,-2.472147371050767006e+01,-3.793382967731285760e+01,-2.478888931538758200e+01,-7.554227324915785857e+00,-2.496943033487740138e+01,-2.233379342708985860e+01,-1.819149452349171270e+01,-2.278608517988792670e+01,-1.067416784665243057e+01,-1.437064208162994028e+01,-3.784521619083522381e+01,-3.848982249868220862e+01,-1.374037321541590195e+01,-1.263728634498182402e+01,-1.889235091900458841e+01,-1.399425479113090276e+01,-8.162622687468431337e+00,-1.697966330767432552e+01,-5.475049564141016845e+01,-4.666121986416749223e+01,-5.072563271783496930e+01,-4.045544673441882821e+01,-2.145984233910463246e+01,-1.897996408182596184e+01,-1.389009703905926862e+01,-1.523699334241125669e+01,-2.243580107161649551e+01
-1.221348344861560875e+01,-1.627064778631689990e+01,-3.501343582111105235e+01,-1.944342848865628071e+01,-1.375362620025593507e+01,-2.047120859517664826e+01,-4.819438569463201105e+01,-3.580959843341761939e+01,-2.908686936594627070e+01,-1.239609757373933263e+01,-1.207527853422891972e+01,-1.780051452623614949e+01,-2.614157117313585843e+01,-1.934568466430595279e+01,-1.553870090961754968e+01,-2.386542699647384325e+01,-3.155720737045964697e+01,-1.259080957412917456e+01,-1.661228965149558690e+01,-5.114168764250683807e+01,-3.073791532207682309e+01,-1.179735501554152677e+01,-1.753226077758615631e+01,-3.669854691903828581e+01,-2.091105356558195538e+01,-1.677285421929525100e+01,-1.921521561938224920e+01,-2.414235049458338267e+01,-2.247271186657816244e+01,-1.818298072474072313e+01,-1.835360924019313700e+01,-2.336739808362211335e+01,-1.953794507656657231e+01,-1.363600994059953919e+01,-4.293541265124241946e+00,-2.299392510034216741e+01,-5.161788678895038629e+01,-3.197266920519908240e+01,-2.738969710431100424e+01,-3.067871507138755049e+01,-2.075542476030950922e+01,-2.081833984314739183e+01,-7.004004826289145669e+00,-1.120472511365243662e+01,-2.049373328150974416e+01
-1.238087965902535359e+01,-1.369518587049398839e+01,-2.669905420090119463e+01,-2.560378042760353878e+01,-1.068499426305132971e+01,-1.716962139340812499e+01,-2.759575267075123861e+01,-2.271453210211730322e+01,-2.571700726565367034e+01,-2.083434419322632891e+01,-1.728106784897494919e+01,-1.289783191800009021e+01,-2.320812072674566906e+01,-1.257101888614630347e+01,-1.052574542892234888e+01,-2.812138807626226011e+01,-2.261269434211747864e+01,-1.031971315728854144e+01,-1.581931842135465338e+01,-4.934711259724057442e+01,-2.858063685349988248e+01,-1.129907710995850856e+01,-1.026536089500192084e+01,-2.123769920993595406e+01,-1.718232832462439674e+01,-1.003452436396735337e+01,-2.583719911501843569e+01,-4.542093900672789886e+01,-1.763338562668642950e+01,-1.157709011063886351e+01,-1.570364032150342481e+01,-3.117805165029045256e+01,-1.846612583051231482e+01,-9.742174873452100314e+00,-5.053066406655107201e+00,-2.231474994271603407e+01,-3.416841694689629350e+01,-2.602232090871447667e+01,-1.998659035440100951e+01,-2.331870162509332545e+01,-1.556590907814928926e+01,-1.100724827797520788e+01,-1.031017879886387334e+01,-8.313596426072326295e+00,-1.488200037357132999e+01
-2.101421040827954911e+01,-1.368711663956787916e+01,-1.202767814701589444e+01,-2.348747201863147893e+01,-1.682326564952217041e+01,-1.637312752847640596e+01,-2.231974792846956035e+01,-9.854734829000349805e+00,-1.119755457825324818e+01,-2.776440414945464852e+01,-1.744494060187738427e+01,-1.116204661221904715e+01,-1.553578419750919259e+01,-9.821378838771281039e+00,-8.897931284544686292e+00,-1.719540402817155922e+01,-1.379158697589351057e+01,-1.451344079623913608e+01,-2.250962181093985848e+01,-4.921002234186644131e+01,-2.599408032958656989e+01,-1.479838076483327391e+01,-7.696405937620411031e+00,-1.531814839440252740e+01,-1.724193348996227826e+01,-6.956508326161574551e+00,-2.785486426279708638e+01,-5.271625203857845321e+01,-1.476898419142088059e+01,-3.295553927054032783e+01,-8.956062078474285926e+00,-1.834296009133198879e+01,-1.736080135176895212e+01,-1.469644150168931773e+01,-6.708515483872135476e+00,-1.541414939816381668e+01,-2.236070993898165682e+01,-1.615860651336698339e+01,-2.631350128266116783e+01,-2.107727633233803388e+01,-1.622943328888969461e+01,-1.270190832952487803e+01,-2.378858652900127879e+01,-9.571725470567182370e+00,-1.258986379529728872e+01
-2.171824901307104128e+01,-1.263556120128214744e+01,-1.005447218999139380e+01,-1.131787533746324392e+01,-1.705210766121991028e+01,-1.107921260434897093e+01,-1.423004616770586139e+01,-9.035370162096288738e+00,-6.244948853411383283e+00,-3.183345485736528957e+01,-1.871790015982836763e+01,-2.147748139590489913e+01,-1.017027349325686814e+01,-1.811332867530627411e+01,-1.161437700894801317e+01,-1.065614983872720600e+01,-1.221831382649588349e+01,-1.625188561318762481e+01,-3.509938042608759190e+01,-3.216140581045520719e+01,-3.327646359310683266e+01,-2.338206325231514882e+01,-1.203016927161349514e+01,-7.590325768715543653e+00,-2.880083677499335337e+01,-6.822496086221333300e+00,-2.478309266134006705e+01,-2.199816428402491653e+01,-2.060749353633536884e+01,-1.142137529932728590e+01,-1.020117167431075700e+01,-1.327419320810515124e+01,-1.889543687565026531e+01,-1.427876349338834494e+01,-7.647556279709721849e+00,-8.528171060489533772e+00,-1.964745672022675649e+01,-1.303493767691037064e+01,-1.954929737132502865e+01,-2.229885474792464706e+01,-2.331569700097476883e+01,-1.888870988746951696e+01,-2.212529141494528773e+01,-1.234408593935996379e+01,-1.430447769824662529e+01
-1.129665185102475178e+01,-8.832467244503014570e+00,-1.446764333906323152e+01,-1.073800906486839324e+01,-9.599791267301108988e+00,-1.174245862490030667e+01,-9.956904817865321888e+00,-3.422026129021644181e+01,-8.621574136133125066e+00,-3.137461639678960523e+01,-1.067537464652838430e+01,-1.355793137021340655e+01,-1.536200966047845284e+01,-2.369226317652940850e+01,-1.442217928360672019e+01,-1.059212737062400933e+01,-1.544823358440588557e+01,-1.603302215879786630e+01,-2.120887974171748169e+01,-1.744454752174775791e+01,-2.544377675512215831e+01,-3.801022227911492024e+01,-2.223926871697499053e+01,-5.790906491074263585e+00,-2.340126620962052328e+01,-1.010748873185363728e+01,-2.040647876331363264e+01,-1.516060417301290286e+01,-1.471113215449203082e+01,-1.723731770787028950e+01,-1.225367200863167483e+01,-1.330205512630274356e+01,-1.753485336433730524e+01,-9.978174833069775929e+00,-7.179635676039273662e+00,-5.688173358839826221e+00,-2.241958905456172602e+01,-1.568624183771047065e+01,-3.960965887082271308e+01,-2.922350604871002844e+01,-2.706104047234411780e+01,-1.486587477995743534e+01,-9.074015783508196265e+00,-1.087025340262724526e+01,-1.357850337387753292e+01
-9.394129740578527787e+00,-1.913845033358320791e+01,-8.947488841724295483e+00,-1.429366219620039224e+01,-1.198010281514657294e+01,-2.985511951961343158e+01,-1.716149607110672903e+01,-1.943741242522985502e+01,-2.100452652067057357e+01,-1.734844581547974229e+01,-7.776048686316805458e+00,-1.372106304175053992e+01,-2.729065062171868306e+01,-1.210419645582367743e+01,-7.232556661817740817e+00,-2.070399589621609238e+01,-9.832921537354703645e+00,-2.493137391222893484e+01,-1.409942362864639165e+01,-1.199053161479653618e+01,-3.359932554183109232e+01,-1.694114241980000912e+01,-1.479030057714821034e+01,-1.004874858341953825e+01,-1.958376342661536995e+01,-1.714639895149961291e+01,-1.857632599626414205e+01,-1.463291886071648840e+01,-1.032159248598505741e+01,-2.024524432745672087e+01,-1.181458137249540385e+01,-1.070716243580821292e+01,-1.314949752024018359e+01,-1.768423976559085986e+01,-1.351797549775774421e+01,-9.337763104995870478e+00,-2.155602330494165741e+01,-2.626076041118240312e+01,-3.593160747845392677e+01,-3.920222651497122968e+01,-1.470740907509558326e+01,-2.322238588631561385e+01,-6.448204088212739826e+00,-1.199092753057797367e+01,-1.404616275584968044e+01
-1.236549961576349332e+01,-8.945390632115284291e+00,-1.561816772310850965e+01,-8.301154080951548053e+00,-2.284519654228910213e+01,-2.663869427053951000e+01,-3.850820194775847938e+01,-2.169492569432251372e+01,-2.136674451322199531e+01,-1.116764909996233790e+01,-1.444677167026631182e+01,-1.231955808472241287e+01,-1.431839577214164549e+01,-9.952013044214186976e+00,-8.503683432654330687e+00,-1.325502078696131036e+01,-2.109348314528791235e+01,-1.117937648427893294e+01,-8.440195895952193439e+00,-1.712150828496308108e+01,-2.453058700885869570e+01,-9.368277954198516611e+00,-2.145796727251529390e+01,-1.292010876804397235e+01,-1.598536733614917260e+01,-1.228540561170645873e+01,-1.961309492117273479e+01,-1.277612475014271176e+01,-1.087887217022346675e+01,-1.462937826601829805e+01,-2.020192208290028546e+01,-1.392515033686074943e+01,-1.023413966800405461e+01,-1.318891844730105944e+01,-6.512148889900364779e+00,-2.519452895391748015e+01,-2.041567843450110331e+01,-2.159667706068017168e+01,-2.355820832415783173e+01,-1.794017069233057171e+01,-1.158885471397696065e+01,-7.509155573703921505e+00,-1.353417000530183323e+01,-2.332337282625697128e+01,-2.054079487792002467e+01
-1.230679640179953793e+01,-7.514823867393182866e+00,-1.848677608022052610e+01,-6.355621430473894051e+00,-2.032213690269412254e+01,-2.081761776773770478e+01,-2.826200426364188445e+01,-2.007329238081231537e+01,-9.668847877865839990e+00,-2.365819196758148735e+01,-2.313828023569716663e+01,-1.374679814550042423e+01,-1.514641044339461295e+01,-1.399504729027535532e+01,-1.940257603388344165e+01,-2.091208844130708755e+01,-2.322599639023898277e+01,-1.381791531499523273e+01,-1.104505398035077235e+01,-1.384606083039945190e+01,-3.220074771319519158e+01,-8.293728741936183368e+00,-1.120561973794914401e+01,-1.020545186842863217e+01,-1.037540978610909548e+01,-8.204576736677992699e+00,-3.979339318290721650e+01,-9.160982142786723514e+00,-1.963751452529766439e+01,-9.698693357445302254e+00,-1.370163377844867902e+01,-1.343928271473811620e+01,-9.413798465135554849e+00,-9.341780850634314959e+00,-9.664008254700227951e+00,-2.232159633495528794e+01,-2.645550434218291258e+01,-1.554501369675953093e+01,-2.516577181945543273e+01,-1.535450309149461745e+01,-1.005033630992522475e+01,-8.062770488755523601e+00,-1.364105506168453985e+01,-1.014190445381319705e+01,-1.434959671944741721e+01
-1.754934975325716096e+01,-7.716807681208511127e+00,-1.489988590069576802e+01,-8.126859667960601996e+00,-1.060484954817510861e+01,-1.704538823571057549e+01,-1.747068583844993839e+01,-1.149263225621065132e+01,-1.191447440931559498e+01,-1.868319580926581480e+01,-3.243525792042834155e+01,-1.492333023520490798e+01,-1.560000659808853207e+01,-1.458236085769111945e+01,-4.228380695790816901e+01,-1.913289371680357931e+01,-1.766850672857625426e+01,-2.384066762340285095e+01,-1.645214777474139112e+01,-1.277804456957954748e+01,-2.751909493698667220e+01,-1.076151104606820752e+01,-1.325546309831054081e+01,-2.770055074977874199e+01,-1.287832570412839495e+01,-8.150301758508780026e+00,-1.176620076880881527e+01,-1.016492432682310465e+01,-1.377541674715714137e+01,-1.677447848184478829e+01,-1.073683470689641872e+01,-1.074477711721509898e+01,-1.478361450889568651e+01,-2.143273625622921941e+01,-2.254556299329128422e+01,-2.290244746264220055e+01,-2.164508268370760291e+01,-1.583373576630541280e+01,-2.414050329850447341e+01,-2.660716985277846192e+01,-5.166629201607833011e+00,-1.037874936787671132e+01,-7.376905804673547173e+00,-1.132953731248334250e+01,-1.156601783684437734e+01
-3.044885595999431871e+01,-6.887537366879811884e+00,-1.480153449403571564e+01,-7.151134642783424589e+00,-9.631815608065073420e+00,-2.395787436896266343e+01,-1.184964820525912010e+01,-9.732023499585238824e+00,-2.143869255953044473e+01,-2.282530924369762459e+01,-5.681267490612690807e+01,-1.830150993311385221e+01,-1.361611626379056972e+01,-1.499718402818191265e+01,-2.206641393859870703e+01,-1.739762549726124519e+01,-8.767504574363936598e+00,-1.682768409012605915e+01,-1.671225005108900064e+01,-2.367068140908634177e+01,-1.478651116044098934e+01,-2.288462778122288199e+01,-7.358160282225055582e+00,-1.646475283499815134e+01,-1.785871138176722539e+01,-1.102224702770003972e+01,-8.470902126154403078e+00,-1.493099716525572163e+01,-2.069606919201339679e+01,-2.555381964379560600e+01,-2.157786235732650226e+01,-1.148638151798185447e+01,-1.588808475924751207e+01,-9.589726966916158446e+00,-1.610257471422131914e+01,-2.875053427537008588e+01,-2.308769764922475787e+01,-1.572574561680198357e+01,-2.423562723909523342e+01,-1.522556177856952075e+01,-5.454365744263612648e+00,-1.500417327680718671e+01,-7.109759851798544972e+00,-1.145817405506392284e+01,-1.223461131008232172e+01
-2.143136037038728858e+01,-1.322768700918310003e+01,-1.443393409119673265e+01,-8.227432058225410572e+00,-1.864659695283234697e+01,-1.345173006801663718e+01,-1.119772696528373679e+01,-1.553035094194206422e+01,-2.387090518704382802e+01,-3.253699351890520575e+01,-4.428770839093964895e+01,-2.542219282299593175e+01,-2.449189161963747452e+01,-1.179900608830922515e+01,-1.448864560547437108e+01,-2.129586332874765731e+01,-1.135603667165295150e+01,-7.191272493995654713e+00,-2.526559863157363495e+01,-1.921249682142908455e+01,-1.002466166382429336e+01,-1.773518844583696819e+01,-8.018663092535737391e+00,-1.558005560384915356e+01,-1.147334324879647305e+01,-8.869261219424371845e+00,-2.082136102554297707e+01,-1.630980008828283090e+01,-5.711458524843298079e+01,-4.806527687118389025e+01,-2.051164965433279974e+01,-7.417614705233002148e+00,-1.568206340885620165e+01,-9.041715222894140425e+00,-1.736051747172951210e+01,-1.897651076477996668e+01,-2.282404951076213706e+01,-2.067237183699176484e+01,-1.989952678248010542e+01,-2.188617142604416088e+01,-7.912406576888494136e+00,-1.249701649971437689e+01,-1.282741540201440422e+01,-6.616934359037591307e+00,-1.317044087092354232e+01
-1.131077095810364419e+01,-1.778398183308106084e+01,-2.097702373999199210e+01,-1.675180047953624296e+01,-1.923472578024455615e+01,-1.126203802832767664e+01,-1.605498960355078353e+01,-1.594960916957188601e+01,-2.350123884652232675e+01,-3.557137520904780814e+01,-2.669283982454675197e+01,-2.608405747483658743e+01,-3.680033006907436999e+01,-1.276967175487784267e+01,-1.185327116113152002e+01,-1.805485065948552759e+01,-2.383867617384360571e+01,-5.880314009733520919e+00,-2.134005664419532167e+01,-2.445081508760151934e+01,-2.183099070206473868e+01,-2.738136072513560393e+01,-1.239640983464878587e+01,-1.357605362938486948e+01,-2.445406471109150459e+01,-1.182535059910498454e+01,-2.015333072576567730e+01,-2.480716674453653425e+01,-3.481922153529942676e+01,-2.323866250674146627e+01,-1.182508983475340791e+01,-9.990137790234122406e+00,-1.618544536603122808e+01,-1.693233222810521355e+01,-1.821750400413514726e+01,-1.180327869067380853e+01,-1.393146434505547759e+01,-2.171829697857383934e+01,-1.905426647812619834e+01,-2.308415219700190590e+01,-1.181716477498131113e+01,-9.796916327189432394e+00,-2.962759342504093141e+01,-8.098761985368771121e+00,-1.636075093985689222e+01
-1.202416795143486894e+01,-1.676730018951480261e+01,-2.181245636820944966e+01,-2.691207519277964622e+01,-1.546542351655126879e+01,-9.232146829576606706e+00,-1.248309595567910080e+01,-1.111814598336874127e+01,-1.898190915494916098e+01,-2.644338954090322957e+01,-1.395976409104492788e+01,-1.319539512133351877e+01,-2.209002476057800735e+01,-1.695479438885598000e+01,-1.466966413141190806e+01,-1.118446982582335636e+01,-2.510892676217123665e+01,-9.278994917262874509e+00,-1.137601101994320985e+01,-1.992698557626002653e+01,-9.543693542617635472e+00,-1.273788682243836590e+01,-1.616126050035642692e+01,-2.421703376868697077e+01,-2.661429869973359175e+01,-3.565175102933616813e+01,-4.653777584084994601e+01,-1.462969117492169069e+01,-1.888572925123096979e+01,-2.026994149602638018e+01,-1.337490819428460931e+01,-1.397167287984411033e+01,-1.709393893757246730e+01,-2.034137943484034849e+01,-9.570092649708593413e+00,-1.848692311926520304e+01,-1.821775964293225769e+01,-1.453922354983351894e+01,-1.771064202654154585e+01,-1.341294774914194221e+01,-7.354773716519755311e+00,-1.324883575015764237e+01,-2.465174985633418459e+01,-1.559496678142726012e+01,-2.200012858129257154e+01
-2.292477651761730328e+01,-2.525279915150435528e+01,-2.030683722104225453e+01,-1.465036500048112877e+01,-1.032085658028176134e+01,-6.657131612917314811e+00,-8.758279383606192070e+00,-1.409679274394632387e+01,-2.098447020785907569e+01,-1.404625497275183221e+01,-1.357972088968876889e+01,-1.171204462308957694e+01,-1.124454234882833426e+01,-1.488737321087718612e+01,-1.492344250352580914e+01,-1.552746121224260634e+01,-2.903677888875838775e+01,-1.580654295782644780e+01,-1.218285778102632477e+01,-1.106296718176157512e+01,-9.138157609976945039e+00,-1.508939234021222475e+01,-1.751663118536779251e+01,-1.584850520633574078e+01,-1.471716544804305116e+01,-1.332953299059825980e+01,-2.064108471216879437e+01,-1.025921429967018916e+01,-9.916769792835658848e+00,-1.424731059247866227e+01,-8.183095283320977131e+00,-1.426360725795491646e+01,-2.065206804225114823e+01,-1.162314301795803217e+01,-1.753501355050594768e+01,-1.369573290646564523e+01,-1.901030950221354132e+01,-1.433893327272193119e+01,-2.488416035339147570e+01,-1.438729518061252044e+01,-7.929012749544489758e+00,-2.519329770182332595e+01,-2.491169552365028039e+01,-1.183854266250136433e+01,-1.748459727991417623e+01
-2.511764636505132131e+01,-3.752494876026473491e+01,-2.451510458576257889e+01,-7.507136395323110278e+00,-1.499016461915151055e+01,-1.140533936991230490e+01,-1.800665669689943371e+01,-1.058622307491085124e+01,-2.093006375773511252e+01,-1.277055327829542897e+01,-1.611344575996456641e+01,-1.195170908705671842e+01,-1.087624319296577369e+01,-9.992498479020321511e+00,-1.779941323672305487e+01,-3.599459470029310637e+01,-3.130914888671144070e+01,-1.515600558556265298e+01,-1.132825576341572216e+01,-9.142160595043993254e+00,-1.037918492249688995e+01,-2.753734265264769476e+01,-2.791040903207812818e+01,-1.591057466580231683e+01,-9.276404569899053598e+00,-1.000832578748259749e+01,-2.184173404916543149e+01,-1.159219537947940282e+01,-1.279998993951214104e+01,-1.282383852543681968e+01,-7.255915108373907074e+00,-3.097197384503672524e+01,-2.506082999849792969e+01,-1.124169180626000575e+01,-3.102010378870456719e+01,-7.843087817679474938e+00,-2.109023434737135361e+01,-1.928484108633787741e+01,-2.068381185116328425e+01,-1.742611994015312860e+01,-1.122872067523109685e+01,-3.463500685499419518e+01,-2.686298193861308903e+01,-1.230654170893658694e+01,-1.276814950215447197e+01
-2.287041972203292772e+01,-2.429054499018209157e+01,-2.056575703788881526e+01,-8.091758663785791228e+00,-3.483037927511064424e+01,-2.358324795280069353e+01,-2.076359291729245626e+01,-1.564793359534131056e+01,-2.426528093211705084e+01,-3.179977435018730603e+01,-1.377054691937471276e+01,-1.331019101829847173e+01,-1.707668665049250123e+01,-1.708545658731309302e+01,-1.709436222907819314e+01,-3.523196161884959565e+01,-2.198778189267435934e+01,-1.106522242292394509e+01,-7.156678076857443394e+00,-6.105842730770000060e+00,-1.158093398249805617e+01,-2.226765125553904312e+01,-2.481736693200828014e+01,-2.249082564910422022e+01,-1.401532065299599950e+01,-1.564455188898503835e+01,-1.888915875000916600e+01,-1.959030304476838680e+01,-1.810082860385123027e+01,-2.251974142243309274e+01,-1.468272133032391302e+01,-1.257464131403080998e+01,-1.209506733457192951e+01,-1.420619011750680016e+01,-4.446957598722916316e+01,-8.936271566126032795e+00,-2.178147972166479462e+01,-3.096404178977602584e+01,-2.168742429009976291e+01,-9.378014397678299474e+00,-1.160328220838070123e+01,-2.312167881247054169e+01,-2.647010753577560749e+01,-1.646004236786336250e+01,-1.043986664103926998e+01
-1.256131719263391489e+01,-1.653123081756761081e+01,-1.458593618317435947e+01,-1.174683134530799933e+01,-4.213572270542893250e+01,-3.269071433343000166e+01,-1.279228824354304805e+01,-1.107878923660059556e+01,-1.168453023622428155e+01,-1.806025699026421805e+01,-1.749846999479082044e+01,-1.725129020443168315e+01,-4.469205117653964265e+01,-1.566275313268842240e+01,-1.654959313049806724e+01,-2.283070623231538221e+01,-1.601648336778217896e+01,-2.767713245239532682e+01,-1.181104226960611570e+01,-1.177197504241383896e+01,-2.368004559711230783e+01,-3.321259002909743430e+01,-1.134890165265541739e+01,-1.708126686760965285e+01,-1.744647093136591565e+01,-1.213778876819907993e+01,-9.311025965872854471e+00,-1.504446034134140397e+01,-1.114952035498509630e+01,-2.333747681947631847e+01,-2.668561281323479761e+01,-1.343825764827724534e+01,-1.078202329954294392e+01,-1.178417180318801449e+01,-2.447708281112861428e+01,-1.620890695659378977e+01,-1.840539043860243851e+01,-2.426073236855580006e+01,-1.852585776553130259e+01,-9.492369504397572655e+00,-2.279083469215788682e+01,-1.604005931368574522e+01,-9.985178318467278658e+00,-1.009065087731149291e+01,-1.242766075489902278e+01
-1.163486455405023179e+01,-1.547186126679892126e+01,-1.450322250283798198e+01,-1.059643341967977825e+01,-2.459488612144345865e+01,-1.683412645491387138e+01,-1.116458562415379596e+01,-1.281977686487342538e+01,-9.571364766235175736e+00,-1.752413847280534753e+01,-1.577710954451098146e+01,-1.208652908334812359e+01,-2.132240022043655259e+01,-1.154478397125471645e+01,-1.501622979813727810e+01,-1.526750709536509198e+01,-9.426113973091647225e+00,-1.053207234829252670e+01,-1.140527394393006233e+01,-2.057912867878713215e+01,-4.073336902042568397e+01,-3.000032611863477783e+01,-7.968934778195833069e+00,-1.281498496472498871e+01,-2.450858196404379541e+01,-1.777257525451729236e+01,-1.008503544080770986e+01,-9.076492398078496393e+00,-8.984496908924796799e+00,-1.232535598290415813e+01,-1.336729434977102571e+01,-1.758186039871300821e+01,-1.844332734656640582e+01,-1.639888277492707047e+01,-2.484276207736933628e+01,-1.238704198457017824e+01,-1.832830799696436941e+01,-1.578795140077719239e+01,-2.084210826013095641e+01,-2.010335015633819111e+01,-1.376854987910924599e+01,-1.049571264882460930e+01,-1.036025800358168070e+01,-1.738733920636956043e+01,-1.552490413852794227e+01
-1.898042857508963976e+01,-2.014416416144604938e+01,-1.841047468059932157e+01,-1.197790838971014082e+01,-3.273695391794105092e+01,-8.951839778981847573e+00,-8.335374010200684580e+00,-1.206797367593725667e+01,-1.782859754376061545e+01,-1.979672450119811344e+01,-2.044480331809847229e+01,-2.014979222408386050e+01,-3.450035389796128271e+01,-1.979738665925227892e+01,-1.771414680251143636e+01,-1.132114964456899919e+01,-1.866916604266421942e+01,-1.467157262370556658e+01,-1.525946573687614105e+01,-2.946318814610079784e+01,-2.267906213275916372e+01,-1.772249309022552310e+01,-1.376846018498264357e+01,-9.248280418426354288e+00,-2.763515468379079465e+01,-2.273461233394178294e+01,-9.834784095789212088e+00,-7.376554800107484766e+00,-1.081577345172636129e+01,-1.162666574187579016e+01,-1.011249336163394119e+01,-1.638459915753369600e+01,-2.491343668690977609e+01,-2.950425623833461941e+01,-2.582471145444729999e+01,-9.321876089110364916e+00,-2.095976615625499662e+01,-1.483581994556996797e+01,-3.495274786865772398e+01,-4.333556341808482415e+01,-1.544338066711129720e+01,-1.162660038304394661e+01,-1.343032340771981126e+01,-9.758851549584891316e+00,-1.627901232441002932e+01
-3.348571648756313124e+01,-3.929360901642732529e+01,-2.621085011281247290e+01,-2.173269716957068454e+01,-2.999242814989696626e+01,-8.074790449760584465e+00,-1.432940396630242930e+01,-2.258464453933130756e+01,-2.051022118502170599e+01,-2.192532245647774403e+01,-3.013067225082223999e+01,-3.724911828195656938e+01,-3.524862694253960882e+01,-3.411715030252236147e+01,-1.484814599306489136e+01,-9.295164198272816591e+00,-1.130369829857593089e+01,-2.100177789398573225e+01,-2.286283732302469929e+01,-1.705949987894853237e+01,-1.831701473386331713e+01,-9.447053319919914927e+00,-1.521569839069586827e+01,-1.307685604702057702e+01,-3.187948739088282935e+01,-2.555090928037435560e+01,-8.631515186837081188e+00,-9.436140485117954668e+00,-1.635019557658076295e+01,-2.211280709225388108e+01,-1.887675224451980682e+01,-2.337512492787173457e+01,-2.890780473480676349e+01,-1.364227620098184346e+01,-2.122014380777935472e+01,-1.273986108505665449e+01,-1.505089924506662236e+01,-1.634088594782366144e+01,-3.836301696098770719e+01,-3.723139400773202112e+01,-2.457747284546904964e+01,-1.771602492111678373e+01,-9.823085199555386282e+00,-5.072382484880120224e+00,-3.801877050672538871e+01
-3.910815542348939289e+01,-1.826096513511199859e+01,-1.185658886970427517e+01,-1.046585123566156383e+01,-2.211609243533865765e+01,-1.442774044257240540e+01,-2.160759172930255900e+01,-2.162888738560497259e+01,-1.015667031140967858e+01,-1.757720620716909110e+01,-1.949373730181864772e+01,-1.927700068417185264e+01,-2.677126965800643177e+01,-3.267498785421097551e+01,-1.145435937908631807e+01,-1.261961591973841124e+01,-1.882953158891556456e+01,-1.947696308635805806e+01,-3.527595233389965301e+01,-1.297372703614686884e+01,-1.099494786591870543e+01,-7.449306042732722233e+00,-1.892784052411808915e+01,-2.359219011851778447e+01,-4.619430783080599667e+01,-2.796560018091773259e+01,-9.584869765762821459e+00,-1.476114517743101473e+01,-2.314820209552758001e+01,-4.592415156885084571e+01,-3.866609074109591404e+01,-3.956540727110453304e+01,-3.602075219329019262e+01,-8.730787250150058298e+00,-1.848634943810818854e+01,-1.558163838926281919e+01,-1.534237839297339789e+01,-2.273230683280058884e+01,-3.059551465816733895e+01,-3.807387578536519612e+01,-2.159549225704187947e+01,-2.934837899297279762e+01,-1.354145393923258567e+01,-6.289967995325788763e+00,-1.621007665908948780e+01
-3.903254438378233715e+01,-1.223239142728101747e+01,-8.920933680875718252e+00,-1.088785276917721312e+01,-3.253729226279336473e+01,-3.129087990796368501e+01,-3.199827573339786824e+01,-1.952418954382951100e+01,-1.111000696329997339e+01,-1.599393627101699167e+01,-1.545439419454092445e+01,-1.197355013615693409e+01,-2.355672747665439459e+01,-1.552058217230923987e+01,-1.080277785441044536e+01,-7.493589272038122751e+00,-9.891537744975538615e+00,-1.968877963462570335e+01,-1.903268063673086985e+01,-1.260026045868327493e+01,-1.376010971945504835e+01,-8.157967372383330584e+00,-2.176096076778320310e+01,-2.110068128281077549e+01,-1.697198669675783123e+01,-2.864669243210593663e+01,-1.722022269017523755e+01,-1.640834433206321563e+01,-1.823366163864558942e+01,-1.634581194853594965e+01,-2.365324078854364487e+01,-3.909850401379409846e+01,-2.146849577463666492e+01,-1.080805238620182074e+01,-2.062784033550796536e+01,-2.067031582363919995e+01,-2.289499579989339395e+01,-4.144217207283540461e+01,-3.633774760884591615e+01,-1.830717312365217708e+01,-1.912646632410882219e+01,-1.219097337824408456e+01,-2.456964225369269883e+01,-9.841029882055481792e+00,-1.196467326486892446e+01
-3.962569273166588601e+01,-1.251607351004374813e+01,-1.829572313316965548e+01,-1.169683117041980580e+01,-3.234087467429856133e+01,-3.956917807008584020e+01,-4.699047721824051393e+01,-2.037478972987335624e+01,-1.776038316917649951e+01,-1.665043099062200582e+01,-1.760616259362408442e+01,-1.052290931909490723e+01,-1.443070320122224359e+01,-1.532743020850455551e+01,-6.297358231794315309e+00,-5.643885081145354476e+00,-8.586530136122053847e+00,-1.140874529946855986e+01,-1.592323057885282722e+01,-1.893612533392790453e+01,-1.211255227754852548e+01,-1.518964342900714115e+01,-2.552065996058141906e+01,-1.915636054160320612e+01,-1.027453554101902000e+01,-3.122829863694893504e+01,-5.460986208173309819e+01,-1.775368348497164206e+01,-1.688727974991429193e+01,-1.010582148286900406e+01,-2.308221488273493094e+01,-2.369702592276781417e+01,-2.207542143089021280e+01,-1.390818780838808522e+01,-3.755400988751719638e+01,-2.083855337816332565e+01,-2.719232251185594151e+01,-3.289665598714478989e+01,-2.875370669600379259e+01,-1.304681842314405493e+01,-1.116096679180295581e+01,-1.398116657480295011e+01,-3.212034657957391204e+01,-1.549238085987145652e+01,-1.236766524421014424e+01
-3.125769997270463207e+01,-1.366644683555952433e+01,-9.293341206481288808e+00,-9.482078599494631277e+00,-2.929329328471770566e+01,-3.709831792026910335e+01,-3.259392281022706328e+01,-1.847877369144171311e+01,-1.137296540923715682e+01,-1.286782952561911486e+01,-2.422090313095812064e+01,-1.083476550057338272e+01,-1.600546630034106599e+01,-1.321884019939922794e+01,-5.170533563799944332e+00,-9.896899962338569168e+00,-1.924770226915979521e+01,-1.787494803994945158e+01,-1.865058902858758216e+01,-1.798045374474128622e+01,-1.361666483750753542e+01,-1.874259242232356826e+01,-4.438029407402160587e+01,-2.108732121678214000e+01,-7.904429241922246163e+00,-1.865041268691403786e+01,-2.358017972812083585e+01,-1.537264495127699071e+01,-7.518782884096772534e+00,-1.003562842456763349e+01,-1.997603157020914821e+01,-1.949443655350147608e+01,-1.424404473247041736e+01,-1.064209551353705585e+01,-2.411667281024225318e+01,-1.235351612811129840e+01,-1.872134385761749442e+01,-4.073277069222909574e+01,-3.961369847683933898e+01,-1.723423056582871382e+01,-1.523260618488166962e+01,-2.989773396003954886e+01,-3.174272067210626602e+01,-3.285682227011335499e+01,-1.731386066035545923e+01
-1.841614167151246306e+01,-1.300135928141751229e+01,-1.232812803548834779e+01,-1.458173152973568065e+01,-2.243046383263902044e+01,-2.601655984790824405e+01,-2.119562192468610817e+01,-1.866412364874064878e+01,-1.033220602644600028e+01,-1.498989413955564665e+01,-1.257438515274607838e+01,-8.697654132680694872e+00,-1.675390004164606239e+01,-1.138237242859507958e+01,-8.591422571890513282e+00,-1.259371002118104776e+01,-2.299620077270244067e+01,-1.684948973637090575e+01,-2.344939050037144312e+01,-1.095262155316187602e+01,-1.135287624671443396e+01,-2.068934502836585665e+01,-3.699970931024618892e+01,-1.834990431963495183e+01,-1.279504056693866509e+01,-1.153063295926369847e+01,-1.559886974345191923e+01,-1.707305396754313520e+01,-9.891296785358145272e+00,-1.017557052134492146e+01,-2.439255731805427274e+01,-1.909920078555205336e+01,-8.215976048765687878e+00,-1.729343250110746411e+01,-2.419783558107823751e+01,-9.792121532709501253e+00,-1.949688987668848839e+01,-3.575281444616908999e+01,-2.766437596607438465e+01,-2.348405961804494524e+01,-1.907947832214748018e+01,-2.425838337374521814e+01,-1.649358425718888199e+01,-2.090870069808580567e+01,-2.586270185414568346e+01
-1.165266110995607463e+01,-1.062685112953133348e+01,-2.558589441781007423e+01,-2.761601935107825057e+01,-1.021009485716954934e+01,-1.159543740168358283e+01,-1.287493384172989153e+01,-2.322266613180775607e+01,-1.839547567958082297e+01,-1.334625468500452783e+01,-6.401160035216081567e+00,-1.261002829485344279e+01,-1.586186992711010646e+01,-1.973287620835376543e+01,-1.347788102642470953e+01,-1.009610387248172536e+01,-1.998698266757599384e+01,-1.140508235481832244e+01,-1.171229615513917821e+01,-1.194411653819986974e+01,-2.030773227410197990e+01,-2.718855831737620221e+01,-3.706312836153810508e+01,-2.086238311875096940e+01,-2.813471510316052004e+01,-1.339267352843354253e+01,-9.273903103366663458e+00,-1.020500218196222519e+01,-2.131200152221632038e+01,-1.836500988444289462e+01,-2.096759555396117136e+01,-1.442800842701261743e+01,-1.093123515762075826e+01,-2.900122542091814637e+01,-3.715109448521200619e+01,-1.407661664591999795e+01,-1.858197873363146257e+01,-2.458489841426537126e+01,-1.857795349725151723e+01,-1.233493881566694483e+01,-1.359558562957779593e+01,-2.080147948393737067e+01,-1.009540070985212523e+01,-1.825371559461483173e+01,-3.561046954762020533e+01
-1.218535944376059632e+01,-1.036417777475707780e+01,-4.046807415861256629e+01,-3.532231385216497443e+01,-7.951617901589703941e+00,-1.478602928260255744e+01,-1.016192593751620699e+01,-1.053782419843011731e+01,-7.133507284515249403e+00,-1.627617080327111054e+01,-8.844129055606408940e+00,-1.221103188186138055e+01,-2.413295749934799517e+01,-2.692769733095941831e+01,-1.567869351743768647e+01,-7.525867492176086415e+00,-3.398558890095000606e+01,-1.512130651956507421e+01,-1.134747611954091440e+01,-1.588159809055668781e+01,-2.808367406805958666e+01,-4.206946785168167935e+01,-3.089564441001726181e+01,-2.226249888413695643e+01,-2.745041613492143284e+01,-1.065374053686178968e+01,-9.045320111584109313e+00,-7.702746366814780643e+00,-1.239016819485019916e+01,-3.225081799540885896e+01,-1.294845896949268038e+01,-9.363636080758409364e+00,-1.713627921607233162e+01,-2.989478047610146660e+01,-3.719954164722255996e+01,-2.740773494383386932e+01,-2.081873229840751804e+01,-1.798875564553814499e+01,-1.728330909585542230e+01,-1.483516996842284641e+01,-1.760395018764528885e+01,-2.148878406350190673e+01,-1.472987061266569420e+01,-2.086359455944494101e+01,-3.195470616933491215e+01
-1.756563477803277351e+01,-1.248600247209634517e+01,-1.635692340392976618e+01,-2.402979319595876717e+01,-1.092163248483000260e+01,-2.135244868948025143e+01,-1.762427020837487390e+01,-1.446724322508829808e+01,-6.823225043223235531e+00,-1.135654774348918927e+01,-1.233052706958730305e+01,-1.573732635055183060e+01,-3.101790265124952839e+01,-2.672657872114842093e+01,-1.443892466918081041e+01,-7.088420515793854904e+00,-2.141428129768934951e+01,-3.132806413199098117e+01,-2.266917180886322214e+01,-3.244007494355949461e+01,-2.875755379561476843e+01,-1.984562075834305261e+01,-2.080206351505535167e+01,-1.915434863733285908e+01,-1.283182340686089873e+01,-9.778443974423939977e+00,-1.157538695450805299e+01,-6.719254713902362397e+00,-1.250938566483766046e+01,-2.195115734148461684e+01,-1.069996728333155467e+01,-5.722223105994716619e+00,-2.209855840181867137e+01,-2.321573178885333277e+01,-3.843045189514220539e+01,-2.448976532603099088e+01,-2.694098422533026138e+01,-2.525428677822901946e+01,-2.760106949625198425e+01,-2.307776140380966012e+01,-2.091353865213033814e+01,-2.427407185826128710e+01,-3.112077148482640965e+01,-1.681676747980148434e+01,-2.096335944387935513e+01
-2.785453780178373506e+01,-1.243171173956403486e+01,-1.017809856379966682e+01,-3.133528863610489879e+01,-2.160949635877708275e+01,-2.275542505157130790e+01,-3.112629912956173683e+01,-2.853768917638162605e+01,-1.166163637555982646e+01,-1.858288495760798753e+01,-1.456485185280652850e+01,-3.365187593779819508e+01,-2.456801882930050951e+01,-3.301058165416917944e+01,-1.655427764586156059e+01,-7.266710397026473700e+00,-2.603821787953547684e+01,-3.189569288509787270e+01,-3.434376247681263550e+01,-1.957914128059754688e+01,-1.716298133807624993e+01,-1.163402664880144854e+01,-1.353701132475044133e+01,-1.815442879508320573e+01,-1.013190817942534139e+01,-2.140187736343805014e+01,-1.106814052823559891e+01,-7.372430851652774564e+00,-1.081582902788980327e+01,-2.385191751890110368e+01,-1.526725164899374043e+01,-9.040861919285365644e+00,-1.502718704818578743e+01,-1.986288779489013478e+01,-1.540019622286220269e+01,-1.901654291862930890e+01,-2.750320265249691687e+01,-1.511187507972647559e+01,-2.842645650977144101e+01,-1.350361066127383936e+01,-1.378855262736631282e+01,-3.003458125416414859e+01,-1.321565045132216021e+01,-8.739510262757530512e+00,-1.348452409272304209e+01
-3.086447612222299597e+01,-1.445382013864921866e+01,-1.326512033797739321e+01,-2.734900550823344645e+01,-4.087990129294350794e+01,-4.007472692887616716e+01,-3.349555448156222326e+01,-2.105057689469952464e+01,-1.062790285838518400e+01,-2.419671669151812310e+01,-2.197928081050035232e+01,-2.689047456948195958e+01,-3.846824864966295365e+01,-3.439427694388328405e+01,-1.594881528696771866e+01,-9.825469796565615255e+00,-2.740334274621185529e+01,-3.696061233883463615e+01,-3.424118565948366211e+01,-1.642633091258952049e+01,-1.057480942081849307e+01,-1.188266965004276443e+01,-2.123344454721412689e+01,-8.253661801073210569e+00,-1.170812504320335279e+01,-2.091219120674602294e+01,-9.145941866336301018e+00,-1.150249467316255902e+01,-1.223352977975096323e+01,-1.754187009908632788e+01,-1.008711486775091970e+01,-1.317053561121932681e+01,-1.304645178232303948e+01,-2.722072361449185607e+01,-1.003783558667700859e+01,-1.525353556721660730e+01,-3.106355397399705964e+01,-1.205279254290298319e+01,-3.160618334275537222e+01,-1.421253446317028946e+01,-1.580573984391436859e+01,-2.437556078790191805e+01,-6.942998153816969165e+00,-1.762966320724220637e+01,-1.264703654964844404e+01
-3.078961016075729162e+01,-2.030781047356895996e+01,-3.527315334692661963e+01,-3.764978263076849174e+01,-3.381772013554261491e+01,-2.793520847705415378e+01,-3.532945258394310883e+01,-1.669480656120853723e+01,-6.743393138158705113e+00,-3.447106822126351489e+01,-3.169078484375173588e+01,-2.452803180576486142e+01,-1.911639130462175018e+01,-2.256738526052835070e+01,-1.725492883357113527e+01,-8.800391969335963793e+00,-2.552960539813847518e+01,-4.079905114244562014e+01,-3.825616359062897232e+01,-2.292093827435756026e+01,-1.797327875555653520e+01,-1.851338310855325275e+01,-1.389898514892006709e+01,-7.519210226055852431e+00,-1.133050152486629436e+01,-2.020746264156941052e+01,-5.895362487345220615e+00,-1.047836007901521072e+01,-1.119477507701424912e+01,-9.240953787766152061e+00,-6.971611045043650812e+00,-1.437896283462085201e+01,-1.281383157691520580e+01,-2.261525688943342516e+01,-1.095241379782141777e+01,-1.794780042538599218e+01,-1.805973746201042474e+01,-1.297715292649742835e+01,-2.360514472138182995e+01,-2.028939060900280111e+01,-1.743150781651108261e+01,-1.270040130012635515e+01,-8.936597408438327506e+00,-2.628974547043408805e+01,-1.345855570724363659e+01
-4.153518477047451540e+01,-1.923072224818180231e+01,-1.164652412943083704e+01,-4.243083259797814577e+01,-1.637056120674238713e+01,-1.927876588063256591e+01,-3.367744082816775375e+01,-1.595579725475699107e+01,-9.656302661451348968e+00,-2.792295697202430560e+01,-3.381024792862918815e+01,-1.990278655336136993e+01,-1.085764024751849988e+01,-1.930567887277568317e+01,-2.721784016392145489e+01,-6.574003673871976261e+00,-2.517134383907056261e+01,-3.870506250600129761e+01,-3.387719549389640150e+01,-2.331625684509750940e+01,-7.992907397350574428e+00,-1.076291927486085775e+01,-1.079903742675866241e+01,-7.969657494987702151e+00,-2.065765948304782995e+01,-2.136504430218018413e+01,-7.827257846933628471e+00,-2.081618332256409687e+01,-1.379719628474419224e+01,-1.168331009283287436e+01,-1.259837217509326734e+01,-1.114024010112200003e+01,-1.104764858856377607e+01,-2.729703372408966544e+01,-1.047901637408500974e+01,-1.356685140522354338e+01,-1.517569258781017538e+01,-2.084538892992869208e+01,-2.529635542316102459e+01,-2.607355338035642234e+01,-1.398488150984869094e+01,-1.245213002147329462e+01,-1.894923235286600516e+01,-1.097917316516009123e+01,-1.389987075089130819e+01
-3.513881178065239652e+01,-1.491822707441836116e+01,-5.986173709928726439e+00,-2.553990852517000221e+01,-1.027579094033615625e+01,-1.575107106533698520e+01,-3.284516168733298258e+01,-2.520697975386514855e+01,-2.058778563471930312e+01,-2.482755861263707686e+01,-4.162053180538168817e+01,-1.940661019265118625e+01,-1.326183002012797019e+01,-1.990850434836342231e+01,-1.715442062784709876e+01,-7.642758027704537049e+00,-3.052275086060166487e+01,-2.033443410708599330e+01,-2.131038930834375122e+01,-1.523834078911725598e+01,-6.232361125148580427e+00,-1.013611191943923728e+01,-1.003276455153017110e+01,-8.595228112310826063e+00,-2.575469650320906823e+01,-1.287516021683016199e+01,-1.447357643703679919e+01,-2.422458890394936049e+01,-2.360420702554269923e+01,-2.346740426658049472e+01,-2.272397687088817264e+01,-1.367575275785618061e+01,-1.139690455767050992e+01,-2.537876705768134045e+01,-1.335301017048556638e+01,-1.173723899891108147e+01,-1.907477924424209803e+01,-3.718719758518056295e+01,-3.057748889150162341e+01,-3.250771961830625401e+01,-1.193719845243965949e+01,-1.285052310040879320e+01,-3.120114977834219516e+01,-1.257588720472299038e+01,-1.770702325129050791e+01
-1.799452649536098647e+01,-7.048183622691743366e+00,-1.105649438904820414e+01,-1.157073103537524794e+01,-9.641928624174539664e+00,-1.396597740041403313e+01,-3.186934561198928151e+01,-2.354300065824090993e+01,-1.651866459992087854e+01,-1.789041846422181692e+01,-3.298774245728202459e+01,-1.651684372167037651e+01,-1.814919685884063227e+01,-3.445754240904803112e+01,-1.115577332881161787e+01,-1.101877439232961997e+01,-1.617532434328330737e+01,-1.076015728563661078e+01,-1.792009947423629868e+01,-1.608170591656078940e+01,-1.005248979025505740e+01,-1.124585842778240874e+01,-1.668120570826810578e+01,-1.559797633849947118e+01,-1.791716468635399551e+01,-1.111430306882270180e+01,-1.761765392871359026e+01,-3.518081377144532240e+01,-2.589229239605517563e+01,-2.544798697871617321e+01,-2.934609230404399582e+01,-1.628223546006743661e+01,-1.280864036674466888e+01,-2.659431315337992885e+01,-2.708983414619851615e+01,-1.728251998397263733e+01,-2.582529029999635384e+01,-3.711231700507983788e+01,-2.464625426567999256e+01,-2.561107583400354315e+01,-1.082623278100355435e+01,-1.165270914625410548e+01,-3.078573874686085077e+01,-2.701043318547874250e+01,-2.777814564594503466e+01
-1.123541031603808449e+01,-1.101673359630639482e+01,-1.244250988821148951e+01,-1.228362548462975923e+01,-9.996584720901811494e+00,-1.011964746581123364e+01,-1.918409076745832564e+01,-2.092637128353663911e+01,-9.448565894587224179e+00,-1.068138829367738118e+01,-1.494811889241724501e+01,-1.760473312102395127e+01,-1.209072850385153153e+01,-1.213423216697718487e+01,-1.700711476169218273e+01,-5.225751856471957524e+01,-9.735090196965492382e+00,-1.357597313290305863e+01,-1.809150226418627128e+01,-2.044630606317219801e+01,-1.887351006026629108e+01,-1.036690690201593767e+01,-2.065384386963756214e+01,-2.900332482353375596e+01,-1.753012851056966781e+01,-1.602395008763577877e+01,-3.245720531232403516e+01,-3.252888980563790966e+01,-2.578271629154016509e+01,-2.709186933664203423e+01,-2.337110019869555089e+01,-2.052067781665361679e+01,-1.462811752765284723e+01,-1.864565897811811013e+01,-1.973080852493694337e+01,-1.853994952418185349e+01,-2.514431126400607042e+01,-3.458477894175030798e+01,-2.042380320365875690e+01,-1.317997211391642054e+01,-1.242488224226226734e+01,-1.007712329758601477e+01,-3.409504843147655606e+01,-3.303515218108353224e+01,-3.445737730455847014e+01
-1.360875364669764842e+01,-2.603659968248999945e+01,-1.488568858625452052e+01,-2.532780465524815128e+01,-1.515330705267487410e+01,-1.198470028950442057e+01,-1.468164295220269722e+01,-1.787761566722093676e+01,-1.484504325821869841e+01,-1.623736299470456146e+01,-7.692660298878404745e+00,-2.292619943035397512e+01,-1.807125304645371600e+01,-7.851406864290428445e+00,-1.706983760459000266e+01,-2.417903465311613331e+01,-1.385174145987743799e+01,-3.183234712976500091e+01,-9.207428729437911130e+00,-1.259804771963197112e+01,-9.347797196423817567e+00,-1.738249860271167080e+01,-2.057896651464766080e+01,-3.324406475246279058e+01,-1.899030723800045095e+01,-9.861848654166410100e+00,-2.624961472849676269e+01,-2.178517730084965720e+01,-2.116019513785495931e+01,-2.197637118579253368e+01,-2.108039716743629910e+01,-4.184342782809635963e+01,-1.671466915152525701e+01,-1.185440526692148566e+01,-2.540206890810516427e+01,-1.510389194064173068e+01,-1.624663009685323090e+01,-3.111693414698450511e+01,-2.373401526887221635e+01,-1.240591067274712245e+01,-1.062915195416221792e+01,-9.790957937214081142e+00,-3.128531985873316046e+01,-3.461342994991068167e+01,-3.350757873342217152e+01
-2.673031049273694038e+01,-2.847662886128874504e+01,-3.099618671790037183e+01,-3.388600434407006645e+01,-2.624361593980847829e+01,-2.035315059420200967e+01,-1.134747522296770406e+01,-1.099649870133560015e+01,-2.804802000536712470e+01,-1.423694310286478704e+01,-8.759858329872150406e+00,-1.397699552333627082e+01,-9.300275915029445173e+00,-1.168449226254129414e+01,-2.857509370002331295e+01,-2.148564947482272558e+01,-1.365280722588153495e+01,-1.480549978510821596e+01,-9.242700949830496171e+00,-9.617674646795311588e+00,-1.455054525636496976e+01,-2.682422033433153885e+01,-2.679731341630751729e+01,-2.727178087960799502e+01,-2.353864828216869043e+01,-1.358934714884766137e+01,-1.373117421032044483e+01,-1.272627215083870311e+01,-2.043696125263694796e+01,-1.160888390015159288e+01,-2.074368523051978386e+01,-4.106958421888849387e+01,-1.909272136592775482e+01,-1.582928165665432729e+01,-2.319086363851049981e+01,-1.856077181760537087e+01,-1.802153253190370563e+01,-4.075830375110270154e+01,-2.018242183062145401e+01,-2.828699278562893227e+01,-2.352890208828579333e+01,-1.565101607850400711e+01,-3.430352438920158420e+01,-3.248814550646529398e+01,-3.214183565995878666e+01
-2.679404723318586434e+01,-3.732848796055512963e+01,-3.794880600809366911e+01,-3.271682502650583046e+01,-3.750393753349990078e+01,-3.719444402969771346e+01,-1.445517651489820210e+01,-1.124769386676419636e+01,-2.864270983411314830e+01,-1.809365136842219357e+01,-2.471296362670962665e+01,-1.301051203419295277e+01,-1.068831208069364003e+01,-1.488524079479839735e+01,-3.646492668301027607e+01,-1.851786719057298569e+01,-1.024943285357534251e+01,-9.895208167163678681e+00,-1.511484543494418276e+01,-1.181599854783570080e+01,-2.981459750047982027e+01,-3.249450272594739175e+01,-4.039509008284768043e+01,-3.076055951188141080e+01,-2.622318804373842127e+01,-4.268997061241599056e+01,-1.027305822242590949e+01,-1.229029391101739854e+01,-2.021595490502051717e+01,-1.066724489841241841e+01,-1.866455222333354769e+01,-3.340105981778614108e+01,-3.116159913571840079e+01,-3.856668684951253567e+01,-2.843937527184013447e+01,-2.879479356545204638e+01,-3.115510373875352457e+01,-4.380545298535106724e+01,-2.437869842581462621e+01,-2.590624221787413006e+01,-3.429906085044655839e+01,-3.444727196970251271e+01,-2.768007834242986931e+01,-3.251589374904403940e+01,-3.847455090524149313e+01
-2.757018924451481467e+01,-3.892593484456947550e+01,-4.267870163106663028e+01,-3.440943677576383664e+01,-3.957865206570990324e+01,-3.800749955227473009e+01,-2.049825974897513703e+01,-2.037101640542223535e+01,-2.652703658144092813e+01,-4.203534332967679177e+01,-2.381693704462409045e+01,-2.764718668634779419e+01,-2.359824052931558214e+01,-2.370214866707665635e+01,-4.075578375628315086e+01,-2.108268082140943278e+01,-1.780039160390070663e+01,-1.919634573177973280e+01,-3.273607625840104163e+01,-1.966400226543230545e+01,-2.686244463607898325e+01,-2.984739235452740758e+01,-3.678036091283312459e+01,-3.752554271344151715e+01,-3.061928084250716253e+01,-2.682781149641085250e+01,-1.854443143169644870e+01,-1.833322873427199085e+01,-2.760932620626924816e+01,-2.073300753987118838e+01,-2.253066928106822076e+01,-3.208493008135554447e+01,-2.929698564122912074e+01,-3.723981623461070001e+01,-3.746208556484521068e+01,-3.376743356003648699e+01,-4.417918674435259874e+01,-3.045674263505102175e+01,-3.542826805532837398e+01,-3.126565571497341978e+01,-4.840406705243499630e+01,-3.117240240954999209e+01,-3.205268574130516868e+01,-3.914182510418708461e+01,-4.075064589343271138e+01
