Sequence,Signal Type,Time (s),Frequency (Hz),Correlation Value
0,D,9.59,7576,0.81
0,A,11.63,6820,0.0
0,B,14.94,6760,0.01
0,D,16.39,7616,0.79
0,C,18.67,6840,-0.01
0,D,20.13,7496,0.88
0,A,22.38,6720,0.01
0,F,25.69,10038,0.72
0,E,26.83,7536,0.59
0,F,28.38,10018,0.77
0,C,29.47,6720,0.02
0,A,31.21,6840,-0.03
0,G,34.48,7416,0.9
0,B,36.67,6840,-0.01
0,G,38.58,7516,0.64
0,C,40.91,6800,0.0
0,D,42.41,7576,0.83
0,G,44.49,7576,0.55
0,E,46.72,7596,0.64
0,F,48.09,9878,0.88
0,C,49.13,6760,0.01
0,E,50.91,7556,0.6
0,F,52.4,9898,0.85
0,E,53.63,7776,0.9
0,F,55.05,9838,0.93
0,E,56.29,7776,0.89
0,F,57.57,9778,0.83
0,E,58.77,7796,0.79
0,C,60.15,6720,0.02
0,G,61.93,7436,0.8
0,E,64.23,7696,0.82
0,B,65.77,6880,-0.01
0,F,67.58,9778,0.84
0,G,68.85,7356,0.73
0,B,71.13,6880,-0.01
0,E,73.08,7776,0.86
0,C,74.51,6740,0.01
0,A,76.21,6840,-0.03
0,X,79.22,6875,0.95
1,D,9.59,7616,0.76
1,A,11.78,6880,-0.04
1,B,14.96,6840,-0.01
1,C,16.78,6700,0.01
1,E,18.51,7796,0.86
1,A,19.98,6880,-0.04
1,E,23.25,7696,0.87
1,C,24.64,6880,-0.01
1,A,26.56,6880,-0.04
1,E,29.66,7716,0.89
1,D,30.8,7556,0.87
1,F,33.05,9818,0.88
1,B,34.18,6820,-0.01
1,E,36.16,7696,0.87
1,F,37.54,9918,0.84
1,C,38.72,6840,0.0
1,E,40.54,7576,0.62
1,D,41.51,7676,0.68
1,A,43.54,6760,0.01
1,D,46.28,7496,0.82
1,A,48.54,6820,-0.0
1,C,51.83,6720,0.01
1,G,53.67,7456,0.84
1,X,55.8,6875,0.93
2,F,9.95,9938,0.8
2,G,11.01,7356,0.73
2,C,13.34,6780,0.01
2,G,15.25,7476,0.79
2,F,17.62,9958,0.83
2,G,18.63,7416,0.84
2,E,20.89,7596,0.65
2,A,22.4,6820,0.0
2,B,25.47,6760,0.0
2,E,27.47,7716,0.79
2,A,29.04,6740,0.01
2,D,31.8,7696,0.65
2,G,33.98,7516,0.66
2,E,36.13,7696,0.84
2,B,37.52,6820,0.0
2,A,39.6,6800,0.0
2,E,42.85,7656,0.8
2,B,44.18,6720,0.01
2,C,46.03,6740,0.01
2,G,47.76,7536,0.67
2,F,50.0,10018,0.73
2,D,50.68,7516,0.77
2,X,52.71,6875,0.93
3,E,9.55,7696,0.87
3,A,10.93,6880,-0.04
3,B,13.95,6880,-0.02
3,E,15.95,7576,0.64
3,G,17.45,7476,0.78
3,C,19.86,6780,0.01
3,B,21.75,6860,-0.02
3,F,23.65,9898,0.89
3,B,24.66,6820,-0.01
3,E,26.51,7656,0.79
3,F,27.99,10038,0.76
3,D,28.7,7776,0.59
3,E,30.86,7816,0.78
3,C,32.26,6820,0.0
3,A,34.02,6720,0.02
3,B,37.15,6840,-0.01
3,F,39.02,9878,0.84
3,G,40.04,7496,0.77
3,F,42.29,9998,0.76
3,B,43.3,6840,-0.01
3,A,45.39,6760,0.01
3,C,48.71,6860,-0.01
3,D,50.04,7696,0.63
3,X,52.02,6875,0.88
4,G,9.94,7596,0.56
4,E,12.23,7716,0.9
4,D,13.37,7596,0.78
4,G,15.51,7596,0.56
4,B,17.65,6840,-0.01
4,F,19.59,9978,0.8
4,A,20.6,6780,0.01
4,F,23.82,10038,0.73
4,C,25.06,6820,-0.01
4,F,26.7,9858,0.84
4,A,27.98,6740,0.01
4,D,30.73,7536,0.81
4,F,32.78,9778,0.77
4,G,33.85,7556,0.61
4,B,36.02,6900,-0.02
4,E,37.96,7556,0.58
4,A,39.48,6860,-0.04
4,D,42.26,7656,0.69
4,E,44.33,7816,0.83
4,A,45.79,6860,-0.04
4,D,48.67,7536,0.89
4,E,50.78,7696,0.87
4,C,52.11,6800,0.01
4,X,53.78,6875,0.89
5,F,9.97,10058,0.72
5,C,10.98,6840,-0.01
5,E,12.73,7536,0.58
5,G,14.1,7436,0.82
5,B,16.32,6840,-0.01
5,E,18.3,7816,0.83
5,G,19.72,7536,0.65
5,F,21.83,9818,0.89
5,B,23.07,6780,0.0
5,G,25.0,7476,0.79
5,E,27.17,7636,0.72
5,C,28.5,6840,0.0
5,F,30.23,9818,0.81
5,E,31.31,7596,0.67
5,B,32.61,6840,-0.01
5,F,34.45,10058,0.72
5,G,35.54,7456,0.84
5,D,37.52,7696,0.68
5,E,39.55,7636,0.75
5,B,41.04,6880,-0.02
5,G,43.11,7436,0.79
5,F,45.42,9878,0.9
5,C,46.64,6860,-0.01
5,D,47.93,7476,0.81
5,A,50.05,6740,0.01
5,D,52.84,7676,0.66
5,C,55.12,6860,-0.01
5,D,56.58,7576,0.83
5,G,58.57,7556,0.61
5,E,60.75,7736,0.88
5,B,62.19,6820,-0.01
5,D,63.71,7536,0.78
5,B,65.8,6780,0.0
5,G,67.82,7556,0.59
5,E,70.13,7816,0.79
5,F,71.55,9758,0.84
5,C,72.65,6820,0.0
5,A,74.37,6720,0.01
5,X,77.43,6875,0.85
6,B,9.99,6780,0.0
6,E,11.97,7716,0.87
6,B,13.33,6840,-0.01
6,E,15.32,7676,0.77
6,D,16.34,7536,0.81
6,F,18.48,10018,0.72
6,C,19.59,6780,0.0
6,D,20.99,7656,0.68
6,F,23.03,9758,0.82
6,E,24.31,7556,0.59
6,G,25.69,7516,0.68
6,E,27.84,7656,0.76
6,F,29.27,9798,0.81
6,C,30.51,6720,0.01
6,D,31.92,7696,0.66
6,E,34.15,7676,0.81
6,B,35.54,6820,-0.01
6,E,37.61,7556,0.62
6,B,39.12,6720,0.01
6,F,41.09,9958,0.85
6,D,41.84,7676,0.69
6,G,44.06,7596,0.54
6,B,46.2,6900,-0.02
6,E,48.15,7616,0.7
6,G,49.59,7536,0.69
6,D,51.48,7576,0.8
6,G,53.66,7396,0.87
6,C,55.96,6740,0.01
6,E,57.83,7676,0.76
6,D,58.77,7636,0.75
6,A,60.93,6720,0.01
6,G,64.03,7456,0.84
6,B,66.26,6760,0.01
6,A,68.23,6860,-0.04
6,C,71.35,6760,0.01
6,G,73.19,7416,0.82
6,C,75.36,6720,0.01
6,G,77.07,7476,0.76
6,A,79.37,6820,-0.03
6,F,82.52,9998,0.8
6,B,83.55,6880,-0.01
6,C,85.36,6720,0.01
6,B,87.2,6900,-0.02
6,G,88.99,7536,0.67
6,A,91.37,6800,0.0
6,D,94.12,7696,0.62
6,F,96.23,9958,0.86
6,C,97.41,6760,0.01
6,F,99.09,9958,0.77
6,D,99.88,7716,0.61
6,B,101.93,6820,-0.01
6,C,103.84,6780,0.01
6,B,105.7,6840,-0.01
6,F,107.62,10058,0.68
6,D,108.42,7636,0.76
6,B,110.45,6740,0.01
6,G,112.31,7556,0.6
6,B,114.42,6840,-0.01
6,A,116.34,6840,-0.03
6,G,119.61,7376,0.82
6,B,121.94,6740,0.01
6,D,123.63,7736,0.61
6,F,125.63,9978,0.76
6,E,126.85,7716,0.83
6,X,128.13,6875,0.93
7,A,9.99,6800,0.0
7,F,13.18,9758,0.76
7,A,14.24,6880,-0.04
7,G,17.41,7356,0.79
7,E,19.76,7536,0.59
7,D,20.9,7756,0.61
7,A,22.92,6840,-0.04
7,D,25.75,7656,0.71
7,A,27.88,6720,0.01
7,E,30.98,7796,0.81
7,A,32.49,6760,0.0
7,C,35.69,6880,-0.01
7,B,37.41,6880,-0.02
7,X,39.2,6875,0.89
8,D,9.58,7676,0.68
8,C,11.7,6840,-0.01
8,A,13.45,6840,-0.03
8,F,16.46,9998,0.81
8,B,17.64,6740,0.01
8,G,19.7,7496,0.78
8,D,21.59,7756,0.59
8,C,23.81,6760,0.01
8,D,25.09,7636,0.71
8,F,27.1,9878,0.8
8,A,28.33,6800,0.01
8,C,31.45,6820,-0.01
8,B,33.22,6760,0.01
8,D,34.75,7756,0.55
8,C,36.78,6860,-0.01
8,B,38.43,6840,-0.01
8,G,40.45,7376,0.83
8,B,42.6,6860,-0.01
8,C,44.6,6760,0.01
8,E,46.41,7696,0.81
8,C,47.87,6880,-0.01
8,G,49.55,7356,0.78
8,A,51.85,6720,0.01
8,E,55.01,7516,0.55
8,G,56.37,7416,0.75
8,B,58.68,6860,-0.01
8,G,60.48,7596,0.54
8,F,62.68,10038,0.72
8,B,63.76,6760,0.0
8,F,65.64,9998,0.8
8,G,66.71,7596,0.53
8,B,68.96,6740,0.01
8,F,71.02,10078,0.65
8,C,72.06,6740,0.01
8,F,73.77,10038,0.71
8,G,74.99,7516,0.71
8,D,76.9,7696,0.67
8,X,78.89,6875,0.91
9,A,9.97,6760,0.01
9,F,13.08,9918,0.78
9,G,14.13,7556,0.62
9,F,16.31,9898,0.86
9,A,17.47,6780,0.01
9,E,20.66,7676,0.82
9,B,22.14,6820,-0.01
9,C,24.06,6820,0.0
9,E,25.86,7716,0.89
9,G,27.33,7536,0.63
9,D,29.18,7676,0.69
9,G,31.24,7376,0.79
9,D,33.03,7676,0.67
9,C,35.27,6760,0.01
9,A,37.03,6780,0.01
9,D,39.85,7536,0.83
9,C,41.88,6760,0.01
9,D,43.19,7556,0.83
9,G,45.29,7456,0.82
9,D,47.19,7696,0.62
9,A,49.3,6820,0.0
9,G,52.38,7376,0.79
9,A,54.67,6840,-0.03
9,C,57.8,6860,-0.01
9,E,59.68,7556,0.62
9,B,61.0,6720,0.01
9,E,62.9,7756,0.91
9,F,64.27,9778,0.87
9,X,65.24,6875,0.94
10,A,9.96,6780,0.0
10,E,13.06,7556,0.58
10,G,14.39,7376,0.8
10,A,16.59,6800,0.0
10,C,19.84,6760,0.01
10,B,21.6,6720,0.01
10,D,23.1,7756,0.61
10,B,25.19,6900,-0.01
10,C,27.12,6760,0.01
10,G,28.87,7356,0.78
10,A,31.06,6740,0.01
10,D,33.75,7596,0.84
10,C,35.96,6720,0.01
10,B,37.88,6720,0.01
10,D,39.37,7716,0.61
10,B,41.4,6720,0.01
10,D,42.89,7536,0.84
10,E,44.98,7536,0.55
10,G,46.39,7536,0.66
10,F,48.7,9918,0.87
10,X,49.68,6875,0.88
11,A,9.96,6840,-0.03
11,B,13.11,6820,0.0
11,C,14.95,6840,-0.01
11,F,16.86,9798,0.86
11,G,17.93,7556,0.58
11,A,20.09,6880,-0.04
11,B,23.12,6860,-0.01
11,A,25.18,6840,-0.03
11,F,28.2,10058,0.68
11,B,29.25,6760,0.01
11,A,31.31,6760,0.01
11,B,34.46,6820,-0.01
11,G,36.44,7496,0.68
11,B,38.7,6740,0.01
11,E,40.6,7796,0.87
11,D,41.59,7496,0.84
11,X,43.61,6875,0.9
12,D,9.58,7616,0.77
12,G,11.6,7476,0.83
12,A,13.82,6860,-0.04
12,E,16.88,7596,0.65
12,D,17.83,7736,0.58
12,B,19.86,6740,0.01
12,F,21.86,9978,0.78
12,A,23.0,6800,0.0
12,B,26.08,6820,-0.01
12,D,27.64,7616,0.73
12,E,29.67,7536,0.59
12,A,31.16,6880,-0.04
12,B,34.3,6900,-0.02
12,A,36.1,6860,-0.04
12,E,39.17,7616,0.71
12,B,40.59,6740,0.01
12,G,42.57,7356,0.75
12,D,44.51,7516,0.86
12,B,46.57,6840,-0.01
12,D,48.07,7496,0.87
12,C,50.24,6840,0.0
12,F,52.04,10038,0.67
12,E,53.27,7596,0.68
12,A,54.72,6700,0.02
12,E,57.92,7656,0.77
12,B,59.27,6700,0.01
12,A,61.38,6760,0.01
12,G,64.48,7456,0.77
12,C,66.64,6740,0.01
12,F,68.6,9818,0.91
12,B,69.68,6900,-0.02
12,E,71.64,7556,0.61
12,C,72.96,6780,0.01
12,E,74.66,7676,0.75
12,F,76.13,9938,0.78
12,D,76.77,7576,0.77
12,X,78.76,6875,0.92
13,C,9.97,6860,-0.01
13,B,11.63,6820,-0.01
13,G,13.68,7336,0.71
13,C,15.87,6900,-0.01
13,E,17.64,7756,0.77
13,D,18.69,7456,0.75
13,G,20.7,7556,0.63
13,D,22.51,7696,0.66
13,C,24.77,6840,-0.01
13,D,26.16,7496,0.8
13,G,28.21,7396,0.89
13,B,30.4,6900,-0.02
13,F,32.32,9958,0.84
13,C,33.49,6700,0.01
13,B,35.23,6820,-0.01
13,F,37.06,9818,0.91
13,G,38.15,7496,0.78
13,E,40.35,7796,0.87
13,F,41.7,9958,0.83
13,A,42.95,6820,-0.0
13,B,46.13,6720,0.01
13,A,48.07,6880,-0.04
13,F,51.3,9878,0.83
13,D,52.14,7516,0.81
13,C,54.34,6780,0.01
13,E,56.25,7796,0.83
13,A,57.54,6720,0.01
13,G,60.68,7456,0.8
13,X,62.79,6875,0.93
14,D,9.56,7636,0.75
14,B,11.63,6900,-0.02
14,G,13.5,7376,0.86
14,C,15.69,6720,0.01
14,F,17.37,9798,0.87
14,C,18.5,6860,-0.01
14,G,20.34,7536,0.67
14,A,22.58,6840,-0.03
14,G,25.81,7396,0.76
14,C,28.06,6760,0.01
14,B,29.77,6860,-0.01
14,F,31.78,9898,0.84
14,A,32.96,6820,0.0
14,G,36.1,7456,0.78
14,A,38.27,6800,0.0
14,E,41.39,7796,0.83
14,B,42.72,6860,-0.01
14,A,44.8,6820,0.0
14,F,47.94,9818,0.9
14,G,49.15,7476,0.8
14,F,51.4,9898,0.87
14,D,52.25,7676,0.64
14,B,54.28,6860,-0.01
14,A,56.3,6900,-0.04
14,G,59.33,7576,0.57
14,A,61.48,6780,0.01
14,E,64.69,7596,0.66
14,F,66.16,9778,0.89
14,D,66.95,7756,0.62
14,A,69.09,6700,0.02
14,F,72.26,9938,0.86
14,E,73.29,7576,0.63
14,F,74.79,9958,0.81
14,G,75.79,7336,0.79
14,A,78.13,6780,0.01
14,C,81.22,6840,-0.01
14,X,82.88,6875,0.87
15,D,9.59,7776,0.55
15,B,11.69,6900,-0.02
15,C,13.64,6880,-0.01
15,G,15.41,7336,0.76
15,B,17.58,6740,0.01
15,G,19.45,7416,0.84
15,B,21.67,6900,-0.02
15,C,23.48,6840,-0.01
15,E,25.18,7676,0.78
15,B,26.63,6860,-0.02
15,C,28.42,6720,0.02
15,B,30.2,6860,-0.01
15,E,32.21,7596,0.68
15,C,33.66,6720,0.01
15,B,35.36,6880,-0.01
15,D,37.01,7596,0.73
15,G,39.14,7456,0.75
15,F,41.31,10078,0.69
15,C,42.32,6800,0.0
15,G,44.24,7416,0.79
15,B,46.61,6860,-0.02
15,F,48.43,10058,0.73
15,D,49.24,7696,0.66
15,E,51.27,7816,0.8
15,A,52.69,6880,-0.03
15,X,55.7,6875,0.85
16,D,9.57,7656,0.71
16,F,11.59,9838,0.82
16,G,12.74,7456,0.82
16,B,15.12,6720,0.02
16,D,16.63,7496,0.85
16,A,18.91,6760,0.01
16,E,22.11,7776,0.82
16,D,23.25,7616,0.67
16,B,25.48,6780,0.0
16,C,27.39,6860,-0.01
16,X,29.03,6875,0.91
17,B,9.97,6820,-0.01
17,C,12.02,6760,0.01
17,G,13.81,7436,0.87
17,E,16.08,7776,0.86
17,A,17.49,6860,-0.03
17,C,20.66,6900,-0.01
17,F,22.5,9918,0.83
17,A,23.69,6760,0.01
17,F,26.98,9778,0.88
17,G,28.03,7536,0.66
17,C,30.19,6780,0.0
17,A,31.96,6740,0.01
17,E,35.18,7736,0.88
17,F,36.64,9858,0.78
17,B,37.67,6780,-0.01
17,A,39.74,6860,-0.04
17,E,42.79,7636,0.74
17,D,43.8,7716,0.64
17,X,45.77,6875,0.87
18,G,9.96,7376,0.73
18,B,12.26,6780,0.01
18,F,14.12,9938,0.8
18,E,15.3,7696,0.87
18,A,16.86,6800,0.0
18,G,19.93,7396,0.74
18,D,21.84,7616,0.79
18,A,24.11,6880,-0.04
18,D,26.86,7616,0.78
18,B,29.0,6800,-0.01
18,E,30.85,7516,0.57
18,A,32.21,6700,0.02
18,G,35.53,7416,0.9
18,B,37.73,6880,-0.02
18,D,39.17,7616,0.74
18,G,41.17,7396,0.75
18,B,43.57,6760,0.01
18,F,45.4,10018,0.76
18,C,46.55,6720,0.01
18,E,48.24,7776,0.84
18,D,49.16,7476,0.83
18,E,51.42,7516,0.55
18,C,52.88,6820,0.0
18,G,54.63,7536,0.65
18,D,56.61,7696,0.65
18,A,58.64,6820,0.0
18,E,61.69,7756,0.87
18,A,63.1,6760,0.01
18,F,66.34,9858,0.89
18,A,67.59,6900,-0.04
18,C,70.66,6720,0.01
18,E,72.43,7696,0.79
18,A,73.97,6800,0.0
18,C,77.05,6900,-0.01
18,E,78.77,7656,0.7
18,D,79.75,7496,0.84
18,B,81.8,6860,-0.02
18,X,83.58,6875,0.88
19,D,9.57,7556,0.85
19,C,11.7,6740,0.01
19,F,13.4,10018,0.79
19,G,14.48,7476,0.72
19,B,16.67,6740,0.01
19,G,18.68,7496,0.67
19,B,20.9,6860,-0.01
19,D,22.57,7756,0.59
19,A,24.7,6840,-0.03
19,C,27.75,6900,-0.01
19,B,29.56,6760,0.0
19,A,31.65,6760,0.01
19,G,34.92,7536,0.63
19,E,37.09,7676,0.82
19,C,38.46,6740,0.01
19,A,40.21,6720,0.01
19,G,43.42,7476,0.82
19,D,45.18,7476,0.83
19,F,47.25,10038,0.76
19,E,48.31,7676,0.82
19,B,49.71,6800,0.0
19,X,51.52,6875,0.85
20,F,9.95,9918,0.79
20,G,11.08,7516,0.72
20,F,13.42,10078,0.68
20,B,14.51,6840,-0.01
20,D,15.93,7776,0.59
20,F,18.05,9818,0.88
20,A,19.12,6820,-0.01
20,D,21.92,7476,0.79
20,F,23.97,9978,0.81
20,E,25.21,7636,0.73
20,G,26.68,7416,0.8
20,A,29.02,6720,0.02
20,D,31.81,7496,0.86
20,C,34.07,6800,0.0
20,A,35.89,6840,-0.03
20,D,38.79,7656,0.69
20,E,40.92,7716,0.77
20,C,42.2,6740,0.01
20,A,43.9,6740,0.01
20,D,46.77,7616,0.8
20,C,48.88,6860,-0.01
20,E,50.54,7636,0.74
20,F,51.93,9938,0.8
20,A,53.13,6820,-0.03
20,B,56.17,6720,0.01
20,D,57.69,7756,0.6
20,C,59.81,6760,0.01
20,F,61.61,10078,0.69
20,E,62.62,7676,0.82
20,G,64.04,7516,0.66
20,X,66.15,6875,0.95
21,D,9.58,7556,0.77
21,E,11.7,7736,0.85
21,G,13.25,7376,0.83
21,E,15.4,7796,0.84
21,C,16.89,6880,-0.01
21,B,18.73,6780,0.01
21,G,20.64,7536,0.64
21,E,22.86,7776,0.82
21,A,24.31,6740,0.01
21,C,27.56,6860,-0.01
21,F,29.34,9858,0.89
21,E,30.35,7556,0.62
21,A,31.92,6840,-0.03
21,F,35.18,9938,0.8
21,A,36.28,6860,-0.03
21,G,39.49,7456,0.74
21,E,41.81,7776,0.79
21,A,43.28,6820,-0.0
21,F,46.33,9938,0.87
21,B,47.44,6700,0.01
21,C,49.56,6900,-0.01
21,B,51.46,6860,-0.02
21,A,53.29,6780,0.0
21,G,56.43,7336,0.74
21,C,58.76,6780,0.01
21,F,60.57,10018,0.76
21,E,61.6,7576,0.63
21,C,63.0,6720,0.01
21,E,64.95,7676,0.79
21,C,66.51,6820,0.0
21,B,68.21,6880,-0.01
21,E,70.19,7816,0.76
21,G,71.6,7376,0.81
21,B,73.85,6760,0.01
21,D,75.46,7736,0.57
21,X,77.44,6875,0.91
22,A,9.99,6900,-0.04
22,D,12.81,7736,0.6
22,B,14.81,6800,-0.01
22,D,16.33,7476,0.82
22,G,18.5,7516,0.69
22,A,20.75,6880,-0.04
22,D,23.48,7656,0.66
22,F,25.55,9838,0.91
22,C,26.7,6800,0.0
22,D,28.15,7616,0.73
22,B,30.31,6860,-0.01
22,A,32.3,6800,0.0
22,E,35.58,7656,0.73
22,G,36.94,7516,0.67
22,E,39.13,7596,0.6
22,F,40.47,9978,0.81
22,C,41.59,6720,0.01
22,A,43.35,6760,0.01
22,C,46.44,6900,-0.01
22,E,48.12,7516,0.56
22,A,49.66,6720,0.01
22,G,52.75,7476,0.67
22,F,55.04,9958,0.85
22,C,56.07,6760,0.01
22,A,57.89,6840,-0.03
22,D,60.52,7636,0.73
22,B,62.77,6900,-0.02
22,X,64.55,6875,0.92
23,E,9.54,7656,0.74
23,C,11.02,6700,0.02
23,A,12.75,6840,-0.04
23,E,15.84,7756,0.87
23,F,17.31,9898,0.9
23,D,18.14,7496,0.86
23,B,20.41,6880,-0.02
23,F,22.38,9798,0.86
23,D,23.21,7636,0.69
23,F,25.36,9858,0.86
23,G,26.47,7376,0.76
23,D,28.25,7736,0.6
23,E,30.29,7736,0.81
23,D,31.4,7756,0.59
23,F,33.49,9778,0.82
23,A,34.59,6800,0.0
23,C,37.8,6880,-0.01
23,B,39.48,6760,0.0
23,A,41.42,6780,0.01
23,C,44.72,6760,0.01
23,F,46.41,10058,0.7
23,C,47.64,6840,-0.01
23,D,49.04,7716,0.59
23,E,51.21,7676,0.73
23,C,52.57,6840,-0.01
23,G,54.46,7396,0.76
23,X,56.6,6875,0.87
24,G,9.95,7336,0.69
24,B,12.21,6840,-0.01
24,F,14.12,10018,0.76
24,A,15.3,6840,-0.03
24,B,18.36,6820,-0.01
24,D,19.89,7756,0.59
24,B,21.98,6760,0.01
24,D,23.6,7516,0.89
24,B,25.82,6780,0.0
24,D,27.43,7616,0.79
24,E,29.52,7696,0.77
24,F,30.81,10058,0.71
24,C,31.82,6900,-0.01
24,G,33.68,7376,0.83
24,D,35.44,7756,0.58
24,C,37.62,6820,0.0
24,D,38.94,7596,0.78
24,F,41.06,10078,0.68
24,D,41.9,7696,0.65
24,A,43.98,6820,-0.01
24,D,46.7,7656,0.68
24,C,48.84,6720,0.01
24,E,50.54,7656,0.74
24,G,51.84,7436,0.83
24,F,54.19,9778,0.8
24,C,55.4,6880,-0.01
24,G,57.26,7416,0.88
24,E,59.58,7596,0.68
24,B,60.91,6880,-0.02
24,X,62.71,6875,0.93
25,B,9.98,6780,-0.01
25,E,11.81,7816,0.82
25,F,13.28,9818,0.93
25,E,14.47,7716,0.86
25,B,15.79,6720,0.01
25,G,17.65,7376,0.78
25,E,20.01,7556,0.58
25,B,21.38,6860,-0.01
25,E,23.22,7796,0.82
25,C,24.69,6700,0.02
25,A,26.63,6760,0.01
25,E,29.75,7676,0.8
25,C,31.09,6760,0.01
25,D,32.55,7676,0.67
25,E,34.61,7636,0.68
25,F,35.91,9838,0.9
25,E,36.97,7556,0.58
25,D,37.94,7636,0.71
25,C,40.12,6760,0.01
25,D,41.65,7756,0.55
25,A,43.78,6840,-0.03
25,E,46.96,7556,0.62
25,G,48.41,7376,0.84
25,D,50.25,7696,0.63
25,B,52.51,6820,-0.01
25,X,54.32,6875,0.9
26,D,9.56,7656,0.7
26,G,11.57,7556,0.64
26,C,13.8,6880,-0.01
26,A,15.52,6860,-0.04
26,E,18.71,7536,0.57
26,G,20.0,7576,0.58
26,F,22.13,9838,0.83
26,E,23.32,7696,0.82
26,C,24.74,6740,0.01
26,G,26.59,7356,0.73
26,A,28.96,6860,-0.03
26,C,32.03,6720,0.01
26,D,33.51,7476,0.78
26,B,35.69,6860,-0.01
26,G,37.53,7356,0.71
26,F,39.79,9878,0.87
26,D,40.6,7516,0.88
26,B,42.64,6860,-0.01
26,D,44.32,7676,0.7
26,B,46.43,6800,0.0
26,A,48.29,6760,0.01
26,C,51.4,6740,0.01
26,A,53.36,6740,0.01
26,G,56.59,7396,0.73
26,F,58.93,9898,0.81
26,A,60.2,6740,0.01
26,D,63.07,7496,0.78
26,A,65.15,6720,0.01
26,D,67.98,7756,0.57
26,A,70.18,6840,-0.03
26,B,73.25,6760,0.01
26,E,75.07,7816,0.81
26,X,76.36,6875,0.91
27,E,9.57,7736,0.88
27,C,11.0,6800,0.0
27,D,12.54,7656,0.69
27,G,14.63,7396,0.86
27,B,17.01,6880,-0.01
27,F,18.83,9758,0.75
27,D,19.57,7576,0.87
27,B,21.64,6840,-0.01
27,E,23.49,7556,0.61
27,G,24.8,7336,0.76
27,A,27.15,6780,0.0
27,F,30.46,10038,0.71
27,E,31.62,7716,0.84
27,B,32.97,6760,0.01
27,G,34.82,7356,0.84
27,E,37.09,7756,0.91
27,D,38.14,7476,0.86
27,G,40.16,7396,0.87
27,F,42.32,9818,0.92
27,C,43.41,6820,0.0
27,E,45.31,7696,0.82
27,D,46.24,7576,0.82
27,F,48.39,10018,0.71
27,A,49.55,6840,-0.03
27,X,52.57,6875,0.89
28,D,9.56,7596,0.77
28,B,11.6,6800,0.0
28,G,13.45,7536,0.64
28,D,15.26,7616,0.77
28,F,17.52,9958,0.8
28,G,18.67,7576,0.57
28,E,21.02,7576,0.65
28,G,22.36,7476,0.73
28,F,24.52,10078,0.65
28,D,25.19,7636,0.71
28,G,27.36,7476,0.78
28,F,29.53,10018,0.76
28,A,30.75,6800,0.0
28,C,34.0,6720,0.02
28,X,35.67,6875,0.92
29,E,9.54,7536,0.57
29,B,10.89,6880,-0.02
29,G,12.73,7596,0.54
29,A,15.01,6880,-0.04
29,B,18.16,6860,-0.01
29,F,20.2,9998,0.8
29,B,21.22,6880,-0.02
29,G,23.2,7376,0.85
29,E,25.44,7816,0.83
29,F,26.8,9798,0.9
29,B,27.93,6760,0.01
29,G,29.82,7456,0.84
29,E,32.1,7776,0.86
29,G,33.63,7376,0.77
29,B,36.02,6780,0.0
29,A,38.02,6740,0.01
29,C,41.31,6840,0.0
29,F,43.19,9878,0.9
29,A,44.39,6860,-0.03
29,C,47.64,6720,0.01
29,B,49.57,6720,0.01
29,G,51.67,7356,0.8
29,D,53.47,7576,0.8
29,X,55.48,6875,0.89
30,A,9.99,6760,0.0
30,G,13.11,7536,0.66
30,D,14.99,7596,0.8
30,A,17.04,6860,-0.04
30,D,19.88,7636,0.74
30,G,21.99,7556,0.62
30,A,24.15,6860,-0.04
30,G,27.15,7496,0.75
30,D,28.91,7636,0.75
30,G,30.93,7376,0.83
30,B,33.29,6880,-0.02
30,A,35.14,6780,0.0
30,G,38.24,7516,0.7
30,E,40.63,7596,0.64
30,C,41.95,6820,-0.01
30,A,43.67,6700,0.01
30,E,46.95,7556,0.61
30,A,48.46,6840,-0.03
30,F,51.56,9918,0.79
30,X,52.54,6875,0.89
31,G,9.97,7476,0.7
31,F,12.2,9798,0.77
31,B,13.29,6780,0.01
31,F,15.26,10058,0.72
31,C,16.48,6740,0.01
31,A,18.41,6860,-0.03
31,D,21.13,7636,0.71
31,B,23.16,6800,0.0
31,C,25.23,6760,0.01
31,D,26.54,7716,0.63
31,C,28.58,6900,-0.02
31,G,30.33,7516,0.72
31,D,32.32,7476,0.83
31,E,34.57,7536,0.59
31,X,35.86,6875,0.92
32,B,9.97,6820,-0.01
32,D,11.62,7476,0.83
32,G,13.62,7536,0.66
32,B,15.92,6860,-0.02
32,E,17.9,7676,0.78
32,D,18.89,7496,0.76
32,A,21.19,6760,0.01
32,E,24.55,7536,0.57
32,D,25.56,7656,0.71
32,B,27.61,6740,0.01
32,F,29.59,10018,0.71
32,G,30.59,7516,0.68
32,F,32.77,9998,0.77
32,C,33.78,6720,0.01
32,X,35.45,6875,0.89
33,F,9.95,9958,0.85
33,E,10.95,7796,0.8
33,G,12.49,7596,0.56
33,E,14.68,7676,0.84
33,A,16.15,6740,0.01
33,F,19.48,9978,0.79
33,G,20.59,7576,0.59
33,A,22.76,6720,0.01
33,B,26.11,6740,0.01
33,A,28.18,6880,-0.04
33,F,31.27,9838,0.85
33,A,32.41,6720,0.02
33,F,35.76,10018,0.78
33,E,36.77,7776,0.9
33,F,38.2,10038,0.73
33,C,39.42,6840,-0.01
33,E,41.35,7616,0.72
33,G,42.86,7496,0.72
33,E,45.08,7616,0.69
33,A,46.56,6840,-0.04
33,C,49.79,6700,0.02
33,G,51.49,7436,0.85
33,B,53.72,6720,0.01
33,F,55.66,9898,0.85
33,D,56.35,7616,0.74
33,C,58.58,6880,-0.01
33,D,59.97,7616,0.72
33,A,62.25,6720,0.01
33,D,64.98,7656,0.69
33,F,67.24,9858,0.89
33,C,68.3,6780,0.01
33,A,70.08,6720,0.01
33,F,73.19,9818,0.92
33,C,74.23,6740,0.01
33,F,75.96,9798,0.85
33,D,76.56,7716,0.62
33,A,78.84,6880,-0.04
33,E,81.98,7556,0.61
33,A,83.32,6880,-0.04
33,E,86.43,7796,0.86
33,C,87.84,6820,-0.01
33,D,89.28,7576,0.81
33,E,91.52,7516,0.56
33,B,92.84,6780,0.0
33,E,94.69,7576,0.63
33,D,95.79,7476,0.8
33,E,97.91,7796,0.79
33,G,99.36,7496,0.73
33,X,101.47,6875,0.93
34,C,10.0,6860,-0.01
34,G,11.74,7476,0.81
34,C,14.03,6700,0.02
34,D,15.53,7616,0.8
34,F,17.73,9878,0.82
34,B,18.98,6840,-0.01
34,G,21.01,7356,0.75
34,C,23.17,6720,0.02
34,G,24.91,7336,0.79
34,A,27.06,6800,0.0
34,B,30.14,6800,0.0
34,F,32.18,9858,0.9
34,C,33.3,6840,-0.01
34,G,35.08,7376,0.83
34,A,37.39,6760,0.01
34,F,40.49,9898,0.9
34,B,41.48,6740,0.0
34,F,43.33,9778,0.86
34,C,44.52,6780,0.01
34,G,46.35,7516,0.68
34,C,48.57,6880,-0.01
34,F,50.41,10018,0.75
34,B,51.41,6840,-0.01
34,E,53.39,7576,0.65
34,X,54.68,6875,0.95
35,E,9.55,7516,0.54
35,F,10.87,9838,0.77
35,D,11.65,7556,0.85
35,A,13.9,6720,0.01
35,B,17.03,6840,-0.01
35,G,18.86,7556,0.6
35,D,20.81,7516,0.88
35,G,23.03,7516,0.72
35,F,25.19,9878,0.91
35,C,26.2,6840,-0.01
35,X,27.84,6875,0.89
36,D,9.56,7456,0.73
36,G,11.82,7376,0.78
36,D,13.58,7716,0.61
36,G,15.81,7356,0.8
36,C,18.22,6700,0.02
36,G,20.09,7396,0.75
36,E,22.24,7836,0.76
36,C,23.65,6800,0.01
36,E,25.31,7776,0.88
36,B,26.62,6860,-0.01
36,F,28.56,10058,0.73
36,G,29.55,7596,0.56
36,D,31.48,7556,0.82
36,C,33.66,6800,0.0
36,B,35.36,6760,0.0
36,C,37.21,6820,0.0
36,F,39.06,9858,0.86
36,C,40.26,6720,0.01
36,D,41.59,7496,0.85
36,G,43.86,7436,0.75
36,D,45.63,7756,0.57
36,A,47.87,6780,0.0
36,X,50.9,6875,0.96
37,A,9.97,6880,-0.04
37,E,12.97,7796,0.82
37,D,13.89,7476,0.8
37,F,16.15,9838,0.85
37,G,17.34,7416,0.85
37,E,19.64,7656,0.79
37,A,20.99,6760,0.01
37,G,24.3,7416,0.81
37,A,26.47,6880,-0.04
37,G,29.61,7536,0.61
37,D,31.58,7496,0.76
37,F,33.66,10058,0.72
37,A,34.73,6840,-0.03
37,E,38.01,7816,0.79
37,A,39.54,6840,-0.04
37,B,42.73,6800,-0.01
37,G,44.57,7456,0.82
37,D,46.42,7756,0.58
37,A,48.52,6780,0.0
37,D,51.43,7676,0.69
37,A,53.65,6740,0.01
37,E,56.88,7556,0.6
37,D,57.82,7516,0.82
37,G,59.91,7516,0.67
37,C,62.13,6800,0.0
37,E,64.0,7596,0.65
37,A,65.57,6820,0.0
37,F,68.79,9858,0.82
37,C,69.92,6900,-0.01
37,B,71.63,6820,-0.01
37,D,73.13,7476,0.8
37,E,75.37,7536,0.59
37,F,76.84,10018,0.78
37,A,77.98,6800,0.0
37,C,81.12,6820,-0.01
37,B,82.9,6820,-0.01
37,E,84.71,7736,0.84
37,F,86.18,9778,0.84
37,C,87.25,6720,0.01
37,F,88.95,9778,0.82
37,E,89.97,7596,0.66
37,A,91.41,6760,0.01
37,F,94.67,10018,0.79
37,C,95.8,6780,0.01
37,D,97.32,7756,0.57
37,G,99.51,7516,0.68
37,X,101.61,6875,0.89
38,F,9.97,10098,0.66
38,G,11.08,7456,0.83
38,C,13.48,6880,-0.01
38,F,15.15,9798,0.84
38,D,15.85,7756,0.59
38,F,17.89,9898,0.83
38,G,18.9,7496,0.75
38,B,21.23,6740,0.01
38,D,22.89,7756,0.58
38,G,24.95,7376,0.79
38,D,26.74,7736,0.6
38,A,28.78,6760,0.01
38,F,32.02,9798,0.87
38,D,32.65,7756,0.56
38,B,34.75,6720,0.01
38,C,36.77,6700,0.01
38,G,38.66,7536,0.68
38,C,40.87,6780,0.0
38,G,42.65,7456,0.84
38,E,44.8,7756,0.82
38,G,46.16,7476,0.8
38,D,48.11,7636,0.74
38,C,50.39,6840,-0.01
38,F,52.09,10018,0.77
38,G,53.09,7376,0.81
38,E,55.23,7776,0.87
38,B,56.58,6880,-0.02
38,C,58.46,6780,0.01
38,G,60.14,7456,0.83
38,F,62.45,9918,0.89
38,A,63.47,6740,0.01
38,X,66.54,6875,0.95
39,F,9.95,9838,0.8
39,D,10.56,7516,0.82
39,F,12.68,9838,0.91
39,A,13.84,6780,0.0
39,F,17.09,9798,0.88
39,B,18.16,6740,0.01
39,D,19.65,7556,0.84
39,C,21.9,6760,0.01
39,D,23.4,7596,0.74
39,A,25.68,6720,0.01
39,B,29.03,6820,-0.01
39,G,30.86,7556,0.63
39,C,33.22,6800,0.0
39,E,35.12,7596,0.68
39,X,36.41,6875,0.86
40,C,9.98,6860,-0.01
40,G,11.69,7336,0.8
40,B,14.12,6700,0.01
40,E,15.98,7696,0.82
40,A,17.46,6820,-0.0
40,G,20.47,7596,0.55
40,D,22.26,7556,0.83
40,B,24.43,6740,0.01
40,G,26.38,7456,0.86
40,C,28.5,6740,0.01
40,E,30.26,7736,0.9
40,D,31.25,7696,0.61
40,B,33.4,6760,0.0
40,A,35.25,6820,-0.0
40,E,38.39,7736,0.87
40,G,39.89,7596,0.54
40,A,42.14,6780,0.0
40,B,45.32,6860,-0.02
40,G,47.22,7336,0.75
40,B,49.55,6880,-0.01
40,D,50.98,7756,0.59
40,G,53.2,7596,0.56
40,F,55.54,9938,0.85
40,C,56.58,6820,0.0
40,E,58.49,7576,0.65
40,G,59.96,7436,0.89
40,D,61.8,7476,0.83
40,B,63.95,6720,0.01
40,A,66.02,6800,0.0
40,B,69.24,6800,-0.01
40,G,71.13,7516,0.66
40,A,73.33,6820,-0.03
40,C,76.65,6740,0.01
40,F,78.5,10018,0.72
40,X,79.48,6875,0.91
41,D,9.57,7536,0.85
41,E,11.63,7556,0.58
41,F,12.98,9798,0.88
41,B,14.1,6760,0.01
41,A,16.08,6840,-0.03
41,D,18.99,7756,0.56
41,G,20.98,7556,0.61
41,D,22.96,7576,0.79
41,B,25.06,6880,-0.01
41,E,27.03,7716,0.84
41,C,28.48,6820,0.01
41,X,30.13,6875,0.88
42,C,9.97,6740,0.01
42,A,11.69,6760,0.0
42,B,15.01,6820,-0.01
42,A,17.04,6700,0.01
42,G,20.15,7476,0.8
42,B,22.55,6880,-0.02
42,D,24.08,7496,0.84
42,E,26.25,7776,0.81
42,G,27.79,7576,0.53
42,C,29.91,6860,-0.01
42,B,31.61,6740,0.0
42,E,33.67,7676,0.8
42,G,35.12,7516,0.67
42,C,37.31,6780,0.0
42,D,38.72,7696,0.65
42,C,40.74,6780,0.01
42,F,42.66,10058,0.69
42,E,43.83,7756,0.88
42,B,45.32,6840,-0.01
42,E,47.18,7836,0.74
42,D,48.21,7676,0.61
42,B,50.38,6840,-0.01
42,G,52.41,7496,0.76
42,C,54.69,6880,-0.01
42,E,56.44,7756,0.89
42,A,57.84,6880,-0.04
42,E,60.98,7796,0.87
42,A,62.34,6860,-0.03
42,F,65.58,10038,0.7
42,X,66.56,6875,0.89
43,D,9.57,7476,0.78
43,C,11.63,6720,0.02
43,F,13.32,10018,0.78
43,A,14.32,6740,0.01
43,E,17.48,7736,0.79
43,C,18.85,6840,-0.01
43,G,20.52,7336,0.78
43,A,22.7,6720,0.02
43,D,25.54,7556,0.84
43,A,27.59,6800,0.0
43,B,30.75,6840,-0.01
43,A,32.57,6740,0.01
43,C,35.91,6700,0.02
43,D,37.34,7556,0.85
43,F,39.38,10058,0.68
43,D,40.01,7556,0.8
43,F,42.08,9878,0.91
43,B,43.08,6800,-0.01
43,D,44.72,7756,0.59
43,C,46.74,6840,-0.01
43,D,48.23,7516,0.89
43,B,50.45,6840,-0.01
43,C,52.48,6860,-0.01
43,G,54.16,7456,0.81
43,F,56.49,9878,0.88
43,D,57.2,7636,0.69
43,F,59.43,9878,0.81
43,E,60.61,7756,0.88
43,X,61.88,6875,0.86
44,D,9.57,7736,0.6
44,A,11.67,6720,0.01
44,D,14.47,7756,0.63
44,B,16.45,6840,-0.01
44,E,18.5,7716,0.85
44,B,19.82,6780,-0.01
44,C,21.71,6880,-0.01
44,G,23.54,7376,0.73
44,D,25.44,7536,0.85
44,G,27.44,7516,0.73
44,F,29.7,10018,0.78
44,C,30.78,6880,-0.01
44,A,32.56,6700,0.02
44,G,35.67,7456,0.76
44,C,37.92,6780,0.0
44,A,39.85,6820,-0.01
44,B,43.1,6880,-0.02
44,F,45.03,9918,0.86
44,E,46.28,7736,0.88
44,B,47.73,6820,-0.01
44,G,49.57,7476,0.74
44,D,51.48,7616,0.75
44,X,53.48,6875,0.93
45,C,9.96,6820,0.0
45,D,11.3,7736,0.61
45,E,13.38,7696,0.84
45,B,14.94,6840,-0.01
45,A,16.79,6820,-0.0
45,C,19.99,6800,0.01
45,A,21.85,6720,0.02
45,G,25.1,7576,0.58
45,D,27.02,7716,0.59
45,E,29.07,7556,0.61
45,D,30.07,7676,0.65
45,E,32.18,7656,0.78
45,C,33.71,6760,0.01
45,D,35.07,7616,0.8
45,A,37.35,6800,0.0
45,D,40.17,7716,0.62
45,C,42.28,6860,-0.01
45,D,43.76,7656,0.7
45,F,45.77,10078,0.66
45,X,46.73,6875,0.93
46,E,9.56,7596,0.68
46,G,10.95,7416,0.84
46,D,12.96,7536,0.91
46,C,15.21,6760,0.01
46,E,17.06,7696,0.84
46,G,18.55,7576,0.53
46,D,20.3,7716,0.59
46,C,22.48,6740,0.01
46,E,24.42,7636,0.7
46,G,25.86,7476,0.7
46,C,28.19,6800,0.01
46,F,30.11,10058,0.7
46,C,31.2,6700,0.01
46,B,33.07,6740,0.01
46,C,35.18,6820,0.0
46,G,36.97,7516,0.63
46,B,39.18,6880,-0.01
46,A,41.22,6820,0.0
46,X,44.26,6875,0.93
47,C,9.98,6720,0.02
47,G,11.76,7456,0.81
47,C,13.91,6760,0.01
47,D,15.33,7716,0.64
47,F,17.39,10018,0.75
47,B,18.53,6720,0.02
47,F,20.48,9758,0.8
47,B,21.62,6760,0.01
47,G,23.68,7456,0.83
47,C,25.94,6760,0.01
47,E,27.85,7816,0.83
47,G,29.35,7336,0.76
47,E,31.5,7616,0.71
47,F,32.86,9998,0.78
47,C,33.94,6720,0.01
47,D,35.44,7596,0.8
47,F,37.45,10038,0.69
47,A,38.57,6780,0.01
47,G,41.81,7476,0.79
47,F,44.06,9918,0.88
47,B,45.07,6840,0.0
47,C,46.91,6780,0.01
47,F,48.76,9838,0.89
47,C,49.76,6860,-0.01
47,D,51.24,7596,0.75
47,F,53.24,9958,0.85
47,D,53.88,7756,0.56
47,E,56.09,7616,0.66
47,C,57.57,6720,0.01
47,G,59.28,7456,0.78
47,D,61.23,7616,0.73
47,C,63.28,6860,-0.01
47,E,64.97,7756,0.9
47,C,66.28,6820,0.0
47,A,67.97,6900,-0.04
47,X,70.97,6875,0.94
48,F,9.96,9798,0.88
48,C,10.98,6800,0.0
48,G,12.79,7556,0.58
48,C,15.01,6900,-0.02
48,G,16.88,7536,0.63
48,F,19.21,9878,0.87
48,A,20.41,6740,0.01
48,C,23.48,6820,0.0
48,D,24.86,7496,0.82
48,E,26.99,7696,0.79
48,C,28.41,6820,0.0
48,B,30.28,6900,-0.02
48,X,32.06,6875,0.86
49,F,9.95,10058,0.73
49,A,11.21,6760,0.0
49,B,14.54,6780,0.0
49,A,16.64,6860,-0.04
49,D,19.48,7476,0.79
49,C,21.54,6860,0.0
49,A,23.23,6840,-0.03
49,D,25.97,7776,0.58
49,A,27.99,6860,-0.04
49,C,31.07,6840,-0.01
49,E,32.99,7596,0.63
49,A,34.39,6900,-0.04
49,B,37.63,6900,-0.02
49,F,39.53,9898,0.85
49,C,40.55,6800,0.0
49,F,42.25,9878,0.82
49,G,43.43,7356,0.82
49,X,45.57,6875,0.88
50,B,9.98,6700,0.01
50,D,11.67,7596,0.8
50,A,13.94,6900,-0.04
50,C,17.07,6820,-0.01
50,G,18.82,7456,0.75
50,E,21.23,7656,0.73
50,F,22.57,9798,0.89
50,D,23.38,7516,0.85
50,A,25.59,6720,0.01
50,E,28.86,7636,0.73
50,A,30.26,6760,0.0
50,D,33.09,7776,0.6
50,G,35.21,7436,0.87
50,B,37.51,6860,-0.01
50,G,39.49,7336,0.77
50,A,41.85,6740,0.01
50,B,45.0,6720,0.01
50,A,46.98,6820,-0.0
50,C,50.29,6780,0.01
50,E,52.2,7716,0.83
50,D,53.11,7656,0.7
50,A,55.21,6840,-0.03
50,C,58.45,6720,0.01
50,G,60.2,7416,0.76
50,E,62.41,7516,0.54
50,B,63.87,6740,0.01
50,C,65.74,6860,-0.01
50,D,67.05,7556,0.89
50,A,69.11,6720,0.01
50,D,72.05,7676,0.63
50,F,74.29,9778,0.87
50,X,75.27,6875,0.92
51,E,9.56,7536,0.58
51,A,10.95,6820,0.0
51,B,14.09,6780,0.01
51,C,15.97,6780,0.01
51,E,17.72,7576,0.64
51,D,18.74,7556,0.82
51,C,20.91,6900,-0.01
51,E,22.81,7656,0.72
51,D,23.83,7656,0.73
51,G,25.9,7576,0.59
51,A,28.18,6720,0.01
51,F,31.31,9958,0.8
51,X,32.3,6875,0.88
52,C,10.0,6800,0.0
52,G,11.81,7356,0.8
52,F,13.99,9798,0.87
52,C,15.27,6900,-0.01
52,D,16.65,7716,0.6
52,A,18.71,6820,0.0
52,B,21.92,6820,0.0
52,F,23.73,9898,0.86
52,D,24.37,7716,0.62
52,B,26.48,6880,-0.02
52,G,28.42,7396,0.85
52,E,30.74,7616,0.72
52,X,32.03,6875,0.89
53,E,9.57,7616,0.64
53,G,11.02,7516,0.69
53,A,13.34,6860,-0.03
53,B,16.61,6800,0.0
53,C,18.51,6840,0.0
53,E,20.33,7696,0.83
53,B,21.87,6740,0.01
53,G,23.92,7356,0.76
53,D,25.79,7476,0.77
53,E,27.83,7576,0.6
53,C,29.24,6840,-0.01
53,E,31.09,7576,0.64
53,D,32.25,7516,0.86
53,F,34.48,9938,0.8
53,X,35.46,6875,0.92
54,B,9.96,6780,0.0
54,C,11.87,6860,-0.01
54,E,13.69,7776,0.84
54,B,15.06,6880,-0.02
54,G,17.02,7416,0.84
54,E,19.24,7716,0.87
54,D,20.22,7536,0.84
54,G,22.42,7536,0.69
54,E,24.56,7796,0.82
54,F,25.96,9818,0.89
54,D,26.69,7516,0.8
54,G,28.88,7556,0.62
54,E,31.16,7656,0.8
54,C,32.47,6740,0.01
54,A,34.27,6860,-0.03
54,X,37.28,6875,0.85
55,D,9.58,7656,0.65
55,C,11.59,6720,0.01
55,F,13.38,9878,0.85
55,A,14.47,6720,0.01
55,E,17.65,7736,0.83
55,D,18.7,7696,0.67
55,E,20.71,7736,0.87
55,D,21.84,7456,0.76
55,B,24.04,6820,-0.01
55,A,26.09,6720,0.01
55,G,29.16,7356,0.7
55,X,31.3,6875,0.92
56,C,9.98,6900,-0.01
56,E,11.7,7736,0.8
56,G,13.12,7496,0.75
56,D,15.09,7756,0.58
56,F,17.16,10038,0.73
56,C,18.17,6880,-0.01
56,D,19.65,7476,0.78
56,B,21.68,6840,-0.01
56,G,23.65,7516,0.7
56,D,25.4,7496,0.83
56,A,27.67,6700,0.02
56,B,30.81,6700,0.01
56,E,32.76,7836,0.77
56,G,34.27,7376,0.85
56,A,36.57,6740,0.01
56,B,39.75,6820,0.0
56,F,41.81,10038,0.72
56,B,42.86,6880,-0.01
56,C,44.84,6880,-0.01
56,D,46.22,7496,0.85
56,X,48.23,6875,0.94
57,C,9.97,6740,0.01
57,E,11.92,7616,0.71
57,C,13.29,6880,-0.01
57,F,15.08,10018,0.73
57,D,15.81,7476,0.74
57,G,17.86,7516,0.66
57,E,20.08,7616,0.71
57,F,21.61,10078,0.68
57,E,22.8,7556,0.6
57,G,24.13,7556,0.63
57,B,26.27,6800,0.0
57,A,28.33,6800,0.0
57,G,31.4,7396,0.84
57,E,33.62,7576,0.64
57,B,35.06,6820,-0.01
57,F,36.89,9818,0.91
57,E,37.97,7816,0.79
57,A,39.35,6760,0.01
57,D,42.2,7656,0.7
57,E,44.44,7656,0.77
57,B,45.88,6900,-0.01
57,C,47.9,6720,0.01
57,X,49.57,6875,0.94
58,B,9.96,6860,-0.01
58,A,11.81,6860,-0.04
58,C,14.92,6820,0.0
58,F,16.64,9838,0.8
58,B,17.89,6820,-0.01
58,E,19.86,7576,0.65
58,F,21.14,9958,0.82
58,D,21.82,7676,0.66
58,A,23.87,6840,-0.04
58,F,27.09,9918,0.84
58,C,28.34,6820,0.0
58,G,30.02,7456,0.75
58,X,32.14,6875,0.91
59,F,9.95,9858,0.79
59,C,11.19,6860,-0.01
59,B,12.95,6760,0.0
59,E,14.89,7776,0.87
59,F,16.24,9918,0.88
59,A,17.26,6760,0.01
59,C,20.45,6880,-0.01
59,B,22.21,6880,-0.02
59,G,24.04,7356,0.79
59,E,26.18,7516,0.56
59,D,27.14,7596,0.79
59,X,29.15,6875,0.88
60,G,9.97,7416,0.84
60,E,12.32,7596,0.68
60,D,13.28,7536,0.85
60,C,15.33,6780,0.0
60,D,16.69,7656,0.68
60,E,18.72,7636,0.76
60,G,20.08,7516,0.72
60,F,22.19,10078,0.66
60,E,23.35,7536,0.57
60,F,24.68,9958,0.77
60,E,25.84,7696,0.79
60,D,26.76,7656,0.71
60,E,28.98,7816,0.81
60,D,30.09,7636,0.69
60,B,32.33,6860,-0.01
60,G,34.37,7496,0.65
60,A,36.74,6760,0.0
60,X,39.77,6875,0.93
61,G,9.97,7436,0.78
61,A,12.2,6800,0.0
61,D,14.91,7496,0.84
61,E,17.16,7676,0.81
61,B,18.47,6720,0.01
61,C,20.4,6840,-0.01
61,A,22.24,6860,-0.04
61,C,25.51,6840,-0.01
61,D,26.87,7536,0.89
61,G,29.1,7376,0.79
61,E,31.47,7776,0.86
61,G,32.84,7496,0.76
61,A,35.11,6720,0.01
61,C,38.33,6840,-0.01
61,E,40.12,7616,0.71
61,D,41.04,7636,0.74
61,A,43.27,6760,0.01
61,D,46.18,7696,0.61
61,B,48.26,6720,0.02
61,A,50.19,6840,-0.03
61,E,53.33,7636,0.7
61,D,54.3,7616,0.71
61,G,56.52,7496,0.77
61,D,58.46,7536,0.84
61,F,60.56,9798,0.82
61,X,61.53,6875,0.86
62,C,9.96,6720,0.02
62,B,11.91,6900,-0.02
62,D,13.48,7596,0.83
62,C,15.67,6840,-0.01
62,B,17.54,6740,0.01
62,A,19.55,6880,-0.04
62,F,22.65,9938,0.86
62,C,23.81,6700,0.02
62,B,25.56,6760,0.0
62,G,27.5,7356,0.73
62,A,29.73,6880,-0.04
62,G,32.92,7416,0.88
62,D,34.72,7596,0.79
62,A,36.82,6880,-0.04
62,C,40.06,6840,-0.01
62,E,41.99,7616,0.7
62,X,43.28,6875,0.89
63,C,9.96,6840,0.0
63,D,11.29,7656,0.72
63,F,13.32,10018,0.78
63,D,13.96,7516,0.86
63,B,16.1,6860,-0.02
63,G,18.01,7336,0.72
63,C,20.34,6700,0.01
63,D,21.84,7656,0.69
63,E,24.11,7516,0.55
63,G,25.42,7596,0.54
63,C,27.77,6780,0.01
63,E,29.67,7616,0.68
63,C,31.08,6700,0.02
63,F,32.89,9878,0.87
63,C,33.88,6800,0.01
63,B,35.67,6820,-0.01
63,F,37.64,9918,0.88
63,D,38.35,7576,0.82
63,C,40.42,6740,0.01
63,F,42.16,9898,0.87
63,E,43.34,7516,0.56
63,D,44.51,7656,0.65
63,C,46.51,6880,-0.01
63,F,48.16,10018,0.76
63,A,49.21,6760,0.01
63,D,52.01,7516,0.86
63,G,54.28,7416,0.85
63,E,56.5,7696,0.84
63,F,57.85,9778,0.87
63,A,58.89,6780,0.01
63,E,61.98,7656,0.74
63,A,63.37,6780,0.01
63,D,66.1,7556,0.76
63,G,68.32,7456,0.79
63,A,70.57,6820,0.0
63,B,73.86,6760,0.0
63,C,75.8,6760,0.01
63,X,77.46,6875,0.93
64,G,9.97,7436,0.8
64,A,12.17,6800,0.0
64,C,15.34,6820,0.0
64,E,17.14,7656,0.77
64,B,18.66,6740,0.0
64,D,20.21,7516,0.81
64,E,22.28,7696,0.85
64,D,23.32,7696,0.62
64,E,25.31,7656,0.78
64,F,26.83,9998,0.8
64,B,27.84,6780,0.0
64,F,29.9,10038,0.73
64,G,30.96,7376,0.73
64,F,33.26,9918,0.9
64,E,34.47,7636,0.72
64,C,36.03,6700,0.02
64,G,37.83,7396,0.71
64,A,40.17,6740,0.01
64,B,43.5,6860,-0.01
64,G,45.31,7436,0.82
64,E,47.61,7596,0.64
64,G,49.04,7576,0.58
64,C,51.19,6880,-0.01
64,G,52.99,7336,0.76
64,A,55.26,6720,0.01
64,C,58.37,6820,0.0
64,B,60.23,6720,0.01
64,D,61.9,7596,0.78
64,X,63.91,6875,0.88
65,G,9.96,7396,0.85
65,C,12.15,6760,0.01
65,F,13.97,9798,0.88
65,B,15.04,6840,-0.01
65,C,16.96,6740,0.01
65,E,18.75,7656,0.8
65,A,20.05,6760,0.01
65,E,23.14,7776,0.8
65,C,24.68,6800,0.0
65,G,26.57,7356,0.83
65,F,28.76,9978,0.78
65,C,30.0,6700,0.02
65,G,31.7,7416,0.77
65,B,33.86,6720,0.01
65,C,35.95,6800,0.0
65,G,37.62,7416,0.73
65,D,39.48,7736,0.6
65,A,41.54,6780,0.0
65,F,44.8,9938,0.79
65,B,46.04,6800,-0.01
65,G,48.05,7456,0.83
65,E,50.21,7636,0.74
65,C,51.73,6780,0.0
65,D,53.05,7536,0.84
65,X,55.05,6875,0.89
66,A,9.98,6880,-0.04
66,B,13.01,6860,-0.01
66,D,14.69,7496,0.85
66,B,16.75,6800,0.0
66,A,18.62,6760,0.01
66,F,21.79,9878,0.89
66,D,22.66,7496,0.88
66,B,24.75,6720,0.01
66,D,26.44,7456,0.78
66,F,28.47,9818,0.85
66,C,29.72,6780,0.01
66,B,31.48,6720,0.01
66,C,33.35,6780,0.01
66,E,35.22,7696,0.81
66,D,36.16,7696,0.64
66,C,38.4,6820,0.0
66,A,40.34,6720,0.01
66,F,43.45,9858,0.86
66,C,44.49,6900,-0.01
66,A,46.19,6760,0.01
66,F,49.28,9938,0.78
66,E,50.3,7596,0.64
66,B,51.85,6800,-0.01
66,C,53.87,6760,0.01
66,G,55.75,7436,0.83
66,X,57.88,6875,0.87
67,B,9.97,6800,-0.01
67,G,11.86,7476,0.79
67,C,14.07,6840,-0.01
67,B,15.91,6780,0.0
67,A,17.95,6800,0.0
67,G,21.02,7416,0.9
67,C,23.17,6780,0.01
67,E,25.0,7736,0.9
67,F,26.39,10038,0.71
67,B,27.39,6740,0.01
67,F,29.41,9958,0.81
67,B,30.55,6780,-0.01
67,E,32.43,7776,0.87
67,D,33.38,7776,0.57
67,G,35.57,7536,0.69
67,D,37.38,7516,0.9
67,C,39.59,6860,-0.01
67,F,41.37,9998,0.8
67,E,42.55,7516,0.56
67,C,44.11,6700,0.01
67,F,45.95,10078,0.67
67,B,46.97,6840,-0.01
67,G,48.9,7376,0.78
67,B,51.25,6760,0.01
67,E,53.26,7756,0.82
67,F,54.68,9878,0.87
67,A,55.8,6800,0.0
67,X,58.83,6875,0.92
68,C,9.99,6780,0.01
68,G,11.66,7416,0.87
68,B,13.84,6860,-0.01
68,D,15.27,7676,0.7
68,A,17.3,6720,0.01
68,E,20.51,7596,0.67
68,A,21.85,6860,-0.04
68,D,24.69,7676,0.67
68,G,26.71,7416,0.77
68,C,28.99,6760,0.01
68,E,30.77,7696,0.87
68,F,32.21,9858,0.79
68,X,33.19,6875,0.94
69,C,9.99,6880,-0.01
69,A,11.74,6860,-0.03
69,B,14.84,6840,-0.01
69,G,16.66,7536,0.67
69,F,18.97,9918,0.82
69,C,19.96,6820,-0.01
69,E,21.84,7716,0.83
69,D,22.78,7496,0.84
69,E,24.99,7716,0.88
69,D,25.91,7696,0.63
69,G,27.91,7536,0.64
69,A,30.28,6860,-0.03
69,F,33.56,9918,0.89
69,C,34.8,6720,0.01
69,A,36.69,6760,0.0
69,C,39.94,6740,0.01
69,E,41.67,7536,0.6
69,D,42.59,7716,0.62
69,B,44.71,6760,0.01
69,X,46.52,6875,0.95
70,B,9.98,6740,0.01
70,D,11.61,7756,0.56
70,F,13.76,9758,0.85
70,G,14.79,7596,0.5
70,E,17.12,7616,0.65
70,F,18.69,9898,0.89
70,B,19.81,6720,0.01
70,C,21.69,6840,0.0
70,B,23.55,6820,-0.01
70,D,25.07,7536,0.88
70,G,27.06,7556,0.61
70,B,29.41,6880,-0.01
70,F,31.29,9838,0.77
70,A,32.3,6780,0.0
70,X,35.34,6875,0.87
71,F,9.94,10058,0.7
71,G,11.09,7516,0.66
71,C,13.34,6740,0.01
71,A,15.04,6760,0.01
71,G,18.35,7496,0.77
71,F,20.51,9758,0.85
71,B,21.78,6820,-0.01
71,C,23.67,6860,-0.01
71,B,25.55,6840,-0.01
71,G,27.58,7416,0.87
71,E,29.97,7656,0.76
71,D,30.9,7716,0.63
71,X,32.89,6875,0.91
72,G,9.93,7556,0.61
72,F,12.3,10078,0.68
72,B,13.51,6760,0.01
72,C,15.42,6740,0.01
72,E,17.37,7676,0.79
72,D,18.37,7476,0.76
72,B,20.39,6740,0.01
72,E,22.43,7736,0.78
72,G,23.79,7376,0.78
72,B,26.03,6860,-0.02
72,D,27.69,7736,0.6
72,C,29.76,6760,0.01
72,G,31.54,7436,0.78
72,F,33.8,10038,0.76
72,C,34.83,6800,0.01
72,G,36.47,7556,0.64
72,E,38.69,7556,0.59
72,F,40.11,9858,0.88
72,G,41.14,7436,0.85
72,B,43.38,6760,0.0
72,E,45.35,7556,0.58
72,G,46.86,7476,0.75
72,D,48.86,7536,0.85
72,G,50.98,7336,0.75
72,D,52.83,7636,0.73
72,G,54.86,7556,0.64
72,E,57.19,7676,0.77
72,G,58.71,7536,0.6
72,F,61.01,9778,0.76
72,D,61.65,7636,0.72
72,A,63.72,6740,0.01
72,X,66.79,6875,0.87
73,D,9.57,7716,0.59
73,E,11.62,7556,0.6
73,D,12.57,7476,0.82
73,G,14.78,7596,0.53
73,D,16.59,7516,0.8
73,B,18.79,6800,0.0
73,A,20.89,6860,-0.04
73,C,23.95,6780,0.01
73,B,25.81,6840,-0.01
73,D,27.37,7476,0.82
73,E,29.56,7816,0.84
73,D,30.57,7576,0.83
73,E,32.61,7576,0.64
73,D,33.52,7676,0.69
73,E,35.56,7756,0.9
73,A,37.14,6780,0.0
73,D,40.04,7496,0.77
73,E,42.24,7676,0.84
73,D,43.15,7496,0.82
73,G,45.2,7396,0.81
73,D,47.0,7676,0.64
73,G,49.14,7496,0.74
73,A,51.33,6720,0.01
73,F,54.56,9818,0.87
73,D,55.39,7516,0.82
73,A,57.5,6740,0.01
73,B,60.84,6780,0.0
73,G,62.83,7416,0.87
73,D,64.77,7756,0.61
73,G,66.89,7356,0.79
73,F,69.23,9958,0.87
73,B,70.3,6780,0.0
73,A,72.33,6720,0.01
73,G,75.42,7536,0.66
73,D,77.27,7716,0.61
73,E,79.4,7656,0.77
73,D,80.53,7596,0.84
73,E,82.54,7656,0.78
73,D,83.54,7536,0.77
73,B,85.55,6720,0.01
73,D,87.18,7616,0.76
73,G,89.22,7436,0.83
73,F,91.34,9878,0.83
73,C,92.37,6880,-0.01
73,X,94.0,6875,0.9
74,C,10.0,6740,0.01
74,G,11.85,7476,0.77
74,E,14.05,7716,0.82
74,A,15.52,6840,-0.04
74,D,18.29,7516,0.86
74,F,20.55,9798,0.84
74,E,21.58,7796,0.82
74,C,22.89,6780,0.01
74,E,24.8,7696,0.85
74,G,26.12,7336,0.78
74,B,28.48,6900,-0.02
74,X,30.26,6875,0.86
75,D,9.57,7556,0.78
75,B,11.66,6820,-0.01
75,D,13.15,7536,0.87
75,G,15.19,7436,0.8
75,A,17.6,6860,-0.04
75,E,20.71,7596,0.66
75,B,22.1,6860,-0.01
75,E,24.08,7796,0.85
75,F,25.42,10018,0.76
75,E,26.52,7556,0.59
75,G,27.93,7416,0.88
75,F,30.13,9998,0.76
75,G,31.19,7436,0.8
75,B,33.36,6760,0.01
75,E,35.28,7716,0.84
75,D,36.21,7676,0.68
75,B,38.32,6720,0.01
75,G,40.38,7436,0.78
75,F,42.61,9798,0.86
75,B,43.72,6780,0.0
75,C,45.57,6840,0.0
75,X,47.22,6875,0.93
76,F,9.96,9918,0.78
76,D,10.58,7516,0.83
76,A,12.62,6780,0.01
76,E,15.75,7716,0.83
76,G,17.13,7436,0.76
76,E,19.42,7696,0.79
76,D,20.33,7676,0.64
76,F,22.57,9798,0.81
76,G,23.61,7336,0.76
76,A,25.78,6720,0.01
76,B,28.91,6840,-0.01
76,A,30.84,6840,-0.03
76,G,33.95,7516,0.66
76,B,36.19,6780,0.0
76,A,38.07,6800,0.0
76,D,40.75,7716,0.62
76,F,42.81,9758,0.75
76,E,43.84,7636,0.71
76,B,45.24,6820,-0.01
76,D,46.7,7496,0.82
76,F,48.75,9858,0.82
76,C,49.78,6780,0.01
76,A,51.69,6740,0.01
76,B,54.88,6780,0.01
76,C,56.81,6860,-0.01
76,B,58.54,6760,0.01
76,A,60.56,6880,-0.04
76,B,63.61,6720,0.01
76,A,65.74,6740,0.01
76,C,69.09,6760,0.0
76,E,70.83,7576,0.63
76,F,72.15,9898,0.86
76,G,73.4,7356,0.82
76,A,75.81,6720,0.01
76,D,78.65,7736,0.6
76,X,80.64,6875,0.95
77,F,9.96,9918,0.8
77,B,11.11,6840,-0.01
77,C,12.96,6880,-0.01
77,B,14.66,6800,0.01
77,G,16.5,7396,0.81
77,D,18.43,7736,0.61
77,C,20.65,6860,-0.01
77,G,22.52,7596,0.57
77,F,24.67,9998,0.81
77,D,25.43,7736,0.63
77,G,27.64,7576,0.57
77,A,29.89,6740,0.01
77,B,33.24,6760,0.01
77,G,35.31,7576,0.59
77,B,37.46,6840,-0.01
77,A,39.36,6720,0.01
77,B,42.47,6800,0.0
77,C,44.45,6760,0.01
77,E,46.28,7556,0.6
77,B,47.72,6820,-0.01
77,C,49.58,6800,0.01
77,F,51.44,9878,0.9
77,G,52.57,7356,0.69
77,C,54.97,6700,0.01
77,G,56.87,7556,0.61
77,C,59.03,6700,0.02
77,B,60.94,6760,0.01
77,G,62.92,7436,0.82
77,A,65.26,6760,0.01
77,B,68.52,6740,0.01
77,E,70.57,7536,0.58
77,A,71.93,6740,0.01
77,F,75.0,9798,0.89
77,E,76.14,7816,0.81
77,B,77.43,6760,0.01
77,D,79.1,7676,0.7
77,X,81.09,6875,0.95
78,B,9.99,6860,-0.01
78,G,11.99,7336,0.75
78,E,14.2,7576,0.63
78,B,15.53,6860,-0.01
78,A,17.39,6760,0.01
78,B,20.46,6880,-0.01
78,F,22.48,9958,0.85
78,E,23.64,7576,0.65
78,B,25.04,6860,-0.01
78,D,26.52,7776,0.57
78,A,28.73,6760,0.01
78,G,31.96,7376,0.8
78,E,34.28,7616,0.7
78,D,35.31,7736,0.57
78,G,37.36,7576,0.57
78,B,39.74,6820,0.0
78,D,41.41,7716,0.63
78,F,43.42,9778,0.8
78,E,44.47,7796,0.83
78,C,45.83,6820,0.0
78,X,47.47,6875,0.92
79,E,9.55,7676,0.84
79,A,10.87,6740,0.01
79,E,14.22,7796,0.83
79,G,15.7,7476,0.82
79,B,17.85,6820,-0.01
79,F,19.68,9938,0.79
79,G,20.84,7476,0.77
79,C,23.1,6740,0.01
79,F,24.8,10058,0.71
79,C,25.87,6880,-0.01
79,B,27.79,6740,0.01
79,F,29.87,9978,0.78
79,G,31.02,7476,0.7
79,C,33.33,6820,-0.01
79,B,35.19,6740,0.0
79,F,37.09,10078,0.66
79,D,37.73,7596,0.73
79,A,39.78,6880,-0.04
79,B,42.95,6780,0.0
79,F,44.85,9978,0.83
79,E,46.03,7696,0.79
79,B,47.42,6800,-0.01
79,E,49.44,7656,0.79
79,C,50.98,6720,0.02
79,A,52.91,6800,0.0
79,G,56.09,7456,0.75
79,E,58.39,7576,0.64
79,F,59.88,10058,0.72
79,D,60.51,7576,0.82
79,X,62.52,6875,0.95
80,E,9.55,7676,0.78
80,B,10.92,6860,-0.02
80,G,12.91,7396,0.87
80,C,15.12,6720,0.02
80,A,16.82,6800,0.0
80,C,19.95,6840,0.0
80,F,21.75,9878,0.84
80,A,22.77,6780,0.0
80,F,25.87,9798,0.82
80,C,26.97,6840,0.0
80,E,28.76,7656,0.77
80,F,30.27,9918,0.88
80,G,31.35,7516,0.71
80,B,33.49,6740,0.01
80,C,35.39,6780,0.01
80,B,37.14,6780,0.0
80,F,39.2,10018,0.77
80,C,40.27,6800,0.01
80,E,42.08,7616,0.69
80,G,43.53,7416,0.75
80,B,45.87,6840,-0.01
80,G,47.86,7496,0.78
80,F,50.17,10018,0.76
80,C,51.32,6900,-0.02
80,A,53.22,6840,-0.03
80,E,56.29,7776,0.82
80,D,57.37,7496,0.86
80,C,59.5,6740,0.01
80,D,61.02,7516,0.78
80,G,63.28,7556,0.61
80,B,65.4,6840,-0.01
80,C,67.3,6880,-0.01
80,B,69.08,6780,0.0
80,G,70.96,7596,0.55
80,E,73.33,7616,0.73
80,A,74.69,6820,0.0
80,D,77.52,7536,0.81
80,F,79.66,9998,0.73
80,X,80.63,6875,0.94
81,B,9.96,6860,-0.01
81,D,11.58,7696,0.66
81,A,13.78,6760,0.01
81,G,16.97,7356,0.77
81,A,19.18,6720,0.01
81,D,21.97,7576,0.78
81,F,24.04,10078,0.69
81,A,25.14,6760,0.01
81,C,28.4,6740,0.02
81,B,30.14,6720,0.01
81,C,32.02,6860,-0.01
81,B,33.76,6720,0.01
81,E,35.77,7616,0.69
81,X,37.06,6875,0.88
82,E,9.53,7596,0.67
82,A,10.96,6840,-0.03
82,G,14.09,7356,0.78
82,C,16.24,6860,-0.01
82,G,18.06,7516,0.71
82,A,20.2,6720,0.01
82,E,23.5,7836,0.75
82,A,24.83,6760,0.01
82,C,27.98,6800,0.01
82,A,29.85,6780,0.0
82,E,33.15,7736,0.82
82,B,34.51,6720,0.01
82,D,35.99,7716,0.64
82,B,38.13,6880,-0.01
82,D,39.63,7596,0.76
82,C,41.86,6840,-0.01
82,D,43.23,7756,0.59
82,C,45.28,6820,-0.01
82,E,47.09,7576,0.62
82,G,48.64,7376,0.84
82,A,50.88,6760,0.01
82,B,54.17,6760,0.01
82,C,56.21,6760,0.01
82,A,58.16,6740,0.01
82,F,61.37,9798,0.83
82,X,62.37,6875,0.89
83,C,9.96,6740,0.01
83,A,11.72,6860,-0.04
83,E,14.77,7796,0.75
83,F,16.25,9998,0.73
83,B,17.42,6780,0.0
83,C,19.29,6740,0.02
83,D,20.83,7636,0.7
83,A,23.09,6820,-0.0
83,G,26.15,7396,0.76
83,X,28.28,6875,0.86
84,C,9.96,6720,0.01
84,F,11.83,10038,0.76
84,E,12.83,7616,0.74
84,D,13.93,7536,0.86
84,G,16.17,7396,0.84
84,E,18.5,7716,0.82
84,D,19.41,7616,0.78
84,G,21.41,7476,0.73
84,A,23.59,6740,0.01
84,G,26.65,7596,0.57
84,D,28.45,7536,0.81
84,B,30.73,6840,-0.01
84,E,32.58,7736,0.84
84,C,33.93,6800,0.0
84,B,35.71,6740,0.0
84,A,37.6,6840,-0.03
84,F,40.68,10038,0.73
84,E,41.67,7796,0.85
84,B,43.04,6740,0.01
84,C,45.04,6720,0.01
84,F,46.85,9958,0.79
84,B,47.98,6740,0.0
84,A,49.98,6840,-0.03
84,C,53.02,6820,0.0
84,G,54.77,7576,0.58
84,A,57.1,6840,-0.03
84,C,60.29,6820,-0.01
84,A,61.99,6780,0.0
84,E,65.08,7596,0.66
84,C,66.63,6800,0.01
84,E,68.49,7696,0.86
84,C,70.02,6800,0.0
84,A,71.84,6780,0.0
84,C,75.01,6840,-0.01
84,A,76.7,6760,0.01
84,C,79.79,6820,0.0
84,A,81.47,6860,-0.04
84,D,84.11,7636,0.76
84,X,86.09,6875,0.93
85,G,9.93,7516,0.69
85,F,12.08,9958,0.86
85,B,13.09,6740,0.01
85,F,15.09,9758,0.86
85,A,16.21,6820,0.0
85,F,19.34,9778,0.86
85,C,20.35,6840,-0.01
85,B,22.23,6820,-0.01
85,D,23.65,7556,0.81
85,F,25.9,9838,0.91
85,C,27.03,6800,0.0
85,G,28.85,7496,0.71
85,E,31.04,7676,0.82
85,G,32.58,7596,0.56
85,E,34.88,7736,0.88
85,B,36.25,6800,0.0
85,C,38.26,6760,0.01
85,F,40.19,9998,0.81
85,D,40.89,7776,0.6
85,C,42.92,6760,0.01
85,D,44.45,7476,0.71
85,E,46.69,7596,0.63
85,D,47.87,7536,0.81
85,C,49.97,6840,-0.01
85,D,51.32,7456,0.72
85,F,53.53,9918,0.9
85,G,54.64,7436,0.88
85,E,56.88,7796,0.83
85,A,58.28,6860,-0.04
85,X,61.29,6875,0.9
86,C,9.98,6720,0.01
86,F,11.69,9778,0.87
86,D,12.51,7536,0.78
86,E,14.66,7556,0.58
86,A,16.02,6860,-0.03
86,G,19.28,7416,0.73
86,E,21.48,7676,0.81
86,A,22.98,6780,0.0
86,B,26.13,6720,0.01
86,E,28.17,7796,0.79
86,A,29.66,6880,-0.04
86,C,32.74,6780,0.0
86,G,34.47,7556,0.64
86,E,36.81,7796,0.84
86,G,38.25,7436,0.84
86,C,40.45,6800,0.0
86,D,41.98,7576,0.86
86,C,44.03,6860,-0.01
86,B,45.78,6760,0.0
86,A,47.79,6840,-0.03
86,B,50.96,6720,0.01
86,A,52.96,6760,0.01
86,G,56.25,7576,0.58
86,B,58.53,6820,-0.01
86,D,60.0,7716,0.61
86,B,62.23,6840,-0.01
86,C,64.07,6820,0.0
86,D,65.34,7596,0.76
86,E,67.62,7536,0.58
86,A,68.96,6740,0.01
86,C,72.11,6860,-0.01
86,B,73.79,6900,-0.02
86,A,75.6,6820,-0.01
86,D,78.3,7516,0.78
86,C,80.45,6800,0.0
86,A,82.23,6740,0.01
86,B,85.54,6800,0.0
86,D,87.23,7656,0.67
86,B,89.33,6820,-0.01
86,G,91.38,7556,0.64
86,E,93.67,7696,0.8
86,B,95.01,6900,-0.01
86,G,96.96,7576,0.57
86,D,98.81,7636,0.71
86,E,100.96,7776,0.78
86,A,102.51,6820,0.0
86,G,105.66,7456,0.82
86,B,108.06,6760,0.01
86,C,109.92,6740,0.01
86,B,111.72,6880,-0.02
86,F,113.69,9858,0.9
86,X,114.66,6875,0.88
87,E,9.54,7636,0.76
87,A,11.09,6740,0.01
87,B,14.41,6900,-0.02
87,E,16.19,7756,0.79
87,G,17.57,7596,0.54
87,B,19.81,6720,0.01
87,A,21.87,6840,-0.03
87,F,24.89,10058,0.68
87,G,25.98,7436,0.85
87,A,28.33,6840,-0.03
87,F,31.54,9838,0.86
87,B,32.69,6720,0.01
87,D,34.15,7656,0.7
87,C,36.29,6720,0.01
87,X,37.97,6875,0.91
88,D,9.58,7596,0.79
88,C,11.79,6740,0.01
88,G,13.46,7556,0.62
88,C,15.78,6880,-0.01
88,D,17.12,7476,0.82
88,C,19.17,6900,-0.02
88,E,20.96,7696,0.81
88,G,22.5,7556,0.62
88,A,24.77,6760,0.01
88,G,27.82,7596,0.55
88,A,30.1,6820,-0.03
88,C,33.14,6820,0.0
88,B,34.83,6720,0.02
88,G,36.76,7336,0.76
88,D,38.65,7656,0.67
88,B,40.74,6900,-0.02
88,E,42.7,7656,0.79
88,C,44.02,6760,0.01
88,D,45.51,7556,0.87
88,E,47.64,7796,0.83
88,B,49.0,6740,0.01
88,F,50.96,9938,0.85
88,C,52.17,6880,-0.01
88,A,53.93,6820,-0.0
88,E,57.03,7536,0.55
88,B,58.46,6800,-0.01
88,G,60.52,7476,0.77
88,D,62.43,7596,0.78
88,F,64.45,9918,0.85
88,X,65.42,6875,0.88
89,G,9.94,7576,0.56
89,B,12.23,6780,0.0
89,C,14.21,6800,0.0
89,A,16.15,6840,-0.03
89,C,19.34,6900,-0.02
89,D,20.65,7556,0.76
89,A,22.77,6860,-0.04
89,D,25.66,7556,0.85
89,C,27.7,6800,0.0
89,D,29.0,7736,0.59
89,B,31.16,6820,-0.01
89,F,33.11,9938,0.85
89,D,33.88,7556,0.77
89,A,36.06,6780,0.01
89,C,39.28,6840,0.0
89,E,40.95,7656,0.76
89,F,42.29,9998,0.73
89,E,43.39,7736,0.87
89,F,44.92,9898,0.9
89,D,45.75,7736,0.6
89,A,48.0,6760,0.01
89,G,51.23,7376,0.83
89,F,53.58,9878,0.91
89,G,54.67,7556,0.62
89,D,56.41,7636,0.71
89,B,58.59,6860,-0.01
89,C,60.49,6900,-0.01
89,X,62.12,6875,0.91
90,E,9.54,7656,0.76
90,D,10.56,7596,0.76
90,E,12.83,7596,0.67
90,C,14.24,6860,-0.01
90,F,15.91,10058,0.72
90,C,16.94,6740,0.01
90,A,18.79,6700,0.02
90,E,22.01,7796,0.82
90,B,23.55,6840,-0.01
90,D,25.04,7476,0.79
90,E,27.21,7556,0.61
90,D,28.15,7756,0.59
90,C,30.2,6780,0.01
90,B,31.93,6760,0.0
90,A,33.86,6740,0.01
90,B,37.21,6800,-0.01
90,E,39.24,7836,0.76
90,A,40.56,6900,-0.04
90,G,43.79,7396,0.84
90,B,46.07,6880,-0.02
90,E,48.03,7796,0.85
90,G,49.32,7576,0.57
90,E,51.57,7716,0.87
90,C,53.0,6740,0.01
90,F,54.87,9838,0.86
90,D,55.73,7596,0.78
90,B,57.81,6840,-0.01
90,D,59.33,7476,0.76
90,E,61.62,7576,0.59
90,G,63.16,7516,0.67
90,B,65.52,6740,0.01
90,F,67.53,9918,0.91
90,G,68.56,7476,0.76
90,A,70.91,6800,0.0
90,X,73.96,6875,0.89
91,A,9.96,6860,-0.04
91,C,13.17,6720,0.01
91,A,14.94,6880,-0.04
91,F,18.01,9878,0.89
91,G,19.11,7356,0.81
91,A,21.52,6720,0.01
91,C,24.69,6760,0.0
91,G,26.35,7356,0.79
91,F,28.68,9958,0.8
91,B,29.87,6740,0.01
91,A,31.74,6900,-0.04
91,B,34.8,6800,-0.01
91,D,36.42,7696,0.62
91,E,38.46,7776,0.86
91,X,39.74,6875,0.92
92,A,9.99,6720,0.01
92,D,12.69,7776,0.59
92,A,14.93,6780,0.01
92,G,18.13,7576,0.58
92,D,19.88,7716,0.61
92,F,22.1,9878,0.88
92,B,23.3,6880,-0.02
92,F,25.16,9838,0.8
92,C,26.32,6840,0.0
92,B,28.17,6820,-0.01
92,D,29.82,7676,0.65
92,C,31.83,6860,-0.01
92,G,33.52,7476,0.78
92,D,35.3,7676,0.64
92,F,37.47,10038,0.75
92,D,38.31,7676,0.64
92,E,40.45,7716,0.81
92,B,41.89,6900,-0.02
92,D,43.35,7656,0.7
92,C,45.39,6780,0.01
92,F,47.18,10018,0.76
92,C,48.25,6880,-0.01
92,G,50.02,7376,0.83
92,A,52.36,6720,0.01
92,F,55.64,10078,0.68
92,C,56.84,6820,-0.01
92,G,58.52,7436,0.77
92,E,60.89,7736,0.85
92,X,62.18,6875,0.88
93,E,9.55,7616,0.69
93,C,10.88,6800,0.0
93,F,12.58,9778,0.8
93,A,13.81,6900,-0.04
93,G,17.02,7396,0.83
93,E,19.43,7616,0.71
93,G,20.86,7376,0.82
93,E,23.12,7816,0.78
93,A,24.54,6840,-0.03
93,E,27.8,7696,0.82
93,G,29.1,7416,0.73
93,E,31.44,7716,0.89
93,C,32.77,6880,-0.02
93,B,34.45,6820,-0.01
93,C,36.32,6760,0.01
93,A,38.26,6700,0.01
93,C,41.44,6880,-0.02
93,B,43.12,6840,-0.01
93,A,44.97,6900,-0.04
93,G,47.97,7576,0.54
93,C,50.2,6740,0.01
93,D,51.7,7516,0.86
93,X,53.71,6875,0.92
94,D,9.57,7516,0.81
94,G,11.79,7376,0.86
94,F,14.13,10078,0.68
94,A,15.3,6820,-0.03
94,E,18.36,7736,0.79
94,G,19.83,7416,0.82
94,B,22.13,6780,0.0
94,E,24.02,7516,0.55
94,G,25.45,7456,0.7
94,B,27.66,6800,0.0
94,C,29.58,6760,0.01
94,X,31.24,6875,0.92
95,G,9.95,7556,0.57
95,B,12.26,6860,-0.01
95,F,14.31,9978,0.73
95,B,15.35,6840,-0.01
95,C,17.34,6760,0.01
95,A,19.19,6720,0.02
95,F,22.43,10038,0.72
95,E,23.66,7816,0.82
95,C,25.06,6840,-0.01
95,G,26.96,7456,0.78
95,D,28.9,7476,0.83
95,B,31.07,6840,-0.01
95,G,33.02,7556,0.63
95,B,35.27,6760,0.01
95,G,37.11,7556,0.6
95,B,39.5,6840,-0.01
95,F,41.44,9758,0.78
95,C,42.72,6720,0.02
95,G,44.43,7416,0.87
95,E,46.65,7756,0.83
95,F,48.14,10078,0.65
95,G,49.34,7436,0.77
95,E,51.73,7636,0.75
95,C,53.18,6860,-0.01
95,B,55.03,6880,-0.02
95,E,56.87,7576,0.65
95,F,58.32,9898,0.8
95,B,59.53,6700,0.01
95,A,61.62,6880,-0.04
95,G,64.69,7556,0.61
95,F,66.8,9938,0.85
95,G,67.78,7536,0.66
95,E,70.11,7656,0.75
95,A,71.46,6720,0.01
95,F,74.78,9958,0.85
95,D,75.43,7636,0.72
95,X,77.43,6875,0.93
96,A,9.97,6800,0.0
96,F,13.14,9758,0.74
96,A,14.26,6820,0.0
96,D,17.14,7636,0.75
96,E,19.26,7716,0.78
96,A,20.62,6720,0.01
96,F,23.73,9918,0.8
96,E,24.9,7756,0.91
96,A,26.4,6720,0.01
96,B,29.63,6800,-0.01
96,G,31.56,7396,0.86
96,A,33.94,6720,0.01
96,B,37.11,6700,0.01
96,D,38.67,7496,0.78
96,A,40.89,6860,-0.04
96,E,43.92,7716,0.83
96,F,45.25,9778,0.84
96,B,46.43,6860,-0.01
96,E,48.32,7816,0.8
96,G,49.63,7536,0.65
96,E,51.97,7596,0.65
96,F,53.29,9838,0.79
96,D,54.11,7736,0.6
96,F,56.21,10058,0.68
96,E,57.35,7636,0.71
96,B,58.66,6760,0.0
96,G,60.58,7336,0.74
96,C,62.99,6740,0.01
96,X,64.67,6875,0.94
97,G,9.99,7336,0.8
97,B,12.39,6720,0.01
97,E,14.39,7536,0.58
97,C,15.92,6740,0.01
97,D,17.49,7616,0.76
97,A,19.72,6900,-0.04
97,F,22.88,10078,0.68
97,D,23.74,7556,0.84
97,G,25.75,7456,0.75
97,D,27.58,7476,0.78
97,F,29.61,10038,0.73
97,B,30.81,6860,-0.01
97,C,32.63,6860,-0.01
97,B,34.38,6740,0.01
97,G,36.28,7556,0.61
97,A,38.57,6900,-0.04
97,C,41.73,6720,0.01
97,G,43.67,7396,0.79
97,C,45.82,6760,0.01
97,D,47.37,7696,0.64
97,E,49.53,7676,0.81
97,X,50.82,6875,0.89
98,C,9.97,6760,0.01
98,F,11.65,9778,0.8
98,A,12.73,6820,-0.0
98,F,15.86,9798,0.89
98,A,16.94,6880,-0.04
98,F,19.94,10038,0.71
98,C,21.13,6860,-0.01
98,A,22.84,6880,-0.04
98,E,25.88,7756,0.83
98,D,26.95,7696,0.64
98,B,29.09,6840,-0.01
98,A,31.17,6880,-0.04
98,G,34.27,7336,0.78
98,F,36.39,9958,0.83
98,C,37.56,6880,-0.01
98,E,39.26,7616,0.71
98,B,40.61,6800,-0.01
98,A,42.61,6840,-0.03
98,E,45.7,7616,0.68
98,B,47.16,6740,0.01
98,C,49.19,6780,0.01
98,E,50.99,7716,0.87
98,C,52.36,6720,0.02
98,E,54.14,7676,0.76
98,G,55.45,7336,0.77
98,C,57.61,6720,0.02
98,G,59.34,7476,0.72
98,C,61.71,6880,-0.01
98,F,63.51,9918,0.83
98,G,64.51,7376,0.83
98,C,66.78,6780,-0.01
98,F,68.43,9778,0.83
98,E,69.44,7676,0.8
98,G,70.7,7556,0.62
98,C,73.01,6820,-0.01
98,E,74.91,7776,0.88
98,D,75.93,7516,0.8
98,X,77.95,6875,0.93
99,A,9.96,6880,-0.04
99,G,13.22,7396,0.83
99,D,15.09,7636,0.72
99,F,17.17,9918,0.86
99,G,18.17,7416,0.84
99,D,19.94,7656,0.67
99,E,22.13,7796,0.81
99,F,23.51,9858,0.88
99,A,24.55,6720,0.01
99,E,27.62,7716,0.84
99,A,29.03,6860,-0.03
99,D,31.68,7456,0.77
99,B,33.95,6900,-0.02
99,D,35.62,7616,0.77
99,F,37.63,10018,0.71
99,E,38.77,7816,0.78
99,A,40.31,6720,0.01
99,C,43.58,6880,-0.01
99,X,45.22,6875,0.89
100,A,9.98,6860,-0.04
100,G,13.1,7356,0.82
100,B,15.34,6800,-0.01
100,D,16.92,7516,0.84
100,A,19.21,6740,0.01
100,D,21.92,7516,0.78
100,F,24.08,9958,0.77
100,D,24.9,7756,0.57
100,B,27.14,6820,-0.01
100,C,29.04,6740,0.01
100,F,30.79,9998,0.77
100,A,31.86,6860,-0.04
100,G,34.92,7416,0.8
100,E,37.31,7656,0.74
100,X,38.6,6875,0.86
101,E,9.56,7756,0.78
101,B,11.06,6840,-0.01
101,A,13.03,6760,0.01
101,F,16.31,9898,0.92
101,D,16.93,7576,0.76
101,C,19.07,6820,0.0
101,F,20.94,10078,0.65
101,B,22.03,6700,0.01
101,C,24.05,6720,0.01
101,G,25.99,7336,0.77
101,X,28.12,6875,0.92
102,F,9.94,9758,0.82
102,C,11.17,6780,0.01
102,D,12.67,7736,0.6
102,E,14.91,7596,0.66
102,D,15.81,7656,0.65
102,C,17.81,6820,0.0
102,F,19.56,10078,0.69
102,E,20.63,7616,0.71
102,D,21.56,7596,0.77
102,F,23.7,9798,0.81
102,E,24.77,7816,0.78
102,B,26.1,6740,0.01
102,C,27.97,6860,-0.01
102,E,29.77,7516,0.56
102,B,31.29,6720,0.02
102,C,33.21,6800,0.0
102,D,34.56,7676,0.69
102,B,36.58,6840,-0.01
102,A,38.52,6880,-0.04
102,B,41.64,6760,0.01
102,G,43.67,7356,0.71
102,X,45.8,6875,0.94
103,A,9.96,6720,0.01
103,F,13.14,9778,0.85
103,C,14.29,6860,-0.01
103,G,16.16,7456,0.86
103,C,18.38,6720,0.01
103,E,20.26,7716,0.8
103,A,21.65,6760,0.01
103,F,24.73,9898,0.88
103,E,25.96,7696,0.78
103,G,27.24,7396,0.88
103,E,29.52,7676,0.8
103,B,30.94,6840,-0.01
103,A,33.03,6840,-0.03
103,E,36.31,7596,0.63
103,G,37.74,7496,0.8
103,D,39.51,7636,0.73
103,F,41.71,9998,0.8
103,E,42.97,7656,0.79
103,F,44.27,10018,0.78
103,D,45.13,7676,0.7
103,C,47.18,6740,0.01
103,E,49.12,7536,0.56
103,B,50.7,6740,0.0
103,G,52.71,7416,0.82
103,A,54.92,6740,0.01
103,X,57.98,6875,0.88
104,B,9.97,6860,-0.01
104,A,11.82,6860,-0.04
104,F,14.86,10018,0.73
104,G,16.05,7396,0.88
104,D,17.83,7616,0.75
104,C,19.88,6760,0.01
104,E,21.83,7536,0.58
104,X,23.12,6875,0.92
105,D,9.58,7596,0.72
105,F,11.63,9858,0.82
105,G,12.66,7396,0.85
105,A,14.84,6740,0.01
105,B,17.94,6840,-0.01
105,E,19.81,7796,0.84
105,G,21.09,7556,0.65
105,A,23.46,6720,0.02
105,C,26.62,6740,0.01
105,X,28.29,6875,0.91
106,B,9.98,6780,-0.01
106,E,11.85,7536,0.59
106,G,13.15,7456,0.75
106,D,14.94,7656,0.72
106,G,17.07,7476,0.81
106,B,19.26,6720,0.01
106,G,21.32,7456,0.84
106,B,23.71,6880,-0.02
106,A,25.7,6840,-0.03
106,F,28.75,9778,0.78
106,A,29.87,6780,0.01
106,D,32.74,7696,0.64
106,B,34.84,6780,0.0
106,D,36.34,7756,0.57
106,E,38.49,7576,0.64
106,F,39.88,9978,0.81
106,G,40.89,7356,0.81
106,A,43.22,6860,-0.04
106,F,46.29,10038,0.76
106,D,47.05,7556,0.8
106,B,49.19,6860,-0.02
106,D,50.83,7656,0.73
106,F,52.96,9918,0.89
106,C,54.17,6740,0.02
106,F,55.89,10038,0.74
106,D,56.76,7616,0.77
106,B,58.99,6700,0.01
106,C,60.88,6780,0.01
106,G,62.54,7576,0.58
106,E,64.84,7616,0.7
106,F,66.17,9878,0.81
106,B,67.32,6840,-0.01
106,G,69.17,7436,0.77
106,E,71.47,7756,0.85
106,B,72.78,6860,-0.01
106,A,74.75,6700,0.02
106,X,77.83,6875,0.88
107,C,9.96,6740,0.01
107,A,11.82,6780,0.01
107,E,14.91,7696,0.86
107,D,16.01,7536,0.87
107,B,18.17,6860,-0.01
107,D,19.63,7576,0.83
107,B,21.63,6720,0.01
107,G,23.59,7436,0.82
107,E,25.8,7816,0.73
107,D,26.72,7656,0.68
107,E,28.98,7656,0.79
107,A,30.31,6840,-0.03
107,G,33.43,7456,0.8
107,B,35.57,6800,0.0
107,F,37.55,9858,0.91
107,D,38.19,7496,0.76
107,A,40.27,6880,-0.04
107,B,43.47,6740,0.01
107,D,45.05,7636,0.72
107,E,47.09,7696,0.81
107,G,48.43,7516,0.7
107,F,50.78,10018,0.76
107,D,51.62,7636,0.77
107,A,53.86,6840,-0.03
107,E,56.91,7776,0.83
107,B,58.47,6760,0.0
107,E,60.32,7736,0.88
107,F,61.83,9878,0.89
107,D,62.51,7596,0.79
107,E,64.76,7656,0.82
107,D,65.69,7536,0.81
107,G,67.91,7356,0.83
107,E,70.18,7616,0.7
107,A,71.65,6780,0.01
107,E,74.96,7616,0.67
107,A,76.32,6840,-0.03
107,G,79.46,7456,0.84
107,D,81.28,7576,0.82
107,C,83.32,6760,0.01
107,X,84.98,6875,0.94
108,F,9.95,9818,0.92
108,G,11.07,7376,0.72
108,D,13.02,7556,0.8
108,A,15.11,6720,0.01
108,B,18.38,6820,-0.01
108,E,20.27,7676,0.8
108,C,21.7,6840,0.0
108,X,23.35,6875,0.9
109,C,9.99,6700,0.01
109,D,11.3,7636,0.73
109,F,13.47,9878,0.93
109,C,14.6,6840,-0.01
109,D,15.9,7776,0.59
109,A,18.15,6800,-0.0
109,B,21.22,6780,0.0
109,F,23.32,9778,0.82
109,E,24.43,7616,0.72
109,G,25.92,7376,0.82
109,X,28.04,6875,0.89
110,A,9.97,6820,-0.0
110,B,13.08,6880,-0.02
110,F,14.92,9958,0.78
110,D,15.75,7576,0.81
110,G,17.98,7436,0.83
110,C,20.21,6740,0.01
110,F,22.02,9878,0.84
110,D,22.79,7476,0.81
110,F,24.86,10078,0.66
110,G,26.01,7476,0.74
110,D,27.81,7516,0.76
110,G,30.03,7436,0.75
110,B,32.29,6720,0.01
110,A,34.29,6860,-0.03
110,G,37.33,7476,0.83
110,C,39.58,6800,0.01
110,D,41.11,7676,0.65
110,C,43.34,6720,0.01
110,A,45.29,6760,0.01
110,B,48.39,6760,0.01
110,E,50.36,7676,0.83
110,X,51.64,6875,0.92
111,A,9.97,6700,0.02
111,B,13.09,6880,-0.02
111,G,15.05,7556,0.62
111,C,17.18,6760,0.01
111,A,19.08,6760,0.01
111,E,22.15,7776,0.85
111,G,23.64,7536,0.63
111,E,25.78,7676,0.73
111,G,27.16,7336,0.79
111,E,29.34,7736,0.9
111,G,30.89,7336,0.78
111,B,33.22,6840,-0.01
111,C,35.22,6840,-0.01
111,D,36.47,7556,0.85
111,F,38.63,9878,0.87
111,X,39.6,6875,0.93
112,B,9.98,6780,0.0
112,E,12.0,7676,0.84
112,G,13.38,7456,0.81
112,F,15.55,10018,0.77
112,A,16.66,6720,0.01
112,C,19.77,6760,0.01
112,D,21.11,7636,0.72
112,C,23.25,6840,0.0
112,G,25.11,7436,0.75
112,E,27.3,7676,0.81
112,F,28.71,9898,0.82
112,G,29.78,7456,0.73
112,C,32.02,6840,0.0
112,A,33.83,6760,0.01
112,G,36.9,7356,0.73
112,C,39.26,6880,-0.01
112,A,41.1,6880,-0.04
112,C,44.19,6780,0.01
112,B,46.12,6820,-0.01
112,F,48.12,10018,0.72
112,G,49.24,7476,0.76
112,B,51.61,6860,-0.01
112,D,53.28,7676,0.66
112,X,55.26,6875,0.92
113,D,9.59,7656,0.7
113,B,11.77,6720,0.01
113,G,13.84,7536,0.65
113,C,16.06,6840,0.0
113,B,17.77,6760,0.0
113,D,19.28,7476,0.77
113,F,21.29,10058,0.71
113,G,22.46,7536,0.65
113,C,24.6,6760,0.01
113,G,26.43,7356,0.76
113,F,28.64,9858,0.83
113,A,29.68,6740,0.01
113,F,32.98,9898,0.8
113,D,33.61,7636,0.74
113,B,35.75,6860,-0.01
113,F,37.79,9998,0.81
113,D,38.41,7476,0.78
113,F,40.5,10078,0.68
113,G,41.62,7516,0.75
113,D,43.55,7636,0.77
113,B,45.77,6860,-0.01
113,C,47.74,6780,0.01
113,A,49.55,6860,-0.03
113,G,52.82,7436,0.74
113,E,55.09,7676,0.82
113,X,56.38,6875,0.87
114,G,9.97,7396,0.88
114,B,12.11,6720,0.01
114,F,14.16,9958,0.79
114,B,15.24,6740,0.01
114,D,16.86,7716,0.62
114,B,18.88,6860,-0.01
114,F,20.68,10038,0.73
114,E,21.93,7536,0.58
114,B,23.32,6760,0.01
114,F,25.16,9858,0.84
114,A,26.16,6720,0.02
114,G,29.46,7496,0.73
114,C,31.65,6860,-0.01
114,B,33.36,6700,0.02
114,G,35.2,7416,0.87
114,F,37.45,9778,0.83
114,E,38.61,7756,0.87
114,C,39.96,6800,0.01
114,G,41.65,7356,0.71
114,D,43.44,7696,0.63
114,F,45.61,9798,0.78
114,G,46.61,7536,0.65
114,D,48.38,7616,0.79
114,F,50.41,9978,0.8
114,B,51.62,6740,0.01
114,C,53.51,6860,-0.01
114,E,55.21,7676,0.81
114,F,56.56,10018,0.74
114,G,57.74,7376,0.78
114,A,60.04,6780,0.0
114,X,63.08,6875,0.88
115,G,9.97,7396,0.87
115,C,12.15,6740,0.01
115,F,13.91,10078,0.68
115,E,14.99,7516,0.56
115,F,16.31,10038,0.71
115,A,17.31,6720,0.02
115,F,20.61,9838,0.9
115,D,21.24,7596,0.82
115,A,23.3,6820,-0.0
115,E,26.57,7656,0.77
115,D,27.58,7656,0.68
115,F,29.85,9958,0.78
115,C,31.07,6760,0.01
115,F,32.75,9798,0.85
115,C,33.78,6760,0.01
115,D,35.11,7616,0.77
115,A,37.27,6800,0.0
115,E,40.5,7736,0.85
115,C,41.86,6700,0.02
115,G,43.54,7456,0.79
115,B,45.84,6860,-0.01
115,A,47.88,6840,-0.03
115,G,51.04,7476,0.7
115,F,53.39,9958,0.81
115,B,54.5,6800,0.0
115,A,56.57,6720,0.01
115,F,59.84,10078,0.66
115,E,61.07,7756,0.79
115,G,62.4,7436,0.75
115,A,64.59,6720,0.01
115,C,67.81,6880,-0.01
115,E,69.58,7756,0.85
115,A,71.15,6800,0.0
115,F,74.2,9958,0.6
115,G,75.17,7596,0.56
115,D,77.03,7736,0.61
115,X,79.01,6875,0.91
116,C,9.99,6800,0.0
116,E,11.9,7516,0.55
116,A,13.43,6860,-0.04
116,F,16.59,9778,0.81
116,G,17.57,7456,0.86
116,D,19.49,7556,0.79
116,B,21.63,6840,-0.01
116,C,23.61,6720,0.01
116,E,25.36,7676,0.82
116,D,26.39,7576,0.77
116,B,28.62,6720,0.01
116,D,30.27,7496,0.82
116,F,32.27,9778,0.79
116,B,33.26,6720,0.01
116,G,35.26,7416,0.8
116,E,37.43,7796,0.82
116,C,38.99,6820,0.0
116,A,40.67,6840,-0.03
116,X,43.69,6875,0.86
117,F,9.96,10058,0.71
117,B,11.2,6720,0.01
117,G,13.27,7556,0.63
117,A,15.44,6720,0.01
117,D,18.38,7636,0.7
117,F,20.37,9778,0.86
117,C,21.61,6780,0.01
117,D,22.94,7576,0.83
117,G,25.14,7456,0.81
117,D,26.88,7516,0.87
117,E,29.13,7576,0.62
117,X,30.41,6875,0.93
118,E,9.56,7596,0.67
118,G,10.88,7416,0.73
118,E,13.26,7596,0.63
118,C,14.81,6700,0.02
118,E,16.57,7776,0.85
118,A,18.11,6820,-0.0
118,D,20.74,7656,0.7
118,B,22.98,6780,0.0
118,G,24.81,7476,0.76
118,E,27.06,7756,0.84
118,F,28.42,9978,0.8
118,A,29.46,6800,0.0
118,C,32.73,6900,-0.01
118,D,34.12,7576,0.82
118,F,36.21,9938,0.85
118,B,37.39,6820,0.0
118,F,39.44,9758,0.84
118,C,40.6,6760,0.01
118,F,42.26,9798,0.79
118,E,43.49,7696,0.78
118,C,44.79,6820,-0.01
118,E,46.55,7616,0.71
118,G,47.94,7516,0.72
118,X,50.06,6875,0.95
119,G,9.91,7596,0.54
119,C,12.08,6740,0.01
119,E,13.97,7636,0.71
119,F,15.49,10018,0.7
119,A,16.61,6820,-0.0
119,B,19.89,6860,-0.01
119,F,21.71,9958,0.81
119,G,22.73,7376,0.79
119,A,24.91,6860,-0.04
119,B,28.0,6880,-0.02
119,C,29.95,6800,0.0
119,D,31.4,7556,0.81
119,X,33.4,6875,0.91
120,G,9.94,7496,0.79
120,E,12.08,7816,0.84
120,B,13.46,6820,0.0
120,G,15.34,7396,0.84
120,D,17.3,7596,0.79
120,B,19.31,6740,0.01
120,E,21.17,7556,0.62
120,A,22.71,6840,-0.03
120,G,25.78,7336,0.74
120,E,27.98,7796,0.79
120,A,29.38,6820,-0.03
120,G,32.51,7536,0.66
120,F,34.73,9938,0.8
120,A,35.77,6880,-0.04
120,D,38.63,7696,0.66
120,G,40.66,7536,0.7
120,E,42.8,7516,0.55
120,G,44.14,7476,0.73
120,B,46.29,6740,0.01
120,F,48.25,9938,0.87
120,C,49.25,6880,-0.01
120,X,50.89,6875,0.88
121,E,9.55,7776,0.82
121,G,10.91,7416,0.84
121,B,13.06,6840,-0.01
121,D,14.66,7696,0.62
121,C,16.87,6740,0.02
121,B,18.84,6860,-0.01
121,E,20.73,7776,0.9
121,C,22.1,6740,0.01
121,G,23.86,7436,0.78
121,B,26.03,6740,0.0
121,E,27.96,7796,0.83
121,C,29.39,6780,0.01
121,G,31.29,7436,0.83
121,C,33.64,6760,0.01
121,B,35.47,6720,0.01
121,C,37.37,6820,0.0
121,D,38.68,7716,0.65
121,E,40.82,7576,0.65
121,D,41.91,7576,0.83
121,G,44.11,7496,0.79
121,B,46.32,6720,0.01
121,G,48.15,7536,0.66
121,B,50.29,6900,-0.02
121,F,52.14,9878,0.9
121,A,53.25,6800,-0.0
121,F,56.54,9838,0.81
121,A,57.7,6880,-0.04
121,F,60.73,9938,0.84
121,E,61.87,7756,0.83
121,D,62.86,7716,0.61
121,F,64.97,9958,0.83
121,G,65.98,7356,0.78
121,A,68.35,6780,0.0
121,G,71.42,7556,0.6
121,D,73.21,7576,0.82
121,F,75.26,9938,0.85
121,D,76.01,7556,0.8
121,E,78.05,7816,0.78
121,C,79.37,6800,0.0
121,F,81.07,10058,0.7
121,A,82.3,6720,0.01
121,C,85.4,6720,0.01
121,D,86.72,7496,0.84
121,E,88.81,7756,0.86
121,F,90.18,9778,0.81
121,E,91.37,7736,0.87
121,A,92.83,6840,-0.03
121,E,95.9,7596,0.68
121,A,97.39,6720,0.01
121,B,100.47,6740,0.01
121,X,102.28,6875,0.91
122,A,9.99,6740,0.01
122,D,12.7,7516,0.88
122,E,14.78,7656,0.76
122,B,16.08,6740,0.01
122,E,18.07,7636,0.74
122,C,19.62,6840,0.0
122,G,21.45,7516,0.65
122,A,23.65,6840,-0.03
122,E,26.8,7636,0.76
122,B,28.14,6800,-0.01
122,G,30.11,7476,0.81
122,C,32.43,6820,0.0
122,D,33.9,7576,0.84
122,A,35.97,6760,0.01
122,E,39.28,7576,0.62
122,D,40.42,7596,0.77
122,C,42.64,6760,0.01
122,B,44.45,6900,-0.01
122,A,46.5,6860,-0.04
122,C,49.64,6780,0.01
122,B,51.4,6780,0.0
122,F,53.33,9758,0.82
122,X,54.3,6875,0.92
123,D,9.57,7456,0.76
123,B,11.81,6720,0.01
123,G,13.79,7496,0.74
123,A,16.09,6800,0.0
123,C,19.3,6860,-0.01
123,A,21.21,6720,0.01
123,F,24.52,9978,0.83
123,A,25.5,6740,0.01
123,E,28.78,7716,0.87
123,C,30.11,6800,0.0
123,E,31.84,7756,0.88
123,D,32.76,7756,0.6
123,G,34.93,7596,0.54
123,C,37.07,6880,-0.01
123,E,38.95,7696,0.82
123,B,40.32,6720,0.01
123,C,42.43,6780,0.01
123,A,44.32,6800,0.01
123,C,47.48,6720,0.01
123,E,49.19,7656,0.77
123,D,50.19,7696,0.63
123,C,52.31,6840,0.0
123,E,54.08,7636,0.73
123,F,55.4,9918,0.86
123,X,56.38,6875,0.88
124,G,9.97,7356,0.67
124,B,12.32,6860,-0.01
124,C,14.25,6740,0.01
124,B,15.93,6720,0.01
124,F,17.98,9798,0.83
124,B,19.09,6820,0.0
124,D,20.55,7756,0.55
124,E,22.56,7756,0.81
124,D,23.6,7476,0.79
124,A,25.73,6800,0.0
124,X,28.76,6875,0.93
125,C,9.99,6820,0.0
125,B,11.82,6880,-0.01
125,F,13.79,9938,0.85
125,B,15.04,6800,0.0
125,C,17.1,6720,0.01
125,D,18.42,7496,0.84
125,B,20.66,6780,0.0
125,A,22.67,6740,0.01
125,B,25.77,6880,-0.01
125,G,27.72,7516,0.67
125,A,29.98,6860,-0.04
125,C,33.01,6860,0.0
125,E,34.76,7776,0.88
125,G,36.16,7436,0.77
125,F,38.31,9998,0.74
125,D,39.11,7656,0.71
125,B,41.27,6780,0.0
125,A,43.14,6740,0.01
125,F,46.34,10058,0.69
125,E,47.57,7776,0.83
125,A,49.1,6880,-0.04
125,E,52.26,7636,0.77
125,A,53.84,6880,-0.04
125,D,56.7,7656,0.69
125,G,58.69,7476,0.78
125,D,60.59,7676,0.67
125,B,62.81,6860,-0.01
125,G,64.71,7356,0.8
125,A,66.98,6800,0.0
125,G,70.17,7576,0.57
125,E,72.33,7636,0.74
125,B,73.62,6880,-0.02
125,E,75.43,7756,0.81
125,B,76.74,6760,0.01
125,C,78.85,6880,-0.01
125,X,80.49,6875,0.94
126,F,9.98,9938,0.85
126,B,11.04,6700,0.01
126,C,13.05,6840,-0.01
126,A,14.87,6700,0.02
126,D,17.73,7636,0.76
126,F,19.8,10078,0.68
126,A,21.06,6800,0.0
126,B,24.21,6720,0.01
126,D,25.87,7596,0.79
126,F,27.98,9938,0.86
126,E,29.0,7676,0.81
126,C,30.32,6860,-0.01
126,G,31.98,7496,0.7
126,X,34.09,6875,0.89
127,E,9.55,7736,0.83
127,A,11.03,6900,-0.04
127,F,14.23,9898,0.88
127,B,15.22,6740,0.01
127,E,17.13,7696,0.88
127,G,18.58,7536,0.66
127,A,20.85,6760,0.01
127,C,23.97,6780,0.0
127,B,25.84,6820,-0.01
127,A,27.81,6740,0.01
127,B,30.99,6780,0.0
127,D,32.64,7476,0.82
127,X,34.65,6875,0.95
128,E,9.55,7716,0.85
128,D,10.67,7756,0.58
128,C,12.87,6820,-0.01
128,B,14.79,6820,-0.01
128,C,16.62,6880,-0.01
128,E,18.41,7716,0.87
128,D,19.32,7676,0.67
128,A,21.38,6720,0.01
128,G,24.72,7376,0.73
128,A,26.87,6740,0.02
128,G,30.03,7576,0.55
128,A,32.41,6840,-0.03
128,D,35.17,7536,0.88
128,G,37.22,7456,0.7
128,F,39.35,9758,0.77
128,A,40.43,6760,0.01
128,D,43.24,7596,0.8
128,A,45.34,6840,-0.03
128,G,48.42,7336,0.72
128,C,50.76,6820,0.01
128,D,52.17,7596,0.76
128,B,54.36,6800,0.0
128,D,55.92,7476,0.78
128,B,58.2,6820,0.0
128,F,60.12,9758,0.77
128,A,61.32,6900,-0.04
128,F,64.42,9918,0.9
128,E,65.64,7696,0.82
128,X,66.94,6875,0.88
129,C,9.96,6740,0.01
129,E,11.76,7536,0.57
129,D,12.69,7496,0.83
129,F,14.71,9858,0.84
129,A,15.79,6880,-0.04
129,C,18.98,6700,0.01
129,D,20.34,7656,0.68
129,E,22.36,7696,0.82
129,D,23.47,7756,0.59
129,A,25.5,6840,-0.03
129,E,28.64,7796,0.86
129,B,30.17,6900,-0.02
129,D,31.77,7656,0.67
129,C,33.94,6740,0.01
129,G,35.64,7496,0.72
129,D,37.41,7736,0.59
129,E,39.6,7756,0.87
129,A,40.94,6780,0.0
129,F,44.13,10038,0.72
129,A,45.25,6880,-0.04
129,B,48.28,6780,0.0
129,E,50.36,7756,0.87
129,C,51.88,6720,0.01
129,A,53.74,6820,-0.0
129,C,56.78,6880,-0.01
129,A,58.65,6840,-0.03
129,F,61.77,9778,0.75
129,A,62.92,6820,-0.0
129,E,65.94,7796,0.78
129,C,67.32,6820,0.0
129,G,68.98,7376,0.8
129,X,71.1,6875,0.92
130,E,9.57,7516,0.57
130,C,10.99,6800,0.0
130,G,12.72,7516,0.73
130,C,15.09,6740,0.01
130,G,16.78,7556,0.62
130,E,19.07,7696,0.82
130,A,20.37,6740,0.01
130,G,23.53,7456,0.75
130,A,25.93,6820,0.0
130,F,29.09,9938,0.87
130,A,30.18,6760,0.01
130,B,33.34,6880,-0.02
130,F,35.17,9978,0.8
130,E,36.29,7536,0.58
130,F,37.6,9818,0.77
130,C,38.75,6740,0.01
130,E,40.61,7796,0.83
130,D,41.73,7616,0.78
130,X,43.73,6875,0.87
131,C,9.99,6740,0.01
131,A,11.84,6840,-0.03
131,G,14.91,7336,0.76
131,F,17.03,9978,0.84
131,C,18.25,6880,-0.01
131,E,20.02,7776,0.77
131,B,21.36,6740,0.01
131,F,23.35,9818,0.89
131,B,24.37,6880,-0.01
131,A,26.4,6800,0.0
131,D,29.32,7536,0.87
131,X,31.31,6875,0.9
132,E,9.54,7776,0.86
132,A,10.92,6880,-0.04
132,E,14.16,7716,0.81
132,D,15.16,7736,0.6
132,B,17.18,6780,0.0
132,A,19.22,6740,0.01
132,B,22.41,6780,0.01
132,C,24.28,6720,0.01
132,A,26.22,6780,0.01
132,G,29.34,7576,0.54
132,A,31.65,6820,-0.0
132,F,34.69,9998,0.74
132,X,35.65,6875,0.94
133,A,9.99,6800,0.0
133,G,13.03,7516,0.66
133,C,15.17,6760,0.0
133,D,16.47,7656,0.69
133,B,18.5,6780,0.0
133,D,20.14,7616,0.76
133,C,22.41,6740,0.01
133,A,24.18,6880,-0.04
133,D,26.81,7716,0.63
133,C,28.89,6740,0.01
133,B,30.6,6780,0.0
133,A,32.54,6700,0.01
133,F,35.82,9858,0.86
133,A,37.01,6780,0.0
133,C,40.25,6800,0.0
133,G,42.02,7516,0.72
133,F,44.32,9778,0.86
133,C,45.45,6880,-0.02
133,A,47.09,6840,-0.03
133,F,50.2,9958,0.76
133,A,51.36,6860,-0.04
133,E,54.41,7656,0.8
133,X,55.69,6875,0.94
134,A,9.97,6800,0.0
134,F,13.23,9898,0.86
134,B,14.35,6820,-0.01
134,E,16.31,7656,0.76
134,C,17.74,6740,0.01
134,E,19.47,7716,0.88
134,B,20.82,6860,-0.01
134,E,22.82,7596,0.66
134,D,23.95,7676,0.66
134,G,26.07,7436,0.82
134,C,28.45,6760,0.01
134,G,30.36,7456,0.87
134,F,32.6,9818,0.92
134,D,33.25,7596,0.78
134,A,35.29,6820,0.0
134,G,38.37,7576,0.55
134,D,40.17,7776,0.6
134,F,42.14,9958,0.85
134,E,43.29,7676,0.73
134,D,44.4,7676,0.64
134,B,46.67,6840,-0.01
134,X,48.48,6875,0.89
135,F,9.96,10018,0.76
135,E,11.19,7676,0.82
135,G,12.73,7396,0.79
135,B,14.89,6760,0.01
135,F,16.77,9758,0.86
135,G,18.01,7536,0.69
135,E,20.22,7616,0.71
135,B,21.73,6800,-0.01
135,A,23.59,6840,-0.03
135,B,26.64,6860,-0.01
135,G,28.58,7436,0.86
135,C,30.89,6880,-0.01
135,D,32.17,7616,0.73
135,G,34.42,7516,0.7
135,F,36.63,10018,0.73
135,D,37.33,7656,0.7
135,A,39.38,6880,-0.04
135,E,42.46,7756,0.79
135,F,43.88,10078,0.71
135,A,44.93,6780,0.0
135,D,47.63,7576,0.82
135,A,49.75,6860,-0.04
135,E,52.81,7776,0.89
135,C,54.32,6880,-0.01
135,G,56.08,7496,0.77
135,B,58.2,6860,-0.02
135,X,59.98,6875,0.88
136,B,9.99,6720,0.01
136,D,11.57,7616,0.77
136,A,13.76,6840,-0.03
136,F,16.82,9838,0.91
136,A,17.96,6700,0.01
136,E,21.08,7656,0.8
136,C,22.42,6780,0.01
136,A,24.25,6720,0.01
136,F,27.52,9918,0.91
136,C,28.65,6720,0.01
136,E,30.46,7516,0.56
136,D,31.63,7676,0.68
136,A,33.82,6740,0.01
136,D,36.65,7656,0.69
136,B,38.8,6740,0.01
136,C,40.67,6760,0.01
136,D,42.0,7556,0.8
136,E,44.25,7656,0.79
136,F,45.56,9978,0.74
136,E,46.82,7536,0.57
136,G,48.26,7356,0.82
136,X,50.38,6875,0.91
137,G,9.97,7496,0.76
137,C,12.21,6840,-0.01
137,F,13.86,9918,0.86
137,C,15.02,6760,0.01
137,B,16.95,6860,-0.01
137,G,18.84,7536,0.66
137,B,20.95,6760,0.01
137,C,22.83,6880,-0.01
137,E,24.6,7696,0.85
137,A,25.91,6720,0.01
137,C,29.22,6860,-0.01
137,A,31.13,6760,0.01
137,C,34.46,6720,0.01
137,G,36.39,7516,0.69
137,B,38.63,6800,-0.01
137,E,40.43,7776,0.88
137,F,41.74,10078,0.66
137,A,42.93,6740,0.01
137,G,46.23,7356,0.7
137,A,48.5,6880,-0.04
137,F,51.52,10058,0.68
137,E,52.61,7636,0.71
137,G,54.1,7596,0.54
137,D,55.87,7496,0.8
137,X,57.9,6875,0.88
138,G,9.97,7356,0.74
138,D,11.84,7756,0.55
138,G,14.03,7436,0.81
138,D,15.86,7476,0.85
138,A,18.09,6740,0.01
138,D,20.8,7616,0.7
138,B,22.84,6860,-0.01
138,F,24.69,9838,0.92
138,D,25.4,7636,0.72
138,B,27.54,6880,-0.01
138,C,29.36,6740,0.01
138,D,30.82,7476,0.81
138,C,33.04,6740,0.01
138,D,34.58,7516,0.84
138,G,36.68,7336,0.75
138,A,39.04,6740,0.01
138,G,42.11,7516,0.73
138,C,44.41,6880,-0.01
138,F,46.09,10018,0.76
138,A,47.12,6740,0.01
138,D,49.81,7616,0.76
138,G,51.87,7576,0.55
138,B,54.04,6840,-0.01
138,G,55.87,7436,0.77
138,B,58.13,6880,-0.02
138,F,60.18,9898,0.91
138,E,61.32,7516,0.56
138,F,62.63,9818,0.77
138,G,63.76,7376,0.86
138,C,65.91,6860,-0.01
138,E,67.58,7556,0.61
138,A,69.09,6740,0.01
138,F,72.38,10038,0.71
138,E,73.48,7616,0.69
138,A,74.82,6860,-0.04
138,B,78.09,6820,-0.01
138,A,80.15,6780,0.0
138,C,83.25,6840,0.0
138,A,85.18,6880,-0.04
138,F,88.42,10018,0.79
138,E,89.47,7636,0.7
138,A,90.82,6800,0.0
138,D,93.61,7496,0.72
138,X,95.64,6875,0.85
139,C,9.98,6860,-0.01
139,A,11.77,6900,-0.04
139,C,15.0,6760,0.01
139,A,16.74,6860,-0.04
139,E,19.8,7816,0.81
139,B,21.26,6740,0.01
139,D,22.91,7676,0.67
139,G,24.9,7376,0.8
139,A,27.31,6720,0.01
139,E,30.37,7736,0.88
139,D,31.4,7576,0.82
139,C,33.61,6800,0.0
139,G,35.42,7376,0.73
139,D,37.22,7696,0.64
139,E,39.41,7816,0.8
139,D,40.34,7756,0.62
139,A,42.52,6880,-0.04
139,D,45.15,7696,0.67
139,F,47.31,9798,0.89
139,E,48.37,7576,0.64
139,A,49.83,6760,0.01
139,G,52.9,7576,0.53
139,F,55.01,9858,0.88
139,E,56.01,7776,0.87
139,C,57.53,6860,-0.01
139,A,59.31,6840,-0.03
139,F,62.56,9798,0.86
139,D,63.39,7516,0.86
139,G,65.47,7496,0.69
139,C,67.67,6780,0.01
139,A,69.52,6840,-0.03
139,E,72.65,7616,0.71
139,C,74.15,6860,-0.01
139,G,76.06,7436,0.87
139,E,78.29,7776,0.88
139,C,79.72,6740,0.01
139,F,81.59,9778,0.83
139,C,82.82,6900,-0.01
139,D,84.29,7676,0.66
139,G,86.38,7516,0.72
139,D,88.31,7496,0.83
139,A,90.44,6840,-0.03
139,D,93.11,7516,0.85
139,F,95.29,9798,0.84
139,D,96.02,7756,0.62
139,C,98.03,6880,-0.01
139,D,99.3,7476,0.77
139,G,101.42,7496,0.66
139,C,103.58,6800,0.01
139,E,105.49,7816,0.82
139,B,107.06,6700,0.02
139,X,108.89,6875,0.87
140,E,9.56,7676,0.79
140,C,10.95,6800,0.0
140,G,12.68,7476,0.77
140,A,14.87,6840,-0.03
140,C,18.11,6720,0.01
140,G,19.8,7556,0.63
140,D,21.63,7496,0.81
140,B,23.74,6840,-0.01
140,G,25.56,7516,0.7
140,B,27.95,6740,0.01
140,E,29.97,7776,0.81
140,F,31.48,10038,0.72
140,X,32.46,6875,0.88
141,D,9.57,7496,0.83
141,A,11.71,6760,0.01
141,E,14.86,7556,0.59
141,G,16.26,7376,0.8
141,F,18.39,9958,0.81
141,D,19.13,7716,0.58
141,A,21.29,6780,0.0
141,D,24.07,7476,0.8
141,E,26.1,7796,0.82
141,A,27.45,6840,-0.03
141,E,30.7,7756,0.85
141,C,32.01,6720,0.01
141,A,33.74,6900,-0.04
141,D,36.59,7556,0.83
141,E,38.84,7696,0.87
141,D,39.92,7656,0.69
141,G,41.97,7416,0.85
141,A,44.17,6840,-0.03
141,F,47.36,10038,0.74
141,C,48.55,6760,0.0
141,A,50.47,6820,0.0
141,B,53.61,6880,-0.02
141,X,55.39,6875,0.91
142,G,9.95,7596,0.53
142,F,12.28,10038,0.75
142,G,13.51,7396,0.74
142,D,15.37,7696,0.61
142,A,17.62,6740,0.01
142,B,20.87,6840,-0.01
142,E,22.87,7696,0.86
142,A,24.26,6860,-0.04
142,C,27.34,6840,-0.01
142,X,28.98,6875,0.94
143,D,9.59,7556,0.83
143,A,11.7,6840,-0.03
143,B,15.01,6880,-0.02
143,G,16.81,7456,0.81
143,F,19.17,9878,0.89
143,B,20.24,6840,-0.01
143,G,22.05,7416,0.76
143,C,24.4,6860,-0.01
143,G,26.17,7376,0.85
143,B,28.52,6800,0.0
143,E,30.42,7756,0.83
143,X,31.69,6875,0.89
144,E,9.49,7756,0.87
144,G,10.99,7516,0.7
144,F,13.19,10058,0.71
144,C,14.42,6900,-0.01
144,B,16.32,6840,-0.01
144,E,18.36,7676,0.84
144,A,19.76,6740,0.01
144,F,22.86,9838,0.89
144,C,24.12,6760,0.01
144,F,25.95,10018,0.74
144,A,26.99,6860,-0.04
144,D,29.62,7736,0.57
144,X,31.59,6875,0.91
145,F,9.98,9798,0.88
145,D,10.6,7676,0.68
145,B,12.61,6880,-0.01
145,A,14.54,6820,-0.0
145,D,17.32,7756,0.61
145,F,19.33,9978,0.8
145,G,20.32,7416,0.88
145,D,22.09,7596,0.8
145,E,24.37,7696,0.87
145,G,25.82,7456,0.84
145,D,27.75,7496,0.86
145,G,30.02,7436,0.83
145,B,32.18,6840,-0.01
145,E,34.18,7516,0.56
145,F,35.57,9898,0.83
145,D,36.23,7656,0.71
145,G,38.26,7456,0.77
145,B,40.43,6720,0.01
145,F,42.25,10058,0.66
145,G,43.31,7376,0.87
145,D,45.19,7696,0.66
145,E,47.37,7596,0.67
145,C,48.84,6700,0.02
145,X,50.51,6875,0.92
146,F,9.95,9918,0.86
146,A,11.02,6760,0.01
146,F,14.34,9878,0.89
146,B,15.57,6880,-0.01
146,E,17.39,7596,0.68
146,A,18.95,6780,0.01
146,D,21.63,7716,0.63
146,E,23.83,7636,0.73
146,A,25.32,6800,0.0
146,F,28.49,10078,0.65
146,B,29.59,6720,0.01
146,E,31.59,7696,0.86
146,D,32.63,7596,0.83
146,G,34.81,7496,0.76
146,B,36.95,6820,-0.01
146,C,38.83,6840,0.0
146,G,40.74,7456,0.84
146,C,43.03,6820,0.0
146,E,44.73,7696,0.77
146,C,46.27,6860,-0.01
146,B,47.92,6820,-0.01
146,G,49.93,7516,0.69
146,D,51.93,7476,0.8
146,G,54.09,7356,0.78
146,F,56.32,9858,0.91
146,D,57.01,7556,0.77
146,B,59.12,6880,-0.01
146,D,60.63,7596,0.81
146,B,62.69,6760,0.0
146,A,64.65,6800,0.0
146,X,67.69,6875,0.93
147,C,9.97,6720,0.01
147,B,11.77,6700,0.01
147,F,13.63,9958,0.75
147,G,14.62,7596,0.52
147,F,16.97,9938,0.85
147,D,17.6,7656,0.65
147,G,19.73,7376,0.73
147,E,21.96,7756,0.85
147,G,23.49,7396,0.88
147,F,25.72,9958,0.78
147,B,26.76,6820,0.0
147,A,28.68,6880,-0.04
147,X,31.67,6875,0.86
148,F,9.97,9838,0.85
148,A,11.11,6780,0.0
148,C,14.23,6780,0.01
148,B,16.08,6700,0.01
148,E,17.92,7776,0.88
148,D,19.0,7516,0.81
148,A,21.19,6880,-0.04
148,E,24.34,7516,0.55
148,A,25.9,6720,0.01
148,D,28.83,7636,0.67
148,C,31.09,6720,0.01
148,G,33.0,7456,0.82
148,F,35.36,9858,0.82
148,B,36.46,6880,-0.02
148,C,38.46,6780,0.0
148,A,40.3,6880,-0.04
148,B,43.51,6800,0.0
148,A,45.51,6780,0.0
148,B,48.75,6840,-0.01
148,F,50.75,10078,0.66
148,C,52.02,6800,0.0
148,F,53.87,9998,0.77
148,G,55.07,7456,0.76
148,D,56.98,7476,0.77
148,C,59.13,6800,0.0
148,G,60.88,7376,0.77
148,F,63.05,9818,0.86
148,C,64.17,6860,-0.01
148,D,65.55,7656,0.68
148,A,67.82,6880,-0.03
148,C,70.98,6780,0.01
148,G,72.88,7356,0.79
148,D,74.65,7656,0.64
148,B,76.71,6720,0.01
148,F,78.76,9758,0.83
148,C,79.91,6840,-0.01
148,D,81.42,7616,0.7
148,G,83.44,7436,0.85
148,F,85.72,9878,0.82
148,C,86.95,6720,0.01
148,F,88.66,9778,0.84
148,B,89.78,6800,0.0
148,C,91.61,6820,-0.01
148,F,93.52,9918,0.83
148,G,94.74,7396,0.86
148,C,97.04,6860,-0.01
148,E,98.91,7816,0.78
148,X,100.18,6875,0.87
149,C,9.97,6840,0.0
149,F,11.67,10078,0.67
149,A,12.88,6820,0.0
149,F,15.99,9838,0.82
149,D,16.8,7536,0.79
149,E,19.06,7696,0.78
149,C,20.51,6820,0.0
149,D,21.91,7556,0.82
149,F,24.1,9918,0.83
149,B,25.36,6840,-0.01
149,F,27.19,9978,0.76
149,B,28.19,6800,0.0
149,A,30.17,6880,-0.04
149,B,33.31,6900,-0.02
149,C,35.3,6840,-0.01
149,G,36.98,7376,0.81
149,X,39.11,6875,0.95
150,B,9.96,6780,0.0
150,E,11.96,7696,0.8
150,B,13.38,6740,0.01
150,A,15.38,6780,0.0
150,G,18.44,7336,0.77
150,B,20.67,6720,0.01
150,F,22.74,10038,0.72
150,G,23.94,7356,0.82
150,C,26.28,6800,0.0
150,D,27.56,7556,0.87
150,B,29.75,6840,-0.01
150,E,31.71,7676,0.8
150,A,33.08,6780,0.01
150,G,36.4,7376,0.74
150,A,38.57,6760,0.01
150,F,41.88,9778,0.79
150,E,42.89,7656,0.79
150,D,43.89,7516,0.9
150,F,46.0,9778,0.8
150,E,47.06,7596,0.7
150,C,48.47,6780,0.0
150,X,50.12,6875,0.93
151,A,9.97,6800,0.0
151,D,12.76,7596,0.8
151,F,14.97,10058,0.66
151,D,15.68,7556,0.79
151,E,17.7,7776,0.88
151,D,18.63,7636,0.73
151,F,20.66,9978,0.77
151,A,21.9,6880,-0.04
151,E,25.08,7836,0.73
151,C,26.45,6840,-0.01
151,A,28.33,6780,0.01
151,D,31.23,7736,0.6
151,G,33.29,7456,0.81
151,B,35.62,6780,0.01
151,X,37.43,6875,0.94
152,A,9.97,6760,0.0
152,G,13.05,7456,0.72
152,E,15.31,7616,0.7
152,D,16.27,7676,0.66
152,A,18.37,6760,0.01
152,F,21.46,9918,0.83
152,B,22.59,6760,0.0
152,E,24.44,7696,0.84
152,D,25.37,7676,0.63
152,G,27.38,7356,0.79
152,F,29.59,9798,0.79
152,B,30.83,6740,0.01
152,F,32.85,9818,0.86
152,B,33.95,6700,0.02
152,G,35.87,7356,0.8
152,B,38.03,6820,-0.01
152,D,39.49,7576,0.77
152,F,41.73,9938,0.84
152,A,42.87,6760,0.01
152,B,46.12,6860,-0.01
152,C,47.96,6760,0.01
152,X,49.63,6875,0.93
153,A,9.99,6860,-0.04
153,G,13.25,7496,0.78
153,F,15.43,10058,0.7
153,C,16.67,6820,0.0
153,F,18.59,9898,0.88
153,E,19.74,7816,0.81
153,B,21.22,6800,-0.01
153,F,23.21,9858,0.8
153,B,24.29,6800,0.0
153,F,26.16,9998,0.74
153,G,27.35,7496,0.76
153,F,29.48,9838,0.84
153,E,30.7,7716,0.82
153,G,32.24,7596,0.54
153,E,34.42,7576,0.63
153,G,35.96,7436,0.79
153,B,38.15,6700,0.01
153,D,39.72,7596,0.81
153,C,41.88,6800,0.0
153,F,43.8,9938,0.9
153,B,44.8,6800,0.0
153,D,46.46,7536,0.86
153,C,48.56,6880,-0.01
153,D,50.08,7736,0.61
153,C,52.23,6720,0.02
153,G,54.06,7536,0.61
153,A,56.33,6700,0.01
153,D,59.2,7716,0.61
153,B,61.33,6900,-0.02
153,G,63.16,7356,0.73
153,D,65.1,7636,0.74
153,E,67.18,7676,0.8
153,X,68.47,6875,0.88
154,A,9.97,6840,-0.03
154,G,13.08,7516,0.7
154,A,15.24,6900,-0.04
154,G,18.28,7476,0.81
154,C,20.54,6820,-0.01
154,F,22.4,9938,0.82
154,G,23.42,7576,0.58
154,F,25.54,9918,0.88
154,A,26.64,6720,0.01
154,F,29.73,10018,0.74
154,A,31.0,6820,-0.0
154,F,34.19,9938,0.85
154,G,35.38,7356,0.81
154,B,37.53,6780,0.0
154,E,39.39,7776,0.85
154,F,40.89,9938,0.85
154,A,42.14,6840,-0.03
154,F,45.18,9978,0.83
154,E,46.3,7716,0.84
154,G,47.8,7556,0.61
154,F,49.95,9778,0.86
154,E,51.06,7696,0.88
154,A,52.62,6860,-0.04
154,C,55.64,6900,-0.02
154,E,57.55,7616,0.69
154,A,58.99,6800,0.0
154,B,62.17,6720,0.01
154,E,64.04,7796,0.85
154,G,65.48,7576,0.57
154,D,67.25,7676,0.69
154,X,69.24,6875,0.86
155,F,9.97,9858,0.82
155,E,11.04,7596,0.66
155,D,12.05,7636,0.76
155,C,14.17,6880,-0.01
155,D,15.46,7556,0.87
155,E,17.65,7596,0.65
155,G,18.98,7336,0.75
155,C,21.29,6820,0.0
155,F,22.97,9758,0.79
155,G,23.96,7396,0.85
155,A,26.24,6800,0.0
155,G,29.34,7556,0.59
155,F,31.52,9958,0.84
155,B,32.75,6760,0.0
155,A,34.82,6820,-0.03
155,B,37.95,6700,0.01
155,A,39.97,6860,-0.03
155,C,43.11,6900,-0.01
155,D,44.61,7536,0.88
155,F,46.83,9938,0.84
155,E,47.85,7656,0.8
155,D,49.01,7576,0.86
155,C,51.16,6840,0.0
155,D,52.49,7476,0.77
155,E,54.76,7516,0.54
155,A,56.13,6880,-0.03
155,E,59.21,7576,0.62
155,G,60.71,7376,0.77
155,X,62.84,6875,0.91
156,D,9.59,7496,0.8
156,E,11.77,7656,0.79
156,C,13.21,6740,0.01
156,G,14.93,7516,0.72
156,A,17.33,6760,0.01
156,G,20.5,7416,0.81
156,C,22.67,6840,-0.01
156,G,24.58,7356,0.74
156,C,26.74,6740,0.01
156,B,28.64,6900,-0.02
156,F,30.45,9758,0.85
156,X,31.43,6875,0.91
157,E,9.54,7616,0.67
157,B,10.9,6840,-0.01
157,G,12.87,7456,0.82
157,E,15.19,7696,0.85
157,C,16.57,6860,-0.01
157,G,18.25,7476,0.79
157,B,20.51,6860,-0.01
157,A,22.57,6880,-0.04
157,E,25.78,7716,0.78
157,G,27.13,7456,0.8
157,F,29.43,10078,0.7
157,A,30.43,6780,0.01
157,E,33.55,7636,0.75
157,A,34.94,6740,0.01
157,D,37.67,7656,0.73
157,C,39.9,6900,-0.01
157,F,41.73,10058,0.66
157,B,42.84,6900,-0.02
157,F,44.64,10038,0.71
157,C,45.66,6900,-0.01
157,G,47.56,7516,0.67
157,F,49.77,9978,0.76
157,B,50.89,6800,0.0
157,E,52.95,7656,0.79
157,G,54.35,7516,0.71
157,D,56.08,7476,0.86
157,A,58.16,6780,0.0
157,X,61.22,6875,0.91
158,C,9.97,6900,-0.01
158,E,11.76,7656,0.77
158,C,13.21,6720,0.01
158,A,15.08,6880,-0.04
158,B,18.24,6800,0.0
158,D,19.78,7516,0.83
158,A,21.83,6860,-0.04
158,D,24.62,7636,0.67
158,E,26.74,7596,0.68
158,A,28.1,6720,0.01
158,F,31.24,9838,0.84
158,D,31.85,7716,0.63
158,C,33.88,6780,0.01
158,D,35.2,7656,0.7
158,F,37.3,9978,0.85
158,E,38.48,7796,0.83
158,F,39.89,9838,0.89
158,B,41.14,6800,0.0
158,G,43.02,7536,0.63
158,X,45.14,6875,0.92
159,D,9.56,7496,0.81
159,F,11.71,9958,0.84
159,D,12.37,7756,0.61
159,E,14.45,7796,0.88
159,D,15.41,7736,0.62
159,C,17.54,6780,0.0
159,D,18.92,7516,0.79
159,C,20.95,6840,0.0
159,A,22.88,6840,-0.03
159,G,26.11,7376,0.82
159,C,28.52,6900,-0.02
159,F,30.36,9918,0.9
159,C,31.55,6780,0.01
159,A,33.31,6880,-0.04
159,F,36.52,10018,0.75
159,C,37.64,6900,-0.01
159,G,39.32,7376,0.81
159,C,41.66,6760,0.01
159,F,43.5,9938,0.83
159,B,44.51,6720,0.01
159,C,46.38,6860,-0.01
159,F,48.13,10038,0.76
159,A,49.35,6720,0.01
159,C,52.64,6760,0.01
159,G,54.48,7376,0.82
159,D,56.45,7516,0.81
159,F,58.64,10018,0.76
159,D,59.39,7556,0.81
159,A,61.44,6840,-0.03
159,G,64.7,7436,0.85
159,E,66.93,7796,0.82
159,G,68.23,7556,0.61
159,B,70.36,6720,0.02
159,X,72.2,6875,0.89
160,F,9.95,10058,0.69
160,D,10.55,7576,0.84
160,B,12.81,6800,-0.01
160,E,14.69,7616,0.68
160,A,16.07,6820,0.0
160,D,18.91,7556,0.8
160,C,21.02,6860,-0.01
160,G,22.79,7376,0.83
160,X,24.91,6875,0.94
161,A,9.97,6840,-0.03
161,B,13.18,6860,-0.02
161,C,15.09,6760,0.01
161,F,16.99,9978,0.81
161,B,18.12,6860,-0.02
161,E,20.05,7536,0.59
161,C,21.36,6860,-0.01
161,F,23.28,9778,0.79
161,A,24.48,6800,0.0
161,F,27.55,9918,0.89
161,E,28.76,7716,0.84
161,B,30.05,6740,0.01
161,G,32.11,7436,0.78
161,E,34.44,7616,0.72
161,A,35.76,6860,-0.04
161,B,38.9,6800,-0.01
161,A,40.83,6720,0.02
161,F,43.96,9818,0.79
161,C,44.95,6840,0.0
161,D,46.25,7736,0.6
161,E,48.31,7616,0.7
161,F,49.6,9838,0.75
161,G,50.63,7556,0.64
161,B,52.95,6820,-0.01
161,G,54.76,7436,0.82
161,D,56.51,7616,0.75
161,B,58.63,6720,0.01
161,F,60.73,9958,0.82
161,A,61.81,6860,-0.03
161,G,65.01,7336,0.77
161,E,67.22,7536,0.56
161,A,68.71,6800,0.0
161,E,71.98,7636,0.74
161,A,73.37,6880,-0.04
161,E,76.62,7656,0.77
161,D,77.75,7676,0.63
161,B,79.75,6820,-0.01
161,E,81.8,7536,0.57
161,F,83.12,9878,0.83
161,A,84.18,6780,0.0
161,D,86.91,7756,0.59
161,G,89.01,7476,0.81
161,E,91.19,7676,0.77
161,F,92.69,9778,0.86
161,B,93.9,6740,0.01
161,G,95.73,7496,0.76
161,A,97.9,6840,-0.03
161,D,100.61,7676,0.67
161,A,102.7,6700,0.02
161,E,105.8,7816,0.82
161,F,107.1,9858,0.9
161,B,108.34,6760,0.0
161,D,109.82,7496,0.85
161,E,111.87,7636,0.75
161,F,113.41,9998,0.74
161,E,114.66,7816,0.8
161,F,116.2,9878,0.9
161,G,117.22,7436,0.85
161,B,119.34,6740,0.0
161,A,121.21,6740,0.01
161,D,123.9,7516,0.78
161,A,126.09,6700,0.01
161,E,129.24,7816,0.81
161,F,130.74,9878,0.85
161,A,131.97,6840,-0.03
161,D,134.75,7476,0.82
161,B,136.81,6820,-0.01
161,D,138.38,7696,0.67
161,B,140.53,6700,0.01
161,A,142.51,6880,-0.04
161,B,145.79,6840,-0.01
161,A,147.69,6780,0.0
161,G,150.84,7416,0.84
161,B,153.05,6820,-0.01
161,D,154.62,7496,0.85
161,G,156.67,7456,0.86
161,D,158.67,7676,0.68
161,G,160.91,7476,0.82
161,A,163.12,6800,0.0
161,G,166.33,7556,0.64
161,F,168.46,10078,0.66
161,G,169.47,7416,0.86
161,C,171.86,6800,0.0
161,X,173.52,6875,0.87
162,D,9.56,7636,0.74
162,G,11.79,7376,0.79
162,A,14.15,6760,0.01
162,F,17.42,10078,0.68
162,E,18.51,7596,0.67
162,B,19.82,6780,0.0
162,C,21.68,6820,0.0
162,F,23.42,9938,0.83
162,E,24.42,7716,0.86
162,D,25.43,7516,0.84
162,F,27.55,9778,0.77
162,E,28.67,7556,0.57
162,A,30.07,6880,-0.04
162,B,33.25,6760,0.01
162,C,35.19,6720,0.01
162,D,36.67,7656,0.65
162,B,38.88,6840,-0.01
162,F,40.71,9858,0.89
162,D,41.44,7616,0.74
162,A,43.62,6820,-0.0
162,B,46.72,6760,0.01
162,F,48.59,10018,0.73
162,D,49.21,7616,0.73
162,C,51.25,6820,-0.01
162,B,52.96,6880,-0.01
162,A,55.04,6860,-0.04
162,F,58.3,9798,0.86
162,E,59.36,7776,0.84
162,G,60.9,7396,0.72
162,X,63.03,6875,0.94
163,A,9.98,6740,0.01
163,F,13.06,9838,0.84
163,G,14.16,7356,0.76
163,E,16.59,7616,0.67
163,B,17.91,6800,0.0
163,E,19.71,7796,0.84
163,F,21.03,9838,0.86
163,B,22.09,6800,0.0
163,F,24.04,10018,0.77
163,C,25.16,6840,0.0
163,G,26.8,7536,0.67
163,D,28.59,7496,0.85
163,G,30.82,7416,0.84
163,C,32.97,6720,0.02
163,F,34.93,9778,0.81
163,D,35.75,7556,0.79
163,B,37.91,6820,-0.01
163,C,39.85,6700,0.01
163,A,41.63,6780,0.0
163,G,44.82,7496,0.75
163,D,46.59,7696,0.63
163,A,48.73,6820,0.0
163,B,51.78,6740,0.01
163,C,53.64,6780,0.0
163,D,55.03,7616,0.73
163,C,57.13,6740,0.01
163,A,58.95,6840,-0.03
163,D,61.62,7616,0.78
163,A,63.85,6720,0.01
163,B,67.13,6740,0.01
163,F,69.2,9818,0.85
163,G,70.19,7516,0.73
163,F,72.39,9878,0.86
163,A,73.5,6760,0.0
163,D,76.21,7476,0.84
163,C,78.41,6760,0.01
163,G,80.14,7556,0.61
163,F,82.45,9858,0.88
163,D,83.2,7476,0.79
163,B,85.24,6840,-0.01
163,A,87.25,6900,-0.04
163,B,90.26,6760,0.0
163,E,92.25,7796,0.8
163,X,93.53,6875,0.95
164,F,9.97,10038,0.71
164,D,10.61,7756,0.59
164,B,12.76,6820,0.0
164,G,14.72,7356,0.83
164,F,16.98,10018,0.74
164,G,17.99,7556,0.62
164,B,20.35,6880,-0.02
164,F,22.22,9998,0.75
164,B,23.25,6740,0.01
164,F,25.13,9918,0.88
164,G,26.15,7516,0.71
164,F,28.29,9918,0.79
164,G,29.35,7576,0.57
164,A,31.68,6720,0.01
164,D,34.61,7736,0.62
164,B,36.67,6880,-0.01
164,D,38.11,7656,0.71
164,B,40.25,6780,0.01
164,F,42.31,9898,0.86
164,G,43.38,7496,0.69
164,F,45.5,9998,0.76
164,B,46.73,6760,0.0
164,D,48.38,7536,0.89
164,A,50.6,6780,0.0
164,G,53.65,7416,0.86
164,D,55.47,7596,0.83
164,B,57.6,6780,0.0
164,D,59.31,7596,0.73
164,F,61.51,9878,0.79
164,G,62.6,7496,0.75
164,D,64.39,7616,0.73
164,A,66.62,6800,0.0
164,C,69.81,6800,0.0
164,E,71.72,7516,0.56
164,C,73.15,6760,0.01
164,E,74.99,7716,0.83
164,D,75.89,7696,0.64
164,F,78.0,9958,0.82
164,C,79.21,6800,0.01
164,F,80.9,9858,0.82
164,G,82.07,7436,0.82
164,A,84.26,6740,0.01
164,E,87.38,7636,0.76
164,A,88.94,6820,-0.03
164,C,92.14,6700,0.02
164,D,93.53,7516,0.8
164,C,95.82,6900,-0.01
164,D,97.16,7676,0.66
164,G,99.16,7536,0.68
164,C,101.54,6860,-0.01
164,G,103.3,7496,0.75
164,C,105.64,6820,0.0
164,A,107.36,6720,0.02
164,G,110.66,7336,0.76
164,B,112.97,6740,0.01
164,X,114.78,6875,0.87
165,C,9.98,6860,-0.01
165,A,11.76,6720,0.01
165,G,14.84,7496,0.7
165,A,17.1,6720,0.01
165,G,20.37,7416,0.77
165,C,22.54,6800,0.01
165,D,24.08,7516,0.81
165,G,26.12,7476,0.76
165,D,27.91,7456,0.78
165,G,30.11,7516,0.72
165,A,32.4,6820,-0.01
165,B,35.45,6720,0.01
165,F,37.31,9838,0.76
165,A,38.43,6760,0.01
165,E,41.56,7636,0.76
165,A,43.11,6840,-0.03
165,F,46.25,9918,0.85
165,D,47.04,7656,0.69
165,F,49.24,9778,0.8
165,D,50.09,7656,0.72
165,G,52.11,7376,0.77
165,C,54.32,6800,0.0
165,G,56.14,7516,0.67
165,E,58.28,7696,0.85
165,F,59.73,10018,0.73
165,A,60.93,6720,0.01
165,D,63.85,7756,0.58
165,E,65.96,7576,0.64
165,F,67.42,9998,0.74
165,B,68.44,6720,0.01
165,X,70.26,6875,0.95
166,C,9.96,6880,-0.01
166,D,11.46,7656,0.7
166,F,13.45,10078,0.68
166,B,14.47,6700,0.02
166,A,16.57,6740,0.01
166,B,19.85,6720,0.01
166,G,21.7,7356,0.77
166,D,23.59,7616,0.73
166,B,25.75,6720,0.01
166,E,27.75,7656,0.77
166,C,29.13,6740,0.01
166,F,30.84,10078,0.66
166,G,31.93,7356,0.8
166,B,34.25,6700,0.01
166,F,36.22,9918,0.9
166,C,37.31,6840,0.0
166,B,39.04,6840,-0.01
166,C,40.88,6760,0.01
166,A,42.84,6860,-0.03
166,D,45.47,7456,0.8
166,A,47.65,6820,0.0
166,F,50.71,9778,0.8
166,B,51.94,6760,0.01
166,F,53.78,10038,0.72
166,G,54.89,7416,0.81
166,D,56.74,7556,0.82
166,A,58.81,6800,0.0
166,F,62.05,10058,0.67
166,C,63.28,6820,0.0
166,F,65.09,9958,0.85
166,B,66.08,6720,0.01
166,E,67.98,7736,0.85
166,X,69.25,6875,0.88
167,G,9.96,7456,0.75
167,B,12.25,6720,0.0
167,G,14.14,7556,0.61
167,A,16.38,6780,0.01
167,D,19.25,7476,0.84
167,E,21.34,7696,0.79
167,C,22.81,6740,0.01
167,A,24.76,6780,0.01
167,E,28.05,7636,0.7
167,G,29.39,7556,0.63
167,F,31.64,9778,0.8
167,X,32.65,6875,0.88
168,D,9.59,7496,0.74
168,F,11.6,10038,0.75
168,G,12.72,7456,0.79
168,D,14.45,7676,0.53
168,E,16.52,7796,0.82
168,F,17.96,9838,0.86
168,C,18.96,6740,0.01
168,B,20.91,6780,0.0
168,G,22.86,7336,0.78
168,F,25.0,10078,0.67
168,A,26.04,6800,0.0
168,X,29.09,6875,0.86
169,D,9.58,7676,0.67
169,G,11.61,7456,0.79
169,D,13.44,7696,0.64
169,C,15.48,6720,0.01
169,F,17.18,9858,0.93
169,E,18.34,7516,0.55
169,A,19.71,6720,0.01
169,B,22.98,6740,0.01
169,G,24.99,7516,0.71
169,D,26.77,7616,0.72
169,F,28.82,9978,0.8
169,E,29.94,7556,0.59
169,C,31.39,6840,-0.01
169,B,33.08,6800,0.0
169,C,34.95,6740,0.01
169,E,36.9,7576,0.64
169,G,38.39,7596,0.56
169,B,40.62,6840,-0.01
169,F,42.52,9898,0.9
169,C,43.7,6900,-0.01
169,G,45.34,7436,0.77
169,D,47.16,7756,0.59
169,B,49.41,6840,-0.01
169,D,50.9,7516,0.83
169,F,52.94,10078,0.67
169,D,53.65,7696,0.59
169,E,55.71,7596,0.66
169,B,57.25,6740,0.01
169,C,59.24,6720,0.01
169,E,61.02,7736,0.87
169,D,61.93,7556,0.78
169,A,64.0,6820,-0.0
169,X,67.02,6875,0.86
170,B,9.95,6840,-0.01
170,E,12.0,7656,0.74
170,F,13.44,9958,0.8
170,D,14.15,7716,0.63
170,C,16.23,6740,0.02
170,E,17.94,7556,0.62
170,D,19.02,7636,0.75
170,F,21.15,10038,0.71
170,E,22.35,7536,0.57
170,D,23.43,7756,0.59
170,C,25.5,6900,-0.01
170,B,27.26,6880,-0.02
170,E,29.24,7636,0.75
170,A,30.53,6760,0.01
170,D,33.3,7656,0.67
170,C,35.31,6740,0.01
170,B,37.1,6840,-0.01
170,C,38.95,6740,0.01
170,A,40.72,6760,0.01
170,F,43.81,9918,0.76
170,C,45.04,6860,-0.01
170,E,46.89,7616,0.67
170,C,48.29,6860,-0.01
170,G,49.95,7376,0.76
170,B,52.12,6800,0.0
170,E,53.99,7596,0.67
170,F,55.35,9898,0.88
170,A,56.37,6780,0.0
170,B,59.46,6840,-0.01
170,G,61.29,7556,0.62
170,C,63.63,6740,0.01
170,A,65.46,6780,0.01
170,B,68.79,6860,-0.02
170,F,70.57,9818,0.79
170,C,71.79,6760,0.01
170,A,73.53,6820,0.0
170,G,76.72,7456,0.78
170,A,79.11,6800,0.0
170,C,82.34,6800,0.0
170,F,84.04,9978,0.82
170,G,85.13,7596,0.54
170,E,87.5,7656,0.74
170,F,88.87,9758,0.86
170,B,89.99,6780,0.0
170,E,91.86,7536,0.57
170,A,93.38,6720,0.02
170,G,96.67,7596,0.55
170,C,98.91,6880,-0.01
170,G,100.6,7416,0.84
170,C,102.82,6900,-0.01
170,D,104.09,7596,0.75
170,X,106.09,6875,0.89
171,C,9.96,6840,-0.01
171,A,11.86,6820,-0.03
171,E,14.92,7536,0.58
171,F,16.47,9818,0.9
171,E,17.54,7596,0.65
171,F,19.03,9898,0.87
171,G,20.13,7356,0.76
171,B,22.48,6900,-0.02
171,F,24.53,9818,0.89
171,C,25.64,6880,-0.01
171,B,27.33,6900,-0.02
171,C,29.15,6720,0.01
171,B,31.1,6820,-0.01
171,E,33.04,7736,0.85
171,D,34.12,7516,0.87
171,A,36.28,6880,-0.04
171,B,39.32,6860,-0.01
171,C,41.2,6760,0.01
171,E,43.1,7616,0.65
171,C,44.48,6840,-0.01
171,A,46.22,6880,-0.04
171,E,49.51,7576,0.65
171,C,51.03,6880,-0.01
171,F,52.69,9898,0.9
171,B,53.71,6740,0.01
171,G,55.72,7576,0.58
171,F,57.86,9798,0.87
171,G,58.87,7536,0.62
171,D,60.74,7496,0.85
171,X,62.76,6875,0.9
172,E,9.55,7756,0.88
172,A,11.03,6900,-0.04
172,C,14.07,6760,0.01
172,B,15.84,6760,0.0
172,G,17.66,7536,0.67
172,F,19.81,9938,0.79
172,G,20.91,7336,0.79
172,A,23.23,6720,0.01
172,D,25.94,7516,0.89
172,X,27.96,6875,0.94
173,G,9.96,7476,0.81
173,F,12.18,9798,0.89
173,D,12.95,7696,0.63
173,C,15.09,6720,0.02
173,G,16.93,7596,0.55
173,F,19.3,9818,0.91
173,A,20.51,6800,0.0
173,E,23.57,7716,0.86
173,D,24.52,7656,0.66
173,B,26.73,6740,0.0
173,X,28.56,6875,0.95
174,E,9.55,7676,0.77
174,F,10.87,9958,0.8
174,G,12.08,7396,0.75
174,B,14.37,6700,0.01
174,D,15.92,7616,0.74
174,G,18.07,7516,0.69
174,E,20.45,7776,0.86
174,D,21.36,7716,0.63
174,C,23.48,6860,-0.01
174,B,25.31,6880,-0.02
174,F,27.33,9918,0.85
174,C,28.46,6820,0.0
174,A,30.3,6820,-0.0
174,X,33.33,6875,0.92
175,C,9.98,6840,-0.01
175,E,11.89,7736,0.83
175,A,13.42,6740,0.01
175,F,16.76,9938,0.8
175,A,17.92,6720,0.01
175,F,21.12,9918,0.84
175,C,22.14,6800,0.0
175,F,23.89,9798,0.87
175,B,25.11,6820,-0.01
175,D,26.55,7756,0.57
175,E,28.63,7776,0.82
175,B,30.06,6900,-0.02
175,C,32.1,6820,-0.01
175,D,33.41,7656,0.69
175,G,35.53,7456,0.81
175,F,37.7,9958,0.83
175,D,38.33,7516,0.84
175,B,40.43,6720,0.01
175,F,42.36,9798,0.87
175,E,43.39,7536,0.59
175,F,44.81,9858,0.9
175,A,46.06,6780,0.0
175,D,48.93,7736,0.6
175,C,51.12,6740,0.01
175,A,53.09,6760,0.01
175,E,56.27,7536,0.57
175,D,57.4,7616,0.75
175,B,59.63,6900,-0.01
175,A,61.49,6820,-0.0
175,F,64.52,10038,0.73
175,G,65.65,7396,0.86
175,X,67.79,6875,0.88
176,E,9.55,7636,0.76
176,A,11.08,6740,0.01
176,D,13.78,7536,0.81
176,C,15.93,6800,0.0
176,A,17.83,6720,0.01
176,D,20.57,7676,0.62
176,C,22.78,6760,0.01
176,E,24.55,7716,0.84
176,A,25.85,6840,-0.03
176,G,29.12,7396,0.86
176,B,31.54,6720,0.01
176,C,33.61,6700,0.01
176,G,35.46,7536,0.66
176,D,37.43,7596,0.77
176,A,39.51,6740,0.01
176,D,42.36,7516,0.88
176,F,44.64,10058,0.71
176,A,45.67,6720,0.01
176,E,48.82,7536,0.58
176,G,50.28,7516,0.7
176,C,52.48,6840,0.0
176,E,54.27,7816,0.78
176,B,55.66,6720,0.01
176,F,57.52,9958,0.81
176,E,58.66,7596,0.67
176,F,60.01,9958,0.8
176,G,61.01,7536,0.62
176,D,62.75,7696,0.65
176,X,64.73,6875,0.93
177,D,9.58,7636,0.69
177,C,11.69,6820,-0.01
177,G,13.34,7556,0.58
177,F,15.65,9838,0.89
177,A,16.89,6780,0.0
177,F,20.19,10038,0.75
177,E,21.2,7796,0.83
177,F,22.65,9778,0.77
177,D,23.42,7656,0.62
177,A,25.46,6720,0.01
177,F,28.64,9918,0.83
177,G,29.84,7536,0.69
177,E,32.13,7596,0.68
177,F,33.63,9958,0.78
177,B,34.84,6880,-0.02
177,X,36.62,6875,0.91
178,G,9.92,7556,0.61
178,D,11.68,7756,0.6
178,B,13.86,6760,0.0
178,F,15.81,10038,0.74
178,A,16.88,6760,0.01
178,D,19.78,7676,0.69
178,A,21.81,6880,-0.04
178,B,24.95,6780,0.01
178,F,26.8,10058,0.71
178,B,27.81,6760,0.01
178,A,29.77,6880,-0.04
178,G,32.91,7496,0.77
178,E,35.11,7596,0.67
178,B,36.46,6820,-0.01
178,D,38.13,7516,0.86
178,B,40.26,6800,0.0
178,D,41.88,7596,0.78
178,A,43.99,6760,0.01
178,F,47.08,10078,0.68
178,G,48.09,7556,0.64
178,A,50.33,6800,0.0
178,G,53.37,7416,0.82
178,D,55.31,7656,0.69
178,C,57.58,6800,0.0
178,D,58.96,7536,0.83
178,A,61.25,6900,-0.04
178,G,64.46,7496,0.76
178,E,66.67,7816,0.82
178,C,68.18,6800,0.01
178,B,70.04,6720,0.01
178,E,71.95,7736,0.85
178,B,73.33,6860,-0.01
178,A,75.39,6880,-0.04
178,D,78.1,7596,0.8
178,C,80.23,6760,0.01
178,G,81.98,7396,0.88
178,B,84.39,6780,0.0
178,D,85.91,7496,0.87
178,B,88.19,6760,0.0
178,D,89.69,7576,0.83
178,C,91.99,6880,0.0
178,A,93.77,6900,-0.04
178,G,97.04,7336,0.76
178,E,99.4,7816,0.82
178,A,100.98,6740,0.01
178,G,104.31,7376,0.79
178,A,106.47,6880,-0.04
178,G,109.46,7536,0.66
178,F,111.6,9938,0.88
178,X,112.57,6875,0.86
179,E,9.56,7616,0.71
179,F,10.96,9958,0.85
179,E,12.13,7736,0.86
179,F,13.44,10078,0.7
179,D,14.07,7736,0.6
179,G,16.28,7356,0.79
179,C,18.51,6840,-0.01
179,E,20.16,7776,0.85
179,D,21.32,7596,0.71
179,B,23.33,6880,-0.02
179,E,25.23,7576,0.64
179,D,26.14,7456,0.8
179,B,28.25,6740,0.01
179,E,30.25,7636,0.72
179,A,31.59,6760,0.01
179,X,34.65,6875,0.9
180,A,9.99,6800,0.0
180,C,13.21,6860,0.0
180,B,15.05,6840,-0.01
180,A,17.11,6760,0.02
180,D,20.04,7536,0.85
180,E,22.13,7776,0.9
180,C,23.57,6760,0.01
180,A,25.32,6720,0.02
180,D,28.03,7676,0.7
180,C,30.17,6900,-0.01
180,E,31.95,7716,0.89
180,G,33.26,7436,0.77
180,F,35.61,9918,0.91
180,X,36.58,6875,0.93
181,C,9.98,6820,0.0
181,F,11.65,9898,0.87
181,B,12.73,6860,-0.01
181,F,14.69,9878,0.87
181,G,15.71,7496,0.78
181,B,18.01,6740,0.01
181,A,19.87,6860,-0.04
181,C,22.91,6780,0.01
181,A,24.61,6780,0.0
181,F,27.76,9898,0.86
181,E,28.8,7596,0.66
181,A,30.13,6720,0.01
181,C,33.25,6780,0.01
181,B,34.97,6740,0.01
181,C,36.89,6800,0.0
181,F,38.77,9958,0.88
181,C,39.84,6880,-0.01
181,G,41.5,7356,0.75
181,C,43.83,6740,0.01
181,D,45.15,7656,0.71
181,C,47.28,6720,0.01
181,F,48.97,10018,0.74
181,G,49.95,7416,0.83
181,D,51.94,7656,0.72
181,C,53.96,6780,0.01
181,D,55.4,7636,0.76
181,A,57.6,6800,0.0
181,B,60.7,6780,0.0
181,A,62.71,6800,0.0
181,G,65.98,7476,0.79
181,F,68.28,9798,0.78
181,G,69.46,7536,0.67
181,B,71.7,6880,-0.02
181,G,73.7,7476,0.8
181,F,76.06,9878,0.91
181,A,77.15,6840,-0.03
181,C,80.32,6860,-0.01
181,D,81.79,7496,0.86
181,G,83.8,7556,0.64
181,F,86.17,9758,0.86
181,B,87.32,6760,0.01
181,D,88.84,7476,0.81
181,F,91.03,9958,0.84
181,E,92.2,7676,0.76
181,X,93.47,6875,0.89
182,E,9.57,7536,0.56
182,B,10.96,6840,-0.01
182,A,12.94,6720,0.01
182,G,16.14,7536,0.63
182,D,18.11,7536,0.85
182,A,20.25,6840,-0.04
182,G,23.51,7376,0.83
182,B,25.7,6840,-0.01
182,E,27.52,7676,0.79
182,G,28.95,7336,0.77
182,D,30.86,7736,0.59
182,E,33.09,7536,0.58
182,B,34.44,6880,-0.02
182,F,36.4,9858,0.82
182,A,37.54,6740,0.01
182,C,40.77,6840,-0.01
182,X,42.41,6875,0.9
183,D,9.56,7596,0.79
183,B,11.78,6840,-0.01
183,E,13.63,7636,0.73
183,C,15.16,6800,0.0
183,B,17.02,6760,0.01
183,E,19.08,7516,0.54
183,C,20.42,6840,0.0
183,D,21.79,7496,0.77
183,B,23.95,6700,0.01
183,F,25.93,9858,0.84
183,E,26.94,7716,0.82
183,A,28.41,6820,-0.03
183,B,31.62,6800,0.0
183,A,33.44,6900,-0.04
183,C,36.7,6760,0.01
183,G,38.58,7496,0.68
183,X,40.68,6875,0.88
184,C,9.99,6900,-0.01
184,G,11.79,7416,0.79
184,E,13.96,7556,0.61
184,A,15.36,6840,-0.03
184,G,18.62,7356,0.79
184,F,20.82,9918,0.79
184,C,22.08,6900,-0.01
184,F,23.84,9898,0.8
184,B,24.88,6780,0.0
184,C,26.82,6800,0.0
184,G,28.57,7476,0.72
184,E,30.93,7776,0.87
184,A,32.47,6780,0.01
184,F,35.72,9898,0.89
184,D,36.49,7676,0.69
184,C,38.59,6780,0.0
184,D,39.95,7516,0.79
184,E,42.14,7676,0.82
184,C,43.55,6780,0.01
184,E,45.36,7656,0.72
184,B,46.8,6760,0.01
184,D,48.37,7696,0.66
184,C,50.49,6760,0.01
184,B,52.24,6800,0.0
184,D,53.8,7516,0.81
184,A,55.85,6860,-0.03
184,E,58.88,7596,0.66
184,A,60.42,6800,0.0
184,F,63.54,10058,0.71
184,B,64.66,6760,0.0
184,A,66.67,6720,0.01
184,E,69.97,7556,0.62
184,D,71.14,7656,0.71
184,B,73.17,6720,0.01
184,E,75.01,7576,0.62
184,B,76.55,6860,-0.01
184,F,78.37,10058,0.7
184,G,79.47,7376,0.84
184,X,81.6,6875,0.86
185,E,9.54,7676,0.83
185,F,10.92,9778,0.8
185,A,12.08,6820,-0.03
185,D,14.89,7476,0.77
185,C,16.92,6740,0.01
185,B,18.62,6820,-0.01
185,F,20.6,9878,0.82
185,D,21.42,7716,0.58
185,G,23.56,7436,0.74
185,X,25.68,6875,0.9
186,A,9.96,6760,0.01
186,B,13.16,6700,0.01
186,C,15.05,6760,0.01
186,B,16.72,6880,-0.01
186,A,18.73,6760,0.01
186,D,21.58,7736,0.61
186,B,23.64,6780,-0.01
186,A,25.46,6900,-0.04
186,E,28.77,7596,0.66
186,G,30.25,7376,0.74
186,C,32.63,6700,0.02
186,B,34.56,6900,-0.02
186,D,36.22,7496,0.89
186,E,38.33,7816,0.81
186,G,39.72,7336,0.71
186,A,41.94,6780,0.01
186,G,45.03,7356,0.81
186,E,47.43,7716,0.84
186,A,48.75,6740,0.01
186,D,51.58,7596,0.78
186,G,53.83,7436,0.79
186,D,55.68,7736,0.62
186,C,57.85,6720,0.02
186,B,59.65,6780,0.0
186,C,61.59,6760,0.01
186,F,63.39,10018,0.72
186,X,64.35,6875,0.89
187,B,9.97,6720,0.01
187,F,11.87,10038,0.71
187,A,13.02,6780,0.0
187,E,16.13,7536,0.59
187,D,17.2,7776,0.56
187,A,19.33,6820,-0.0
187,D,22.04,7736,0.6
187,G,24.12,7416,0.82
187,B,26.52,6880,-0.02
187,E,28.58,7756,0.85
187,B,30.04,6740,0.01
187,D,31.61,7576,0.81
187,A,33.68,6800,0.01
187,E,36.98,7616,0.71
187,G,38.39,7496,0.73
187,B,40.71,6880,-0.01
187,C,42.68,6880,-0.01
187,X,44.31,6875,0.93
188,C,9.97,6760,0.01
188,B,11.84,6820,-0.01
188,E,13.82,7576,0.64
188,A,15.33,6760,0.0
188,F,18.52,9798,0.86
188,G,19.66,7556,0.62
188,F,21.86,9898,0.89
188,A,23.1,6880,-0.04
188,E,26.23,7796,0.83
188,C,27.71,6860,-0.01
188,G,29.55,7376,0.73
188,A,31.89,6740,0.01
188,D,34.61,7496,0.84
188,A,36.92,6780,0.01
188,E,40.05,7636,0.75
188,B,41.46,6780,0.0
188,C,43.3,6840,-0.01
188,E,45.17,7556,0.6
188,F,46.64,9898,0.86
188,B,47.88,6880,-0.02
188,F,49.68,10078,0.67
188,B,50.7,6720,0.01
188,A,52.83,6820,-0.01
188,D,55.58,7676,0.65
188,E,57.6,7796,0.8
188,C,59.08,6820,-0.01
188,F,60.77,10018,0.73
188,B,61.87,6760,0.0
188,D,63.48,7536,0.77
188,A,65.59,6720,0.01
188,C,68.67,6760,0.01
188,D,70.08,7656,0.71
188,E,72.22,7536,0.56
188,F,73.65,9898,0.77
188,C,74.78,6760,0.01
188,E,76.53,7796,0.81
188,A,77.97,6820,0.0
188,G,81.11,7516,0.67
188,X,83.22,6875,0.91
189,E,9.57,7696,0.85
189,C,11.06,6720,0.02
189,D,12.54,7536,0.81
189,G,14.65,7396,0.78
189,C,16.96,6860,-0.01
189,G,18.68,7536,0.67
189,C,21.05,6800,0.0
189,B,22.72,6720,0.01
189,E,24.6,7556,0.59
189,B,26.05,6760,0.01
189,G,28.09,7416,0.82
189,C,30.24,6740,0.04
189,A,32.04,6860,-0.03
189,B,35.18,6820,-0.01
189,G,37.21,7536,0.68
189,D,39.01,7736,0.62
189,G,41.07,7336,0.78
189,E,43.44,7816,0.8
189,B,44.75,6840,-0.02
189,D,46.35,7516,0.87
189,C,48.39,6820,0.0
189,F,50.07,9978,0.84
189,C,51.23,6820,0.0
189,B,53.14,6740,0.01
189,A,55.15,6740,0.01
189,F,58.31,9878,0.81
189,B,59.49,6720,0.01
189,E,61.39,7776,0.84
189,D,62.34,7616,0.8
189,A,64.42,6780,0.01
189,F,67.47,9998,0.76
189,D,68.21,7516,0.78
189,A,70.33,6840,-0.03
189,C,73.61,6800,0.0
189,G,75.26,7516,0.66
189,X,77.36,6875,0.87
190,B,9.99,6780,-0.01
190,D,11.54,7596,0.81
190,F,13.61,9918,0.9
190,C,14.62,6720,0.02
190,E,16.33,7596,0.64
190,G,17.66,7416,0.88
190,B,19.91,6880,-0.02
190,F,21.8,9778,0.84
190,A,22.88,6780,0.0
190,X,25.91,6875,0.91
191,A,9.97,6780,0.01
191,F,13.05,10018,0.78
191,A,14.26,6800,0.01
191,G,17.36,7576,0.59
191,A,19.57,6760,0.01
191,B,22.88,6760,0.01
191,C,24.93,6820,0.0
191,G,26.69,7336,0.72
191,C,28.91,6760,0.01
191,G,30.73,7456,0.8
191,E,33.02,7636,0.73
191,A,34.37,6760,0.01
191,C,37.7,6800,0.0
191,E,39.58,7796,0.85
191,C,40.9,6840,0.0
191,A,42.79,6720,0.01
191,D,45.62,7756,0.61
191,G,47.8,7536,0.66
191,A,50.03,6800,0.0
191,D,52.88,7756,0.6
191,F,54.99,9858,0.93
191,E,56.16,7696,0.87
191,G,57.61,7596,0.56
191,D,59.57,7496,0.78
191,E,61.61,7596,0.68
191,D,62.75,7576,0.81
191,E,64.77,7816,0.76
191,A,66.24,6760,0.01
191,C,69.49,6740,0.02
191,F,71.37,10038,0.73
191,B,72.4,6800,0.0
191,X,74.21,6875,0.89
192,F,9.94,10038,0.69
192,G,10.92,7436,0.82
192,A,13.19,6840,-0.03
192,G,16.33,7436,0.7
192,E,18.53,7816,0.8
192,A,19.9,6760,0.0
192,F,23.01,9998,0.8
192,A,24.29,6880,-0.04
192,G,27.45,7476,0.79
192,C,29.79,6780,0.0
192,E,31.64,7516,0.56
192,B,32.96,6800,-0.01
192,F,34.97,9878,0.86
192,A,36.03,6880,-0.04
192,D,38.91,7676,0.67
192,A,40.94,6740,0.01
192,C,44.23,6860,-0.01
192,A,46.0,6820,0.0
192,D,48.68,7636,0.74
192,G,50.68,7456,0.78
192,D,52.62,7756,0.57
192,G,54.76,7456,0.81
192,C,57.02,6860,-0.01
192,B,58.94,6820,-0.01
192,A,61.01,6760,0.01
192,E,64.32,7696,0.87
192,B,65.73,6900,-0.02
192,E,67.77,7576,0.6
192,A,69.28,6780,0.0
192,D,72.17,7536,0.8
192,F,74.35,9918,0.83
192,X,75.32,6875,0.93
193,B,9.98,6720,0.02
193,G,11.85,7396,0.84
193,B,14.02,6880,-0.01
193,C,15.88,6740,0.01
193,D,17.36,7696,0.64
193,B,19.52,6820,-0.01
193,D,20.94,7716,0.62
193,E,23.11,7756,0.87
193,G,24.47,7476,0.77
193,B,26.81,6800,-0.01
193,D,28.51,7516,0.8
193,C,30.79,6740,0.01
193,A,32.61,6720,0.01
193,C,35.83,6800,0.01
193,F,37.53,10058,0.73
193,G,38.63,7556,0.63
193,D,40.48,7656,0.68
193,G,42.46,7596,0.54
193,D,44.28,7536,0.88
193,E,46.54,7756,0.84
193,F,47.91,9998,0.74
193,C,49.1,6900,-0.01
193,D,50.56,7716,0.58
193,A,52.56,6860,-0.03
193,E,55.59,7776,0.81
193,G,57.1,7436,0.83
193,B,59.48,6840,-0.01
193,X,61.28,6875,0.93
194,A,9.99,6880,-0.04
194,C,13.03,6840,-0.01
194,G,14.96,7376,0.82
194,F,17.17,9758,0.81
194,B,18.22,6880,-0.02
194,E,20.09,7776,0.87
194,F,21.39,9838,0.87
194,C,22.51,6840,-0.01
194,A,24.38,6860,-0.04
194,C,27.66,6820,-0.01
194,D,29.2,7636,0.7
194,X,31.2,6875,0.94
195,A,9.96,6700,0.01
195,G,13.13,7456,0.87
195,B,15.28,6780,-0.01
195,A,17.37,6820,0.0
195,G,20.65,7596,0.55
195,F,22.95,9898,0.8
195,A,24.18,6800,0.0
195,G,27.41,7516,0.73
195,C,29.74,6840,-0.01
195,E,31.6,7796,0.81
195,A,33.05,6720,0.01
195,D,35.91,7716,0.62
195,X,37.9,6875,0.92
196,D,9.59,7496,0.76
196,E,11.76,7816,0.75
196,A,13.13,6880,-0.04
196,B,16.35,6720,0.01
196,E,18.47,7656,0.77
196,A,20.06,6800,0.0
196,E,23.14,7536,0.59
196,B,24.46,6840,-0.01
196,G,26.26,7536,0.69
196,D,28.04,7736,0.61
196,B,30.14,6800,0.0
196,C,32.09,6800,0.0
196,E,34.03,7716,0.89
196,B,35.56,6860,-0.01
196,F,37.6,9818,0.89
196,X,38.59,6875,0.9
197,D,9.57,7656,0.69
197,C,11.61,6800,0.0
197,F,13.33,10078,0.69
197,G,14.31,7376,0.87
197,D,16.14,7716,0.63
197,E,18.16,7536,0.58
197,D,19.3,7656,0.67
197,C,21.43,6780,0.01
197,D,22.84,7696,0.66
197,C,24.9,6880,-0.01
197,G,26.61,7516,0.71
197,C,28.92,6820,0.0
197,A,30.82,6800,0.0
197,C,34.07,6720,0.01
197,F,35.79,9898,0.88
197,B,36.99,6880,-0.02
197,X,38.78,6875,0.95
198,A,9.97,6820,-0.0
198,E,13.27,7676,0.82
198,C,14.71,6880,-0.01
198,D,15.98,7616,0.72
198,C,18.1,6780,0.01
198,D,19.54,7516,0.83
198,E,21.77,7516,0.56
198,C,23.21,6800,0.0
198,F,25.04,10038,0.73
198,A,26.15,6820,-0.0
198,D,29.07,7636,0.72
198,C,31.27,6860,0.0
198,E,33.12,7816,0.79
198,D,34.13,7656,0.68
198,E,36.25,7536,0.55
198,C,37.81,6700,0.01
198,B,39.75,6840,-0.02
198,E,41.74,7776,0.87
198,G,43.14,7376,0.83
198,X,45.28,6875,0.93
199,B,9.97,6760,0.0
199,D,11.57,7776,0.54
199,G,13.54,7476,0.8
199,D,15.52,7676,0.67
199,F,17.74,9798,0.86
199,B,18.96,6760,0.0
199,C,21.05,6900,-0.01
199,E,22.88,7656,0.79
199,A,24.46,6780,0.0
199,F,27.66,10078,0.68
199,B,28.68,6800,0.0
199,C,30.6,6840,-0.01
199,F,32.26,10038,0.72
199,D,33.04,7456,0.75
199,A,35.33,6720,0.01
199,E,38.58,7616,0.68
199,B,39.92,6720,0.01
199,E,41.78,7636,0.76
199,G,43.21,7556,0.61
199,X,45.31,6875,0.92
200,B,9.97,6800,-0.01
200,F,11.98,9838,0.88
200,D,12.82,7596,0.74
200,E,15.08,7636,0.74
200,G,16.55,7436,0.79
200,A,18.71,6840,-0.03
200,B,21.78,6740,0.01
200,F,23.76,9898,0.86
200,D,24.46,7496,0.81
200,G,26.49,7516,0.67
200,E,28.89,7696,0.81
200,B,30.33,6780,0.0
200,F,32.32,9938,0.87
200,C,33.34,6820,0.0
200,X,34.98,6875,0.93
201,A,9.98,6860,-0.03
201,C,13.18,6800,0.0
201,A,14.96,6820,-0.01
201,B,18.0,6840,0.0
201,C,19.95,6740,0.01
201,B,21.76,6820,-0.01
201,D,23.43,7676,0.67
201,A,25.56,6800,0.0
201,C,28.83,6800,0.0
201,F,30.55,9958,0.85
201,B,31.56,6740,0.01
201,E,33.48,7616,0.69
201,G,34.85,7536,0.65
201,X,36.97,6875,0.88
202,A,9.98,6860,-0.04
202,E,13.2,7576,0.61
202,F,14.67,9978,0.8
202,E,15.66,7536,0.58
202,B,17.07,6760,0.0
202,F,19.0,9858,0.87
202,E,20.01,7756,0.86
202,F,21.43,9938,0.79
202,E,22.43,7616,0.72
202,G,23.76,7436,0.82
202,A,26.16,6780,0.0
202,B,29.33,6720,0.01
202,G,31.37,7576,0.57
202,A,33.58,6820,-0.01
202,F,36.71,9878,0.78
202,C,37.9,6860,-0.01
202,E,39.68,7596,0.67
202,G,41.01,7416,0.79
202,D,42.99,7716,0.6
202,G,45.06,7596,0.53
202,F,47.39,10038,0.73
202,B,48.39,6820,-0.01
202,G,50.38,7436,0.89
202,D,52.33,7676,0.65
202,G,54.35,7416,0.88
202,A,56.7,6860,-0.04
202,B,59.76,6800,-0.01
202,E,61.71,7596,0.66
202,B,63.03,6900,-0.02
202,A,64.98,6720,0.01
202,B,68.12,6800,-0.01
202,C,70.18,6840,-0.01
202,X,71.84,6875,0.95
203,D,9.59,7696,0.59
203,F,11.7,9898,0.8
203,C,12.69,6860,-0.01
203,B,14.48,6820,0.0
203,F,16.53,10058,0.72
203,G,17.74,7356,0.72
203,A,20.13,6760,0.01
203,D,23.01,7596,0.75
203,A,25.06,6900,-0.04
203,F,28.28,9878,0.85
203,C,29.54,6780,0.01
203,B,31.26,6880,-0.01
203,A,33.35,6740,0.01
203,F,36.46,9818,0.83
203,D,37.25,7696,0.66
203,F,39.43,9898,0.82
203,G,40.61,7516,0.7
203,D,42.6,7556,0.85
203,F,44.6,9898,0.79
203,E,45.85,7576,0.62
203,X,47.16,6875,0.86
204,G,9.95,7516,0.67
204,B,12.3,6780,-0.01
204,A,14.16,6840,-0.04
204,B,17.2,6760,0.0
204,C,19.1,6880,-0.01
204,E,20.79,7796,0.78
204,C,22.12,6720,0.01
204,B,23.84,6800,0.0
204,E,25.88,7636,0.72
204,B,27.37,6760,0.0
204,F,29.37,9998,0.78
204,B,30.61,6780,0.0
204,C,32.58,6800,0.0
204,D,34.07,7636,0.74
204,E,36.17,7776,0.79
204,D,37.12,7656,0.66
204,E,39.25,7776,0.87
204,B,40.79,6840,-0.01
204,F,42.76,9858,0.79
204,E,43.82,7596,0.62
204,A,45.16,6780,0.01
204,D,47.97,7716,0.59
204,E,50.12,7556,0.56
204,B,51.54,6820,-0.01
204,D,53.23,7676,0.68
204,F,55.31,10038,0.73
204,C,56.29,6840,0.0
204,G,58.11,7356,0.71
204,X,60.23,6875,0.93
205,D,9.57,7456,0.76
205,A,11.8,6860,-0.03
205,B,14.92,6880,-0.02
205,A,16.83,6780,0.0
205,C,19.96,6840,-0.01
205,D,21.29,7656,0.68
205,C,23.47,6720,0.01
205,F,25.22,10058,0.73
205,C,26.34,6720,0.01
205,F,28.27,10038,0.69
205,E,29.43,7736,0.85
205,D,30.43,7576,0.8
205,E,32.68,7696,0.87
205,G,34.17,7336,0.76
205,X,36.29,6875,0.88
206,D,9.57,7496,0.77
206,E,11.62,7676,0.8
206,B,13.17,6740,0.01
206,F,15.16,9918,0.84
206,C,16.25,6880,-0.01
206,D,17.72,7656,0.67
206,E,19.8,7776,0.82
206,G,21.16,7496,0.75
206,E,23.3,7736,0.81
206,F,24.61,9778,0.81
206,G,25.77,7336,0.75
206,B,27.99,6860,-0.01
206,C,29.91,6880,-0.01
206,F,31.69,9938,0.79
206,E,32.85,7556,0.58
206,A,34.32,6720,0.02
206,X,37.41,6875,0.9
207,A,9.99,6760,0.01
207,E,13.3,7556,0.62
207,B,14.83,6900,-0.02
207,G,16.79,7436,0.78
207,C,19.06,6840,-0.01
207,E,20.96,7756,0.81
207,D,21.91,7556,0.74
207,E,24.22,7516,0.54
207,G,25.52,7376,0.85
207,E,27.87,7736,0.79
207,G,29.38,7336,0.78
207,C,31.56,6780,0.0
207,G,33.2,7556,0.62
207,F,35.52,9818,0.83
207,E,36.63,7596,0.68
207,C,38.13,6740,0.01
207,D,39.6,7656,0.7
207,G,41.78,7416,0.77
207,E,44.16,7656,0.8
207,B,45.7,6740,0.01
207,F,47.57,9838,0.87
207,G,48.64,7516,0.68
207,F,50.9,9998,0.82
207,D,51.5,7756,0.6
207,G,53.56,7496,0.78
207,B,55.84,6740,0.01
207,D,57.31,7536,0.7
207,F,59.51,9998,0.72
207,D,60.2,7716,0.62
207,F,62.19,9978,0.84
207,A,63.22,6900,-0.04
207,X,66.23,6875,0.9
208,B,9.99,6840,-0.01
208,C,12.05,6760,0.01
208,B,13.75,6780,0.0
208,D,15.23,7716,0.62
208,G,17.28,7476,0.78
208,A,19.58,6740,0.01
208,F,22.68,9898,0.84
208,G,23.82,7356,0.82
208,F,25.98,9958,0.84
208,C,27.08,6760,0.01
208,A,28.78,6760,0.01
208,B,32.06,6880,-0.01
208,E,33.99,7656,0.76
208,X,35.27,6875,0.92
209,E,9.56,7796,0.82
209,B,11.08,6780,0.01
209,C,13.09,6760,0.01
209,F,14.98,9858,0.87
209,E,16.18,7536,0.55
209,C,17.56,6720,0.02
209,G,19.4,7476,0.77
209,E,21.52,7776,0.85
209,F,22.92,10078,0.66
209,D,23.6,7516,0.75
209,E,25.6,7756,0.88
209,C,27.15,6800,0.0
209,G,28.85,7536,0.64
209,D,30.58,7776,0.53
209,E,32.62,7596,0.64
209,C,34.16,6780,0.0
209,A,36.05,6800,0.0
209,B,39.12,6840,-0.01
209,A,41.2,6800,0.0
209,B,44.52,6760,0.01
209,G,46.56,7496,0.73
209,C,48.94,6760,0.01
209,E,50.73,7596,0.67
209,D,51.69,7716,0.6
209,E,53.86,7796,0.82
209,A,55.41,6760,0.01
209,F,58.49,9798,0.86
209,X,59.47,6875,0.94
210,B,9.97,6720,0.01
210,F,11.99,10018,0.75
210,C,12.99,6740,0.01
210,B,14.72,6880,-0.02
210,D,16.34,7736,0.61
210,C,18.59,6760,0.01
210,F,20.4,9878,0.85
210,G,21.64,7516,0.69
210,B,23.88,6900,-0.02
210,E,25.91,7756,0.85
210,A,27.43,6760,0.01
210,F,30.49,10038,0.7
210,B,31.76,6900,-0.02
210,D,33.31,7636,0.75
210,F,35.33,10018,0.77
210,B,36.33,6740,0.01
210,C,38.41,6800,0.01
210,B,40.34,6860,-0.02
210,D,41.81,7656,0.67
210,G,44.06,7456,0.81
210,E,46.2,7816,0.79
210,D,47.33,7756,0.59
210,F,49.55,9798,0.87
210,B,50.77,6800,-0.01
210,G,52.75,7356,0.84
210,C,54.93,6760,0.01
210,A,56.67,6700,0.02
210,X,59.75,6875,0.88
211,E,9.56,7616,0.71
211,A,10.95,6760,0.01
211,F,14.11,9918,0.85
211,A,15.2,6800,0.0
211,G,18.32,7356,0.84
211,D,20.08,7736,0.59
211,A,22.3,6720,0.01
211,C,25.55,6800,-0.01
211,B,27.47,6760,0.01
211,X,29.31,6875,0.94
212,F,9.97,9878,0.87
212,A,11.13,6840,-0.03
212,C,14.41,6760,0.01
212,G,16.08,7536,0.65
212,C,18.22,6760,0.02
212,G,20.0,7556,0.59
212,D,21.81,7656,0.7
212,G,23.93,7456,0.7
212,B,26.24,6760,0.01
212,F,28.2,9778,0.89
212,D,28.88,7636,0.72
212,A,30.94,6800,0.0
212,B,34.04,6880,-0.01
212,C,35.89,6760,0.01
212,A,37.83,6880,-0.04
212,D,40.47,7656,0.67
212,B,42.54,6700,0.02
212,E,44.58,7636,0.76
212,X,45.86,6875,0.94
213,F,9.97,10078,0.65
213,C,11.19,6780,0.0
213,A,12.9,6840,-0.03
213,D,15.6,7576,0.76
213,A,17.9,6820,0.0
213,C,20.95,6860,-0.01
213,D,22.37,7556,0.85
213,G,24.6,7576,0.55
213,B,26.71,6840,-0.01
213,E,28.64,7756,0.81
213,D,29.67,7576,0.82
213,F,31.93,9818,0.89
213,E,32.96,7516,0.56
213,C,34.4,6760,0.01
213,F,36.22,9838,0.89
213,C,37.23,6820,0.0
213,E,38.91,7776,0.83
213,F,40.33,9938,0.82
213,D,41.08,7596,0.81
213,F,43.12,10038,0.73
213,G,44.17,7556,0.6
213,C,46.34,6900,-0.01
213,G,47.97,7536,0.63
213,C,50.23,6720,0.01
213,B,52.1,6880,-0.02
213,A,54.13,6880,-0.04
213,X,57.13,6875,0.92
214,C,9.99,6880,-0.01
214,G,11.63,7556,0.65
214,B,13.84,6880,-0.02
214,G,15.68,7596,0.55
214,A,17.87,6820,-0.03
214,C,21.08,6760,0.01
214,F,22.79,9898,0.9
214,G,23.83,7456,0.76
214,D,25.61,7596,0.72
214,B,27.74,6860,-0.01
214,E,29.68,7676,0.81
214,B,31.16,6880,-0.01
214,C,33.14,6840,-0.01
214,D,34.68,7616,0.81
214,C,36.85,6880,-0.01
214,D,38.29,7736,0.64
214,A,40.4,6900,-0.04
214,B,43.47,6820,-0.01
214,G,45.47,7596,0.54
214,B,47.77,6820,-0.01
214,A,49.87,6840,-0.03
214,C,52.89,6820,0.0
214,F,54.58,9758,0.81
214,E,55.72,7636,0.72
214,X,57.0,6875,0.94
215,C,9.97,6740,0.01
215,A,11.74,6800,0.01
215,D,14.54,7616,0.73
215,C,16.7,6840,0.0
215,D,18.21,7476,0.81
215,C,20.37,6840,-0.01
215,B,22.2,6820,-0.01
215,D,23.88,7576,0.83
215,C,25.93,6720,0.02
215,E,27.69,7656,0.8
215,B,29.09,6900,-0.02
215,D,30.51,7476,0.81
215,C,32.76,6900,-0.01
215,B,34.56,6720,0.01
215,E,36.52,7596,0.64
215,D,37.5,7476,0.77
215,G,39.68,7576,0.58
215,A,41.81,6880,-0.04
215,B,44.83,6800,0.01
215,E,46.93,7656,0.78
215,D,47.86,7476,0.73
215,B,50.12,6740,0.01
215,D,51.78,7476,0.82
215,A,54.01,6760,0.01
215,F,57.3,9998,0.79
215,X,58.28,6875,0.91
216,A,9.98,6720,0.01
216,F,13.08,9978,0.83
216,E,14.23,7656,0.73
216,G,15.77,7416,0.86
216,B,17.95,6840,-0.01
216,F,19.94,9978,0.83
216,G,21.12,7356,0.7
216,C,23.5,6860,-0.01
216,D,24.9,7516,0.82
216,E,26.99,7596,0.62
216,A,28.42,6840,-0.03
216,B,31.5,6880,-0.01
216,D,33.11,7676,0.65
216,A,35.13,6840,-0.03
216,G,38.42,7556,0.63
216,D,40.24,7636,0.72
216,G,42.44,7456,0.8
216,B,44.82,6720,0.01
216,A,46.93,6780,0.0
216,F,50.24,9958,0.78
216,G,51.3,7356,0.83
216,E,53.52,7776,0.82
216,A,54.98,6760,0.01
216,F,58.23,9998,0.78
216,G,59.33,7536,0.62
216,E,61.52,7736,0.79
216,B,62.84,6860,-0.01
216,A,64.85,6900,-0.04
216,B,67.98,6780,0.0
216,G,69.89,7396,0.85
216,F,72.04,10018,0.78
216,A,73.26,6840,-0.03
216,D,76.06,7696,0.66
216,B,78.24,6740,0.01
216,C,80.28,6760,0.01
216,X,81.96,6875,0.91
217,F,9.97,9918,0.89
217,C,11.01,6780,0.01
217,F,12.81,10038,0.74
217,D,13.47,7616,0.75
217,A,15.62,6880,-0.04
217,G,18.84,7476,0.73
217,D,20.75,7696,0.62
217,C,22.98,6820,-0.01
217,E,24.66,7796,0.84
217,A,26.21,6800,0.0
217,F,29.26,9958,0.8
217,G,30.4,7336,0.72
217,C,32.73,6760,0.01
217,E,34.51,7656,0.78
217,C,35.88,6740,0.01
217,B,37.78,6840,-0.01
217,X,39.56,6875,0.88
218,C,9.99,6700,0.01
218,E,11.82,7656,0.75
218,F,13.19,9958,0.81
218,B,14.44,6840,-0.01
218,G,16.41,7516,0.68
218,A,18.76,6780,0.0
218,F,21.97,9758,0.85
218,C,23.01,6880,-0.01
218,B,24.88,6760,0.0
218,G,26.71,7556,0.59
218,F,28.88,9918,0.91
218,D,29.7,7596,0.79
218,X,31.7,6875,0.86
219,B,9.99,6840,-0.01
219,C,11.84,6800,0.0
219,F,13.71,9838,0.91
219,E,14.91,7696,0.86
219,C,16.38,6860,-0.01
219,E,18.1,7656,0.78
219,F,19.62,9878,0.89
219,D,20.25,7536,0.89
219,C,22.53,6760,0.01
219,F,24.24,9898,0.9
219,D,25.09,7516,0.86
219,F,27.13,9958,0.84
219,A,28.3,6720,0.01
219,D,31.05,7716,0.57
219,A,33.27,6900,-0.04
219,G,36.51,7576,0.57
219,A,38.81,6880,-0.04
219,F,41.85,9918,0.88
219,C,42.95,6700,0.01
219,D,44.46,7496,0.78
219,F,46.73,9778,0.79
219,C,47.86,6840,-0.01
219,G,49.71,7456,0.85
219,D,51.5,7776,0.57
219,E,53.63,7696,0.84
219,A,54.95,6880,-0.04
219,G,58.03,7556,0.63
219,B,60.18,6780,-0.01
219,X,61.99,6875,0.9
220,F,9.95,9978,0.82
220,D,10.6,7576,0.82
220,C,12.78,6740,0.01
220,E,14.53,7736,0.89
220,A,16.08,6860,-0.04
220,G,19.12,7336,0.72
220,D,21.06,7676,0.67
220,F,23.24,9918,0.82
220,A,24.28,6760,0.01
220,B,27.41,6780,0.0
220,E,29.27,7616,0.66
220,D,30.42,7476,0.82
220,E,32.52,7656,0.78
220,A,33.91,6900,-0.04
220,D,36.56,7616,0.77
220,G,38.57,7596,0.55
220,E,40.73,7616,0.7
220,C,42.04,6800,0.0
220,A,43.82,6820,-0.0
220,D,46.51,7736,0.61
220,F,48.5,9998,0.79
220,E,49.63,7636,0.75
220,A,50.97,6740,0.01
220,C,54.23,6780,0.0
220,F,56.01,10058,0.72
220,E,57.04,7596,0.65
220,D,58.14,7536,0.79
220,B,60.34,6840,-0.01
220,X,62.14,6875,0.94
221,F,9.95,9978,0.79
221,G,11.1,7396,0.75
221,B,13.34,6780,0.0
221,A,15.26,6820,0.0
221,D,18.1,7736,0.6
221,B,20.33,6880,-0.02
221,E,22.31,7676,0.81
221,A,23.71,6760,0.01
221,B,26.83,6720,0.01
221,E,28.92,7556,0.59
221,C,30.24,6820,-0.01
221,X,31.87,6875,0.88
222,B,9.98,6780,0.0
222,G,11.89,7496,0.7
222,F,14.09,10038,0.71
222,G,15.22,7496,0.77
222,D,16.98,7636,0.71
222,B,19.22,6880,-0.02
222,F,21.0,9998,0.8
222,E,22.2,7736,0.88
222,F,23.57,10078,0.7
222,D,24.17,7596,0.64
222,C,26.4,6860,-0.01
222,G,28.25,7396,0.84
222,C,30.58,6860,-0.01
222,F,32.42,10018,0.74
222,D,33.23,7756,0.58
222,E,35.25,7616,0.7
222,G,36.71,7596,0.56
222,C,38.88,6760,0.01
222,A,40.64,6820,0.0
222,X,43.68,6875,0.94
223,C,9.98,6860,-0.01
223,D,11.26,7636,0.73
223,C,13.29,6880,-0.01
223,F,15.16,9758,0.84
223,A,16.27,6840,-0.03
223,G,19.34,7536,0.7
223,C,21.61,6880,-0.01
223,G,23.38,7396,0.86
223,F,25.5,9958,0.8
223,E,26.69,7796,0.82
223,B,28.26,6880,-0.02
223,A,30.19,6760,0.01
223,B,33.3,6820,-0.01
223,F,35.24,10018,0.79
223,G,36.36,7476,0.79
223,A,38.59,6720,0.01
223,F,41.77,9998,0.77
223,C,42.86,6820,0.0
223,E,44.54,7776,0.81
223,B,45.9,6800,0.0
223,D,47.39,7656,0.7
223,X,49.37,6875,0.95
224,C,9.96,6780,0.0
224,F,11.61,9758,0.82
224,B,12.62,6800,0.0
224,A,14.64,6740,0.01
224,E,17.84,7816,0.81
224,F,19.15,9978,0.78
224,A,20.35,6740,0.01
224,B,23.55,6780,0.0
224,E,25.48,7556,0.58
224,C,26.99,6800,0.0
224,B,28.78,6740,0.01
224,G,30.78,7396,0.86
224,E,33.01,7616,0.7
224,D,34.15,7516,0.81
224,B,36.28,6740,0.01
224,F,38.2,10058,0.73
224,B,39.3,6820,0.0
224,D,40.89,7716,0.63
224,G,43.08,7556,0.61
224,A,45.34,6800,0.0
224,F,48.37,9898,0.9
224,B,49.6,6760,0.01
224,E,51.52,7696,0.85
224,B,53.09,6880,-0.02
224,G,55.0,7596,0.56
224,D,56.72,7576,0.58
224,G,58.88,7556,0.62
224,A,61.22,6700,0.02
224,G,64.48,7496,0.69
224,C,66.71,6740,0.01
224,X,68.39,6875,0.9
225,F,9.96,10058,0.68
225,E,11.22,7556,0.61
225,G,12.57,7436,0.79
225,D,14.36,7556,0.83
225,C,16.61,6880,-0.01
225,D,18.02,7736,0.62
225,E,20.17,7616,0.71
225,G,21.51,7436,0.82
225,A,23.89,6740,0.01
225,G,27.02,7356,0.73
225,D,28.97,7716,0.62
225,B,31.15,6760,0.01
225,D,32.78,7776,0.59
225,E,34.81,7636,0.73
225,A,36.13,6840,-0.03
225,C,39.2,6740,0.02
225,A,40.94,6760,0.01
225,F,44.25,9898,0.88
225,A,45.27,6880,-0.04
225,G,48.28,7536,0.64
225,D,50.21,7696,0.64
225,A,52.31,6760,0.01
225,B,55.45,6740,0.01
225,X,57.27,6875,0.92
226,C,9.98,6860,-0.01
226,B,11.68,6900,-0.02
226,C,13.62,6880,-0.01
226,D,15.11,7536,0.86
226,B,17.35,6840,-0.01
226,C,19.38,6880,-0.01
226,D,20.82,7536,0.88
226,C,23.02,6800,0.0
226,A,24.82,6820,-0.0
226,F,27.92,9998,0.74
226,A,28.99,6900,-0.04
226,G,32.21,7336,0.72
226,A,34.54,6780,0.0
226,F,37.68,9758,0.86
226,E,38.76,7716,0.79
226,X,40.05,6875,0.93
227,G,9.93,7576,0.57
227,C,12.23,6820,-0.01
227,F,14.11,10018,0.77
227,C,15.26,6840,-0.01
227,A,17.19,6760,0.01
227,D,19.99,7636,0.7
227,G,22.19,7456,0.8
227,E,24.53,7656,0.75
227,F,25.96,9918,0.88
227,C,27.08,6720,0.01
227,F,28.86,9758,0.84
227,C,29.92,6900,-0.01
227,E,31.75,7676,0.78
227,F,33.19,10078,0.68
227,G,34.36,7456,0.87
227,D,36.19,7516,0.85
227,C,38.48,6800,0.0
227,B,40.42,6720,0.01
227,F,42.34,10018,0.73
227,A,43.44,6740,0.01
227,F,46.63,9838,0.88
227,E,47.76,7636,0.76
227,A,49.3,6720,0.01
227,F,52.37,9838,0.91
227,C,53.55,6840,0.0
227,A,55.37,6800,0.0
227,B,58.55,6860,-0.01
227,C,60.53,6860,-0.01
227,D,61.86,7736,0.58
227,G,63.95,7536,0.68
227,X,66.06,6875,0.93
228,A,9.97,6820,0.0
228,G,13.04,7416,0.87
228,D,14.83,7536,0.89
228,F,16.96,9878,0.8
228,A,18.08,6840,-0.04
228,F,21.15,9818,0.9
228,G,22.19,7376,0.79
228,C,24.34,6780,0.01
228,F,26.11,9818,0.9
228,G,27.27,7596,0.56
228,C,29.58,6880,-0.01
228,G,31.21,7496,0.68
228,F,33.38,9958,0.75
228,D,34.19,7496,0.8
228,B,36.23,6840,-0.01
228,D,37.67,7656,0.68
228,C,39.81,6780,0.0
228,B,41.71,6740,0.0
228,D,43.42,7576,0.87
228,C,45.47,6820,0.0
228,B,47.38,6780,-0.01
228,C,49.22,6860,-0.01
228,B,51.13,6800,0.0
228,E,53.14,7696,0.86
228,X,54.43,6875,0.89
229,C,9.98,6840,-0.01
229,E,11.64,7536,0.54
229,B,13.06,6860,-0.02
229,A,15.04,6780,0.0
229,F,18.33,10078,0.7
229,D,18.95,7756,0.61
229,G,21.03,7356,0.78
229,X,23.15,6875,0.92
230,A,9.96,6820,0.0
230,G,13.25,7376,0.79
230,B,15.47,6740,0.01
230,C,17.42,6880,-0.01
230,B,19.12,6780,0.0
230,A,21.15,6840,-0.04
230,C,24.44,6880,-0.01
230,E,26.13,7656,0.77
230,F,27.67,9938,0.76
230,E,28.78,7676,0.75
230,B,30.31,6720,0.01
230,G,32.21,7476,0.7
230,A,34.48,6800,0.0
230,E,37.76,7756,0.85
230,D,38.68,7696,0.64
230,X,40.66,6875,0.93
231,B,9.97,6840,-0.01
231,C,11.93,6720,0.02
231,B,13.65,6880,-0.01
231,G,15.49,7456,0.74
231,D,17.44,7756,0.56
231,E,19.55,7696,0.83
231,A,20.89,6840,-0.03
231,G,24.19,7396,0.85
231,A,26.55,6760,0.01
231,G,29.79,7396,0.87
231,D,31.69,7696,0.66
231,C,33.93,6880,-0.01
231,F,35.6,9798,0.81
231,D,36.23,7716,0.58
231,B,38.36,6800,0.0
231,C,40.42,6840,0.0
231,E,42.09,7796,0.78
231,B,43.63,6900,-0.02
231,D,45.09,7696,0.64
231,G,47.09,7536,0.64
231,D,48.84,7716,0.6
231,G,50.9,7356,0.8
231,A,53.06,6760,0.01
231,G,56.18,7376,0.81
231,A,58.36,6800,0.0
231,C,61.51,6760,0.01
231,B,63.22,6900,-0.02
231,F,65.1,10078,0.69
231,X,66.07,6875,0.92
232,B,9.99,6740,0.01
232,G,11.93,7596,0.55
232,C,14.27,6740,0.01
232,B,16.19,6800,-0.01
232,G,18.21,7356,0.82
232,A,20.64,6700,0.01
232,D,23.34,7676,0.7
232,C,25.6,6780,0.01
232,A,27.52,6780,0.0
232,G,30.79,7556,0.6
232,E,33.09,7556,0.6
232,A,34.46,6840,-0.03
232,E,37.68,7596,0.67
232,C,39.16,6900,-0.01
232,D,40.5,7516,0.83
232,F,42.55,9818,0.79
232,X,43.54,6875,0.91
233,G,9.96,7356,0.73
233,F,12.22,9878,0.77
233,E,13.35,7676,0.83
233,A,14.69,6760,0.01
233,C,17.97,6820,0.0
233,B,19.84,6720,0.01
233,F,21.76,9758,0.82
233,A,23.02,6820,-0.0
233,D,25.81,7536,0.84
233,X,27.82,6875,0.92
234,E,9.49,7816,0.76
234,G,10.77,7436,0.84
234,A,12.93,6800,0.0
234,G,16.23,7376,0.85
234,E,18.52,7816,0.8
234,F,19.8,9898,0.89
234,E,21.05,7736,0.78
234,F,22.47,10038,0.7
234,E,23.67,7576,0.62
234,F,25.18,9998,0.8
234,B,26.43,6740,0.01
234,F,28.34,9818,0.81
234,A,29.47,6760,0.01
234,C,32.58,6800,0.0
234,G,34.47,7536,0.64
234,A,36.7,6760,0.01
234,G,40.02,7476,0.68
234,B,42.2,6840,-0.02
234,D,43.74,7496,0.8
234,C,45.98,6740,0.01
234,F,47.92,9778,0.81
234,E,49.17,7596,0.67
234,C,50.49,6900,-0.01
234,D,51.79,7656,0.71
234,G,54.02,7416,0.82
234,D,55.92,7696,0.62
234,A,57.93,6840,-0.04
234,G,61.0,7436,0.83
234,C,63.4,6860,-0.01
234,D,64.92,7676,0.68
234,C,67.07,6720,0.01
234,A,68.8,6820,-0.0
234,D,71.52,7476,0.78
234,B,73.73,6800,0.0
234,X,75.54,6875,0.92
235,B,9.97,6820,-0.01
235,D,11.48,7596,0.75
235,A,13.66,6700,0.02
235,B,16.85,6860,-0.01
235,D,18.53,7676,0.67
235,G,20.56,7576,0.58
235,D,22.49,7756,0.6
235,E,24.59,7656,0.78
235,A,25.9,6880,-0.04
235,E,29.02,7556,0.58
235,C,30.46,6760,0.01
235,F,32.25,9818,0.85
235,D,32.9,7576,0.77
235,A,35.09,6800,0.0
235,B,38.29,6760,0.01
235,F,40.19,9918,0.89
235,D,40.86,7476,0.85
235,G,42.91,7356,0.75
235,C,45.07,6780,0.0
235,B,46.73,6880,-0.01
235,G,48.59,7456,0.8
235,E,50.88,7756,0.88
235,X,52.16,6875,0.91
236,F,9.96,9778,0.88
236,G,10.97,7436,0.87
236,D,12.74,7576,0.85
236,C,14.79,6840,0.0
236,A,16.68,6900,-0.04
236,D,19.46,7656,0.7
236,C,21.59,6740,0.01
236,G,23.34,7376,0.83
236,B,25.56,6860,-0.01
236,A,27.54,6760,0.01
236,F,30.61,9818,0.86
236,E,31.65,7756,0.88
236,X,32.94,6875,0.95
237,A,9.98,6820,0.0
237,D,12.72,7776,0.57
237,F,14.69,9938,0.87
237,D,15.52,7576,0.78
237,E,17.72,7736,0.9
237,A,19.29,6900,-0.04
237,B,22.36,6860,-0.01
237,G,24.29,7556,0.61
237,D,26.08,7696,0.66
237,E,28.16,7656,0.74
237,A,29.47,6720,0.01
237,D,32.36,7736,0.59
237,A,34.62,6880,-0.04
237,B,37.68,6740,0.01
237,A,39.53,6860,-0.03
237,E,42.56,7736,0.89
237,F,44.1,10038,0.74
237,C,45.16,6720,0.02
237,X,46.83,6875,0.93
238,E,9.53,7596,0.65
238,C,10.85,6840,-0.01
238,D,12.24,7656,0.68
238,A,14.28,6800,0.0
238,G,17.32,7576,0.54
238,C,19.62,6860,-0.01
238,E,21.26,7636,0.76
238,G,22.64,7416,0.75
238,C,25.01,6840,-0.01
238,F,26.65,9938,0.77
238,A,27.87,6840,-0.03
238,B,30.89,6720,0.01
238,D,32.58,7696,0.62
238,F,34.74,9938,0.87
238,D,35.44,7716,0.6
238,C,37.65,6800,-0.01
238,E,39.52,7736,0.87
238,B,40.89,6840,-0.01
238,C,42.81,6760,0.01
238,F,44.63,10078,0.68
238,G,45.61,7556,0.61
238,E,47.87,7536,0.57
238,B,49.4,6700,0.02
238,C,51.53,6860,-0.01
238,G,53.17,7436,0.83
238,B,55.32,6780,0.0
238,A,57.27,6760,0.01
238,X,60.34,6875,0.86
239,C,9.96,6820,0.0
239,D,11.29,7656,0.67
239,A,13.48,6760,0.01
239,C,16.79,6820,0.0
239,B,18.48,6900,-0.02
239,C,20.29,6880,-0.01
239,B,22.15,6820,-0.01
239,F,24.11,9778,0.79
239,B,25.18,6860,-0.01
239,C,27.25,6880,-0.01
239,D,28.6,7616,0.76
239,A,30.63,6820,-0.01
239,G,33.67,7536,0.6
239,A,35.97,6760,0.01
239,G,39.24,7556,0.62
239,F,41.51,9998,0.8
239,G,42.68,7396,0.83
239,D,44.52,7696,0.65
239,G,46.49,7576,0.58
239,F,48.78,9778,0.85
239,B,49.96,6760,0.0
239,C,51.88,6720,0.01
239,A,53.72,6740,0.01
239,E,56.83,7736,0.81
239,B,58.29,6780,0.0
239,G,60.26,7536,0.65
239,C,62.51,6720,0.02
239,A,64.23,6740,0.01
239,F,67.41,9858,0.88
239,A,68.53,6860,-0.04
239,F,71.7,9918,0.9
239,E,72.7,7596,0.66
239,A,74.12,6900,-0.04
239,G,77.27,7476,0.8
239,B,79.54,6820,-0.01
239,E,81.56,7756,0.87
239,C,82.91,6820,0.0
239,A,84.71,6800,0.0
239,D,87.62,7756,0.6
239,X,89.61,6875,0.95
240,C,9.96,6720,0.01
240,E,11.76,7756,0.88
240,F,13.25,9838,0.87
240,E,14.38,7716,0.83
240,G,15.84,7456,0.8
240,C,18.18,6820,-0.01
240,G,19.88,7516,0.68
240,A,22.05,6800,0.0
240,D,24.78,7516,0.76
240,B,26.9,6700,0.01
240,C,28.87,6760,0.01
240,E,30.55,7816,0.78
240,G,31.9,7456,0.86
240,F,34.21,9838,0.88
240,E,35.46,7756,0.89
240,G,36.79,7556,0.61
240,B,39.12,6740,0.01
240,G,41.17,7456,0.82
240,E,43.42,7736,0.89
240,D,44.38,7716,0.6
240,C,46.57,6840,0.0
240,A,48.39,6840,-0.03
240,X,51.4,6875,0.93
241,G,9.98,7336,0.76
241,E,12.35,7816,0.79
241,G,13.78,7396,0.83
241,A,15.95,6880,-0.04
241,B,19.16,6780,0.0
241,A,21.12,6820,0.0
241,E,24.42,7796,0.84
241,G,25.8,7576,0.57
241,A,28.01,6780,0.01
241,B,31.27,6760,0.0
241,D,32.79,7476,0.82
241,F,34.87,9858,0.79
241,D,35.61,7496,0.78
241,B,37.74,6800,-0.01
241,E,39.66,7556,0.59
241,B,41.09,6840,-0.01
241,C,43.06,6720,0.01
241,X,44.74,6875,0.93
242,D,9.58,7716,0.64
242,C,11.58,6760,0.01
242,A,13.38,6720,0.01
242,C,16.54,6800,0.0
242,G,18.18,7556,0.62
242,C,20.47,6860,-0.01
242,E,22.28,7676,0.74
242,G,23.57,7536,0.62
242,E,25.7,7696,0.84
242,G,27.15,7456,0.79
242,F,29.27,10018,0.74
242,E,30.5,7556,0.6
242,D,31.53,7756,0.58
242,E,33.6,7656,0.79
242,A,35.08,6860,-0.04
242,D,37.84,7676,0.67
242,A,40.1,6800,0.0
242,C,43.2,6820,-0.01
242,F,45.04,9958,0.8
242,D,45.79,7616,0.78
242,B,47.94,6820,-0.01
242,E,50.0,7516,0.54
242,G,51.39,7376,0.84
242,C,53.58,6800,0.0
242,A,55.44,6700,0.02
242,C,58.66,6800,0.0
242,B,60.42,6780,0.0
242,E,62.35,7636,0.71
242,D,63.3,7756,0.59
242,E,65.42,7636,0.74
242,B,66.76,6780,0.0
242,C,68.64,6740,0.01
242,B,70.35,6840,-0.01
242,G,72.32,7456,0.78
242,F,74.65,10058,0.69
242,X,75.63,6875,0.95
243,G,9.96,7416,0.8
243,B,12.29,6760,0.0
243,A,14.32,6700,0.02
243,C,17.59,6820,-0.01
243,F,19.46,9818,0.86
243,C,20.72,6860,-0.01
243,E,22.43,7656,0.75
243,C,23.86,6880,-0.01
243,G,25.62,7476,0.82
243,A,27.82,6880,-0.04
243,C,31.11,6700,0.01
243,B,32.84,6740,0.0
243,F,34.86,9858,0.84
243,G,35.85,7396,0.78
243,D,37.76,7696,0.62
243,X,39.74,6875,0.92
244,A,9.98,6700,0.02
244,D,12.78,7696,0.64
244,B,14.83,6860,-0.01
244,A,16.69,6800,0.0
244,C,19.97,6820,0.0
244,E,21.8,7816,0.77
244,D,22.92,7536,0.88
244,E,25.19,7716,0.87
244,D,26.33,7756,0.58
244,B,28.4,6900,-0.02
244,F,30.35,10078,0.68
244,C,31.59,6760,0.01
244,G,33.27,7396,0.82
244,X,35.39,6875,0.93
245,A,9.98,6860,-0.04
245,G,13.08,7536,0.65
245,D,15.01,7716,0.6
245,B,17.02,6760,0.01
245,G,18.88,7576,0.59
245,C,21.1,6900,-0.01
245,F,22.9,10018,0.76
245,B,23.95,6720,0.01
245,F,25.79,9918,0.83
245,B,26.79,6740,0.01
245,F,28.85,9838,0.93
245,G,29.98,7376,0.85
245,E,32.27,7776,0.9
245,X,33.56,6875,0.89
246,C,9.97,6820,0.0
246,A,11.64,6740,0.01
246,C,14.82,6880,-0.01
246,B,16.66,6760,0.0
246,A,18.73,6820,0.0
246,B,21.96,6780,0.0
246,G,24.05,7496,0.77
246,A,26.18,6900,-0.04
246,G,29.43,7456,0.74
246,A,31.83,6720,0.01
246,D,34.62,7656,0.69
246,B,36.66,6780,0.0
246,D,38.21,7616,0.67
246,G,40.27,7576,0.58
246,A,42.46,6900,-0.04
246,E,45.49,7736,0.89
246,G,46.84,7496,0.71
246,C,49.04,6800,0.0
246,B,50.96,6760,0.01
246,G,52.88,7536,0.7
246,D,54.63,7536,0.9
246,E,56.64,7776,0.88
246,D,57.8,7676,0.68
246,C,60.02,6900,-0.01
246,G,61.87,7516,0.66
246,F,64.08,10058,0.69
246,X,65.05,6875,0.89
247,E,9.49,7596,0.66
247,G,10.81,7356,0.82
247,D,12.74,7456,0.75
247,A,14.87,6820,-0.0
247,C,18.01,6740,0.01
247,A,19.76,6720,0.01
247,D,22.57,7696,0.64
247,B,24.7,6860,-0.01
247,C,26.75,6720,0.01
247,B,28.51,6780,0.01
247,D,30.12,7616,0.71
247,A,32.23,6720,0.02
247,E,35.45,7656,0.75
247,F,36.9,9978,0.81
247,X,37.88,6875,0.91
248,D,9.56,7616,0.78
248,B,11.67,6720,0.01
248,G,13.54,7336,0.79
248,A,15.82,6880,-0.04
248,G,19.07,7556,0.61
248,D,20.89,7596,0.8
248,A,22.97,6780,0.01
248,G,26.22,7536,0.69
248,A,28.45,6880,-0.04
248,E,31.66,7696,0.82
248,C,33.17,6740,0.01
248,A,34.87,6720,0.02
248,G,38.17,7376,0.76
248,D,40.05,7476,0.83
248,F,42.2,9958,0.85
248,B,43.25,6780,0.0
248,G,45.12,7376,0.75
248,C,47.43,6740,0.01
248,A,49.12,6840,-0.03
248,C,52.2,6780,0.01
248,B,54.04,6860,-0.01
248,G,55.97,7516,0.65
248,C,58.35,6720,0.01
248,E,60.15,7836,0.78
248,B,61.67,6720,0.01
248,D,63.38,7736,0.62
248,C,65.48,6740,0.01
248,D,66.85,7576,0.79
248,B,68.99,6720,0.01
248,A,70.99,6740,0.01
248,D,73.93,7616,0.72
248,A,76.13,6820,0.0
248,B,79.2,6820,-0.01
248,A,81.15,6900,-0.04
248,B,84.39,6760,0.0
248,G,86.3,7516,0.68
248,C,88.48,6880,-0.01
248,E,90.3,7716,0.74
248,B,91.78,6880,-0.01
248,G,93.64,7356,0.79
248,D,95.43,7696,0.62
248,G,97.51,7476,0.82
248,C,99.64,6840,-0.01
248,A,101.3,6840,-0.03
248,G,104.44,7376,0.85
248,F,106.58,10078,0.7
248,X,107.55,6875,0.91
249,A,9.99,6820,0.0
249,D,12.71,7676,0.67
249,C,14.72,6760,0.01
249,B,16.44,6860,0.01
249,D,18.03,7616,0.72
249,G,20.04,7596,0.53
249,B,22.27,6800,0.0
249,F,24.11,9998,0.77
249,B,25.29,6820,0.0
249,A,27.39,6740,0.01
249,E,30.55,7716,0.91
249,B,31.96,6780,0.0
249,C,33.81,6880,-0.01
249,B,35.62,6720,0.01
249,F,37.59,9818,0.9
249,C,38.59,6760,0.01
249,D,40.03,7476,0.79
249,E,42.09,7596,0.67
249,D,43.11,7616,0.76
249,F,45.22,9918,0.81
249,B,46.24,6760,0.01
249,F,48.27,10078,0.65
249,G,49.39,7376,0.84
249,E,51.63,7716,0.88
249,C,53.12,6800,0.01
249,B,55.05,6760,0.01
249,C,57.11,6740,0.01
249,G,58.83,7556,0.58
249,D,60.6,7636,0.71
249,A,62.7,6800,0.0
249,X,65.74,6875,0.9
250,D,9.59,7736,0.57
250,B,11.66,6900,-0.01
250,G,13.52,7396,0.84
250,D,15.29,7576,0.79
250,C,17.39,6900,-0.01
250,F,19.09,9858,0.84
250,C,20.3,6860,-0.01
250,D,21.64,7516,0.79
250,E,23.67,7736,0.87
250,A,25.11,6740,0.01
250,B,28.29,6780,-0.01
250,D,29.79,7556,0.89
250,F,31.83,9878,0.92
250,E,32.83,7776,0.84
250,D,33.98,7496,0.88
250,G,36.11,7536,0.66
250,A,38.41,6880,-0.04
250,C,41.5,6880,-0.01
250,X,43.15,6875,0.92
251,A,9.99,6800,0.0
251,C,13.07,6900,-0.01
251,D,14.34,7716,0.63
251,G,16.56,7456,0.73
251,D,18.4,7596,0.78
251,G,20.49,7556,0.62
251,E,22.85,7596,0.65
251,B,24.36,6800,0.0
251,F,26.33,10058,0.71
251,X,27.32,6875,0.87
252,D,9.54,7636,0.7
252,E,11.72,7556,0.58
252,C,13.04,6860,-0.01
252,E,14.72,7776,0.83
252,F,16.12,9838,0.89
252,B,17.37,6800,0.0
252,F,19.26,9818,0.78
252,D,20.04,7616,0.78
252,G,22.25,7416,0.77
252,C,24.52,6880,-0.01
252,D,25.83,7736,0.63
252,C,28.1,6840,-0.01
252,F,29.86,10058,0.69
252,A,30.88,6720,0.01
252,X,33.95,6875,0.89
253,C,9.99,6800,0.0
253,B,11.83,6800,0.0
253,G,13.73,7436,0.76
253,F,15.96,9998,0.78
253,E,17.15,7816,0.81
253,D,18.32,7736,0.59
253,E,20.36,7696,0.85
253,F,21.75,10038,0.73
253,B,22.96,6900,-0.01
253,E,24.98,7796,0.8
253,G,26.4,7556,0.57
253,C,28.69,6780,0.01
253,D,30.2,7716,0.58
253,E,32.39,7556,0.6
253,C,33.88,6840,0.0
253,G,35.74,7516,0.73
253,F,38.09,9998,0.77
253,C,39.31,6840,0.0
253,D,40.65,7716,0.6
253,G,42.65,7596,0.53
253,C,44.84,6800,0.0
253,B,46.51,6800,0.0
253,D,48.15,7736,0.59
253,C,50.38,6780,0.01
253,B,52.18,6780,0.0
253,G,54.15,7596,0.54
253,E,56.38,7616,0.67
253,D,57.43,7676,0.66
253,A,59.66,6860,-0.04
253,X,62.67,6875,0.92
254,E,9.49,7756,0.81
254,A,10.92,6700,0.02
254,G,14.25,7396,0.81
254,A,16.42,6880,-0.04
254,D,19.19,7576,0.77
254,A,21.37,6840,-0.03
254,D,24.23,7776,0.54
254,G,26.43,7556,0.62
254,C,28.68,6740,0.01
254,F,30.4,9858,0.92
254,A,31.41,6880,-0.04
254,B,34.67,6760,0.0
254,G,36.62,7516,0.65
254,A,38.79,6880,-0.04
254,E,41.96,7776,0.85
254,C,43.53,6760,0.01
254,G,45.36,7476,0.7
254,A,47.64,6780,0.0
254,D,50.47,7536,0.81
254,C,52.52,6760,0.01
254,G,54.26,7356,0.76
254,A,56.51,6740,0.01
254,C,59.67,6800,0.01
254,E,61.44,7516,0.54
254,F,62.82,9798,0.88
254,C,63.86,6860,-0.01
254,E,65.66,7696,0.79
254,C,67.15,6900,-0.01
254,D,68.45,7696,0.67
254,C,70.65,6840,-0.01
254,E,72.39,7716,0.87
254,B,73.91,6860,-0.02
254,X,75.69,6875,0.89
255,D,9.57,7736,0.6
255,E,11.64,7776,0.81
255,C,13.16,6760,0.01
255,E,15.03,7596,0.67
255,D,16.12,7656,0.73
255,F,18.26,9798,0.8
255,G,19.49,7416,0.83
255,A,21.89,6720,0.02
255,E,25.22,7656,0.81
255,F,26.7,9958,0.8
255,E,27.92,7636,0.69
255,G,29.33,7456,0.86
255,B,31.63,6880,-0.02
255,F,33.67,9898,0.89
255,B,34.78,6820,-0.01
255,G,36.65,7496,0.75
255,E,38.95,7656,0.77
255,B,40.31,6800,0.0
255,F,42.37,10038,0.72
255,G,43.61,7376,0.86
255,A,45.89,6780,0.01
255,C,48.97,6860,-0.01
255,F,50.86,9898,0.81
255,E,52.1,7596,0.65
255,G,53.41,7416,0.81
255,E,55.55,7536,0.55
255,B,57.09,6860,-0.02
255,E,58.93,7736,0.88
255,F,60.34,9998,0.75
255,C,61.36,6900,-0.01
255,A,63.23,6880,-0.04
255,B,66.27,6740,0.01
255,A,68.38,6720,0.01
255,E,71.64,7536,0.57
255,F,73.14,9918,0.88
255,A,74.2,6900,-0.04
255,G,77.36,7476,0.77
255,F,79.71,10058,0.71
255,B,80.85,6820,-0.01
255,C,82.68,6900,-0.01
255,D,84.04,7596,0.79
255,X,86.04,6875,0.91
256,A,9.99,6760,0.01
256,E,13.16,7576,0.63
256,C,14.5,6800,0.0
256,A,16.3,6820,0.0
256,G,19.33,7576,0.61
256,A,21.59,6820,-0.02
256,G,24.69,7476,0.77
256,B,26.8,6800,0.01
256,F,28.76,9938,0.78
256,D,29.39,7536,0.88
256,X,31.39,6875,0.88
257,B,9.96,6820,0.0
257,E,11.82,7796,0.74
257,B,13.11,6720,0.02
257,F,15.2,9878,0.87
257,E,16.44,7716,0.88
257,F,17.88,9778,0.88
257,B,19.02,6820,-0.01
257,D,20.55,7616,0.76
257,G,22.76,7576,0.59
257,B,25.13,6900,-0.02
257,F,26.93,9958,0.85
257,E,28.1,7636,0.75
257,D,29.14,7696,0.62
257,G,31.17,7356,0.83
257,E,33.44,7776,0.86
257,A,34.9,6740,0.01
257,C,38.09,6800,0.01
257,B,39.85,6720,0.01
257,C,41.87,6740,0.01
257,G,43.56,7496,0.67
257,D,45.4,7756,0.56
257,B,47.41,6900,-0.01
257,G,49.33,7396,0.85
257,F,51.49,9958,0.79
257,G,52.53,7536,0.67
257,D,54.45,7476,0.83
257,G,56.53,7436,0.85
257,D,58.34,7516,0.83
257,B,60.63,6820,-0.01
257,E,62.61,7536,0.55
257,C,63.97,6820,0.0
257,B,65.74,6780,0.0
257,G,67.62,7336,0.73
257,B,69.88,6820,-0.01
257,E,71.91,7616,0.68
257,G,73.26,7496,0.76
257,B,75.62,6860,-0.01
257,F,77.44,9878,0.78
257,G,78.53,7336,0.72
257,F,80.78,9938,0.81
257,G,81.95,7516,0.71
257,E,84.3,7636,0.74
257,B,85.76,6820,-0.01
257,G,87.71,7376,0.81
257,B,90.01,6860,-0.02
257,G,92.03,7476,0.83
257,C,94.27,6780,0.01
257,D,95.64,7496,0.86
257,G,97.84,7476,0.7
257,A,100.04,6700,0.01
257,X,103.11,6875,0.93
258,E,9.56,7536,0.59
258,B,11.12,6880,-0.02
258,C,13.15,6800,0.01
258,E,14.87,7556,0.56
258,C,16.2,6800,0.01
258,E,18.04,7656,0.79
258,B,19.39,6760,0.01
258,D,21.07,7476,0.8
258,F,23.1,9998,0.79
258,A,24.16,6800,0.0
258,E,27.37,7816,0.78
258,C,28.83,6820,0.0
258,F,30.64,9838,0.88
258,G,31.73,7336,0.78
258,D,33.7,7516,0.85
258,F,35.74,9778,0.82
258,E,36.93,7596,0.66
258,C,38.29,6740,0.01
258,B,40.25,6760,0.0
258,D,41.73,7756,0.6
258,A,43.98,6760,0.01
258,D,46.67,7476,0.8
258,G,48.67,7576,0.51
258,X,50.78,6875,0.92
259,G,9.93,7536,0.64
259,F,12.26,9778,0.86
259,C,13.35,6800,0.0
259,A,15.22,6860,-0.04
259,C,18.3,6740,0.01
259,E,20.0,7736,0.91
259,D,21.07,7616,0.78
259,F,23.12,9958,0.82
259,C,24.23,6700,0.01
259,B,26.0,6840,-0.01
259,X,27.81,6875,0.9
260,F,9.97,9798,0.82
260,B,11.04,6900,-0.02
260,G,12.96,7496,0.75
260,A,15.09,6900,-0.04
260,B,18.12,6780,0.01
260,A,20.01,6820,-0.0
260,G,23.16,7556,0.61
260,E,25.52,7556,0.57
260,C,26.84,6900,-0.01
260,D,28.29,7736,0.62
260,F,30.29,9798,0.9
260,E,31.52,7796,0.87
260,B,32.83,6900,-0.02
260,G,34.63,7476,0.75
260,B,36.94,6900,-0.01
260,A,39.02,6820,0.0
260,F,42.2,9958,0.83
260,G,43.39,7356,0.78
260,D,45.36,7716,0.6
260,A,47.6,6880,-0.04
260,D,50.36,7696,0.64
260,F,52.57,9978,0.81
260,C,53.58,6900,-0.01
260,X,55.22,6875,0.93
261,D,9.59,7576,0.81
261,C,11.86,6880,-0.01
261,D,13.24,7776,0.6
261,G,15.44,7396,0.88
261,D,17.32,7596,0.78
261,F,19.59,10078,0.66
261,G,20.69,7416,0.79
261,C,22.95,6800,0.0
261,E,24.84,7596,0.68
261,F,26.3,9818,0.88
261,D,27.03,7516,0.88
261,B,29.1,6800,0.0
261,D,30.6,7696,0.62
261,G,32.74,7436,0.86
261,A,34.97,6900,-0.04
261,D,37.61,7716,0.6
261,C,39.74,6880,-0.01
261,A,41.52,6860,-0.03
261,C,44.8,6900,-0.01
261,D,46.07,7736,0.6
261,F,48.19,9978,0.79
261,G,49.21,7496,0.76
261,C,51.39,6760,0.01
261,B,53.28,6880,-0.02
261,D,54.96,7616,0.76
261,B,57.0,6840,-0.01
261,D,58.43,7676,0.68
261,E,60.45,7816,0.73
261,X,61.72,6875,0.85
262,A,9.96,6760,0.01
262,D,12.8,7756,0.59
262,C,14.82,6780,0.01
262,G,16.67,7556,0.62
262,D,18.44,7576,0.79
262,F,20.65,9918,0.89
262,C,21.75,6780,0.01
262,G,23.46,7596,0.54
262,D,25.34,7536,0.84
262,E,27.53,7776,0.8
262,G,28.83,7416,0.75
262,D,30.72,7476,0.8
262,C,32.88,6900,-0.01
262,B,34.57,6900,-0.02
262,D,35.99,7576,0.84
262,B,38.12,6760,0.01
262,C,40.08,6900,-0.01
262,F,41.89,9918,0.82
262,E,43.01,7736,0.87
262,B,44.47,6720,0.01
262,E,46.33,7696,0.79
262,F,47.88,9838,0.9
262,B,48.99,6820,-0.01
262,D,50.41,7596,0.74
262,F,52.45,9798,0.79
262,D,53.2,7656,0.68
262,F,55.28,9978,0.78
262,D,55.98,7576,0.83
262,F,58.21,9858,0.89
262,A,59.29,6800,0.0
262,E,62.5,7556,0.6
262,C,63.86,6860,-0.01
262,G,65.64,7476,0.73
262,X,67.77,6875,0.86
263,E,9.56,7776,0.85
263,B,10.88,6740,0.01
263,F,12.9,10038,0.74
263,D,13.64,7536,0.79
263,B,15.79,6860,-0.01
263,C,17.85,6900,-0.01
263,F,19.62,10058,0.7
263,D,20.4,7636,0.71
263,G,22.53,7476,0.81
263,B,24.7,6820,-0.01
263,D,26.36,7496,0.84
263,E,28.52,7636,0.73
263,B,30.05,6760,0.0
263,F,31.92,9818,0.84
263,C,32.98,6820,-0.01
263,A,34.68,6880,-0.04
263,C,37.95,6880,-0.01
263,D,39.41,7656,0.72
263,E,41.65,7756,0.86
263,C,43.21,6800,0.0
263,G,45.07,7376,0.8
263,B,47.29,6780,0.0
263,A,49.36,6760,0.01
263,G,52.45,7536,0.62
263,E,54.72,7736,0.84
263,B,56.12,6880,-0.02
263,C,57.95,6720,0.02
263,A,59.9,6800,0.0
263,G,63.12,7536,0.66
263,E,65.27,7556,0.61
263,C,66.63,6800,0.01
263,G,68.33,7376,0.72
263,A,70.49,6720,0.01
263,G,73.83,7336,0.79
263,B,76.2,6800,0.0
263,E,78.16,7576,0.64
263,A,79.67,6700,0.01
263,D,82.36,7556,0.85
263,A,84.4,6800,0.01
263,F,87.51,9758,0.81
263,X,88.5,6875,0.95
264,G,9.95,7416,0.89
264,C,12.23,6780,0.01
264,B,14.18,6780,0.0
264,E,16.09,7716,0.81
264,D,17.1,7676,0.66
264,F,19.34,10058,0.69
264,G,20.49,7336,0.77
264,C,22.9,6820,0.0
264,D,24.21,7556,0.85
264,C,26.24,6720,0.01
264,D,27.63,7556,0.87
264,E,29.77,7576,0.6
264,F,31.1,10058,0.71
264,D,31.83,7696,0.62
264,G,34.05,7456,0.73
264,F,36.32,10018,0.76
264,D,37.11,7476,0.84
264,A,39.29,6840,-0.04
264,B,42.34,6780,0.0
264,F,44.24,9998,0.76
264,E,45.51,7536,0.58
264,B,46.93,6740,0.01
264,A,48.85,6880,-0.04
264,D,51.58,7756,0.61
264,F,53.7,9998,0.8
264,C,54.68,6760,0.01
264,G,56.46,7456,0.8
264,X,58.58,6875,0.92
265,D,9.57,7656,0.73
265,A,11.61,6820,-0.0
265,F,14.7,10058,0.69
265,B,15.75,6720,0.01
265,G,17.59,7456,0.8
265,C,19.72,6820,-0.01
265,G,21.39,7536,0.65
265,C,23.77,6700,0.01
265,D,25.11,7676,0.65
265,E,27.13,7716,0.8
265,X,28.43,6875,0.94
266,G,9.94,7496,0.7
266,C,12.11,6840,-0.01
266,A,13.81,6880,-0.04
266,G,17.0,7376,0.81
266,C,19.34,6780,0.01
266,F,21.17,10058,0.69
266,B,22.19,6740,0.01
266,D,23.85,7576,0.84
266,F,25.84,10038,0.74
266,C,26.92,6860,-0.01
266,G,28.61,7336,0.74
266,C,30.77,6900,-0.01
266,A,32.53,6840,-0.03
266,C,35.78,6780,0.0
266,F,37.64,10038,0.73
266,D,38.33,7616,0.76
266,B,40.46,6800,0.0
266,E,42.53,7676,0.82
266,X,43.81,6875,0.89
267,G,9.96,7516,0.67
267,E,12.25,7716,0.86
267,A,13.81,6780,0.0
267,G,16.96,7396,0.76
267,B,19.09,6740,0.01
267,A,21.14,6800,0.0
267,D,23.94,7596,0.81
267,E,26.11,7636,0.72
267,F,27.56,9858,0.86
267,D,28.35,7656,0.7
267,G,30.49,7476,0.72
267,F,32.61,9858,0.83
267,D,33.25,7596,0.76
267,C,35.26,6820,0.0
267,D,36.81,7516,0.81
267,E,39.03,7736,0.87
267,B,40.5,6880,-0.01
267,A,42.44,6780,0.0
267,G,45.5,7496,0.76
267,C,47.62,6880,-0.01
267,G,49.44,7376,0.73
267,F,51.57,9818,0.88
267,X,52.56,6875,0.95
268,F,9.95,9778,0.88
268,C,11.1,6860,-0.01
268,G,12.88,7576,0.59
268,D,14.71,7636,0.72
268,E,16.83,7616,0.68
268,G,18.18,7556,0.63
268,F,20.54,9858,0.89
268,D,21.24,7476,0.77
268,C,23.39,6840,-0.01
268,D,24.74,7656,0.7
268,C,26.9,6760,0.01
268,F,28.64,9838,0.9
268,A,29.66,6800,0.0
268,F,32.76,10078,0.69
268,C,33.87,6700,0.02
268,G,35.76,7576,0.55
268,B,38.08,6900,-0.02
268,E,40.06,7596,0.65
268,C,41.52,6820,0.0
268,F,43.42,9878,0.87
268,B,44.56,6860,-0.01
268,D,46.11,7536,0.84
268,A,48.27,6880,-0.04
268,C,51.44,6880,-0.01
268,F,53.11,10038,0.73
268,A,54.16,6740,0.01
268,E,57.43,7796,0.84
268,F,58.83,10078,0.69
268,G,59.91,7496,0.74
268,X,62.03,6875,0.91
269,E,9.48,7796,0.85
269,F,10.91,9838,0.91
269,G,12.08,7396,0.84
269,F,14.45,9918,0.91
269,C,15.52,6760,0.01
269,G,17.35,7336,0.79
269,C,19.55,6780,0.01
269,F,21.35,9998,0.76
269,E,22.56,7836,0.76
269,F,23.93,10018,0.75
269,A,25.14,6880,-0.04
269,F,28.16,9858,0.88
269,E,29.15,7756,0.9
269,C,30.62,6820,0.0
269,B,32.33,6760,0.01
269,D,33.97,7716,0.59
269,B,36.05,6840,-0.01
269,F,38.1,10038,0.73
269,B,39.12,6720,0.01
269,F,41.01,9778,0.73
269,E,42.15,7816,0.78
269,B,43.49,6900,-0.01
269,C,45.44,6860,-0.01
269,E,47.22,7556,0.61
269,A,48.73,6820,-0.01
269,F,51.8,9898,0.91
269,B,53.03,6880,-0.02
269,D,54.44,7556,0.78
269,G,56.67,7396,0.76
269,X,58.79,6875,0.93
270,B,9.97,6760,0.01
270,F,11.82,9998,0.77
270,C,12.85,6780,0.0
270,E,14.6,7736,0.78
270,G,16.12,7416,0.84
270,B,18.45,6820,-0.01
270,E,20.37,7816,0.81
270,F,21.74,10038,0.74
270,G,22.76,7456,0.85
270,B,25.05,6740,0.01
270,G,26.96,7416,0.86
270,C,29.36,6840,-0.01
270,A,31.13,6760,0.01
270,B,34.38,6740,0.01
270,C,36.36,6840,0.0
270,A,38.18,6840,-0.03
270,C,41.48,6760,0.01
270,B,43.15,6800,-0.01
270,F,45.04,10038,0.67
270,A,46.21,6740,0.01
270,D,49.14,7496,0.8
270,F,51.24,10078,0.64
270,E,52.33,7556,0.57
270,B,53.89,6820,-0.01
270,E,55.77,7716,0.78
270,B,57.12,6740,0.01
270,C,59.1,6720,0.01
270,A,61.02,6880,-0.04
270,F,64.22,9898,0.9
270,A,65.23,6900,-0.04
270,D,67.88,7676,0.69
270,A,69.98,6700,0.01
270,B,73.2,6760,0.01
270,G,75.1,7516,0.71
270,X,77.21,6875,0.95
271,C,9.99,6720,0.01
271,D,11.53,7476,0.79
271,C,13.68,6720,0.01
271,E,15.58,7516,0.55
271,B,17.1,6820,-0.01
271,A,19.05,6840,-0.03
271,B,22.24,6800,-0.01
271,C,24.06,6820,0.0
271,B,25.89,6780,0.0
271,C,27.74,6720,0.02
271,A,29.53,6740,0.01
271,G,32.84,7536,0.63
271,B,35.21,6760,0.0
271,G,37.29,7556,0.61
271,C,39.63,6720,0.01
271,D,41.14,7676,0.66
271,C,43.35,6860,-0.01
271,A,45.05,6860,-0.04
271,D,47.76,7716,0.63
271,E,49.93,7776,0.87
271,D,50.9,7496,0.85
271,B,53.03,6880,-0.02
271,E,54.88,7536,0.59
271,D,55.83,7576,0.87
271,E,57.89,7676,0.81
271,B,59.23,6740,0.01
271,D,60.72,7756,0.6
271,A,62.88,6820,-0.0
271,D,65.67,7536,0.83
271,C,67.74,6780,0.0
271,A,69.42,6740,0.01
271,C,72.57,6860,-0.01
271,D,73.91,7696,0.63
271,F,75.92,9938,0.87
271,X,76.91,6875,0.96
272,B,9.99,6760,0.01
272,A,12.08,6760,0.01
272,E,15.21,7656,0.79
272,B,16.64,6740,0.01
272,D,18.24,7716,0.63
272,G,20.4,7396,0.82
272,F,22.54,9778,0.81
272,E,23.79,7656,0.76
272,G,25.35,7476,0.72
272,D,27.24,7696,0.64
272,B,29.33,6840,-0.01
272,A,31.15,6900,-0.04
272,C,34.43,6760,0.01
272,X,36.09,6875,0.89
273,B,9.99,6820,-0.01
273,G,11.82,7476,0.78
273,C,14.0,6720,0.01
273,D,15.34,7736,0.61
273,A,17.5,6860,-0.04
273,F,20.71,10038,0.68
273,E,21.77,7556,0.62
273,X,23.06,6875,0.92
274,F,9.98,9818,0.89
274,E,10.97,7736,0.87
274,F,12.26,9778,0.78
274,C,13.48,6780,0.01
274,D,14.84,7656,0.68
274,A,16.91,6860,-0.04
274,D,19.57,7656,0.72
274,F,21.63,9898,0.84
274,D,22.38,7556,0.84
274,F,24.62,9818,0.83
274,E,25.77,7716,0.88
274,F,27.16,9858,0.92
274,G,28.15,7416,0.77
274,C,30.4,6800,0.0
274,G,32.16,7416,0.82
274,E,34.53,7716,0.9
274,C,35.84,6780,0.01
274,E,37.52,7596,0.66
274,C,38.95,6820,-0.01
274,D,40.22,7516,0.84
274,E,42.39,7536,0.57
274,D,43.43,7556,0.78
274,B,45.69,6720,0.01
274,X,47.52,6875,0.9
275,B,9.96,6860,-0.01
275,A,11.83,6880,-0.04
275,F,14.97,9898,0.83
275,E,16.22,7536,0.57
275,C,17.68,6800,0.0
275,A,19.38,6760,0.01
275,C,22.61,6760,0.01
275,B,24.4,6740,0.01
275,D,25.99,7636,0.73
275,E,28.17,7736,0.78
275,C,29.66,6720,0.01
275,G,31.53,7356,0.78
275,A,33.75,6840,-0.03
275,F,36.87,9938,0.86
275,A,37.91,6860,-0.04
275,C,41.14,6720,0.01
275,B,43.04,6720,0.01
275,A,45.14,6780,0.01
275,E,48.42,7696,0.77
275,C,49.9,6840,-0.01
275,A,51.72,6780,0.0
275,B,54.89,6880,-0.02
275,F,56.76,9778,0.87
275,A,57.77,6860,-0.04
275,F,60.99,9958,0.79
275,A,62.02,6720,0.01
275,D,64.93,7636,0.69
275,E,67.18,7596,0.62
275,G,68.71,7476,0.81
275,X,70.82,6875,0.92
276,D,9.57,7556,0.86
276,B,11.59,6780,0.01
276,C,13.53,6780,0.01
276,D,14.99,7556,0.82
276,E,17.29,7616,0.69
276,D,18.35,7676,0.69
276,B,20.38,6800,0.0
276,F,22.22,9998,0.73
276,C,23.25,6820,0.0
276,D,24.68,7536,0.79
276,F,26.83,9978,0.84
276,E,27.99,7656,0.8
276,B,29.52,6780,0.01
276,D,31.15,7716,0.61
276,F,33.26,10038,0.75
276,G,34.42,7556,0.61
276,C,36.66,6840,0.01
276,F,38.58,9998,0.77
276,B,39.58,6740,0.01
276,A,41.56,6780,0.0
276,D,44.23,7736,0.64
276,A,46.46,6860,-0.04
276,G,49.59,7536,0.65
276,A,51.74,6780,0.01
276,E,55.01,7656,0.8
276,B,56.43,6820,-0.01
276,F,58.28,9758,0.85
276,G,59.46,7556,0.64
276,D,61.25,7516,0.88
276,A,63.33,6740,0.01
276,D,66.22,7496,0.82
276,F,68.26,9978,0.8
276,G,69.43,7516,0.72
276,A,71.81,6760,0.01
276,F,74.95,10018,0.75
276,C,76.11,6880,-0.01
276,X,77.76,6875,0.89
277,A,9.96,6740,0.01
277,G,13.25,7476,0.73
277,B,15.61,6780,0.0
277,G,17.64,7436,0.85
277,F,19.85,10038,0.68
277,A,21.08,6840,-0.03
277,G,24.14,7416,0.86
277,A,26.4,6760,0.01
277,B,29.47,6720,0.01
277,G,31.29,7576,0.58
277,C,33.6,6880,-0.01
277,E,35.34,7776,0.86
277,A,36.69,6700,0.02
277,F,39.76,9998,0.75
277,B,40.82,6840,-0.01
277,A,42.9,6780,0.0
277,C,46.1,6760,0.0
277,G,47.92,7476,0.69
277,B,50.26,6860,-0.01
277,F,52.24,9858,0.92
277,C,53.51,6820,-0.01
277,E,55.32,7716,0.82
277,F,56.63,9798,0.87
277,A,57.67,6760,0.01
277,C,60.96,6820,-0.01
277,D,62.42,7696,0.67
277,X,64.4,6875,0.94
278,E,9.55,7596,0.67
278,A,11.04,6760,0.01
278,F,14.27,9818,0.9
278,G,15.32,7476,0.69
278,D,17.24,7756,0.55
278,E,19.5,7696,0.83
278,C,21.04,6720,0.02
278,G,22.77,7396,0.84
278,E,25.13,7696,0.78
278,C,26.46,6760,0.01
278,G,28.24,7336,0.76
278,F,30.39,9978,0.68
278,G,31.37,7576,0.59
278,A,33.6,6840,-0.03
278,D,36.34,7696,0.63
278,F,38.35,10058,0.71
278,E,39.55,7816,0.79
278,B,40.85,6900,-0.02
278,A,42.77,6800,0.0
278,C,46.05,6900,-0.01
278,B,47.84,6880,-0.02
278,E,49.64,7776,0.83
278,F,51.07,9858,0.87
278,B,52.19,6800,-0.01
278,C,54.27,6860,-0.01
278,E,55.96,7656,0.75
278,A,57.31,6760,0.01
278,C,60.61,6720,0.01
278,G,62.33,7376,0.73
278,B,64.67,6860,-0.01
278,G,66.51,7596,0.53
278,D,68.46,7736,0.61
278,X,70.44,6875,0.91
279,A,9.96,6880,-0.04
279,E,13.08,7716,0.8
279,C,14.37,6820,0.0
279,F,16.02,10078,0.67
279,C,17.25,6800,0.01
279,B,19.12,6740,0.01
279,A,21.23,6860,-0.04
279,F,24.23,9998,0.79
279,E,25.29,7696,0.85
279,F,26.65,9958,0.77
279,C,27.69,6880,-0.01
279,F,29.55,9978,0.81
279,E,30.62,7596,0.65
279,F,32.04,9818,0.83
279,B,33.17,6880,-0.02
279,G,35.23,7396,0.79
279,E,37.46,7716,0.88
279,A,38.97,6760,0.01
279,D,41.64,7636,0.74
279,X,43.65,6875,0.93
280,F,9.95,9978,0.82
280,C,10.93,6840,0.0
280,A,12.64,6760,0.01
280,E,15.74,7516,0.55
280,G,17.26,7536,0.62
280,A,19.65,6860,-0.04
280,B,22.72,6720,0.01
280,A,24.75,6820,-0.01
280,E,27.79,7696,0.82
280,B,29.27,6780,-0.01
280,F,31.1,10038,0.76
280,G,32.34,7456,0.83
280,B,34.56,6740,0.0
280,F,36.55,9918,0.8
280,A,37.68,6720,0.01
280,E,40.93,7736,0.83
280,D,41.92,7496,0.78
280,A,43.98,6800,0.0
280,G,47.03,7336,0.7
280,D,48.84,7596,0.81
280,F,51.05,9798,0.84
280,B,52.31,6760,0.01
280,A,54.33,6800,0.0
280,G,57.61,7496,0.78
280,D,59.41,7636,0.73
280,E,61.47,7556,0.61
280,C,62.88,6780,0.01
280,X,64.55,6875,0.93
281,E,9.54,7696,0.88
281,F,10.83,9778,0.85
281,A,11.84,6880,-0.04
281,F,14.85,10078,0.65
281,E,16.03,7636,0.71
281,C,17.55,6780,0.01
281,F,19.28,9858,0.93
281,G,20.42,7396,0.78
281,A,22.72,6820,-0.03
281,C,25.85,6720,0.01
281,D,27.19,7596,0.79
281,G,29.46,7576,0.56
281,A,31.71,6800,0.0
281,D,34.49,7476,0.8
281,B,36.62,6740,0.01
281,X,38.44,6875,0.89
282,E,9.55,7596,0.68
282,C,10.96,6700,0.01
282,E,12.76,7736,0.85
282,F,14.11,10038,0.76
282,D,14.9,7536,0.77
282,G,17.08,7536,0.67
282,F,19.39,9838,0.89
282,G,20.62,7516,0.7
282,E,22.8,7656,0.71
282,B,24.21,6760,-0.01
282,F,26.24,9818,0.91
282,G,27.31,7576,0.56
282,D,29.18,7576,0.84
282,A,31.23,6740,0.01
282,X,34.31,6875,0.92
283,C,9.97,6860,-0.01
283,A,11.82,6840,-0.03
283,D,14.6,7596,0.8
283,F,16.69,9798,0.85
283,E,17.78,7596,0.65
283,G,19.08,7536,0.61
283,C,21.43,6700,0.02
283,A,23.19,6780,0.0
283,D,26.1,7516,0.81
283,E,28.23,7776,0.83
283,B,29.54,6700,0.01
283,A,31.5,6820,0.0
283,D,34.22,7596,0.78
283,A,36.34,6820,0.0
283,F,39.41,9978,0.82
283,B,40.63,6880,-0.01
283,C,42.56,6820,-0.01
283,G,44.41,7476,0.81
283,E,46.68,7696,0.83
283,X,47.96,6875,0.9
284,C,9.97,6760,0.01
284,E,11.7,7676,0.81
284,F,13.09,9798,0.85
284,A,14.37,6780,0.01
284,B,17.54,6740,0.02
284,D,19.2,7536,0.82
284,C,21.24,6760,0.01
284,G,22.92,7556,0.62
284,X,25.02,6875,0.92
285,E,9.55,7516,0.56
285,B,10.89,6720,0.01
285,G,12.79,7516,0.65
285,E,14.96,7576,0.63
285,A,16.33,6780,0.0
285,D,19.18,7656,0.69
285,F,21.39,9958,0.78
285,E,22.42,7516,0.57
285,C,23.92,6900,-0.01
285,D,25.3,7596,0.8
285,E,27.57,7696,0.78
285,F,28.87,9818,0.83
285,C,30.01,6720,0.01
285,G,31.81,7536,0.69
285,A,33.97,6780,0.0
285,E,37.26,7696,0.81
285,A,38.58,6780,0.0
285,C,41.7,6760,0.0
285,D,43.1,7556,0.88
285,C,45.33,6880,-0.01
285,D,46.6,7596,0.81
285,F,48.72,9918,0.87
285,A,50.0,6900,-0.04
285,E,53.02,7716,0.83
285,D,54.12,7536,0.86
285,E,56.18,7576,0.64
285,C,57.69,6880,-0.01
285,F,59.35,9858,0.86
285,A,60.54,6840,-0.03
285,G,63.74,7536,0.67
285,B,65.99,6780,0.0
285,X,67.82,6875,0.94
286,B,9.99,6880,-0.02
286,A,11.89,6720,0.01
286,C,15.06,6860,-0.01
286,G,16.8,7376,0.77
286,E,19.07,7736,0.86
286,C,20.56,6860,-0.01
286,G,22.34,7496,0.7
286,A,24.75,6800,0.0
286,B,27.81,6860,-0.01
286,C,29.9,6880,-0.01
286,G,31.54,7376,0.86
286,D,33.47,7516,0.86
286,B,35.75,6740,0.01
286,A,37.61,6840,-0.04
286,D,40.41,7636,0.73
286,F,42.4,9818,0.89
286,X,43.39,6875,0.85
287,F,9.95,10058,0.71
287,G,11.08,7556,0.61
287,F,13.22,10018,0.74
287,B,14.46,6780,0.0
287,E,16.47,7776,0.88
287,C,18.01,6760,0.01
287,B,19.78,6780,0.0
287,A,21.7,6720,0.01
287,G,24.95,7456,0.79
287,E,27.33,7656,0.78
287,C,28.86,6900,-0.01
287,G,30.61,7596,0.56
287,D,32.5,7716,0.63
287,E,34.77,7776,0.8
287,F,36.23,9918,0.89
287,G,37.33,7536,0.67
287,C,39.73,6760,0.01
287,F,41.4,9958,0.82
287,E,42.56,7636,0.72
287,F,44.09,10038,0.71
287,D,44.7,7496,0.8
287,B,46.84,6800,0.01
287,C,48.86,6860,-0.01
287,F,50.61,10038,0.73
287,D,51.38,7516,0.88
287,A,53.49,6780,0.0
287,X,56.53,6875,0.92
288,A,9.99,6900,-0.04
288,E,13.02,7556,0.58
288,B,14.46,6800,-0.01
288,E,16.44,7596,0.64
288,F,17.78,9758,0.76
288,E,19.06,7576,0.6
288,G,20.51,7496,0.74
288,B,22.68,6860,-0.02
288,D,24.1,7516,0.89
288,F,26.09,10058,0.71
288,A,27.27,6740,0.01
288,F,30.36,9918,0.82
288,B,31.37,6880,-0.01
288,A,33.35,6720,0.01
288,B,36.47,6840,-0.01
288,G,38.44,7416,0.87
288,B,40.7,6800,0.0
288,D,42.21,7716,0.61
288,E,44.48,7596,0.68
288,B,46.0,6800,-0.01
288,D,47.52,7456,0.73
288,G,49.64,7596,0.51
288,C,51.76,6760,0.0
288,F,53.68,9758,0.73
288,A,54.9,6740,0.01
288,C,58.2,6800,0.0
288,A,59.92,6840,-0.03
288,B,62.98,6740,0.01
288,D,64.45,7476,0.84
288,G,66.56,7476,0.78
288,A,68.72,6840,-0.03
288,D,71.59,7656,0.68
288,F,73.79,9998,0.81
288,C,75.01,6800,0.01
288,B,76.75,6860,-0.01
288,E,78.69,7696,0.83
288,X,79.98,6875,0.92
289,B,9.99,6780,0.0
289,E,12.03,7596,0.65
289,D,12.96,7476,0.81
289,F,15.0,9978,0.82
289,A,16.22,6720,0.02
289,B,19.47,6760,0.01
289,E,21.32,7656,0.77
289,F,22.64,10058,0.73
289,C,23.88,6760,0.0
289,B,25.78,6760,0.01
289,C,27.73,6760,0.01
289,E,29.61,7636,0.73
289,F,30.9,9798,0.78
289,G,32.05,7376,0.76
289,B,34.21,6860,-0.01
289,F,36.06,9918,0.82
289,D,36.69,7696,0.63
289,B,38.71,6820,-0.01
289,G,40.52,7416,0.85
289,F,42.7,9778,0.78
289,B,43.91,6740,0.0
289,C,45.82,6780,0.01
289,A,47.53,6860,-0.03
289,D,50.2,7536,0.76
289,C,52.42,6740,0.01
289,B,54.34,6720,0.01
289,A,56.33,6860,-0.03
289,C,59.57,6800,0.01
289,E,61.39,7776,0.86
289,X,62.68,6875,0.93
290,F,9.96,9978,0.82
290,C,11.16,6820,-0.01
290,F,12.91,10038,0.74
290,D,13.78,7696,0.64
290,E,15.98,7556,0.6
290,B,17.41,6900,-0.02
290,C,19.32,6740,0.01
290,A,21.13,6780,0.0
290,F,24.44,9838,0.79
290,E,25.58,7816,0.79
290,B,27.08,6820,-0.01
290,E,29.17,7696,0.85
290,G,30.65,7456,0.77
290,E,32.81,7736,0.82
290,C,34.37,6800,0.0
290,A,36.19,6800,0.0
290,E,39.48,7836,0.74
290,B,40.86,6820,-0.01
290,F,42.7,10058,0.71
290,C,43.87,6820,0.0
290,G,45.6,7576,0.57
290,B,47.81,6720,0.01
290,D,49.42,7616,0.73
290,X,51.42,6875,0.93
291,F,9.98,10058,0.68
291,D,10.58,7476,0.81
291,B,12.64,6740,0.01
291,C,14.58,6760,0.01
291,D,16.02,7656,0.7
291,A,18.13,6820,-0.0
291,G,21.15,7476,0.73
291,D,23.16,7676,0.67
291,C,25.29,6800,0.0
291,F,27.15,9878,0.82
291,B,28.39,6840,-0.01
291,G,30.41,7436,0.82
291,C,32.79,6900,-0.01
291,F,34.45,9778,0.83
291,C,35.5,6820,0.0
291,E,37.17,7816,0.82
291,X,38.45,6875,0.93
292,B,9.98,6840,-0.01
292,A,11.86,6780,0.0
292,B,15.1,6800,0.0
292,C,17.06,6740,0.01
292,A,18.97,6800,0.0
292,E,22.14,7556,0.6
292,F,23.64,9918,0.77
292,G,24.69,7336,0.74
292,F,26.82,9758,0.81
292,B,27.88,6860,-0.01
292,C,29.93,6820,-0.01
292,E,31.77,7596,0.67
292,G,33.06,7356,0.8
292,D,34.96,7656,0.69
292,X,36.93,6875,0.92
293,C,10.0,6760,0.01
293,B,11.75,6840,-0.01
293,F,13.61,10078,0.66
293,A,14.7,6800,-0.0
293,D,17.52,7716,0.64
293,A,19.71,6860,-0.03
293,D,22.58,7656,0.69
293,E,24.76,7516,0.54
293,B,26.13,6880,-0.01
293,G,28.16,7456,0.77
293,X,30.27,6875,0.93
294,D,9.56,7576,0.85
294,C,11.81,6700,0.01
294,G,13.5,7436,0.85
294,C,15.72,6720,0.02
294,E,17.65,7536,0.58
294,A,19.21,6780,0.01
294,D,22.14,7636,0.73
294,B,24.35,6740,0.01
294,G,26.38,7356,0.79
294,A,28.79,6880,-0.04
294,F,32.05,9938,0.88
294,X,33.03,6875,0.92
295,B,9.97,6840,-0.01
295,E,11.79,7796,0.86
295,F,13.12,9818,0.88
295,G,14.18,7476,0.75
295,D,16.11,7476,0.7
295,A,18.19,6740,0.01
295,B,21.5,6780,0.0
295,C,23.55,6760,0.0
295,F,25.25,9958,0.77
295,C,26.33,6720,0.02
295,G,28.25,7496,0.77
295,D,30.07,7576,0.82
295,E,32.15,7756,0.83
295,B,33.46,6740,0.0
295,G,35.48,7396,0.77
295,F,37.79,9858,0.9
295,A,38.8,6800,0.0
295,X,41.83,6875,0.88
296,A,10.0,6800,0.0
296,G,13.26,7416,0.78
296,E,15.46,7716,0.81
296,D,16.44,7536,0.86
296,G,18.59,7396,0.85
296,C,20.9,6720,0.01
296,F,22.65,9898,0.81
296,C,23.82,6900,-0.01
296,B,25.51,6760,0.0
296,X,27.32,6875,0.95
297,G,9.93,7536,0.61
297,B,12.06,6820,0.0
297,G,14.09,7416,0.84
297,F,16.47,9978,0.76
297,B,17.53,6820,0.0
297,F,19.36,9878,0.9
297,B,20.59,6760,0.0
297,F,22.62,9818,0.85
297,D,23.31,7536,0.83
297,B,25.43,6840,-0.01
297,E,27.35,7656,0.77
297,D,28.5,7676,0.69
297,F,30.59,9818,0.78
297,B,31.65,6780,0.01
297,G,33.56,7356,0.77
297,C,35.86,6740,0.01
297,A,37.71,6760,0.01
297,E,40.86,7756,0.86
297,B,42.17,6720,0.01
297,A,44.16,6800,0.0
297,C,47.3,6880,-0.01
297,E,49.04,7776,0.81
297,D,50.06,7556,0.84
297,E,52.1,7656,0.76
297,D,53.08,7756,0.58
297,G,55.11,7476,0.78
297,E,57.3,7736,0.85
297,D,58.42,7576,0.79
297,E,60.58,7716,0.86
297,D,61.71,7596,0.77
297,B,63.98,6720,0.01
297,C,66.07,6700,0.01
297,D,67.4,7716,0.61
297,E,69.51,7776,0.81
297,C,70.95,6780,0.0
297,B,72.71,6720,0.02
297,F,74.74,9998,0.78
297,X,75.73,6875,0.85
298,G,9.95,7376,0.84
298,A,12.22,6720,0.01
298,D,15.01,7516,0.77
298,F,17.1,10038,0.71
298,A,18.19,6840,-0.04
298,C,21.28,6720,0.01
298,F,22.97,9838,0.82
298,E,24.02,7796,0.86
298,D,24.98,7676,0.66
298,B,26.98,6720,0.01
298,C,28.91,6900,-0.02
298,F,30.54,9878,0.79
298,A,31.76,6900,-0.04
298,D,34.48,7496,0.82
298,F,36.51,9838,0.79
298,B,37.62,6820,-0.01
298,A,39.55,6800,0.0
298,C,42.6,6760,0.01
298,D,43.91,7616,0.76
298,G,46.15,7376,0.73
298,A,48.31,6900,-0.04
298,F,51.56,10018,0.77
298,E,52.74,7756,0.88
298,X,54.02,6875,0.87
299,D,9.56,7476,0.8
299,G,11.67,7556,0.62
299,F,14.04,9938,0.88
299,B,15.1,6800,-0.01
299,A,17.1,6780,0.0
299,E,20.18,7576,0.65
299,A,21.61,6860,-0.04
299,G,24.76,7376,0.78
299,B,27.17,6800,-0.01
299,E,29.1,7676,0.84
299,F,30.4,9858,0.91
299,G,31.63,7516,0.69
299,B,34.0,6780,0.0
299,D,35.52,7536,0.83
299,E,37.69,7796,0.79
299,F,38.99,9878,0.88
299,C,40.16,6840,-0.01
299,E,42.03,7756,0.86
299,G,43.34,7576,0.58
299,E,45.55,7616,0.69
299,F,46.83,9938,0.83
299,B,47.95,6840,-0.01
299,F,49.91,9878,0.82
299,C,51.0,6840,-0.01
299,B,52.9,6800,-0.01
299,E,54.76,7816,0.82
299,G,56.23,7396,0.83
299,E,58.5,7596,0.64
299,B,59.84,6800,0.0
299,D,61.29,7696,0.61
299,F,63.42,9758,0.83
299,B,64.47,6720,0.01
299,D,66.15,7636,0.73
299,F,68.17,9838,0.8
299,C,69.18,6740,0.01
299,B,71.06,6740,0.01
299,A,73.06,6720,0.01
299,X,76.14,6875,0.9
300,E,9.49,7716,0.85
300,B,10.96,6820,-0.01
300,F,12.96,9978,0.85
300,E,14.18,7636,0.75
300,F,15.48,10058,0.72
300,E,16.65,7636,0.74
300,C,18.15,6820,0.0
300,B,19.83,6720,0.01
300,A,21.77,6840,-0.03
300,F,24.84,9918,0.85
300,A,25.97,6820,-0.03
300,F,29.18,9838,0.92
300,B,30.2,6740,0.01
300,A,32.12,6780,0.01
300,E,35.36,7696,0.85
300,C,36.81,6760,0.01
300,A,38.68,6760,0.01
300,E,41.95,7596,0.66
300,C,43.48,6820,0.0
300,G,45.25,7356,0.77
300,E,47.62,7676,0.81
300,G,49.17,7476,0.81
300,C,51.4,6760,0.01
300,D,52.9,7536,0.8
300,A,55.11,6900,-0.04
300,F,58.16,9818,0.79
300,A,59.29,6780,0.0
300,G,62.58,7356,0.8
300,F,64.82,9818,0.92
300,E,65.88,7736,0.81
300,F,67.33,9778,0.8
300,C,68.37,6700,0.02
300,F,70.29,10078,0.68
300,E,71.45,7616,0.71
300,F,72.78,9798,0.87
300,A,73.93,6800,0.0
300,E,77.14,7676,0.83
300,C,78.47,6760,0.01
300,B,80.16,6720,0.01
300,E,82.13,7596,0.67
300,G,83.58,7516,0.66
300,A,85.75,6900,-0.04
300,G,88.96,7536,0.57
300,D,90.9,7596,0.76
300,X,92.9,6875,0.93
301,B,9.99,6760,0.0
301,F,11.84,10058,0.72
301,A,12.85,6760,0.01
301,C,16.06,6780,0.0
301,G,17.85,7576,0.56
301,C,20.0,6880,-0.01
301,G,21.72,7376,0.77
301,E,23.97,7616,0.68
301,B,25.34,6720,0.02
301,F,27.2,9938,0.78
301,G,28.25,7556,0.61
301,E,30.5,7676,0.8
301,G,31.89,7556,0.6
301,F,34.01,9958,0.84
301,A,35.24,6760,0.01
301,E,38.29,7816,0.79
301,F,39.77,9818,0.89
301,B,40.83,6820,-0.01
301,D,42.51,7716,0.61
301,X,44.48,6875,0.89
302,B,9.99,6720,0.01
302,A,11.91,6880,-0.04
302,B,15.03,6860,-0.02
302,A,16.87,6800,0.0
302,D,19.56,7696,0.65
302,F,21.57,9958,0.81
302,B,22.79,6700,0.01
302,F,24.65,10078,0.66
302,A,25.71,6800,0.0
302,D,28.46,7536,0.82
302,F,30.66,9798,0.87
302,G,31.72,7336,0.8
302,D,33.62,7516,0.89
302,E,35.69,7716,0.81
302,C,37.18,6860,-0.01
302,F,38.86,9938,0.86
302,C,39.92,6880,-0.01
302,G,41.59,7416,0.87
302,E,43.95,7596,0.67
302,G,45.38,7576,0.59
302,E,47.62,7656,0.78
302,B,49.05,6780,0.0
302,G,50.92,7576,0.59
302,C,53.13,6800,0.0
302,E,54.95,7536,0.56
302,D,56.12,7576,0.82
302,G,58.2,7436,0.79
302,F,60.56,9798,0.83
302,C,61.74,6820,0.0
302,D,63.08,7476,0.83
302,F,65.13,9778,0.84
302,C,66.27,6840,-0.01
302,F,68.0,10078,0.69
302,E,69.23,7716,0.83
302,A,70.63,6720,0.02
302,X,73.7,6875,0.88
303,G,9.94,7596,0.55
303,F,12.12,10018,0.73
303,C,13.35,6820,0.0
303,B,15.12,6900,-0.01
303,F,17.14,9778,0.83
303,D,18.02,7596,0.76
303,G,20.08,7456,0.81
303,F,22.28,10078,0.67
303,A,23.33,6820,-0.03
303,D,25.99,7756,0.6
303,B,28.19,6780,0.01
303,F,30.17,9838,0.88
303,D,30.97,7736,0.61
303,F,33.12,10058,0.68
303,D,33.75,7656,0.67
303,F,35.8,9798,0.89
303,D,36.55,7616,0.74
303,E,38.76,7756,0.88
303,X,40.04,6875,0.89
304,D,9.56,7736,0.62
304,A,11.77,6880,-0.04
304,C,14.89,6860,-0.01
304,D,16.17,7756,0.58
304,F,18.4,10018,0.75
304,B,19.56,6860,-0.02
304,A,21.38,6800,0.0
304,D,24.05,7596,0.75
304,A,26.32,6720,0.01
304,F,29.5,9878,0.88
304,C,30.71,6860,-0.01
304,D,32.12,7496,0.76
304,F,34.35,9878,0.83
304,A,35.41,6840,-0.03
304,D,38.08,7596,0.8
304,G,40.24,7356,0.71
304,F,42.56,9838,0.89
304,D,43.21,7736,0.61
304,A,45.48,6860,-0.04
304,C,48.6,6740,0.01
304,F,50.27,9958,0.79
304,C,51.36,6860,-0.01
304,E,53.29,7696,0.8
304,G,54.6,7436,0.79
304,E,56.94,7796,0.85
304,A,58.45,6780,0.0
304,E,61.52,7656,0.79
304,G,62.98,7336,0.75
304,E,65.23,7616,0.7
304,C,66.6,6720,0.02
304,F,68.34,9898,0.84
304,D,68.97,7696,0.61
304,C,70.96,6780,0.01
304,B,72.74,6860,-0.01
304,X,74.54,6875,0.92
305,C,9.96,6840,0.0
305,A,11.9,6780,0.0
305,G,15.09,7496,0.74
305,D,17.1,7496,0.84
305,B,19.32,6780,0.0
305,A,21.3,6900,-0.04
305,D,23.95,7596,0.82
305,B,26.08,6820,-0.01
305,E,27.9,7656,0.72
305,F,29.24,9758,0.85
305,X,30.22,6875,0.9
306,B,9.96,6780,0.0
306,G,11.8,7596,0.56
306,C,14.17,6860,-0.01
306,G,15.97,7496,0.77
306,D,17.94,7676,0.65
306,F,20.08,9758,0.86
306,D,20.9,7576,0.87
306,F,23.17,10018,0.77
306,C,24.17,6740,0.02
306,G,26.05,7596,0.54
306,F,28.23,9838,0.81
306,C,29.5,6880,-0.01
306,A,31.31,6860,-0.04
306,B,34.38,6840,-0.01
306,A,36.32,6720,0.01
306,G,39.55,7396,0.89
306,F,41.93,9858,0.86
306,A,43.09,6740,0.01
306,B,46.16,6840,-0.01
306,A,48.13,6840,-0.03
306,C,51.35,6840,-0.01
306,E,53.21,7516,0.56
306,X,54.5,6875,0.91
307,D,9.43,7496,0.76
307,A,11.5,6840,-0.04
307,C,14.64,6880,-0.01
307,F,16.47,9778,0.78
307,B,17.55,6820,-0.01
307,D,19.05,7476,0.83
307,E,21.34,7636,0.75
307,C,22.8,6840,-0.01
307,E,24.66,7676,0.84
307,C,26.0,6720,0.02
307,F,27.75,9998,0.75
307,E,28.86,7636,0.74
307,A,30.33,6760,0.01
307,E,33.65,7776,0.88
307,D,34.68,7756,0.57
307,C,36.68,6740,0.01
307,F,38.57,9898,0.88
307,B,39.74,6800,0.0
307,E,41.66,7696,0.79
307,G,43.17,7536,0.66
307,X,45.28,6875,0.92
