Sequence,Signal Type,Time (s),Frequency (Hz),Correlation Value
0,D,9.58,7696,0.63
0,C,11.71,6760,0.0
0,G,13.37,7416,0.81
0,F,15.72,9918,0.88
0,C,16.74,6740,0.01
0,F,18.44,9858,0.88
0,G,19.53,7516,0.65
0,F,21.67,9878,0.9
0,C,22.82,6820,-0.01
0,F,24.68,10058,0.71
0,E,25.78,7556,0.6
0,A,27.35,6760,0.01
0,E,30.52,7676,0.78
0,B,31.97,6840,-0.01
0,X,33.78,6875,0.95
1,B,9.98,6720,0.01
1,G,11.86,7396,0.87
1,B,14.02,6760,0.01
1,F,15.83,10038,0.71
1,C,17.03,6840,-0.01
1,A,18.92,6720,0.01
1,D,21.63,7556,0.8
1,C,23.83,6880,-0.01
1,F,25.5,9998,0.72
1,B,26.73,6740,0.01
1,F,28.75,9938,0.79
1,B,29.89,6720,0.01
1,D,31.39,7616,0.79
1,A,33.67,6760,0.01
1,E,37.0,7616,0.68
1,X,38.29,6875,0.84
2,A,9.97,6720,0.01
2,B,13.13,6820,-0.01
2,A,15.16,6740,0.01
2,B,18.25,6800,-0.01
2,C,20.21,6860,-0.01
2,G,21.86,7456,0.81
2,C,24.25,6740,0.0
2,D,25.61,7756,0.58
2,G,27.76,7476,0.82
2,F,30.02,9798,0.87
2,A,31.1,6720,0.02
2,D,33.84,7536,0.81
2,F,35.98,9898,0.85
2,E,37.09,7696,0.83
2,X,38.39,6875,0.91
3,D,9.59,7696,0.64
3,G,11.75,7556,0.64
3,C,14.04,6880,-0.01
3,G,15.78,7356,0.82
3,D,17.62,7656,0.71
3,G,19.63,7536,0.69
3,C,21.98,6860,-0.01
3,G,23.79,7596,0.56
3,A,26.14,6820,-0.0
3,C,29.43,6860,-0.01
3,G,31.22,7536,0.66
3,A,33.57,6820,-0.03
3,D,36.33,7536,0.84
3,F,38.59,9838,0.86
3,B,39.83,6740,0.0
3,C,41.76,6820,-0.01
3,F,43.43,9778,0.83
3,B,44.62,6700,0.01
3,E,46.55,7616,0.72
3,A,48.0,6740,0.01
3,D,50.7,7676,0.65
3,E,52.71,7756,0.84
3,F,54.07,9838,0.88
3,A,55.17,6860,-0.04
3,D,57.96,7616,0.78
3,B,60.0,6760,0.01
3,C,62.07,6860,-0.01
3,A,63.96,6760,0.01
3,B,67.05,6760,0.0
3,D,68.52,7556,0.84
3,G,70.77,7536,0.6
3,X,72.89,6875,0.94
4,C,9.98,6780,0.01
4,E,11.66,7776,0.85
4,D,12.56,7496,0.73
4,F,14.69,9778,0.82
4,B,15.78,6760,0.0
4,F,17.7,10038,0.73
4,A,18.86,6720,0.01
4,G,22.08,7356,0.71
4,B,24.35,6860,-0.01
4,E,26.2,7676,0.81
4,F,27.55,9918,0.8
4,C,28.57,6720,0.01
4,E,30.41,7816,0.8
4,A,31.74,6840,-0.03
4,B,35.0,6800,-0.01
4,C,36.83,6880,-0.01
4,F,38.5,9998,0.78
4,B,39.59,6820,-0.01
4,G,41.55,7596,0.55
4,C,43.69,6860,-0.01
4,A,45.37,6760,0.01
4,B,48.63,6720,0.01
4,F,50.67,10018,0.77
4,C,51.74,6880,-0.01
4,E,53.46,7596,0.66
4,A,54.82,6700,0.01
4,C,58.07,6740,0.01
4,G,59.95,7536,0.67
4,A,62.21,6880,-0.04
4,B,65.27,6740,0.01
4,A,67.35,6820,0.0
4,B,70.43,6860,-0.02
4,D,71.89,7576,0.8
4,X,73.88,6875,0.85
5,C,9.96,6720,0.01
5,A,11.86,6900,-0.04
5,E,14.93,7796,0.83
5,D,16.01,7596,0.8
5,C,18.07,6720,0.02
5,D,19.58,7516,0.79
5,A,21.85,6740,0.01
5,F,25.16,9838,0.84
5,A,26.29,6780,0.0
5,E,29.39,7636,0.76
5,C,30.86,6720,0.01
5,G,32.78,7436,0.86
5,C,35.14,6880,-0.01
5,D,36.4,7656,0.69
5,B,38.43,6860,-0.02
5,X,40.22,6875,0.95
6,D,9.58,7696,0.65
6,F,11.68,10078,0.65
6,B,12.92,6760,0.0
6,C,14.77,6780,0.01
6,G,16.61,7556,0.63
6,C,18.84,6720,0.01
6,E,20.57,7736,0.82
6,C,21.93,6820,0.0
6,F,23.72,9838,0.92
6,D,24.49,7756,0.59
6,E,26.52,7596,0.63
6,C,27.99,6820,-0.01
6,G,29.89,7496,0.72
6,F,32.16,9818,0.79
6,E,33.21,7556,0.6
6,B,34.53,6880,-0.01
6,F,36.36,9918,0.87
6,D,37.07,7756,0.6
6,G,39.32,7356,0.77
6,C,41.65,6860,-0.01
6,F,43.34,9838,0.9
6,G,44.33,7456,0.73
6,B,46.61,6780,0.0
6,C,48.49,6800,0.01
6,G,50.16,7536,0.64
6,F,52.47,9878,0.82
6,D,53.26,7676,0.66
6,C,55.31,6720,0.01
6,D,56.83,7516,0.87
6,C,58.89,6860,-0.01
6,G,60.56,7556,0.59
6,B,62.86,6860,-0.01
6,C,64.71,6740,0.01
6,F,66.62,10018,0.74
6,D,67.33,7676,0.68
6,F,69.55,9798,0.85
6,B,70.56,6820,-0.01
6,E,72.52,7576,0.63
6,B,73.94,6760,0.0
6,G,75.95,7576,0.55
6,C,78.11,6760,0.01
6,D,79.44,7716,0.6
6,F,81.67,10078,0.67
6,B,82.66,6880,-0.02
6,G,84.46,7536,0.67
6,D,86.38,7596,0.81
6,F,88.51,9798,0.88
6,B,89.65,6740,0.01
6,D,91.24,7576,0.82
6,B,93.28,6740,0.01
6,C,95.36,6860,-0.01
6,E,97.2,7676,0.82
6,D,98.28,7456,0.77
6,E,100.34,7736,0.88
6,A,101.76,6700,0.02
6,C,104.9,6760,0.01
6,F,106.77,9938,0.83
6,D,107.59,7716,0.61
6,C,109.79,6800,0.0
6,A,111.74,6800,0.0
6,B,115.0,6820,-0.01
6,D,116.44,7656,0.67
6,A,118.47,6820,-0.0
6,F,121.6,10058,0.72
6,E,122.79,7816,0.75
6,F,124.07,10058,0.71
6,G,125.28,7456,0.87
6,X,127.39,6875,0.94
7,F,9.96,9978,0.76
7,A,11.17,6760,0.01
7,F,14.35,9938,0.87
7,B,15.42,6840,-0.01
7,E,17.32,7716,0.89
7,A,18.87,6800,0.0
7,B,22.01,6880,-0.01
7,D,23.61,7596,0.78
7,B,25.69,6760,0.01
7,D,27.24,7696,0.61
7,G,29.25,7576,0.58
7,A,31.58,6820,-0.0
7,C,34.88,6860,-0.01
7,X,36.53,6875,0.94
8,G,9.93,7536,0.64
8,D,11.91,7636,0.72
8,F,13.97,9918,0.87
8,E,15.16,7576,0.63
8,B,16.48,6720,0.01
8,C,18.58,6720,0.01
8,B,20.49,6880,-0.02
8,F,22.33,9878,0.86
8,A,23.45,6800,0.0
8,F,26.73,10038,0.72
8,C,27.75,6720,0.01
8,A,29.48,6760,0.01
8,E,32.81,7676,0.76
8,G,34.18,7496,0.74
8,F,36.4,9858,0.86
8,E,37.54,7596,0.67
8,D,38.6,7596,0.81
8,E,40.81,7576,0.63
8,B,42.34,6880,-0.02
8,X,44.13,6875,0.91
9,C,9.98,6780,0.01
9,G,11.73,7556,0.62
9,E,14.03,7836,0.75
9,C,15.38,6800,0.0
9,E,17.19,7816,0.78
9,G,18.47,7356,0.8
9,D,20.38,7756,0.58
9,G,22.39,7496,0.71
9,A,24.62,6720,0.01
9,G,27.93,7416,0.74
9,A,30.14,6800,0.0
9,D,32.81,7696,0.65
9,B,34.85,6900,-0.02
9,A,36.84,6820,-0.0
9,B,40.09,6780,0.01
9,F,42.05,9918,0.83
9,X,43.04,6875,0.91
10,G,9.97,7396,0.87
10,B,12.18,6780,0.0
10,D,13.72,7496,0.85
10,F,15.99,9838,0.91
10,C,17.16,6760,0.0
10,A,19.07,6880,-0.04
10,D,21.77,7636,0.72
10,F,23.81,9878,0.86
10,C,24.96,6860,-0.01
10,F,26.73,10018,0.76
10,G,27.72,7536,0.67
10,A,29.88,6720,0.01
10,E,33.11,7696,0.84
10,G,34.44,7436,0.76
10,F,36.58,9938,0.82
10,C,37.58,6780,0.01
10,F,39.32,9878,0.89
10,C,40.39,6840,-0.01
10,F,42.26,10058,0.72
10,E,43.24,7676,0.82
10,A,44.79,6860,-0.04
10,F,48.03,9778,0.85
10,C,49.05,6800,-0.01
10,A,50.9,6840,-0.04
10,C,54.04,6740,0.01
10,A,55.79,6780,0.01
10,B,58.89,6740,0.01
10,G,60.7,7556,0.61
10,B,62.98,6760,0.01
10,A,64.85,6740,0.01
10,G,68.07,7356,0.74
10,B,70.29,6820,0.0
10,C,72.23,6720,0.02
10,E,74.01,7716,0.82
10,D,75.11,7596,0.78
10,X,77.11,6875,0.89
11,D,9.59,7516,0.78
11,F,11.8,9998,0.77
11,C,12.91,6900,-0.01
11,A,14.58,6880,-0.04
11,E,17.83,7516,0.57
11,G,19.27,7416,0.75
11,F,21.47,9898,0.9
11,A,22.67,6880,-0.04
11,B,25.85,6820,-0.01
11,C,27.85,6720,0.01
11,F,29.74,9818,0.82
11,E,30.75,7716,0.86
11,C,32.09,6740,0.01
11,A,33.88,6860,-0.04
11,F,36.9,9998,0.68
11,D,37.65,7556,0.82
11,B,39.77,6720,0.01
11,E,41.64,7696,0.82
11,C,43.17,6800,0.0
11,E,44.89,7596,0.64
11,F,46.42,9778,0.85
11,E,47.54,7816,0.78
11,F,48.84,10038,0.73
11,C,50.1,6820,0.0
11,F,51.9,9798,0.84
11,E,52.91,7656,0.77
11,D,53.91,7736,0.56
11,E,55.97,7676,0.77
11,F,57.32,10038,0.68
11,D,58.15,7576,0.78
11,A,60.23,6840,-0.03
11,E,63.52,7696,0.83
11,A,64.9,6860,-0.04
11,C,68.14,6800,-0.01
11,B,69.85,6780,-0.01
11,D,71.27,7696,0.62
11,C,73.55,6840,0.0
11,B,75.43,6840,-0.01
11,C,77.43,6800,-0.01
11,D,78.97,7476,0.77
11,G,81.06,7416,0.79
11,X,83.19,6875,0.87
12,B,9.97,6740,0.0
12,D,11.5,7716,0.59
12,A,13.64,6880,-0.04
12,F,16.65,10078,0.7
12,A,17.68,6840,-0.03
12,E,20.98,7576,0.64
12,A,22.48,6840,-0.03
12,G,25.54,7356,0.74
12,B,27.93,6840,-0.01
12,D,29.45,7676,0.65
12,A,31.64,6860,-0.04
12,D,34.44,7556,0.87
12,C,36.5,6800,0.0
12,X,38.16,6875,0.91
13,G,9.97,7396,0.78
13,A,12.25,6900,-0.04
13,E,15.53,7516,0.57
13,D,16.57,7756,0.59
13,F,18.58,9938,0.87
13,E,19.65,7696,0.82
13,A,20.96,6800,0.0
13,F,24.03,9878,0.92
13,G,25.11,7496,0.76
13,F,27.49,9818,0.86
13,E,28.67,7616,0.68
13,C,30.11,6800,0.0
13,G,31.88,7476,0.78
13,D,33.74,7476,0.81
13,F,35.9,9898,0.79
13,C,37.12,6880,-0.01
13,A,38.8,6860,-0.03
13,D,41.48,7656,0.72
13,B,43.66,6880,-0.02
13,G,45.46,7516,0.73
13,C,47.74,6900,-0.01
13,D,49.15,7616,0.71
13,A,51.25,6820,0.0
13,G,54.49,7356,0.78
13,F,56.65,9838,0.92
13,D,57.41,7536,0.8
13,F,59.49,10058,0.69
13,B,60.52,6780,0.0
13,F,62.48,9958,0.8
13,D,63.09,7616,0.72
13,A,65.32,6760,0.01
13,G,68.4,7536,0.68
13,C,70.79,6880,-0.01
13,B,72.48,6880,-0.01
13,C,74.53,6820,0.0
13,E,76.23,7616,0.69
13,X,77.52,6875,0.93
14,G,9.97,7356,0.76
14,D,11.76,7676,0.68
14,B,13.79,6740,0.0
14,E,15.64,7756,0.82
14,A,17.1,6860,-0.04
14,F,20.11,10038,0.7
14,G,21.29,7336,0.73
14,D,23.22,7476,0.8
14,G,25.38,7396,0.85
14,C,27.76,6780,0.01
14,D,29.06,7556,0.81
14,G,31.07,7376,0.82
14,E,33.38,7556,0.62
14,A,34.76,6880,-0.04
14,G,37.75,7456,0.74
14,D,39.49,7616,0.74
14,E,41.67,7736,0.84
14,B,42.95,6780,0.01
14,E,44.8,7796,0.86
14,F,46.06,9978,0.84
14,G,47.3,7436,0.86
14,B,49.58,6780,0.0
14,E,51.56,7696,0.86
14,C,53.0,6720,0.01
14,X,54.66,6875,0.92
15,B,9.98,6720,0.01
15,E,11.98,7656,0.75
15,A,13.55,6780,0.0
15,F,16.59,9838,0.87
15,C,17.8,6780,0.0
15,D,19.3,7536,0.81
15,E,21.5,7656,0.79
15,A,23.05,6800,0.0
15,G,26.23,7496,0.73
15,B,28.62,6820,-0.01
15,D,30.08,7696,0.59
15,B,32.29,6820,0.0
15,D,33.76,7736,0.58
15,B,35.8,6720,0.01
15,G,37.76,7356,0.75
15,C,39.92,6860,-0.01
15,A,41.81,6760,0.01
15,G,44.88,7536,0.68
15,A,47.1,6800,0.0
15,E,50.26,7816,0.78
15,C,51.66,6800,0.0
15,F,53.37,9938,0.81
15,X,54.34,6875,0.91
16,A,9.97,6760,0.01
16,E,13.22,7756,0.85
16,A,14.53,6860,-0.04
16,G,17.75,7476,0.72
16,C,19.95,6700,0.02
16,G,21.71,7536,0.67
16,A,23.86,6760,0.01
16,B,26.95,6820,0.02
16,C,29.07,6860,-0.01
16,E,30.94,7656,0.76
16,G,32.46,7596,0.53
16,F,34.78,9958,0.83
16,G,35.95,7376,0.83
16,A,38.24,6880,-0.04
16,E,41.48,7516,0.57
16,A,42.88,6720,0.01
16,F,45.95,9838,0.78
16,D,46.71,7536,0.88
16,F,48.98,9918,0.86
16,B,50.12,6740,0.02
16,G,52.15,7336,0.75
16,C,54.32,6760,0.01
16,E,56.18,7696,0.79
16,F,57.65,9818,0.87
16,B,58.75,6720,0.01
16,C,60.8,6880,-0.01
16,E,62.47,7816,0.8
16,B,63.82,6840,-0.01
16,F,65.83,9778,0.88
16,G,66.88,7396,0.86
16,D,68.84,7756,0.57
16,F,70.81,9838,0.89
16,D,71.45,7676,0.65
16,E,73.6,7576,0.62
16,B,75.15,6800,-0.01
16,E,77.12,7576,0.64
16,G,78.49,7496,0.72
16,B,80.85,6860,-0.01
16,D,82.36,7636,0.7
16,A,84.54,6780,0.01
16,X,87.59,6875,0.93
17,C,9.96,6900,-0.01
17,D,11.32,7756,0.58
17,F,13.57,9758,0.81
17,D,14.45,7516,0.83
17,B,16.69,6740,0.01
17,E,18.58,7596,0.63
17,C,20.04,6700,0.02
17,B,21.91,6740,0.01
17,F,23.86,9898,0.9
17,G,25.13,7336,0.76
17,B,27.33,6900,-0.02
17,E,29.39,7796,0.83
17,C,30.91,6740,0.02
17,A,32.78,6740,0.01
17,X,35.85,6875,0.92
18,B,9.97,6800,-0.01
18,G,11.8,7476,0.84
18,B,14.2,6720,0.01
18,E,16.24,7516,0.55
18,A,17.8,6820,-0.0
18,E,20.9,7796,0.83
18,C,22.21,6700,0.02
18,E,24.16,7596,0.65
18,C,25.68,6860,-0.01
18,E,27.47,7736,0.89
18,F,28.97,10038,0.73
18,C,30.23,6800,0.0
18,E,32.01,7616,0.7
18,F,33.32,10018,0.76
18,E,34.53,7656,0.74
18,D,35.69,7716,0.61
18,X,37.67,6875,0.88
19,F,9.94,9998,0.81
19,C,11.07,6860,-0.01
19,E,12.89,7696,0.81
19,G,14.25,7456,0.81
19,F,16.6,9938,0.8
19,C,17.63,6820,0.0
19,G,19.51,7356,0.78
19,E,21.79,7736,0.8
19,F,23.25,10018,0.74
19,A,24.28,6840,-0.04
19,C,27.39,6760,0.01
19,A,29.14,6900,-0.04
19,F,32.15,9798,0.86
19,D,32.88,7516,0.8
19,F,35.16,9818,0.92
19,B,36.19,6860,-0.01
19,X,37.99,6875,0.87
20,B,9.96,6840,-0.01
20,C,12.05,6840,-0.01
20,F,13.84,10018,0.77
20,D,14.44,7716,0.63
20,A,16.6,6740,0.01
20,F,19.93,9858,0.83
20,C,21.15,6820,-0.01
20,A,22.94,6800,0.0
20,D,25.7,7536,0.88
20,B,27.96,6860,-0.01
20,E,29.95,7516,0.56
20,D,31.05,7536,0.82
20,B,33.24,6780,0.0
20,C,35.09,6800,0.01
20,B,36.84,6820,-0.01
20,C,38.73,6800,0.0
20,A,40.46,6880,-0.04
20,C,43.66,6780,0.01
20,B,45.47,6840,-0.01
20,A,47.53,6860,-0.04
20,B,50.64,6880,-0.01
20,C,52.55,6760,0.01
20,B,54.3,6700,0.01
20,D,55.97,7616,0.77
20,F,58.19,9858,0.85
20,C,59.3,6880,-0.01
20,E,61.09,7736,0.81
20,G,62.41,7356,0.8
20,X,64.54,6875,0.91
21,A,9.99,6800,0.0
21,C,13.14,6820,-0.01
21,B,14.86,6880,-0.02
21,E,16.76,7776,0.84
21,G,18.21,7576,0.58
21,C,20.39,6740,0.01
21,E,22.31,7556,0.6
21,G,23.72,7416,0.84
21,A,25.89,6760,0.01
21,C,29.03,6860,-0.01
21,G,30.75,7536,0.67
21,F,32.9,9978,0.82
21,G,34.12,7416,0.88
21,E,36.4,7676,0.8
21,F,37.75,9818,0.84
21,C,38.99,6800,0.0
21,E,40.65,7736,0.85
21,D,41.57,7656,0.72
21,E,43.59,7616,0.67
21,A,45.02,6880,-0.04
21,F,48.08,10078,0.65
21,C,49.1,6800,0.0
21,G,50.88,7576,0.6
21,B,53.07,6820,-0.01
21,G,54.97,7356,0.69
21,B,57.23,6800,-0.01
21,E,59.15,7676,0.8
21,F,60.57,10018,0.77
21,C,61.64,6860,-0.01
21,A,63.47,6760,0.0
21,B,66.55,6840,-0.01
21,F,68.38,10078,0.69
21,C,69.49,6880,-0.01
21,B,71.35,6740,0.01
21,E,73.45,7676,0.81
21,F,74.87,9778,0.86
21,B,75.88,6700,0.01
21,C,77.99,6740,0.01
21,E,79.68,7616,0.72
21,C,81.16,6740,0.01
21,E,82.97,7736,0.86
21,A,84.32,6760,0.01
21,C,87.63,6720,0.01
21,B,89.46,6700,0.02
21,E,91.39,7676,0.75
21,F,92.82,9978,0.76
21,D,93.55,7576,0.8
21,X,95.54,6875,0.89
22,C,9.98,6720,0.01
22,D,11.37,7676,0.68
22,F,13.39,9818,0.8
22,E,14.44,7696,0.84
22,A,15.91,6740,0.01
22,G,19.19,7576,0.59
22,E,21.53,7756,0.88
22,F,22.99,9818,0.87
22,A,24.03,6800,0.0
22,G,27.24,7456,0.82
22,D,28.99,7656,0.69
22,C,31.21,6780,0.0
22,A,33.04,6860,-0.03
22,F,36.21,9958,0.86
22,C,37.29,6760,0.01
22,G,39.0,7336,0.73
22,A,41.41,6760,0.01
22,F,44.72,9938,0.84
22,B,45.74,6900,-0.02
22,F,47.71,9978,0.8
22,B,48.78,6780,0.0
22,D,50.27,7536,0.86
22,E,52.49,7736,0.82
22,C,54.05,6820,0.0
22,B,55.93,6740,0.01
22,F,57.78,9838,0.81
22,G,58.76,7456,0.73
22,C,61.1,6720,0.01
22,A,62.93,6740,0.01
22,X,65.99,6875,0.94
23,B,9.98,6860,-0.01
23,C,11.84,6760,0.0
23,A,13.78,6760,0.01
23,B,16.98,6840,-0.01
23,F,18.87,9918,0.78
23,A,20.01,6800,0.0
23,C,23.12,6820,0.0
23,F,24.83,10078,0.65
23,C,26.04,6800,0.01
23,D,27.39,7556,0.78
23,G,29.41,7476,0.82
23,A,31.57,6840,-0.03
23,C,34.61,6720,0.01
23,E,36.37,7716,0.8
23,X,37.66,6875,0.92
24,C,9.98,6840,-0.01
24,G,11.68,7536,0.65
24,C,13.87,6840,-0.01
24,D,15.39,7636,0.74
24,F,17.57,10058,0.7
24,B,18.82,6820,-0.01
24,G,20.69,7476,0.83
24,B,23.0,6780,-0.01
24,F,24.89,10078,0.7
24,E,26.04,7676,0.75
24,G,27.54,7596,0.55
24,B,29.92,6720,0.01
24,D,31.43,7556,0.86
24,G,33.57,7356,0.81
24,E,35.88,7676,0.85
24,D,36.96,7636,0.7
24,C,39.13,6800,0.0
24,G,40.85,7376,0.82
24,E,43.18,7816,0.8
24,C,44.58,6860,-0.01
24,D,46.1,7656,0.69
24,G,48.17,7456,0.86
24,E,50.34,7636,0.74
24,G,51.87,7336,0.76
24,A,54.26,6760,0.01
24,X,57.31,6875,0.93
25,F,9.93,10078,0.67
25,C,10.93,6860,-0.01
25,D,12.41,7736,0.61
25,E,14.48,7816,0.8
25,D,15.6,7556,0.89
25,E,17.86,7696,0.87
25,C,19.33,6860,-0.01
25,G,21.11,7436,0.78
25,D,22.95,7756,0.59
25,B,25.01,6760,0.0
25,D,26.69,7676,0.67
25,E,28.82,7576,0.63
25,A,30.21,6880,-0.04
25,X,33.2,6875,0.9
26,F,9.96,9998,0.79
26,E,11.12,7576,0.63
26,G,12.44,7556,0.62
26,F,14.58,9758,0.62
26,G,15.55,7576,0.56
26,E,17.7,7636,0.75
26,G,19.0,7476,0.82
26,D,20.76,7536,0.89
26,G,22.8,7396,0.8
26,F,25.09,9758,0.85
26,D,25.71,7636,0.71
26,A,27.81,6780,0.0
26,B,31.02,6760,0.0
26,F,33.05,9798,0.83
26,E,34.23,7796,0.84
26,D,35.19,7676,0.68
26,C,37.28,6840,-0.01
26,X,38.94,6875,0.87
27,B,9.98,6840,-0.01
27,E,11.88,7836,0.74
27,F,13.16,9778,0.77
27,E,14.39,7536,0.58
27,B,15.73,6840,-0.01
27,F,17.65,10058,0.72
27,E,18.89,7656,0.8
27,B,20.22,6880,-0.02
27,F,22.11,9918,0.87
27,B,23.26,6720,0.01
27,A,25.14,6720,0.01
27,G,28.34,7556,0.62
27,F,30.57,9858,0.85
27,D,31.44,7536,0.8
27,A,33.49,6840,-0.03
27,D,36.31,7636,0.76
27,E,38.42,7536,0.57
27,C,39.73,6720,0.01
27,D,41.26,7756,0.54
27,C,43.52,6860,-0.01
27,F,45.19,9838,0.87
27,D,45.93,7516,0.8
27,E,48.17,7576,0.65
27,C,49.5,6760,0.01
27,A,51.41,6720,0.01
27,E,54.67,7816,0.72
27,G,56.18,7436,0.8
27,C,58.6,6820,-0.01
27,E,60.48,7716,0.78
27,B,62.03,6860,-0.02
27,X,63.81,6875,0.91
28,C,9.96,6720,0.01
28,A,11.68,6780,0.0
28,F,14.82,9938,0.76
28,B,15.91,6760,0.0
28,E,17.77,7596,0.68
28,D,18.68,7636,0.74
28,F,20.82,9978,0.76
28,C,21.98,6800,-0.01
28,G,23.67,7436,0.72
28,X,25.8,6875,0.87
29,D,9.59,7476,0.83
29,A,11.78,6700,0.02
29,G,14.91,7516,0.68
29,A,17.26,6840,-0.03
29,D,20.14,7496,0.8
29,A,22.44,6720,0.01
29,B,25.6,6800,-0.01
29,E,27.48,7656,0.74
29,B,28.94,6720,0.01
29,E,30.96,7616,0.71
29,B,32.53,6860,-0.01
29,E,34.37,7576,0.65
29,A,35.74,6780,0.0
29,D,38.49,7616,0.77
29,G,40.59,7556,0.58
29,A,42.88,6760,0.01
29,B,46.02,6820,0.0
29,A,47.91,6760,0.01
29,F,51.17,9918,0.91
29,D,51.89,7476,0.83
29,E,54.11,7536,0.58
29,C,55.42,6800,0.0
29,D,56.86,7636,0.65
29,G,58.91,7476,0.68
29,D,60.71,7476,0.77
29,G,62.85,7416,0.8
29,A,65.15,6840,-0.03
29,B,68.39,6780,0.0
29,F,70.31,10018,0.77
29,D,71.0,7516,0.83
29,F,73.08,10038,0.75
29,A,74.31,6840,-0.04
29,G,77.56,7396,0.76
29,A,79.84,6800,0.0
29,B,82.93,6840,-0.01
29,D,84.59,7756,0.58
29,G,86.59,7436,0.84
29,C,88.92,6860,-0.01
29,F,90.63,9818,0.86
29,E,91.67,7676,0.75
29,X,92.95,6875,0.91
30,A,9.99,6780,0.0
30,F,13.04,10058,0.73
30,E,14.27,7816,0.8
30,C,15.7,6720,0.01
30,A,17.43,6800,-0.06
30,E,20.78,7776,0.85
30,A,22.22,6740,0.01
30,F,25.44,9758,0.84
30,C,26.57,6740,0.01
30,A,28.55,6880,-0.04
30,E,31.63,7756,0.87
30,A,33.15,6720,0.01
30,B,36.27,6780,0.0
30,D,37.84,7716,0.64
30,A,39.94,6780,0.0
30,B,43.17,6760,0.0
30,A,45.26,6740,0.01
30,B,48.37,6740,0.01
30,C,50.4,6780,0.01
30,E,52.07,7736,0.84
30,G,53.43,7516,0.7
30,B,55.78,6720,0.01
30,E,57.65,7796,0.82
30,G,58.96,7336,0.76
30,A,61.13,6860,-0.04
30,F,64.17,9838,0.87
30,C,65.17,6760,0.0
30,D,66.62,7476,0.81
30,X,68.63,6875,0.9
31,E,9.58,7616,0.68
31,G,10.91,7356,0.77
31,B,13.23,6720,0.01
31,D,14.77,7656,0.64
31,A,16.83,6900,-0.04
31,E,19.84,7716,0.88
31,A,21.33,6780,0.0
31,F,24.52,9858,0.92
31,D,25.28,7636,0.72
31,G,27.38,7356,0.71
31,B,29.79,6780,0.0
31,F,31.8,9878,0.87
31,B,32.97,6780,0.0
31,F,35.0,9878,0.88
31,C,36.06,6840,-0.01
31,A,37.92,6780,0.01
31,D,40.85,7716,0.63
31,B,43.1,6720,0.01
31,G,45.16,7556,0.62
31,C,47.53,6880,-0.01
31,D,49.05,7576,0.82
31,E,51.11,7736,0.8
31,F,52.41,9958,0.85
31,X,53.39,6875,0.95
32,G,9.95,7556,0.63
32,F,12.08,10038,0.7
32,D,12.81,7636,0.69
32,E,15.05,7676,0.83
32,A,16.42,6740,0.01
32,C,19.7,6760,0.01
32,D,21.04,7676,0.66
32,B,23.06,6780,0.0
32,D,24.55,7676,0.64
32,E,26.71,7516,0.55
32,G,28.17,7336,0.71
32,C,30.44,6840,-0.01
32,F,32.29,9998,0.82
32,D,33.13,7616,0.76
32,G,35.32,7516,0.71
32,A,37.58,6780,0.0
32,G,40.81,7496,0.73
32,F,42.94,10018,0.72
32,E,43.96,7676,0.82
32,D,45.05,7636,0.72
32,C,47.14,6820,0.0
32,F,48.81,9858,0.9
32,A,49.87,6780,0.0
32,F,52.93,10078,0.68
32,B,54.12,6820,-0.01
32,X,55.92,6875,0.92
33,D,9.59,7476,0.79
33,F,11.81,9998,0.73
33,D,12.41,7736,0.61
33,F,14.64,9758,0.86
33,A,15.89,6840,-0.03
33,F,19.13,9998,0.77
33,B,20.37,6720,0.01
33,E,22.29,7636,0.75
33,A,23.86,6800,0.0
33,B,26.98,6740,0.01
33,D,28.54,7476,0.77
33,C,30.74,6800,0.0
33,A,32.44,6900,-0.04
33,C,35.67,6840,-0.01
33,E,37.37,7656,0.74
33,C,38.76,6860,-0.01
33,A,40.62,6740,0.01
33,C,43.89,6700,0.02
33,D,45.2,7636,0.75
33,E,47.43,7656,0.72
33,B,49.0,6800,-0.01
33,F,50.98,9898,0.88
33,E,52.04,7736,0.84
33,C,53.36,6740,0.01
33,E,55.27,7816,0.76
33,D,56.38,7556,0.8
33,C,58.64,6740,0.01
33,D,60.16,7516,0.83
33,E,62.31,7576,0.62
33,B,63.7,6880,-0.02
33,G,65.65,7496,0.79
33,D,67.53,7656,0.72
33,E,69.54,7676,0.78
33,A,70.87,6860,-0.04
33,D,73.54,7556,0.77
33,E,75.61,7536,0.53
33,F,76.91,9958,0.84
33,A,78.01,6880,-0.04
33,G,81.11,7516,0.71
33,F,83.27,9838,0.78
33,C,84.38,6720,0.02
33,E,86.33,7536,0.59
33,F,87.76,10018,0.74
33,C,88.93,6880,-0.01
33,G,90.71,7436,0.81
33,E,92.89,7576,0.62
33,B,94.35,6800,-0.01
33,X,96.16,6875,0.9
34,G,9.95,7536,0.66
34,C,12.34,6840,-0.01
34,D,13.65,7696,0.64
34,E,15.7,7596,0.67
34,C,17.03,6740,0.01
34,E,19.0,7616,0.64
34,F,20.34,9798,0.86
34,B,21.33,6840,-0.01
34,C,23.15,6740,0.01
34,A,24.97,6720,0.01
34,D,27.66,7456,0.75
34,G,29.75,7516,0.63
34,B,31.97,6820,-0.01
34,E,33.81,7576,0.65
34,G,35.12,7396,0.73
34,E,37.5,7676,0.82
34,D,38.64,7716,0.6
34,C,40.67,6720,0.01
34,A,42.54,6760,0.0
34,F,45.67,10018,0.76
34,X,46.64,6875,0.88
35,C,9.98,6880,-0.01
35,F,11.7,9878,0.91
35,G,12.96,7336,0.7
35,A,15.28,6700,0.01
35,G,18.58,7396,0.8
35,F,20.94,9918,0.87
35,C,21.99,6760,0.01
35,A,23.8,6740,0.01
35,B,26.96,6700,0.01
35,C,29.04,6820,-0.01
35,F,30.68,9938,0.82
35,C,31.83,6860,-0.01
35,A,33.61,6880,-0.04
35,C,36.66,6820,0.0
35,F,38.57,9778,0.82
35,A,39.81,6760,0.01
35,G,42.9,7536,0.64
35,A,45.25,6880,-0.04
35,F,48.44,9938,0.86
35,G,49.52,7456,0.78
35,D,51.51,7476,0.85
35,A,53.62,6800,0.0
35,B,56.93,6840,-0.01
35,F,58.87,9938,0.89
35,A,59.94,6760,0.01
35,F,63.23,9798,0.86
35,B,64.34,6840,-0.01
35,E,66.23,7796,0.86
35,X,67.51,6875,0.91
36,B,9.98,6720,0.01
36,G,12.02,7436,0.78
36,F,14.43,9818,0.84
36,D,15.23,7696,0.61
36,C,17.35,6720,0.01
36,B,19.09,6760,0.01
36,C,20.94,6880,-0.01
36,B,22.69,6800,0.0
36,G,24.65,7396,0.86
36,C,27.03,6780,0.01
36,F,28.89,10038,0.7
36,E,30.13,7716,0.83
36,B,31.54,6720,0.01
36,C,33.5,6820,-0.01
36,B,35.3,6820,-0.01
36,E,37.29,7596,0.64
36,D,38.24,7616,0.77
36,G,40.3,7556,0.63
36,F,42.63,9918,0.81
36,A,43.89,6860,-0.04
36,X,46.9,6875,0.94
37,B,9.96,6780,-0.01
37,F,11.88,9938,0.88
37,D,12.67,7556,0.81
37,C,14.86,6840,-0.01
37,D,16.37,7556,0.8
37,G,18.62,7356,0.69
37,A,20.94,6720,0.01
37,E,24.14,7816,0.79
37,X,25.41,6875,0.9
38,A,9.99,6740,0.01
38,F,13.07,9878,0.91
38,C,14.26,6740,0.01
38,B,15.94,6740,0.0
38,A,17.84,6720,0.01
38,F,21.01,10058,0.67
38,C,22.13,6840,-0.01
38,B,23.8,6740,0.01
38,E,25.82,7516,0.54
38,B,27.15,6840,-0.01
38,D,28.6,7756,0.58
38,G,30.83,7356,0.82
38,X,32.97,6875,0.93
39,G,9.96,7496,0.69
39,C,12.22,6780,0.01
39,A,13.95,6840,-0.04
39,B,17.05,6880,-0.02
39,C,19.02,6760,0.01
39,B,20.82,6840,-0.01
39,F,22.81,9758,0.77
39,A,23.94,6880,-0.04
39,D,26.79,7556,0.82
39,F,28.96,9878,0.89
39,B,30.18,6740,0.01
39,C,32.02,6860,-0.01
39,D,33.33,7556,0.83
39,B,35.42,6700,0.01
39,A,37.34,6840,-0.03
39,D,40.01,7516,0.81
39,C,42.14,6720,0.01
39,F,43.86,9978,0.73
39,D,44.45,7776,0.49
39,F,46.46,9958,0.73
39,E,47.6,7616,0.72
39,C,49.12,6740,0.01
39,G,50.79,7436,0.85
39,F,53.0,10058,0.69
39,G,54.03,7356,0.79
39,E,56.43,7596,0.64
39,D,57.57,7756,0.59
39,G,59.68,7396,0.86
39,A,61.94,6760,0.01
39,B,65.07,6760,0.01
39,X,66.89,6875,0.93
40,E,9.54,7836,0.71
40,F,11.02,9938,0.83
40,D,11.81,7476,0.77
40,C,14.05,6700,0.02
40,F,15.82,10078,0.64
40,D,16.65,7676,0.64
40,C,18.81,6880,-0.01
40,G,20.47,7396,0.83
40,F,22.74,9858,0.81
40,A,23.99,6840,-0.03
40,B,27.23,6720,0.01
40,F,29.09,10058,0.71
40,A,30.24,6760,0.01
40,B,33.3,6720,0.01
40,A,35.38,6760,0.01
40,C,38.63,6800,0.01
40,F,40.39,9938,0.84
40,A,41.49,6720,0.01
40,F,44.77,9978,0.78
40,E,46.01,7536,0.58
40,G,47.54,7376,0.81
40,B,49.85,6880,-0.01
40,C,51.64,6840,-0.01
40,D,52.92,7536,0.84
40,X,54.94,6875,0.94
41,G,9.95,7376,0.7
41,F,12.23,9798,0.76
41,D,12.92,7676,0.63
41,A,15.15,6800,0.0
41,C,18.25,6740,0.01
41,A,20.11,6780,0.0
41,E,23.17,7756,0.86
41,B,24.7,6720,0.01
41,A,26.72,6720,0.01
41,B,29.93,6760,0.0
41,F,32.01,10018,0.68
41,D,32.88,7756,0.59
41,B,35.1,6760,0.01
41,D,36.8,7636,0.71
41,A,38.96,6740,0.01
41,G,42.17,7476,0.74
41,A,44.48,6740,0.01
41,C,47.57,6740,0.01
41,E,49.26,7756,0.82
41,X,50.52,6875,0.87
42,D,9.57,7476,0.77
42,E,11.7,7796,0.77
42,D,12.84,7656,0.69
42,C,14.85,6780,0.01
42,D,16.3,7576,0.83
42,G,18.47,7416,0.88
42,D,20.45,7776,0.6
42,F,22.67,9798,0.91
42,D,23.5,7596,0.76
42,F,25.51,9898,0.83
42,D,26.3,7496,0.83
42,G,28.52,7576,0.53
42,E,30.9,7616,0.71
42,C,32.32,6900,-0.01
42,D,33.61,7556,0.8
42,B,35.75,6880,-0.01
42,E,37.65,7556,0.6
42,F,39.1,9858,0.87
42,A,40.26,6880,-0.04
42,B,43.54,6740,0.01
42,A,45.58,6800,0.01
42,D,48.36,7656,0.71
42,C,50.51,6740,0.01
42,G,52.17,7376,0.82
42,C,54.49,6860,-0.01
42,F,56.15,10058,0.72
42,B,57.36,6860,-0.01
42,E,59.41,7616,0.69
42,X,60.68,6875,0.95
43,A,9.99,6740,0.01
43,F,13.08,9998,0.76
43,A,14.21,6880,-0.04
43,C,17.27,6880,-0.01
43,G,19.09,7476,0.77
43,E,21.33,7516,0.55
43,A,22.74,6740,0.01
43,F,25.97,9838,0.88
43,E,27.19,7636,0.7
43,B,28.56,6860,-0.02
43,E,30.52,7656,0.77
43,C,31.88,6760,0.01
43,D,33.2,7656,0.69
43,X,35.18,6875,0.87
44,A,9.99,6760,0.0
44,F,13.3,10018,0.75
44,G,14.31,7376,0.73
44,A,16.46,6740,0.01
44,E,19.74,7776,0.87
44,F,21.08,9878,0.87
44,G,22.06,7576,0.58
44,C,24.38,6780,0.0
44,F,26.17,9878,0.91
44,G,27.3,7536,0.69
44,E,29.46,7556,0.6
44,B,31.02,6720,0.01
44,A,33.08,6900,-0.04
44,B,36.12,6760,0.01
44,E,38.06,7636,0.74
44,B,39.55,6840,-0.01
44,E,41.48,7536,0.6
44,D,42.44,7656,0.68
44,X,44.42,6875,0.95
45,C,9.96,6860,-0.01
45,D,11.31,7716,0.62
45,E,13.35,7616,0.65
45,F,14.67,9878,0.81
45,B,15.76,6880,-0.01
45,E,17.71,7756,0.88
45,C,19.02,6760,0.01
45,B,20.73,6760,0.0
45,C,22.73,6780,0.01
45,E,24.59,7736,0.89
45,A,25.95,6780,0.0
45,F,29.06,9898,0.89
45,A,30.11,6840,-0.04
45,C,33.37,6760,0.01
45,G,35.05,7396,0.79
45,X,37.17,6875,0.93
46,C,9.95,6900,-0.01
46,B,11.69,6800,-0.01
46,G,13.65,7396,0.87
46,B,16.01,6700,0.01
46,A,17.89,6740,0.01
46,C,21.23,6820,-0.01
46,D,22.69,7556,0.8
46,B,24.79,6700,0.01
46,G,26.76,7516,0.67
46,A,28.93,6760,0.01
46,C,32.24,6760,0.01
46,G,34.14,7556,0.62
46,C,36.33,6720,0.01
46,F,38.11,9878,0.85
46,C,39.32,6800,0.0
46,D,40.83,7576,0.81
46,G,42.9,7516,0.7
46,D,44.64,7516,0.84
46,F,46.93,9778,0.85
46,D,47.59,7576,0.85
46,F,49.67,9798,0.89
46,D,50.4,7756,0.59
46,F,52.56,9938,0.87
46,C,53.56,6900,-0.01
46,G,55.37,7336,0.74
46,F,57.66,9978,0.81
46,G,58.8,7416,0.83
46,A,61.01,6780,0.0
46,D,63.77,7636,0.72
46,E,66.03,7756,0.81
46,C,67.5,6840,-0.01
46,F,69.4,9758,0.87
46,D,70.15,7476,0.84
46,G,72.22,7536,0.67
46,F,74.53,9838,0.87
46,A,75.79,6900,-0.04
46,F,78.98,9918,0.84
46,C,80.13,6840,-0.01
46,F,81.78,9978,0.83
46,C,82.92,6800,0.0
46,G,84.62,7576,0.59
46,A,86.85,6860,-0.04
46,F,90.01,9838,0.81
46,C,91.19,6860,-0.01
46,A,93.13,6820,-0.03
46,G,96.3,7376,0.73
46,F,98.49,10078,0.64
46,D,99.07,7616,0.55
46,B,101.29,6860,-0.01
46,A,103.39,6900,-0.04
46,C,106.41,6780,0.0
46,G,108.11,7516,0.69
46,C,110.38,6820,-0.01
46,F,112.12,10058,0.71
46,E,113.27,7636,0.72
46,X,114.55,6875,0.93
47,C,9.97,6800,0.01
47,A,11.85,6760,0.01
47,B,15.01,6820,-0.01
47,D,16.59,7516,0.81
47,E,18.89,7636,0.72
47,G,20.34,7456,0.74
47,C,22.52,6720,0.01
47,B,24.21,6740,0.01
47,D,25.85,7656,0.72
47,A,27.9,6740,0.01
47,F,31.11,9778,0.84
47,X,32.09,6875,0.89
48,E,9.49,7676,0.78
48,D,10.55,7716,0.6
48,C,12.66,6840,-0.01
48,F,14.44,9898,0.87
48,A,15.67,6720,0.01
48,E,18.78,7796,0.85
48,B,20.24,6720,0.01
48,C,22.13,6840,-0.01
48,A,23.88,6780,0.0
48,E,26.96,7736,0.87
48,F,28.52,9758,0.85
48,C,29.77,6800,0.0
48,E,31.48,7656,0.77
48,A,32.85,6820,0.0
48,D,35.75,7496,0.81
48,B,37.82,6740,0.01
48,E,39.69,7556,0.61
48,F,41.05,9938,0.83
48,E,42.09,7616,0.68
48,D,43.0,7536,0.74
48,E,45.21,7816,0.77
48,D,46.22,7676,0.65
48,A,48.41,6840,-0.03
48,D,51.28,7576,0.78
48,C,53.51,6780,0.0
48,B,55.45,6780,0.0
48,E,57.55,7636,0.74
48,F,59.09,10058,0.67
48,D,59.83,7516,0.84
48,E,62.08,7616,0.69
48,G,63.46,7576,0.55
48,C,65.84,6760,0.01
48,B,67.66,6780,0.0
48,F,69.49,9798,0.81
48,A,70.63,6840,-0.03
48,D,73.54,7776,0.59
48,G,75.73,7476,0.71
48,C,78.1,6760,0.01
48,F,80.02,9878,0.93
48,E,81.11,7536,0.56
48,X,82.4,6875,0.93
49,F,9.96,10078,0.65
49,C,10.94,6780,0.0
49,B,12.62,6720,0.01
49,G,14.52,7596,0.56
49,C,16.82,6900,-0.02
49,B,18.67,6880,-0.02
49,G,20.53,7416,0.8
49,C,22.8,6860,-0.01
49,E,24.58,7756,0.89
49,G,26.03,7536,0.65
49,A,28.42,6860,-0.04
49,E,31.68,7676,0.77
49,G,33.19,7436,0.84
49,C,35.4,6840,0.01
49,D,36.87,7676,0.65
49,A,38.89,6860,-0.04
49,B,42.11,6840,-0.01
49,F,44.02,9938,0.86
49,E,45.05,7696,0.85
49,B,46.48,6840,-0.01
49,E,48.45,7816,0.79
49,A,49.98,6780,0.0
49,F,53.05,9978,0.72
49,A,54.14,6780,0.01
49,B,57.38,6820,0.0
49,E,59.21,7756,0.88
49,G,60.52,7376,0.78
49,B,62.71,6860,-0.01
49,D,64.14,7516,0.82
49,A,66.18,6860,-0.04
49,B,69.34,6860,-0.01
49,C,71.15,6860,-0.01
49,X,72.8,6875,0.92
50,B,9.98,6720,0.01
50,E,12.01,7536,0.57
50,G,13.31,7416,0.84
50,C,15.7,6740,0.01
50,B,17.54,6740,0.01
50,D,19.18,7656,0.69
50,F,21.2,9818,0.87
50,D,21.85,7696,0.64
50,A,24.0,6840,-0.03
50,X,27.02,6875,0.86
51,G,9.93,7536,0.69
51,B,12.29,6760,0.01
51,E,14.14,7776,0.85
51,A,15.47,6840,-0.03
51,B,18.74,6860,-0.02
51,F,20.57,9878,0.85
51,E,21.72,7736,0.91
51,C,23.13,6740,0.01
51,E,25.0,7736,0.88
51,F,26.43,9978,0.84
51,B,27.7,6760,0.01
51,F,29.63,9798,0.89
51,D,30.25,7576,0.87
51,X,32.24,6875,0.9
52,E,9.5,7576,0.64
52,B,10.95,6880,-0.01
52,C,12.9,6800,0.0
52,D,14.39,7456,0.78
52,C,16.56,6860,-0.01
52,D,18.06,7516,0.81
52,F,20.32,10038,0.73
52,G,21.3,7416,0.76
52,D,23.09,7656,0.69
52,C,25.3,6720,0.01
52,F,27.12,9858,0.9
52,G,28.12,7516,0.73
52,E,30.31,7556,0.62
52,C,31.87,6840,-0.01
52,F,33.54,9998,0.78
52,D,34.4,7656,0.68
52,G,36.42,7356,0.82
52,E,38.68,7636,0.74
52,A,40.2,6740,0.01
52,E,43.39,7736,0.85
52,G,44.84,7396,0.8
52,E,47.01,7816,0.83
52,G,48.31,7576,0.56
52,E,50.54,7556,0.61
52,A,52.03,6800,-0.0
52,B,55.26,6820,0.0
52,A,57.15,6820,-0.03
52,C,60.23,6760,0.01
52,B,62.06,6880,-0.01
52,A,63.97,6700,0.02
52,E,67.06,7816,0.73
52,A,68.59,6860,-0.04
52,E,71.75,7636,0.71
52,A,73.31,6720,0.01
52,D,76.2,7716,0.64
52,C,78.22,6800,0.0
52,E,79.93,7676,0.8
52,B,81.31,6760,0.01
52,F,83.15,9838,0.93
52,X,84.13,6875,0.86
53,A,9.97,6720,0.01
53,F,13.25,9838,0.88
53,E,14.29,7556,0.6
53,G,15.79,7476,0.72
53,E,17.93,7736,0.83
53,A,19.5,6740,0.01
53,E,22.66,7596,0.68
53,F,24.04,9998,0.78
53,G,25.14,7396,0.75
53,B,27.44,6880,-0.01
53,D,28.98,7456,0.8
53,E,31.09,7556,0.61
53,A,32.45,6840,-0.03
53,C,35.74,6900,-0.01
53,G,37.4,7436,0.86
53,E,39.65,7636,0.73
53,F,40.92,9858,0.88
53,G,41.92,7516,0.66
53,C,44.33,6820,-0.01
53,E,46.17,7516,0.54
53,C,47.72,6800,0.0
53,F,49.47,9818,0.8
53,A,50.48,6720,0.01
53,D,53.43,7456,0.7
53,G,55.59,7536,0.68
53,C,57.74,6780,0.0
53,E,59.65,7636,0.72
53,F,60.96,9798,0.89
53,G,62.06,7596,0.56
53,E,64.4,7776,0.81
53,C,65.9,6720,0.01
53,F,67.69,9958,0.81
53,E,68.71,7536,0.58
53,B,70.13,6860,-0.02
53,X,71.91,6875,0.86
54,E,9.54,7516,0.57
54,B,11.05,6780,0.01
54,E,13.16,7556,0.62
54,C,14.46,6780,0.01
54,B,16.18,6880,-0.02
54,A,18.01,6760,0.01
54,B,21.28,6800,-0.01
54,F,23.31,10038,0.73
54,D,23.91,7696,0.66
54,E,25.92,7596,0.68
54,A,27.35,6780,0.01
54,B,30.43,6740,0.01
54,A,32.3,6800,0.0
54,D,34.96,7616,0.76
54,E,37.01,7816,0.83
54,D,38.01,7576,0.84
54,E,40.05,7656,0.8
54,B,41.4,6720,0.01
54,A,43.28,6840,-0.03
54,C,46.34,6820,0.0
54,G,48.05,7396,0.73
54,X,50.18,6875,0.87
55,F,9.95,9798,0.81
55,C,11.08,6900,-0.01
55,F,12.78,10018,0.74
55,D,13.58,7596,0.82
55,C,15.84,6740,0.01
55,D,17.33,7616,0.77
55,B,19.56,6780,0.0
55,A,21.55,6800,-0.0
55,G,24.62,7416,0.74
55,D,26.4,7696,0.62
55,E,28.4,7676,0.85
55,A,29.86,6760,0.0
55,B,32.99,6880,-0.02
55,A,34.87,6760,0.01
55,F,38.0,9858,0.83
55,D,38.61,7556,0.8
55,C,40.79,6760,0.01
55,B,42.49,6800,-0.01
55,A,44.48,6740,0.01
55,C,47.57,6780,0.01
55,D,49.03,7596,0.8
55,C,51.06,6800,0.0
55,F,52.82,9978,0.82
55,C,54.01,6720,0.01
55,G,55.75,7576,0.56
55,B,58.12,6800,-0.01
55,E,59.98,7576,0.62
55,X,61.26,6875,0.91
56,G,9.94,7496,0.77
56,E,12.1,7656,0.75
56,G,13.63,7436,0.83
56,D,15.44,7476,0.83
56,C,17.66,6740,0.01
56,B,19.38,6820,-0.01
56,C,21.26,6880,-0.01
56,B,23.17,6760,0.01
56,C,25.27,6740,0.02
56,E,27.17,7536,0.59
56,F,28.68,9978,0.81
56,E,29.7,7816,0.82
56,A,31.15,6740,0.01
56,X,34.21,6875,0.95
57,C,9.98,6720,0.01
57,B,11.91,6720,0.01
57,D,13.63,7476,0.81
57,E,15.9,7696,0.81
57,G,17.45,7376,0.82
57,C,19.65,6780,0.01
57,B,21.44,6780,0.01
57,E,23.34,7756,0.89
57,D,24.36,7636,0.69
57,C,26.48,6840,0.0
57,F,28.25,9878,0.85
57,G,29.38,7376,0.7
57,E,31.7,7616,0.7
57,F,32.99,9878,0.82
57,A,34.1,6880,-0.04
57,X,37.09,6875,0.91
58,F,9.95,9858,0.87
58,A,11.12,6720,0.01
58,D,13.89,7556,0.82
58,G,16.09,7376,0.77
58,E,18.51,7616,0.7
58,F,19.9,10078,0.7
58,D,20.74,7776,0.6
58,G,22.83,7536,0.63
58,E,25.07,7596,0.69
58,D,26.13,7456,0.77
58,B,28.25,6840,-0.01
58,G,30.07,7336,0.73
58,D,31.98,7716,0.63
58,F,34.09,10058,0.72
58,D,34.8,7496,0.76
58,B,37.03,6860,-0.01
58,G,38.9,7536,0.66
58,C,41.25,6800,0.01
58,X,42.91,6875,0.91
59,A,9.97,6860,-0.04
59,E,13.13,7516,0.57
59,D,14.09,7596,0.8
59,B,16.27,6720,0.01
59,C,18.35,6820,0.0
59,E,20.13,7756,0.87
59,C,21.66,6880,-0.01
59,G,23.38,7356,0.8
59,E,25.61,7696,0.87
59,G,27.13,7456,0.84
59,E,29.53,7736,0.81
59,B,31.06,6760,0.01
59,G,33.14,7596,0.54
59,F,35.48,9938,0.78
59,G,36.52,7356,0.74
59,A,38.72,6740,0.01
59,B,41.87,6820,-0.01
59,C,43.72,6860,-0.01
59,G,45.39,7596,0.56
59,A,47.54,6800,0.0
59,E,50.85,7636,0.68
59,G,52.36,7376,0.83
59,E,54.65,7776,0.77
59,G,56.1,7436,0.8
59,C,58.46,6780,0.01
59,D,59.96,7676,0.68
59,F,62.1,9758,0.82
59,X,63.1,6875,0.91
60,F,9.95,9778,0.87
60,G,10.99,7416,0.75
60,C,13.17,6720,0.02
60,E,15.0,7616,0.65
60,C,16.48,6720,0.01
60,D,17.88,7756,0.62
60,F,19.92,9898,0.84
60,D,20.53,7596,0.78
60,G,22.61,7596,0.55
60,B,24.94,6780,0.01
60,A,26.85,6860,-0.03
60,D,29.66,7476,0.81
60,E,31.87,7556,0.61
60,A,33.4,6860,-0.04
60,G,36.42,7416,0.83
60,F,38.68,10038,0.69
60,C,39.74,6820,0.0
60,A,41.44,6760,0.01
60,D,44.29,7676,0.65
60,C,46.36,6760,0.01
60,B,48.1,6800,0.0
60,X,49.91,6875,0.88
61,F,9.94,10058,0.69
61,E,10.95,7696,0.84
61,F,12.33,9958,0.78
61,A,13.54,6740,0.01
61,E,16.78,7816,0.8
61,B,18.32,6880,-0.02
61,C,20.22,6880,-0.01
61,G,21.98,7476,0.8
61,C,24.3,6840,-0.01
61,E,26.09,7616,0.72
61,C,27.42,6900,-0.02
61,A,29.27,6760,0.01
61,D,32.19,7656,0.7
61,G,34.25,7476,0.8
61,E,36.42,7636,0.73
61,G,37.85,7576,0.58
61,A,40.27,6720,0.01
61,E,43.58,7616,0.7
61,D,44.72,7576,0.75
61,A,46.88,6820,0.0
61,B,49.96,6880,-0.02
61,G,51.75,7596,0.54
61,E,53.96,7536,0.56
61,D,54.91,7556,0.75
61,G,57.02,7476,0.71
61,F,59.15,9898,0.85
61,E,60.31,7796,0.85
61,G,61.85,7436,0.74
61,C,64.09,6760,0.01
61,X,65.76,6875,0.91
62,C,9.97,6880,0.0
62,B,11.89,6780,0.0
62,F,13.74,9898,0.83
62,A,14.91,6880,-0.04
62,E,17.92,7616,0.73
62,G,19.28,7336,0.75
62,C,21.54,6880,-0.01
62,D,22.82,7516,0.82
62,F,24.88,9818,0.91
62,G,25.91,7396,0.75
62,E,28.33,7676,0.82
62,C,29.87,6800,0.0
62,E,31.73,7516,0.55
62,C,33.18,6860,-0.01
62,D,34.61,7576,0.82
62,C,36.65,6720,0.02
62,A,38.43,6780,0.0
62,B,41.55,6740,0.01
62,X,43.38,6875,0.88
63,G,9.96,7496,0.77
63,A,12.16,6720,0.01
63,B,15.5,6820,-0.01
63,A,17.36,6900,-0.04
63,B,20.47,6720,0.01
63,G,22.46,7556,0.63
63,B,24.59,6760,0.0
63,A,26.61,6840,-0.04
63,F,29.61,10078,0.68
63,C,30.68,6720,0.01
63,F,32.51,9958,0.84
63,A,33.58,6720,0.01
63,B,36.77,6760,0.0
63,G,38.65,7476,0.78
63,F,40.94,9978,0.75
63,D,41.63,7756,0.58
63,A,43.82,6840,-0.03
63,E,46.99,7676,0.83
63,X,48.27,6875,0.93
64,C,9.97,6800,0.0
64,F,11.8,10018,0.73
64,C,13.02,6700,0.01
64,A,14.86,6780,0.01
64,F,18.03,10078,0.65
64,D,18.82,7676,0.68
64,C,21.06,6720,0.01
64,A,22.78,6860,-0.04
64,D,25.45,7636,0.73
64,G,27.6,7376,0.81
64,C,29.9,6820,0.01
64,D,31.4,7716,0.59
64,E,33.41,7656,0.75
64,A,34.96,6840,-0.04
64,D,37.82,7736,0.61
64,E,39.82,7796,0.8
64,F,41.1,9758,0.85
64,G,42.27,7536,0.65
64,F,44.56,9998,0.72
64,E,45.71,7776,0.75
64,F,47.21,9998,0.78
64,C,48.34,6740,0.01
64,F,50.21,10078,0.65
64,C,51.26,6740,0.01
64,E,53.17,7776,0.87
64,D,54.26,7716,0.64
64,C,56.49,6760,0.01
64,G,58.16,7536,0.65
64,E,60.36,7736,0.83
64,F,61.77,9838,0.76
64,D,62.53,7696,0.62
64,E,64.66,7776,0.84
64,A,66.01,6880,-0.04
64,F,69.11,9778,0.85
64,G,70.31,7556,0.61
64,F,72.47,10018,0.74
64,A,73.54,6860,-0.04
64,G,76.78,7356,0.8
64,A,79.11,6860,-0.04
64,C,82.3,6740,0.01
64,G,84.02,7356,0.76
64,E,86.19,7656,0.78
64,C,87.66,6820,0.0
64,F,89.51,9898,0.83
64,A,90.62,6780,0.0
64,D,93.45,7596,0.78
64,B,95.57,6860,-0.02
64,X,97.35,6875,0.93
65,D,9.59,7616,0.75
65,B,11.73,6760,0.0
65,F,13.55,9978,0.8
65,G,14.8,7436,0.81
65,C,16.97,6840,0.0
65,B,18.72,6800,0.0
65,D,20.36,7736,0.61
65,C,22.45,6740,0.01
65,D,23.82,7716,0.63
65,G,25.93,7576,0.59
65,A,28.09,6860,-0.03
65,G,31.12,7456,0.81
65,D,32.94,7716,0.57
65,A,35.01,6840,-0.04
65,E,38.29,7656,0.78
65,X,39.56,6875,0.92
66,E,9.48,7756,0.8
66,F,10.78,9858,0.85
66,A,12.04,6740,0.01
66,G,15.39,7436,0.82
66,C,17.55,6740,0.01
66,F,19.49,9818,0.89
66,D,20.12,7616,0.76
66,A,22.22,6820,0.0
66,E,25.27,7796,0.85
66,A,26.6,6720,0.01
66,G,29.74,7356,0.77
66,D,31.57,7476,0.81
66,E,33.76,7596,0.68
66,D,34.9,7516,0.88
66,G,37.14,7536,0.67
66,C,39.36,6840,-0.01
66,G,41.05,7376,0.81
66,B,43.44,6820,-0.01
66,X,45.23,6875,0.88
67,D,9.59,7476,0.77
67,G,11.76,7576,0.58
67,F,14.02,10038,0.68
67,D,14.82,7516,0.81
67,E,16.88,7736,0.87
67,D,17.94,7616,0.78
67,C,19.98,6880,-0.01
67,B,21.66,6720,0.01
67,F,23.6,10018,0.7
67,D,24.44,7756,0.57
67,A,26.59,6780,0.01
67,B,29.69,6840,-0.01
67,G,31.64,7536,0.67
67,A,33.98,6780,0.0
67,D,36.66,7616,0.77
67,F,38.76,9838,0.9
67,A,39.81,6880,-0.04
67,G,43.02,7376,0.77
67,A,45.18,6900,-0.04
67,G,48.22,7596,0.53
67,B,50.46,6720,0.01
67,A,52.31,6820,0.0
67,D,55.04,7476,0.74
67,F,57.26,9978,0.77
67,C,58.36,6800,0.0
67,E,60.12,7616,0.69
67,X,61.41,6875,0.92
68,E,9.48,7736,0.86
68,B,10.88,6840,-0.01
68,A,12.72,6840,-0.03
68,D,15.47,7676,0.63
68,F,17.6,9898,0.89
68,B,18.64,6780,0.01
68,G,20.46,7476,0.77
68,A,22.7,6760,0.0
68,D,25.52,7736,0.62
68,C,27.63,6780,0.01
68,E,29.39,7736,0.88
68,B,30.71,6740,0.01
68,G,32.55,7516,0.71
68,A,34.82,6740,0.01
68,E,37.9,7556,0.61
68,G,39.19,7556,0.62
68,D,41.08,7536,0.82
68,B,43.3,6800,0.0
68,G,45.26,7476,0.78
68,C,47.43,6740,0.01
68,A,49.33,6820,-0.0
68,F,52.56,9798,0.86
68,X,53.54,6875,0.93
69,E,9.5,7776,0.89
69,D,10.5,7496,0.77
69,A,12.68,6800,0.0
69,C,15.78,6740,0.01
69,E,17.74,7556,0.62
69,C,19.12,6740,0.01
69,E,20.85,7696,0.84
69,B,22.42,6840,-0.02
69,A,24.23,6860,-0.04
69,F,27.27,9938,0.78
69,G,28.25,7516,0.69
69,X,30.36,6875,0.91
70,B,9.96,6780,0.0
70,C,11.89,6800,0.0
70,D,13.19,7676,0.65
70,F,15.34,9998,0.74
70,C,16.47,6800,0.01
70,D,17.89,7556,0.8
70,A,19.98,6760,0.01
70,E,23.05,7816,0.76
70,A,24.57,6860,-0.04
70,E,27.74,7736,0.86
70,A,29.31,6880,-0.04
70,B,32.52,6860,-0.01
70,D,34.09,7516,0.83
70,E,36.39,7636,0.69
70,D,37.37,7496,0.88
70,F,39.5,9838,0.88
70,G,40.54,7496,0.79
70,C,42.68,6840,0.0
70,E,44.55,7576,0.64
70,B,46.04,6720,0.01
70,G,48.09,7496,0.77
70,B,50.39,6780,0.01
70,D,51.84,7716,0.58
70,A,53.98,6720,0.01
70,F,57.21,9838,0.82
70,X,58.19,6875,0.95
71,A,9.99,6720,0.01
71,B,13.15,6780,0.01
71,C,15.05,6820,0.01
71,B,16.74,6840,0.0
71,A,18.66,6820,0.0
71,B,21.88,6880,-0.01
71,G,23.93,7376,0.83
71,D,25.73,7696,0.6
71,A,27.99,6820,0.0
71,F,31.23,9958,0.78
71,G,32.23,7576,0.54
71,D,33.99,7716,0.63
71,E,36.14,7716,0.87
71,X,37.43,6875,0.94
72,A,9.99,6900,-0.04
72,D,12.71,7676,0.67
72,E,14.78,7556,0.59
72,A,16.24,6840,-0.03
72,G,19.37,7396,0.74
72,B,21.52,6700,0.01
72,E,23.39,7616,0.68
72,G,24.85,7476,0.8
72,C,27.07,6820,0.0
72,D,28.48,7676,0.67
72,G,30.48,7576,0.61
72,C,32.68,6860,-0.01
72,G,34.54,7476,0.74
72,B,36.7,6780,0.01
72,F,38.56,9938,0.84
72,G,39.7,7476,0.75
72,B,42.01,6760,0.01
72,D,43.67,7476,0.79
72,F,45.83,10078,0.65
72,A,46.95,6820,-0.0
72,F,50.13,9778,0.86
72,D,50.76,7696,0.66
72,B,53.03,6800,0.0
72,F,55.03,10038,0.72
72,G,56.02,7556,0.63
72,D,57.77,7696,0.62
72,C,59.86,6820,0.0
72,A,61.69,6820,-0.0
72,G,64.93,7456,0.83
72,B,67.24,6880,-0.01
72,E,69.28,7716,0.82
72,X,70.56,6875,0.95
73,E,9.55,7696,0.84
73,C,11.05,6740,0.01
73,D,12.41,7716,0.59
73,G,14.62,7576,0.57
73,F,16.73,9878,0.92
73,E,17.77,7556,0.61
73,D,18.8,7756,0.6
73,F,20.8,9938,0.8
73,A,22.05,6880,-0.04
73,E,25.1,7616,0.72
73,B,26.41,6740,0.01
73,X,28.26,6875,0.92
74,G,9.95,7356,0.75
74,A,12.25,6860,-0.04
74,B,15.34,6720,0.01
74,G,17.2,7396,0.89
74,C,19.55,6900,-0.01
74,B,21.35,6760,0.0
74,A,23.41,6880,-0.04
74,D,26.22,7476,0.85
74,B,28.25,6820,-0.01
74,F,30.2,9958,0.78
74,A,31.27,6740,0.01
74,B,34.44,6880,-0.02
74,E,36.42,7776,0.83
74,B,37.89,6800,0.01
74,D,39.51,7456,0.72
74,B,41.81,6700,0.01
74,E,43.78,7596,0.63
74,D,44.9,7636,0.75
74,A,46.94,6780,0.01
74,B,50.27,6800,-0.01
74,A,52.2,6800,0.0
74,G,55.25,7436,0.83
74,D,57.05,7756,0.59
74,F,59.07,9958,0.82
74,B,60.1,6840,-0.01
74,G,62.08,7436,0.73
74,C,64.27,6760,0.0
74,X,65.93,6875,0.91
75,C,9.96,6800,0.0
75,F,11.79,10038,0.72
75,D,12.39,7476,0.73
75,G,14.56,7336,0.78
75,F,16.92,9818,0.83
75,G,17.95,7576,0.59
75,E,20.28,7556,0.61
75,A,21.63,6780,0.0
75,E,24.91,7796,0.83
75,C,26.4,6760,0.01
75,G,28.09,7356,0.76
75,B,30.51,6760,0.0
75,F,32.5,9998,0.8
75,E,33.65,7716,0.85
75,A,35.11,6700,0.02
75,C,38.25,6900,-0.02
75,A,40.06,6840,-0.03
75,F,43.1,9958,0.83
75,E,44.31,7516,0.56
75,D,45.23,7756,0.6
75,B,47.23,6900,-0.02
75,A,49.19,6780,0.0
75,D,51.85,7636,0.76
75,G,54.0,7356,0.75
75,X,56.14,6875,0.94
76,D,9.59,7556,0.87
76,A,11.76,6860,-0.04
76,G,14.89,7456,0.79
76,F,17.16,9998,0.78
76,G,18.22,7376,0.86
76,C,20.39,6760,0.01
76,F,22.29,10058,0.74
76,C,23.41,6760,0.0
76,A,25.37,6780,0.0
76,G,28.6,7396,0.81
76,E,30.87,7736,0.84
76,B,32.18,6740,0.0
76,X,34.0,6875,0.92
77,D,9.57,7556,0.83
77,G,11.56,7456,0.72
77,F,13.88,9998,0.74
77,E,14.87,7816,0.72
77,A,16.17,6760,0.01
77,F,19.25,9918,0.85
77,E,20.39,7776,0.86
77,D,21.55,7536,0.83
77,B,23.77,6880,-0.02
77,C,25.6,6840,-0.01
77,X,27.23,6875,0.94
78,A,9.97,6820,-0.0
78,G,13.23,7356,0.8
78,A,15.66,6880,-0.04
78,C,18.7,6740,0.01
78,G,20.57,7436,0.83
78,D,22.33,7596,0.8
78,F,24.41,9758,0.8
78,G,25.42,7596,0.53
78,D,27.29,7536,0.77
78,E,29.38,7836,0.74
78,A,30.73,6720,0.01
78,G,33.98,7356,0.69
78,E,36.18,7656,0.8
78,F,37.7,9918,0.88
78,C,38.73,6700,0.01
78,D,40.17,7536,0.86
78,B,42.4,6820,-0.01
78,X,44.2,6875,0.86
79,B,9.98,6840,-0.01
79,E,11.88,7716,0.9
79,G,13.31,7456,0.81
79,D,15.14,7476,0.79
79,G,17.42,7376,0.8
79,C,19.67,6760,0.01
79,G,21.55,7396,0.78
79,C,23.78,6820,0.0
79,G,25.55,7576,0.6
79,B,27.66,6780,0.0
79,F,29.73,9858,0.91
79,E,30.8,7556,0.61
79,C,32.38,6880,-0.01
79,G,34.13,7496,0.72
79,B,36.27,6820,0.0
79,A,38.31,6760,0.01
79,X,41.35,6875,0.9
80,D,9.57,7496,0.83
80,C,11.84,6820,0.0
80,E,13.53,7576,0.65
80,D,14.67,7476,0.82
80,F,16.76,9778,0.85
80,B,17.9,6740,0.01
80,F,19.78,10018,0.71
80,G,20.79,7456,0.8
80,E,23.08,7616,0.69
80,G,24.59,7436,0.85
80,C,26.95,6720,0.02
80,G,28.74,7596,0.56
80,C,30.86,6900,-0.01
80,G,32.5,7596,0.54
80,C,34.76,6820,0.0
80,B,36.61,6880,-0.02
80,G,38.57,7516,0.67
80,F,40.85,9798,0.77
80,E,41.96,7796,0.84
80,C,43.24,6720,0.01
80,A,45.02,6880,-0.04
80,X,48.01,6875,0.93
81,C,9.98,6820,0.0
81,E,11.69,7516,0.57
81,G,13.22,7396,0.82
81,F,15.38,9998,0.73
81,E,16.46,7536,0.59
81,F,17.99,9958,0.81
81,A,19.03,6840,-0.04
81,D,21.9,7636,0.72
81,F,24.07,9978,0.79
81,C,25.32,6880,-0.01
81,D,26.73,7496,0.79
81,A,29.01,6720,0.01
81,G,32.3,7556,0.64
81,C,34.48,6780,0.01
81,B,36.31,6740,0.01
81,X,38.16,6875,0.89
82,F,9.97,9858,0.9
82,E,10.99,7776,0.84
82,B,12.32,6820,-0.01
82,C,14.35,6740,0.01
82,G,16.1,7536,0.68
82,E,18.25,7716,0.83
82,C,19.57,6780,0.0
82,D,21.12,7736,0.59
82,F,23.25,10078,0.68
82,B,24.37,6740,0.01
82,G,26.26,7336,0.72
82,E,28.56,7556,0.56
82,A,29.89,6760,0.01
82,X,32.95,6875,0.94
83,A,9.99,6700,0.02
83,D,12.93,7716,0.64
83,G,14.95,7536,0.64
83,A,17.11,6780,0.0
83,B,20.35,6740,0.0
83,G,22.41,7356,0.76
83,D,24.38,7656,0.67
83,E,26.64,7576,0.65
83,A,27.97,6740,0.01
83,D,30.86,7496,0.81
83,A,33.07,6780,0.0
83,D,35.76,7736,0.61
83,F,37.88,10058,0.71
83,E,38.94,7676,0.84
83,D,39.88,7636,0.71
83,B,42.01,6720,0.02
83,A,44.12,6780,0.0
83,D,46.89,7716,0.62
83,E,48.97,7616,0.65
83,G,50.24,7556,0.59
83,B,52.59,6880,-0.02
83,G,54.49,7456,0.77
83,E,56.65,7716,0.78
83,G,57.93,7476,0.69
83,F,60.08,10078,0.66
83,G,61.3,7456,0.78
83,F,63.62,9998,0.72
83,G,64.75,7436,0.84
83,F,66.86,10018,0.72
83,E,68.07,7616,0.72
83,C,69.62,6760,0.01
83,X,71.29,6875,0.88
84,F,9.96,9958,0.77
84,B,10.96,6840,-0.01
84,A,12.8,6840,-0.03
84,C,16.08,6820,0.0
84,D,17.51,7656,0.7
84,A,19.76,6860,-0.04
84,G,22.91,7416,0.84
84,F,25.09,9938,0.83
84,B,26.21,6720,0.01
84,E,28.26,7816,0.71
84,D,29.4,7656,0.7
84,G,31.6,7396,0.85
84,C,33.88,6720,0.01
84,E,35.63,7676,0.78
84,B,37.19,6820,-0.01
84,F,39.0,9758,0.78
84,B,40.04,6740,0.0
84,A,42.04,6900,-0.04
84,X,45.02,6875,0.92
85,E,9.56,7516,0.54
85,F,10.95,9978,0.8
85,E,12.14,7636,0.75
85,D,13.31,7676,0.62
85,B,15.37,6800,0.0
85,A,17.35,6880,-0.04
85,F,20.36,10058,0.68
85,B,21.47,6860,-0.01
85,E,23.36,7576,0.65
85,A,24.83,6740,0.01
85,G,27.99,7356,0.72
85,C,30.4,6880,-0.01
85,X,32.03,6875,0.91
86,F,9.94,9998,0.81
86,A,10.95,6880,-0.04
86,E,14.0,7636,0.7
86,F,15.36,9798,0.78
86,D,16.01,7516,0.82
86,A,18.15,6760,0.01
86,F,21.37,9938,0.86
86,D,21.99,7596,0.83
86,A,24.01,6840,-0.04
86,B,27.05,6740,0.01
86,D,28.58,7556,0.8
86,A,30.77,6740,0.01
86,E,34.08,7736,0.83
86,C,35.4,6820,0.0
86,F,37.06,9998,0.78
86,D,37.86,7736,0.6
86,C,39.93,6880,-0.01
86,A,41.67,6800,0.0
86,G,44.8,7496,0.76
86,X,46.92,6875,0.91
87,D,9.57,7636,0.72
87,E,11.82,7556,0.59
87,G,13.15,7436,0.85
87,B,15.36,6760,0.01
87,E,17.44,7836,0.72
87,A,18.98,6760,0.01
87,F,22.24,10078,0.66
87,G,23.49,7416,0.88
87,F,25.63,9978,0.82
87,D,26.23,7756,0.6
87,F,28.26,9838,0.92
87,A,29.44,6720,0.01
87,C,32.78,6780,0.0
87,X,34.45,6875,0.9
88,G,9.98,7336,0.75
88,F,12.28,9858,0.82
88,B,13.4,6780,0.0
88,F,15.24,9918,0.9
88,G,16.25,7456,0.81
88,E,18.57,7756,0.86
88,F,20.05,10058,0.7
88,A,21.26,6880,-0.04
88,E,24.29,7776,0.85
88,C,25.8,6760,0.01
88,D,27.09,7556,0.8
88,A,29.35,6900,-0.04
88,B,32.5,6780,0.01
88,A,34.34,6700,0.01
88,F,37.43,9858,0.89
88,B,38.59,6780,0.01
88,C,40.5,6780,0.01
88,A,42.24,6760,0.01
88,C,45.51,6740,0.01
88,E,47.2,7796,0.83
88,A,48.64,6800,0.0
88,B,51.83,6740,0.0
88,A,53.76,6780,0.0
88,G,56.81,7516,0.71
88,F,59.06,9778,0.83
88,D,59.7,7556,0.8
88,X,61.69,6875,0.87
89,B,9.96,6880,-0.02
89,E,12.01,7676,0.84
89,A,13.34,6760,0.01
89,C,16.65,6840,-0.01
89,F,18.33,10058,0.68
89,C,19.41,6880,-0.01
89,G,21.3,7376,0.84
89,C,23.51,6820,-0.01
89,F,25.37,9778,0.81
89,E,26.37,7776,0.87
89,G,27.84,7376,0.77
89,C,30.11,6860,-0.01
89,B,31.76,6880,-0.01
89,G,33.68,7376,0.75
89,C,36.04,6720,0.02
89,F,37.86,9858,0.83
89,A,38.95,6700,0.02
89,C,42.2,6820,0.0
89,F,44.06,9878,0.87
89,E,45.16,7796,0.78
89,D,46.09,7676,0.65
89,X,48.1,6875,0.93
90,F,9.95,9758,0.83
90,A,11.03,6860,-0.04
90,G,14.05,7516,0.7
90,F,16.21,9798,0.89
90,G,17.26,7416,0.87
90,B,19.57,6740,0.01
90,A,21.61,6840,-0.03
90,F,24.66,9858,0.78
90,C,25.66,6700,0.02
90,E,27.37,7616,0.69
90,G,28.86,7336,0.73
90,E,31.25,7696,0.79
90,G,32.76,7456,0.74
90,D,34.73,7476,0.78
90,E,36.81,7656,0.8
90,A,38.35,6860,-0.04
90,C,41.59,6780,0.0
90,F,43.39,9998,0.74
90,G,44.46,7396,0.84
90,A,46.73,6720,0.01
90,E,49.85,7596,0.67
90,D,50.79,7536,0.8
90,A,52.99,6880,-0.04
90,C,56.2,6720,0.01
90,G,57.9,7396,0.79
90,E,60.23,7536,0.56
90,D,61.16,7616,0.7
90,A,63.36,6860,-0.04
90,C,66.58,6800,0.01
90,B,68.26,6820,-0.01
90,X,70.05,6875,0.88
91,A,9.99,6740,0.01
91,G,13.09,7416,0.87
91,D,14.88,7696,0.65
91,F,16.88,9898,0.84
91,D,17.55,7496,0.82
91,F,19.61,9838,0.89
91,B,20.65,6820,-0.01
91,A,22.67,6900,-0.04
91,C,25.95,6760,0.01
91,G,27.74,7496,0.65
91,B,30.06,6900,-0.02
91,D,31.5,7736,0.59
91,A,33.65,6760,0.01
91,G,36.96,7476,0.83
91,F,39.1,9798,0.87
91,A,40.24,6860,-0.04
91,G,43.4,7396,0.82
91,E,45.61,7516,0.55
91,X,46.9,6875,0.89
92,B,9.97,6860,-0.02
92,A,11.76,6760,0.01
92,C,14.84,6740,0.01
92,G,16.66,7376,0.8
92,C,18.86,6840,-0.01
92,E,20.56,7576,0.61
92,A,22.12,6840,-0.03
92,E,25.28,7756,0.89
92,A,26.66,6740,0.01
92,B,29.85,6860,-0.02
92,A,31.69,6720,0.01
92,B,34.99,6860,-0.01
92,E,36.87,7756,0.88
92,C,38.32,6840,-0.01
92,E,40.17,7756,0.8
92,C,41.61,6760,0.01
92,A,43.31,6700,0.02
92,G,46.42,7336,0.8
92,D,48.17,7696,0.62
92,E,50.36,7616,0.71
92,G,51.84,7476,0.79
92,B,54.05,6760,0.01
92,A,56.1,6900,-0.04
92,C,59.36,6720,0.02
92,F,61.11,9898,0.82
92,D,61.73,7716,0.63
92,A,64.0,6700,0.02
92,F,67.21,9918,0.82
92,B,68.21,6900,-0.02
92,A,70.24,6720,0.01
92,D,73.09,7616,0.74
92,F,75.08,10018,0.75
92,G,76.24,7356,0.8
92,D,78.03,7456,0.77
92,F,80.25,10018,0.77
92,C,81.31,6780,0.01
92,E,83.11,7656,0.81
92,X,84.38,6875,0.91
93,D,9.57,7696,0.65
93,C,11.76,6800,0.0
93,B,13.67,6880,-0.01
93,F,15.49,9998,0.81
93,D,16.16,7736,0.6
93,C,18.17,6840,-0.01
93,D,19.53,7676,0.68
93,B,21.72,6860,-0.01
93,C,23.78,6760,0.01
93,F,25.53,9778,0.8
93,E,26.75,7556,0.57
93,D,27.83,7656,0.72
93,C,29.92,6760,0.01
93,E,31.66,7696,0.82
93,F,33.03,10078,0.7
93,G,34.04,7456,0.79
93,E,36.28,7736,0.88
93,C,37.82,6840,0.0
93,D,39.15,7616,0.75
93,C,41.39,6820,0.0
93,A,43.27,6840,-0.03
93,E,46.39,7656,0.76
93,G,47.76,7436,0.88
93,D,49.66,7716,0.64
93,B,51.76,6720,0.01
93,D,53.26,7756,0.59
93,A,55.42,6760,0.01
93,C,58.64,6860,-0.01
93,E,60.5,7796,0.82
93,B,61.91,6700,0.01
93,C,63.8,6760,0.01
93,B,65.53,6720,0.01
93,C,67.56,6840,-0.01
93,B,69.36,6880,-0.01
93,D,70.93,7596,0.79
93,G,73.06,7476,0.71
93,F,75.29,9958,0.77
93,X,76.26,6875,0.9
94,E,9.56,7576,0.65
94,D,10.67,7536,0.86
94,E,12.73,7556,0.61
94,B,14.28,6740,0.0
94,A,16.32,6780,0.0
94,F,19.41,9938,0.78
94,A,20.62,6800,0.0
94,F,23.8,9818,0.89
94,C,24.83,6820,0.0
94,A,26.74,6840,-0.03
94,F,30.01,10018,0.75
94,C,31.22,6860,-0.01
94,A,32.94,6720,0.01
94,D,35.83,7636,0.71
94,G,38.11,7376,0.77
94,F,40.44,9978,0.82
94,B,41.65,6880,-0.02
94,C,43.48,6880,-0.01
94,D,44.95,7756,0.59
94,G,46.96,7496,0.8
94,D,48.72,7476,0.76
94,A,50.79,6840,-0.03
94,B,53.83,6700,0.01
94,A,55.85,6740,0.01
94,B,58.96,6840,-0.01
94,A,60.84,6820,0.0
94,E,63.98,7536,0.59
94,X,65.27,6875,0.92
95,D,9.57,7696,0.65
95,E,11.67,7636,0.74
95,F,13.18,9858,0.84
95,E,14.42,7616,0.69
95,B,15.79,6800,-0.01
95,D,17.36,7636,0.72
95,B,19.39,6820,-0.01
95,A,21.25,6880,-0.04
95,G,24.28,7556,0.58
95,A,26.46,6740,0.01
95,G,29.76,7376,0.8
95,E,32.08,7516,0.54
95,D,33.16,7736,0.59
95,C,35.35,6820,0.0
95,F,37.23,10018,0.78
95,E,38.28,7536,0.58
95,B,39.6,6880,-0.02
95,D,41.08,7536,0.9
95,A,43.14,6800,0.0
95,G,46.36,7596,0.55
95,A,48.51,6720,0.01
95,F,51.75,9978,0.83
95,D,52.35,7576,0.83
95,A,54.53,6880,-0.04
95,C,57.68,6720,0.01
95,X,59.36,6875,0.88
96,A,9.97,6820,0.0
96,C,13.03,6780,0.01
96,A,14.77,6740,0.01
96,C,17.95,6760,0.01
96,D,19.44,7596,0.81
96,C,21.68,6740,0.01
96,B,23.55,6720,0.01
96,D,25.01,7496,0.83
96,E,27.08,7536,0.59
96,C,28.52,6800,0.01
96,G,30.19,7536,0.61
96,E,32.52,7696,0.84
96,C,33.87,6740,0.01
96,E,35.57,7616,0.7
96,D,36.53,7636,0.73
96,B,38.67,6760,0.01
96,F,40.56,9758,0.84
96,B,41.75,6740,0.01
96,E,43.66,7776,0.84
96,G,45.19,7336,0.75
96,E,47.38,7536,0.58
96,D,48.52,7716,0.64
96,B,50.63,6840,-0.01
96,A,52.47,6800,0.0
96,F,55.52,9818,0.88
96,A,56.79,6800,0.0
96,F,59.93,9898,0.85
96,B,61.04,6860,-0.01
96,D,62.62,7516,0.87
96,B,64.74,6840,-0.01
96,F,66.55,9778,0.85
96,E,67.63,7776,0.87
96,F,69.01,9838,0.88
96,B,70.21,6740,0.01
96,D,71.67,7496,0.81
96,C,73.94,6840,-0.01
96,X,75.59,6875,0.88
97,C,9.98,6800,0.01
97,B,11.87,6900,-0.02
97,G,13.69,7476,0.78
97,D,15.59,7536,0.84
97,E,17.73,7656,0.75
97,B,19.26,6760,0.01
97,A,21.29,6840,-0.03
97,F,24.41,9978,0.76
97,D,25.07,7616,0.71
97,E,27.2,7716,0.8
97,D,28.3,7616,0.77
97,B,30.53,6760,0.01
97,C,32.42,6820,0.01
97,E,34.12,7656,0.78
97,C,35.64,6900,-0.01
97,E,37.54,7756,0.85
97,B,38.85,6860,0.0
97,D,40.31,7636,0.75
97,F,42.54,9818,0.81
97,D,43.17,7596,0.83
97,B,45.27,6840,0.0
97,D,46.72,7616,0.77
97,G,48.94,7456,0.84
97,D,50.7,7496,0.85
97,C,52.76,6840,0.0
97,D,54.24,7636,0.74
97,B,56.47,6760,0.01
97,E,58.55,7596,0.66
97,B,59.97,6860,-0.01
97,E,61.93,7596,0.68
97,A,63.28,6840,-0.03
97,X,66.29,6875,0.89
98,C,9.98,6780,0.01
98,E,11.9,7536,0.59
98,C,13.21,6780,0.0
98,D,14.52,7596,0.82
98,B,16.64,6820,-0.01
98,F,18.69,9858,0.93
98,C,19.74,6780,0.0
98,D,21.18,7736,0.58
98,F,23.34,10018,0.73
98,E,24.47,7736,0.87
98,C,25.77,6820,0.0
98,G,27.62,7436,0.83
98,F,29.85,10078,0.69
98,E,31.03,7756,0.89
98,C,32.49,6860,-0.01
98,E,34.17,7656,0.73
98,D,35.28,7656,0.69
98,F,37.49,9778,0.81
98,G,38.54,7436,0.72
98,B,40.72,6880,-0.02
98,E,42.72,7756,0.79
98,B,44.23,6720,0.01
98,F,46.07,9858,0.91
98,D,46.85,7756,0.59
98,B,49.12,6860,-0.01
98,D,50.61,7656,0.69
98,C,52.69,6860,-0.01
98,F,54.5,9858,0.91
98,E,55.59,7756,0.89
98,B,57.1,6880,-0.02
98,G,58.91,7336,0.71
98,E,61.09,7656,0.78
98,C,62.39,6720,0.01
98,D,63.8,7676,0.65
98,A,65.87,6780,0.01
98,X,68.91,6875,0.91
99,F,9.94,10018,0.72
99,E,11.09,7736,0.83
99,C,12.56,6820,0.0
99,D,13.84,7596,0.81
99,B,15.91,6820,-0.01
99,E,17.74,7816,0.82
99,F,19.06,9878,0.89
99,C,20.06,6720,0.01
99,E,21.99,7576,0.64
99,B,23.43,6740,0.01
99,F,25.46,10058,0.71
99,A,26.71,6880,-0.04
99,C,29.78,6820,-0.01
99,B,31.53,6800,-0.01
99,G,33.35,7556,0.62
99,A,35.5,6780,0.0
99,B,38.56,6780,0.0
99,E,40.46,7556,0.61
99,G,41.97,7556,0.63
99,C,44.2,6700,0.01
99,E,46.05,7776,0.82
99,B,47.61,6820,-0.01
99,E,49.69,7636,0.74
99,G,51.14,7376,0.85
99,E,53.34,7736,0.86
99,B,54.72,6760,0.01
99,F,56.73,10078,0.64
99,D,57.4,7516,0.84
99,X,59.4,6875,0.92
100,E,9.5,7776,0.85
100,D,10.46,7576,0.82
100,G,12.69,7456,0.81
100,F,14.98,9938,0.87
100,A,16.07,6780,0.0
100,B,19.32,6780,0.0
100,E,21.17,7636,0.75
100,B,22.48,6720,0.01
100,D,24.02,7756,0.59
100,A,26.27,6860,-0.04
100,B,29.33,6780,0.0
100,G,31.34,7336,0.78
100,C,33.52,6860,-0.01
100,A,35.45,6720,0.01
100,B,38.56,6820,-0.01
100,G,40.37,7456,0.84
100,B,42.65,6840,-0.01
100,D,44.23,7736,0.59
100,A,46.38,6780,0.01
100,F,49.46,9918,0.78
100,C,50.52,6820,0.0
100,B,52.45,6780,0.0
100,C,54.4,6820,-0.01
100,E,56.09,7576,0.63
100,X,57.38,6875,0.89
101,A,9.95,6800,0.0
101,D,12.8,7476,0.77
101,E,15.06,7556,0.62
101,C,16.52,6740,0.01
101,G,18.26,7456,0.83
101,E,20.55,7736,0.79
101,D,21.59,7716,0.63
101,G,23.84,7516,0.68
101,D,25.6,7776,0.57
101,G,27.84,7336,0.75
101,C,30.04,6800,0.0
101,F,31.77,9998,0.77
101,C,32.99,6720,0.01
101,F,34.83,10058,0.7
101,A,35.83,6740,0.01
101,B,39.12,6840,-0.01
101,D,40.64,7636,0.68
101,A,42.92,6860,-0.04
101,D,45.73,7576,0.74
101,F,47.83,10038,0.69
101,E,49.04,7756,0.89
101,G,50.53,7476,0.8
101,E,52.73,7596,0.67
101,D,53.91,7496,0.79
101,E,56.05,7596,0.68
101,D,57.1,7496,0.81
101,A,59.25,6860,-0.04
101,C,62.31,6800,0.0
101,B,63.99,6720,0.01
101,X,65.82,6875,0.88
102,F,9.95,9898,0.87
102,D,10.67,7656,0.71
102,B,12.77,6740,0.0
102,E,14.8,7736,0.82
102,D,15.75,7616,0.77
102,E,17.8,7676,0.82
102,D,18.92,7516,0.84
102,E,21.07,7716,0.73
102,F,22.45,9838,0.85
102,A,23.66,6720,0.01
102,B,27.0,6800,-0.01
102,C,28.86,6880,-0.01
102,A,30.52,6900,-0.04
102,C,33.56,6880,-0.01
102,F,35.34,9878,0.82
102,D,36.04,7556,0.82
102,C,38.09,6880,-0.01
102,B,40.01,6860,-0.01
102,C,41.84,6760,0.01
102,D,43.2,7616,0.79
102,A,45.33,6780,0.0
102,G,48.54,7396,0.81
102,X,50.65,6875,0.91
103,G,9.95,7396,0.87
103,A,12.28,6860,-0.03
103,G,15.48,7396,0.81
103,E,17.8,7676,0.75
103,F,19.32,9838,0.87
103,D,19.99,7576,0.77
103,B,22.17,6820,-0.01
103,C,24.15,6780,0.01
103,E,25.91,7716,0.82
103,C,27.43,6800,0.0
103,F,29.34,9898,0.84
103,D,29.98,7636,0.72
103,G,32.14,7436,0.78
103,F,34.34,9778,0.8
103,G,35.48,7336,0.75
103,D,37.26,7576,0.81
103,B,39.34,6760,0.0
103,A,41.21,6840,-0.03
103,X,44.24,6875,0.96
104,B,9.96,6900,-0.02
104,E,12.01,7816,0.76
104,D,13.17,7756,0.56
104,F,15.29,9798,0.84
104,E,16.43,7756,0.8
104,G,17.96,7356,0.75
104,D,19.78,7596,0.74
104,F,21.98,9778,0.81
104,B,23.09,6880,-0.01
104,A,24.93,6780,0.01
104,G,28.09,7356,0.81
104,B,30.24,6840,-0.01
104,A,32.17,6880,-0.04
104,C,35.44,6760,0.01
104,X,37.11,6875,0.92
105,C,9.96,6720,0.01
105,G,11.83,7596,0.56
105,E,13.99,7636,0.73
105,A,15.55,6800,0.0
105,D,18.25,7696,0.62
105,F,20.49,9798,0.88
105,B,21.71,6820,-0.01
105,E,23.73,7656,0.75
105,A,25.17,6880,-0.04
105,E,28.45,7536,0.6
105,D,29.38,7656,0.7
105,A,31.53,6840,-0.03
105,B,34.71,6900,-0.02
105,G,36.52,7336,0.78
105,C,38.92,6720,0.02
105,F,40.73,10038,0.71
105,X,41.7,6875,0.85
106,D,9.59,7636,0.76
106,F,11.65,9838,0.82
106,G,12.79,7336,0.78
106,D,14.54,7756,0.58
106,C,16.71,6800,-0.01
106,A,18.59,6780,0.0
106,E,21.68,7796,0.81
106,F,23.03,9838,0.9
106,G,24.28,7476,0.73
106,B,26.56,6840,-0.01
106,X,28.36,6875,0.9
107,A,9.99,6800,0.0
107,G,13.26,7436,0.82
107,A,15.67,6780,0.0
107,G,18.88,7456,0.78
107,A,21.05,6760,0.01
107,G,24.31,7396,0.83
107,E,26.47,7776,0.87
107,D,27.55,7756,0.59
107,F,29.72,9838,0.79
107,C,30.76,6880,-0.01
107,G,32.64,7556,0.64
107,E,34.87,7676,0.75
107,C,36.15,6860,-0.01
107,F,37.87,9758,0.74
107,D,38.51,7536,0.83
107,A,40.74,6700,0.01
107,F,43.81,9758,0.86
107,B,45.04,6720,0.01
107,X,46.86,6875,0.95
108,C,9.96,6800,0.01
108,G,11.76,7596,0.54
108,A,14.15,6780,0.01
108,D,16.88,7576,0.83
108,B,18.99,6780,0.0
108,D,20.7,7576,0.82
108,G,22.79,7436,0.73
108,C,25.13,6800,0.0
108,G,26.78,7476,0.76
108,E,28.91,7636,0.7
108,G,30.37,7576,0.55
108,D,32.12,7576,0.82
108,G,34.3,7496,0.74
108,D,36.16,7756,0.6
108,A,38.41,6840,-0.03
108,C,41.45,6760,0.02
108,A,43.35,6740,0.01
108,B,46.45,6840,-0.01
108,D,48.0,7616,0.77
108,B,50.03,6900,-0.02
108,E,51.86,7776,0.86
108,F,53.15,9918,0.81
108,X,54.13,6875,0.93
109,D,9.57,7516,0.83
109,G,11.61,7396,0.77
109,D,13.45,7576,0.81
109,B,15.6,6760,0.0
109,C,17.61,6740,0.01
109,A,19.38,6820,0.0
109,C,22.65,6840,-0.01
109,A,24.43,6760,0.01
109,D,27.33,7516,0.82
109,B,29.49,6860,-0.01
109,E,31.32,7536,0.59
109,A,32.86,6740,0.01
109,E,35.96,7676,0.81
109,A,37.43,6740,0.01
109,D,40.21,7716,0.63
109,F,42.31,9818,0.82
109,X,43.3,6875,0.92
110,C,9.98,6840,-0.01
110,F,11.67,9998,0.73
110,D,12.32,7756,0.57
110,A,14.45,6820,-0.0
110,F,17.61,9878,0.87
110,B,18.88,6880,-0.02
110,A,20.84,6720,0.02
110,F,24.06,10058,0.68
110,C,25.16,6820,0.0
110,A,26.85,6800,0.0
110,D,29.78,7476,0.84
110,G,31.92,7556,0.62
110,C,34.12,6720,0.01
110,E,35.92,7656,0.79
110,A,37.41,6800,0.0
110,F,40.72,9878,0.83
110,D,41.39,7596,0.8
110,C,43.51,6760,0.01
110,D,44.97,7696,0.67
110,E,47.01,7676,0.75
110,B,48.58,6880,-0.02
110,D,50.14,7576,0.77
110,F,52.34,9838,0.77
110,C,53.33,6760,0.01
110,G,55.25,7376,0.71
110,X,57.38,6875,0.92
111,D,9.59,7716,0.61
111,F,11.59,9858,0.88
111,A,12.85,6880,-0.04
111,F,15.83,10018,0.72
111,E,16.98,7536,0.6
111,C,18.44,6840,-0.01
111,G,20.31,7456,0.85
111,D,22.15,7476,0.83
111,F,24.35,9778,0.74
111,B,25.38,6760,0.0
111,A,27.41,6820,-0.03
111,E,30.66,7816,0.79
111,D,31.61,7476,0.82
111,F,33.66,10078,0.68
111,B,34.81,6860,-0.01
111,C,36.72,6840,0.0
111,F,38.4,9998,0.78
111,A,39.45,6840,-0.03
111,G,42.47,7576,0.56
111,X,44.57,6875,0.92
112,B,9.96,6820,0.0
112,G,11.88,7536,0.66
112,E,14.23,7736,0.88
112,B,15.74,6820,0.0
112,C,17.7,6740,0.01
112,F,19.63,9758,0.82
112,B,20.82,6860,-0.01
112,G,22.67,7456,0.77
112,A,24.83,6820,0.0
112,B,27.89,6800,0.0
112,A,29.95,6880,-0.04
112,G,32.95,7336,0.77
112,D,34.7,7536,0.88
112,X,36.7,6875,0.91
113,C,9.98,6720,0.01
113,B,11.92,6740,0.0
113,F,13.81,9858,0.89
113,D,14.41,7516,0.84
113,B,16.47,6780,0.0
113,A,18.31,6880,-0.04
113,E,21.37,7696,0.88
113,A,22.82,6900,-0.04
113,D,25.48,7676,0.69
113,G,27.53,7356,0.84
113,B,29.82,6840,-0.01
113,G,31.66,7496,0.76
113,E,33.86,7756,0.89
113,B,35.42,6700,0.01
113,F,37.25,9998,0.78
113,D,37.86,7476,0.79
113,E,40.15,7796,0.83
113,A,41.55,6860,-0.04
113,F,44.83,10078,0.64
113,G,45.99,7416,0.81
113,E,48.16,7536,0.59
113,C,49.65,6780,0.01
113,X,51.32,6875,0.89
114,B,9.96,6880,-0.02
114,E,11.89,7676,0.78
114,D,12.9,7676,0.63
114,G,15.08,7436,0.78
114,B,17.33,6860,-0.01
114,G,19.13,7356,0.81
114,F,21.5,9758,0.77
114,G,22.5,7476,0.76
114,F,24.82,9858,0.87
114,E,25.82,7776,0.88
114,B,27.22,6860,-0.02
114,D,28.81,7596,0.82
114,G,30.93,7376,0.77
114,B,33.1,6720,0.01
114,E,34.96,7776,0.82
114,D,36.0,7676,0.65
114,A,38.11,6860,-0.04
114,E,41.15,7736,0.87
114,F,42.66,9858,0.81
114,C,43.68,6780,0.0
114,E,45.62,7676,0.8
114,G,47.07,7516,0.61
114,C,49.28,6760,0.0
114,F,51.05,10078,0.67
114,E,52.19,7636,0.73
114,A,53.54,6860,-0.04
114,B,56.65,6860,-0.01
114,F,58.45,9978,0.81
114,D,59.23,7656,0.71
114,X,61.22,6875,0.89
115,G,9.96,7356,0.75
115,C,12.33,6780,0.01
115,D,13.78,7696,0.64
115,F,16.01,9778,0.89
115,E,17.23,7796,0.78
115,D,18.17,7576,0.8
115,F,20.22,9758,0.75
115,A,21.42,6780,0.0
115,C,24.67,6860,-0.01
115,G,26.38,7516,0.7
115,E,28.66,7836,0.73
115,F,30.21,9818,0.84
115,D,30.87,7576,0.83
115,G,32.86,7536,0.68
115,F,34.97,9878,0.63
115,E,36.19,7656,0.76
115,C,37.59,6860,-0.01
115,F,39.26,9938,0.8
115,G,40.37,7496,0.66
115,F,42.68,9998,0.81
115,D,43.31,7616,0.76
115,G,45.48,7436,0.88
115,E,47.66,7696,0.83
115,F,49.06,9898,0.86
115,A,50.18,6760,0.0
115,D,53.09,7736,0.62
115,A,55.08,6860,-0.04
115,F,58.26,9798,0.88
115,E,59.48,7776,0.85
115,A,60.81,6900,-0.04
115,G,64.01,7516,0.65
115,B,66.15,6780,-0.01
115,D,67.68,7736,0.61
115,F,69.69,9778,0.85
115,D,70.35,7536,0.83
115,E,72.56,7636,0.74
115,C,74.1,6820,0.0
115,E,75.98,7636,0.74
115,G,77.31,7556,0.64
115,E,79.44,7656,0.79
115,A,80.86,6900,-0.04
115,E,84.09,7556,0.59
115,B,85.54,6780,0.0
115,X,87.36,6875,0.88
116,A,9.96,6800,0.0
116,G,13.05,7536,0.67
116,A,15.23,6780,0.0
116,E,18.44,7816,0.81
116,A,20.0,6840,-0.03
116,G,23.14,7456,0.85
116,A,25.42,6780,0.01
116,C,28.62,6840,-0.01
116,E,30.44,7736,0.81
116,B,31.76,6760,0.0
116,D,33.35,7616,0.72
116,B,35.4,6840,-0.01
116,F,37.36,9838,0.89
116,X,38.36,6875,0.9
117,G,9.96,7416,0.78
117,E,12.3,7836,0.74
117,B,13.64,6800,0.0
117,C,15.47,6880,-0.01
117,E,17.26,7656,0.76
117,G,18.59,7396,0.77
117,C,20.78,6780,0.01
117,A,22.53,6880,-0.04
117,E,25.69,7756,0.83
117,A,27.23,6720,0.02
117,D,30.07,7536,0.83
117,A,32.09,6840,-0.03
117,C,35.18,6860,-0.01
117,B,37.08,6820,0.0
117,E,39.01,7716,0.85
117,F,40.29,10058,0.69
117,X,41.26,6875,0.9
118,A,9.96,6840,-0.03
118,E,13.1,7636,0.74
118,G,14.58,7376,0.75
118,F,16.86,9818,0.8
118,C,17.92,6820,-0.01
118,F,19.68,9918,0.86
118,B,20.66,6820,-0.01
118,A,22.51,6780,0.0
118,G,25.78,7496,0.76
118,E,28.11,7716,0.86
118,A,29.43,6780,0.01
118,E,32.71,7716,0.84
118,C,34.04,6720,0.02
118,F,35.72,9878,0.85
118,G,36.74,7356,0.72
118,F,39.08,10058,0.69
118,A,40.29,6860,-0.04
118,B,43.44,6740,0.01
118,D,44.95,7716,0.59
118,X,46.93,6875,0.91
119,A,9.96,6860,-0.04
119,E,13.01,7776,0.8
119,C,14.48,6860,-0.01
119,B,16.23,6720,0.01
119,F,18.21,9918,0.86
119,B,19.33,6840,-0.01
119,A,21.23,6800,0.0
119,E,24.33,7736,0.88
119,A,25.68,6740,0.01
119,G,28.98,7476,0.78
119,F,31.29,9938,0.86
119,G,32.46,7376,0.71
119,A,34.86,6900,-0.04
119,C,37.93,6840,-0.01
119,E,39.83,7796,0.8
119,B,41.38,6820,-0.01
119,A,43.37,6800,0.0
119,D,46.12,7616,0.71
119,C,48.17,6860,-0.01
119,E,49.96,7676,0.84
119,G,51.35,7516,0.66
119,A,53.54,6700,0.02
119,F,56.79,9858,0.83
119,B,57.87,6840,-0.01
119,E,59.71,7516,0.56
119,A,61.28,6860,-0.04
119,C,64.48,6860,-0.01
119,A,66.19,6800,0.0
119,G,69.25,7456,0.78
119,D,71.23,7576,0.85
119,X,73.24,6875,0.93
120,B,9.99,6900,-0.02
120,G,11.77,7556,0.58
120,C,13.93,6840,0.0
120,G,15.66,7456,0.73
120,F,17.81,9778,0.84
120,A,18.9,6700,0.02
120,F,21.99,9838,0.87
120,C,23.25,6820,0.0
120,E,25.09,7716,0.86
120,G,26.4,7496,0.74
120,E,28.55,7816,0.74
120,F,30.01,9838,0.89
120,G,31.02,7436,0.75
120,D,32.75,7716,0.62
120,X,34.72,6875,0.87
121,A,9.95,6820,0.0
121,G,13.05,7556,0.61
121,A,15.33,6780,0.0
121,E,18.66,7776,0.87
121,C,20.05,6840,-0.01
121,A,21.77,6840,-0.03
121,F,24.86,9938,0.82
121,E,26.04,7576,0.63
121,C,27.41,6760,0.01
121,B,29.09,6800,-0.01
121,G,30.9,7536,0.66
121,B,33.21,6840,-0.01
121,E,35.05,7536,0.56
121,C,36.62,6800,0.0
121,G,38.3,7596,0.54
121,A,40.49,6780,0.01
121,E,43.59,7556,0.61
121,A,44.92,6840,-0.04
121,C,48.2,6740,0.01
121,G,49.9,7396,0.85
121,F,52.13,10078,0.7
121,C,53.33,6800,0.0
121,G,55.0,7476,0.84
121,A,57.33,6840,-0.04
121,G,60.34,7576,0.56
121,F,62.7,9958,0.79
121,E,63.75,7696,0.83
121,A,65.09,6760,0.01
121,E,68.34,7556,0.62
121,A,69.71,6740,0.01
121,B,72.94,6720,0.01
121,D,74.66,7516,0.86
121,G,76.84,7376,0.85
121,C,78.97,6820,0.0
121,F,80.85,10038,0.73
121,C,81.87,6720,0.01
121,B,83.72,6800,0.0
121,C,85.8,6720,0.02
121,F,87.57,10038,0.75
121,E,88.72,7816,0.79
121,A,90.13,6820,0.0
121,G,93.3,7496,0.67
121,F,95.56,10018,0.75
121,B,96.57,6720,0.01
121,E,98.48,7716,0.85
121,C,99.92,6740,0.01
121,F,101.74,9818,0.88
121,C,102.75,6780,0.0
121,F,104.65,10018,0.78
121,E,105.87,7696,0.87
121,A,107.21,6780,0.01
121,E,110.36,7596,0.64
121,G,111.69,7476,0.71
121,B,114.0,6840,-0.01
121,F,116.02,9778,0.85
121,C,117.26,6740,0.01
121,F,119.16,9758,0.77
121,D,119.93,7656,0.7
121,X,121.92,6875,0.88
122,D,9.58,7516,0.81
122,C,11.64,6820,0.0
122,A,13.57,6720,0.01
122,D,16.38,7536,0.75
122,E,18.54,7636,0.76
122,A,20.09,6800,0.0
122,F,23.31,9938,0.83
122,B,24.34,6880,-0.02
122,G,26.15,7456,0.77
122,X,28.27,6875,0.92
123,E,9.49,7756,0.83
123,G,10.86,7356,0.72
123,F,13.06,9938,0.85
123,G,14.22,7536,0.65
123,F,16.39,10078,0.64
123,B,17.43,6780,-0.01
123,D,18.9,7576,0.83
123,F,21.05,9978,0.8
123,B,22.13,6720,0.01
123,D,23.64,7676,0.67
123,E,25.9,7636,0.71
123,A,27.44,6720,0.01
123,D,30.35,7716,0.59
123,G,32.35,7496,0.67
123,F,34.49,10058,0.71
123,G,35.67,7376,0.82
123,B,38.01,6840,-0.01
123,A,39.87,6840,-0.03
123,F,43.1,9918,0.76
123,B,44.32,6840,-0.01
123,A,46.42,6780,0.0
123,G,49.68,7556,0.6
123,E,52.01,7596,0.67
123,D,53.1,7656,0.69
123,F,55.17,9798,0.85
123,D,56.03,7696,0.64
123,E,58.27,7576,0.63
123,F,59.59,9938,0.87
123,B,60.67,6720,0.02
123,G,62.7,7496,0.71
123,C,64.9,6860,-0.01
123,G,66.69,7356,0.79
123,D,68.45,7496,0.8
123,F,70.45,10038,0.72
123,B,71.65,6740,0.01
123,C,73.68,6820,-0.01
123,B,75.57,6780,0.0
123,C,77.67,6840,-0.01
123,B,79.42,6860,-0.01
123,E,81.31,7736,0.85
123,D,82.47,7716,0.59
123,A,84.64,6760,0.01
123,X,87.68,6875,0.88
124,C,9.97,6760,0.01
124,E,11.76,7736,0.88
124,F,13.09,10018,0.77
124,D,13.91,7476,0.82
124,E,15.99,7796,0.79
124,F,17.44,9818,0.9
124,G,18.66,7436,0.87
124,C,20.82,6860,-0.01
124,A,22.68,6780,0.0
124,E,25.77,7696,0.75
124,A,27.28,6880,-0.04
124,B,30.34,6840,-0.01
124,X,32.13,6875,0.89
125,D,9.58,7636,0.74
125,B,11.64,6780,0.0
125,G,13.47,7436,0.78
125,A,15.63,6820,0.0
125,B,18.85,6780,0.0
125,F,20.68,10018,0.75
125,D,21.3,7596,0.76
125,A,23.42,6820,-0.0
125,G,26.59,7556,0.64
125,C,28.85,6860,-0.01
125,A,30.67,6800,0.01
125,F,33.84,10078,0.69
125,E,34.96,7716,0.88
125,C,36.35,6860,-0.01
125,E,38.2,7636,0.76
125,C,39.68,6780,0.01
125,A,41.58,6840,-0.04
125,D,44.24,7536,0.86
125,F,46.43,9778,0.77
125,D,47.28,7776,0.59
125,G,49.44,7596,0.56
125,B,51.79,6720,0.01
125,X,53.64,6875,0.86
126,G,9.96,7396,0.8
126,C,12.31,6720,0.02
126,F,14.11,9978,0.77
126,A,15.25,6840,-0.03
126,B,18.43,6720,0.01
126,F,20.27,9998,0.79
126,E,21.36,7736,0.86
126,B,22.94,6880,-0.02
126,F,24.84,10058,0.7
126,D,25.45,7596,0.78
126,G,27.51,7456,0.73
126,A,29.9,6800,0.0
126,E,33.04,7736,0.88
126,G,34.55,7536,0.68
126,D,36.35,7476,0.8
126,E,38.55,7636,0.73
126,A,40.03,6860,-0.04
126,B,43.21,6760,0.0
126,E,45.22,7816,0.73
126,C,46.69,6740,0.01
126,A,48.4,6720,0.01
126,B,51.6,6740,0.01
126,E,53.48,7636,0.73
126,B,54.82,6720,0.01
126,F,56.7,9878,0.88
126,X,57.69,6875,0.9
127,D,9.56,7676,0.64
127,A,11.78,6840,-0.04
127,B,14.98,6880,-0.02
127,A,16.79,6840,-0.03
127,F,19.92,10058,0.66
127,C,20.99,6880,-0.01
127,B,22.74,6720,0.01
127,E,24.61,7556,0.61
127,B,25.94,6740,0.0
127,G,27.95,7356,0.8
127,C,30.14,6740,0.01
127,A,32.05,6740,0.01
127,F,35.27,9998,0.75
127,G,36.51,7436,0.77
127,F,38.74,9938,0.81
127,B,39.99,6720,0.01
127,G,42.04,7576,0.56
127,E,44.36,7676,0.82
127,G,45.77,7376,0.87
127,C,48.18,6740,0.01
127,B,49.96,6840,-0.01
127,C,51.87,6880,-0.01
127,G,53.69,7516,0.72
127,B,55.91,6760,0.01
127,A,57.81,6860,-0.03
127,D,60.47,7616,0.71
127,X,62.47,6875,0.89
128,A,9.96,6840,-0.03
128,C,13.25,6840,0.0
128,E,14.96,7796,0.82
128,B,16.38,6760,0.01
128,E,18.33,7696,0.83
128,B,19.79,6860,-0.01
128,C,21.86,6880,-0.01
128,D,23.17,7756,0.57
128,F,25.38,9838,0.91
128,G,26.42,7556,0.62
128,D,28.18,7636,0.7
128,G,30.24,7576,0.59
128,B,32.53,6820,-0.01
128,D,34.19,7776,0.58
128,B,36.33,6900,-0.02
128,C,38.18,6760,0.01
128,E,39.98,7736,0.78
128,F,41.51,9898,0.85
128,E,42.77,7716,0.86
128,C,44.2,6880,-0.01
128,F,46.05,9978,0.75
128,B,47.15,6860,-0.01
128,F,49.09,9998,0.78
128,B,50.28,6840,-0.01
128,E,52.36,7716,0.86
128,B,53.87,6820,-0.01
128,D,55.35,7456,0.74
128,C,57.4,6880,-0.01
128,D,58.69,7696,0.65
128,C,60.8,6820,0.0
128,G,62.5,7496,0.74
128,F,64.88,9978,0.83
128,B,65.95,6700,0.01
128,D,67.44,7756,0.62
128,G,69.62,7516,0.65
128,B,71.9,6760,0.01
128,E,73.78,7536,0.55
128,D,74.94,7556,0.81
128,G,77.16,7336,0.73
128,E,79.54,7596,0.66
128,A,80.86,6800,0.01
128,X,83.9,6875,0.95
129,G,9.92,7596,0.53
129,F,12.23,9918,0.84
129,B,13.47,6800,-0.01
129,C,15.55,6800,0.01
129,D,16.99,7756,0.59
129,B,19.01,6880,-0.01
129,D,20.59,7576,0.85
129,A,22.73,6760,0.01
129,F,26.01,9958,0.86
129,C,27.1,6860,-0.01
129,F,29.0,9778,0.84
129,B,30.08,6860,-0.01
129,G,32.1,7376,0.85
129,C,34.42,6860,-0.01
129,E,36.12,7616,0.72
129,B,37.67,6760,0.0
129,D,39.21,7576,0.77
129,B,41.22,6760,0.01
129,D,42.91,7656,0.72
129,B,45.06,6780,0.0
129,A,47.08,6880,-0.04
129,E,50.28,7696,0.78
129,D,51.44,7636,0.72
129,F,53.45,10078,0.69
129,D,54.08,7596,0.81
129,B,56.12,6740,0.01
129,G,58.11,7536,0.69
129,C,60.28,6900,-0.01
129,X,61.91,6875,0.93
130,A,9.99,6760,0.0
130,D,12.69,7676,0.63
130,C,14.72,6880,-0.01
130,F,16.48,9878,0.89
130,A,17.75,6740,0.01
130,G,21.02,7536,0.68
130,F,23.42,9818,0.83
130,B,24.69,6880,-0.02
130,A,26.62,6760,0.01
130,G,29.89,7356,0.76
130,C,32.12,6700,0.02
130,G,34.01,7516,0.68
130,F,36.37,9918,0.87
130,D,37.05,7756,0.56
130,A,39.16,6740,0.01
130,D,41.85,7676,0.65
130,A,43.9,6740,0.01
130,D,46.63,7656,0.69
130,F,48.73,9778,0.84
130,A,49.88,6880,-0.04
130,D,52.71,7496,0.8
130,G,54.83,7496,0.7
130,C,57.11,6900,-0.02
130,D,58.51,7756,0.57
130,A,60.67,6720,0.01
130,B,64.02,6860,-0.01
130,D,65.62,7756,0.58
130,F,67.62,10038,0.71
130,D,68.38,7736,0.61
130,B,70.51,6780,0.0
130,G,72.47,7376,0.8
130,B,74.78,6880,-0.02
130,C,76.74,6800,0.0
130,D,78.09,7696,0.64
130,C,80.21,6900,-0.01
130,E,82.08,7556,0.59
130,X,83.37,6875,0.88
131,A,9.98,6820,-0.0
131,C,13.03,6740,0.01
131,F,14.78,10018,0.73
131,A,15.99,6720,0.01
131,B,19.15,6820,-0.01
131,G,21.09,7436,0.87
131,B,23.39,6720,0.01
131,G,25.32,7416,0.74
131,C,27.6,6740,0.01
131,A,29.34,6820,0.0
131,G,32.45,7576,0.59
131,C,34.6,6720,0.01
131,G,36.35,7396,0.87
131,F,38.72,9758,0.79
131,E,39.78,7556,0.59
131,F,41.08,9838,0.86
131,A,42.29,6800,0.0
131,B,45.46,6840,-0.01
131,F,47.29,9978,0.63
131,G,48.27,7576,0.58
131,E,50.43,7596,0.68
131,F,51.71,10038,0.72
131,B,52.8,6840,-0.01
131,C,54.81,6740,0.01
131,B,56.5,6780,0.0
131,F,58.44,9978,0.75
131,A,59.5,6800,0.0
131,F,62.55,9978,0.83
131,A,63.62,6740,0.01
131,E,66.69,7676,0.83
131,G,68.19,7596,0.56
131,B,70.45,6860,-0.01
131,C,72.28,6800,0.0
131,A,74.17,6720,0.01
131,C,77.36,6780,0.01
131,B,79.05,6880,-0.02
131,G,80.91,7496,0.75
131,F,83.23,9878,0.91
131,A,84.5,6840,-0.03
131,D,87.21,7596,0.79
131,X,89.21,6875,0.89
132,C,9.97,6740,0.01
132,E,11.75,7636,0.74
132,A,13.26,6760,0.0
132,E,16.48,7576,0.63
132,A,17.81,6720,0.01
132,E,20.91,7636,0.68
132,G,22.31,7496,0.76
132,D,24.1,7756,0.58
132,G,26.25,7456,0.85
132,E,28.4,7736,0.82
132,B,29.71,6740,0.0
132,C,31.64,6880,-0.01
132,A,33.32,6760,0.01
132,C,36.44,6800,0.01
132,A,38.25,6740,0.01
132,D,40.98,7736,0.58
132,B,43.12,6700,0.01
132,F,45.02,9778,0.85
132,X,45.99,6875,0.93
133,A,9.98,6760,0.01
133,C,13.06,6900,-0.01
133,D,14.36,7536,0.75
133,B,16.55,6840,-0.01
133,F,18.37,9998,0.78
133,B,19.49,6860,-0.02
133,F,21.29,9838,0.84
133,E,22.55,7736,0.88
133,A,23.88,6800,0.0
133,E,27.07,7656,0.76
133,C,28.39,6880,-0.01
133,B,30.16,6860,-0.02
133,A,32.21,6740,0.01
133,D,34.94,7556,0.81
133,B,37.18,6860,-0.01
133,G,39.04,7496,0.73
133,A,41.24,6740,0.01
133,D,43.96,7536,0.79
133,F,46.0,9798,0.78
133,D,46.81,7536,0.76
133,A,49.06,6860,-0.04
133,E,52.28,7736,0.88
133,A,53.82,6760,0.0
133,E,57.0,7776,0.81
133,C,58.36,6740,0.01
133,D,59.9,7476,0.82
133,G,61.93,7536,0.66
133,B,64.06,6820,0.0
133,X,65.85,6875,0.84
134,A,9.98,6900,-0.04
134,C,13.01,6880,-0.01
134,D,14.48,7516,0.77
134,A,16.53,6740,0.01
134,E,19.79,7556,0.59
134,A,21.17,6880,-0.04
134,G,24.22,7496,0.67
134,F,26.43,9898,0.86
134,G,27.53,7576,0.57
134,D,29.42,7696,0.63
134,G,31.65,7556,0.6
134,D,33.49,7696,0.63
134,C,35.59,6780,0.0
134,D,37.04,7636,0.74
134,E,39.07,7716,0.88
134,C,40.43,6720,0.01
134,E,42.3,7556,0.59
134,D,43.28,7596,0.83
134,G,45.48,7476,0.76
134,A,47.64,6760,0.01
134,F,50.71,9818,0.8
134,A,51.94,6840,-0.03
134,B,55.02,6880,-0.02
134,X,56.81,6875,0.94
135,E,9.55,7516,0.55
135,C,11.06,6800,0.01
135,E,12.91,7636,0.77
135,B,14.43,6860,-0.01
135,E,16.38,7516,0.56
135,G,17.82,7396,0.82
135,C,20.06,6740,0.01
135,D,21.46,7736,0.59
135,C,23.64,6720,0.02
135,F,25.34,9958,0.83
135,G,26.45,7516,0.68
135,B,28.75,6840,-0.01
135,A,30.67,6880,-0.04
135,X,33.67,6875,0.89
136,A,9.99,6760,0.0
136,G,13.08,7416,0.88
136,E,15.25,7656,0.77
136,D,16.39,7636,0.69
136,A,18.5,6880,-0.04
136,D,21.2,7676,0.68
136,F,23.45,9938,0.74
136,A,24.48,6900,-0.04
136,B,27.5,6880,-0.02
136,A,29.47,6740,0.01
136,B,32.57,6800,0.0
136,F,34.66,9838,0.89
136,D,35.53,7636,0.72
136,B,37.57,6840,-0.01
136,A,39.56,6860,-0.04
136,F,42.75,9838,0.89
136,D,43.45,7596,0.77
136,G,45.47,7456,0.78
136,C,47.76,6780,0.0
136,A,49.59,6760,0.01
136,E,52.89,7756,0.9
136,D,54.01,7736,0.61
136,C,56.03,6880,-0.01
136,G,57.75,7416,0.82
136,D,59.55,7496,0.83
136,F,61.71,10078,0.69
136,C,62.71,6880,-0.01
136,F,64.42,9778,0.88
136,B,65.65,6820,-0.01
136,X,67.46,6875,0.93
137,B,9.97,6740,0.01
137,F,12.0,9878,0.9
137,C,13.06,6820,-0.01
137,D,14.57,7696,0.62
137,E,16.8,7756,0.8
137,A,18.36,6880,-0.04
137,B,21.39,6740,0.0
137,F,23.31,10058,0.72
137,C,24.55,6800,0.0
137,B,26.25,6720,0.01
137,D,27.77,7616,0.79
137,E,29.89,7656,0.74
137,D,30.88,7536,0.72
137,F,33.02,9958,0.75
137,G,34.26,7556,0.61
137,A,36.62,6900,-0.04
137,B,39.89,6700,0.02
137,A,42.01,6760,0.0
137,F,45.2,9978,0.81
137,D,45.85,7496,0.79
137,E,48.06,7616,0.7
137,D,49.19,7756,0.59
137,A,51.23,6780,0.0
137,G,54.42,7376,0.79
137,A,56.76,6880,-0.04
137,E,59.79,7736,0.8
137,D,60.87,7556,0.84
137,F,62.94,9778,0.83
137,B,64.01,6740,0.01
137,D,65.61,7636,0.74
137,F,67.87,9998,0.77
137,D,68.56,7556,0.81
137,G,70.78,7436,0.82
137,F,73.12,9838,0.77
137,A,74.15,6820,0.0
137,E,77.47,7576,0.63
137,C,78.84,6840,-0.01
137,X,80.49,6875,0.94
138,B,9.99,6860,-0.01
138,C,11.98,6800,0.0
138,A,13.86,6760,0.0
138,C,16.99,6820,-0.01
138,F,18.91,9818,0.85
138,A,20.11,6840,-0.03
138,C,23.28,6840,-0.01
138,A,25.12,6760,0.01
138,B,28.35,6720,0.01
138,E,30.2,7636,0.75
138,B,31.69,6780,-0.01
138,C,33.56,6800,-0.01
138,E,35.22,7576,0.64
138,B,36.51,6780,0.0
138,E,38.37,7676,0.83
138,G,39.88,7536,0.67
138,B,42.22,6900,-0.02
138,F,44.01,9978,0.81
138,B,45.19,6740,0.01
138,G,47.25,7396,0.83
138,B,49.43,6760,0.0
138,G,51.47,7356,0.7
138,A,53.7,6780,0.01
138,C,56.91,6800,0.0
138,D,58.3,7756,0.61
138,X,60.29,6875,0.87
139,E,9.66,7816,0.82
139,G,10.94,7556,0.64
139,B,13.19,6860,-0.02
139,F,15.17,9758,0.86
139,E,16.25,7616,0.71
139,G,17.63,7356,0.8
139,C,19.87,6840,-0.01
139,B,21.67,6780,-0.01
139,C,23.58,6800,-0.01
139,E,25.38,7776,0.81
139,A,26.7,6880,-0.04
139,E,29.95,7696,0.82
139,F,31.33,9958,0.83
139,A,32.4,6780,0.0
139,E,35.66,7556,0.61
139,A,37.07,6880,-0.04
139,G,40.16,7356,0.75
139,F,42.33,9878,0.84
139,E,43.54,7736,0.88
139,C,44.87,6780,0.0
139,E,46.55,7696,0.81
139,G,47.86,7436,0.78
139,C,50.16,6720,0.01
139,D,51.48,7456,0.77
139,X,53.51,6875,0.9
140,F,9.94,9958,0.82
140,D,10.56,7596,0.8
140,G,12.64,7476,0.77
140,D,14.58,7496,0.86
140,C,16.62,6840,-0.01
140,D,17.94,7696,0.64
140,B,20.07,6880,-0.02
140,F,22.04,9918,0.82
140,G,23.03,7396,0.86
140,E,25.26,7636,0.74
140,D,26.37,7596,0.8
140,B,28.66,6840,-0.01
140,D,30.15,7556,0.81
140,F,32.4,9958,0.82
140,B,33.41,6840,-0.01
140,F,35.21,10038,0.69
140,C,36.4,6900,-0.01
140,E,38.21,7616,0.71
140,F,39.6,10078,0.69
140,A,40.63,6740,0.01
140,D,43.33,7656,0.69
140,G,45.32,7436,0.89
140,F,47.45,10058,0.72
140,G,48.5,7336,0.76
140,A,50.91,6720,0.01
140,D,53.88,7736,0.6
140,E,56.08,7656,0.75
140,D,57.26,7516,0.86
140,F,59.29,9858,0.91
140,G,60.37,7556,0.62
140,A,62.74,6760,0.01
140,F,65.86,9918,0.85
140,G,67.04,7596,0.53
140,A,69.4,6720,0.01
140,G,72.54,7496,0.76
140,F,74.71,9838,0.9
140,E,75.83,7776,0.79
140,D,76.96,7736,0.58
140,F,79.23,9818,0.78
140,A,80.45,6720,0.01
140,G,83.54,7576,0.57
140,A,85.81,6720,0.01
140,G,89.14,7396,0.83
140,D,90.92,7516,0.85
140,E,93.05,7696,0.83
140,G,94.56,7416,0.81
140,D,96.51,7716,0.61
140,A,98.65,6720,0.01
140,E,101.79,7676,0.8
140,A,103.25,6740,0.01
140,D,106.06,7576,0.8
140,A,108.18,6740,0.01
140,D,110.93,7576,0.81
140,B,113.14,6860,-0.01
140,F,114.95,9938,0.84
140,G,116.14,7576,0.57
140,C,118.33,6760,0.0
140,X,119.98,6875,0.92
141,C,9.97,6740,0.01
141,G,11.78,7496,0.67
141,B,14.14,6880,-0.02
141,A,16.16,6720,0.01
141,E,19.33,7516,0.55
141,C,20.78,6760,0.01
141,E,22.7,7816,0.75
141,D,23.83,7736,0.58
141,C,25.85,6820,0.0
141,B,27.56,6820,-0.01
141,A,29.65,6700,0.02
141,D,32.53,7556,0.83
141,G,34.67,7416,0.77
141,A,36.97,6740,0.01
141,G,40.15,7556,0.6
141,B,42.53,6840,-0.01
141,G,44.42,7396,0.85
141,D,46.38,7616,0.71
141,C,48.48,6880,-0.01
141,B,50.24,6740,0.01
141,E,52.19,7716,0.84
141,C,53.7,6720,0.01
141,G,55.63,7436,0.85
141,B,57.76,6720,0.01
141,D,59.44,7676,0.68
141,E,61.5,7556,0.6
141,G,62.98,7496,0.79
141,B,65.15,6720,0.01
141,A,67.27,6860,-0.04
141,B,70.44,6740,0.01
141,E,72.5,7776,0.83
141,D,73.58,7536,0.86
141,A,75.86,6820,0.0
141,G,79.02,7516,0.73
141,E,81.23,7656,0.79
141,F,82.69,9958,0.8
141,X,83.67,6875,0.88
142,C,9.97,6760,0.01
142,G,11.67,7436,0.78
142,E,13.95,7596,0.67
142,G,15.47,7416,0.82
142,B,17.8,6800,0.0
142,F,19.72,9778,0.84
142,B,20.77,6760,0.0
142,C,22.62,6760,0.01
142,F,24.32,9758,0.84
142,D,25.02,7556,0.87
142,C,27.26,6800,0.01
142,E,29.03,7676,0.77
142,B,30.49,6720,0.01
142,D,32.02,7536,0.88
142,G,34.19,7376,0.87
142,E,36.44,7616,0.68
142,D,37.5,7556,0.8
142,E,39.77,7756,0.81
142,A,41.19,6840,-0.03
142,X,44.23,6875,0.93
143,C,9.97,6900,-0.01
143,G,11.68,7496,0.76
143,F,13.81,9898,0.81
143,G,15.05,7416,0.74
143,F,17.2,9898,0.87
143,D,17.95,7716,0.61
143,E,19.97,7816,0.79
143,B,21.3,6820,-0.01
143,E,23.31,7716,0.86
143,D,24.48,7516,0.82
143,G,26.75,7436,0.77
143,F,28.9,9958,0.85
143,D,29.62,7636,0.75
143,G,31.85,7516,0.69
143,F,34.05,9858,0.83
143,C,35.04,6820,0.0
143,G,36.75,7396,0.84
143,F,39.03,9858,0.91
143,G,40.21,7396,0.82
143,E,42.55,7616,0.68
143,G,43.94,7496,0.64
143,E,46.09,7696,0.81
143,A,47.64,6900,-0.04
143,F,50.65,9978,0.75
143,C,51.83,6800,0.0
143,A,53.51,6720,0.01
143,B,56.6,6820,-0.01
143,C,58.52,6860,-0.01
143,B,60.41,6860,-0.01
143,G,62.21,7396,0.84
143,B,64.42,6840,-0.01
143,C,66.24,6760,0.01
143,G,68.07,7516,0.73
143,D,69.84,7696,0.67
143,F,71.83,10038,0.71
143,G,72.99,7336,0.76
143,B,75.17,6720,0.01
143,G,77.24,7416,0.81
143,E,79.39,7796,0.82
143,X,80.66,6875,0.94
144,D,9.55,7736,0.59
144,B,11.8,6820,-0.01
144,F,13.64,9758,0.84
144,G,14.85,7476,0.72
144,E,17.08,7656,0.73
144,B,18.41,6800,-0.01
144,G,20.2,7496,0.7
144,C,22.38,6880,-0.01
144,E,24.07,7616,0.71
144,A,25.38,6820,0.0
144,D,28.11,7696,0.64
144,F,30.13,9838,0.93
144,B,31.28,6820,0.0
144,G,33.23,7416,0.75
144,D,35.23,7616,0.76
144,C,37.47,6860,-0.01
144,B,39.14,6780,0.0
144,G,41.01,7336,0.77
144,C,43.25,6880,-0.01
144,D,44.71,7696,0.64
144,F,46.72,9858,0.79
144,B,47.73,6860,-0.01
144,G,49.58,7456,0.73
144,F,51.72,9838,0.91
144,D,52.36,7656,0.72
144,G,54.48,7476,0.77
144,D,56.39,7636,0.7
144,F,58.6,9898,0.84
144,B,59.82,6860,-0.01
144,G,61.73,7476,0.79
144,B,64.02,6760,0.01
144,G,66.07,7496,0.78
144,C,68.36,6780,0.0
144,E,70.21,7576,0.64
144,F,71.55,9778,0.75
144,G,72.71,7396,0.79
144,A,74.96,6720,0.03
144,X,78.08,6875,0.86
145,B,9.97,6900,-0.02
145,A,11.96,6860,-0.04
145,E,15.18,7676,0.81
145,B,16.7,6780,0.0
145,E,18.72,7616,0.68
145,A,20.29,6720,0.02
145,G,23.58,7376,0.73
145,A,25.84,6860,-0.04
145,E,28.98,7716,0.8
145,G,30.36,7536,0.61
145,F,32.51,9918,0.81
145,B,33.7,6780,0.0
145,G,35.76,7376,0.88
145,D,37.64,7596,0.73
145,F,39.88,10078,0.69
145,E,41.11,7816,0.84
145,D,42.16,7636,0.75
145,E,44.18,7756,0.8
145,G,45.52,7356,0.76
145,D,47.53,7736,0.58
145,E,49.63,7776,0.87
145,B,50.95,6720,0.01
145,F,52.78,9918,0.9
145,E,53.85,7776,0.9
145,B,55.21,6900,-0.01
145,G,57.15,7496,0.75
145,D,59.11,7616,0.75
145,B,61.29,6860,-0.01
145,F,63.09,9798,0.77
145,A,64.2,6780,0.01
145,E,67.28,7616,0.71
145,B,68.68,6820,-0.01
145,C,70.73,6740,0.01
145,X,72.41,6875,0.91
146,A,9.96,6860,-0.03
146,D,12.74,7636,0.74
146,B,14.86,6820,-0.01
146,E,16.8,7656,0.78
146,D,17.95,7736,0.6
146,G,20.12,7476,0.73
146,C,22.26,6720,0.01
146,A,24.14,6700,0.02
146,B,27.34,6800,0.01
146,A,29.32,6800,0.0
146,E,32.57,7536,0.57
146,A,33.89,6880,-0.04
146,G,37.02,7336,0.75
146,D,38.84,7716,0.63
146,F,41.03,9918,0.87
146,X,42.0,6875,0.87
147,D,9.56,7456,0.77
147,A,11.72,6880,-0.03
147,F,14.95,9878,0.86
147,D,15.58,7636,0.72
147,E,17.72,7796,0.82
147,G,19.08,7416,0.75
147,D,21.06,7616,0.72
147,C,23.2,6860,-0.01
147,B,25.06,6880,-0.01
147,A,27.07,6880,-0.04
147,D,29.8,7656,0.69
147,B,31.79,6900,-0.02
147,A,33.79,6740,0.01
147,F,37.01,10018,0.7
147,B,38.08,6740,0.01
147,D,39.75,7676,0.67
147,E,41.89,7596,0.63
147,F,43.21,9978,0.79
147,D,43.88,7556,0.83
147,G,45.9,7456,0.83
147,A,48.12,6880,-0.04
147,B,51.25,6700,0.01
147,F,53.32,10058,0.69
147,D,53.95,7536,0.86
147,F,56.08,10078,0.63
147,C,57.13,6720,0.01
147,X,58.81,6875,0.94
148,A,9.99,6880,-0.04
148,D,12.64,7556,0.75
148,G,14.65,7536,0.65
148,E,16.83,7716,0.87
148,D,17.94,7536,0.78
148,E,20.07,7516,0.55
148,A,21.49,6740,0.01
148,B,24.6,6720,0.01
148,A,26.73,6900,-0.04
148,F,29.98,10078,0.67
148,A,31.24,6860,-0.04
148,G,34.37,7376,0.8
148,C,36.78,6760,0.01
148,X,38.45,6875,0.89
149,E,9.56,7796,0.79
149,D,10.64,7636,0.68
149,E,12.87,7816,0.79
149,D,13.98,7776,0.55
149,E,16.03,7696,0.86
149,B,17.35,6820,-0.01
149,G,19.44,7336,0.8
149,F,21.68,9978,0.79
149,D,22.43,7596,0.78
149,B,24.67,6780,0.0
149,F,26.75,9878,0.91
149,E,27.76,7776,0.85
149,A,29.17,6900,-0.04
149,D,31.98,7656,0.72
149,A,34.22,6860,-0.04
149,F,37.32,9798,0.9
149,B,38.48,6900,-0.02
149,D,39.9,7476,0.84
149,E,41.98,7576,0.63
149,B,43.3,6760,0.01
149,G,45.18,7396,0.78
149,F,47.55,9858,0.86
149,E,48.75,7676,0.75
149,A,50.15,6880,-0.04
149,G,53.17,7596,0.55
149,C,55.41,6720,0.01
149,B,57.14,6720,0.01
149,F,59.11,9798,0.89
149,E,60.14,7656,0.78
149,F,61.44,9998,0.77
149,C,62.58,6820,-0.01
149,D,63.89,7696,0.66
149,C,66.08,6880,-0.01
149,E,67.81,7636,0.73
149,A,69.24,6840,-0.03
149,E,72.5,7576,0.63
149,B,73.97,6800,0.0
149,E,75.97,7796,0.81
149,D,77.01,7656,0.68
149,F,79.21,10038,0.72
149,E,80.3,7756,0.86
149,C,81.77,6760,0.01
149,B,83.49,6840,-0.01
149,D,85.04,7536,0.85
149,C,87.09,6820,0.0
149,G,88.9,7556,0.6
149,X,91.01,6875,0.88
150,A,9.98,6820,-0.01
150,E,13.01,7796,0.81
150,G,14.32,7396,0.88
150,D,16.07,7536,0.78
150,B,18.12,6720,0.01
150,F,19.98,9798,0.85
150,C,21.0,6880,-0.01
150,E,22.69,7796,0.81
150,B,24.15,6800,0.01
150,C,26.13,6780,0.0
150,A,28.07,6840,-0.04
150,C,31.18,6840,-0.01
150,A,33.05,6900,-0.04
150,E,36.08,7816,0.78
150,F,37.58,10018,0.77
150,E,38.6,7736,0.84
150,F,39.91,9938,0.89
150,G,40.89,7576,0.54
150,B,43.08,6780,0.01
150,E,45.05,7696,0.8
150,D,46.2,7536,0.83
150,X,48.2,6875,0.89
151,D,9.58,7616,0.72
151,G,11.83,7396,0.79
151,A,14.04,6880,-0.04
151,C,17.04,6740,0.01
151,A,18.74,6760,0.01
151,F,21.8,10058,0.7
151,B,22.78,6780,0.0
151,A,24.72,6800,0.0
151,G,27.88,7516,0.69
151,E,30.03,7696,0.85
151,X,31.3,6875,0.89
152,F,9.91,9938,0.82
152,D,10.58,7656,0.67
152,C,12.67,6740,0.01
152,G,14.44,7576,0.59
152,D,16.24,7656,0.66
152,F,18.4,9878,0.86
152,C,19.5,6860,-0.01
152,B,21.28,6780,0.0
152,F,23.16,10078,0.67
152,A,24.4,6880,-0.04
152,D,27.24,7656,0.72
152,E,29.45,7536,0.58
152,G,30.92,7376,0.77
152,B,33.3,6720,0.01
152,G,35.4,7356,0.77
152,C,37.62,6880,-0.01
152,B,39.29,6800,0.0
152,E,41.16,7596,0.67
152,C,42.64,6740,0.01
152,E,44.56,7576,0.6
152,F,46.11,9778,0.82
152,B,47.35,6760,0.01
152,D,48.82,7596,0.77
152,C,50.86,6780,0.0
152,G,52.6,7396,0.84
152,E,54.8,7656,0.8
152,D,55.86,7696,0.67
152,E,57.99,7776,0.88
152,F,59.29,10018,0.71
152,D,60.14,7576,0.77
152,A,62.2,6840,-0.03
152,X,65.22,6875,0.89
153,G,9.96,7376,0.75
153,A,12.24,6780,0.0
153,G,15.45,7396,0.82
153,D,17.2,7476,0.79
153,B,19.37,6760,0.0
153,A,21.46,6760,0.01
153,E,24.57,7536,0.59
153,C,26.08,6880,-0.01
153,D,27.49,7676,0.67
153,A,29.7,6820,-0.01
153,D,32.42,7516,0.87
153,B,34.69,6740,0.0
153,F,36.52,10038,0.73
153,B,37.75,6740,0.0
153,A,39.7,6740,0.01
153,D,42.55,7656,0.72
153,G,44.76,7356,0.71
153,D,46.69,7656,0.68
153,A,48.77,6800,0.0
153,E,51.9,7556,0.61
153,G,53.33,7396,0.88
153,F,55.47,9938,0.85
153,B,56.56,6820,-0.01
153,F,58.57,9858,0.84
153,D,59.39,7536,0.77
153,B,61.56,6800,-0.01
153,G,63.55,7356,0.81
153,F,65.88,9838,0.88
153,G,66.87,7476,0.75
153,D,68.86,7636,0.73
153,C,70.88,6780,0.0
153,X,72.54,6875,0.93
154,A,9.99,6840,-0.04
154,C,13.08,6780,0.0
154,F,14.76,9798,0.82
154,E,15.85,7676,0.76
154,A,17.29,6760,0.01
154,C,20.61,6900,-0.01
154,E,22.3,7636,0.74
154,F,23.73,10058,0.68
154,A,24.79,6820,-0.0
154,B,27.95,6700,0.01
154,D,29.6,7476,0.77
154,C,31.81,6780,0.01
154,B,33.74,6860,-0.01
154,A,35.58,6860,-0.04
154,E,38.73,7676,0.79
154,B,40.24,6780,0.0
154,D,41.95,7576,0.83
154,C,43.99,6720,0.01
154,E,45.78,7676,0.79
154,G,47.22,7436,0.87
154,A,49.41,6820,-0.03
154,C,52.59,6720,0.01
154,A,54.52,6800,0.0
154,F,57.83,9778,0.78
154,B,59.09,6720,0.01
154,A,60.94,6860,-0.04
154,D,63.8,7476,0.76
154,C,65.99,6780,0.0
154,A,67.81,6800,0.0
154,C,70.93,6720,0.01
154,E,72.81,7616,0.7
154,G,74.26,7356,0.81
154,X,76.38,6875,0.92
155,D,9.58,7636,0.71
155,C,11.58,6700,0.02
155,A,13.32,6800,0.0
155,B,16.37,6860,-0.01
155,E,18.24,7556,0.58
155,D,19.33,7456,0.77
155,G,21.37,7356,0.71
155,F,23.67,9758,0.81
155,A,24.75,6760,0.01
155,G,27.84,7456,0.7
155,A,30.2,6780,0.01
155,E,33.43,7636,0.71
155,A,34.74,6800,0.0
155,C,37.86,6760,0.01
155,A,39.57,6780,0.0
155,C,42.74,6800,0.0
155,E,44.42,7656,0.78
155,C,45.85,6760,0.01
155,F,47.76,9838,0.93
155,G,48.92,7396,0.77
155,A,51.07,6860,-0.04
155,D,53.88,7516,0.8
155,C,56.03,6800,0.0
155,A,57.73,6740,0.01
155,B,60.82,6800,-0.01
155,X,62.62,6875,0.95
156,D,9.56,7636,0.68
156,E,11.55,7796,0.81
156,D,12.71,7596,0.74
156,C,14.73,6880,-0.01
156,A,16.44,6820,-0.04
156,D,19.19,7716,0.64
156,B,21.43,6800,0.0
156,A,23.31,6860,-0.04
156,G,26.33,7456,0.77
156,A,28.49,6820,0.0
156,C,31.82,6860,-0.01
156,F,33.49,9818,0.79
156,G,34.56,7416,0.84
156,D,36.44,7696,0.64
156,E,38.54,7556,0.59
156,C,39.91,6800,0.01
156,D,41.38,7576,0.81
156,E,43.62,7656,0.74
156,F,45.18,9778,0.77
156,G,46.22,7496,0.75
156,F,48.48,9998,0.81
156,D,49.1,7596,0.8
156,B,51.37,6840,-0.01
156,C,53.37,6780,0.0
156,F,55.22,9858,0.85
156,C,56.48,6760,0.01
156,B,58.4,6700,0.01
156,D,60.0,7516,0.85
156,F,62.15,9878,0.9
156,D,62.94,7636,0.72
156,E,65.07,7736,0.87
156,F,66.58,9958,0.83
156,D,67.2,7556,0.8
156,E,69.24,7636,0.74
156,C,70.62,6780,0.01
156,E,72.56,7716,0.87
156,A,74.02,6860,-0.04
156,X,77.02,6875,0.93
157,D,9.58,7476,0.81
157,B,11.81,6860,-0.01
157,E,13.75,7716,0.78
157,B,15.06,6880,-0.01
157,E,17.1,7656,0.78
157,F,18.42,9998,0.77
157,E,19.68,7596,0.66
157,B,21.18,6900,-0.01
157,A,23.01,6780,0.0
157,F,26.32,9898,0.86
157,G,27.54,7376,0.74
157,B,29.73,6860,-0.02
157,C,31.54,6860,-0.01
157,A,33.47,6760,0.01
157,E,36.56,7756,0.86
157,A,37.99,6900,-0.04
157,B,41.23,6780,0.0
157,F,43.3,9778,0.86
157,B,44.41,6880,-0.02
157,F,46.33,9958,0.81
157,G,47.39,7416,0.76
157,F,49.58,9998,0.78
157,D,50.21,7516,0.8
157,C,52.48,6800,0.0
157,X,54.12,6875,0.93
158,G,9.97,7356,0.74
158,D,11.77,7476,0.75
158,B,13.81,6760,0.01
158,A,15.72,6740,0.01
158,D,18.62,7556,0.79
158,C,20.72,6820,0.0
158,D,22.12,7456,0.76
158,F,24.28,9878,0.87
158,C,25.31,6820,0.0
158,D,26.58,7496,0.79
158,E,28.76,7796,0.77
158,X,30.03,6875,0.83
159,D,9.56,7676,0.65
159,B,11.64,6880,-0.01
159,D,13.23,7696,0.66
159,F,15.39,9998,0.78
159,D,16.01,7756,0.58
159,A,18.13,6720,0.01
159,C,21.42,6760,0.01
159,B,23.13,6760,0.0
159,F,25.02,9818,0.87
159,A,26.04,6820,-0.0
159,B,29.1,6840,-0.01
159,D,30.57,7556,0.77
159,A,32.72,6880,-0.04
159,C,35.81,6840,0.0
159,A,37.48,6860,-0.03
159,G,40.59,7496,0.72
159,C,42.89,6840,0.0
159,D,44.19,7556,0.79
159,F,46.42,9978,0.81
159,G,47.54,7396,0.78
159,A,49.71,6740,0.01
159,E,52.99,7516,0.55
159,C,54.34,6840,-0.01
159,B,56.24,6740,0.01
159,F,58.34,9938,0.85
159,B,59.33,6800,-0.01
159,F,61.15,9798,0.89
159,C,62.35,6740,0.01
159,A,64.11,6880,-0.04
159,D,66.87,7596,0.81
159,A,68.94,6820,0.0
159,F,72.19,9818,0.85
159,B,73.29,6720,0.01
159,E,75.24,7776,0.82
159,C,76.69,6840,0.0
159,F,78.56,9758,0.87
159,B,79.69,6800,0.0
159,C,81.58,6880,-0.01
159,A,83.29,6840,-0.03
159,F,86.31,9758,0.82
159,G,87.36,7576,0.61
159,X,89.47,6875,0.88
160,B,9.98,6780,-0.01
160,C,11.9,6900,-0.02
160,A,13.77,6700,0.02
160,C,16.9,6800,0.01
160,F,18.71,9798,0.82
160,A,19.72,6760,0.0
160,D,22.62,7716,0.64
160,B,24.82,6740,0.01
160,E,26.8,7656,0.81
160,D,27.76,7536,0.78
160,B,29.81,6820,0.0
160,G,31.65,7436,0.76
160,D,33.64,7476,0.83
160,E,35.8,7776,0.87
160,F,37.28,9898,0.89
160,G,38.31,7336,0.8
160,C,40.58,6780,0.01
160,G,42.29,7376,0.84
160,A,44.63,6840,-0.03
160,B,47.9,6800,0.0
160,X,49.71,6875,0.87
161,F,9.95,10038,0.73
161,E,11.17,7716,0.86
161,C,12.5,6760,0.01
161,B,14.22,6720,0.01
161,E,16.2,7796,0.85
161,D,17.31,7596,0.81
161,E,19.37,7736,0.91
161,D,20.41,7756,0.58
161,G,22.38,7416,0.87
161,F,24.51,9858,0.81
161,A,25.78,6860,-0.04
161,G,28.89,7476,0.82
161,C,31.12,6800,0.0
161,B,33.02,6840,-0.01
161,E,34.85,7556,0.61
161,G,36.23,7416,0.78
161,C,38.43,6820,-0.01
161,B,40.2,6880,-0.02
161,G,42.06,7376,0.8
161,E,44.28,7596,0.63
161,C,45.79,6780,0.0
161,G,47.47,7496,0.75
161,A,49.72,6880,-0.04
161,G,52.75,7516,0.71
161,B,54.98,6760,0.0
161,D,56.54,7496,0.8
161,G,58.76,7516,0.73
161,E,61.13,7776,0.85
161,D,62.03,7476,0.83
161,A,64.19,6840,-0.04
161,D,66.97,7556,0.85
161,A,69.03,6860,-0.03
161,F,72.15,9918,0.89
161,X,73.14,6875,0.92
162,F,9.94,9798,0.86
162,G,11.02,7456,0.7
162,E,13.22,7736,0.87
162,A,14.54,6720,0.01
162,B,17.66,6740,0.01
162,A,19.73,6880,-0.04
162,D,22.42,7656,0.65
162,C,24.66,6820,0.01
162,X,26.3,6875,0.85
163,F,9.96,9918,0.9
163,G,10.99,7456,0.73
163,F,13.23,9898,0.87
163,B,14.44,6760,0.01
163,A,16.29,6740,0.01
163,G,19.48,7576,0.57
163,D,21.43,7516,0.85
163,G,23.45,7456,0.85
163,F,25.61,9818,0.81
163,E,26.77,7596,0.68
163,D,27.73,7476,0.78
163,B,29.81,6760,0.0
163,F,31.73,9898,0.86
163,E,32.98,7576,0.6
163,F,34.34,9998,0.78
163,E,35.36,7756,0.83
163,A,36.93,6800,0.0
163,D,39.61,7676,0.69
163,F,41.79,9758,0.81
163,A,42.84,6840,-0.03
163,F,46.07,10018,0.75
163,E,47.3,7756,0.79
163,B,48.87,6820,-0.01
163,G,50.94,7336,0.73
163,D,52.8,7696,0.63
163,E,54.97,7596,0.66
163,B,56.46,6880,-0.02
163,F,58.48,9978,0.81
163,B,59.5,6840,-0.01
163,F,61.3,10018,0.77
163,E,62.35,7796,0.83
163,B,63.67,6760,0.0
163,A,65.53,6820,0.0
163,F,68.73,9998,0.76
163,C,69.75,6860,-0.01
163,F,71.64,9838,0.9
163,A,72.73,6740,0.01
163,B,75.9,6780,0.0
163,E,77.8,7776,0.83
163,F,79.08,10058,0.7
163,E,80.06,7676,0.78
163,A,81.44,6780,0.01
163,E,84.52,7736,0.81
163,C,86.01,6840,-0.01
163,G,87.83,7516,0.72
163,A,90.03,6780,0.0
163,D,92.92,7476,0.79
163,X,94.94,6875,0.9
164,D,9.58,7656,0.66
164,C,11.8,6820,0.01
164,D,13.09,7756,0.54
164,F,15.11,9978,0.8
164,G,16.2,7516,0.71
164,B,18.59,6780,0.0
164,D,20.16,7716,0.61
164,A,22.17,6820,-0.01
164,D,24.9,7476,0.8
164,G,26.99,7436,0.74
164,A,29.27,6720,0.02
164,E,32.56,7816,0.77
164,G,33.86,7356,0.77
164,C,36.0,6880,-0.01
164,A,37.77,6820,0.0
164,D,40.44,7616,0.78
164,G,42.64,7336,0.78
164,B,45.03,6820,-0.01
164,C,47.03,6880,-0.01
164,A,48.69,6720,0.02
164,F,51.96,9938,0.89
164,B,53.08,6860,-0.01
164,A,54.98,6820,0.0
164,E,58.25,7556,0.62
164,X,59.54,6875,0.94
165,B,9.98,6720,0.01
165,D,11.48,7476,0.76
165,A,13.58,6740,0.01
165,D,16.35,7536,0.77
165,C,18.48,6780,0.0
165,F,20.15,9938,0.89
165,E,21.15,7736,0.75
165,G,22.42,7576,0.55
165,D,24.32,7476,0.79
165,E,26.59,7596,0.66
165,A,27.97,6760,0.0
165,E,31.04,7756,0.87
165,G,32.41,7496,0.76
165,E,34.59,7736,0.85
165,G,35.89,7356,0.8
165,A,38.13,6780,0.0
165,B,41.39,6820,-0.01
165,E,43.3,7776,0.83
165,A,44.78,6780,0.0
165,D,47.44,7576,0.86
165,G,49.64,7396,0.87
165,E,51.89,7576,0.62
165,C,53.43,6760,0.01
165,A,55.35,6720,0.01
165,C,58.67,6860,-0.01
165,A,60.4,6880,-0.04
165,E,63.41,7796,0.85
165,C,64.73,6780,0.01
165,G,66.46,7456,0.84
165,D,68.47,7556,0.85
165,F,70.55,9858,0.86
165,X,71.54,6875,0.87
166,A,9.99,6880,-0.04
166,B,13.16,6740,0.01
166,F,15.19,9798,0.89
166,C,16.31,6840,-0.01
166,D,17.76,7736,0.6
166,F,20.01,9798,0.87
166,A,21.18,6880,-0.04
166,E,24.32,7756,0.8
166,D,25.31,7616,0.78
166,F,27.56,9938,0.79
166,E,28.67,7616,0.71
166,F,30.08,9778,0.85
166,G,31.13,7536,0.65
166,X,33.24,6875,0.94
167,E,9.5,7696,0.87
167,B,10.82,6880,-0.02
167,D,12.25,7576,0.83
167,G,14.38,7396,0.76
167,B,16.75,6760,0.01
167,D,18.36,7756,0.59
167,F,20.34,10078,0.67
167,B,21.54,6840,-0.01
167,C,23.42,6800,0.01
167,E,25.12,7556,0.61
167,D,26.23,7516,0.82
167,G,28.43,7516,0.65
167,C,30.57,6780,0.01
167,E,32.32,7796,0.82
167,F,33.62,9918,0.86
167,B,34.78,6780,0.0
167,E,36.68,7796,0.85
167,D,37.74,7716,0.57
167,E,39.84,7756,0.91
167,D,40.97,7636,0.75
167,F,43.03,10038,0.72
167,D,43.83,7736,0.61
167,E,46.09,7536,0.58
167,F,47.54,10078,0.68
167,G,48.62,7496,0.73
167,C,50.81,6760,0.01
167,G,52.71,7476,0.74
167,A,54.9,6720,0.01
167,B,58.17,6800,-0.01
167,G,59.97,7416,0.84
167,E,62.37,7776,0.81
167,B,63.7,6880,-0.01
167,F,65.51,9958,0.86
167,B,66.74,6780,-0.01
167,F,68.67,9878,0.86
167,E,69.79,7696,0.77
167,F,71.14,9898,0.85
167,A,72.18,6780,0.01
167,E,75.47,7676,0.77
167,D,76.59,7596,0.8
167,G,78.83,7476,0.7
167,D,80.74,7616,0.74
167,G,82.98,7496,0.68
167,B,85.22,6900,-0.02
167,D,86.75,7636,0.74
167,G,88.89,7436,0.88
167,E,91.06,7796,0.83
167,B,92.53,6820,-0.01
167,G,94.47,7396,0.85
167,C,96.67,6840,-0.01
167,X,98.33,6875,0.86
168,E,9.5,7736,0.84
168,F,10.97,9998,0.74
168,A,12.07,6780,0.0
168,F,15.26,9878,0.87
168,G,16.51,7556,0.6
168,C,18.69,6800,0.0
168,B,20.45,6740,0.01
168,D,21.96,7676,0.68
168,F,24.08,10058,0.69
168,G,25.21,7436,0.86
168,F,27.38,9838,0.87
168,D,28.04,7536,0.83
168,C,30.1,6860,-0.01
168,E,31.78,7776,0.87
168,G,33.34,7436,0.78
168,B,35.61,6880,-0.01
168,D,37.05,7616,0.75
168,B,39.31,6780,0.0
168,F,41.21,9798,0.83
168,B,42.28,6780,0.01
168,E,44.29,7576,0.6
168,F,45.7,9798,0.83
168,B,46.89,6720,0.01
168,D,48.44,7596,0.71
168,G,50.59,7576,0.58
168,D,52.48,7496,0.77
168,F,54.64,9918,0.85
168,B,55.65,6900,-0.02
168,E,57.6,7516,0.55
168,A,58.96,6840,-0.03
168,X,61.98,6875,0.92
169,F,9.97,10058,0.69
169,B,11.1,6740,0.01
169,D,12.59,7596,0.83
169,G,14.61,7476,0.77
169,F,16.78,9918,0.81
169,B,18.01,6720,0.02
169,G,20.01,7376,0.77
169,D,21.96,7676,0.66
169,B,23.98,6880,-0.02
169,F,25.82,9858,0.83
169,G,26.82,7396,0.85
169,D,28.62,7696,0.65
169,F,30.86,9838,0.85
169,C,32.03,6880,-0.02
169,G,33.69,7456,0.86
169,D,35.57,7576,0.76
169,F,37.64,9998,0.79
169,B,38.65,6800,0.0
169,D,40.11,7616,0.79
169,G,42.22,7516,0.71
169,F,44.53,9858,0.84
169,C,45.53,6860,-0.01
169,D,47.05,7516,0.86
169,E,49.23,7636,0.71
169,D,50.24,7596,0.74
169,F,52.41,9898,0.84
169,D,53.16,7616,0.69
169,A,55.34,6820,0.0
169,X,58.38,6875,0.86
170,F,9.98,9798,0.76
170,D,10.77,7476,0.75
170,C,12.88,6740,0.01
170,B,14.58,6860,-0.02
170,E,16.4,7776,0.86
170,A,17.76,6720,0.01
170,D,20.69,7736,0.59
170,G,22.67,7536,0.68
170,X,24.79,6875,0.87
171,C,9.99,6820,-0.01
171,F,11.72,9818,0.82
171,C,12.83,6840,-0.01
171,G,14.53,7396,0.83
171,E,16.74,7676,0.78
171,A,18.2,6840,-0.03
171,E,21.41,7636,0.71
171,G,22.96,7396,0.77
171,E,25.34,7816,0.8
171,G,26.69,7556,0.61
171,E,28.89,7816,0.78
171,F,30.43,9778,0.83
171,C,31.66,6820,0.0
171,D,33.15,7636,0.73
171,A,35.36,6760,0.01
171,C,38.55,6820,-0.01
171,A,40.39,6720,0.01
171,F,43.54,10018,0.78
171,A,44.73,6760,0.0
171,C,47.8,6800,0.0
171,D,49.17,7616,0.78
171,A,51.17,6880,-0.04
171,F,54.19,10058,0.68
171,D,54.94,7696,0.64
171,F,57.18,9858,0.78
171,C,58.43,6740,0.01
171,A,60.17,6800,0.0
171,C,63.41,6740,0.01
171,A,65.22,6760,0.01
171,C,68.38,6740,0.01
171,A,70.29,6740,0.01
171,C,73.56,6900,-0.01
171,D,74.99,7576,0.81
171,C,77.05,6900,-0.01
171,F,78.84,9898,0.91
171,C,79.91,6880,-0.01
171,B,81.69,6760,0.0
171,A,83.72,6800,0.0
171,C,87.0,6760,0.01
171,D,88.44,7716,0.6
171,B,90.51,6860,-0.01
171,G,92.58,7476,0.8
171,E,94.84,7816,0.78
171,B,96.2,6880,-0.01
171,G,98.13,7476,0.79
171,F,100.33,9978,0.77
171,X,101.32,6875,0.93
172,G,9.95,7516,0.66
172,C,12.33,6700,0.01
172,A,14.04,6860,-0.04
172,E,17.08,7776,0.84
172,F,18.49,10058,0.73
172,D,19.11,7556,0.85
172,B,21.36,6880,-0.02
172,E,23.44,7536,0.58
172,D,24.59,7756,0.59
172,B,26.81,6700,0.01
172,E,28.77,7776,0.84
172,C,30.2,6740,0.01
172,G,31.91,7416,0.73
172,F,34.22,10078,0.69
172,A,35.48,6760,0.01
172,X,38.53,6875,0.88
173,E,9.5,7736,0.83
173,A,11.0,6820,-0.03
173,B,14.14,6760,0.01
173,A,16.11,6800,0.0
173,F,19.41,9898,0.83
173,A,20.45,6800,0.0
173,E,23.68,7836,0.74
173,D,24.74,7716,0.62
173,C,26.76,6740,0.01
173,D,28.09,7636,0.72
173,C,30.1,6880,-0.01
173,G,31.97,7336,0.7
173,X,34.1,6875,0.93
174,A,9.96,6780,0.0
174,E,13.19,7576,0.62
174,D,14.11,7736,0.6
174,E,16.32,7736,0.85
174,A,17.8,6740,0.01
174,G,20.96,7356,0.79
174,A,23.2,6740,0.01
174,B,26.41,6860,-0.01
174,A,28.38,6860,-0.04
174,E,31.59,7656,0.76
174,B,32.94,6780,0.0
174,C,34.93,6780,0.0
174,E,36.67,7596,0.66
174,D,37.81,7756,0.55
174,E,39.95,7616,0.69
174,A,41.31,6800,0.0
174,G,44.39,7396,0.75
174,A,46.69,6840,-0.03
174,F,49.71,9878,0.89
174,B,50.84,6760,0.01
174,G,52.78,7336,0.76
174,B,55.15,6820,-0.01
174,G,57.09,7536,0.68
174,F,59.43,9838,0.89
174,D,60.14,7496,0.83
174,C,62.18,6720,0.01
174,E,63.92,7596,0.63
174,F,65.44,9938,0.89
174,E,66.69,7756,0.8
174,G,68.02,7396,0.82
174,B,70.38,6860,-0.01
174,A,72.36,6800,0.0
174,X,75.39,6875,0.87
175,A,9.96,6700,0.02
175,D,12.85,7576,0.76
175,A,15.08,6880,-0.04
175,B,18.16,6740,0.01
175,A,20.08,6800,0.0
175,C,23.37,6860,-0.01
175,F,25.14,9978,0.74
175,A,26.21,6780,0.01
175,B,29.42,6760,0.01
175,C,31.39,6740,0.01
175,B,33.31,6760,0.01
175,F,35.37,9918,0.82
175,D,36.03,7616,0.73
175,E,38.15,7516,0.54
175,F,39.45,9978,0.75
175,D,40.23,7616,0.74
175,G,42.48,7476,0.71
175,X,44.61,6875,0.89
176,A,9.96,6760,0.01
176,B,13.06,6840,-0.01
176,A,15.15,6820,-0.0
176,F,18.24,10018,0.74
176,D,19.08,7616,0.77
176,B,21.09,6780,-0.01
176,G,22.91,7596,0.53
176,C,25.29,6760,0.01
176,F,26.96,10078,0.65
176,B,28.13,6740,0.01
176,F,30.05,9858,0.84
176,B,31.03,6860,-0.01
176,D,32.64,7616,0.79
176,F,34.86,10038,0.75
176,C,36.02,6840,-0.01
176,D,37.54,7576,0.83
176,C,39.58,6860,0.0
176,B,41.41,6840,0.0
176,D,43.02,7656,0.68
176,C,45.22,6760,0.01
176,G,46.93,7536,0.67
176,F,49.08,9758,0.85
176,B,50.18,6780,-0.01
176,E,52.07,7736,0.85
176,B,53.64,6880,-0.02
176,C,55.7,6820,0.0
176,G,57.37,7596,0.55
176,D,59.34,7716,0.63
176,B,61.36,6820,-0.01
176,A,63.43,6740,0.01
176,F,66.68,9818,0.82
176,A,67.71,6800,0.0
176,C,70.85,6740,0.01
176,F,72.62,9978,0.8
176,E,73.61,7756,0.82
176,X,74.88,6875,0.95
177,G,9.93,7516,0.74
177,A,12.2,6820,-0.0
177,G,15.25,7596,0.54
177,C,17.38,6720,0.01
177,D,18.68,7616,0.74
177,B,20.89,6720,0.01
177,G,22.76,7416,0.74
177,E,25.07,7776,0.89
177,C,26.45,6760,0.01
177,E,28.35,7716,0.89
177,B,29.75,6760,0.0
177,A,31.67,6860,-0.04
177,D,34.32,7636,0.75
177,G,36.55,7556,0.63
177,D,38.38,7596,0.79
177,G,40.39,7496,0.79
177,B,42.54,6780,0.0
177,A,44.5,6740,0.01
177,G,47.73,7456,0.77
177,B,50.02,6740,0.0
177,E,51.95,7656,0.72
177,G,53.42,7456,0.83
177,D,55.31,7636,0.69
177,C,57.34,6840,-0.01
177,B,59.06,6900,-0.02
177,D,60.61,7676,0.7
177,G,62.83,7456,0.79
177,B,65.24,6820,-0.01
177,F,67.06,9758,0.78
177,X,68.06,6875,0.93
178,F,9.95,9838,0.9
178,A,11.15,6880,-0.04
178,F,14.28,9818,0.87
178,C,15.41,6880,-0.02
178,B,17.16,6840,-0.01
178,C,19.17,6720,0.01
178,G,20.95,7376,0.75
178,B,23.13,6780,-0.01
178,C,25.11,6820,-0.01
178,A,26.82,6720,0.01
178,F,30.04,10038,0.72
178,A,31.04,6760,0.01
178,G,34.27,7536,0.65
178,E,36.49,7796,0.81
178,G,37.8,7376,0.85
178,E,40.18,7756,0.88
178,B,41.71,6760,0.0
178,F,43.76,9798,0.77
178,G,44.96,7436,0.79
178,B,47.34,6840,-0.01
178,G,49.26,7556,0.6
178,B,51.4,6740,0.01
178,C,53.28,6880,-0.01
178,A,54.95,6880,-0.04
178,B,57.97,6760,0.01
178,G,59.98,7436,0.8
178,A,62.17,6780,0.01
178,G,65.46,7396,0.75
178,F,67.74,9998,0.76
178,B,68.85,6860,-0.02
178,C,70.68,6880,-0.01
178,G,72.37,7496,0.75
178,F,74.49,9938,0.86
178,D,75.16,7636,0.73
178,C,77.39,6700,0.01
178,D,78.77,7656,0.66
178,F,80.79,9858,0.92
178,A,81.94,6880,-0.04
178,B,85.15,6900,-0.02
178,A,87.14,6800,0.0
178,F,90.39,10078,0.69
178,D,91.19,7576,0.8
178,B,93.4,6740,0.01
178,D,94.99,7516,0.83
178,E,97.26,7616,0.67
178,B,98.69,6720,0.01
178,G,100.66,7536,0.68
178,X,102.76,6875,0.92
179,E,9.55,7656,0.77
179,G,10.92,7396,0.86
179,E,13.32,7816,0.72
179,F,14.64,10078,0.64
179,G,15.82,7336,0.77
179,C,18.04,6760,0.01
179,D,19.59,7696,0.65
179,G,21.68,7536,0.69
179,D,23.53,7756,0.57
179,E,25.56,7636,0.71
179,G,26.89,7456,0.82
179,E,29.05,7616,0.68
179,F,30.45,9918,0.87
179,G,31.66,7436,0.83
179,E,33.83,7736,0.85
179,D,34.83,7736,0.6
179,G,36.97,7336,0.76
179,F,39.35,9898,0.92
179,D,40.06,7556,0.77
179,E,42.15,7516,0.57
179,F,43.48,9778,0.82
179,C,44.7,6780,0.01
179,G,46.55,7356,0.79
179,A,48.88,6840,-0.04
179,G,51.94,7476,0.83
179,F,54.09,9938,0.89
179,G,55.13,7536,0.67
179,C,57.34,6800,0.0
179,B,59.19,6820,-0.01
179,X,60.99,6875,0.88
180,C,9.96,6840,-0.01
180,E,11.81,7636,0.73
180,F,13.32,9878,0.85
180,C,14.43,6840,-0.01
180,A,16.11,6760,0.01
180,E,19.43,7816,0.81
180,A,20.82,6840,-0.03
180,F,23.88,9838,0.9
180,E,24.95,7616,0.71
180,B,26.42,6700,0.01
180,C,28.4,6800,0.01
180,G,30.32,7456,0.78
180,C,32.58,6780,0.01
180,B,34.51,6780,0.0
180,C,36.39,6880,-0.01
180,F,38.25,9978,0.82
180,E,39.49,7716,0.86
180,F,40.78,9778,0.89
180,B,41.81,6820,-0.01
180,E,43.65,7596,0.68
180,C,45.21,6760,0.01
180,B,47.11,6720,0.01
180,D,48.64,7716,0.61
180,E,50.63,7656,0.76
180,A,52.22,6740,0.01
180,E,55.36,7836,0.76
180,A,56.83,6720,0.01
180,E,60.11,7636,0.72
180,A,61.44,6880,-0.04
180,D,64.31,7736,0.57
180,B,66.49,6800,-0.01
180,A,68.51,6840,-0.03
180,C,71.71,6720,0.01
180,E,73.57,7616,0.71
180,C,74.94,6760,0.0
180,B,76.83,6820,-0.01
180,D,78.3,7736,0.62
180,F,80.3,9958,0.84
180,B,81.52,6820,-0.01
180,D,83.05,7476,0.81
180,B,85.32,6760,0.0
180,A,87.24,6820,0.0
180,F,90.3,9758,0.78
180,C,91.51,6880,-0.01
180,F,93.18,9858,0.8
180,D,94.04,7736,0.6
180,G,96.14,7336,0.75
180,X,98.26,6875,0.93
181,B,9.97,6720,0.01
181,A,11.93,6840,-0.03
181,B,15.07,6720,0.01
181,A,17.0,6800,0.0
181,B,20.19,6800,0.0
181,G,22.16,7516,0.7
181,B,24.46,6860,-0.02
181,F,26.45,9978,0.72
181,B,27.63,6780,0.0
181,A,29.59,6880,-0.04
181,D,32.37,7636,0.74
181,A,34.44,6700,0.01
181,G,37.51,7596,0.54
181,E,39.62,7796,0.82
181,C,41.06,6780,0.01
181,E,42.98,7556,0.6
181,B,44.47,6900,-0.02
181,F,46.42,9918,0.79
181,B,47.66,6780,-0.01
181,E,49.73,7656,0.76
181,F,51.18,9858,0.9
181,E,52.18,7636,0.71
181,D,53.23,7716,0.62
181,C,55.25,6860,-0.01
181,E,56.96,7616,0.69
181,A,58.28,6780,0.01
181,F,61.53,9898,0.86
181,C,62.73,6800,-0.01
181,B,64.51,6780,0.0
181,E,66.45,7576,0.63
181,F,67.9,9978,0.74
181,A,69.01,6840,-0.03
181,G,72.21,7376,0.7
181,X,74.33,6875,0.88
182,G,9.93,7536,0.61
182,F,12.29,9778,0.82
182,G,13.39,7496,0.72
182,E,15.6,7756,0.85
182,D,16.52,7656,0.68
182,E,18.56,7536,0.59
182,B,19.89,6780,0.0
182,C,21.95,6740,0.01
182,D,23.32,7556,0.77
182,C,25.43,6780,0.0
182,D,26.97,7556,0.79
182,F,29.01,9758,0.82
182,D,29.85,7636,0.71
182,E,32.12,7716,0.81
182,D,33.06,7536,0.85
182,E,35.1,7636,0.74
182,D,36.26,7756,0.58
182,E,38.34,7616,0.65
182,B,39.78,6780,0.01
182,E,41.79,7576,0.61
182,C,43.29,6780,0.01
182,E,45.12,7576,0.64
182,G,46.45,7396,0.86
182,A,48.63,6800,0.0
182,D,51.52,7536,0.77
182,G,53.73,7436,0.82
182,D,55.48,7496,0.84
182,A,57.52,6740,0.01
182,E,60.62,7656,0.72
182,F,62.05,9778,0.85
182,E,63.31,7816,0.79
182,D,64.29,7536,0.81
182,G,66.49,7396,0.84
182,A,68.69,6800,0.0
182,D,71.48,7696,0.63
182,B,73.6,6740,0.01
182,D,75.23,7716,0.6
182,A,77.49,6860,-0.04
182,B,80.53,6820,-0.01
182,E,82.46,7676,0.84
182,D,83.39,7616,0.79
182,C,85.42,6740,0.01
182,X,87.11,6875,0.93
183,E,9.48,7696,0.8
183,B,10.99,6780,0.0
183,A,13.06,6860,-0.03
183,D,15.68,7556,0.88
183,F,17.83,9918,0.89
183,C,19.08,6740,0.01
183,D,20.4,7556,0.78
183,B,22.63,6900,-0.02
183,A,24.58,6720,0.02
183,E,27.93,7736,0.84
183,A,29.41,6760,0.01
183,B,32.64,6720,0.01
183,F,34.55,9978,0.72
183,C,35.55,6700,0.02
183,B,37.29,6740,0.01
183,C,39.18,6740,0.01
183,E,41.06,7576,0.65
183,B,42.49,6860,-0.01
183,F,44.42,9938,0.78
183,B,45.41,6780,0.0
183,F,47.34,9858,0.89
183,D,48.18,7656,0.71
183,C,50.36,6800,0.01
183,G,52.08,7476,0.83
183,E,54.34,7656,0.78
183,C,55.89,6880,-0.01
183,E,57.57,7696,0.82
183,B,59.11,6720,0.01
183,G,61.03,7416,0.75
183,F,63.2,9798,0.79
183,C,64.44,6820,-0.01
183,D,65.71,7636,0.75
183,A,67.8,6900,-0.04
183,X,70.79,6875,0.91
184,B,9.96,6780,-0.01
184,G,12.01,7416,0.79
184,B,14.23,6820,0.0
184,G,16.22,7556,0.65
184,C,18.59,6720,0.01
184,D,20.0,7596,0.83
184,E,22.05,7776,0.87
184,A,23.59,6780,0.0
184,D,26.33,7656,0.67
184,B,28.34,6720,0.01
184,A,30.27,6800,0.0
184,C,33.38,6820,-0.01
184,D,34.74,7736,0.57
184,G,36.71,7516,0.68
184,D,38.6,7536,0.82
184,C,40.66,6880,-0.01
184,F,42.51,9798,0.89
184,X,43.5,6875,0.87
185,E,9.48,7636,0.74
185,G,10.8,7556,0.58
185,C,12.96,6720,0.01
185,D,14.53,7556,0.79
185,G,16.67,7456,0.73
185,B,18.96,6700,0.01
185,C,21.08,6760,0.01
185,F,22.76,9958,0.87
185,G,23.76,7476,0.75
185,A,26.17,6720,0.02
185,X,29.25,6875,0.85
186,E,9.55,7576,0.62
186,G,11.04,7416,0.86
186,B,13.44,6840,-0.01
186,D,14.9,7696,0.61
186,C,17.15,6880,-0.01
186,F,19.05,9898,0.86
186,B,20.05,6700,0.01
186,G,22.13,7476,0.75
186,F,24.36,9778,0.86
186,D,25.04,7476,0.85
186,F,27.22,9898,0.89
186,A,28.26,6840,-0.03
186,C,31.3,6760,0.01
186,E,33.23,7736,0.87
186,D,34.17,7696,0.64
186,F,36.41,9898,0.87
186,B,37.51,6820,-0.01
186,A,39.54,6740,0.01
186,G,42.61,7596,0.54
186,X,44.71,6875,0.9
187,D,9.56,7576,0.81
187,G,11.77,7576,0.56
187,E,14.01,7816,0.78
187,A,15.36,6800,0.0
187,G,18.53,7496,0.76
187,C,20.64,6780,0.0
187,B,22.56,6840,-0.01
187,E,24.47,7636,0.71
187,G,26.0,7376,0.69
187,D,27.96,7536,0.81
187,E,30.02,7616,0.73
187,C,31.4,6740,0.01
187,G,33.28,7396,0.86
187,B,35.44,6760,0.01
187,C,37.46,6780,0.01
187,B,39.3,6860,-0.01
187,G,41.25,7416,0.82
187,B,43.42,6840,-0.01
187,E,45.25,7796,0.78
187,D,46.35,7476,0.73
187,E,48.42,7756,0.88
187,G,49.94,7436,0.85
187,E,52.35,7516,0.56
187,D,53.35,7596,0.79
187,G,55.51,7536,0.65
187,C,57.9,6860,-0.01
187,F,59.64,9838,0.88
187,X,60.62,6875,0.94
188,B,9.99,6900,-0.02
188,E,11.8,7536,0.57
188,F,13.22,9978,0.84
188,D,14.02,7636,0.75
188,B,16.1,6840,-0.01
188,C,17.97,6880,-0.01
188,E,19.77,7716,0.78
188,F,21.09,9858,0.9
188,A,22.18,6820,-0.0
188,F,25.38,9798,0.88
188,E,26.47,7536,0.59
188,F,27.96,9938,0.88
188,C,29.06,6800,0.0
188,B,30.81,6800,0.0
188,G,32.88,7596,0.54
188,X,34.97,6875,0.9
189,C,9.95,6800,0.0
189,G,11.63,7456,0.83
189,E,13.87,7536,0.58
189,G,15.29,7456,0.79
189,D,17.22,7596,0.78
189,B,19.36,6800,0.0
189,E,21.39,7676,0.82
189,B,22.69,6820,-0.01
189,G,24.61,7476,0.69
189,B,26.84,6820,-0.01
189,D,28.26,7516,0.86
189,E,30.47,7816,0.76
189,A,31.98,6720,0.01
189,E,35.3,7556,0.61
189,G,36.76,7356,0.76
189,C,38.94,6700,0.02
189,G,40.72,7436,0.79
189,D,42.48,7636,0.7
189,C,44.69,6840,-0.01
189,F,46.57,9918,0.9
189,E,47.63,7796,0.8
189,F,49.14,9938,0.88
189,A,50.17,6880,-0.04
189,C,53.24,6860,-0.01
189,B,55.05,6740,0.01
189,F,57.15,9898,0.82
189,D,57.84,7556,0.76
189,A,59.88,6780,0.0
189,E,63.03,7736,0.88
189,D,64.16,7476,0.8
189,A,66.43,6860,-0.04
189,F,69.43,10018,0.74
189,A,70.61,6800,0.0
189,B,73.82,6840,-0.01
189,F,75.77,9898,0.83
189,D,76.55,7716,0.59
189,C,78.59,6760,0.01
189,E,80.41,7576,0.62
189,F,81.77,9898,0.82
189,C,82.95,6880,-0.01
189,E,84.81,7756,0.84
189,D,85.85,7476,0.83
189,F,88.1,10018,0.72
189,E,89.12,7656,0.8
189,F,90.44,9978,0.81
189,C,91.46,6760,0.01
189,D,92.78,7476,0.73
189,F,94.87,10018,0.75
189,B,95.98,6700,0.02
189,C,97.92,6900,-0.01
189,D,99.18,7756,0.57
189,G,101.38,7376,0.81
189,X,103.5,6875,0.96
190,C,10.0,6760,0.01
190,G,11.65,7396,0.86
190,A,13.85,6780,0.0
190,G,17.06,7516,0.71
190,F,19.34,9838,0.78
190,A,20.47,6860,-0.04
190,B,23.65,6780,-0.01
190,G,25.55,7456,0.8
190,F,27.94,9938,0.81
190,C,28.95,6740,0.01
190,E,30.85,7756,0.83
190,A,32.26,6820,-0.0
190,C,35.57,6780,0.0
190,A,37.27,6880,-0.04
190,B,40.63,6880,-0.02
190,C,42.45,6760,0.01
190,G,44.12,7576,0.57
190,F,46.34,9938,0.78
190,B,47.37,6700,0.01
190,A,49.32,6840,-0.03
190,B,52.4,6760,0.01
190,C,54.33,6860,-0.01
190,D,55.67,7596,0.84
190,F,57.9,9818,0.8
190,C,58.94,6720,0.01
190,E,60.77,7696,0.8
190,F,62.07,9998,0.75
190,C,63.2,6740,0.01
190,G,65.01,7496,0.76
190,A,67.36,6880,-0.04
190,F,70.58,10058,0.71
190,G,71.69,7576,0.58
190,D,73.63,7776,0.6
190,F,75.7,9818,0.9
190,E,76.81,7796,0.83
190,D,77.95,7536,0.81
190,C,80.11,6780,0.0
190,E,81.81,7756,0.86
190,B,83.19,6820,-0.01
190,X,84.98,6875,0.89
191,F,9.96,9978,0.76
191,C,10.94,6800,0.0
191,B,12.82,6900,-0.02
191,E,14.7,7596,0.68
191,C,16.18,6780,0.01
191,A,18.15,6760,0.01
191,F,21.33,9978,0.84
191,A,22.46,6780,0.01
191,B,25.79,6740,0.01
191,A,27.67,6900,-0.04
191,E,30.7,7776,0.81
191,D,31.65,7636,0.71
191,E,33.78,7616,0.7
191,C,35.19,6840,-0.01
191,B,37.02,6740,0.01
191,F,39.06,10058,0.71
191,C,40.14,6840,-0.01
191,B,41.94,6720,0.01
191,E,43.98,7816,0.77
191,D,45.09,7456,0.74
191,A,47.34,6900,-0.04
191,D,49.98,7756,0.61
191,F,51.98,9758,0.81
191,B,53.07,6900,-0.02
191,C,54.96,6800,0.0
191,B,56.86,6880,-0.01
191,D,58.31,7596,0.75
191,C,60.37,6880,-0.01
191,D,61.62,7496,0.8
191,E,63.88,7516,0.55
191,B,65.26,6740,0.01
191,E,67.1,7816,0.72
191,D,68.28,7676,0.65
191,G,70.32,7576,0.58
191,X,72.41,6875,0.86
192,E,9.51,7676,0.8
192,C,10.8,6800,0.0
192,E,12.67,7716,0.79
192,C,14.01,6780,0.0
192,G,15.86,7416,0.84
192,C,18.01,6860,-0.01
192,E,19.82,7616,0.7
192,B,21.12,6760,0.0
192,A,23.05,6840,-0.03
192,B,26.33,6720,0.01
192,E,28.19,7576,0.65
192,F,29.67,9958,0.8
192,D,30.29,7456,0.75
192,A,32.5,6880,-0.04
192,G,35.68,7376,0.81
192,D,37.51,7516,0.85
192,F,39.51,9878,0.9
192,B,40.6,6840,-0.01
192,C,42.55,6740,0.01
192,D,43.89,7456,0.8
192,B,46.14,6720,0.01
192,D,47.67,7696,0.63
192,A,49.74,6900,-0.04
192,C,52.88,6780,0.0
192,E,54.68,7556,0.62
192,X,55.96,6875,0.91
193,B,9.96,6820,-0.01
193,D,11.53,7716,0.57
193,E,13.69,7576,0.65
193,C,15.24,6800,-0.01
193,A,16.97,6860,-0.04
193,G,20.05,7556,0.59
193,F,22.17,10058,0.73
193,X,23.15,6875,0.9
194,G,9.93,7556,0.62
194,D,11.76,7496,0.84
194,B,13.93,6880,-0.02
194,A,15.74,6840,-0.03
194,E,18.92,7536,0.58
194,B,20.48,6780,0.0
194,F,22.48,9758,0.86
194,C,23.53,6840,-0.01
194,A,25.19,6860,-0.04
194,F,28.43,9798,0.87
194,B,29.59,6780,0.0
194,G,31.41,7596,0.54
194,A,33.57,6820,0.0
194,C,36.68,6900,-0.01
194,E,38.57,7516,0.54
194,B,40.04,6780,0.01
194,G,41.96,7396,0.86
194,C,44.36,6780,0.01
194,B,46.05,6880,-0.02
194,E,48.12,7536,0.59
194,C,49.49,6840,-0.01
194,A,51.23,6780,0.0
194,B,54.48,6800,-0.01
194,A,56.46,6760,0.0
194,E,59.75,7796,0.77
194,F,61.04,9938,0.78
194,E,62.05,7816,0.8
194,A,63.49,6880,-0.04
194,G,66.67,7516,0.68
194,B,68.96,6840,-0.01
194,A,70.79,6820,-0.0
194,B,74.05,6820,-0.01
194,A,76.11,6860,-0.04
194,D,78.88,7536,0.8
194,X,80.88,6875,0.88
195,F,9.94,10038,0.73
195,D,10.73,7576,0.8
195,E,12.92,7776,0.88
195,F,14.34,9978,0.81
195,A,15.4,6840,-0.03
195,D,18.3,7676,0.66
195,B,20.46,6740,0.01
195,D,22.12,7516,0.82
195,F,24.19,9818,0.83
195,B,25.28,6800,0.0
195,E,27.31,7676,0.81
195,B,28.78,6840,-0.01
195,G,30.65,7536,0.62
195,C,32.83,6720,0.02
195,D,34.15,7716,0.58
195,F,36.13,10018,0.73
195,A,37.16,6840,-0.04
195,F,40.4,10018,0.77
195,D,41.05,7476,0.81
195,G,43.23,7596,0.55
195,F,45.54,9838,0.83
195,E,46.74,7716,0.85
195,D,47.67,7596,0.82
195,F,49.9,9958,0.82
195,D,50.74,7616,0.75
195,G,52.9,7396,0.78
195,F,55.07,9858,0.91
195,B,56.26,6900,-0.02
195,G,58.17,7516,0.68
195,A,60.42,6780,0.0
195,E,63.49,7736,0.87
195,C,65.03,6820,0.0
195,X,66.67,6875,0.87
196,D,9.58,7636,0.72
196,B,11.75,6900,-0.02
196,D,13.41,7716,0.63
196,G,15.54,7496,0.74
196,D,17.36,7656,0.7
196,A,19.56,6840,-0.03
196,B,22.83,6840,-0.01
196,E,24.82,7816,0.77
196,D,25.81,7576,0.86
196,B,27.89,6780,-0.01
196,D,29.54,7616,0.79
196,G,31.73,7416,0.84
196,F,33.93,9878,0.91
196,A,35.01,6860,-0.03
196,D,37.84,7696,0.6
196,E,40.05,7736,0.89
196,D,41.15,7736,0.6
196,F,43.17,9858,0.9
196,G,44.29,7476,0.78
196,C,46.64,6820,0.0
196,B,48.58,6820,-0.01
196,A,50.58,6820,-0.0
196,D,53.24,7656,0.73
196,A,55.28,6780,0.0
196,F,58.35,9978,0.82
196,B,59.35,6760,0.0
196,A,61.22,6780,0.0
196,D,63.94,7676,0.66
196,A,66.18,6760,0.01
196,D,68.92,7716,0.6
196,F,71.01,9878,0.84
196,C,72.12,6780,0.01
196,B,73.83,6760,0.0
196,G,75.82,7496,0.71
196,A,78.06,6860,-0.04
196,D,80.95,7596,0.79
196,B,83.16,6900,-0.02
196,C,85.16,6760,0.01
196,A,87.1,6760,0.01
196,B,90.39,6720,0.01
196,G,92.42,7476,0.72
196,B,94.78,6860,-0.01
196,G,96.82,7476,0.71
196,E,98.98,7636,0.72
196,X,100.25,6875,0.89
197,A,9.99,6720,0.01
197,D,12.88,7716,0.59
197,F,14.96,9838,0.8
197,A,16.02,6780,0.0
197,C,19.12,6720,0.01
197,G,20.91,7596,0.56
197,C,23.13,6880,-0.01
197,G,24.9,7536,0.63
197,F,27.25,9998,0.77
197,E,28.27,7716,0.84
197,B,29.74,6720,0.01
197,A,31.7,6780,0.01
197,E,34.97,7616,0.72
197,D,36.06,7696,0.67
197,F,38.18,10058,0.7
197,G,39.2,7376,0.81
197,F,41.39,9898,0.79
197,B,42.47,6800,0.0
197,C,44.55,6880,-0.01
197,X,46.19,6875,0.92
198,B,9.98,6860,-0.01
198,G,11.96,7516,0.67
198,C,14.33,6840,-0.01
198,F,16.11,9778,0.73
198,A,17.17,6860,-0.04
198,D,19.83,7716,0.62
198,G,21.88,7556,0.64
198,D,23.75,7556,0.79
198,G,25.98,7596,0.55
198,F,28.15,9938,0.78
198,G,29.17,7416,0.81
198,D,31.16,7736,0.6
198,C,33.24,6880,-0.01
198,B,34.99,6860,-0.01
198,G,36.97,7516,0.71
198,C,39.23,6780,0.01
198,G,41.01,7496,0.75
198,C,43.39,6860,-0.01
198,G,45.26,7476,0.79
198,D,47.02,7496,0.81
198,E,49.05,7776,0.87
198,F,50.44,9778,0.81
198,A,51.48,6700,0.02
198,C,54.73,6780,0.01
198,F,56.5,10038,0.72
198,G,57.67,7556,0.64
198,A,59.87,6820,0.0
198,B,62.97,6840,-0.01
198,G,64.81,7336,0.77
198,F,66.97,9918,0.85
198,A,68.25,6720,0.01
198,D,71.21,7516,0.82
198,C,73.33,6780,0.01
198,E,75.02,7716,0.8
198,X,76.32,6875,0.92
199,G,9.97,7376,0.87
199,A,12.21,6720,0.02
199,C,15.5,6740,0.01
199,D,16.82,7696,0.65
199,G,19.05,7496,0.77
199,F,21.21,9858,0.87
199,G,22.29,7376,0.82
199,F,24.61,10018,0.78
199,D,25.44,7516,0.87
199,C,27.53,6900,-0.01
199,B,29.25,6820,-0.01
199,G,31.17,7396,0.87
199,C,33.52,6860,-0.01
199,E,35.2,7656,0.76
199,D,36.27,7736,0.6
199,C,38.5,6780,0.01
199,B,40.31,6780,-0.01
199,A,42.32,6720,0.01
199,G,45.56,7396,0.82
199,A,47.76,6880,-0.03
199,B,51.01,6840,-0.01
199,C,53.07,6860,-0.01
199,F,54.93,9818,0.87
199,B,56.0,6840,-0.01
199,C,57.88,6800,0.0
199,B,59.57,6880,-0.01
199,F,61.47,9778,0.84
199,B,62.65,6820,-0.01
199,E,64.51,7556,0.59
199,X,65.8,6875,0.9
200,E,9.5,7716,0.79
200,C,11.05,6880,-0.01
200,A,12.82,6840,-0.03
200,E,16.11,7636,0.73
200,G,17.58,7556,0.65
200,F,19.79,9778,0.84
200,D,20.45,7576,0.85
200,C,22.6,6780,0.01
200,E,24.52,7616,0.68
200,D,25.66,7576,0.76
200,B,27.87,6880,-0.01
200,E,29.81,7696,0.83
200,G,31.16,7356,0.71
200,E,33.35,7796,0.84
200,D,34.28,7636,0.74
200,C,36.34,6880,-0.01
200,E,38.04,7616,0.67
200,G,39.53,7456,0.77
200,B,41.81,6820,-0.01
200,D,43.26,7456,0.71
200,F,45.4,9858,0.84
200,B,46.63,6720,0.01
200,E,48.73,7776,0.83
200,G,50.05,7556,0.59
200,F,52.34,10038,0.73
200,D,53.14,7676,0.66
200,G,55.15,7516,0.71
200,D,57.0,7496,0.82
200,F,59.24,9918,0.88
200,B,60.42,6800,0.0
200,E,62.37,7756,0.87
200,C,63.71,6720,0.02
200,G,65.39,7416,0.85
200,B,67.59,6780,0.0
200,C,69.61,6720,0.01
200,F,71.4,9798,0.78
200,C,72.62,6800,0.0
200,G,74.29,7476,0.74
200,C,76.48,6820,0.0
200,F,78.26,9818,0.79
200,G,79.41,7456,0.69
200,B,81.66,6780,0.0
200,A,83.68,6800,0.0
200,X,86.71,6875,0.92
201,B,9.98,6820,-0.01
201,E,11.97,7596,0.65
201,A,13.4,6720,0.01
201,C,16.74,6740,0.01
201,B,18.45,6720,0.01
201,C,20.34,6820,0.0
201,E,22.26,7516,0.55
201,F,23.76,9798,0.84
201,G,24.8,7396,0.84
201,E,27.15,7696,0.84
201,B,28.72,6720,0.01
201,F,30.8,9918,0.89
201,G,31.8,7336,0.74
201,C,34.01,6880,-0.01
201,D,35.31,7696,0.61
201,X,37.3,6875,0.89
202,D,9.56,7696,0.65
202,C,11.68,6820,-0.01
202,A,13.38,6840,-0.04
202,B,16.47,6760,0.0
202,A,18.36,6780,0.0
202,C,21.53,6780,0.0
202,F,23.44,9898,0.89
202,C,24.47,6760,0.01
202,E,26.22,7556,0.6
202,D,27.21,7556,0.78
202,F,29.47,9838,0.84
202,A,30.62,6740,0.01
202,B,33.93,6860,-0.01
202,G,35.73,7356,0.78
202,X,37.85,6875,0.9
203,C,9.96,6780,0.0
203,D,11.49,7616,0.73
203,A,13.67,6780,0.0
203,C,16.88,6780,0.01
203,D,18.33,7716,0.62
203,A,20.52,6740,0.01
203,E,23.84,7696,0.83
203,C,25.33,6800,0.01
203,G,27.01,7356,0.73
203,E,29.37,7676,0.75
203,A,30.88,6780,0.0
203,E,34.06,7676,0.76
203,G,35.38,7596,0.55
203,E,37.61,7816,0.83
203,C,38.91,6740,0.01
203,A,40.72,6720,0.01
203,G,43.95,7376,0.72
203,D,45.76,7476,0.74
203,C,47.89,6840,-0.01
203,B,49.82,6820,-0.01
203,D,51.49,7576,0.79
203,G,53.7,7556,0.62
203,C,55.85,6880,-0.01
203,A,57.58,6820,0.0
203,B,60.74,6780,0.01
203,D,62.34,7496,0.79
203,B,64.57,6780,0.0
203,F,66.42,9758,0.86
203,X,67.4,6875,0.93
204,F,9.99,9858,0.84
204,E,11.22,7616,0.65
204,D,12.29,7596,0.77
204,E,14.33,7816,0.8
204,G,15.75,7336,0.79
204,F,18.02,10058,0.7
204,D,18.76,7496,0.81
204,C,20.88,6720,0.01
204,D,22.2,7556,0.85
204,F,24.22,10038,0.73
204,G,25.39,7536,0.64
204,D,27.19,7496,0.87
204,E,29.42,7576,0.63
204,D,30.42,7716,0.61
204,E,32.61,7516,0.56
204,C,34.13,6760,0.01
204,E,35.81,7636,0.77
204,B,37.19,6720,0.01
204,D,38.65,7576,0.84
204,G,40.82,7516,0.65
204,D,42.57,7636,0.74
204,G,44.85,7376,0.82
204,C,47.0,6900,-0.01
204,F,48.66,10018,0.74
204,C,49.79,6780,0.01
204,G,51.6,7396,0.87
204,E,53.75,7796,0.83
204,D,54.88,7736,0.6
204,B,56.96,6800,-0.01
204,A,58.93,6760,0.01
204,D,61.6,7716,0.63
204,F,63.7,9938,0.89
204,G,64.9,7516,0.72
204,C,67.07,6780,0.01
204,G,68.77,7336,0.71
204,D,70.55,7736,0.62
204,A,72.83,6780,0.01
204,E,75.92,7796,0.79
204,A,77.23,6840,-0.03
204,B,80.34,6780,0.0
204,X,82.16,6875,0.85
205,A,9.99,6800,0.0
205,F,13.14,9938,0.82
205,B,14.13,6820,0.0
205,A,16.05,6760,0.0
205,C,19.14,6860,-0.01
205,E,21.03,7656,0.75
205,B,22.56,6740,0.01
205,G,24.5,7536,0.65
205,A,26.79,6740,0.02
205,F,30.02,9858,0.81
205,E,31.18,7656,0.77
205,C,32.69,6840,0.0
205,G,34.5,7496,0.75
205,B,36.75,6860,-0.01
205,F,38.58,9798,0.85
205,D,39.41,7576,0.83
205,B,41.64,6820,-0.01
205,D,43.21,7656,0.69
205,G,45.32,7396,0.77
205,D,47.07,7736,0.58
205,C,49.16,6880,-0.01
205,B,50.94,6780,0.0
205,E,52.93,7656,0.78
205,D,54.04,7576,0.81
205,C,56.18,6800,-0.01
205,A,58.12,6760,0.01
205,G,61.16,7576,0.56
205,C,63.38,6840,-0.01
205,B,65.15,6740,0.01
205,F,67.12,9958,0.84
205,X,68.11,6875,0.92
206,F,9.99,9798,0.88
206,G,11.18,7376,0.79
206,E,13.53,7776,0.77
206,B,14.86,6820,-0.01
206,F,16.73,9758,0.82
206,E,17.95,7636,0.68
206,D,18.95,7576,0.81
206,F,21.13,10078,0.64
206,G,22.3,7596,0.54
206,E,24.69,7616,0.7
206,F,26.13,10018,0.77
206,C,27.26,6800,0.0
206,F,29.05,9958,0.79
206,B,30.29,6800,0.0
206,G,32.28,7356,0.8
206,D,34.3,7696,0.66
206,A,36.41,6860,-0.04
206,X,39.43,6875,0.85
207,F,9.94,9998,0.75
207,C,11.13,6840,-0.01
207,D,12.47,7756,0.56
207,B,14.5,6720,0.01
207,C,16.55,6840,-0.01
207,D,17.9,7716,0.64
207,E,20.11,7716,0.84
207,B,21.53,6840,-0.01
207,D,23.06,7456,0.76
207,C,25.34,6900,-0.02
207,B,27.0,6780,0.0
207,G,28.83,7596,0.54
207,F,31.09,10058,0.71
207,E,32.23,7736,0.79
207,G,33.68,7396,0.82
207,F,35.82,9818,0.86
207,B,36.98,6800,-0.01
207,A,39.08,6780,0.0
207,E,42.16,7736,0.87
207,G,43.46,7496,0.77
207,E,45.64,7536,0.58
207,G,47.17,7336,0.74
207,D,49.15,7616,0.77
207,A,51.44,6760,0.01
207,G,54.62,7396,0.8
207,C,56.83,6760,0.01
207,F,58.68,10018,0.73
207,E,59.93,7836,0.75
207,D,60.96,7616,0.7
207,B,63.04,6840,-0.02
207,X,64.84,6875,0.89
208,G,9.95,7396,0.83
208,A,12.13,6900,-0.04
208,E,15.32,7716,0.86
208,B,16.62,6720,0.01
208,A,18.58,6880,-0.04
208,D,21.46,7636,0.72
208,E,23.51,7716,0.83
208,D,24.45,7476,0.8
208,F,26.5,10038,0.7
208,E,27.75,7536,0.6
208,B,29.17,6780,0.0
208,D,30.66,7476,0.85
208,A,32.92,6820,0.0
208,E,36.05,7736,0.86
208,G,37.53,7436,0.75
208,E,39.88,7656,0.79
208,D,40.98,7676,0.66
208,C,43.21,6720,0.02
208,A,44.99,6840,-0.03
208,C,48.24,6780,0.01
208,B,50.13,6780,0.0
208,A,51.99,6720,0.01
208,D,54.85,7516,0.83
208,E,56.99,7636,0.74
208,F,58.44,9818,0.81
208,E,59.66,7716,0.83
208,A,61.03,6700,0.01
208,F,64.35,10038,0.74
208,A,65.56,6820,-0.03
208,D,68.45,7756,0.59
208,E,70.62,7576,0.63
208,D,71.66,7696,0.66
208,E,73.79,7816,0.78
208,C,75.34,6700,0.01
208,F,77.26,9798,0.77
208,G,78.33,7556,0.6
208,X,80.43,6875,0.89
209,A,9.97,6700,0.01
209,B,13.18,6740,0.0
209,D,14.82,7756,0.58
209,B,16.81,6740,0.0
209,E,18.7,7816,0.76
209,C,20.18,6860,-0.01
209,D,21.61,7596,0.8
209,E,23.86,7556,0.59
209,F,25.36,9818,0.77
209,B,26.48,6860,-0.01
209,E,28.52,7676,0.8
209,D,29.56,7496,0.83
209,C,31.79,6840,0.0
209,G,33.6,7396,0.84
209,X,35.72,6875,0.84
210,A,9.97,6880,-0.04
210,F,13.02,9838,0.87
210,E,14.03,7756,0.89
210,B,15.33,6880,-0.02
210,D,16.88,7676,0.66
210,E,19.04,7636,0.73
210,B,20.52,6800,0.0
210,C,22.42,6880,-0.01
210,A,24.09,6720,0.02
210,C,27.19,6740,0.01
210,D,28.51,7596,0.76
210,G,30.53,7376,0.85
210,X,32.65,6875,0.89
211,E,9.57,7736,0.84
211,D,10.65,7496,0.84
211,E,12.82,7756,0.79
211,D,13.98,7556,0.8
211,C,16.23,6780,-0.01
211,E,17.97,7736,0.89
211,D,18.9,7576,0.78
211,E,21.03,7696,0.85
211,F,22.56,9978,0.81
211,C,23.79,6740,0.01
211,A,25.5,6720,0.01
211,F,28.8,9938,0.76
211,G,30.01,7436,0.82
211,B,32.16,6780,0.01
211,F,34.24,9798,0.8
211,A,35.53,6840,-0.04
211,E,38.63,7696,0.88
211,D,39.81,7756,0.61
211,E,41.78,7816,0.84
211,G,43.23,7596,0.55
211,E,45.56,7776,0.88
211,B,47.02,6700,0.01
211,C,48.97,6740,0.01
211,X,50.63,6875,0.9
212,D,9.57,7556,0.87
212,F,11.6,10018,0.76
212,C,12.86,6860,-0.01
212,A,14.77,6740,0.01
212,D,17.61,7616,0.72
212,A,19.65,6740,0.01
212,D,22.56,7636,0.71
212,E,24.68,7696,0.79
212,G,26.17,7576,0.58
212,F,28.35,9858,0.85
212,C,29.47,6880,-0.01
212,E,31.24,7556,0.62
212,D,32.17,7576,0.84
212,C,34.4,6860,-0.01
212,G,36.19,7496,0.79
212,A,38.5,6860,-0.04
212,E,41.78,7596,0.66
212,B,43.33,6860,-0.01
212,A,45.29,6900,-0.04
212,B,48.38,6760,0.0
212,D,49.82,7676,0.66
212,G,51.86,7436,0.74
212,E,54.21,7676,0.79
212,G,55.53,7376,0.79
212,D,57.44,7676,0.64
212,A,59.66,6760,0.01
212,B,62.78,6780,0.01
212,C,64.89,6880,-0.01
212,G,66.65,7456,0.82
212,D,68.63,7716,0.63
212,B,70.71,6720,0.01
212,D,72.26,7476,0.81
212,G,74.45,7536,0.66
212,C,76.59,6800,0.0
212,A,78.37,6740,0.01
212,E,81.5,7616,0.69
212,G,82.79,7516,0.72
212,C,85.16,6760,0.01
212,F,86.99,9898,0.88
212,X,87.97,6875,0.89
213,F,9.94,10038,0.7
213,E,10.92,7716,0.78
213,A,12.42,6840,-0.04
213,C,15.46,6840,-0.01
213,D,16.86,7496,0.76
213,C,18.88,6860,-0.01
213,G,20.5,7436,0.88
213,E,22.69,7756,0.86
213,C,24.01,6720,0.01
213,F,25.7,9978,0.78
213,E,26.95,7556,0.6
213,A,28.46,6740,0.01
213,F,31.64,10018,0.74
213,E,32.7,7716,0.88
213,C,34.19,6760,0.01
213,E,36.0,7796,0.81
213,A,37.46,6880,-0.04
213,B,40.6,6780,0.0
213,D,42.21,7496,0.78
213,C,44.42,6840,-0.01
213,D,45.75,7476,0.81
213,B,47.82,6780,-0.01
213,E,49.65,7716,0.87
213,C,51.14,6720,0.02
213,A,52.87,6780,0.01
213,G,56.08,7456,0.85
213,D,57.99,7516,0.76
213,G,60.04,7596,0.54
213,B,62.29,6760,0.01
213,D,63.74,7516,0.78
213,A,65.93,6780,0.0
213,F,69.15,9798,0.9
213,X,70.13,6875,0.9
214,G,9.97,7456,0.78
214,A,12.33,6780,0.0
214,G,15.54,7456,0.75
214,C,17.77,6800,0.0
214,B,19.47,6840,-0.01
214,A,21.37,6760,0.01
214,E,24.63,7556,0.62
214,F,25.9,10078,0.67
214,G,26.95,7356,0.83
214,C,29.14,6760,0.01
214,F,30.88,9898,0.86
214,D,31.59,7556,0.86
214,F,33.7,9898,0.91
214,D,34.57,7496,0.79
214,E,36.69,7816,0.77
214,G,38.05,7536,0.62
214,B,40.45,6800,-0.01
214,F,42.27,9938,0.81
214,C,43.38,6820,-0.01
214,E,45.1,7616,0.69
214,A,46.65,6860,-0.04
214,X,49.65,6875,0.95
215,E,9.5,7576,0.64
215,F,10.86,9998,0.81
215,D,11.55,7496,0.81
215,G,13.76,7556,0.61
215,F,15.87,9978,0.77
215,C,16.86,6760,0.0
215,E,18.56,7696,0.83
215,C,20.05,6780,0.0
215,G,21.74,7456,0.81
215,A,23.95,6720,0.01
215,E,27.23,7716,0.87
215,A,28.55,6860,-0.04
215,E,31.62,7756,0.81
215,D,32.75,7776,0.59
215,B,34.82,6800,0.0
215,X,36.62,6875,0.94
216,C,9.96,6740,0.01
216,D,11.47,7536,0.87
216,G,13.72,7516,0.74
216,E,16.08,7616,0.73
216,B,17.59,6740,0.01
216,A,19.57,6880,-0.04
216,E,22.62,7676,0.81
216,B,23.91,6840,-0.01
216,F,25.91,10018,0.77
216,X,26.87,6875,0.92
217,A,9.97,6780,0.01
217,D,12.84,7496,0.82
217,G,14.9,7396,0.82
217,C,17.14,6780,0.01
217,F,19.05,9878,0.87
217,D,19.73,7716,0.61
217,G,21.78,7556,0.63
217,D,23.75,7716,0.62
217,B,25.81,6780,-0.01
217,A,27.73,6740,0.01
217,G,30.97,7356,0.78
217,A,33.14,6820,-0.03
217,B,36.28,6720,0.01
217,C,38.36,6820,0.0
217,B,40.22,6880,-0.01
217,F,42.1,9978,0.83
217,E,43.27,7536,0.58
217,D,44.37,7496,0.76
217,G,46.55,7376,0.86
217,F,48.91,9958,0.83
217,B,50.04,6880,-0.01
217,A,51.85,6800,0.0
217,B,55.0,6720,0.01
217,E,56.98,7776,0.78
217,F,58.28,10018,0.78
217,E,59.3,7596,0.64
217,G,60.6,7396,0.87
217,B,62.77,6720,0.01
217,A,64.87,6860,-0.04
217,B,68.02,6740,0.01
217,G,69.84,7436,0.78
217,B,71.97,6840,-0.01
217,C,73.88,6900,-0.01
217,X,75.51,6875,0.93
218,C,9.98,6740,0.01
218,A,11.87,6780,0.0
218,C,14.96,6860,-0.01
218,F,16.58,9838,0.87
218,C,17.76,6860,-0.01
218,E,19.59,7716,0.84
218,C,20.95,6800,0.01
218,A,22.88,6720,0.01
218,G,25.96,7436,0.84
218,C,28.37,6740,0.01
218,G,30.15,7416,0.8
218,E,32.51,7536,0.59
218,D,33.63,7476,0.81
218,C,35.87,6880,-0.01
218,E,37.72,7676,0.77
218,A,39.07,6740,0.01
218,E,42.35,7696,0.82
218,G,43.92,7336,0.72
218,C,46.24,6840,0.0
218,A,48.06,6860,-0.04
218,B,51.27,6880,-0.02
218,X,53.07,6875,0.93
219,C,9.96,6840,0.0
219,F,11.64,10058,0.68
219,E,12.88,7656,0.77
219,A,14.39,6900,-0.04
219,D,17.02,7716,0.62
219,E,19.05,7736,0.79
219,G,20.49,7576,0.57
219,E,22.7,7596,0.64
219,F,24.2,9978,0.74
219,A,25.21,6840,-0.03
219,F,28.41,9918,0.8
219,C,29.51,6760,0.01
219,F,31.2,9938,0.81
219,G,32.37,7456,0.78
219,C,34.69,6840,0.0
219,G,36.36,7576,0.56
219,F,38.57,10058,0.7
219,B,39.75,6860,-0.01
219,D,41.22,7696,0.61
219,E,43.33,7776,0.82
219,F,44.64,9978,0.78
219,G,45.77,7576,0.59
219,D,47.54,7456,0.78
219,A,49.69,6760,0.01
219,G,52.81,7496,0.71
219,C,54.96,6740,0.01
219,A,56.88,6860,-0.04
219,G,59.95,7336,0.76
219,E,62.32,7596,0.65
219,D,63.4,7736,0.61
219,G,65.39,7596,0.54
219,A,67.7,6800,0.0
219,B,70.77,6720,0.01
219,X,72.61,6875,0.9
220,B,9.99,6880,-0.02
220,A,11.87,6820,0.0
220,G,14.91,7516,0.71
220,E,17.19,7616,0.7
220,G,18.56,7436,0.77
220,B,20.79,6740,0.01
220,C,22.88,6760,0.01
220,B,24.76,6740,0.03
220,C,26.63,6720,0.01
220,A,28.5,6840,-0.04
220,C,31.75,6880,-0.01
220,G,33.54,7396,0.8
220,F,35.73,9898,0.84
220,D,36.57,7616,0.78
220,B,38.72,6900,-0.02
220,G,40.65,7556,0.57
220,D,42.49,7696,0.62
220,B,44.5,6740,0.01
220,A,46.38,6800,0.0
220,B,49.47,6800,0.01
220,C,51.48,6740,0.01
220,A,53.2,6820,-0.03
220,F,56.23,10038,0.71
220,C,57.3,6720,0.01
220,B,59.09,6840,-0.01
220,C,60.89,6860,0.01
220,E,62.63,7776,0.77
220,X,63.9,6875,0.92
221,E,9.56,7656,0.73
221,F,10.89,10058,0.71
221,C,11.95,6760,0.01
221,E,13.91,7596,0.68
221,G,15.22,7516,0.73
221,E,17.41,7796,0.82
221,C,18.74,6860,-0.02
221,G,20.41,7376,0.76
221,A,22.67,6900,-0.04
221,E,25.72,7736,0.85
221,D,26.77,7596,0.81
221,G,28.8,7376,0.73
221,A,31.13,6880,-0.04
221,E,34.17,7816,0.81
221,A,35.69,6860,-0.04
221,E,38.85,7796,0.76
221,C,40.39,6760,0.01
221,D,41.7,7676,0.65
221,E,43.71,7536,0.56
221,B,45.09,6780,0.0
221,F,46.92,9818,0.91
221,G,48.11,7516,0.69
221,C,50.4,6800,0.0
221,E,52.21,7696,0.84
221,D,53.17,7716,0.58
221,B,55.2,6740,0.01
221,E,57.2,7816,0.76
221,B,58.65,6840,-0.01
221,C,60.65,6740,0.01
221,G,62.39,7476,0.75
221,B,64.6,6800,-0.01
221,G,66.62,7516,0.71
221,E,68.93,7676,0.8
221,C,70.48,6800,0.0
221,E,72.27,7716,0.8
221,B,73.62,6780,0.0
221,G,75.53,7456,0.82
221,C,77.9,6720,0.02
221,D,79.18,7736,0.59
221,C,81.33,6760,0.01
221,F,83.13,9998,0.75
221,E,84.18,7596,0.66
221,D,85.32,7496,0.76
221,F,87.45,9858,0.84
221,D,88.09,7516,0.8
221,C,90.16,6740,0.01
221,D,91.57,7616,0.75
221,C,93.71,6860,-0.01
221,B,95.36,6740,0.01
221,G,97.29,7436,0.85
221,E,99.62,7676,0.84
221,A,101.18,6800,0.0
221,X,104.2,6875,0.89
222,C,9.97,6820,0.0
222,F,11.7,9778,0.86
222,D,12.45,7776,0.57
222,B,14.5,6760,0.01
222,A,16.42,6860,-0.04
222,G,19.68,7336,0.72
222,B,21.87,6740,0.01
222,A,23.74,6800,-0.0
222,D,26.57,7776,0.57
222,A,28.77,6760,0.01
222,B,31.88,6720,0.01
222,A,33.85,6700,0.01
222,E,37.0,7636,0.72
222,D,38.04,7496,0.79
222,C,40.07,6720,0.02
222,A,41.88,6780,0.01
222,E,45.08,7816,0.81
222,D,46.07,7536,0.83
222,G,48.24,7516,0.71
222,D,50.02,7556,0.83
222,G,52.08,7336,0.72
222,D,54.08,7636,0.7
222,C,56.12,6820,0.0
222,A,57.89,6820,-0.03
222,D,60.8,7696,0.64
222,A,62.89,6900,-0.04
222,D,65.55,7736,0.6
222,C,67.7,6900,-0.02
222,B,69.34,6780,0.0
222,G,71.32,7536,0.68
222,D,73.28,7636,0.73
222,C,75.32,6740,0.01
222,D,76.64,7476,0.8
222,A,78.73,6740,0.01
222,G,82.0,7556,0.64
222,A,84.16,6840,-0.03
222,C,87.33,6740,0.01
222,A,89.19,6860,-0.04
222,E,92.31,7676,0.83
222,D,93.37,7716,0.65
222,G,95.38,7556,0.6
222,C,97.77,6800,0.0
222,E,99.53,7596,0.64
222,F,101.07,9858,0.92
222,X,102.05,6875,0.87
223,C,9.98,6800,0.01
223,E,11.74,7556,0.62
223,F,13.05,9858,0.87
223,D,13.82,7716,0.59
223,A,15.85,6720,0.01
223,F,19.01,9918,0.79
223,D,19.89,7636,0.67
223,C,21.91,6800,0.0
223,E,23.65,7636,0.73
223,B,24.98,6740,0.01
223,C,26.97,6880,-0.01
223,B,28.7,6740,0.01
223,D,30.21,7576,0.77
223,B,32.33,6800,0.0
223,F,34.37,9938,0.8
223,E,35.4,7596,0.68
223,A,36.73,6720,0.01
223,E,39.93,7676,0.85
223,A,41.34,6780,0.0
223,C,44.43,6780,0.0
223,D,45.96,7636,0.71
223,G,48.0,7416,0.85
223,X,50.12,6875,0.94
224,C,9.96,6860,-0.01
224,D,11.43,7476,0.81
224,F,13.46,9858,0.9
224,C,14.67,6860,-0.01
224,G,16.5,7416,0.83
224,D,18.36,7636,0.73
224,G,20.32,7556,0.63
224,D,22.29,7476,0.81
224,F,24.31,9878,0.89
224,C,25.32,6840,-0.01
224,D,26.62,7536,0.88
224,F,28.87,9778,0.83
224,E,29.88,7656,0.77
224,D,31.03,7596,0.77
224,A,33.22,6820,-0.03
224,C,36.49,6740,0.01
224,F,38.24,10038,0.75
224,A,39.37,6780,0.01
224,F,42.62,10058,0.71
224,A,43.83,6760,0.01
224,C,46.94,6740,0.01
224,A,48.9,6880,-0.04
224,F,52.06,9998,0.77
224,C,53.17,6760,0.01
224,A,54.96,6760,0.01
224,G,58.29,7416,0.82
224,B,60.44,6820,-0.01
224,X,62.24,6875,0.89
225,D,9.57,7496,0.8
225,G,11.81,7556,0.59
225,B,14.2,6760,0.0
225,F,16.09,10058,0.67
225,C,17.12,6880,-0.01
225,F,18.81,10078,0.7
225,A,19.96,6880,-0.04
225,C,23.07,6820,-0.01
225,G,24.83,7436,0.83
225,B,27.1,6720,0.01
225,C,29.06,6780,0.01
225,B,30.79,6760,0.01
225,G,32.86,7476,0.71
225,E,35.07,7656,0.76
225,G,36.57,7336,0.76
225,B,38.87,6820,-0.01
225,D,40.31,7716,0.61
225,A,42.35,6820,0.0
225,D,45.05,7496,0.79
225,A,47.14,6700,0.01
225,G,50.38,7496,0.75
225,D,52.37,7596,0.74
225,G,54.4,7376,0.74
225,C,56.58,6820,0.0
225,D,57.95,7576,0.75
225,E,59.99,7536,0.55
225,A,61.46,6880,-0.04
225,E,64.6,7536,0.57
225,C,66.02,6860,-0.01
225,G,67.72,7436,0.85
225,A,69.98,6720,0.02
225,D,72.85,7596,0.8
225,F,74.96,9838,0.9
225,X,75.94,6875,0.93
226,D,9.57,7736,0.63
226,G,11.55,7456,0.82
226,B,13.71,6780,0.0
226,F,15.64,9878,0.81
226,E,16.75,7716,0.84
226,B,18.29,6740,0.01
226,E,20.25,7576,0.63
226,A,21.79,6720,0.02
226,G,25.1,7536,0.65
226,D,27.0,7716,0.64
226,A,29.07,6900,-0.04
226,E,32.18,7596,0.68
226,D,33.21,7676,0.65
226,E,35.43,7716,0.83
226,G,36.78,7536,0.68
226,E,39.08,7716,0.82
226,B,40.48,6720,0.01
226,G,42.55,7356,0.77
226,E,44.71,7596,0.64
226,A,46.05,6860,-0.04
226,D,48.71,7496,0.83
226,G,50.88,7576,0.56
226,E,53.06,7596,0.64
226,D,54.01,7496,0.76
226,C,56.17,6860,-0.01
226,X,57.81,6875,0.9
227,B,9.98,6800,0.0
227,E,11.84,7536,0.58
227,A,13.24,6760,0.0
227,E,16.53,7756,0.81
227,B,17.86,6820,-0.01
227,E,19.73,7596,0.65
227,A,21.31,6700,0.02
227,F,24.52,10038,0.72
227,E,25.76,7536,0.55
227,G,27.26,7456,0.81
227,F,29.4,9978,0.76
227,G,30.42,7376,0.81
227,D,32.18,7516,0.84
227,A,34.4,6760,0.01
227,E,37.61,7736,0.86
227,C,39.06,6900,-0.02
227,D,40.36,7756,0.57
227,G,42.63,7456,0.78
227,B,45.03,6860,-0.01
227,F,47.02,9958,0.82
227,D,47.62,7516,0.64
227,F,49.81,10078,0.68
227,G,51.03,7356,0.8
227,C,53.29,6860,-0.01
227,D,54.73,7776,0.59
227,A,56.96,6760,0.01
227,C,60.09,6780,0.0
227,E,61.95,7596,0.64
227,X,63.23,6875,0.89
228,G,9.95,7556,0.63
228,F,12.08,9998,0.81
228,E,13.1,7736,0.83
228,A,14.44,6760,0.0
228,F,17.67,9818,0.91
228,C,18.7,6880,-0.01
228,D,19.99,7556,0.78
228,B,22.12,6780,0.0
228,X,23.95,6875,0.94
229,F,9.94,10058,0.69
229,E,11.04,7736,0.8
229,F,12.39,10058,0.67
229,A,13.39,6800,0.0
229,G,16.45,7436,0.88
229,A,18.73,6720,0.01
229,D,21.61,7536,0.84
229,A,23.65,6780,0.0
229,B,26.92,6780,0.0
229,F,28.78,9818,0.89
229,D,29.41,7636,0.72
229,G,31.61,7596,0.54
229,B,33.91,6800,-0.01
229,F,35.89,10018,0.72
229,G,37.12,7356,0.81
229,E,39.41,7736,0.83
229,C,40.88,6780,0.0
229,D,42.41,7596,0.76
229,G,44.68,7336,0.74
229,A,46.87,6880,-0.04
229,D,49.52,7616,0.79
229,C,51.69,6760,0.0
229,G,53.52,7556,0.65
229,A,55.83,6760,0.01
229,F,58.91,10018,0.72
229,C,59.99,6720,0.01
229,D,61.49,7736,0.61
229,G,63.53,7436,0.86
229,C,65.74,6900,-0.01
229,A,67.55,6860,-0.04
229,E,70.83,7656,0.74
229,D,72.0,7736,0.58
229,A,74.01,6880,-0.04
229,C,77.05,6900,-0.01
229,E,78.96,7716,0.79
229,G,80.46,7376,0.77
229,B,82.88,6780,0.0
229,X,84.68,6875,0.9
230,C,9.98,6840,-0.01
230,E,11.68,7696,0.82
230,B,13.12,6700,0.01
230,D,14.76,7676,0.61
230,F,16.8,9818,0.83
230,B,17.93,6820,-0.01
230,E,19.79,7616,0.65
230,A,21.21,6780,0.01
230,C,24.39,6800,0.0
230,G,26.23,7456,0.74
230,X,28.34,6875,0.87
231,C,9.98,6820,0.0
231,F,11.64,9858,0.91
231,C,12.8,6780,0.0
231,D,14.22,7576,0.84
231,G,16.46,7496,0.73
231,C,18.59,6840,-0.01
231,B,20.44,6860,-0.01
231,A,22.41,6740,0.01
231,F,25.5,10078,0.66
231,E,26.56,7676,0.79
231,C,28.05,6800,0.01
231,D,29.46,7636,0.74
231,C,31.59,6820,0.0
231,A,33.54,6800,0.0
231,C,36.65,6720,0.01
231,E,38.41,7796,0.84
231,D,39.46,7476,0.84
231,A,41.54,6760,0.01
231,B,44.87,6880,-0.01
231,C,46.88,6700,0.02
231,F,48.7,9798,0.87
231,C,49.84,6720,0.01
231,A,51.74,6860,-0.04
231,C,55.02,6720,0.02
231,B,56.97,6760,0.01
231,C,59.07,6880,-0.01
231,A,60.96,6860,-0.04
231,D,63.8,7576,0.79
231,E,66.08,7736,0.84
231,D,67.2,7636,0.77
231,A,69.25,6780,0.0
231,D,72.0,7736,0.6
231,E,74.23,7576,0.63
231,D,75.17,7596,0.79
231,F,77.2,9798,0.85
231,E,78.34,7756,0.88
231,G,79.71,7476,0.8
231,X,81.83,6875,0.9
232,B,9.98,6820,0.0
232,G,11.86,7536,0.66
232,C,14.14,6840,-0.01
232,B,15.97,6840,-0.01
232,F,17.87,9898,0.85
232,E,19.06,7656,0.8
232,F,20.61,9878,0.79
232,E,21.64,7716,0.8
232,B,22.99,6820,-0.01
232,F,25.05,9778,0.88
232,C,26.22,6840,-0.01
232,B,27.93,6820,-0.01
232,E,29.84,7716,0.82
232,B,31.19,6860,-0.01
232,A,33.05,6820,0.0
232,D,35.73,7696,0.64
232,X,37.71,6875,0.93
233,E,9.5,7756,0.76
233,F,10.97,9898,0.87
233,E,11.98,7516,0.55
233,A,13.45,6800,0.0
233,G,16.61,7516,0.7
233,B,18.78,6780,0.0
233,A,20.72,6860,-0.04
233,G,23.95,7396,0.88
233,E,26.24,7756,0.89
233,B,27.72,6760,0.01
233,C,29.57,6720,0.01
233,B,31.46,6700,0.01
233,G,33.37,7356,0.75
233,F,35.66,10018,0.78
233,D,36.29,7636,0.7
233,B,38.47,6840,-0.01
233,A,40.4,6780,0.0
233,E,43.69,7796,0.79
233,G,45.24,7516,0.73
233,D,46.99,7476,0.82
233,A,49.18,6740,0.01
233,G,52.3,7476,0.84
233,F,54.49,9998,0.79
233,C,55.64,6720,0.02
233,X,57.31,6875,0.86
234,B,9.97,6760,0.01
234,F,11.81,9958,0.86
234,E,12.96,7576,0.62
234,C,14.4,6740,0.01
234,A,16.14,6720,0.01
234,B,19.27,6720,0.01
234,E,21.35,7716,0.87
234,B,22.92,6860,-0.02
234,F,24.89,10018,0.75
234,C,26.01,6900,-0.01
234,B,27.77,6720,0.01
234,F,29.76,9898,0.86
234,A,30.84,6840,-0.03
234,D,33.75,7596,0.76
234,E,35.91,7796,0.83
234,F,37.3,9898,0.91
234,B,38.38,6780,0.0
234,E,40.35,7716,0.84
234,G,41.8,7476,0.75
234,X,43.91,6875,0.94
235,B,9.97,6760,0.01
235,D,11.67,7676,0.67
235,C,13.7,6740,0.01
235,A,15.55,6860,-0.04
235,E,18.7,7716,0.85
235,D,19.64,7476,0.83
235,C,21.69,6740,0.01
235,D,23.25,7596,0.73
235,E,25.47,7756,0.84
235,G,26.82,7356,0.8
235,A,29.16,6860,-0.04
235,E,32.44,7816,0.76
235,B,33.98,6800,-0.01
235,A,35.99,6840,-0.03
235,C,39.2,6800,-0.01
235,A,40.96,6880,-0.04
235,B,44.04,6840,-0.01
235,F,45.96,10058,0.66
235,D,46.69,7776,0.56
235,C,48.81,6860,-0.01
235,F,50.59,9998,0.79
235,E,51.74,7696,0.85
235,F,53.16,9998,0.76
235,B,54.32,6880,-0.02
235,E,56.12,7756,0.84
235,A,57.43,6760,0.01
235,C,60.73,6900,-0.01
235,D,62.21,7536,0.8
235,C,64.48,6800,0.0
235,B,66.18,6820,-0.01
235,G,68.22,7376,0.78
235,X,70.34,6875,0.91
236,A,9.96,6840,-0.03
236,D,12.76,7616,0.73
236,C,15.02,6760,0.01
236,G,16.71,7576,0.58
236,E,18.87,7576,0.61
236,D,19.78,7716,0.55
236,B,22.04,6840,-0.01
236,D,23.59,7496,0.8
236,B,25.65,6720,0.01
236,A,27.59,6780,0.0
236,B,30.91,6740,0.0
236,D,32.4,7496,0.86
236,B,34.67,6900,-0.02
236,F,36.45,9798,0.87
236,X,37.44,6875,0.9
237,F,9.95,10078,0.7
237,D,10.63,7676,0.68
237,C,12.72,6760,0.01
237,G,14.53,7336,0.73
237,E,16.85,7756,0.83
237,C,18.15,6860,-0.01
237,G,19.97,7456,0.78
237,E,22.31,7756,0.89
237,B,23.81,6820,-0.01
237,E,25.72,7796,0.8
237,C,27.2,6780,0.01
237,G,28.89,7396,0.79
237,D,30.67,7536,0.83
237,C,32.76,6760,0.01
237,D,34.16,7556,0.87
237,F,36.36,9998,0.76
237,C,37.63,6860,0.0
237,E,39.55,7696,0.84
237,B,40.94,6820,-0.01
237,D,42.42,7656,0.68
237,E,44.67,7776,0.81
237,C,46.08,6820,0.0
237,E,47.8,7676,0.81
237,A,49.12,6800,0.0
237,X,52.16,6875,0.91
238,C,9.98,6720,0.01
238,G,11.78,7516,0.68
238,B,13.96,6900,-0.02
238,A,15.96,6780,0.01
238,B,19.27,6780,-0.01
238,E,21.22,7676,0.82
238,G,22.55,7336,0.76
238,F,24.73,9918,0.84
238,B,25.75,6900,-0.02
238,F,27.61,9858,0.91
238,A,28.75,6840,-0.03
238,C,31.79,6860,-0.01
238,D,33.27,7776,0.55
238,C,35.52,6880,-0.01
238,F,37.35,9798,0.87
238,D,38.11,7736,0.59
238,F,40.33,9758,0.85
238,B,41.58,6820,-0.01
238,F,43.46,10058,0.71
238,C,44.48,6760,0.01
238,A,46.26,6740,0.01
238,E,49.53,7596,0.65
238,D,50.64,7676,0.64
238,G,52.84,7336,0.72
238,X,54.97,6875,0.87
239,D,9.56,7656,0.69
239,E,11.63,7556,0.62
239,A,12.95,6760,0.01
239,G,16.03,7356,0.81
239,B,18.23,6760,0.0
239,F,20.23,9858,0.87
239,G,21.36,7596,0.56
239,E,23.54,7516,0.56
239,A,25.08,6740,0.01
239,B,28.18,6840,-0.01
239,C,30.04,6780,0.01
239,X,31.7,6875,0.94
240,E,9.55,7536,0.56
240,B,11.09,6800,-0.01
240,D,12.77,7696,0.63
240,B,14.88,6820,-0.01
240,E,16.82,7536,0.57
240,C,18.22,6880,-0.02
240,D,19.71,7536,0.83
240,B,21.98,6840,-0.01
240,A,23.99,6800,0.0
240,D,26.69,7576,0.75
240,B,28.9,6800,-0.01
240,F,30.81,10058,0.69
240,A,31.87,6700,0.01
240,G,34.95,7576,0.55
240,D,36.7,7656,0.7
240,E,38.72,7616,0.72
240,C,40.06,6740,0.01
240,D,41.62,7656,0.7
240,C,43.65,6880,-0.01
240,A,45.36,6720,0.01
240,C,48.6,6880,-0.01
240,A,50.34,6800,0.0
240,F,53.42,9758,0.74
240,A,54.51,6800,0.0
240,F,57.73,10038,0.66
240,C,58.85,6760,0.01
240,B,60.64,6820,-0.01
240,A,62.59,6780,0.0
240,F,65.86,10058,0.67
240,B,66.99,6860,-0.02
240,E,69.0,7696,0.82
240,B,70.31,6880,-0.01
240,F,72.14,9818,0.78
240,A,73.33,6700,0.01
240,E,76.52,7716,0.88
240,B,77.84,6800,0.0
240,G,79.83,7476,0.77
240,X,81.95,6875,0.88
241,A,9.98,6800,0.0
241,B,13.13,6700,0.01
241,D,14.77,7516,0.84
241,G,16.87,7416,0.82
241,D,18.63,7616,0.8
241,B,20.67,6760,0.0
241,C,22.52,6880,-0.01
241,F,24.22,10058,0.68
241,A,25.24,6820,-0.03
241,C,28.3,6780,0.01
241,B,30.2,6800,0.0
241,E,32.25,7536,0.59
241,X,33.54,6875,0.91
242,G,9.97,7356,0.83
242,D,11.94,7536,0.9
242,A,14.22,6760,0.01
242,D,17.03,7676,0.62
242,A,19.3,6880,-0.04
242,G,22.43,7516,0.72
242,C,24.77,6780,0.0
242,E,26.62,7536,0.59
242,F,27.97,9798,0.86
242,C,29.13,6800,0.0
242,G,30.97,7516,0.64
242,C,33.27,6860,0.0
242,E,34.99,7676,0.8
242,C,36.4,6760,0.01
242,A,38.33,6780,0.01
242,B,41.59,6800,-0.01
242,A,43.46,6740,0.01
242,F,46.55,10058,0.71
242,E,47.81,7696,0.8
242,A,49.11,6860,-0.04
242,G,52.26,7476,0.73
242,C,54.48,6780,0.01
242,E,56.37,7556,0.6
242,F,57.73,9798,0.87
242,D,58.39,7716,0.63
242,E,60.64,7816,0.78
242,D,61.77,7496,0.8
242,E,63.98,7576,0.62
242,G,65.52,7476,0.8
242,E,67.89,7636,0.71
242,F,69.36,9978,0.77
242,E,70.49,7576,0.6
242,C,71.91,6780,0.01
242,D,73.37,7616,0.7
242,B,75.37,6880,-0.02
242,X,77.17,6875,0.9
243,A,9.96,6780,0.01
243,B,13.06,6720,0.01
243,D,14.57,7756,0.61
243,A,16.79,6740,0.01
243,F,20.13,9758,0.87
243,G,21.16,7356,0.77
243,C,23.58,6840,0.0
243,G,25.3,7576,0.53
243,C,27.46,6780,0.0
243,E,29.31,7696,0.83
243,C,30.79,6720,0.01
243,B,32.48,6800,0.0
243,C,34.42,6740,0.01
243,F,36.13,9838,0.91
243,B,37.33,6780,-0.01
243,C,39.18,6860,-0.01
243,F,40.97,9998,0.79
243,E,42.03,7656,0.76
243,G,43.33,7456,0.87
243,B,45.48,6860,-0.01
243,E,47.37,7636,0.77
243,G,48.72,7536,0.67
243,C,51.03,6900,-0.01
243,E,52.77,7676,0.85
243,F,54.16,9858,0.89
243,E,55.16,7696,0.84
243,F,56.45,9758,0.84
243,G,57.67,7416,0.83
243,B,59.84,6820,-0.01
243,C,61.72,6760,0.01
243,A,63.66,6880,-0.04
243,G,66.9,7496,0.73
243,B,69.03,6860,-0.02
243,C,70.84,6880,-0.01
243,G,72.57,7556,0.61
243,E,74.87,7636,0.74
243,C,76.38,6760,0.01
243,D,77.82,7636,0.72
243,X,79.81,6875,0.91
244,G,9.92,7576,0.58
244,C,12.07,6820,0.0
244,D,13.4,7616,0.76
244,E,15.43,7556,0.61
244,B,16.81,6780,0.0
244,G,18.77,7536,0.64
244,A,20.91,6720,0.01
244,G,23.99,7536,0.67
244,B,26.36,6900,-0.02
244,D,27.82,7556,0.87
244,C,29.9,6760,0.01
244,G,31.76,7336,0.74
244,B,33.93,6820,-0.01
244,A,35.88,6800,-0.0
244,D,38.62,7756,0.55
244,A,40.86,6760,0.01
244,B,44.14,6820,-0.01
244,A,46.01,6880,-0.04
244,E,49.23,7776,0.83
244,C,50.55,6740,0.01
244,A,52.27,6700,0.02
244,G,55.6,7496,0.69
244,D,57.46,7716,0.61
244,B,59.48,6840,-0.01
244,F,61.41,9838,0.83
244,C,62.49,6740,0.01
244,E,64.21,7516,0.56
244,A,65.56,6780,0.01
244,F,68.61,10038,0.66
244,C,69.71,6820,-0.01
244,E,71.42,7696,0.84
244,F,72.95,9858,0.87
244,A,74.06,6780,0.0
244,E,77.18,7696,0.77
244,B,78.63,6860,-0.01
244,G,80.57,7356,0.71
244,B,82.96,6900,-0.02
244,F,84.78,9758,0.86
244,A,85.99,6760,0.0
244,G,89.28,7556,0.58
244,D,91.03,7576,0.83
244,X,93.03,6875,0.89
245,A,9.98,6840,-0.03
245,F,13.15,9798,0.76
245,B,14.26,6740,0.0
245,G,16.28,7416,0.75
245,D,18.25,7756,0.61
245,B,20.26,6740,0.01
245,E,22.08,7716,0.84
245,C,23.45,6880,-0.01
245,X,25.08,6875,0.86
246,B,9.97,6720,0.01
246,D,11.44,7656,0.69
246,A,13.66,6820,-0.0
246,B,16.71,6740,0.01
246,D,18.24,7576,0.81
246,C,20.34,6880,-0.01
246,E,22.17,7736,0.87
246,G,23.45,7436,0.8
246,E,25.67,7576,0.63
246,F,27.1,9858,0.92
246,B,28.17,6760,0.01
246,E,30.2,7556,0.58
246,D,31.24,7776,0.57
246,C,33.3,6880,-0.01
246,E,34.96,7736,0.86
246,B,36.47,6800,0.0
246,A,38.38,6780,0.0
246,D,41.24,7616,0.78
246,E,43.37,7716,0.86
246,F,44.8,9798,0.85
246,C,46.02,6800,0.0
246,D,47.56,7556,0.83
246,A,49.59,6780,0.0
246,E,52.84,7756,0.86
246,C,54.25,6740,0.01
246,G,56.02,7496,0.78
246,X,58.14,6875,0.9
247,E,9.49,7776,0.86
247,B,11.01,6720,0.01
247,A,13.12,6800,0.0
247,C,16.32,6780,0.0
247,B,18.07,6740,0.01
247,E,20.18,7556,0.61
247,D,21.32,7536,0.79
247,B,23.36,6860,-0.01
247,D,24.91,7536,0.81
247,C,26.97,6720,0.02
247,A,28.93,6820,0.0
247,E,32.13,7776,0.87
247,F,33.41,9778,0.86
247,G,34.64,7476,0.8
247,D,36.55,7456,0.76
247,G,38.83,7536,0.66
247,C,40.97,6740,0.01
247,F,42.7,10018,0.76
247,B,43.72,6740,0.01
247,A,45.72,6880,-0.04
247,B,49.01,6780,0.0
247,G,51.01,7416,0.86
247,C,53.29,6880,-0.01
247,F,55.19,9918,0.79
247,C,56.25,6780,0.0
247,E,57.98,7656,0.78
247,X,59.26,6875,0.92
248,C,9.97,6720,0.02
248,D,11.37,7636,0.72
248,C,13.59,6740,0.01
248,B,15.43,6880,-0.01
248,F,17.45,10018,0.75
248,C,18.61,6880,-0.01
248,F,20.26,9858,0.81
248,E,21.38,7696,0.79
248,F,22.7,9818,0.88
248,A,23.85,6820,0.0
248,E,27.05,7716,0.84
248,G,28.44,7436,0.87
248,C,30.66,6780,0.0
248,A,32.44,6740,0.01
248,C,35.52,6780,0.01
248,F,37.29,9938,0.87
248,B,38.35,6800,0.0
248,D,39.94,7516,0.8
248,G,42.21,7556,0.59
248,B,44.37,6800,-0.01
248,G,46.38,7336,0.75
248,C,48.56,6740,0.01
248,D,49.96,7676,0.67
248,C,52.14,6800,0.0
248,D,53.43,7756,0.6
248,A,55.45,6720,0.01
248,C,58.74,6740,0.01
248,B,60.66,6760,0.0
248,A,62.7,6740,0.01
248,B,65.84,6880,-0.02
248,A,67.7,6760,0.01
248,F,70.82,9838,0.78
248,D,71.45,7656,0.68
248,F,73.47,9918,0.86
248,G,74.46,7576,0.59
248,C,76.8,6780,0.01
248,A,78.71,6780,0.0
248,C,81.83,6860,-0.01
248,E,83.54,7776,0.83
248,X,84.82,6875,0.92
249,C,10.0,6800,-0.01
249,G,11.81,7436,0.75
249,F,14.0,9798,0.87
249,E,14.99,7616,0.68
249,C,16.38,6800,0.01
249,A,18.19,6740,0.01
249,G,21.27,7476,0.72
249,C,23.55,6880,-0.01
249,G,25.2,7456,0.8
249,C,27.48,6840,-0.01
249,B,29.15,6880,-0.01
249,C,31.06,6780,0.01
249,G,32.95,7396,0.88
249,F,35.18,10078,0.7
249,G,36.26,7436,0.84
249,B,38.54,6800,-0.01
249,C,40.36,6720,0.01
249,D,41.82,7556,0.87
249,A,43.88,6800,0.0
249,D,46.67,7656,0.67
249,F,48.89,10058,0.71
249,G,49.93,7356,0.78
249,A,52.25,6900,-0.04
249,G,55.46,7576,0.58
249,C,57.8,6900,-0.01
249,F,59.52,10078,0.67
249,D,60.11,7676,0.58
249,E,62.12,7756,0.86
249,A,63.5,6760,0.01
249,F,66.61,9998,0.8
249,A,67.76,6720,0.01
249,B,71.04,6760,0.0
249,X,72.86,6875,0.95
250,G,9.95,7356,0.8
250,D,11.76,7496,0.85
250,F,13.77,9958,0.83
250,B,14.76,6760,0.0
250,G,16.71,7436,0.76
250,E,18.94,7776,0.83
250,D,19.97,7576,0.79
250,E,22.17,7816,0.81
250,D,23.23,7556,0.74
250,C,25.48,6900,-0.01
250,D,26.74,7576,0.77
250,G,28.77,7416,0.89
250,E,31.14,7596,0.65
250,A,32.63,6720,0.01
250,F,35.82,9978,0.83
250,G,36.94,7516,0.68
250,A,39.3,6820,-0.03
250,C,42.34,6780,0.01
250,E,44.21,7736,0.85
250,C,45.52,6860,-0.01
250,A,47.41,6880,-0.04
250,F,50.56,10018,0.72
250,B,51.77,6880,-0.02
250,F,53.79,9958,0.83
250,G,54.83,7576,0.51
250,A,57.18,6760,0.01
250,F,60.41,9818,0.86
250,A,61.57,6720,0.01
250,E,64.87,7596,0.69
250,C,66.25,6900,-0.01
250,E,68.13,7556,0.6
250,C,69.61,6840,-0.01
250,E,71.36,7576,0.65
250,C,72.8,6860,-0.01
250,A,74.7,6820,0.0
250,B,77.97,6820,-0.01
250,E,79.77,7736,0.85
250,C,81.09,6760,0.01
250,G,82.94,7536,0.65
250,A,85.27,6840,-0.03
250,E,88.59,7596,0.65
250,G,90.05,7536,0.63
250,E,92.19,7816,0.8
250,D,93.13,7636,0.75
250,X,95.13,6875,0.94
251,E,9.49,7556,0.6
251,F,10.79,10058,0.7
251,D,11.63,7456,0.75
251,A,13.8,6900,-0.04
251,C,16.85,6880,-0.01
251,D,18.29,7716,0.58
251,F,20.47,9818,0.88
251,B,21.59,6800,0.0
251,D,23.06,7676,0.69
251,A,25.15,6800,-0.0
251,D,27.85,7556,0.76
251,F,29.99,9938,0.87
251,A,31.23,6780,0.0
251,C,34.36,6740,0.01
251,G,36.04,7516,0.67
251,X,38.15,6875,0.9
252,F,9.98,9938,0.86
252,G,11.06,7416,0.91
252,B,13.25,6820,-0.01
252,F,15.21,9918,0.85
252,G,16.27,7396,0.78
252,D,18.16,7636,0.72
252,E,20.31,7636,0.74
252,A,21.83,6780,0.0
252,F,25.06,9798,0.91
252,A,26.18,6900,-0.04
252,F,29.23,9798,0.9
252,G,30.44,7436,0.77
252,A,32.6,6840,-0.03
252,G,35.64,7596,0.56
252,F,37.76,9898,0.86
252,G,38.96,7476,0.78
252,E,41.11,7636,0.7
252,C,42.64,6860,-0.01
252,X,44.28,6875,0.88
253,F,9.94,9898,0.77
253,D,10.66,7756,0.6
253,G,12.84,7416,0.87
253,E,15.24,7616,0.68
253,C,16.79,6820,0.0
253,B,18.46,6780,0.01
253,G,20.37,7356,0.79
253,F,22.68,9778,0.84
253,B,23.92,6800,0.0
253,D,25.44,7736,0.61
253,C,27.57,6900,-0.01
253,G,29.29,7436,0.85
253,A,31.44,6880,-0.04
253,B,34.49,6740,0.01
253,E,36.33,7536,0.57
253,F,37.81,9998,0.75
253,G,39.04,7436,0.78
253,B,41.3,6880,-0.01
253,D,42.76,7716,0.63
253,B,44.84,6880,-0.01
253,D,46.4,7456,0.76
253,E,48.59,7636,0.71
253,B,50.14,6700,0.01
253,A,52.18,6720,0.01
253,F,55.26,9818,0.86
253,B,56.26,6860,-0.01
253,G,58.18,7396,0.86
253,F,60.43,9878,0.88
253,B,61.63,6740,0.01
253,A,63.62,6760,0.01
253,F,66.89,10018,0.76
253,D,67.72,7556,0.85
253,B,69.85,6840,-0.01
253,F,71.82,10058,0.7
253,B,72.84,6740,0.01
253,C,74.88,6820,0.0
253,X,76.53,6875,0.89
254,F,9.97,9978,0.77
254,E,11.19,7736,0.9
254,F,12.62,9878,0.87
254,D,13.47,7496,0.8
254,E,15.63,7576,0.63
254,A,16.94,6760,0.01
254,B,20.16,6720,0.01
254,A,22.11,6740,0.01
254,D,24.9,7556,0.8
254,C,27.0,6740,0.01
254,F,28.81,9818,0.89
254,A,30.09,6880,-0.04
254,G,33.29,7576,0.59
254,X,35.39,6875,0.93
255,F,9.95,9918,0.83
255,G,11.19,7536,0.67
255,C,13.49,6740,0.01
255,D,14.89,7496,0.78
255,F,16.96,9978,0.81
255,A,18.02,6880,-0.04
255,D,20.66,7536,0.82
255,A,22.84,6860,-0.04
255,D,25.63,7616,0.77
255,F,27.72,9958,0.84
255,G,28.71,7516,0.63
255,D,30.57,7636,0.71
255,A,32.81,6700,0.01
255,E,35.89,7796,0.83
255,G,37.37,7476,0.83
255,A,39.53,6880,-0.04
255,E,42.75,7576,0.63
255,F,44.07,9918,0.86
255,E,45.22,7516,0.55
255,D,46.15,7536,0.88
255,F,48.19,9758,0.83
255,B,49.46,6720,0.01
255,X,51.28,6875,0.87
256,F,9.97,10058,0.73
256,E,11.06,7736,0.82
256,D,12.14,7576,0.76
256,C,14.41,6880,-0.01
256,F,16.18,10038,0.75
256,A,17.46,6700,0.02
256,E,20.8,7776,0.85
256,F,22.17,9938,0.84
256,B,23.19,6860,-0.02
256,E,25.07,7596,0.68
256,A,26.45,6780,0.0
256,B,29.54,6760,0.01
256,E,31.52,7796,0.85
256,A,32.98,6880,-0.04
256,G,36.0,7556,0.61
256,X,38.1,6875,0.9
257,D,9.58,7716,0.62
257,E,11.82,7696,0.82
257,D,12.75,7716,0.62
257,A,15.04,6860,-0.04
257,E,18.18,7576,0.61
257,F,19.71,9838,0.85
257,A,20.84,6860,-0.03
257,B,23.98,6780,0.0
257,E,25.9,7676,0.81
257,C,27.25,6780,0.01
257,A,28.98,6860,-0.04
257,F,32.25,9878,0.82
257,G,33.5,7336,0.78
257,D,35.38,7536,0.78
257,E,37.56,7536,0.56
257,D,38.67,7536,0.78
257,F,40.7,10058,0.69
257,E,41.93,7656,0.76
257,A,43.29,6900,-0.04
257,D,46.13,7496,0.81
257,A,48.22,6820,-0.0
257,D,50.87,7736,0.61
257,E,53.0,7736,0.86
257,A,54.33,6780,0.01
257,B,57.55,6900,-0.02
257,C,59.38,6760,0.01
257,D,60.7,7716,0.62
257,F,62.79,10078,0.67
257,G,63.81,7476,0.82
257,X,65.92,6875,0.94
258,E,9.54,7716,0.84
258,C,10.96,6780,0.01
258,F,12.84,9798,0.79
258,D,13.66,7616,0.72
258,E,15.66,7616,0.7
258,G,17.21,7496,0.69
258,E,19.42,7536,0.56
258,D,20.54,7576,0.83
258,E,22.84,7556,0.58
258,F,24.33,9958,0.82
258,A,25.6,6900,-0.04
258,E,28.62,7736,0.81
258,F,29.99,9798,0.8
258,D,30.84,7576,0.85
258,B,32.89,6860,-0.01
258,X,34.68,6875,0.91
259,F,9.98,9838,0.92
259,A,11.18,6880,-0.04
259,E,14.32,7776,0.8
259,C,15.73,6860,0.0
259,E,17.61,7596,0.66
259,G,18.96,7476,0.78
259,A,21.18,6800,0.0
259,C,24.49,6840,-0.01
259,B,26.21,6840,-0.02
259,D,27.87,7736,0.59
259,X,29.86,6875,0.95
260,G,9.93,7476,0.81
260,A,12.16,6760,0.01
260,D,14.83,7676,0.66
260,E,17.06,7816,0.76
260,C,18.52,6880,-0.02
260,E,20.34,7636,0.75
260,A,21.85,6800,0.0
260,F,25.12,9918,0.84
260,D,25.72,7656,0.69
260,C,27.8,6720,0.01
260,F,29.53,10038,0.68
260,B,30.71,6720,0.01
260,X,32.53,6875,0.89
261,D,9.56,7516,0.85
261,A,11.8,6880,-0.04
261,G,14.92,7376,0.84
261,F,17.28,9838,0.83
261,A,18.43,6740,0.01
261,D,21.28,7536,0.79
261,B,23.5,6780,0.0
261,F,25.49,10018,0.76
261,E,26.58,7676,0.82
261,B,28.11,6860,-0.02
261,A,30.04,6840,-0.03
261,C,33.31,6720,0.01
261,X,34.98,6875,0.92
262,G,9.99,7336,0.75
262,C,12.38,6840,0.01
262,E,14.15,7656,0.76
262,C,15.67,6860,-0.01
262,G,17.4,7456,0.85
262,B,19.72,6840,-0.01
262,E,21.74,7656,0.74
262,B,23.29,6740,0.01
262,G,25.16,7456,0.84
262,C,27.38,6700,0.02
262,F,29.24,9858,0.91
262,D,29.92,7516,0.85
262,C,31.94,6800,0.0
262,D,33.28,7596,0.8
262,E,35.4,7636,0.75
262,G,36.79,7416,0.82
262,E,38.95,7716,0.87
262,A,40.35,6880,-0.04
262,X,43.35,6875,0.94
263,D,9.58,7756,0.58
263,C,11.61,6860,-0.01
263,G,13.29,7396,0.85
263,B,15.48,6880,-0.02
263,A,17.5,6780,0.01
263,C,20.69,6860,-0.01
263,E,22.47,7796,0.83
263,A,23.79,6880,-0.04
263,D,26.44,7656,0.67
263,A,28.5,6860,-0.03
263,G,31.61,7576,0.54
263,B,33.97,6780,0.0
263,C,35.89,6880,-0.01
263,B,37.57,6900,-0.02
263,G,39.41,7596,0.53
263,A,41.57,6820,0.0
263,F,44.79,10078,0.65
263,X,45.76,6875,0.88
264,C,9.99,6900,-0.01
264,E,11.76,7576,0.62
264,F,13.12,9918,0.86
264,E,14.3,7596,0.63
264,C,15.85,6780,0.01
264,A,17.69,6720,0.01
264,B,20.85,6760,0.0
264,F,22.88,10058,0.7
264,D,23.55,7716,0.61
264,G,25.75,7416,0.87
264,E,28.02,7716,0.85
264,C,29.47,6780,0.01
264,F,31.27,9798,0.81
264,G,32.25,7536,0.63
264,A,34.59,6800,0.0
264,G,37.82,7496,0.76
264,C,40.18,6780,0.01
264,E,41.85,7696,0.81
264,A,43.36,6700,0.02
264,E,46.63,7616,0.7
264,C,47.95,6800,0.0
264,B,49.7,6860,-0.02
264,F,51.67,10078,0.67
264,B,52.76,6860,-0.01
264,E,54.79,7656,0.79
264,D,55.91,7736,0.6
264,X,57.9,6875,0.92
265,D,9.56,7576,0.74
265,G,11.76,7516,0.73
265,B,14.17,6840,-0.01
265,F,16.15,9998,0.76
265,G,17.36,7356,0.74
265,A,19.65,6780,0.01
265,B,22.79,6820,-0.01
265,G,24.6,7596,0.54
265,C,26.74,6820,-0.01
265,F,28.43,9958,0.83
265,G,29.6,7556,0.61
265,B,31.94,6880,-0.01
265,C,33.94,6820,-0.01
265,F,35.79,10078,0.67
265,G,37.03,7396,0.88
265,C,39.24,6880,-0.01
265,D,40.76,7756,0.6
265,C,42.84,6800,0.0
265,E,44.59,7616,0.7
265,A,45.93,6760,0.01
265,G,49.09,7356,0.76
265,E,51.42,7716,0.87
265,D,52.52,7636,0.74
265,E,54.78,7596,0.67
265,C,56.1,6740,0.01
265,A,58.02,6880,-0.04
265,B,61.04,6860,-0.01
265,A,63.03,6720,0.01
265,C,66.27,6880,-0.01
265,B,67.92,6700,0.01
265,A,69.89,6860,-0.04
265,F,73.17,9818,0.87
265,X,74.15,6875,0.9
266,E,9.49,7756,0.89
266,F,10.91,9798,0.81
266,B,12.12,6840,-0.01
266,C,14.02,6740,0.01
266,A,15.95,6760,0.01
266,C,19.17,6740,0.01
266,A,21.1,6860,-0.04
266,B,24.14,6740,0.01
266,F,25.99,10018,0.77
266,C,27.11,6860,-0.01
266,G,28.99,7596,0.55
266,C,31.24,6720,0.01
266,G,33.15,7576,0.56
266,F,35.35,9838,0.8
266,E,36.42,7676,0.79
266,D,37.36,7736,0.6
266,X,39.34,6875,0.88
267,A,9.98,6720,0.01
267,C,13.07,6760,0.01
267,F,14.8,9818,0.88
267,B,16.01,6800,0.0
267,C,18.12,6740,0.01
267,F,19.86,10058,0.72
267,E,20.9,7676,0.76
267,B,22.27,6880,-0.02
267,F,24.18,10018,0.75
267,B,25.28,6820,-0.01
267,F,27.15,9918,0.85
267,G,28.34,7376,0.81
267,D,30.12,7496,0.76
267,F,32.36,9978,0.82
267,B,33.56,6860,-0.01
267,E,35.65,7656,0.79
267,G,36.98,7496,0.73
267,C,39.32,6780,0.01
267,A,41.2,6780,0.01
267,F,44.27,9818,0.8
267,C,45.51,6880,-0.01
267,B,47.19,6740,0.01
267,C,49.22,6740,0.01
267,F,51.09,10078,0.7
267,A,52.28,6700,0.02
267,D,55.01,7496,0.86
267,X,57.02,6875,0.87
268,E,9.48,7576,0.61
268,F,10.79,9758,0.8
268,B,12.03,6880,-0.01
268,G,14.06,7516,0.7
268,E,16.24,7596,0.68
268,A,17.76,6840,-0.03
268,B,20.9,6760,0.01
268,D,22.6,7596,0.77
268,A,24.72,6760,0.0
268,E,27.95,7796,0.81
268,B,29.26,6840,-0.01
268,C,31.22,6700,0.01
268,X,32.9,6875,0.89
269,A,9.97,6720,0.02
269,D,12.67,7696,0.63
269,A,14.76,6800,0.0
269,G,17.81,7556,0.58
269,B,19.97,6760,0.0
269,A,22.07,6860,-0.04
269,F,25.19,9998,0.78
269,B,26.3,6840,-0.01
269,F,28.2,10058,0.71
269,G,29.39,7396,0.82
269,D,31.38,7496,0.85
269,G,33.44,7496,0.78
269,C,35.69,6840,-0.01
269,A,37.5,6740,0.01
269,C,40.57,6880,-0.01
269,D,42.09,7636,0.74
269,C,44.1,6820,-0.01
269,B,45.88,6880,-0.02
269,G,47.68,7556,0.61
269,A,49.84,6760,0.0
269,E,52.92,7776,0.85
269,F,54.3,9758,0.82
269,D,55.09,7616,0.68
269,E,57.14,7536,0.57
269,D,58.17,7496,0.83
269,A,60.47,6760,0.0
269,F,63.5,10058,0.72
269,G,64.49,7456,0.86
269,D,66.43,7476,0.81
269,B,68.49,6740,0.01
269,G,70.38,7436,0.88
269,A,72.74,6720,0.01
269,F,76.01,9998,0.77
269,C,77.11,6760,0.0
269,X,78.78,6875,0.92
270,F,9.98,9778,0.78
270,B,11.15,6820,-0.01
270,F,13.13,9778,0.8
270,E,14.29,7656,0.74
270,C,15.78,6880,-0.01
270,A,17.63,6820,-0.03
270,F,20.76,9798,0.87
270,E,21.83,7616,0.68
270,D,22.77,7716,0.61
270,B,24.78,6780,0.0
270,D,26.43,7676,0.65
270,E,28.59,7716,0.8
270,F,29.9,9858,0.81
270,A,31.02,6900,-0.04
270,F,34.24,10038,0.72
270,D,35.02,7716,0.59
270,A,37.06,6900,-0.04
270,B,40.26,6760,0.01
270,D,41.92,7636,0.71
270,G,44.17,7436,0.84
270,D,46.11,7716,0.61
270,G,48.16,7436,0.86
270,B,50.37,6740,0.01
270,D,51.97,7456,0.75
270,A,54.04,6800,0.0
270,D,56.86,7756,0.58
270,B,59.09,6820,0.0
270,E,61.05,7716,0.8
270,D,62.13,7696,0.63
270,F,64.12,10038,0.75
270,E,65.13,7816,0.82
270,C,66.58,6720,0.01
270,X,68.27,6875,0.94
271,D,9.58,7536,0.89
271,E,11.7,7736,0.84
271,C,13.02,6760,0.01
271,E,14.76,7716,0.83
271,G,16.1,7456,0.83
271,B,18.26,6780,0.01
271,D,19.73,7716,0.59
271,E,21.73,7556,0.61
271,D,22.83,7536,0.85
271,C,25.03,6780,0.01
271,D,26.5,7776,0.6
271,F,28.51,9878,0.84
271,C,29.63,6760,0.01
271,F,31.53,9938,0.84
271,D,32.3,7556,0.79
271,E,34.37,7536,0.57
271,G,35.88,7416,0.87
271,B,38.03,6820,-0.01
271,A,39.88,6780,0.0
271,X,42.92,6875,0.9
272,D,9.58,7636,0.74
272,A,11.82,6780,0.0
272,D,14.7,7636,0.71
272,A,16.81,6720,0.01
272,G,20.0,7376,0.72
272,C,22.17,6700,0.01
272,D,23.5,7656,0.72
272,C,25.65,6900,-0.02
272,A,27.35,6780,0.01
272,B,30.54,6880,-0.01
272,E,32.57,7736,0.81
272,C,33.97,6720,0.01
272,D,35.4,7516,0.82
272,C,37.47,6800,0.0
272,A,39.24,6840,-0.03
272,F,42.43,9938,0.86
272,X,43.42,6875,0.87
273,C,9.97,6860,-0.01
273,A,11.71,6700,0.02
273,G,14.86,7436,0.74
273,C,17.02,6880,-0.01
273,E,18.71,7636,0.74
273,B,20.08,6860,-0.02
273,D,21.65,7596,0.76
273,B,23.69,6860,-0.01
273,A,25.76,6900,-0.04
273,D,28.54,7556,0.85
273,C,30.79,6800,0.01
273,A,32.47,6860,-0.04
273,C,35.6,6780,0.01
273,A,37.55,6740,0.01
273,D,40.32,7716,0.6
273,G,42.44,7356,0.74
273,F,44.72,9958,0.73
273,X,45.69,6875,0.91
274,A,9.97,6740,0.01
274,B,13.27,6780,0.0
274,A,15.12,6700,0.01
274,B,18.24,6820,-0.01
274,G,20.05,7556,0.63
274,E,22.33,7716,0.88
274,C,23.87,6720,0.01
274,E,25.81,7756,0.92
274,B,27.2,6800,-0.01
274,C,29.3,6780,0.0
274,G,31.06,7396,0.88
274,D,32.83,7476,0.78
274,G,34.99,7516,0.72
274,E,37.26,7816,0.82
274,D,38.34,7616,0.73
274,C,40.47,6860,-0.01
274,F,42.37,9778,0.84
274,B,43.54,6720,0.01
274,D,45.26,7716,0.62
274,B,47.29,6840,-0.01
274,C,49.34,6720,0.01
274,D,50.64,7556,0.84
274,C,52.8,6760,0.01
274,E,54.71,7796,0.82
274,C,56.05,6800,0.0
274,G,57.92,7356,0.81
274,C,60.26,6720,0.01
274,E,62.16,7736,0.88
274,D,63.16,7616,0.8
274,B,65.4,6860,-0.01
274,C,67.27,6820,-0.01
274,B,69.18,6760,0.0
274,E,71.27,7676,0.8
274,G,72.58,7416,0.86
274,C,74.8,6860,-0.01
274,B,76.55,6840,-0.01
274,A,78.57,6800,0.0
274,B,81.62,6860,-0.01
274,G,83.54,7496,0.76
274,A,85.91,6900,-0.04
274,B,89.15,6800,-0.01
274,D,90.68,7676,0.63
274,C,92.74,6720,0.01
274,A,94.55,6880,-0.04
274,C,97.72,6780,0.01
274,F,99.52,10078,0.67
274,X,100.48,6875,0.92
275,C,9.99,6820,0.0
275,G,11.72,7536,0.63
275,F,14.05,10038,0.72
275,A,15.07,6800,0.0
275,D,17.91,7696,0.64
275,E,19.97,7776,0.83
275,A,21.29,6780,0.01
275,C,24.6,6860,-0.01
275,B,26.38,6780,-0.01
275,X,28.18,6875,0.92
276,A,9.96,6900,-0.04
276,D,12.76,7716,0.65
276,C,14.81,6720,0.01
276,A,16.57,6720,0.02
276,C,19.72,6760,0.01
276,F,21.39,9938,0.88
276,E,22.59,7736,0.88
276,C,23.91,6720,0.01
276,B,25.85,6840,-0.01
276,D,27.53,7596,0.84
276,F,29.7,9778,0.81
276,B,30.71,6880,-0.01
276,A,32.54,6860,-0.04
276,E,35.79,7736,0.84
276,F,37.16,9938,0.85
276,G,38.29,7536,0.67
276,X,40.4,6875,0.94
277,B,9.99,6800,0.0
277,E,11.99,7516,0.54
277,B,13.45,6800,0.0
277,E,15.3,7676,0.73
277,C,16.62,6800,0.0
277,D,17.93,7676,0.62
277,F,20.0,9878,0.82
277,E,21.02,7696,0.86
277,D,22.13,7656,0.73
277,A,24.28,6760,0.01
277,E,27.56,7796,0.79
277,C,29.02,6880,-0.01
277,F,30.9,10058,0.72
277,E,31.92,7576,0.65
277,G,33.28,7476,0.77
277,F,35.46,9858,0.86
277,E,36.71,7776,0.8
277,F,38.19,9918,0.75
277,E,39.41,7536,0.57
277,G,40.91,7516,0.64
277,F,43.22,9858,0.86
277,E,44.28,7536,0.57
277,D,45.26,7516,0.78
277,C,47.47,6880,-0.01
277,F,49.23,9978,0.81
277,C,50.24,6800,0.0
277,D,51.58,7496,0.8
277,B,53.69,6900,-0.02
277,C,55.63,6720,0.01
277,A,57.34,6800,0.0
277,X,60.37,6875,0.93
278,B,9.99,6840,-0.01
278,A,11.99,6720,0.01
278,E,15.24,7736,0.85
278,F,16.7,9898,0.82
278,B,17.73,6800,0.0
278,E,19.73,7696,0.86
278,B,21.15,6800,-0.01
278,D,22.78,7576,0.82
278,B,25.01,6880,-0.01
278,G,26.83,7496,0.78
278,D,28.65,7656,0.67
278,E,30.72,7736,0.83
278,A,32.31,6800,0.0
278,G,35.61,7536,0.68
278,F,37.82,9938,0.87
278,A,38.86,6880,-0.04
278,D,41.65,7756,0.61
278,F,43.87,9878,0.91
278,A,44.93,6860,-0.04
278,C,48.05,6740,0.01
278,X,49.72,6875,0.88
279,G,9.94,7356,0.79
279,C,12.35,6740,0.01
279,F,14.16,10038,0.74
279,D,14.99,7756,0.6
279,B,17.14,6800,0.0
279,G,19.07,7516,0.65
279,F,21.32,10058,0.66
279,G,22.43,7336,0.73
279,E,24.79,7536,0.55
279,B,26.12,6860,-0.02
279,D,27.81,7776,0.57
279,F,30.04,9978,0.79
279,C,31.06,6820,0.0
279,E,32.77,7656,0.77
279,C,34.14,6780,0.01
279,E,36.08,7556,0.62
279,C,37.61,6740,0.01
279,B,39.34,6760,0.01
279,D,40.8,7596,0.75
279,E,43.05,7656,0.75
279,G,44.53,7476,0.69
279,C,46.86,6740,0.01
279,B,48.58,6820,-0.01
279,D,50.12,7496,0.84
279,F,52.34,9918,0.87
279,B,53.5,6700,0.02
279,A,55.39,6860,-0.04
279,E,58.44,7716,0.8
279,F,59.8,10038,0.72
279,G,60.85,7336,0.78
279,E,63.25,7756,0.82
279,D,64.26,7496,0.85
279,C,66.4,6800,0.0
279,A,68.07,6820,-0.0
279,B,71.29,6860,-0.01
279,X,73.09,6875,0.92
280,D,9.58,7716,0.59
280,E,11.66,7796,0.83
280,A,13.03,6760,0.01
280,G,16.18,7536,0.65
280,C,18.52,6880,-0.01
280,G,20.43,7336,0.78
280,C,22.57,6760,0.01
280,F,24.25,9898,0.87
280,D,25.01,7596,0.77
280,A,27.16,6760,0.0
280,C,30.22,6860,-0.01
280,E,32.0,7676,0.78
280,G,33.46,7436,0.8
280,F,35.64,9998,0.81
280,D,36.28,7656,0.69
280,F,38.53,9958,0.76
280,B,39.61,6760,0.01
280,X,41.43,6875,0.94
281,A,9.96,6720,0.01
281,B,13.14,6900,-0.02
281,E,15.16,7676,0.79
281,G,16.48,7416,0.8
281,A,18.8,6800,0.0
281,D,21.46,7596,0.77
281,G,23.48,7536,0.63
281,E,25.61,7776,0.86
281,C,27.13,6840,0.0
281,A,28.93,6720,0.01
281,C,32.28,6720,0.01
281,G,33.97,7416,0.82
281,F,36.28,10018,0.7
281,X,37.25,6875,0.91
282,A,9.98,6880,-0.04
282,B,13.02,6860,-0.01
282,G,14.82,7436,0.81
282,D,16.57,7476,0.78
282,G,18.69,7516,0.71
282,B,21.05,6800,-0.01
282,E,22.91,7516,0.56
282,A,24.48,6780,0.0
282,B,27.56,6860,-0.02
282,C,29.41,6740,0.01
282,A,31.15,6880,-0.04
282,F,34.27,10018,0.74
282,X,35.24,6875,0.89
283,A,9.96,6840,-0.03
283,G,13.0,7516,0.69
283,C,15.32,6880,-0.01
283,B,17.15,6900,-0.02
283,A,19.14,6720,0.01
283,E,22.46,7776,0.79
283,B,23.78,6820,-0.01
283,D,25.46,7516,0.81
283,C,27.74,6860,-0.01
283,D,29.0,7496,0.76
283,B,31.04,6880,-0.01
283,A,32.92,6800,0.0
283,F,35.98,9878,0.91
283,E,37.06,7836,0.77
283,B,38.57,6740,0.01
283,F,40.57,9958,0.8
283,G,41.57,7496,0.67
283,B,43.97,6840,-0.01
283,C,45.79,6780,0.0
283,D,47.34,7516,0.74
283,B,49.52,6880,-0.02
283,F,51.52,10078,0.68
283,A,52.64,6840,-0.03
283,X,55.66,6875,0.87
284,C,9.97,6760,0.01
284,G,11.65,7516,0.71
284,B,13.96,6820,-0.01
284,E,15.93,7636,0.71
284,D,17.06,7636,0.71
284,F,19.17,9878,0.83
284,A,20.44,6760,0.01
284,G,23.65,7376,0.79
284,D,25.47,7496,0.82
284,C,27.66,6720,0.02
284,G,29.4,7556,0.62
284,E,31.72,7676,0.84
284,F,33.03,9818,0.79
284,E,34.23,7536,0.59
284,C,35.59,6860,-0.01
284,A,37.24,6880,-0.04
284,G,40.31,7396,0.86
284,E,42.63,7696,0.84
284,D,43.62,7636,0.7
284,B,45.79,6740,0.01
284,X,47.62,6875,0.86
285,F,9.97,9938,0.83
285,C,11.06,6780,0.0
285,D,12.49,7636,0.71
285,C,14.53,6800,0.0
285,D,15.84,7696,0.63
285,F,17.99,9878,0.88
285,A,19.21,6800,0.0
285,G,22.36,7396,0.81
285,E,24.6,7796,0.81
285,B,26.03,6860,-0.01
285,X,27.82,6875,0.92
286,E,9.56,7736,0.84
286,G,10.83,7376,0.74
286,D,12.67,7556,0.84
286,F,14.75,9818,0.87
286,B,15.99,6720,0.0
286,A,17.83,6880,-0.04
286,B,21.04,6840,0.0
286,D,22.5,7756,0.58
286,E,24.72,7736,0.9
286,A,26.23,6740,0.01
286,D,29.08,7676,0.64
286,A,31.08,6840,-0.03
286,B,34.3,6760,0.0
286,D,35.98,7636,0.7
286,F,38.16,9838,0.89
286,C,39.32,6880,-0.01
286,G,40.93,7596,0.55
286,B,43.09,6840,-0.01
286,F,44.9,9978,0.83
286,E,45.92,7536,0.54
286,B,47.24,6800,-0.01
286,C,49.16,6800,0.01
286,B,50.85,6760,0.0
286,C,52.89,6860,-0.01
286,G,54.66,7396,0.83
286,B,56.84,6860,-0.02
286,E,58.92,7516,0.56
286,C,60.43,6900,-0.01
286,A,62.25,6760,0.01
286,G,65.41,7396,0.79
286,F,67.63,10038,0.68
286,E,68.65,7576,0.62
286,D,69.61,7776,0.6
286,X,71.57,6875,0.88
287,E,9.57,7616,0.67
287,D,10.68,7576,0.82
287,C,12.79,6800,0.01
287,D,14.34,7756,0.58
287,A,16.54,6880,-0.04
287,E,19.73,7636,0.73
287,C,21.13,6840,-0.01
287,D,22.49,7716,0.61
287,C,24.72,6860,-0.01
287,D,26.21,7616,0.72
287,C,28.4,6800,0.01
287,E,30.17,7676,0.79
287,B,31.71,6700,0.02
287,F,33.69,10078,0.67
287,C,34.94,6760,0.01
287,F,36.74,9858,0.89
287,E,37.78,7556,0.62
287,D,38.94,7596,0.84
287,E,41.19,7716,0.85
287,G,42.58,7496,0.75
287,D,44.57,7496,0.78
287,A,46.71,6860,-0.04
287,G,49.76,7476,0.77
287,B,52.06,6740,0.0
287,A,54.18,6880,-0.04
287,C,57.35,6880,-0.01
287,E,59.21,7656,0.73
287,G,60.74,7516,0.71
287,C,62.98,6900,-0.01
287,A,64.82,6800,0.0
287,B,67.88,6860,-0.01
287,C,69.91,6900,-0.01
287,B,71.81,6820,-0.01
287,F,73.64,10038,0.7
287,X,74.6,6875,0.95
288,C,9.99,6740,0.01
288,F,11.87,9838,0.81
288,B,13.1,6880,-0.02
288,C,14.99,6880,-0.01
288,G,16.87,7376,0.87
288,D,18.64,7696,0.65
288,E,20.89,7816,0.8
288,B,22.42,6880,-0.01
288,E,24.33,7516,0.55
288,C,25.64,6820,0.0
288,B,27.31,6760,0.01
288,A,29.36,6860,-0.04
288,X,32.36,6875,0.93
289,E,9.56,7656,0.76
289,D,10.63,7556,0.8
289,F,12.66,9838,0.81
289,C,13.71,6740,0.01
289,D,15.21,7716,0.65
289,G,17.22,7436,0.88
289,C,19.63,6720,0.01
289,F,21.57,9998,0.79
289,A,22.63,6860,-0.04
289,C,25.71,6760,0.0
289,F,27.44,10038,0.73
289,E,28.56,7756,0.87
289,G,29.9,7496,0.71
289,B,32.17,6760,0.0
289,X,33.99,6875,0.91
290,D,9.56,7636,0.73
290,B,11.66,6880,-0.02
290,A,13.54,6880,-0.04
290,B,16.72,6720,0.01
290,D,18.4,7756,0.59
290,C,20.42,6780,0.01
290,F,22.27,9998,0.75
290,C,23.47,6700,0.01
290,D,24.81,7516,0.8
290,G,27.0,7536,0.63
290,A,29.31,6780,0.0
290,D,32.18,7536,0.78
290,F,34.23,9798,0.81
290,E,35.38,7736,0.76
290,F,36.81,9838,0.92
290,G,37.82,7436,0.88
290,C,39.95,6820,0.0
290,G,41.78,7336,0.72
290,B,44.03,6820,0.0
290,A,45.87,6780,0.0
290,C,48.93,6740,0.01
290,F,50.65,9838,0.83
290,C,51.9,6740,0.01
290,G,53.66,7396,0.73
290,C,55.99,6720,0.01
290,A,57.69,6820,-0.0
290,D,60.58,7556,0.83
290,G,62.85,7416,0.82
290,B,65.11,6900,-0.02
290,F,66.98,9858,0.92
290,D,67.61,7696,0.67
290,A,69.65,6700,0.02
290,B,72.79,6740,0.0
290,E,74.81,7776,0.84
290,X,76.07,6875,0.84
291,A,9.98,6860,-0.04
291,B,13.11,6720,0.01
291,A,15.09,6840,-0.03
291,E,18.23,7816,0.77
291,C,19.79,6780,0.0
291,B,21.7,6780,0.0
291,G,23.63,7476,0.72
291,A,26.02,6840,-0.03
291,D,28.91,7736,0.6
291,E,31.05,7696,0.85
291,G,32.4,7376,0.79
291,C,34.61,6780,0.01
291,A,36.47,6860,-0.04
291,B,39.53,6860,-0.01
291,E,41.35,7636,0.76
291,A,42.69,6740,0.01
291,C,45.92,6760,0.01
291,G,47.8,7336,0.78
291,F,49.96,10058,0.71
291,D,50.76,7516,0.83
291,A,52.88,6880,-0.04
291,B,56.08,6700,0.01
291,F,58.0,9978,0.8
291,A,59.24,6880,-0.04
291,F,62.42,9898,0.9
291,D,63.06,7496,0.83
291,B,65.21,6840,-0.01
291,E,67.13,7596,0.65
291,B,68.46,6760,0.0
291,E,70.5,7696,0.82
291,C,71.8,6820,0.0
291,A,73.54,6740,0.01
291,F,76.59,9878,0.91
291,B,77.68,6800,-0.01
291,D,79.32,7536,0.88
291,G,81.36,7456,0.73
291,X,83.47,6875,0.89
292,G,9.97,7356,0.81
292,E,12.22,7736,0.81
292,F,13.71,9938,0.83
292,E,14.94,7736,0.85
292,D,15.93,7636,0.75
292,F,18.16,9758,0.86
292,D,19.03,7716,0.65
292,G,21.19,7396,0.88
292,C,23.35,6740,0.01
292,A,25.18,6900,-0.04
292,B,28.43,6820,-0.01
292,G,30.25,7416,0.75
292,C,32.51,6860,-0.01
292,E,34.2,7536,0.57
292,B,35.71,6880,-0.02
292,C,37.78,6800,0.0
292,F,39.67,9818,0.86
292,A,40.87,6800,0.0
292,G,43.97,7456,0.84
292,C,46.27,6800,0.0
292,E,48.0,7536,0.57
292,B,49.34,6900,-0.02
292,E,51.27,7776,0.81
292,G,52.79,7416,0.86
292,E,54.98,7736,0.86
292,F,56.28,9818,0.91
292,E,57.48,7636,0.73
292,G,58.88,7336,0.76
292,B,61.13,6900,-0.02
292,G,63.06,7476,0.78
292,F,65.2,9978,0.82
292,G,66.2,7396,0.81
292,E,68.39,7516,0.56
292,B,69.84,6820,-0.01
292,C,71.87,6820,0.0
292,F,73.54,9938,0.86
292,B,74.66,6740,0.01
292,A,76.66,6740,0.01
292,G,79.98,7456,0.82
292,A,82.31,6820,0.0
292,F,85.48,9898,0.84
292,A,86.6,6820,0.0
292,F,89.63,9998,0.78
292,B,90.64,6780,0.0
292,A,92.5,6880,-0.04
292,G,95.5,7336,0.73
292,E,97.73,7516,0.56
292,D,98.83,7596,0.76
292,X,100.82,6875,0.9
293,G,9.95,7456,0.73
293,B,12.28,6860,-0.01
293,E,14.15,7676,0.73
293,F,15.56,9778,0.82
293,B,16.58,6760,0.0
293,C,18.66,6720,0.01
293,G,20.46,7476,0.72
293,A,22.71,6760,0.01
293,F,25.92,9978,0.8
293,E,27.17,7656,0.8
293,F,28.72,9958,0.82
293,B,29.94,6780,0.0
293,F,31.82,9778,0.87
293,E,32.92,7736,0.87
293,F,34.23,9878,0.9
293,C,35.44,6820,-0.01
293,B,37.29,6860,-0.01
293,A,39.28,6740,0.01
293,E,42.58,7756,0.79
293,A,43.97,6700,0.02
293,B,47.18,6860,-0.01
293,G,49.03,7516,0.7
293,A,51.16,6760,0.01
293,G,54.42,7456,0.77
293,D,56.26,7696,0.68
293,X,58.24,6875,0.9
294,B,9.97,6800,0.0
294,C,11.84,6780,0.01
294,A,13.69,6720,0.01
294,D,16.61,7536,0.85
294,C,18.81,6820,-0.01
294,B,20.68,6900,-0.01
294,G,22.47,7536,0.61
294,A,24.68,6720,0.02
294,G,27.95,7556,0.63
294,C,30.23,6880,-0.01
294,B,31.93,6900,-0.02
294,F,33.76,9858,0.82
294,C,34.8,6880,-0.01
294,E,36.55,7616,0.69
294,A,38.01,6720,0.02
294,B,41.22,6720,0.01
294,E,43.26,7536,0.58
294,F,44.69,10018,0.77
294,G,45.69,7536,0.62
294,A,48.07,6740,0.01
294,C,51.41,6860,-0.01
294,F,53.32,9978,0.78
294,A,54.34,6720,0.01
294,G,57.6,7416,0.87
294,E,59.91,7676,0.76
294,A,61.23,6820,-0.03
294,B,64.28,6720,0.01
294,D,65.85,7696,0.6
294,X,67.84,6875,0.87
295,G,9.96,7576,0.56
295,C,12.22,6780,0.01
295,D,13.63,7716,0.62
295,C,15.8,6880,-0.01
295,A,17.52,6720,0.01
295,D,20.33,7496,0.78
295,G,22.6,7496,0.77
295,E,24.89,7736,0.8
295,A,26.46,6780,0.0
295,F,29.58,9878,0.9
295,B,30.58,6740,0.01
295,C,32.59,6740,0.01
295,B,34.41,6760,0.0
295,F,36.23,9978,0.84
295,E,37.23,7816,0.82
295,C,38.7,6740,0.01
295,B,40.59,6740,0.01
295,F,42.57,10058,0.73
295,E,43.6,7756,0.9
295,B,45.01,6780,0.01
295,E,46.94,7816,0.76
295,G,48.23,7516,0.68
295,C,50.39,6760,0.01
295,E,52.22,7576,0.61
295,B,53.53,6880,-0.01
295,F,55.38,9978,0.84
295,G,56.48,7336,0.78
295,C,58.64,6760,0.01
295,F,60.4,10018,0.73
295,A,61.43,6840,-0.03
295,B,64.65,6820,0.0
295,C,66.47,6860,-0.01
295,F,68.24,10018,0.72
295,D,68.84,7476,0.72
295,X,70.85,6875,0.88
296,B,9.99,6780,0.0
296,D,11.57,7536,0.8
296,A,13.72,6840,-0.04
296,D,16.54,7736,0.61
296,F,18.57,9778,0.83
296,A,19.64,6760,0.01
296,E,22.85,7756,0.85
296,A,24.21,6880,-0.04
296,E,27.28,7796,0.84
296,D,28.22,7696,0.67
296,E,30.43,7776,0.85
296,B,31.84,6720,0.01
296,D,33.44,7736,0.6
296,A,35.63,6820,0.0
296,B,38.84,6900,-0.01
296,G,40.79,7596,0.53
296,A,43.12,6860,-0.03
296,F,46.14,10058,0.68
296,E,47.21,7776,0.88
296,C,48.73,6820,-0.01
296,B,50.41,6720,0.01
296,F,52.27,9918,0.89
296,G,53.34,7536,0.68
296,C,55.6,6840,-0.01
296,F,57.34,10038,0.7
296,D,57.94,7556,0.77
296,C,60.0,6860,-0.01
296,D,61.39,7576,0.79
296,A,63.52,6740,0.01
296,C,66.85,6860,-0.01
296,B,68.6,6760,0.0
296,C,70.54,6740,0.01
296,A,72.5,6820,-0.0
296,E,75.78,7516,0.55
296,X,77.08,6875,0.94
297,D,9.55,7716,0.61
297,E,11.77,7796,0.87
297,A,13.24,6860,-0.03
297,F,16.41,9758,0.81
297,G,17.64,7556,0.59
297,D,19.61,7476,0.83
297,C,21.67,6780,0.01
297,B,23.5,6720,0.01
297,X,25.34,6875,0.93
298,F,9.96,9798,0.82
298,A,11.04,6880,-0.04
298,B,14.17,6700,0.01
298,A,16.05,6880,-0.04
298,E,19.1,7776,0.79
298,G,20.56,7436,0.72
298,C,22.74,6720,0.01
298,D,24.08,7776,0.57
298,F,26.31,9778,0.81
298,E,27.49,7776,0.81
298,C,28.89,6840,-0.01
298,E,30.58,7716,0.87
298,G,32.09,7476,0.76
298,B,34.32,6780,-0.01
298,C,36.27,6840,0.0
298,B,38.2,6760,0.0
298,A,40.17,6840,-0.04
298,F,43.19,9998,0.72
298,G,44.2,7396,0.84
298,D,46.08,7736,0.61
298,X,48.07,6875,0.88
299,F,9.96,9858,0.92
299,B,11.14,6700,0.02
299,G,13.15,7516,0.73
299,C,15.42,6880,-0.01
299,A,17.2,6880,-0.04
299,G,20.36,7476,0.73
299,F,22.74,9958,0.84
299,B,23.87,6780,0.01
299,D,25.42,7776,0.58
299,B,27.61,6880,-0.01
299,C,29.6,6740,0.01
299,A,31.33,6780,0.0
299,C,34.54,6780,0.01
299,E,36.34,7576,0.59
299,X,37.63,6875,0.92
300,F,9.97,9978,0.83
300,B,11.13,6720,0.01
300,D,12.77,7496,0.8
300,F,14.9,9858,0.88
300,G,16.12,7336,0.81
300,B,18.29,6880,-0.02
300,A,20.35,6760,0.01
300,E,23.59,7636,0.7
300,D,24.54,7476,0.81
300,E,26.59,7796,0.82
300,F,28.12,9798,0.85
300,G,29.11,7456,0.83
300,A,31.39,6840,-0.03
300,E,34.61,7776,0.84
300,C,35.9,6840,-0.01
300,A,37.77,6760,0.01
300,B,41.06,6900,-0.02
300,A,43.03,6800,0.0
300,G,46.18,7396,0.86
300,B,48.33,6860,-0.01
300,A,50.28,6840,-0.03
300,E,53.33,7716,0.8
300,A,54.85,6820,0.0
300,E,58.0,7756,0.8
300,B,59.55,6840,-0.01
300,A,61.43,6740,0.01
300,F,64.6,9898,0.88
300,A,65.61,6840,-0.03
300,F,68.89,9998,0.77
300,D,69.55,7696,0.59
300,C,71.54,6760,0.01
300,X,73.22,6875,0.94
301,A,9.96,6800,0.0
301,B,13.27,6900,-0.02
301,D,14.9,7776,0.58
301,B,17.07,6740,0.0
301,A,19.17,6860,-0.04
301,E,22.22,7616,0.72
301,C,23.66,6800,0.0
301,G,25.39,7356,0.83
301,F,27.64,10078,0.68
301,X,28.61,6875,0.93
302,C,9.99,6700,0.01
302,A,11.84,6880,-0.04
302,G,15.04,7376,0.78
302,B,17.35,6780,0.01
302,F,19.21,9878,0.87
302,C,20.29,6800,0.0
302,A,22.01,6880,-0.04
302,C,25.11,6820,-0.01
302,G,26.9,7516,0.68
302,C,29.07,6720,0.01
302,G,30.98,7376,0.79
302,F,33.25,9818,0.85
302,B,34.35,6820,-0.01
302,C,36.31,6780,0.01
302,B,38.2,6860,-0.02
302,E,40.16,7516,0.56
302,D,41.33,7576,0.79
302,E,43.45,7636,0.75
302,D,44.6,7716,0.63
302,C,46.85,6860,-0.01
302,B,48.59,6700,0.01
302,A,50.68,6700,0.01
302,F,53.92,9978,0.75
302,B,54.89,6720,0.01
302,E,56.93,7696,0.77
302,A,58.36,6900,-0.04
302,F,61.53,10018,0.74
302,E,62.76,7776,0.86
302,C,64.22,6740,0.01
302,D,65.74,7696,0.65
302,C,67.86,6780,0.01
302,F,69.79,9778,0.86
302,E,70.9,7576,0.64
302,A,72.34,6840,-0.03
302,D,75.04,7516,0.81
302,F,77.09,9798,0.9
302,C,78.28,6700,0.01
302,A,80.23,6900,-0.04
302,C,83.41,6860,-0.01
302,B,85.23,6720,0.01
302,F,87.07,10038,0.73
302,D,87.92,7496,0.83
302,B,90.02,6840,-0.01
302,F,92.08,9998,0.81
302,G,93.08,7476,0.8
302,X,95.19,6875,0.94
303,C,9.98,6760,0.0
303,G,11.67,7476,0.82
303,B,14.05,6800,0.01
303,D,15.57,7556,0.79
303,F,17.69,9918,0.9
303,G,18.79,7476,0.73
303,D,20.56,7516,0.77
303,E,22.79,7616,0.68
303,G,24.08,7416,0.83
303,E,26.47,7556,0.59
303,C,27.83,6880,-0.01
303,A,29.73,6720,0.01
303,X,32.79,6875,0.95
304,A,9.98,6860,-0.04
304,C,13.03,6860,-0.01
304,D,14.3,7756,0.6
304,B,16.47,6760,-0.01
304,F,18.51,9998,0.8
304,E,19.65,7756,0.8
304,D,20.66,7596,0.79
304,E,22.67,7816,0.75
304,C,24.22,6900,-0.01
304,G,25.97,7576,0.57
304,E,28.23,7616,0.69
304,A,29.81,6700,0.01
304,C,33.13,6760,0.02
304,F,34.82,9938,0.85
304,D,35.43,7556,0.85
304,E,37.61,7596,0.69
304,D,38.74,7576,0.85
304,C,40.84,6780,0.0
304,E,42.56,7516,0.54
304,F,43.86,9778,0.85
304,A,45.11,6880,-0.04
304,D,47.95,7776,0.56
304,E,50.04,7596,0.67
304,D,51.11,7576,0.86
304,C,53.39,6820,0.0
304,G,55.06,7456,0.8
304,D,56.89,7696,0.66
304,A,58.94,6900,-0.04
304,F,61.99,9938,0.84
304,A,63.21,6700,0.02
304,D,66.02,7496,0.77
304,A,68.18,6840,-0.03
304,G,71.24,7476,0.76
304,D,73.17,7476,0.76
304,E,75.4,7776,0.84
304,A,76.81,6880,-0.04
304,B,80.04,6760,0.01
304,X,81.86,6875,0.91
305,G,9.96,7556,0.58
305,E,12.09,7556,0.58
305,C,13.52,6880,-0.01
305,E,15.39,7556,0.61
305,A,16.85,6760,0.01
305,E,20.17,7816,0.78
305,G,21.61,7496,0.73
305,E,23.97,7676,0.77
305,G,25.36,7376,0.84
305,D,27.17,7556,0.8
305,A,29.32,6820,-0.0
305,F,32.5,9918,0.78
305,B,33.68,6880,-0.01
305,X,35.47,6875,0.92
306,D,9.56,7556,0.8
306,F,11.81,9838,0.82
306,A,12.88,6840,-0.04
306,G,15.98,7416,0.81
306,F,18.14,9978,0.83
306,B,19.25,6840,-0.01
306,D,20.91,7576,0.83
306,B,23.04,6840,-0.01
306,G,24.98,7376,0.77
306,B,27.37,6800,0.0
306,F,29.22,9918,0.86
306,C,30.27,6800,0.0
306,G,32.17,7556,0.63
306,A,34.5,6720,0.01
306,F,37.64,9838,0.92
306,B,38.74,6740,0.01
306,C,40.66,6860,-0.01
306,E,42.43,7576,0.62
306,X,43.71,6875,0.87
307,B,9.99,6740,0.01
307,G,11.98,7516,0.7
307,A,14.14,6800,0.0
307,D,17.02,7516,0.79
307,C,19.1,6800,0.0
307,G,20.83,7376,0.86
307,F,22.98,9858,0.89
307,D,23.61,7556,0.87
307,E,25.67,7656,0.77
307,X,26.94,6875,0.93
308,A,9.98,6800,0.0
308,G,13.13,7356,0.79
308,E,15.36,7696,0.83
308,C,16.71,6820,0.0
308,G,18.36,7556,0.62
308,F,20.5,9958,0.82
308,E,21.5,7576,0.59
308,D,22.56,7496,0.78
308,C,24.68,6900,-0.02
308,B,26.4,6880,-0.01
308,X,28.2,6875,0.89
309,D,9.56,7496,0.82
309,F,11.73,9978,0.8
309,E,12.97,7776,0.8
309,G,14.31,7456,0.8
309,D,16.2,7716,0.64
309,B,18.27,6800,0.0
309,F,20.23,9818,0.81
309,C,21.29,6800,0.01
309,D,22.78,7716,0.65
309,B,24.92,6860,-0.01
309,G,26.71,7476,0.74
309,A,29.06,6860,-0.03
309,D,31.81,7756,0.59
309,A,34.03,6840,-0.03
309,G,37.12,7596,0.54
309,C,39.31,6740,0.01
309,E,41.25,7576,0.61
309,F,42.76,10038,0.74
309,B,44.01,6880,-0.02
309,X,45.8,6875,0.93
310,G,9.92,7576,0.54
310,A,12.3,6820,0.0
310,B,15.49,6760,0.01
310,A,17.41,6820,0.0
310,F,20.5,10058,0.72
310,A,21.59,6700,0.01
310,F,24.74,9818,0.79
310,C,25.97,6760,0.01
310,F,27.78,10038,0.72
310,C,28.77,6700,0.01
310,G,30.52,7336,0.77
310,B,32.81,6760,0.0
310,G,34.65,7456,0.74
310,C,36.86,6740,0.01
310,A,38.8,6700,0.02
310,E,42.03,7556,0.6
310,A,43.36,6860,-0.04
310,C,46.5,6820,-0.01
310,F,48.21,9898,0.82
310,B,49.23,6720,0.01
310,D,50.94,7556,0.85
310,C,53.13,6880,-0.01
310,B,54.78,6780,0.0
310,D,56.34,7596,0.77
310,A,58.45,6800,0.0
310,F,61.61,9898,0.87
310,C,62.72,6900,-0.02
310,B,64.56,6900,-0.02
310,A,66.41,6740,0.01
310,B,69.53,6740,0.01
310,G,71.49,7596,0.55
310,A,73.69,6780,0.0
310,F,76.79,9958,0.79
310,A,77.92,6780,0.0
310,F,81.03,9798,0.88
310,C,82.14,6840,-0.01
310,D,83.59,7596,0.72
310,B,85.62,6800,-0.01
310,G,87.56,7356,0.78
310,E,89.89,7776,0.82
310,X,91.18,6875,0.93
311,C,9.97,6840,-0.01
311,D,11.29,7556,0.78
311,G,13.39,7536,0.66
311,A,15.57,6820,-0.0
311,E,18.76,7716,0.84
311,A,20.1,6880,-0.04
311,G,23.17,7516,0.7
311,B,25.53,6860,-0.02
311,C,27.36,6820,0.0
311,G,29.27,7556,0.6
311,D,31.02,7616,0.73
311,A,33.08,6720,0.01
311,D,35.77,7656,0.67
311,E,37.84,7556,0.59
311,C,39.23,6800,0.0
311,G,40.87,7576,0.57
311,A,43.24,6820,-0.0
311,F,46.41,9898,0.9
311,A,47.41,6860,-0.03
311,E,50.54,7796,0.86
311,D,51.54,7516,0.79
311,G,53.65,7516,0.7
311,C,55.79,6900,-0.02
311,F,57.55,9958,0.83
311,A,58.81,6860,-0.04
311,E,61.96,7816,0.79
311,A,63.42,6740,0.01
311,D,66.3,7616,0.75
311,C,68.46,6800,0.01
311,B,70.26,6860,-0.01
311,X,72.04,6875,0.88
312,B,9.99,6720,0.01
312,C,11.94,6840,-0.01
312,E,13.7,7736,0.9
312,D,14.73,7636,0.74
312,E,16.89,7796,0.87
312,D,17.87,7736,0.62
312,G,19.96,7516,0.72
312,D,21.76,7476,0.72
312,A,23.82,6880,-0.04
312,G,27.05,7516,0.74
312,B,29.38,6740,0.01
312,G,31.44,7396,0.81
312,B,33.67,6740,0.01
312,F,35.58,9858,0.88
312,X,36.56,6875,0.92
313,A,9.96,6860,-0.04
313,G,13.15,7416,0.86
313,F,15.32,10078,0.63
313,G,16.38,7596,0.55
313,F,18.62,9938,0.87
313,B,19.79,6800,-0.01
313,E,21.73,7556,0.62
313,A,23.11,6800,0.01
313,B,26.39,6780,0.0
313,G,28.38,7516,0.69
313,D,30.35,7636,0.67
313,G,32.5,7516,0.66
313,F,34.7,9978,0.8
313,G,35.76,7416,0.88
313,D,37.53,7756,0.57
313,F,39.75,9918,0.87
313,A,41.02,6840,-0.04
313,D,43.75,7676,0.67
313,A,45.89,6840,-0.03
313,B,49.19,6700,0.01
313,A,51.27,6860,-0.04
313,E,54.42,7636,0.74
313,F,55.73,9978,0.77
313,C,56.96,6740,0.01
313,X,58.63,6875,0.93
314,G,9.93,7476,0.77
314,F,12.09,9858,0.87
314,E,13.08,7776,0.84
314,C,14.38,6800,0.0
314,F,16.25,9978,0.81
314,B,17.27,6840,-0.01
314,C,19.35,6760,0.01
314,E,21.04,7636,0.73
314,C,22.41,6780,0.0
314,F,24.16,10058,0.71
314,G,25.22,7396,0.8
314,E,27.58,7776,0.84
314,A,28.92,6900,-0.04
314,G,31.92,7376,0.83
314,F,34.15,9918,0.86
314,C,35.27,6740,0.01
314,A,37.17,6800,0.0
314,C,40.29,6840,0.0
314,G,41.99,7516,0.69
314,E,44.29,7816,0.74
314,F,45.81,9958,0.77
314,G,46.86,7596,0.54
314,B,49.2,6800,-0.01
314,F,51.03,9838,0.79
314,E,52.14,7556,0.61
314,G,53.47,7496,0.75
314,D,55.4,7556,0.79
314,B,57.59,6800,0.0
314,D,59.29,7616,0.75
314,A,61.32,6740,0.01
314,G,64.45,7396,0.87
314,D,66.33,7736,0.6
314,F,68.46,10078,0.67
314,G,69.47,7416,0.86
314,D,71.4,7596,0.79
314,F,73.44,9778,0.89
314,G,74.54,7536,0.62
314,C,76.71,6860,0.0
314,E,78.46,7596,0.66
314,X,79.74,6875,0.92
315,G,9.95,7456,0.78
315,F,12.34,9938,0.81
315,G,13.45,7396,0.76
315,B,15.58,6880,-0.02
315,E,17.6,7576,0.62
315,G,19.11,7456,0.79
315,D,21.04,7596,0.79
315,G,23.22,7596,0.56
315,E,25.49,7656,0.78
315,C,26.83,6760,0.01
315,D,28.24,7476,0.76
315,E,30.51,7676,0.83
315,B,31.81,6800,0.0
315,D,33.49,7456,0.75
315,F,35.62,9878,0.84
315,B,36.73,6700,0.01
315,D,38.39,7756,0.6
315,B,40.37,6820,-0.01
315,C,42.22,6760,0.01
315,F,44.07,9878,0.93
315,C,45.24,6880,-0.01
315,A,46.98,6880,-0.04
315,F,49.98,9978,0.79
315,E,51.1,7556,0.58
315,F,52.61,10078,0.66
315,D,53.23,7576,0.77
315,B,55.45,6780,0.0
315,F,57.54,9898,0.91
315,C,58.8,6700,0.02
315,G,60.6,7536,0.67
315,F,62.79,9898,0.81
315,C,64.02,6880,-0.02
315,E,65.86,7556,0.6
315,F,67.43,9778,0.83
315,C,68.69,6840,0.0
315,F,70.55,9778,0.86
315,A,71.64,6720,0.01
315,X,74.71,6875,0.89
316,A,9.99,6740,0.01
316,B,13.12,6760,0.01
316,A,15.12,6800,0.0
316,C,18.37,6840,-0.01
316,F,20.18,9878,0.85
316,A,21.21,6860,-0.03
316,C,24.39,6780,0.01
316,F,26.09,9778,0.84
316,E,27.13,7636,0.73
316,B,28.55,6880,-0.01
316,A,30.54,6740,0.01
316,C,33.81,6820,0.0
316,A,35.55,6820,-0.03
316,C,38.63,6900,-0.01
316,F,40.28,9898,0.9
316,B,41.49,6760,0.01
316,A,43.53,6860,-0.04
316,E,46.61,7756,0.89
316,A,48.1,6840,-0.04
316,G,51.22,7376,0.81
316,B,53.47,6720,0.02
316,E,55.52,7596,0.65
316,A,57.05,6720,0.01
316,E,60.37,7656,0.76
316,G,61.68,7416,0.83
316,B,63.86,6800,-0.01
316,F,65.74,9918,0.85
316,D,66.35,7616,0.72
316,X,68.36,6875,0.9
317,C,9.95,6720,0.01
317,F,11.65,9898,0.92
317,E,12.73,7616,0.68
317,A,14.2,6780,0.01
317,F,17.38,9918,0.85
317,A,18.43,6900,-0.04
317,E,21.63,7756,0.79
317,G,23.08,7556,0.55
317,D,24.85,7736,0.6
317,E,26.94,7716,0.86
317,A,28.46,6740,0.01
317,B,31.75,6860,-0.01
317,F,33.64,9798,0.8
317,C,34.64,6700,0.02
317,D,36.11,7576,0.8
317,C,38.28,6720,0.01
317,A,40.05,6840,-0.04
317,B,43.17,6860,-0.01
317,C,45.03,6900,-0.01
317,E,46.91,7596,0.65
317,C,48.32,6760,0.01
317,E,50.01,7696,0.8
317,C,51.37,6700,0.01
317,D,52.73,7516,0.8
317,G,54.85,7376,0.77
317,X,56.98,6875,0.91
318,D,9.41,7556,0.8
318,E,11.45,7576,0.61
318,D,12.62,7476,0.77
318,C,14.67,6880,-0.01
318,A,16.6,6760,0.01
318,E,19.66,7696,0.82
318,C,21.04,6780,0.0
318,D,22.57,7476,0.79
318,C,24.62,6780,0.01
318,G,26.37,7456,0.81
318,D,28.2,7616,0.77
318,B,30.42,6860,-0.01
318,E,32.23,7756,0.89
318,D,33.39,7476,0.81
318,E,35.61,7736,0.84
318,B,36.97,6860,-0.01
318,E,38.81,7716,0.83
318,F,40.17,10058,0.68
318,B,41.32,6900,-0.01
318,C,43.32,6880,-0.01
318,F,44.98,10018,0.71
318,G,46.1,7476,0.78
318,F,48.49,9998,0.77
318,E,49.69,7556,0.59
318,G,51.1,7516,0.71
318,E,53.35,7776,0.88
318,C,54.72,6880,-0.01
318,D,56.03,7476,0.82
318,G,58.25,7456,0.75
318,B,60.56,6780,0.01
318,A,62.48,6820,0.0
318,X,65.51,6875,0.91
319,G,9.71,7496,0.75
319,E,11.92,7636,0.71
319,F,13.33,9998,0.79
319,C,14.42,6840,-0.01
319,A,16.12,6720,0.01
319,G,19.43,7376,0.74
319,C,21.57,6860,-0.01
319,D,23.03,7516,0.83
319,G,25.06,7476,0.8
319,E,27.34,7516,0.56
319,A,28.84,6800,0.0
319,C,32.05,6800,0.01
319,G,33.87,7416,0.82
319,E,36.18,7676,0.8
319,A,37.62,6840,-0.03
319,F,40.8,10038,0.73
319,B,41.81,6800,-0.01
319,X,43.63,6875,0.94
320,A,9.95,6800,0.0
320,B,13.2,6760,-0.01
320,A,15.17,6880,-0.04
320,D,17.96,7456,0.78
320,C,20.11,6820,0.0
320,B,21.93,6760,0.01
320,A,24.05,6880,-0.04
320,C,27.08,6880,-0.01
320,G,28.83,7496,0.69
320,C,31.03,6880,-0.01
320,A,32.7,6740,0.01
320,C,35.84,6740,0.01
320,F,37.69,9858,0.86
320,C,38.81,6900,-0.01
320,G,40.56,7496,0.72
320,D,42.42,7536,0.85
320,A,44.51,6780,0.0
320,E,47.8,7816,0.81
320,X,49.09,6875,0.92
321,A,9.98,6900,-0.04
321,G,13.14,7476,0.79
321,B,15.5,6780,0.0
321,E,17.35,7836,0.74
321,G,18.83,7536,0.68
321,E,21.07,7776,0.78
321,G,22.58,7336,0.71
321,E,24.98,7656,0.73
321,A,26.58,6800,0.0
321,D,29.24,7696,0.65
321,F,31.41,10018,0.75
321,E,32.47,7736,0.81
321,A,33.87,6900,-0.04
321,G,37.05,7436,0.78
321,B,39.34,6800,-0.01
321,F,41.17,9958,0.86
321,A,42.38,6800,0.0
321,F,45.53,9998,0.74
321,D,46.33,7596,0.68
321,G,48.35,7476,0.72
321,D,50.31,7476,0.71
321,G,52.47,7556,0.61
321,B,54.83,6720,0.01
321,A,56.76,6820,0.0
321,B,59.99,6880,-0.01
321,D,61.48,7676,0.67
321,F,63.56,9778,0.85
321,A,64.71,6800,0.0
321,F,67.83,9778,0.86
321,C,68.91,6780,0.0
321,X,70.57,6875,0.92
