Sequence,Signal Type,Time (s),Frequency (Hz),Correlation Value
0,A,9.96,6840,-0.03
0,C,13.07,6860,-0.01
0,D,14.35,7716,0.61
0,B,16.45,6840,-0.01
0,D,18.04,7696,0.66
0,B,20.12,6760,0.01
0,C,22.12,6820,0.0
0,A,23.81,6760,0.01
0,E,26.96,7696,0.8
0,B,28.42,6900,-0.02
0,G,30.45,7516,0.68
0,E,32.77,7616,0.73
0,D,33.88,7496,0.86
0,F,36.17,9878,0.91
0,X,37.14,6875,0.9
1,A,9.98,6740,0.01
1,C,13.14,6820,0.0
1,G,14.93,7456,0.83
1,F,17.14,9818,0.84
1,G,18.22,7376,0.77
1,B,20.6,6720,0.01
1,E,22.47,7596,0.66
1,C,24.01,6860,-0.01
1,G,25.78,7476,0.8
1,B,27.96,6860,-0.01
1,E,30.02,7596,0.68
1,F,31.44,9978,0.84
1,B,32.64,6780,0.0
1,G,34.64,7556,0.63
1,D,36.37,7736,0.57
1,E,38.6,7736,0.81
1,B,40.05,6740,0.01
1,F,41.92,10058,0.71
1,D,42.53,7716,0.61
1,G,44.57,7356,0.74
1,A,46.97,6740,0.01
1,F,50.04,9798,0.86
1,B,51.12,6900,-0.02
1,F,52.99,9958,0.8
1,G,54.09,7376,0.85
1,F,56.32,10038,0.76
1,E,57.4,7716,0.88
1,A,58.72,6780,0.0
1,B,61.79,6740,0.0
1,A,63.7,6860,-0.04
1,G,66.72,7516,0.7
1,C,68.94,6820,0.0
1,X,70.59,6875,0.94
2,C,9.99,6860,-0.01
2,D,11.52,7556,0.8
2,G,13.52,7476,0.81
2,C,15.82,6740,0.01
2,F,17.58,9938,0.85
2,G,18.74,7416,0.77
2,E,21.07,7656,0.77
2,G,22.4,7516,0.64
2,E,24.76,7556,0.59
2,C,26.07,6840,-0.01
2,G,28.0,7356,0.74
2,E,30.24,7516,0.58
2,B,31.59,6900,-0.02
2,G,33.49,7456,0.73
2,B,35.69,6800,-0.01
2,D,37.19,7556,0.86
2,G,39.29,7376,0.79
2,D,41.04,7656,0.7
2,C,43.27,6800,0.0
2,E,45.11,7696,0.85
2,F,46.59,10078,0.68
2,A,47.83,6860,-0.04
2,X,50.84,6875,0.88
3,F,9.96,9838,0.82
3,D,10.76,7536,0.87
3,B,13.03,6760,0.01
3,A,15.14,6840,-0.03
3,D,18.04,7696,0.63
3,A,20.18,6840,-0.03
3,G,23.47,7356,0.76
3,F,25.65,9918,0.82
3,D,26.48,7636,0.74
3,F,28.7,10058,0.71
3,D,29.41,7616,0.73
3,F,31.62,9818,0.77
3,E,32.72,7716,0.87
3,C,34.27,6740,0.01
3,X,35.94,6875,0.86
4,G,9.96,7576,0.56
4,F,12.26,9878,0.85
4,B,13.43,6800,0.0
4,A,15.42,6800,0.0
4,G,18.48,7516,0.66
4,E,20.67,7756,0.83
4,G,22.13,7336,0.75
4,A,24.51,6740,0.01
4,C,27.59,6760,0.01
4,F,29.35,9778,0.79
4,G,30.52,7416,0.72
4,B,32.74,6800,-0.01
4,C,34.64,6860,-0.01
4,E,36.34,7676,0.78
4,A,37.9,6880,-0.04
4,B,40.93,6720,0.01
4,C,42.94,6840,0.0
4,B,44.74,6780,-0.01
4,G,46.56,7476,0.77
4,A,48.72,6820,0.0
4,C,51.93,6720,0.01
4,A,53.64,6880,-0.04
4,F,56.64,9818,0.84
4,E,57.77,7596,0.69
4,D,58.86,7616,0.74
4,G,60.91,7576,0.6
4,B,63.05,6720,0.01
4,F,65.14,9898,0.8
4,A,66.14,6800,0.0
4,D,68.88,7716,0.6
4,F,70.87,9898,0.85
4,D,71.68,7636,0.67
4,C,73.76,6880,-0.01
4,A,75.5,6900,-0.04
4,E,78.57,7696,0.88
4,X,79.85,6875,0.95
5,C,9.99,6900,-0.01
5,A,11.67,6760,0.01
5,D,14.49,7596,0.79
5,E,16.5,7736,0.87
5,F,17.91,9978,0.8
5,B,18.98,6840,-0.01
5,G,20.94,7576,0.59
5,X,23.04,6875,0.95
6,C,9.97,6720,0.01
6,G,11.75,7556,0.57
6,A,14.1,6860,-0.04
6,B,17.19,6800,-0.01
6,F,19.16,9858,0.85
6,B,20.23,6820,-0.01
6,C,22.2,6780,0.01
6,G,24.0,7496,0.78
6,F,26.36,9978,0.77
6,D,27.04,7776,0.58
6,C,29.1,6840,-0.01
6,B,30.84,6840,-0.01
6,D,32.43,7476,0.84
6,E,34.73,7676,0.82
6,X,36.01,6875,0.91
7,D,9.56,7536,0.82
7,E,11.79,7576,0.62
7,C,13.28,6860,0.0
7,B,15.18,6740,0.01
7,A,17.23,6780,0.0
7,G,20.31,7396,0.85
7,F,22.62,9778,0.83
7,X,23.62,6875,0.91
8,G,9.96,7536,0.64
8,E,12.22,7596,0.69
8,G,13.55,7336,0.73
8,A,15.71,6720,0.01
8,E,18.97,7736,0.86
8,F,20.45,9838,0.85
8,C,21.45,6780,0.01
8,A,23.24,6820,-0.0
8,E,26.3,7636,0.76
8,G,27.78,7336,0.78
8,D,29.74,7476,0.82
8,A,31.82,6840,-0.03
8,E,34.9,7576,0.64
8,A,36.47,6800,0.0
8,D,39.37,7536,0.85
8,E,41.41,7676,0.82
8,B,42.72,6740,0.01
8,A,44.57,6880,-0.04
8,C,47.67,6760,0.01
8,D,49.18,7716,0.6
8,E,51.36,7736,0.8
8,D,52.5,7516,0.82
8,C,54.54,6740,0.01
8,B,56.39,6780,-0.01
8,G,58.47,7416,0.81
8,D,60.38,7736,0.59
8,E,62.61,7676,0.82
8,G,64.04,7496,0.74
8,D,65.78,7556,0.8
8,B,67.82,6740,0.01
8,A,69.88,6740,0.01
8,F,73.02,9858,0.81
8,X,74.0,6875,0.92
9,C,9.99,6760,0.01
9,D,11.46,7556,0.88
9,G,13.53,7476,0.83
9,E,15.86,7816,0.77
9,C,17.26,6720,0.01
9,D,18.78,7736,0.58
9,F,20.98,9938,0.8
9,A,22.19,6720,0.01
9,C,25.43,6800,0.0
9,E,27.36,7696,0.84
9,C,28.78,6900,-0.02
9,E,30.53,7596,0.68
9,B,31.88,6720,0.01
9,A,33.91,6720,0.01
9,E,37.09,7576,0.65
9,C,38.52,6800,0.0
9,E,40.17,7716,0.89
9,G,41.59,7336,0.79
9,E,43.89,7756,0.82
9,A,45.37,6840,-0.04
9,B,48.64,6860,-0.01
9,G,50.47,7496,0.75
9,F,52.61,9858,0.9
9,G,53.71,7496,0.76
9,C,56.05,6820,0.0
9,F,57.85,9898,0.84
9,A,58.99,6800,0.0
9,G,62.1,7396,0.78
9,C,64.48,6720,0.01
9,B,66.2,6760,0.01
9,E,68.23,7616,0.73
9,G,69.51,7576,0.54
9,E,71.68,7616,0.71
9,A,73.12,6880,-0.04
9,B,76.15,6820,0.0
9,G,78.01,7556,0.64
9,C,80.23,6880,-0.01
9,E,82.08,7776,0.84
9,A,83.52,6760,0.01
9,E,86.75,7556,0.63
9,C,88.2,6840,-0.01
9,D,89.55,7556,0.87
9,X,91.57,6875,0.89
10,C,10.0,6740,0.0
10,B,11.79,6820,-0.01
10,E,13.73,7556,0.6
10,G,15.07,7396,0.84
10,B,17.28,6800,-0.01
10,F,19.18,10078,0.65
10,B,20.33,6800,0.01
10,A,22.19,6780,0.01
10,E,25.27,7796,0.8
10,F,26.61,10078,0.66
10,B,27.62,6780,0.0
10,D,29.17,7456,0.79
10,F,31.38,9938,0.85
10,C,32.42,6840,-0.01
10,D,33.73,7536,0.88
10,F,35.86,10058,0.69
10,D,36.61,7536,0.88
10,F,38.66,9958,0.83
10,C,39.75,6740,0.01
10,B,41.49,6860,-0.01
10,E,43.39,7816,0.82
10,G,44.83,7376,0.74
10,C,47.22,6860,-0.01
10,D,48.68,7716,0.64
10,F,50.69,9978,0.83
10,A,51.88,6760,0.01
10,X,54.93,6875,0.95
11,C,9.98,6760,0.0
11,F,11.66,10018,0.7
11,D,12.46,7736,0.59
11,F,14.6,9878,0.9
11,C,15.72,6740,0.01
11,G,17.44,7596,0.54
11,D,19.32,7696,0.65
11,C,21.48,6760,0.01
11,B,23.37,6840,-0.02
11,D,24.97,7456,0.74
11,F,27.16,10058,0.71
11,C,28.36,6880,-0.01
11,A,30.07,6860,-0.04
11,D,32.87,7716,0.58
11,A,35.06,6860,-0.04
11,E,38.13,7576,0.65
11,A,39.48,6820,0.0
11,F,42.64,9918,0.81
11,A,43.84,6900,-0.04
11,B,46.97,6720,0.01
11,E,48.93,7796,0.79
11,B,50.31,6860,-0.01
11,A,52.35,6720,0.01
11,D,55.07,7596,0.79
11,A,57.11,6860,-0.04
11,F,60.32,10018,0.76
11,G,61.34,7356,0.67
11,B,63.75,6880,-0.02
11,C,65.61,6820,-0.01
11,X,67.25,6875,0.87
12,E,9.57,7596,0.69
12,B,10.97,6780,0.0
12,C,12.98,6740,0.01
12,A,14.71,6800,0.0
12,B,17.8,6820,-0.01
12,A,19.66,6880,-0.04
12,C,22.81,6760,0.0
12,D,24.1,7756,0.6
12,B,26.2,6780,0.0
12,C,28.3,6820,-0.01
12,A,30.12,6820,0.0
12,G,33.17,7456,0.85
12,D,34.95,7516,0.86
12,E,37.18,7716,0.84
12,A,38.75,6840,-0.04
12,B,41.81,6780,0.0
12,C,43.88,6860,-0.01
12,B,45.76,6740,0.01
12,A,47.73,6800,0.0
12,F,50.99,9798,0.9
12,G,51.99,7576,0.57
12,B,54.13,6740,0.01
12,F,56.02,9778,0.85
12,B,57.23,6840,-0.01
12,A,59.27,6820,-0.0
12,E,62.51,7796,0.8
12,F,63.95,9878,0.9
12,D,64.56,7576,0.79
12,B,66.66,6880,-0.01
12,G,68.54,7456,0.83
12,E,70.7,7536,0.59
12,B,72.04,6860,-0.02
12,G,73.89,7456,0.75
12,A,76.03,6840,-0.03
12,G,79.04,7576,0.6
12,B,81.33,6840,-0.02
12,A,83.19,6780,0.0
12,E,86.23,7736,0.89
12,A,87.6,6740,0.01
12,C,90.95,6760,0.01
12,X,92.7,6875,0.94
13,F,9.96,9998,0.74
13,E,11.04,7656,0.77
13,F,12.57,9898,0.82
13,E,13.63,7756,0.88
13,G,15.2,7336,0.7
13,A,17.36,6840,-0.03
13,E,20.56,7676,0.78
13,D,21.53,7576,0.81
13,C,23.75,6840,-0.01
13,A,25.65,6860,-0.03
13,C,28.77,6760,0.0
13,G,30.51,7396,0.78
13,E,32.76,7716,0.85
13,C,34.32,6780,0.0
13,G,36.17,7336,0.78
13,C,38.41,6800,0.01
13,E,40.15,7756,0.85
13,G,41.47,7476,0.77
13,A,43.65,6840,-0.03
13,F,46.74,9978,0.81
13,G,47.73,7476,0.73
13,C,50.09,6840,-0.01
13,B,51.84,6840,-0.01
13,X,53.65,6875,0.92
14,D,9.59,7476,0.82
14,F,11.64,9938,0.79
14,A,12.63,6880,-0.04
14,E,15.73,7696,0.77
14,F,17.23,9758,0.75
14,C,18.42,6780,0.01
14,G,20.31,7496,0.72
14,D,22.06,7716,0.6
14,E,24.11,7616,0.68
14,C,25.58,6900,-0.02
14,A,27.31,6720,0.01
14,F,30.38,10078,0.66
14,D,31.22,7556,0.74
14,A,33.4,6840,-0.03
14,B,36.63,6900,-0.02
14,X,38.44,6875,0.88
15,C,9.97,6760,0.01
15,B,11.85,6800,-0.01
15,D,13.39,7556,0.75
15,B,15.44,6840,-0.01
15,G,17.45,7476,0.77
15,C,19.72,6880,-0.01
15,D,21.01,7536,0.86
15,E,23.17,7616,0.73
15,F,24.48,9898,0.88
15,B,25.67,6720,0.01
15,E,27.68,7756,0.87
15,F,29.23,9818,0.87
15,A,30.32,6760,0.01
15,X,33.38,6875,0.92
16,G,9.96,7396,0.77
16,C,12.21,6740,0.01
16,G,13.98,7476,0.73
16,E,16.28,7616,0.69
16,F,17.57,9998,0.81
16,C,18.84,6880,-0.01
16,B,20.55,6840,-0.01
16,E,22.46,7676,0.73
16,B,23.9,6780,0.0
16,E,25.95,7736,0.89
16,A,27.25,6760,0.01
16,B,30.4,6880,-0.02
16,E,32.42,7596,0.67
16,G,33.85,7516,0.73
16,B,36.17,6840,-0.01
16,A,38.18,6860,-0.04
16,E,41.22,7576,0.66
16,G,42.57,7596,0.56
16,B,44.96,6760,0.0
16,A,47.03,6800,-0.0
16,G,50.18,7476,0.81
16,A,52.33,6820,0.0
16,B,55.47,6800,0.0
16,A,57.44,6780,0.0
16,G,60.55,7496,0.7
16,E,62.69,7676,0.78
16,F,64.05,9958,0.83
16,A,65.09,6860,-0.04
16,E,68.11,7656,0.76
16,F,69.56,9958,0.79
16,A,70.58,6740,0.01
16,D,73.26,7576,0.83
16,E,75.29,7756,0.8
16,A,76.85,6720,0.01
16,C,79.93,6880,-0.01
16,E,81.61,7756,0.87
16,G,83.14,7476,0.83
16,A,85.3,6860,-0.03
16,E,88.58,7516,0.55
16,G,90.06,7596,0.55
16,C,92.21,6720,0.01
16,E,94.05,7636,0.72
16,B,95.46,6860,-0.01
16,D,97.0,7676,0.66
16,G,99.15,7556,0.62
16,C,101.35,6880,-0.01
16,F,103.06,9818,0.88
16,X,104.03,6875,0.89
17,C,9.95,6700,0.02
17,F,11.76,9818,0.8
17,B,12.81,6700,0.01
17,C,14.91,6760,0.01
17,F,16.73,9878,0.86
17,E,17.77,7696,0.84
17,C,19.08,6840,-0.01
17,D,20.43,7476,0.8
17,B,22.59,6880,-0.02
17,E,24.55,7776,0.86
17,D,25.59,7496,0.82
17,A,27.75,6780,0.0
17,D,30.39,7716,0.59
17,B,32.4,6720,0.02
17,E,34.25,7816,0.8
17,D,35.37,7676,0.69
17,E,37.4,7696,0.86
17,B,38.92,6800,0.0
17,F,40.79,10018,0.77
17,C,41.81,6740,0.01
17,F,43.75,9938,0.83
17,C,44.73,6880,-0.01
17,B,46.57,6740,0.01
17,G,48.43,7456,0.81
17,D,50.33,7696,0.65
17,E,52.38,7596,0.66
17,A,53.85,6840,-0.03
17,E,56.9,7676,0.8
17,D,57.81,7736,0.6
17,A,59.96,6880,-0.04
17,G,63.2,7396,0.8
17,C,65.34,6720,0.01
17,G,67.09,7476,0.77
17,D,68.91,7556,0.84
17,G,70.95,7536,0.63
17,A,73.11,6880,-0.04
17,E,76.27,7696,0.87
17,A,77.61,6780,0.01
17,D,80.42,7756,0.6
17,C,82.51,6720,0.01
17,A,84.27,6720,0.01
17,C,87.48,6880,-0.01
17,E,89.2,7616,0.67
17,D,90.12,7496,0.76
17,G,92.27,7336,0.76
17,A,94.59,6860,-0.04
17,G,97.65,7556,0.59
17,A,99.89,6740,0.01
17,F,103.16,10018,0.72
17,B,104.35,6740,0.0
17,X,106.17,6875,0.91
18,E,9.55,7776,0.85
18,B,10.92,6700,0.01
18,C,12.95,6760,0.01
18,A,14.9,6720,0.01
18,D,17.81,7496,0.84
18,F,20.05,9758,0.8
18,C,21.27,6800,0.0
18,F,23.0,9918,0.89
18,D,23.76,7676,0.62
18,E,25.74,7776,0.85
18,F,27.19,9938,0.84
18,E,28.38,7636,0.75
18,A,29.81,6740,0.01
18,F,33.05,9798,0.82
18,D,33.68,7716,0.63
18,C,35.87,6840,-0.01
18,A,37.81,6800,0.0
18,D,40.58,7516,0.83
18,G,42.63,7576,0.58
18,X,44.74,6875,0.88
19,B,9.96,6900,-0.02
19,E,11.88,7616,0.72
19,C,13.29,6820,0.0
19,E,14.95,7776,0.88
19,A,16.25,6860,-0.04
19,F,19.25,9958,0.8
19,E,20.27,7616,0.69
19,F,21.71,9798,0.87
19,E,22.9,7816,0.74
19,G,24.21,7576,0.53
19,C,26.47,6740,0.01
19,B,28.26,6800,0.0
19,E,30.29,7756,0.88
19,F,31.72,9818,0.83
19,A,32.99,6800,0.0
19,D,35.67,7496,0.84
19,E,37.81,7736,0.87
19,D,38.75,7536,0.89
19,A,40.86,6780,0.0
19,E,43.94,7596,0.68
19,A,45.36,6780,0.0
19,D,48.22,7696,0.63
19,F,50.27,9818,0.85
19,A,51.49,6700,0.02
19,G,54.74,7476,0.78
19,B,57.07,6780,0.01
19,A,59.03,6740,0.01
19,D,61.86,7736,0.57
19,E,63.87,7716,0.86
19,D,64.8,7496,0.83
19,B,66.86,6740,0.01
19,G,68.77,7536,0.64
19,C,70.96,6840,-0.01
19,X,72.61,6875,0.88
20,A,9.97,6720,0.01
20,G,13.2,7416,0.77
20,D,15.06,7576,0.82
20,C,17.28,6880,-0.01
20,B,19.02,6780,-0.01
20,G,20.9,7456,0.84
20,A,23.18,6880,-0.04
20,B,26.41,6880,-0.02
20,C,28.25,6840,0.0
20,E,29.98,7616,0.69
20,B,31.52,6740,0.01
20,C,33.41,6760,0.01
20,E,35.21,7536,0.56
20,F,36.6,9858,0.86
20,X,37.58,6875,0.93
21,D,9.59,7476,0.72
21,C,11.85,6880,-0.01
21,E,13.53,7796,0.79
21,A,14.83,6860,-0.04
21,F,17.86,9898,0.81
21,D,18.68,7556,0.76
21,E,20.7,7816,0.8
21,A,22.23,6760,0.01
21,C,25.47,6900,-0.02
21,G,27.11,7496,0.78
21,B,29.37,6800,-0.01
21,X,31.18,6875,0.91
22,B,9.97,6800,-0.01
22,A,11.82,6780,0.0
22,D,14.59,7456,0.79
22,F,16.63,10058,0.56
22,G,17.6,7496,0.75
22,C,19.92,6780,0.0
22,F,21.72,9758,0.8
22,C,22.75,6760,0.0
22,A,24.54,6880,-0.04
22,D,27.28,7496,0.76
22,B,29.52,6700,0.01
22,A,31.39,6900,-0.04
22,F,34.43,9978,0.82
22,E,35.55,7616,0.69
22,F,37.1,9778,0.88
22,G,38.15,7596,0.56
22,F,40.27,9878,0.88
22,B,41.53,6900,-0.02
22,A,43.36,6880,-0.04
22,B,46.52,6760,0.01
22,A,48.38,6740,0.01
22,F,51.46,9898,0.81
22,G,52.48,7476,0.77
22,A,54.64,6860,-0.03
22,F,57.9,9978,0.8
22,G,59.07,7336,0.8
22,A,61.35,6820,-0.0
22,G,64.42,7376,0.77
22,C,66.6,6820,0.0
22,D,67.97,7556,0.76
22,C,70.0,6800,0.0
22,G,71.79,7436,0.77
22,B,74.13,6840,-0.02
22,G,76.16,7476,0.79
22,F,78.32,10038,0.72
22,E,79.46,7576,0.64
22,X,80.74,6875,0.94
23,C,9.98,6820,0.0
23,A,11.88,6900,-0.04
23,C,14.96,6800,0.0
23,F,16.86,9838,0.85
23,D,17.54,7616,0.71
23,G,19.65,7516,0.72
23,C,21.93,6780,0.01
23,G,23.84,7376,0.71
23,F,26.14,10078,0.65
23,G,27.15,7376,0.79
23,F,29.42,9938,0.84
23,E,30.52,7816,0.81
23,C,31.93,6740,0.01
23,F,33.73,9898,0.91
23,B,34.92,6800,-0.01
23,X,36.73,6875,0.89
24,G,9.95,7376,0.84
24,A,12.14,6740,0.01
24,F,15.29,9958,0.85
24,C,16.45,6760,0.01
24,E,18.16,7576,0.6
24,G,19.5,7576,0.59
24,D,21.27,7476,0.77
24,G,23.52,7396,0.8
24,B,25.69,6840,-0.01
24,X,27.49,6875,0.94
25,D,9.57,7596,0.81
25,A,11.63,6760,0.01
25,G,14.79,7576,0.59
25,E,17.06,7636,0.75
25,C,18.39,6740,0.01
25,F,20.28,10058,0.71
25,B,21.3,6880,-0.02
25,X,23.1,6875,0.88
26,F,9.97,9918,0.79
26,C,11.09,6840,-0.01
26,A,13.0,6900,-0.04
26,D,15.6,7456,0.75
26,F,17.87,9798,0.82
26,E,19.05,7536,0.58
26,B,20.5,6780,0.01
26,G,22.43,7536,0.63
26,F,24.58,9858,0.85
26,G,25.71,7516,0.65
26,F,27.8,10078,0.45
26,E,29.03,7616,0.72
26,B,30.34,6780,0.01
26,C,32.44,6800,0.0
26,D,33.95,7696,0.65
26,C,36.16,6840,-0.01
26,A,38.07,6840,-0.03
26,X,41.08,6875,0.87
27,D,9.57,7596,0.8
27,G,11.83,7456,0.82
27,C,14.04,6800,0.01
27,F,15.85,10058,0.69
27,C,16.95,6740,0.01
27,B,18.67,6860,-0.01
27,F,20.69,9838,0.8
27,E,21.9,7596,0.65
27,B,23.28,6780,0.0
27,D,24.75,7716,0.59
27,C,26.74,6760,0.01
27,F,28.56,9818,0.83
27,G,29.7,7596,0.54
27,B,31.84,6800,0.0
27,C,33.7,6700,0.01
27,E,35.47,7516,0.56
27,G,36.89,7476,0.81
27,D,38.64,7756,0.6
27,F,40.65,9858,0.83
27,D,41.29,7756,0.58
27,C,43.41,6840,-0.01
27,A,45.19,6880,-0.04
27,X,48.19,6875,0.89
28,C,9.99,6860,-0.01
28,E,11.73,7596,0.68
28,F,13.29,9798,0.89
28,A,14.38,6820,-0.0
28,F,17.66,9758,0.76
28,E,18.77,7796,0.83
28,G,20.2,7476,0.8
28,A,22.39,6780,0.0
28,C,25.64,6900,-0.02
28,A,27.39,6760,0.0
28,E,30.55,7836,0.74
28,D,31.58,7476,0.81
28,C,33.67,6780,0.01
28,E,35.56,7676,0.81
28,B,36.88,6760,0.0
28,X,38.69,6875,0.9
29,E,9.53,7656,0.78
29,F,10.82,9958,0.84
29,G,11.82,7516,0.69
29,E,14.09,7716,0.88
29,C,15.41,6860,-0.01
29,B,17.27,6740,0.01
29,F,19.27,9758,0.85
29,C,20.29,6860,-0.01
29,E,22.1,7636,0.74
29,F,23.44,9778,0.8
29,A,24.49,6880,-0.04
29,D,27.2,7636,0.7
29,X,29.2,6875,0.94
30,D,9.57,7756,0.59
30,F,11.73,9818,0.92
30,A,12.86,6800,0.0
30,B,16.01,6880,-0.01
30,A,17.91,6720,0.01
30,B,21.01,6880,-0.02
30,E,22.84,7756,0.87
30,C,24.3,6820,0.0
30,E,25.97,7756,0.84
30,A,27.3,6780,0.01
30,D,30.04,7476,0.75
30,B,32.31,6760,0.01
30,C,34.29,6760,0.0
30,D,35.6,7556,0.84
30,C,37.79,6720,0.01
30,G,39.5,7436,0.88
30,F,41.85,10058,0.7
30,E,42.93,7676,0.79
30,B,44.39,6840,-0.01
30,C,46.23,6900,-0.01
30,F,47.98,10078,0.66
30,B,49.15,6720,0.01
30,A,51.06,6740,0.01
30,B,54.2,6720,0.01
30,A,56.14,6880,-0.04
30,D,58.93,7516,0.76
30,C,61.22,6880,-0.02
30,G,63.07,7356,0.8
30,X,65.21,6875,0.89
31,C,9.96,6780,0.01
31,D,11.38,7756,0.58
31,B,13.53,6760,0.01
31,A,15.38,6820,0.0
31,D,18.09,7536,0.79
31,C,20.32,6860,-0.01
31,E,22.22,7676,0.83
31,A,23.55,6720,0.01
31,B,26.76,6880,-0.01
31,G,28.67,7476,0.78
31,D,30.4,7536,0.61
31,A,32.62,6820,-0.03
31,F,35.68,9798,0.85
31,X,36.66,6875,0.94
32,E,9.54,7576,0.63
32,G,10.97,7456,0.74
32,D,12.83,7756,0.57
32,C,15.07,6740,0.01
32,F,16.75,9878,0.89
32,B,17.98,6780,0.0
32,D,19.43,7476,0.77
32,B,21.45,6740,0.01
32,A,23.47,6800,0.0
32,X,26.51,6875,0.88
33,G,9.93,7596,0.55
33,C,12.17,6900,-0.01
33,D,13.68,7496,0.82
33,B,15.92,6800,-0.01
33,A,17.88,6720,0.01
33,C,21.2,6720,0.02
33,E,23.13,7776,0.86
33,A,24.6,6780,0.01
33,G,27.83,7356,0.8
33,F,30.17,9878,0.91
33,D,30.92,7496,0.77
33,B,32.98,6840,-0.01
33,C,34.86,6860,-0.01
33,E,36.57,7736,0.86
33,A,38.09,6720,0.02
33,B,41.26,6860,-0.01
33,D,42.71,7596,0.75
33,E,44.8,7756,0.87
33,A,46.35,6880,-0.04
33,F,49.4,9878,0.86
33,C,50.52,6800,0.0
33,D,51.83,7476,0.82
33,E,53.9,7576,0.65
33,B,55.43,6840,-0.01
33,F,57.3,9778,0.87
33,D,57.92,7476,0.75
33,A,59.99,6900,-0.04
33,E,63.16,7736,0.83
33,G,64.47,7456,0.81
33,X,66.59,6875,0.86
34,E,9.54,7536,0.57
34,B,10.97,6740,0.01
34,F,12.88,10018,0.74
34,C,13.9,6820,-0.01
34,B,15.59,6900,-0.01
34,E,17.44,7776,0.83
34,G,18.95,7436,0.75
34,E,21.12,7796,0.85
34,D,22.23,7716,0.63
34,A,24.45,6840,-0.03
34,X,27.47,6875,0.93
35,F,9.96,10038,0.74
35,B,11.17,6800,0.0
35,F,13.24,9858,0.89
35,C,14.32,6760,0.01
35,A,16.26,6740,0.01
35,C,19.42,6780,0.01
35,B,21.17,6720,0.01
35,E,23.08,7796,0.86
35,G,24.43,7436,0.83
35,F,26.72,9758,0.84
35,G,27.91,7356,0.82
35,F,30.06,9838,0.85
35,C,31.3,6840,0.0
35,F,32.96,9778,0.86
35,B,34.24,6740,0.01
35,G,36.11,7356,0.74
35,A,38.28,6760,0.01
35,D,40.97,7696,0.63
35,X,42.96,6875,0.94
36,C,9.96,6840,-0.01
36,D,11.37,7676,0.65
36,B,13.57,6820,-0.01
36,C,15.61,6880,-0.01
36,B,17.5,6880,-0.02
36,A,19.34,6700,0.01
36,C,22.63,6740,0.01
36,F,24.31,10058,0.7
36,C,25.52,6840,-0.01
36,B,27.34,6860,-0.01
36,D,28.89,7776,0.58
36,F,30.88,9858,0.89
36,B,31.91,6820,-0.01
36,C,33.76,6740,0.01
36,A,35.6,6900,-0.04
36,F,38.7,9838,0.85
36,A,39.9,6780,0.0
36,C,43.16,6880,-0.01
36,B,44.89,6720,0.01
36,F,46.97,9758,0.82
36,B,48.17,6840,-0.01
36,E,50.21,7516,0.57
36,B,51.76,6840,-0.01
36,G,53.57,7576,0.6
36,C,55.73,6900,-0.01
36,E,57.39,7756,0.81
36,B,58.68,6720,0.01
36,G,60.71,7456,0.82
36,E,62.92,7596,0.69
36,C,64.28,6880,-0.01
36,F,66.02,9858,0.91
36,B,67.26,6820,-0.01
36,F,69.1,10038,0.73
36,E,70.13,7716,0.89
36,D,71.22,7736,0.6
36,E,73.47,7756,0.86
36,F,74.74,10038,0.73
36,C,75.97,6800,0.0
36,G,77.66,7376,0.84
36,E,79.94,7556,0.6
36,D,80.91,7616,0.72
36,A,82.96,6880,-0.04
36,X,85.95,6875,0.85
37,E,9.57,7536,0.57
37,A,10.95,6780,0.0
37,C,14.16,6800,0.01
37,A,15.86,6780,0.0
37,E,19.13,7696,0.79
37,F,20.55,9918,0.79
37,B,21.57,6740,0.01
37,E,23.44,7636,0.74
37,F,24.81,9898,0.88
37,B,25.96,6800,0.0
37,D,27.5,7676,0.67
37,F,29.74,10058,0.73
37,E,30.86,7596,0.7
37,D,31.95,7536,0.88
37,B,34.11,6760,0.0
37,A,36.13,6880,-0.04
37,C,39.41,6760,0.01
37,E,41.33,7796,0.86
37,G,42.83,7436,0.87
37,A,45.21,6720,0.01
37,F,48.43,9958,0.82
37,B,49.6,6860,-0.01
37,A,51.53,6880,-0.04
37,E,54.69,7636,0.74
37,B,56.17,6780,0.0
37,G,58.21,7436,0.8
37,B,60.5,6900,-0.02
37,E,62.41,7616,0.71
37,D,63.37,7476,0.85
37,G,65.6,7456,0.8
37,F,67.9,9838,0.84
37,D,68.67,7756,0.59
37,B,70.83,6880,-0.02
37,F,72.84,10018,0.77
37,D,73.51,7676,0.67
37,A,75.54,6720,0.01
37,C,78.89,6740,0.01
37,X,80.57,6875,0.93
38,F,9.97,9918,0.89
38,E,11.22,7756,0.84
38,C,12.53,6720,0.01
38,A,14.46,6780,0.01
38,C,17.76,6820,0.0
38,B,19.54,6840,-0.01
38,E,21.35,7636,0.74
38,F,22.76,9758,0.84
38,E,24.0,7756,0.78
38,A,25.31,6780,0.01
38,F,28.4,9798,0.87
38,D,29.04,7536,0.79
38,G,31.21,7536,0.63
38,X,33.32,6875,0.88
39,D,9.57,7536,0.86
39,E,11.78,7636,0.71
39,B,13.28,6720,0.01
39,C,15.28,6840,-0.01
39,E,16.97,7676,0.78
39,A,18.29,6760,0.01
39,C,21.47,6760,0.01
39,A,23.42,6760,0.01
39,B,26.76,6700,0.01
39,E,28.67,7776,0.84
39,B,30.16,6780,0.0
39,D,31.68,7696,0.59
39,E,33.88,7776,0.82
39,G,35.27,7416,0.84
39,D,37.26,7536,0.8
39,C,39.32,6800,0.01
39,F,40.99,9978,0.83
39,X,41.95,6875,0.87
40,G,9.94,7496,0.77
40,C,12.2,6740,0.01
40,A,14.14,6880,-0.04
40,E,17.18,7716,0.82
40,F,18.69,9978,0.79
40,A,19.76,6900,-0.04
40,D,22.49,7736,0.58
40,C,24.75,6800,0.0
40,E,26.63,7776,0.84
40,D,27.64,7696,0.64
40,G,29.8,7376,0.77
40,B,31.97,6720,0.01
40,A,34.08,6820,0.0
40,D,36.99,7716,0.61
40,E,39.1,7656,0.78
40,F,40.38,9898,0.88
40,A,41.57,6780,0.0
40,C,44.78,6860,-0.01
40,B,46.47,6760,0.0
40,C,48.3,6800,0.0
40,G,49.98,7476,0.7
40,X,52.09,6875,0.95
41,B,9.96,6780,0.0
41,D,11.41,7736,0.61
41,B,13.67,6760,0.01
41,E,15.57,7676,0.84
41,G,16.88,7516,0.71
41,C,19.14,6860,-0.01
41,B,21.0,6720,0.01
41,F,23.05,10058,0.72
41,A,24.21,6820,0.0
41,X,27.23,6875,0.9
42,A,9.96,6720,0.01
42,D,12.89,7536,0.79
42,F,14.98,10018,0.69
42,C,15.99,6740,0.01
42,A,17.7,6840,-0.03
42,F,20.79,9998,0.79
42,A,21.8,6860,-0.04
42,E,24.86,7616,0.72
42,G,26.25,7436,0.74
42,F,28.55,10018,0.71
42,D,29.23,7716,0.61
42,A,31.35,6800,0.0
42,E,34.62,7556,0.57
42,F,36.01,10018,0.76
42,E,37.15,7556,0.62
42,C,38.65,6800,0.01
42,B,40.54,6740,0.01
42,X,42.35,6875,0.94
43,F,9.96,9818,0.8
43,D,10.73,7636,0.73
43,C,12.75,6740,0.01
43,B,14.7,6740,0.0
43,A,16.61,6880,-0.04
43,G,19.76,7456,0.83
43,A,21.91,6720,0.02
43,B,25.12,6700,0.01
43,C,27.07,6780,0.01
43,G,28.91,7516,0.72
43,A,31.26,6740,0.01
43,B,34.51,6720,0.01
43,G,36.38,7456,0.77
43,E,38.69,7736,0.86
43,F,39.99,9878,0.82
43,D,40.64,7476,0.75
43,B,42.93,6720,0.01
43,G,44.84,7396,0.75
43,A,47.16,6820,0.0
43,F,50.33,9958,0.85
43,G,51.53,7356,0.83
43,E,53.9,7516,0.56
43,B,55.31,6760,0.01
43,E,57.26,7636,0.75
43,A,58.56,6820,0.0
43,G,61.68,7376,0.86
43,E,63.87,7556,0.61
43,G,65.21,7376,0.81
43,F,67.39,9978,0.82
43,E,68.51,7636,0.75
43,D,69.67,7736,0.63
43,C,71.84,6720,0.01
43,X,73.51,6875,0.9
44,C,10.0,6820,-0.01
44,D,11.28,7716,0.65
44,E,13.5,7536,0.6
44,F,14.83,9918,0.87
44,G,15.91,7516,0.7
44,D,17.85,7576,0.83
44,C,20.09,6900,-0.02
44,A,21.75,6820,0.0
44,F,24.95,9918,0.89
44,E,26.18,7656,0.78
44,B,27.55,6720,0.0
44,X,29.38,6875,0.91
45,F,9.94,9758,0.84
45,C,10.96,6860,-0.01
45,F,12.78,9798,0.81
45,D,13.4,7636,0.72
45,B,15.46,6760,0.0
45,E,17.28,7756,0.87
45,G,18.81,7456,0.74
45,C,20.96,6800,0.0
45,G,22.63,7356,0.75
45,F,24.93,9798,0.86
45,C,25.98,6780,0.01
45,B,27.86,6780,0.01
45,C,29.69,6760,0.01
45,F,31.38,9978,0.83
45,E,32.43,7676,0.84
45,B,33.86,6760,0.01
45,E,35.71,7816,0.81
45,A,37.14,6800,0.0
45,X,40.17,6875,0.94
46,A,9.98,6760,0.01
46,G,13.26,7376,0.83
46,E,15.5,7516,0.56
46,A,17.02,6720,0.01
46,B,20.17,6760,0.01
46,D,21.75,7476,0.83
46,C,24.05,6760,0.01
46,E,25.8,7796,0.85
46,C,27.12,6760,0.01
46,F,29.03,9958,0.86
46,A,30.17,6900,-0.04
46,E,33.33,7696,0.83
46,B,34.83,6720,0.01
46,A,36.73,6740,0.01
46,C,39.93,6840,-0.01
46,G,41.69,7496,0.78
46,A,43.93,6900,-0.04
46,E,47.05,7636,0.77
46,A,48.53,6840,-0.03
46,D,51.19,7556,0.8
46,C,53.3,6720,0.01
46,G,55.1,7436,0.75
46,D,56.87,7596,0.75
46,A,59.08,6840,-0.04
46,G,62.25,7516,0.67
46,C,64.52,6760,0.01
46,F,66.23,9938,0.77
46,X,67.21,6875,0.9
47,C,9.98,6720,0.01
47,A,11.93,6720,0.01
47,C,15.18,6740,0.01
47,G,16.97,7516,0.67
47,F,19.13,9858,0.89
47,C,20.19,6740,0.02
47,B,21.98,6800,0.0
47,C,23.82,6860,-0.01
47,B,25.53,6720,0.01
47,C,27.58,6860,-0.01
47,E,29.44,7676,0.8
47,A,30.95,6760,0.0
47,E,34.26,7816,0.77
47,G,35.77,7336,0.74
47,A,38.09,6760,0.01
47,F,41.17,9958,0.62
47,G,42.15,7436,0.78
47,E,44.48,7636,0.7
47,B,45.95,6740,0.01
47,G,47.93,7416,0.89
47,F,50.2,10038,0.74
47,B,51.36,6720,0.01
47,G,53.37,7476,0.78
47,C,55.57,6800,0.0
47,A,57.27,6700,0.01
47,F,60.45,10078,0.7
47,C,61.53,6700,0.01
47,F,63.42,9898,0.9
47,A,64.69,6720,0.01
47,E,67.94,7536,0.57
47,D,69.08,7496,0.82
47,X,71.09,6875,0.91
48,E,9.55,7556,0.6
48,F,10.86,9958,0.82
48,E,12.08,7576,0.65
48,G,13.53,7496,0.78
48,F,15.81,9958,0.81
48,E,17.01,7576,0.64
48,D,18.01,7696,0.66
48,E,20.17,7676,0.81
48,A,21.48,6900,-0.04
48,G,24.73,7396,0.83
48,A,27.03,6860,-0.04
48,C,30.12,6700,0.02
48,A,31.98,6760,0.01
48,C,35.06,6740,0.01
48,G,36.82,7336,0.79
48,A,39.06,6720,0.01
48,B,42.35,6800,0.0
48,C,44.21,6800,0.01
48,A,45.95,6760,0.01
48,D,48.88,7756,0.62
48,B,51.02,6700,0.01
48,A,52.92,6860,-0.04
48,F,55.97,9838,0.79
48,B,57.19,6880,-0.01
48,D,58.63,7516,0.78
48,F,60.68,9778,0.84
48,C,61.69,6840,-0.01
48,B,63.54,6760,0.01
48,D,65.07,7636,0.73
48,G,67.31,7396,0.88
48,B,69.53,6800,-0.01
48,E,71.56,7516,0.57
48,X,72.86,6875,0.94
49,C,10.0,6900,-0.02
49,E,11.64,7756,0.87
49,A,13.08,6860,-0.03
49,D,15.82,7736,0.59
49,G,17.88,7476,0.71
49,D,19.69,7536,0.83
49,C,21.71,6840,-0.01
49,B,23.43,6800,-0.01
49,G,25.4,7356,0.82
49,C,27.66,6820,0.0
49,E,29.34,7776,0.87
49,B,30.78,6760,0.01
49,D,32.22,7576,0.81
49,F,34.49,10058,0.7
49,B,35.73,6800,-0.01
49,G,37.68,7436,0.87
49,E,40.08,7696,0.82
49,B,41.51,6840,-0.01
49,D,42.96,7696,0.65
49,A,45.07,6840,-0.03
49,F,48.34,10078,0.71
49,B,49.58,6840,-0.01
49,G,51.47,7356,0.82
49,F,53.74,10058,0.68
49,D,54.53,7536,0.73
49,E,56.59,7556,0.6
49,C,58.12,6720,0.01
49,X,59.8,6875,0.93
50,G,9.96,7416,0.75
50,A,12.2,6740,0.01
50,E,15.52,7676,0.78
50,G,16.81,7496,0.71
50,E,18.96,7756,0.88
50,C,20.27,6880,-0.01
50,B,21.93,6720,0.01
50,A,23.85,6760,0.0
50,E,27.09,7676,0.75
50,F,28.57,9758,0.8
50,C,29.79,6860,-0.01
50,E,31.71,7536,0.57
50,F,33.09,9938,0.87
50,C,34.15,6900,-0.02
50,D,35.43,7536,0.83
50,A,37.57,6860,-0.04
50,B,40.86,6900,-0.02
50,F,42.63,10038,0.74
50,D,43.26,7476,0.78
50,C,45.44,6860,-0.01
50,G,47.25,7356,0.79
50,E,49.46,7756,0.82
50,X,50.73,6875,0.9
51,F,9.95,10038,0.72
51,G,10.94,7436,0.84
51,E,13.23,7776,0.78
51,D,14.15,7736,0.58
51,E,16.26,7636,0.76
51,D,17.42,7536,0.85
51,B,19.62,6740,0.01
51,F,21.46,10058,0.69
51,C,22.7,6900,-0.01
51,E,24.55,7776,0.89
51,A,26.1,6740,0.01
51,E,29.36,7736,0.88
51,F,30.65,10018,0.72
51,B,31.84,6860,-0.01
51,G,33.82,7516,0.66
51,C,36.14,6820,-0.01
51,B,38.05,6820,-0.01
51,D,39.49,7656,0.72
51,G,41.57,7396,0.84
51,C,43.92,6840,-0.01
51,B,45.63,6900,-0.02
51,G,47.42,7516,0.69
51,D,49.27,7736,0.56
51,B,51.35,6760,0.0
51,D,53.05,7496,0.84
51,A,55.12,6880,-0.04
51,X,58.12,6875,0.94
52,E,9.55,7556,0.62
52,B,11.04,6720,0.01
52,G,12.9,7396,0.82
52,E,15.21,7536,0.59
52,D,16.4,7636,0.76
52,F,18.57,9958,0.81
52,A,19.63,6860,-0.04
52,D,22.39,7676,0.66
52,C,24.59,6800,0.0
52,E,26.3,7776,0.78
52,D,27.27,7636,0.71
52,C,29.32,6720,0.01
52,B,30.98,6780,0.01
52,E,33.05,7696,0.85
52,D,34.15,7536,0.85
52,E,36.41,7716,0.9
52,A,37.98,6720,0.02
52,D,40.67,7476,0.77
52,B,42.87,6760,0.01
52,C,44.87,6700,0.01
52,F,46.73,10078,0.64
52,G,47.75,7576,0.57
52,X,49.86,6875,0.89
53,C,10.0,6760,0.01
53,E,11.68,7616,0.73
53,B,13.12,6880,-0.02
53,D,14.56,7616,0.79
53,E,16.58,7736,0.88
53,A,17.98,6900,-0.04
53,F,21.2,9938,0.77
53,B,22.33,6800,0.0
53,C,24.22,6800,0.01
53,B,25.91,6900,-0.02
53,G,27.79,7516,0.66
53,E,29.92,7696,0.78
53,G,31.33,7456,0.79
53,C,33.49,6860,-0.01
53,B,35.28,6760,0.01
53,G,37.15,7576,0.58
53,A,39.38,6720,0.02
53,G,42.53,7436,0.86
53,B,44.91,6820,-0.01
53,C,46.74,6840,-0.01
53,F,48.39,9978,0.77
53,A,49.41,6760,0.01
53,F,52.62,9798,0.88
53,G,53.75,7536,0.68
53,E,56.03,7796,0.78
53,D,57.1,7456,0.75
53,X,59.11,6875,0.88
54,B,9.97,6900,-0.02
54,F,11.83,9778,0.84
54,B,12.94,6740,0.01
54,C,14.81,6740,0.01
54,E,16.6,7816,0.73
54,F,17.92,10078,0.66
54,E,19.09,7696,0.8
54,F,20.63,9798,0.76
54,G,21.78,7456,0.8
54,C,24.09,6760,0.01
54,E,25.93,7576,0.65
54,F,27.36,9758,0.85
54,A,28.53,6740,0.01
54,E,31.78,7756,0.85
54,F,33.2,9978,0.8
54,A,34.27,6900,-0.04
54,G,37.29,7376,0.72
54,D,39.09,7576,0.82
54,A,41.13,6880,-0.04
54,C,44.36,6820,-0.01
54,A,46.02,6800,0.0
54,C,49.25,6780,-0.01
54,D,50.54,7516,0.82
54,B,52.7,6820,-0.01
54,A,54.57,6800,0.0
54,C,57.66,6820,0.0
54,F,59.53,9858,0.83
54,C,60.66,6720,0.01
54,D,62.0,7736,0.59
54,F,64.25,9998,0.73
54,E,65.3,7596,0.7
54,D,66.27,7596,0.81
54,E,68.42,7796,0.76
54,A,69.92,6840,-0.03
54,E,72.96,7636,0.74
54,G,74.26,7456,0.73
54,X,76.38,6875,0.93
55,D,9.56,7736,0.61
55,F,11.6,9778,0.84
55,D,12.35,7516,0.81
55,E,14.36,7816,0.74
55,D,15.43,7616,0.79
55,C,17.61,6900,-0.01
55,B,19.38,6880,-0.01
55,G,21.38,7556,0.61
55,D,23.35,7756,0.57
55,C,25.61,6800,0.0
55,B,27.49,6860,-0.02
55,F,29.49,9798,0.86
55,D,30.12,7596,0.75
55,C,32.33,6860,-0.01
55,F,33.98,9878,0.87
55,A,35.07,6740,0.01
55,X,38.13,6875,0.92
56,C,9.97,6860,-0.01
56,B,11.68,6820,-0.01
56,D,13.14,7576,0.81
56,G,15.28,7436,0.77
56,C,17.44,6760,0.01
56,E,19.13,7696,0.83
56,A,20.5,6900,-0.04
56,B,23.73,6720,0.01
56,G,25.74,7416,0.87
56,B,27.99,6860,-0.01
56,G,30.02,7576,0.58
56,B,32.17,6720,0.01
56,D,33.67,7636,0.71
56,A,35.95,6880,-0.04
56,F,39.1,9938,0.87
56,X,40.08,6875,0.86
57,B,9.98,6820,0.0
57,C,11.88,6760,0.01
57,A,13.74,6720,0.01
57,F,16.82,9998,0.78
57,B,18.04,6780,0.0
57,C,19.9,6780,0.01
57,E,21.76,7816,0.77
57,F,23.14,10038,0.73
57,B,24.32,6840,-0.01
57,G,26.24,7496,0.69
57,E,28.44,7696,0.85
57,C,29.92,6760,0.0
57,F,31.81,10018,0.73
57,C,32.94,6800,0.0
57,E,34.7,7536,0.59
57,F,36.21,9958,0.82
57,C,37.43,6840,-0.01
57,G,39.25,7536,0.59
57,B,41.6,6760,0.01
57,C,43.58,6800,0.0
57,B,45.35,6880,-0.02
57,C,47.26,6800,0.0
57,G,48.99,7436,0.82
57,B,51.23,6800,0.0
57,C,53.05,6740,0.01
57,E,54.83,7696,0.8
57,G,56.37,7496,0.74
57,F,58.65,9958,0.81
57,D,59.45,7716,0.6
57,E,61.63,7516,0.56
57,C,63.06,6860,-0.01
57,B,64.84,6820,-0.01
57,F,66.68,9958,0.79
57,E,67.78,7816,0.8
57,G,69.09,7516,0.74
57,C,71.28,6780,0.01
57,F,73.13,9778,0.84
57,C,74.27,6820,0.0
57,B,75.94,6740,0.01
57,F,77.88,9798,0.83
57,E,78.98,7656,0.77
57,D,80.0,7756,0.58
57,C,82.15,6880,-0.01
57,B,83.89,6820,-0.01
57,F,85.73,9878,0.88
57,G,86.71,7536,0.67
57,E,89.08,7556,0.59
57,D,90.02,7776,0.56
57,F,92.23,10038,0.71
57,D,93.06,7656,0.66
57,E,95.08,7676,0.79
57,C,96.41,6800,0.0
57,F,98.1,10018,0.76
57,G,99.33,7516,0.73
57,E,101.61,7736,0.85
57,A,103.06,6820,0.0
57,X,106.1,6875,0.9
58,B,10.0,6860,-0.02
58,C,11.88,6860,-0.01
58,G,13.63,7336,0.73
58,F,15.84,10078,0.69
58,B,17.06,6720,0.01
58,F,19.11,9938,0.85
58,D,19.94,7496,0.86
58,G,22.19,7536,0.7
58,B,24.32,6840,-0.01
58,E,26.37,7576,0.65
58,G,27.69,7356,0.8
58,E,30.1,7656,0.78
58,G,31.55,7396,0.81
58,D,33.41,7516,0.8
58,A,35.61,6900,-0.04
58,F,38.8,9778,0.8
58,E,39.83,7776,0.83
58,F,41.29,10038,0.72
58,B,42.28,6720,0.01
58,F,44.3,9838,0.87
58,A,45.39,6760,0.01
58,B,48.52,6740,0.01
58,D,50.08,7676,0.68
58,B,52.28,6760,0.0
58,C,54.14,6760,0.01
58,E,55.85,7636,0.71
58,F,57.16,9818,0.86
58,B,58.28,6740,0.01
58,A,60.16,6820,0.0
58,E,63.24,7816,0.78
58,C,64.6,6860,-0.01
58,A,66.53,6880,-0.04
58,D,69.31,7636,0.73
58,G,71.54,7396,0.9
58,X,73.66,6875,0.92
59,D,9.56,7496,0.85
59,E,11.6,7556,0.61
59,C,13.0,6840,-0.01
59,E,14.79,7676,0.75
59,A,16.27,6720,0.01
59,E,19.6,7796,0.81
59,A,21.1,6860,-0.04
59,C,24.12,6900,-0.02
59,A,25.98,6800,0.0
59,C,29.26,6800,0.0
59,D,30.74,7556,0.8
59,G,32.9,7456,0.86
59,D,34.75,7536,0.86
59,E,36.9,7536,0.57
59,A,38.26,6800,0.0
59,D,41.17,7516,0.8
59,G,43.22,7336,0.75
59,E,45.42,7736,0.86
59,F,46.84,9918,0.89
59,B,47.96,6900,-0.02
59,E,49.76,7736,0.79
59,D,50.85,7616,0.79
59,G,53.05,7516,0.71
59,A,55.32,6840,-0.03
59,D,58.17,7716,0.6
59,A,60.32,6720,0.01
59,E,63.62,7616,0.69
59,G,65.15,7356,0.8
59,F,67.4,9938,0.79
59,E,68.6,7596,0.68
59,B,70.16,6880,-0.01
59,A,72.07,6840,-0.03
59,B,75.34,6820,-0.01
59,G,77.21,7476,0.8
59,B,79.46,6740,0.01
59,F,81.32,9758,0.85
59,C,82.54,6840,0.0
59,X,84.18,6875,0.92
60,G,9.95,7556,0.63
60,F,12.16,9838,0.9
60,B,13.42,6800,-0.01
60,F,15.31,9858,0.79
60,C,16.5,6720,0.02
60,D,17.89,7496,0.85
60,F,20.12,10038,0.74
60,G,21.21,7436,0.85
60,D,23.23,7736,0.62
60,B,25.34,6780,0.01
60,F,27.18,10018,0.78
60,E,28.29,7796,0.82
60,A,29.69,6800,0.0
60,X,32.73,6875,0.95
61,E,9.55,7596,0.69
61,G,10.93,7536,0.65
61,C,13.29,6740,0.01
61,G,15.1,7456,0.83
61,C,17.3,6860,-0.01
61,A,19.0,6720,0.01
61,G,22.08,7476,0.85
61,C,24.34,6880,-0.02
61,A,26.14,6840,-0.04
61,F,29.18,9778,0.83
61,G,30.31,7456,0.82
61,D,32.27,7576,0.75
61,G,34.31,7516,0.69
61,A,36.61,6720,0.01
61,G,39.92,7396,0.84
61,A,42.18,6760,0.01
61,G,45.46,7436,0.86
61,B,47.62,6800,-0.01
61,X,49.43,6875,0.91
62,A,9.99,6780,0.0
62,B,13.2,6860,-0.01
62,C,15.05,6800,0.0
62,E,16.81,7576,0.65
62,B,18.27,6800,0.0
62,A,20.17,6820,0.0
62,G,23.39,7376,0.77
62,E,25.54,7796,0.75
62,C,26.96,6880,-0.01
62,B,28.86,6720,0.01
62,C,30.74,6820,0.0
62,A,32.61,6760,0.01
62,C,35.86,6860,-0.01
62,E,37.76,7576,0.63
62,D,38.81,7776,0.58
62,F,40.82,9778,0.77
62,D,41.52,7636,0.73
62,B,43.62,6860,-0.01
62,E,45.45,7576,0.64
62,A,46.76,6800,0.0
62,D,49.65,7476,0.79
62,F,51.68,9958,0.82
62,G,52.83,7496,0.77
62,F,54.96,10018,0.72
62,A,55.98,6900,-0.04
62,C,59.11,6800,0.0
62,X,60.76,6875,0.93
63,G,9.94,7596,0.54
63,D,11.86,7516,0.87
63,F,13.92,9878,0.91
63,A,15.02,6820,-0.0
63,F,18.14,9898,0.86
63,C,19.15,6880,-0.01
63,F,20.89,9958,0.81
63,G,21.88,7416,0.85
63,D,23.7,7676,0.67
63,A,25.85,6760,0.01
63,C,28.95,6820,0.0
63,F,30.75,9998,0.8
63,D,31.54,7676,0.64
63,C,33.78,6780,0.01
63,G,35.63,7376,0.73
63,E,38.04,7536,0.56
63,D,38.96,7616,0.75
63,E,41.15,7536,0.55
63,F,42.66,9918,0.79
63,B,43.69,6860,-0.02
63,G,45.68,7496,0.7
63,F,47.89,9918,0.84
63,C,49.0,6760,0.01
63,E,50.69,7736,0.86
63,F,52.17,9978,0.79
63,D,53.02,7776,0.59
63,F,55.08,10078,0.67
63,D,55.66,7556,0.55
63,C,57.85,6860,-0.01
63,G,59.7,7416,0.83
63,C,62.09,6820,-0.01
63,D,63.42,7476,0.81
63,C,65.71,6740,0.01
63,G,67.42,7476,0.75
63,C,69.66,6740,0.01
63,D,70.99,7556,0.78
63,B,73.02,6840,-0.01
63,G,75.04,7396,0.83
63,D,76.93,7676,0.64
63,B,79.08,6840,-0.01
63,F,81.0,9798,0.78
63,A,82.16,6820,-0.0
63,X,85.19,6875,0.91
64,D,9.56,7536,0.79
64,E,11.68,7736,0.9
64,C,13.21,6800,0.0
64,A,15.12,6900,-0.04
64,E,18.16,7776,0.84
64,B,19.58,6720,0.01
64,F,21.54,9878,0.9
64,B,22.69,6880,-0.02
64,G,24.57,7496,0.76
64,D,26.37,7576,0.86
64,A,28.42,6880,-0.04
64,D,31.2,7476,0.8
64,C,33.38,6780,0.0
64,D,34.68,7616,0.76
64,B,36.8,6860,-0.02
64,C,38.77,6800,0.01
64,B,40.55,6740,0.01
64,G,42.56,7516,0.73
64,B,44.77,6860,-0.01
64,C,46.6,6740,0.01
64,D,47.9,7696,0.67
64,F,49.95,9938,0.83
64,C,51.06,6840,-0.01
64,E,52.77,7696,0.84
64,X,54.04,6875,0.9
65,D,9.58,7516,0.88
65,F,11.68,9838,0.81
65,D,12.39,7736,0.6
65,C,14.63,6820,-0.01
65,F,16.51,9758,0.77
65,G,17.54,7336,0.76
65,D,19.4,7476,0.79
65,A,21.56,6740,0.01
65,F,24.64,9758,0.83
65,G,25.74,7456,0.8
65,E,27.89,7756,0.8
65,F,29.17,9938,0.77
65,D,29.93,7476,0.71
65,G,32.02,7436,0.81
65,E,34.43,7796,0.8
65,A,35.92,6700,0.02
65,D,38.88,7576,0.78
65,E,40.98,7516,0.57
65,B,42.29,6700,0.01
65,X,44.12,6875,0.84
66,D,9.56,7596,0.8
66,G,11.63,7396,0.79
66,A,14.01,6720,0.01
66,D,16.72,7576,0.73
66,F,18.88,9838,0.83
66,A,20.09,6800,0.01
66,D,22.75,7656,0.66
66,A,24.99,6760,0.01
66,E,28.3,7776,0.86
66,C,29.78,6760,0.01
66,B,31.65,6820,-0.01
66,X,33.46,6875,0.89
67,B,9.98,6700,0.02
67,D,11.45,7716,0.64
67,B,13.46,6880,-0.01
67,E,15.31,7656,0.79
67,C,16.8,6780,0.0
67,F,18.54,9778,0.84
67,E,19.57,7816,0.79
67,F,21.07,10058,0.67
67,E,22.1,7816,0.77
67,A,23.48,6840,-0.03
67,C,26.76,6900,-0.01
67,F,28.63,9758,0.78
67,D,29.26,7676,0.63
67,E,31.25,7596,0.66
67,C,32.69,6720,0.01
67,E,34.54,7576,0.65
67,F,35.9,9878,0.83
67,E,37.16,7756,0.84
67,D,38.32,7616,0.72
67,C,40.51,6800,0.0
67,A,42.32,6760,0.0
67,E,45.56,7656,0.75
67,C,46.87,6800,0.0
67,F,48.74,9838,0.92
67,A,49.85,6860,-0.04
67,G,52.99,7416,0.8
67,A,55.16,6740,0.01
67,G,58.41,7436,0.76
67,D,60.35,7596,0.8
67,G,62.43,7536,0.65
67,A,64.69,6820,-0.0
67,B,67.71,6740,0.01
67,A,69.7,6760,0.01
67,G,72.93,7336,0.77
67,B,75.33,6840,-0.01
67,E,77.16,7776,0.87
67,B,78.47,6720,0.01
67,D,79.98,7496,0.84
67,B,82.22,6740,0.0
67,F,84.25,9798,0.9
67,D,85.09,7736,0.61
67,F,87.08,9978,0.74
67,A,88.14,6820,-0.0
67,F,91.4,9758,0.86
67,G,92.44,7576,0.57
67,C,94.62,6900,-0.02
67,X,96.24,6875,0.95
68,A,9.99,6860,-0.04
68,B,13.12,6760,0.01
68,E,15.04,7816,0.73
68,C,16.36,6780,0.01
68,E,18.15,7576,0.63
68,D,19.25,7736,0.59
68,G,21.46,7376,0.79
68,A,23.68,6840,-0.03
68,B,26.78,6740,0.01
68,C,28.67,6780,0.01
68,G,30.55,7396,0.85
68,A,32.94,6880,-0.04
68,D,35.64,7756,0.6
68,B,37.81,6780,-0.01
68,E,39.72,7776,0.83
68,D,40.75,7516,0.84
68,B,42.9,6720,0.01
68,E,44.89,7516,0.55
68,B,46.23,6840,-0.01
68,D,47.65,7536,0.87
68,A,49.74,6820,-0.01
68,E,52.97,7536,0.59
68,A,54.48,6720,0.01
68,G,57.56,7436,0.81
68,F,59.71,9918,0.77
68,B,60.94,6880,-0.02
68,F,62.92,9858,0.77
68,D,63.55,7696,0.66
68,F,65.7,10018,0.74
68,C,66.76,6860,-0.01
68,B,68.45,6820,-0.01
68,A,70.39,6900,-0.04
68,B,73.44,6840,-0.01
68,A,75.26,6800,-0.0
68,E,78.48,7716,0.8
68,C,79.89,6840,-0.01
68,G,81.59,7496,0.72
68,X,83.69,6875,0.91
69,G,9.94,7576,0.59
69,F,12.22,9978,0.77
69,G,13.29,7376,0.77
69,A,15.67,6880,-0.04
69,C,18.77,6800,0.0
69,E,20.5,7696,0.79
69,F,22.0,9998,0.74
69,G,23.06,7476,0.73
69,C,25.25,6780,0.0
69,B,27.18,6740,0.01
69,D,28.7,7676,0.68
69,A,30.75,6820,-0.01
69,E,34.03,7616,0.71
69,D,34.94,7676,0.64
69,A,37.05,6760,0.01
69,D,39.82,7656,0.67
69,A,41.98,6880,-0.04
69,E,45.07,7536,0.6
69,A,46.44,6760,0.01
69,F,49.63,10018,0.75
69,E,50.64,7736,0.85
69,F,51.95,9958,0.79
69,C,52.98,6840,-0.01
69,F,54.89,9958,0.81
69,C,55.96,6720,0.01
69,E,57.72,7656,0.8
69,F,59.15,10038,0.74
69,D,59.77,7476,0.83
69,E,61.93,7536,0.57
69,C,63.26,6840,-0.01
69,B,65.14,6740,0.01
69,E,67.03,7556,0.6
69,B,68.6,6880,-0.02
69,A,70.54,6740,0.01
69,B,73.9,6820,-0.01
69,F,75.69,9878,0.88
69,E,76.72,7656,0.76
69,B,78.09,6860,-0.01
69,D,79.53,7556,0.86
69,A,81.69,6800,0.0
69,D,84.48,7716,0.63
69,G,86.57,7436,0.83
69,X,88.68,6875,0.9
70,D,9.58,7476,0.77
70,E,11.64,7816,0.81
70,F,12.95,10038,0.7
70,B,14.19,6760,0.01
70,F,16.01,9798,0.78
70,B,17.08,6780,0.0
70,D,18.77,7496,0.77
70,E,20.95,7636,0.76
70,D,22.03,7756,0.6
70,E,24.03,7816,0.83
70,G,25.33,7376,0.78
70,F,27.67,9958,0.82
70,E,28.7,7696,0.86
70,D,29.87,7676,0.68
70,E,31.9,7516,0.56
70,F,33.4,9938,0.79
70,B,34.5,6740,0.01
70,C,36.36,6820,0.0
70,D,37.79,7776,0.59
70,F,39.78,9798,0.86
70,B,41.04,6740,0.01
70,E,43.0,7636,0.75
70,G,44.5,7376,0.81
70,D,46.31,7736,0.61
70,C,48.37,6820,0.01
70,E,50.13,7576,0.61
70,B,51.49,6840,-0.01
70,E,53.42,7816,0.81
70,F,54.84,10078,0.69
70,D,55.5,7556,0.83
70,C,57.75,6840,-0.01
70,E,59.5,7756,0.85
70,A,61.07,6720,0.02
70,X,64.15,6875,0.94
71,F,9.98,9938,0.9
71,A,11.06,6880,-0.04
71,G,14.33,7436,0.82
71,A,16.53,6760,0.01
71,C,19.87,6900,-0.01
71,D,21.14,7596,0.8
71,F,23.28,9998,0.8
71,C,24.54,6820,0.01
71,A,26.39,6720,0.01
71,B,29.56,6740,0.01
71,C,31.43,6900,-0.01
71,E,33.3,7656,0.74
71,X,34.58,6875,0.94
72,G,9.92,7576,0.6
72,E,12.03,7796,0.79
72,B,13.44,6800,0.0
72,C,15.5,6760,0.01
72,A,17.34,6740,0.01
72,F,20.55,9998,0.76
72,D,21.29,7716,0.62
72,X,23.28,6875,0.92
73,F,9.96,9918,0.89
73,D,10.62,7596,0.8
73,B,12.7,6800,-0.01
73,G,14.65,7576,0.6
73,E,17.03,7596,0.67
73,F,18.32,10038,0.76
73,E,19.37,7816,0.8
73,D,20.3,7696,0.64
73,F,22.39,9858,0.85
73,G,23.43,7376,0.74
73,E,25.75,7776,0.86
73,G,27.05,7496,0.75
73,A,29.27,6820,0.0
73,B,32.4,6900,-0.02
73,E,34.29,7756,0.82
73,C,35.64,6880,-0.01
73,B,37.32,6880,-0.01
73,A,39.17,6760,0.01
73,E,42.29,7756,0.84
73,B,43.8,6720,0.01
73,D,45.3,7656,0.65
73,A,47.47,6760,0.01
73,G,50.63,7536,0.67
73,A,52.88,6720,0.01
73,G,56.06,7576,0.61
73,E,58.24,7796,0.81
73,D,59.17,7656,0.73
73,A,61.32,6740,0.01
73,B,64.42,6880,-0.01
73,C,66.23,6720,0.01
73,D,67.68,7756,0.58
73,F,69.8,10018,0.7
73,X,70.77,6875,0.9
74,B,10.0,6720,0.01
74,A,11.87,6740,0.01
74,F,15.18,9838,0.76
74,G,16.16,7416,0.86
74,C,18.33,6760,0.01
74,D,19.83,7716,0.61
74,C,21.87,6720,0.01
74,E,23.58,7716,0.89
74,C,25.07,6840,-0.01
74,F,26.72,10058,0.72
74,G,27.71,7496,0.69
74,D,29.58,7676,0.68
74,C,31.6,6760,0.01
74,G,33.42,7516,0.68
74,B,35.59,6740,0.01
74,C,37.56,6720,0.01
74,F,39.49,10078,0.68
74,C,40.55,6720,0.01
74,G,42.23,7456,0.76
74,F,44.61,9818,0.85
74,G,45.69,7436,0.76
74,D,47.58,7456,0.77
74,A,49.71,6740,0.01
74,B,52.96,6880,-0.01
74,F,54.79,10018,0.77
74,B,56.0,6780,-0.01
74,C,57.83,6840,-0.01
74,F,59.57,10058,0.73
74,D,60.4,7696,0.66
74,C,62.5,6780,0.01
74,B,64.21,6880,-0.02
74,G,66.25,7456,0.84
74,C,68.47,6780,0.01
74,G,70.2,7416,0.85
74,A,72.52,6860,-0.04
74,F,75.75,9838,0.84
74,E,76.94,7776,0.85
74,X,78.21,6875,0.9
75,B,9.97,6740,0.01
75,D,11.44,7496,0.81
75,A,13.62,6720,0.02
75,F,16.88,9758,0.82
75,A,17.95,6840,-0.03
75,E,21.13,7636,0.73
75,F,22.43,10018,0.8
75,B,23.46,6800,0.0
75,E,25.33,7736,0.8
75,G,26.61,7516,0.68
75,E,28.82,7596,0.66
75,G,30.11,7496,0.79
75,E,32.31,7736,0.85
75,C,33.73,6760,0.01
75,F,35.55,9858,0.88
75,A,36.81,6800,0.0
75,C,39.88,6760,0.01
75,E,41.8,7716,0.81
75,B,43.34,6880,-0.02
75,E,45.15,7716,0.82
75,F,46.46,9938,0.87
75,E,47.6,7616,0.7
75,D,48.69,7696,0.64
75,G,50.87,7376,0.79
75,X,53.0,6875,0.92
76,B,10.0,6820,-0.01
76,E,11.91,7836,0.76
76,G,13.44,7356,0.84
76,B,15.8,6880,-0.02
76,F,17.84,9818,0.85
76,A,18.99,6740,0.01
76,C,22.18,6780,0.0
76,E,23.87,7576,0.62
76,F,25.15,9758,0.83
76,B,26.38,6700,0.02
76,D,27.99,7596,0.84
76,E,30.26,7616,0.72
76,C,31.83,6740,0.01
76,D,33.24,7616,0.77
76,E,35.31,7736,0.88
76,G,36.69,7456,0.73
76,A,38.83,6840,-0.03
76,E,42.03,7636,0.74
76,G,43.35,7416,0.75
76,C,45.67,6740,0.01
76,D,47.08,7736,0.59
76,B,49.11,6720,0.01
76,E,50.94,7776,0.83
76,B,52.38,6800,-0.01
76,C,54.37,6840,-0.01
76,B,56.09,6780,0.01
76,G,58.18,7416,0.82
76,C,60.32,6780,0.01
76,E,62.09,7636,0.74
76,D,63.04,7456,0.76
76,C,65.13,6780,0.01
76,G,66.83,7416,0.83
76,C,69.24,6840,-0.01
76,B,70.96,6760,0.0
76,C,72.92,6700,0.01
76,E,74.62,7696,0.84
76,F,75.92,10038,0.72
76,X,76.89,6875,0.94
77,B,9.97,6840,-0.01
77,C,11.87,6880,-0.01
77,A,13.67,6760,0.01
77,F,16.85,9878,0.78
77,D,17.64,7556,0.85
77,A,19.88,6780,0.0
77,D,22.6,7696,0.64
77,C,24.76,6880,-0.01
77,G,26.64,7536,0.67
77,F,28.83,10078,0.64
77,D,29.55,7636,0.71
77,E,31.66,7616,0.7
77,B,32.99,6880,-0.02
77,G,34.79,7336,0.77
77,F,36.91,9838,0.92
77,D,37.51,7776,0.59
77,C,39.74,6800,-0.01
77,A,41.42,6780,0.0
77,B,44.65,6860,-0.01
77,A,46.71,6880,-0.04
77,E,49.86,7596,0.65
77,X,51.14,6875,0.92
78,G,9.97,7356,0.74
78,B,12.23,6800,-0.01
78,G,14.06,7476,0.76
78,F,16.42,10078,0.67
78,E,17.39,7816,0.74
78,B,18.68,6800,0.0
78,E,20.54,7576,0.65
78,C,22.1,6800,0.0
78,A,24.04,6860,-0.04
78,B,27.23,6780,0.0
78,E,29.29,7536,0.57
78,C,30.73,6820,0.0
78,D,32.2,7536,0.82
78,X,34.2,6875,0.87
79,G,9.96,7396,0.8
79,C,12.26,6860,-0.01
79,B,14.07,6760,0.01
79,E,16.13,7576,0.63
79,A,17.73,6900,-0.04
79,F,20.97,9958,0.78
79,A,22.25,6900,-0.04
79,F,25.48,9918,0.9
79,D,26.29,7676,0.69
79,X,28.29,6875,0.92
80,E,9.55,7596,0.65
80,F,10.98,9758,0.83
80,G,12.04,7536,0.67
80,C,14.37,6760,0.0
80,E,16.07,7576,0.59
80,C,17.53,6780,0.0
80,D,19.05,7496,0.85
80,E,21.3,7616,0.69
80,D,22.41,7536,0.86
80,G,24.57,7596,0.56
80,D,26.5,7736,0.62
80,B,28.52,6760,0.0
80,A,30.53,6860,-0.04
80,X,33.54,6875,0.91
81,B,9.99,6780,0.01
81,G,11.81,7456,0.82
81,F,14.16,10058,0.68
81,D,14.8,7536,0.83
81,B,16.93,6900,-0.02
81,D,18.35,7636,0.73
81,E,20.39,7556,0.6
81,G,21.69,7336,0.78
81,D,23.72,7556,0.82
81,F,25.91,9798,0.72
81,G,26.89,7476,0.71
81,B,29.19,6880,-0.02
81,D,30.74,7576,0.78
81,E,32.79,7736,0.8
81,F,34.23,9998,0.78
81,E,35.46,7616,0.71
81,G,36.89,7416,0.74
81,F,39.14,9858,0.91
81,G,40.33,7456,0.81
81,B,42.47,6720,0.01
81,C,44.44,6720,0.02
81,B,46.36,6800,-0.01
81,E,48.41,7716,0.86
81,G,49.83,7576,0.59
81,B,51.96,6800,-0.01
81,D,53.41,7516,0.79
81,F,55.46,9758,0.87
81,B,56.52,6760,0.01
81,F,58.37,9898,0.83
81,D,59.11,7676,0.64
81,A,61.29,6880,-0.04
81,C,64.36,6840,-0.01
81,B,66.25,6820,-0.01
81,E,68.16,7696,0.78
81,B,69.61,6820,-0.01
81,D,71.17,7556,0.78
81,E,73.31,7816,0.81
81,A,74.63,6840,-0.03
81,C,77.68,6840,-0.01
81,G,79.44,7476,0.76
81,B,81.66,6720,0.01
81,F,83.53,9898,0.81
81,X,84.5,6875,0.88
82,E,9.49,7576,0.65
82,G,10.88,7596,0.54
82,F,13.09,9998,0.73
82,A,14.35,6760,0.01
82,F,17.57,9958,0.85
82,B,18.69,6840,-0.01
82,F,20.49,9958,0.84
82,C,21.69,6800,0.0
82,A,23.55,6760,0.01
82,C,26.82,6760,0.01
82,G,28.7,7576,0.55
82,B,30.93,6840,-0.01
82,G,32.75,7496,0.73
82,D,34.65,7556,0.89
82,C,36.71,6880,-0.01
82,E,38.38,7696,0.85
82,C,39.85,6700,0.01
82,F,41.54,10038,0.73
82,A,42.57,6840,-0.03
82,D,45.22,7736,0.6
82,C,47.24,6880,-0.01
82,B,48.9,6760,0.01
82,G,50.79,7536,0.62
82,X,52.89,6875,0.94
83,G,9.95,7476,0.78
83,F,12.28,9818,0.78
83,C,13.56,6760,0.01
83,G,15.43,7356,0.72
83,C,17.8,6800,0.0
83,A,19.65,6720,0.01
83,F,22.91,10058,0.71
83,B,23.98,6720,0.01
83,F,26.02,9798,0.85
83,D,26.86,7516,0.88
83,E,28.91,7536,0.58
83,X,30.19,6875,0.87
84,A,9.96,6860,-0.04
84,D,12.62,7576,0.82
84,G,14.63,7576,0.52
84,F,16.78,10078,0.65
84,D,17.4,7596,0.79
84,E,19.56,7656,0.78
84,A,21.08,6720,0.01
84,B,24.19,6820,-0.01
84,E,26.12,7756,0.85
84,D,27.08,7476,0.82
84,F,29.14,9838,0.84
84,C,30.23,6720,0.01
84,G,32.07,7476,0.76
84,D,33.95,7716,0.6
84,C,35.99,6860,-0.01
84,F,37.81,9758,0.81
84,A,38.85,6720,0.01
84,B,42.15,6900,-0.02
84,D,43.78,7696,0.66
84,B,45.87,6760,0.0
84,A,47.87,6740,0.01
84,B,51.01,6800,-0.01
84,F,52.87,10038,0.7
84,A,54.04,6720,0.01
84,B,57.22,6740,0.01
84,F,59.27,9878,0.85
84,B,60.49,6800,0.0
84,A,62.38,6860,-0.04
84,D,65.13,7756,0.56
84,A,67.37,6880,-0.04
84,D,70.15,7656,0.68
84,B,72.39,6900,-0.02
84,G,74.19,7496,0.75
84,B,76.36,6760,0.01
84,E,78.28,7576,0.64
84,X,79.55,6875,0.89
85,D,9.56,7716,0.65
85,F,11.59,10018,0.78
85,B,12.77,6860,-0.01
85,G,14.65,7476,0.79
85,D,16.42,7696,0.67
85,C,18.68,6740,0.01
85,E,20.6,7556,0.6
85,A,21.98,6760,0.01
85,C,25.13,6840,-0.01
85,A,26.99,6760,0.01
85,B,30.19,6760,0.0
85,A,32.22,6840,-0.03
85,E,35.47,7716,0.85
85,F,36.81,9798,0.89
85,A,37.93,6760,0.01
85,G,41.22,7336,0.76
85,D,43.25,7456,0.72
85,X,45.27,6875,0.95
86,C,9.99,6720,0.02
86,B,11.84,6760,0.0
86,F,13.81,9978,0.77
86,A,15.04,6780,0.0
86,B,18.31,6880,-0.02
86,G,20.26,7376,0.81
86,D,22.27,7516,0.87
86,B,24.36,6760,0.0
86,D,25.91,7556,0.86
86,A,27.95,6800,0.0
86,B,30.98,6760,0.01
86,G,32.82,7396,0.75
86,D,34.72,7716,0.61
86,G,36.89,7536,0.67
86,B,39.1,6740,0.01
86,G,41.13,7436,0.75
86,C,43.47,6780,0.01
86,E,45.3,7636,0.72
86,X,46.59,6875,0.87
87,D,9.58,7716,0.64
87,B,11.71,6860,-0.01
87,G,13.55,7376,0.78
87,C,15.96,6840,-0.01
87,F,17.72,10018,0.75
87,G,18.8,7356,0.8
87,C,21.07,6740,0.01
87,D,22.46,7496,0.78
87,A,24.6,6880,-0.04
87,G,27.61,7416,0.8
87,D,29.5,7616,0.74
87,F,31.55,9898,0.91
87,G,32.59,7436,0.85
87,F,34.9,9918,0.91
87,A,36.09,6780,0.0
87,D,38.88,7736,0.61
87,E,41.08,7836,0.75
87,X,42.35,6875,0.92
88,G,9.96,7416,0.84
88,E,12.33,7776,0.87
88,G,13.65,7376,0.88
88,D,15.64,7616,0.76
88,B,17.86,6800,-0.01
88,C,19.86,6860,-0.01
88,B,21.57,6800,-0.01
88,E,23.42,7696,0.8
88,C,24.96,6840,-0.01
88,F,26.8,9838,0.87
88,D,27.46,7476,0.81
88,E,29.68,7656,0.75
88,A,30.97,6820,0.0
88,D,33.68,7696,0.64
88,G,35.67,7456,0.8
88,A,37.87,6860,-0.04
88,D,40.77,7516,0.86
88,C,43.04,6860,-0.01
88,G,44.91,7396,0.8
88,B,47.3,6860,-0.02
88,F,49.13,9998,0.82
88,C,50.25,6720,0.01
88,G,52.01,7596,0.55
88,D,53.78,7576,0.84
88,G,55.97,7536,0.66
88,C,58.19,6740,0.01
88,B,60.02,6760,0.01
88,F,61.86,9958,0.86
88,A,62.97,6760,0.01
88,E,66.16,7556,0.62
88,X,67.46,6875,0.94
89,C,9.98,6900,-0.02
89,D,11.49,7536,0.84
89,F,13.56,10018,0.76
89,E,14.7,7656,0.78
89,A,16.13,6700,0.01
89,B,19.26,6840,-0.01
89,C,21.23,6800,0.0
89,E,22.95,7656,0.79
89,A,24.27,6840,-0.04
89,C,27.37,6700,0.01
89,G,29.19,7436,0.89
89,X,31.32,6875,0.91
90,D,9.56,7556,0.86
90,F,11.62,9978,0.78
90,E,12.79,7656,0.79
90,B,14.18,6860,-0.01
90,D,15.81,7576,0.82
90,A,17.93,6760,0.01
90,C,21.26,6820,-0.01
90,E,23.08,7736,0.89
90,F,24.57,9798,0.83
90,A,25.67,6720,0.02
90,C,28.97,6840,0.0
90,F,30.78,9958,0.83
90,C,31.92,6740,0.01
90,B,33.78,6720,0.01
90,C,35.82,6860,-0.01
90,B,37.51,6720,0.01
90,C,39.5,6780,0.0
90,D,40.95,7656,0.7
90,A,43.18,6860,-0.03
90,G,46.21,7436,0.84
90,X,48.35,6875,0.91
91,F,9.98,9858,0.83
91,G,11.17,7416,0.82
91,A,13.42,6860,-0.04
91,D,16.31,7456,0.79
91,C,18.6,6840,0.0
91,E,20.33,7676,0.81
91,C,21.64,6900,-0.01
91,B,23.52,6840,-0.01
91,X,25.32,6875,0.92
92,B,9.97,6800,-0.01
92,G,11.82,7356,0.75
92,C,14.21,6780,0.01
92,A,15.93,6780,0.0
92,G,19.02,7476,0.83
92,A,21.31,6800,0.01
92,G,24.63,7416,0.81
92,A,26.8,6820,0.0
92,D,29.55,7476,0.76
92,B,31.64,6720,0.01
92,G,33.6,7436,0.82
92,E,35.99,7676,0.83
92,F,37.31,9918,0.8
92,X,38.3,6875,0.95
93,C,9.98,6720,0.01
93,F,11.81,10038,0.7
93,C,12.96,6900,-0.01
93,B,14.72,6840,-0.01
93,E,16.54,7616,0.67
93,B,17.93,6880,-0.01
93,G,19.86,7516,0.71
93,F,22.0,9878,0.87
93,G,23.16,7516,0.61
93,D,25.1,7616,0.76
93,F,27.34,9978,0.75
93,E,28.35,7636,0.75
93,A,29.72,6800,0.0
93,X,32.75,6875,0.93
94,A,9.99,6880,-0.04
94,G,13.04,7456,0.85
94,B,15.4,6720,0.02
94,C,17.34,6720,0.01
94,G,19.17,7536,0.66
94,D,20.99,7596,0.78
94,A,23.25,6760,0.01
94,F,26.47,10018,0.73
94,C,27.63,6880,-0.01
94,A,29.3,6860,-0.04
94,G,32.29,7576,0.58
94,E,34.43,7556,0.59
94,A,36.0,6880,-0.04
94,C,39.07,6740,0.01
94,G,40.96,7456,0.76
94,B,43.35,6900,-0.02
94,E,45.23,7716,0.82
94,C,46.7,6720,0.01
94,F,48.57,9838,0.9
94,E,49.58,7576,0.63
94,F,50.89,9818,0.79
94,D,51.56,7556,0.78
94,X,53.58,6875,0.87
95,G,9.97,7556,0.6
95,D,11.74,7636,0.75
95,A,13.91,6880,-0.04
95,D,16.66,7496,0.85
95,A,18.77,6760,0.01
95,F,21.96,9818,0.81
95,B,23.1,6820,0.0
95,D,24.54,7716,0.59
95,A,26.54,6720,0.01
95,C,29.89,6780,0.0
95,F,31.7,9798,0.88
95,A,32.85,6780,0.0
95,F,36.09,9998,0.75
95,G,37.11,7456,0.83
95,D,38.92,7616,0.77
95,E,40.95,7676,0.85
95,X,42.24,6875,0.9
96,D,9.58,7676,0.66
96,A,11.85,6880,-0.04
96,C,15.06,6800,-0.01
96,F,16.97,10058,0.72
96,B,17.99,6700,0.01
96,F,19.99,9918,0.86
96,C,21.01,6820,-0.01
96,A,22.9,6840,-0.04
96,G,25.9,7436,0.85
96,D,27.8,7596,0.8
96,A,30.09,6840,-0.03
96,C,33.13,6820,0.0
96,E,34.81,7816,0.8
96,D,35.93,7716,0.61
96,F,38.12,9918,0.82
96,E,39.22,7576,0.61
96,C,40.71,6700,0.01
96,A,42.69,6900,-0.04
96,D,45.52,7676,0.61
96,C,47.71,6840,-0.01
96,F,49.59,9998,0.8
96,B,50.78,6800,-0.01
96,D,52.34,7636,0.73
96,F,54.38,9898,0.9
96,A,55.51,6780,0.0
96,E,58.76,7816,0.73
96,A,60.31,6880,-0.04
96,E,63.32,7656,0.76
96,F,64.79,9898,0.82
96,D,65.61,7576,0.81
96,F,67.85,9978,0.76
96,A,68.86,6880,-0.04
96,G,71.93,7436,0.74
96,X,74.05,6875,0.91
97,D,9.58,7716,0.6
97,E,11.67,7696,0.83
97,C,13.23,6860,-0.01
97,G,14.97,7536,0.63
97,E,17.2,7816,0.79
97,A,18.51,6900,-0.04
97,D,21.17,7716,0.62
97,B,23.34,6780,0.0
97,A,25.37,6820,0.0
97,B,28.45,6880,-0.02
97,F,30.27,9878,0.86
97,C,31.3,6860,-0.01
97,G,33.02,7416,0.85
97,D,34.79,7616,0.73
97,B,36.88,6780,0.0
97,A,38.82,6780,0.0
97,C,41.98,6880,-0.01
97,D,43.29,7616,0.73
97,G,45.46,7556,0.6
97,E,47.6,7776,0.85
97,A,48.92,6860,-0.03
97,D,51.78,7516,0.82
97,F,53.9,10038,0.72
97,X,54.87,6875,0.94
98,D,9.56,7516,0.86
98,B,11.69,6900,-0.02
98,G,13.5,7356,0.82
98,C,15.76,6820,0.0
98,B,17.52,6800,-0.01
98,E,19.35,7756,0.81
98,A,20.82,6880,-0.04
98,D,23.69,7656,0.7
98,E,25.93,7736,0.86
98,A,27.29,6820,-0.01
98,D,30.12,7596,0.79
98,G,32.3,7476,0.84
98,C,34.45,6720,0.02
98,G,36.29,7336,0.73
98,E,38.62,7576,0.65
98,A,40.16,6760,0.01
98,E,43.23,7516,0.57
98,D,44.4,7656,0.7
98,A,46.66,6880,-0.04
98,E,49.75,7696,0.84
98,A,51.07,6880,-0.04
98,G,54.17,7556,0.62
98,F,56.29,9818,0.89
98,B,57.52,6780,-0.01
98,E,59.42,7756,0.91
98,C,60.85,6720,0.01
98,E,62.75,7756,0.84
98,D,63.76,7576,0.82
98,F,65.78,10078,0.62
98,C,66.78,6780,0.01
98,A,68.74,6800,0.0
98,E,71.87,7616,0.72
98,C,73.3,6900,-0.01
98,E,75.1,7516,0.56
98,B,76.49,6760,0.0
98,A,78.37,6780,0.0
98,B,81.64,6880,-0.01
98,A,83.56,6820,-0.0
98,C,86.7,6860,-0.01
98,D,88.0,7736,0.62
98,C,90.23,6760,0.01
98,E,92.1,7756,0.84
98,B,93.51,6880,-0.01
98,G,95.37,7416,0.88
98,X,97.49,6875,0.92
99,F,9.96,9898,0.87
99,A,11.13,6720,0.01
99,G,14.34,7496,0.79
99,E,16.56,7756,0.87
99,G,17.97,7336,0.78
99,A,20.37,6740,0.01
99,F,23.62,9918,0.87
99,D,24.26,7716,0.62
99,C,26.46,6740,0.01
99,A,28.27,6720,0.01
99,B,31.6,6860,-0.01
99,A,33.7,6840,-0.04
99,F,36.79,10058,0.67
99,B,37.78,6800,0.0
99,D,39.35,7636,0.71
99,G,41.48,7476,0.69
99,E,43.65,7636,0.73
99,F,45.13,9918,0.8
99,G,46.12,7376,0.83
99,A,48.42,6900,-0.04
99,D,51.05,7596,0.82
99,B,53.1,6840,-0.02
99,A,55.19,6860,-0.04
99,C,58.33,6720,0.02
99,X,60.01,6875,0.93
100,C,9.97,6760,0.01
100,F,11.82,9878,0.9
100,G,12.98,7376,0.84
100,D,14.8,7676,0.67
100,A,16.94,6820,-0.0
100,C,20.14,6800,0.0
100,G,21.9,7536,0.66
100,E,24.02,7816,0.78
100,A,25.37,6840,-0.03
100,D,28.08,7616,0.78
100,A,30.11,6720,0.01
100,C,33.22,6800,0.01
100,B,34.92,6740,0.01
100,X,36.74,6875,0.94
101,G,9.97,7396,0.74
101,C,12.27,6840,-0.01
101,F,13.93,9878,0.93
101,C,15.08,6780,0.0
101,G,16.79,7536,0.67
101,D,18.69,7476,0.79
101,B,20.96,6860,-0.01
101,C,23.05,6740,0.01
101,E,25.01,7636,0.75
101,D,26.13,7736,0.6
101,C,28.35,6720,0.01
101,B,30.06,6720,0.01
101,D,31.71,7516,0.82
101,E,33.87,7756,0.82
101,C,35.25,6840,0.0
101,D,36.53,7556,0.87
101,C,38.64,6880,-0.01
101,G,40.32,7396,0.8
101,A,42.69,6820,0.0
101,X,45.72,6875,0.91
102,A,9.96,6740,0.01
102,E,13.11,7656,0.79
102,C,14.52,6840,0.0
102,A,16.39,6780,0.01
102,C,19.63,6840,-0.01
102,D,20.91,7616,0.68
102,G,23.14,7396,0.8
102,F,25.36,9858,0.89
102,C,26.45,6780,0.01
102,G,28.26,7456,0.75
102,E,30.49,7636,0.72
102,G,32.02,7476,0.69
102,E,34.39,7756,0.82
102,A,35.82,6720,0.02
102,C,39.02,6720,0.01
102,B,40.76,6900,-0.02
102,X,42.54,6875,0.9
103,F,9.98,10018,0.71
103,E,11.19,7636,0.76
103,F,12.73,10038,0.74
103,D,13.49,7696,0.65
103,C,15.68,6820,-0.01
103,E,17.36,7796,0.81
103,D,18.51,7596,0.78
103,A,20.72,6740,0.01
103,D,23.54,7596,0.75
103,E,25.62,7656,0.8
103,C,26.96,6840,-0.01
103,D,28.44,7636,0.69
103,G,30.69,7536,0.66
103,B,32.93,6820,-0.01
103,X,34.73,6875,0.92
104,E,9.56,7536,0.57
104,G,11.01,7496,0.75
104,E,13.23,7656,0.77
104,D,14.18,7676,0.68
104,G,16.33,7536,0.63
104,B,18.57,6880,-0.02
104,F,20.58,10078,0.71
104,E,21.63,7516,0.56
104,D,22.54,7556,0.86
104,B,24.57,6900,-0.02
104,C,26.37,6780,0.01
104,E,28.22,7736,0.86
104,C,29.7,6760,0.0
104,D,31.18,7756,0.6
104,B,33.22,6740,0.01
104,D,34.83,7736,0.62
104,G,37.06,7456,0.73
104,E,39.35,7676,0.8
104,C,40.73,6760,0.01
104,F,42.43,9838,0.82
104,A,43.45,6720,0.01
104,X,46.51,6875,0.95
105,D,9.56,7736,0.59
105,B,11.82,6800,-0.01
105,C,13.84,6760,0.01
105,B,15.72,6800,0.0
105,C,17.73,6880,-0.01
105,G,19.55,7576,0.6
105,F,21.73,9958,0.79
105,A,22.9,6740,0.01
105,B,26.18,6760,0.01
105,F,28.23,10058,0.69
105,B,29.44,6700,0.01
105,D,31.08,7736,0.59
105,B,33.22,6720,0.01
105,E,35.31,7636,0.75
105,X,36.59,6875,0.9
106,E,9.54,7716,0.83
106,A,10.86,6780,0.0
106,C,13.98,6800,0.01
106,B,15.92,6800,-0.01
106,C,17.93,6800,0.0
106,A,19.75,6780,0.01
106,G,22.79,7576,0.59
106,D,24.54,7516,0.79
106,A,26.65,6840,-0.03
106,F,29.92,9938,0.86
106,X,30.89,6875,0.95
107,G,9.94,7576,0.6
107,E,12.12,7576,0.66
107,D,13.27,7716,0.64
107,F,15.27,9998,0.74
107,B,16.31,6720,0.01
107,E,18.37,7596,0.65
107,C,19.72,6700,0.02
107,G,21.4,7576,0.6
107,B,23.6,6860,-0.01
107,F,25.59,9878,0.89
107,A,26.8,6880,-0.04
107,G,29.96,7376,0.83
107,D,31.83,7556,0.78
107,B,33.85,6840,-0.01
107,F,35.65,10018,0.76
107,B,36.9,6860,-0.01
107,F,38.82,9778,0.8
107,C,40.02,6880,-0.01
107,B,41.92,6840,-0.01
107,F,43.79,10018,0.76
107,D,44.56,7736,0.59
107,G,46.64,7376,0.75
107,F,48.8,9918,0.87
107,E,49.98,7536,0.57
107,A,51.32,6800,0.0
107,X,54.36,6875,0.9
108,G,9.97,7336,0.77
108,A,12.32,6900,-0.04
108,F,15.33,9818,0.77
108,D,15.96,7576,0.78
108,A,18.07,6900,-0.04
108,F,21.17,10038,0.72
108,G,22.19,7556,0.62
108,F,24.41,9858,0.88
108,G,25.45,7496,0.75
108,E,27.77,7716,0.83
108,G,29.17,7356,0.69
108,A,31.49,6740,0.01
108,B,34.62,6860,-0.02
108,D,36.28,7576,0.84
108,E,38.39,7596,0.69
108,D,39.4,7616,0.74
108,E,41.53,7516,0.56
108,G,42.85,7416,0.77
108,B,45.07,6900,-0.02
108,D,46.61,7756,0.57
108,E,48.77,7616,0.69
108,F,50.25,9878,0.85
108,C,51.41,6800,0.0
108,B,53.24,6840,-0.01
108,E,55.32,7696,0.8
108,D,56.32,7456,0.77
108,E,58.42,7616,0.69
108,A,59.87,6720,0.02
108,E,63.12,7796,0.83
108,A,64.66,6700,0.02
108,D,67.56,7716,0.63
108,A,69.65,6820,0.0
108,G,72.71,7356,0.82
108,B,74.9,6700,0.01
108,F,76.96,9798,0.8
108,B,78.24,6880,-0.02
108,F,80.09,9958,0.75
108,E,81.1,7816,0.75
108,G,82.58,7516,0.7
108,D,84.38,7676,0.65
108,A,86.55,6820,-0.0
108,B,89.64,6800,-0.01
108,C,91.62,6880,-0.01
108,X,93.25,6875,0.93
109,B,9.97,6740,0.01
109,D,11.44,7536,0.87
109,B,13.69,6740,0.01
109,F,15.63,9838,0.81
109,B,16.64,6720,0.01
109,G,18.5,7556,0.56
109,F,20.66,9818,0.85
109,C,21.72,6720,0.01
109,D,23.05,7676,0.69
109,A,25.15,6800,0.0
109,C,28.29,6820,0.0
109,A,30.07,6740,0.01
109,F,33.24,9838,0.88
109,G,34.23,7536,0.68
109,C,36.35,6760,0.01
109,B,38.21,6780,0.0
109,A,40.07,6800,0.0
109,G,43.09,7576,0.6
109,A,45.37,6740,0.01
109,C,48.55,6760,0.01
109,D,49.97,7656,0.73
109,G,52.13,7536,0.61
109,F,54.42,10078,0.67
109,D,55.04,7476,0.8
109,A,57.09,6800,0.0
109,D,59.99,7536,0.89
109,G,62.23,7516,0.66
109,D,64.08,7696,0.65
109,C,66.07,6840,-0.01
109,E,67.73,7676,0.82
109,X,69.01,6875,0.89
110,D,9.56,7756,0.58
110,A,11.69,6840,-0.03
110,D,14.49,7536,0.84
110,F,16.52,10058,0.68
110,A,17.74,6860,-0.04
110,C,20.76,6760,0.01
110,B,22.66,6840,-0.01
110,F,24.59,9978,0.83
110,B,25.6,6720,0.01
110,D,27.28,7716,0.61
110,G,29.39,7436,0.74
110,C,31.52,6860,-0.01
110,E,33.27,7596,0.68
110,X,34.56,6875,0.9
111,G,9.93,7536,0.66
111,D,11.9,7576,0.86
111,B,13.98,6780,0.0
111,C,15.83,6760,0.0
111,A,17.72,6860,-0.04
111,D,20.56,7576,0.85
111,E,22.63,7596,0.68
111,D,23.58,7516,0.86
111,B,25.8,6820,-0.01
111,A,27.81,6700,0.01
111,G,30.93,7416,0.84
111,E,33.32,7576,0.63
111,F,34.83,10018,0.71
111,X,35.8,6875,0.93
112,E,9.49,7796,0.82
112,C,10.94,6900,-0.01
112,A,12.86,6800,0.0
112,E,15.9,7716,0.89
112,D,17.02,7516,0.83
112,A,19.15,6780,0.01
112,F,22.26,9938,0.84
112,B,23.27,6740,0.01
112,D,24.82,7456,0.78
112,C,26.93,6860,-0.01
112,D,28.46,7676,0.7
112,F,30.48,9858,0.91
112,B,31.52,6860,-0.02
112,D,33.16,7736,0.62
112,A,35.19,6740,0.01
112,E,38.49,7616,0.7
112,D,39.6,7576,0.83
112,G,41.85,7356,0.82
112,X,44.0,6875,0.92
113,E,9.56,7756,0.87
113,F,11.02,9998,0.77
113,A,12.03,6740,0.01
113,F,15.16,9798,0.87
113,G,16.26,7456,0.77
113,B,18.65,6820,-0.01
113,F,20.69,9798,0.78
113,B,21.85,6780,-0.01
113,E,23.73,7736,0.83
113,D,24.83,7596,0.81
113,A,26.9,6800,0.0
113,E,30.14,7656,0.75
113,A,31.59,6820,-0.03
113,B,34.83,6840,-0.01
113,G,36.63,7396,0.81
113,E,38.98,7516,0.55
113,C,40.44,6840,-0.01
113,D,41.91,7696,0.64
113,A,44.13,6760,0.01
113,C,47.4,6720,0.02
113,A,49.24,6800,0.0
113,F,52.44,10018,0.76
113,B,53.53,6860,-0.02
113,A,55.37,6720,0.01
113,B,58.62,6840,-0.01
113,C,60.59,6800,0.0
113,A,62.48,6800,0.0
113,C,65.7,6840,0.0
113,E,67.58,7656,0.8
113,A,69.03,6760,0.01
113,C,72.2,6880,-0.01
113,B,73.88,6800,-0.01
113,E,75.94,7696,0.81
113,A,77.28,6840,-0.03
113,B,80.34,6760,0.01
113,A,82.28,6740,0.01
113,D,85.03,7516,0.84
113,B,87.09,6780,0.0
113,E,89.1,7776,0.88
113,G,90.44,7436,0.75
113,X,92.56,6875,0.85
114,F,9.96,9898,0.89
114,B,11.18,6900,-0.02
114,E,13.0,7696,0.81
114,B,14.54,6780,0.0
114,G,16.4,7456,0.72
114,C,18.63,6760,0.01
114,F,20.35,9998,0.75
114,E,21.38,7516,0.56
114,G,22.78,7396,0.82
114,A,25.17,6820,-0.03
114,B,28.43,6820,-0.01
114,C,30.36,6800,0.0
114,B,32.1,6740,0.01
114,F,34.09,9938,0.87
114,G,35.22,7496,0.75
114,F,37.52,10078,0.68
114,C,38.74,6820,0.0
114,F,40.53,9998,0.75
114,A,41.52,6820,-0.0
114,E,44.68,7676,0.82
114,D,45.84,7516,0.86
114,X,47.86,6875,0.89
115,E,9.57,7636,0.77
115,D,10.56,7556,0.77
115,G,12.7,7496,0.78
115,B,14.92,6800,0.0
115,G,16.8,7596,0.55
115,A,18.97,6840,-0.03
115,D,21.69,7636,0.72
115,A,23.84,6780,0.0
115,C,26.97,6740,0.01
115,A,28.76,6800,0.0
115,D,31.48,7596,0.79
115,G,33.7,7396,0.85
115,F,36.06,10018,0.71
115,X,37.02,6875,0.89
116,B,9.98,6760,0.0
116,G,11.8,7556,0.63
116,F,14.12,9778,0.87
116,D,14.78,7476,0.82
116,F,16.9,9978,0.81
116,G,18.01,7496,0.67
116,C,20.22,6720,0.01
116,B,22.02,6720,0.01
116,C,24.06,6760,0.01
116,E,26.01,7616,0.7
116,B,27.53,6720,0.01
116,C,29.63,6700,0.01
116,F,31.49,9798,0.91
116,G,32.61,7356,0.73
116,B,34.95,6740,0.01
116,F,36.97,9898,0.83
116,E,37.98,7656,0.77
116,A,39.55,6800,0.0
116,X,42.59,6875,0.83
117,E,9.54,7716,0.87
117,F,10.84,9978,0.83
117,B,11.91,6820,-0.01
117,C,13.88,6800,0.01
117,E,15.59,7816,0.77
117,G,17.1,7356,0.78
117,C,19.52,6740,0.02
117,B,21.35,6760,0.01
117,E,23.23,7736,0.87
117,G,24.63,7516,0.71
117,F,26.87,9758,0.82
117,G,28.02,7336,0.71
117,D,29.86,7456,0.78
117,A,31.94,6780,0.0
117,F,35.2,9918,0.84
117,C,36.22,6700,0.01
117,B,37.95,6900,-0.02
117,F,39.95,9958,0.84
117,E,40.97,7656,0.76
117,C,42.38,6860,-0.01
117,B,44.08,6760,0.0
117,F,46.06,10038,0.7
117,D,46.8,7676,0.68
117,F,48.86,9958,0.8
117,G,49.99,7396,0.74
117,B,52.37,6780,0.0
117,A,54.26,6880,-0.04
117,X,57.26,6875,0.87
118,E,9.55,7656,0.73
118,C,11.07,6700,0.01
118,G,12.78,7416,0.77
118,F,15.07,9998,0.74
118,B,16.23,6840,-0.01
118,D,17.92,7516,0.84
118,B,20.13,6720,0.01
118,F,22.04,10038,0.71
118,A,23.26,6720,0.02
118,D,26.09,7536,0.86
118,F,28.24,9978,0.83
118,B,29.36,6780,-0.01
118,A,31.21,6860,-0.04
118,B,34.31,6820,-0.01
118,F,36.26,9898,0.81
118,G,37.48,7596,0.56
118,F,39.71,9938,0.87
118,G,40.93,7516,0.7
118,E,43.09,7696,0.85
118,F,44.56,9978,0.76
118,B,45.79,6820,0.0
118,C,47.65,6860,-0.01
118,X,49.28,6875,0.94
119,A,9.99,6880,-0.04
119,F,13.08,9938,0.77
119,G,14.18,7556,0.61
119,D,16.01,7496,0.81
119,G,18.2,7436,0.82
119,F,20.53,9958,0.81
119,D,21.18,7696,0.62
119,G,23.42,7336,0.74
119,A,25.78,6860,-0.04
119,F,28.86,10058,0.68
119,A,30.07,6800,0.0
119,D,32.81,7676,0.64
119,C,34.98,6720,0.01
119,A,36.87,6840,-0.04
119,F,39.97,9918,0.78
119,A,40.99,6760,0.01
119,G,44.08,7516,0.66
119,C,46.31,6700,0.01
119,E,48.22,7636,0.76
119,G,49.7,7516,0.71
119,F,51.83,9938,0.82
119,C,52.87,6800,0.01
119,A,54.57,6820,0.0
119,D,57.43,7736,0.62
119,F,59.61,9838,0.86
119,E,60.72,7536,0.57
119,A,62.3,6800,0.0
119,C,65.45,6780,0.01
119,B,67.27,6880,-0.02
119,X,69.06,6875,0.85
120,E,9.57,7596,0.66
120,A,11.02,6780,0.0
120,C,14.21,6740,0.01
120,G,15.96,7516,0.66
120,E,18.22,7656,0.77
120,B,19.51,6880,-0.02
120,E,21.4,7796,0.86
120,D,22.56,7716,0.62
120,B,24.71,6780,0.0
120,E,26.61,7776,0.84
120,A,28.17,6860,-0.04
120,B,31.42,6740,0.0
120,E,33.34,7516,0.54
120,B,34.64,6780,-0.01
120,F,36.63,9778,0.79
120,X,37.61,6875,0.88
121,G,9.92,7576,0.59
121,B,12.07,6820,-0.01
121,F,13.99,9878,0.81
121,C,15.06,6740,0.01
121,E,16.8,7676,0.8
121,C,18.11,6720,0.01
121,B,19.83,6820,-0.01
121,A,21.67,6800,0.0
121,G,24.87,7436,0.77
121,A,27.05,6860,-0.03
121,G,30.25,7596,0.54
121,C,32.42,6840,-0.01
121,B,34.08,6760,0.01
121,C,35.95,6800,0.01
121,F,37.74,9838,0.89
121,A,38.77,6760,0.01
121,D,41.43,7716,0.63
121,G,43.57,7336,0.77
121,E,45.72,7516,0.56
121,D,46.8,7716,0.61
121,F,48.85,9898,0.9
121,E,50.01,7576,0.64
121,G,51.37,7376,0.8
121,C,53.73,6900,-0.01
121,G,55.44,7496,0.79
121,D,57.31,7516,0.85
121,G,59.47,7356,0.74
121,A,61.89,6860,-0.04
121,G,65.13,7416,0.87
121,E,67.43,7736,0.81
121,G,68.9,7576,0.56
121,A,71.18,6760,0.01
121,B,74.28,6720,0.01
121,X,76.1,6875,0.95
122,D,9.56,7476,0.81
122,F,11.59,10038,0.72
122,B,12.73,6800,0.0
122,C,14.73,6880,-0.01
122,D,16.21,7496,0.73
122,F,18.22,9998,0.79
122,C,19.28,6860,0.0
122,E,20.98,7616,0.69
122,D,22.1,7696,0.62
122,B,24.12,6760,0.01
122,E,26.06,7736,0.9
122,D,27.06,7656,0.7
122,B,29.19,6720,0.01
122,C,31.07,6800,0.0
122,F,32.83,9958,0.85
122,D,33.57,7476,0.76
122,G,35.81,7536,0.67
122,F,38.17,9918,0.82
122,B,39.24,6720,0.02
122,E,41.28,7676,0.76
122,B,42.6,6740,0.01
122,C,44.68,6880,-0.01
122,D,45.99,7656,0.7
122,G,47.99,7576,0.6
122,B,50.28,6740,0.01
122,A,52.15,6820,0.0
122,X,55.17,6875,0.93
123,C,9.99,6840,0.0
123,G,11.68,7336,0.76
123,C,13.84,6880,0.0
123,F,15.52,9878,0.84
123,G,16.78,7416,0.82
123,C,19.17,6780,0.01
123,B,20.86,6720,0.01
123,E,22.9,7716,0.85
123,A,24.28,6780,0.01
123,F,27.34,9798,0.84
123,A,28.35,6880,-0.04
123,E,31.36,7816,0.81
123,C,32.69,6760,0.0
123,G,34.57,7396,0.83
123,C,36.87,6860,-0.01
123,F,38.74,9838,0.84
123,D,39.44,7576,0.87
123,G,41.49,7576,0.59
123,C,43.67,6840,-0.01
123,E,45.46,7796,0.86
123,A,46.89,6840,-0.03
123,C,50.13,6780,0.01
123,E,52.03,7596,0.69
123,F,53.51,10038,0.72
123,G,54.49,7596,0.56
123,F,56.8,9818,0.84
123,E,57.93,7636,0.76
123,A,59.49,6860,-0.03
123,C,62.6,6780,0.01
123,E,64.47,7676,0.8
123,F,65.96,10018,0.77
123,D,66.62,7636,0.75
123,G,68.66,7396,0.79
123,D,70.61,7496,0.81
123,A,72.88,6760,0.01
123,E,76.19,7796,0.81
123,C,77.58,6760,0.01
123,G,79.47,7416,0.75
123,B,81.84,6860,-0.01
123,X,83.63,6875,0.9
124,C,9.97,6700,0.02
124,F,11.74,9798,0.81
124,A,12.85,6820,-0.0
124,B,16.15,6740,0.01
124,F,18.19,10078,0.67
124,B,19.35,6880,-0.02
124,D,20.95,7516,0.84
124,G,23.02,7376,0.81
124,F,25.25,9978,0.84
124,G,26.27,7576,0.59
124,C,28.52,6820,0.0
124,B,30.36,6820,-0.01
124,G,32.31,7516,0.72
124,F,34.52,9798,0.81
124,E,35.78,7676,0.82
124,X,37.06,6875,0.94
125,D,9.58,7656,0.7
125,F,11.6,9778,0.84
125,B,12.62,6760,0.0
125,C,14.54,6720,0.01
125,A,16.37,6740,0.01
125,E,19.62,7536,0.6
125,D,20.77,7576,0.84
125,B,22.87,6820,0.0
125,A,24.71,6760,0.01
125,E,27.87,7536,0.59
125,G,29.42,7576,0.58
125,E,31.64,7696,0.8
125,C,33.01,6740,0.01
125,E,34.95,7816,0.76
125,B,36.32,6760,0.0
125,A,38.32,6880,-0.04
125,C,41.42,6820,0.0
125,E,43.31,7576,0.61
125,D,44.31,7576,0.7
125,B,46.4,6860,-0.01
125,E,48.29,7816,0.75
125,F,49.83,9958,0.76
125,C,50.83,6840,-0.01
125,E,52.68,7696,0.83
125,F,54.17,9998,0.79
125,E,55.35,7836,0.78
125,A,56.69,6800,-0.0
125,F,59.84,9898,0.91
125,B,60.92,6800,0.0
125,D,62.5,7756,0.57
125,F,64.65,9958,0.83
125,G,65.69,7456,0.81
125,X,67.8,6875,0.86
126,B,9.96,6800,0.01
126,E,12.04,7536,0.58
126,A,13.41,6760,0.01
126,E,16.53,7676,0.79
126,D,17.67,7596,0.81
126,C,19.89,6880,-0.01
126,D,21.27,7656,0.73
126,C,23.29,6860,-0.01
126,A,25.05,6820,0.0
126,C,28.35,6860,0.0
126,F,30.21,9798,0.85
126,D,30.89,7696,0.64
126,F,32.9,10058,0.68
126,E,34.12,7556,0.6
126,F,35.55,10058,0.7
126,D,36.31,7456,0.74
126,G,38.37,7456,0.84
126,X,40.49,6875,0.94
127,D,9.56,7576,0.83
127,C,11.6,6900,-0.01
127,F,13.43,9818,0.8
127,C,14.49,6900,-0.01
127,F,16.25,10038,0.73
127,C,17.35,6800,0.0
127,B,19.23,6740,0.01
127,F,21.27,9878,0.91
127,D,21.87,7756,0.58
127,G,23.97,7356,0.82
127,E,26.19,7516,0.56
127,F,27.59,9978,0.81
127,C,28.62,6820,0.0
127,D,30.07,7736,0.61
127,G,32.28,7556,0.64
127,E,34.6,7576,0.65
127,C,35.9,6860,-0.01
127,F,37.57,9858,0.89
127,G,38.66,7476,0.75
127,C,40.82,6820,0.0
127,G,42.69,7396,0.79
127,D,44.43,7556,0.82
127,C,46.51,6880,-0.01
127,A,48.44,6860,-0.04
127,C,51.46,6820,0.0
127,G,53.38,7496,0.78
127,E,55.5,7776,0.85
127,B,56.99,6820,-0.01
127,C,59.08,6800,0.0
127,F,60.91,10058,0.69
127,E,62.16,7716,0.86
127,G,63.52,7596,0.56
127,E,65.77,7616,0.73
127,C,67.16,6820,0.0
127,D,68.6,7576,0.8
127,F,70.84,9838,0.83
127,D,71.62,7576,0.81
127,E,73.8,7636,0.74
127,F,75.17,9798,0.89
127,D,76.04,7536,0.83
127,C,78.19,6720,0.01
127,E,80.13,7716,0.83
127,C,81.64,6860,-0.01
127,G,83.3,7356,0.72
127,A,85.53,6720,0.01
127,X,88.6,6875,0.94
128,F,9.98,9958,0.78
128,D,10.71,7576,0.78
128,A,12.92,6800,0.0
128,C,16.0,6880,-0.01
128,G,17.66,7476,0.76
128,D,19.65,7656,0.67
128,F,21.84,9798,0.82
128,B,22.94,6880,-0.02
128,E,24.81,7616,0.69
128,D,25.8,7656,0.67
128,E,28.02,7536,0.57
128,F,29.35,9978,0.84
128,B,30.41,6820,-0.01
128,D,32.01,7656,0.71
128,A,34.05,6860,-0.03
128,D,36.7,7696,0.66
128,E,38.92,7576,0.64
128,D,39.96,7696,0.67
128,C,41.97,6880,-0.01
128,G,43.6,7496,0.78
128,X,45.72,6875,0.91
129,B,9.97,6780,0.0
129,D,11.65,7496,0.83
129,E,13.73,7576,0.59
129,D,14.71,7516,0.81
129,G,16.78,7576,0.55
129,C,18.99,6760,0.01
129,A,20.87,6720,0.01
129,C,24.0,6840,-0.01
129,A,25.72,6740,0.01
129,E,28.82,7656,0.75
129,A,30.37,6900,-0.04
129,C,33.44,6860,-0.01
129,D,34.93,7576,0.77
129,F,36.96,10058,0.68
129,C,37.98,6800,0.0
129,F,39.73,10018,0.77
129,G,40.85,7376,0.83
129,A,43.04,6740,0.01
129,E,46.14,7656,0.78
129,D,47.04,7756,0.56
129,G,49.18,7456,0.72
129,A,51.42,6860,-0.04
129,E,54.46,7576,0.6
129,G,55.99,7376,0.72
129,F,58.16,9898,0.92
129,G,59.19,7416,0.87
129,C,61.36,6840,-0.01
129,F,63.22,9938,0.84
129,E,64.37,7536,0.57
129,C,65.79,6840,-0.01
129,E,67.5,7776,0.86
129,B,68.96,6880,-0.02
129,X,70.74,6875,0.86
130,F,9.98,9938,0.85
130,E,11.05,7776,0.8
130,B,12.48,6800,0.0
130,A,14.34,6880,-0.04
130,D,17.12,7596,0.8
130,F,19.34,9958,0.79
130,A,20.34,6800,0.0
130,C,23.57,6760,0.01
130,A,25.47,6800,0.0
130,E,28.75,7616,0.67
130,C,30.18,6880,-0.01
130,G,31.93,7436,0.87
130,X,34.05,6875,0.87
131,A,9.96,6880,-0.04
131,E,13.18,7596,0.64
131,A,14.58,6720,0.02
131,B,17.68,6720,0.01
131,C,19.63,6820,0.0
131,G,21.54,7436,0.74
131,E,23.84,7756,0.81
131,D,24.97,7736,0.59
131,E,26.98,7616,0.71
131,C,28.53,6800,0.0
131,A,30.24,6840,-0.03
131,F,33.28,10078,0.69
131,C,34.52,6860,-0.01
131,F,36.27,9818,0.87
131,E,37.45,7676,0.85
131,D,38.63,7616,0.76
131,F,40.74,9918,0.81
131,D,41.35,7596,0.83
131,C,43.53,6860,-0.01
131,B,45.41,6880,-0.01
131,A,47.43,6740,0.01
131,E,50.72,7756,0.85
131,C,52.15,6780,0.0
131,E,53.87,7696,0.78
131,D,54.98,7476,0.79
131,F,57.1,9998,0.78
131,B,58.36,6700,0.01
131,G,60.33,7556,0.6
131,X,62.45,6875,0.93
132,B,9.97,6800,0.0
132,A,11.94,6780,0.0
132,E,15.16,7716,0.85
132,G,16.55,7396,0.87
132,E,18.78,7816,0.81
132,C,20.09,6760,0.01
132,F,21.92,9898,0.9
132,B,23.08,6840,-0.01
132,F,24.87,10038,0.7
132,D,25.48,7516,0.77
132,X,27.48,6875,0.94
133,B,9.97,6880,-0.01
133,E,12.04,7536,0.56
133,F,13.35,9818,0.8
133,A,14.38,6780,0.0
133,E,17.51,7576,0.64
133,G,19.03,7476,0.83
133,A,21.16,6840,-0.04
133,D,23.96,7496,0.85
133,E,26.01,7776,0.83
133,B,27.3,6780,0.0
133,G,29.24,7536,0.67
133,B,31.53,6820,-0.01
133,A,33.62,6840,-0.03
133,F,36.88,10078,0.68
133,D,37.57,7716,0.61
133,G,39.8,7356,0.81
133,C,42.06,6840,-0.01
133,X,43.7,6875,0.93
134,B,10.0,6720,0.01
134,F,11.99,9878,0.92
134,C,13.05,6780,0.01
134,E,14.97,7656,0.8
134,A,16.31,6760,0.0
134,B,19.39,6840,-0.01
134,D,21.0,7716,0.63
134,A,23.08,6840,-0.03
134,B,26.14,6700,0.01
134,E,28.1,7756,0.84
134,A,29.59,6860,-0.03
134,E,32.64,7756,0.9
134,D,33.56,7716,0.64
134,F,35.58,10058,0.7
134,G,36.61,7356,0.8
134,B,38.77,6860,-0.01
134,A,40.65,6900,-0.04
134,G,43.76,7416,0.86
134,D,45.51,7476,0.82
134,E,47.66,7576,0.65
134,C,49.14,6860,-0.01
134,D,50.48,7616,0.79
134,E,52.55,7736,0.82
134,G,54.06,7496,0.78
134,D,55.83,7536,0.84
134,G,57.94,7416,0.79
134,C,60.26,6760,0.01
134,A,62.11,6840,-0.03
134,F,65.25,9898,0.77
134,X,66.22,6875,0.91
135,F,9.95,10018,0.74
135,B,11.16,6720,0.01
135,G,13.02,7376,0.81
135,B,15.38,6780,-0.01
135,D,16.8,7536,0.82
135,C,19.04,6860,-0.01
135,G,20.73,7436,0.83
135,B,22.88,6740,0.01
135,F,24.73,9978,0.82
135,C,25.74,6780,0.0
135,A,27.68,6780,0.01
135,C,30.87,6760,0.01
135,D,32.24,7736,0.6
135,E,34.51,7616,0.68
135,X,35.8,6875,0.9
136,A,9.96,6860,-0.04
136,B,13.13,6800,-0.01
136,D,14.59,7716,0.62
136,G,16.81,7476,0.72
136,B,19.06,6820,-0.01
136,C,21.01,6760,0.01
136,B,22.93,6720,0.01
136,A,25.03,6820,-0.0
136,B,28.32,6720,0.01
136,G,30.18,7456,0.75
136,B,32.4,6860,-0.01
136,A,34.33,6740,0.01
136,D,37.0,7676,0.68
136,G,39.17,7536,0.64
136,A,41.35,6840,-0.03
136,B,44.52,6880,-0.02
136,E,46.43,7816,0.76
136,D,47.53,7536,0.83
136,E,49.78,7596,0.68
136,A,51.11,6800,0.0
136,C,54.2,6880,-0.02
136,D,55.53,7636,0.76
136,G,57.75,7416,0.87
136,D,59.74,7656,0.67
136,G,61.97,7516,0.66
136,A,64.34,6780,0.0
136,G,67.55,7396,0.84
136,E,69.91,7736,0.8
136,C,71.21,6820,-0.01
136,D,72.57,7696,0.64
136,E,74.74,7776,0.83
136,C,76.27,6880,-0.01
136,D,77.78,7516,0.83
136,F,80.07,9858,0.91
136,X,81.05,6875,0.93
137,F,9.96,9798,0.82
137,B,10.97,6880,-0.02
137,F,12.75,9998,0.76
137,E,13.94,7596,0.68
137,D,15.01,7656,0.68
137,E,17.19,7756,0.88
137,D,18.22,7516,0.87
137,A,20.26,6900,-0.04
137,E,23.45,7556,0.62
137,B,25.01,6880,-0.02
137,A,27.04,6880,-0.05
137,G,30.17,7476,0.8
137,C,32.46,6740,0.01
137,D,33.89,7716,0.58
137,B,36.16,6800,-0.01
137,A,38.25,6700,0.01
137,B,41.49,6760,0.0
137,A,43.44,6800,0.0
137,E,46.72,7756,0.88
137,C,48.21,6760,0.01
137,F,50.12,9798,0.83
137,E,51.38,7596,0.68
137,D,52.5,7656,0.72
137,G,54.71,7416,0.78
137,X,56.84,6875,0.89
138,G,9.97,7336,0.77
138,D,11.77,7496,0.72
138,G,13.81,7536,0.66
138,B,16.01,6820,-0.01
138,E,17.92,7636,0.74
138,F,19.24,9878,0.84
138,D,19.96,7616,0.75
138,F,22.0,10038,0.69
138,A,23.25,6880,-0.04
138,E,26.5,7696,0.84
138,C,28.05,6880,-0.01
138,X,29.69,6875,0.89
139,G,9.92,7576,0.59
139,D,11.88,7616,0.78
139,A,14.03,6740,0.01
139,E,17.25,7716,0.77
139,B,18.58,6700,0.01
139,G,20.44,7536,0.65
139,F,22.75,9758,0.83
139,C,24.0,6720,0.01
139,X,25.66,6875,0.91
140,A,9.97,6780,0.0
140,B,13.13,6780,0.0
140,E,15.23,7636,0.76
140,G,16.57,7556,0.64
140,C,18.93,6840,-0.01
140,E,20.71,7536,0.58
140,B,22.07,6880,-0.02
140,G,23.98,7436,0.85
140,B,26.28,6740,0.0
140,G,28.12,7536,0.69
140,F,30.23,9958,0.84
140,C,31.45,6820,-0.01
140,E,33.15,7736,0.85
140,F,34.5,9818,0.88
140,A,35.52,6900,-0.04
140,F,38.51,9958,0.81
140,G,39.68,7436,0.86
140,A,41.84,6820,0.0
140,F,44.96,9958,0.82
140,D,45.58,7596,0.78
140,C,47.6,6860,-0.01
140,F,49.37,9798,0.8
140,E,50.48,7656,0.82
140,B,51.82,6740,0.01
140,D,53.27,7676,0.67
140,A,55.33,6900,-0.04
140,F,58.42,9858,0.87
140,C,59.48,6880,-0.01
140,B,61.16,6700,0.01
140,F,63.25,9838,0.87
140,A,64.36,6720,0.01
140,C,67.55,6800,0.0
140,B,69.44,6740,0.01
140,A,71.49,6740,0.01
140,G,74.6,7396,0.8
140,X,76.72,6875,0.93
141,A,9.99,6840,-0.04
141,G,13.05,7416,0.8
141,F,15.41,10038,0.7
141,G,16.42,7456,0.85
141,C,18.55,6900,-0.02
141,F,20.24,10058,0.69
141,A,21.45,6900,-0.04
141,F,24.53,10078,0.69
141,A,25.59,6800,0.01
141,D,28.35,7676,0.67
141,A,30.5,6800,0.0
141,D,33.18,7496,0.84
141,A,35.37,6740,0.01
141,B,38.6,6800,0.0
141,F,40.57,9918,0.77
141,C,41.67,6760,0.01
141,A,43.53,6880,-0.04
141,C,46.72,6720,0.02
141,B,48.6,6900,-0.02
141,C,50.5,6700,0.01
141,D,51.83,7496,0.87
141,F,54.11,9818,0.86
141,A,55.18,6720,0.01
141,D,58.12,7536,0.86
141,A,60.41,6780,0.0
141,G,63.54,7556,0.6
141,E,65.8,7656,0.74
141,X,67.1,6875,0.94
142,D,9.58,7536,0.79
142,C,11.75,6880,-0.01
142,G,13.46,7536,0.67
142,A,15.76,6840,-0.03
142,G,19.03,7416,0.86
142,B,21.15,6760,0.01
142,F,23.07,9778,0.89
142,D,23.84,7656,0.69
142,A,25.89,6900,-0.04
142,F,28.89,9878,0.92
142,E,30.02,7716,0.87
142,X,31.3,6875,0.86
143,F,9.98,9818,0.88
143,C,11.05,6780,0.01
143,A,12.97,6720,0.02
143,G,16.25,7496,0.74
143,E,18.62,7736,0.87
143,D,19.61,7516,0.87
143,C,21.68,6760,0.01
143,G,23.52,7596,0.56
143,A,25.83,6820,-0.01
143,E,28.97,7776,0.86
143,C,30.4,6800,0.0
143,F,32.1,9838,0.8
143,D,32.71,7656,0.72
143,E,34.98,7616,0.69
143,D,35.91,7596,0.85
143,A,38.16,6880,-0.04
143,E,41.3,7676,0.8
143,G,42.67,7396,0.86
143,E,45.01,7796,0.84
143,G,46.36,7356,0.8
143,F,48.58,9878,0.91
143,G,49.8,7576,0.59
143,D,51.56,7696,0.64
143,E,53.76,7556,0.61
143,C,55.23,6860,-0.01
143,B,56.99,6860,-0.01
143,X,58.79,6875,0.92
144,A,9.99,6820,-0.01
144,E,13.08,7636,0.77
144,F,14.38,9918,0.9
144,A,15.62,6700,0.02
144,B,18.74,6720,0.01
144,C,20.82,6760,0.01
144,E,22.76,7556,0.6
144,A,24.16,6800,0.0
144,F,27.45,9758,0.78
144,C,28.6,6820,-0.01
144,G,30.47,7436,0.77
144,F,32.78,10058,0.67
144,C,34.02,6840,-0.01
144,A,35.94,6820,-0.01
144,G,39.19,7336,0.72
144,D,40.96,7456,0.7
144,X,42.99,6875,0.92
145,B,10.0,6860,-0.02
145,A,12.04,6840,-0.04
145,G,15.19,7516,0.66
145,D,16.93,7656,0.68
145,B,19.06,6760,0.0
145,F,21.0,9998,0.76
145,B,22.2,6780,0.0
145,G,24.17,7456,0.85
145,F,26.36,10018,0.74
145,E,27.37,7696,0.82
145,G,28.67,7536,0.62
145,A,30.97,6800,0.0
145,C,34.13,6720,0.01
145,X,35.8,6875,0.92
146,F,9.98,9818,0.87
146,A,11.13,6800,0.0
146,G,14.27,7436,0.81
146,D,16.06,7656,0.68
146,G,18.25,7536,0.68
146,D,20.2,7516,0.85
146,B,22.26,6720,0.01
146,E,24.23,7776,0.85
146,C,25.71,6820,0.0
146,G,27.58,7416,0.82
146,E,29.9,7816,0.81
146,D,30.87,7756,0.6
146,F,33.09,10038,0.74
146,A,34.09,6760,0.01
146,C,37.28,6900,-0.01
146,D,38.79,7496,0.87
146,F,40.81,9778,0.87
146,C,42.04,6740,0.01
146,G,43.93,7556,0.62
146,F,46.06,10038,0.72
146,G,47.31,7396,0.81
146,C,49.49,6860,-0.01
146,B,51.18,6800,-0.01
146,X,53.0,6875,0.93
147,C,10.0,6760,0.01
147,A,11.8,6800,0.0
147,D,14.65,7576,0.82
147,E,16.65,7756,0.87
147,F,18.14,10058,0.72
147,D,18.88,7476,0.84
147,G,20.93,7376,0.76
147,D,22.88,7496,0.83
147,F,25.02,9898,0.88
147,B,26.07,6800,-0.01
147,X,27.86,6875,0.85
148,G,9.94,7396,0.87
148,C,12.21,6740,0.01
148,G,14.11,7456,0.83
148,A,16.39,6700,0.02
148,E,19.52,7736,0.84
148,C,20.92,6760,0.01
148,D,22.22,7516,0.82
148,C,24.28,6720,0.01
148,B,26.05,6860,-0.01
148,E,27.91,7696,0.84
148,C,29.25,6820,0.0
148,B,31.12,6780,0.01
148,A,33.03,6720,0.01
148,B,36.11,6760,0.0
148,G,37.96,7536,0.67
148,F,40.07,9958,0.48
148,G,41.02,7596,0.55
148,E,43.2,7536,0.57
148,G,44.5,7496,0.68
148,A,46.68,6880,-0.04
148,C,49.81,6760,0.01
148,B,51.52,6740,0.01
148,D,53.12,7716,0.59
148,B,55.18,6900,-0.02
148,E,57.07,7536,0.58
148,A,58.46,6760,0.01
148,C,61.52,6780,0.01
148,B,63.25,6720,0.01
148,F,65.12,9958,0.85
148,X,66.09,6875,0.88
149,C,9.97,6720,0.02
149,A,11.88,6780,0.0
149,E,15.1,7776,0.86
149,C,16.41,6800,0.0
149,B,18.18,6740,0.01
149,E,20.19,7676,0.73
149,F,21.51,9918,0.8
149,D,22.14,7656,0.7
149,B,24.32,6800,0.0
149,E,26.25,7536,0.59
149,A,27.69,6740,0.01
149,E,31.04,7696,0.85
149,G,32.52,7596,0.55
149,A,34.8,6840,-0.03
149,E,38.0,7716,0.85
149,G,39.46,7376,0.86
149,A,41.81,6780,0.0
149,F,44.93,10078,0.7
149,D,45.52,7456,0.74
149,C,47.69,6820,0.0
149,E,49.54,7516,0.56
149,D,50.55,7496,0.84
149,A,52.67,6880,-0.04
149,B,55.89,6800,0.0
149,X,57.71,6875,0.92
150,E,9.57,7636,0.77
150,A,11.14,6840,-0.03
150,E,14.43,7516,0.56
150,C,15.89,6760,0.01
150,G,17.68,7556,0.62
150,A,20.04,6760,0.01
150,E,23.33,7596,0.64
150,G,24.65,7356,0.78
150,C,26.93,6740,0.01
150,D,28.39,7716,0.6
150,G,30.55,7496,0.68
150,F,32.72,10078,0.71
150,B,33.86,6820,-0.01
150,X,35.65,6875,0.91
151,E,9.54,7716,0.87
151,C,11.01,6860,0.0
151,D,12.34,7696,0.67
151,E,14.56,7816,0.83
151,F,16.08,9938,0.88
151,G,17.13,7436,0.8
151,A,19.4,6820,-0.0
151,B,22.48,6780,0.01
151,E,24.57,7736,0.81
151,G,25.89,7556,0.58
151,A,28.31,6740,0.01
151,D,31.18,7716,0.63
151,B,33.39,6860,-0.01
151,D,35.01,7696,0.61
151,A,37.27,6820,0.0
151,E,40.46,7556,0.58
151,G,41.98,7376,0.82
151,A,44.21,6740,0.01
151,B,47.38,6760,0.0
151,D,48.84,7696,0.64
151,F,50.84,9998,0.8
151,D,51.46,7536,0.88
151,F,53.47,9978,0.82
151,D,54.1,7596,0.8
151,G,56.11,7556,0.63
151,F,58.36,9838,0.89
151,G,59.37,7336,0.77
151,D,61.2,7556,0.78
151,B,63.24,6840,-0.01
151,C,65.09,6800,0.01
151,X,66.76,6875,0.89
152,B,10.0,6820,-0.01
152,F,11.85,9858,0.85
152,D,12.56,7476,0.81
152,E,14.65,7816,0.8
152,C,16.05,6900,-0.01
152,F,17.94,9878,0.9
152,G,19.1,7556,0.64
152,B,21.35,6800,0.0
152,E,23.3,7696,0.87
152,A,24.75,6800,0.0
152,X,27.78,6875,0.96
153,C,10.0,6820,-0.01
153,F,11.79,10078,0.66
153,B,12.9,6720,0.01
153,F,14.87,9798,0.9
153,G,15.89,7456,0.84
153,F,18.26,9958,0.83
153,G,19.3,7376,0.72
153,A,21.47,6800,0.0
153,E,24.54,7576,0.64
153,C,25.97,6760,0.01
153,E,27.71,7756,0.84
153,B,29.09,6840,-0.01
153,E,31.02,7576,0.64
153,F,32.39,9778,0.86
153,D,33.06,7616,0.76
153,X,35.05,6875,0.92
154,D,9.56,7476,0.84
154,A,11.75,6700,0.01
154,D,14.47,7496,0.8
154,C,16.73,6780,0.0
154,D,18.07,7556,0.87
154,A,20.18,6800,0.0
154,E,23.49,7616,0.7
154,G,24.81,7376,0.75
154,C,27.17,6880,-0.01
154,B,28.9,6720,0.01
154,C,30.99,6820,0.0
154,G,32.7,7476,0.75
154,E,35.08,7796,0.8
154,D,36.15,7516,0.78
154,E,38.23,7716,0.87
154,F,39.68,9918,0.83
154,X,40.66,6875,0.92
155,C,9.97,6880,-0.01
155,B,11.66,6880,-0.02
155,C,13.57,6820,0.0
155,G,15.48,7536,0.66
155,C,17.64,6720,0.02
155,D,18.99,7496,0.77
155,F,21.11,9798,0.85
155,A,22.29,6800,0.0
155,F,25.56,10018,0.78
155,G,26.76,7476,0.75
155,B,29.17,6760,0.01
155,G,31.01,7556,0.63
155,C,33.32,6880,-0.01
155,G,35.01,7456,0.83
155,F,37.36,9778,0.8
155,G,38.4,7436,0.74
155,F,40.56,9858,0.89
155,D,41.33,7536,0.8
155,F,43.52,9898,0.92
155,B,44.51,6780,0.0
155,D,46.21,7496,0.87
155,C,48.4,6860,-0.01
155,A,50.17,6820,0.0
155,F,53.32,10098,0.63
155,A,54.4,6860,-0.03
155,D,57.09,7576,0.78
155,F,59.15,9998,0.77
155,B,60.3,6880,-0.01
155,G,62.16,7356,0.8
155,B,64.49,6760,0.01
155,F,66.31,9778,0.85
155,B,67.52,6860,-0.01
155,F,69.58,9898,0.8
155,B,70.62,6820,-0.01
155,F,72.47,9918,0.79
155,G,73.47,7556,0.61
155,D,75.22,7596,0.74
155,E,77.45,7636,0.75
155,X,78.72,6875,0.93
156,E,9.57,7616,0.7
156,G,11.03,7476,0.71
156,A,13.32,6900,-0.04
156,F,16.37,9858,0.89
156,C,17.39,6840,-0.01
156,B,19.19,6820,-0.01
156,G,21.06,7536,0.66
156,F,23.33,9878,0.86
156,G,24.33,7456,0.86
156,A,26.54,6900,-0.04
156,G,29.55,7436,0.86
156,C,31.82,6820,-0.01
156,A,33.66,6860,-0.03
156,E,36.81,7756,0.83
156,G,38.13,7376,0.88
156,E,40.47,7656,0.8
156,A,41.78,6840,-0.03
156,G,44.93,7496,0.72
156,D,46.92,7536,0.8
156,X,48.95,6875,0.9
157,B,9.98,6760,0.0
157,D,11.55,7556,0.82
157,G,13.63,7376,0.73
157,D,15.61,7776,0.56
157,G,17.74,7436,0.8
157,D,19.49,7576,0.76
157,G,21.53,7516,0.64
157,E,23.93,7756,0.83
157,D,25.06,7656,0.7
157,A,27.31,6820,-0.0
157,D,30.01,7596,0.77
157,F,32.05,9938,0.76
157,C,33.22,6700,0.02
157,D,34.53,7496,0.83
157,A,36.74,6740,0.01
157,C,39.88,6820,-0.01
157,A,41.6,6820,0.0
157,D,44.26,7496,0.85
157,C,46.4,6900,-0.02
157,G,48.12,7496,0.69
157,E,50.35,7636,0.7
157,A,51.81,6840,-0.03
157,C,55.07,6800,0.0
157,E,56.75,7556,0.59
157,B,58.08,6780,0.01
157,E,59.95,7776,0.84
157,D,61.02,7496,0.78
157,G,63.21,7336,0.76
157,C,65.45,6880,-0.01
157,F,67.23,9978,0.74
157,X,68.21,6875,0.94
158,D,9.58,7676,0.7
158,B,11.63,6900,-0.02
158,E,13.61,7816,0.8
158,A,15.05,6740,0.01
158,G,18.33,7416,0.8
158,A,20.5,6820,0.0
158,C,23.81,6720,0.01
158,G,25.57,7576,0.56
158,B,27.74,6760,0.0
158,D,29.39,7536,0.85
158,F,31.63,9798,0.89
158,A,32.67,6780,0.0
158,C,35.99,6740,0.01
158,F,37.78,9838,0.83
158,A,39.07,6720,0.01
158,E,42.21,7676,0.78
158,G,43.54,7336,0.77
158,A,45.75,6820,-0.0
158,F,48.93,9858,0.9
158,D,49.7,7616,0.8
158,C,51.94,6840,-0.01
158,E,53.82,7816,0.78
158,A,55.27,6880,-0.04
158,B,58.4,6900,-0.01
158,X,60.18,6875,0.91
159,F,9.96,9898,0.92
159,E,11.15,7776,0.85
159,B,12.45,6720,0.01
159,C,14.46,6820,0.0
159,F,16.37,9798,0.82
159,E,17.53,7636,0.76
159,A,18.89,6720,0.01
159,C,22.0,6860,-0.01
159,G,23.81,7496,0.67
159,B,26.19,6820,-0.01
159,D,27.65,7616,0.76
159,A,29.91,6840,-0.03
159,F,33.17,9818,0.88
159,A,34.2,6760,0.01
159,G,37.47,7536,0.69
159,B,39.83,6800,0.0
159,C,41.71,6720,0.01
159,F,43.5,10058,0.71
159,C,44.64,6720,0.01
159,E,46.33,7696,0.87
159,G,47.8,7356,0.8
159,F,50.15,9918,0.82
159,E,51.22,7836,0.76
159,A,52.78,6800,0.0
159,G,56.07,7416,0.77
159,F,58.25,10018,0.76
159,A,59.49,6760,0.01
159,B,62.59,6800,-0.01
159,G,64.43,7396,0.79
159,C,66.76,6760,0.01
159,F,68.47,9878,0.79
159,C,69.49,6820,0.0
159,G,71.34,7356,0.83
159,C,73.53,6740,0.01
159,G,75.3,7416,0.76
159,E,77.49,7656,0.75
159,F,78.9,10058,0.72
159,D,79.66,7616,0.76
159,X,81.65,6875,0.88
160,D,9.56,7656,0.67
160,F,11.61,10018,0.71
160,E,12.71,7636,0.72
160,A,14.1,6860,-0.04
160,B,17.18,6780,0.01
160,G,19.21,7476,0.82
160,F,21.34,9878,0.93
160,D,21.97,7676,0.68
160,B,24.06,6800,0.0
160,C,25.9,6780,0.0
160,B,27.76,6740,0.01
160,G,29.84,7416,0.74
160,C,32.12,6740,0.01
160,A,33.93,6840,-0.03
160,E,37.14,7756,0.82
160,D,38.31,7456,0.73
160,G,40.41,7556,0.62
160,D,42.2,7596,0.77
160,B,44.33,6880,-0.01
160,G,46.2,7516,0.7
160,C,48.36,6840,-0.01
160,G,50.2,7496,0.72
160,F,52.48,9798,0.87
160,X,53.47,6875,0.91
161,F,9.96,9798,0.79
161,B,10.96,6860,-0.01
161,A,12.95,6740,0.01
161,B,16.07,6860,-0.01
161,E,17.91,7676,0.82
161,G,19.34,7576,0.55
161,C,21.64,6840,0.0
161,D,23.13,7476,0.78
161,X,25.13,6875,0.91
162,A,9.97,6780,0.0
162,C,13.09,6820,0.0
162,A,14.85,6860,-0.04
162,D,17.64,7656,0.71
162,F,19.64,9818,0.86
162,C,20.69,6720,0.01
162,F,22.37,9918,0.88
162,D,23.06,7676,0.64
162,G,25.05,7576,0.57
162,B,27.29,6720,0.01
162,F,29.11,9958,0.78
162,C,30.16,6820,0.0
162,E,31.96,7796,0.8
162,C,33.47,6720,0.01
162,A,35.2,6880,-0.04
162,C,38.25,6720,0.02
162,F,40.2,9998,0.82
162,E,41.37,7576,0.63
162,F,42.88,9778,0.82
162,E,44.12,7756,0.88
162,D,45.25,7716,0.62
162,E,47.26,7616,0.71
162,D,48.17,7616,0.8
162,E,50.19,7756,0.81
162,A,51.56,6800,0.0
162,B,54.65,6700,0.01
162,A,56.52,6880,-0.04
162,B,59.6,6740,0.01
162,D,61.21,7676,0.63
162,A,63.31,6880,-0.04
162,B,66.32,6780,0.0
162,F,68.2,9758,0.86
162,C,69.38,6780,0.0
162,A,71.19,6800,0.0
162,E,74.24,7796,0.83
162,G,75.57,7536,0.63
162,X,77.68,6875,0.89
163,B,9.96,6840,-0.01
163,D,11.49,7656,0.67
163,C,13.57,6880,-0.01
163,E,15.24,7556,0.61
163,C,16.66,6820,0.0
163,D,18.15,7616,0.77
163,B,20.18,6900,-0.02
163,E,22.0,7776,0.86
163,A,23.53,6860,-0.04
163,D,26.3,7476,0.72
163,B,28.32,6900,-0.02
163,D,29.96,7556,0.82
163,E,31.98,7596,0.65
163,F,33.31,9778,0.87
163,E,34.43,7756,0.88
163,C,35.87,6820,-0.01
163,G,37.67,7476,0.81
163,A,39.81,6760,0.01
163,F,43.09,9918,0.83
163,D,43.79,7636,0.7
163,F,45.82,9858,0.92
163,C,46.97,6780,0.01
163,F,48.72,10078,0.65
163,C,49.76,6840,-0.01
163,E,51.66,7616,0.72
163,F,53.1,9918,0.88
163,E,54.11,7656,0.79
163,C,55.51,6880,-0.01
163,G,57.27,7376,0.8
163,F,59.42,9898,0.87
163,E,60.45,7596,0.68
163,D,61.36,7596,0.76
163,E,63.45,7696,0.8
163,G,64.76,7376,0.8
163,F,66.95,9978,0.78
163,D,67.58,7756,0.58
163,G,69.71,7596,0.54
163,E,72.03,7616,0.7
163,G,73.35,7396,0.86
163,C,75.74,6880,-0.01
163,D,77.21,7676,0.61
163,F,79.23,9978,0.81
163,G,80.26,7596,0.56
163,A,82.57,6840,-0.03
163,D,85.41,7616,0.79
163,C,87.6,6720,0.02
163,D,89.03,7556,0.8
163,F,91.16,9878,0.82
163,E,92.19,7516,0.54
163,C,93.54,6760,0.01
163,E,95.33,7796,0.84
163,B,96.68,6760,0.0
163,X,98.5,6875,0.9
164,E,9.56,7736,0.87
164,F,10.85,9958,0.85
164,A,12.06,6800,0.0
164,G,15.21,7476,0.78
164,E,17.51,7536,0.58
164,B,19.08,6860,-0.01
164,A,20.92,6760,0.01
164,B,24.21,6820,-0.01
164,A,26.17,6900,-0.04
164,D,29.02,7736,0.59
164,C,31.13,6720,0.01
164,A,32.88,6760,0.01
164,B,36.06,6840,-0.01
164,F,37.94,9898,0.91
164,C,39.03,6760,0.01
164,A,40.76,6800,0.0
164,G,43.9,7396,0.85
164,A,46.1,6760,0.01
164,F,49.29,9918,0.84
164,B,50.43,6880,-0.02
164,E,52.44,7816,0.84
164,G,53.76,7596,0.56
164,F,56.11,9878,0.88
164,E,57.37,7736,0.82
164,B,58.86,6820,-0.01
164,A,60.9,6860,-0.04
164,E,64.1,7516,0.56
164,G,65.54,7476,0.74
164,A,67.7,6780,0.01
164,C,70.82,6800,0.0
164,G,72.58,7396,0.82
164,A,74.76,6760,0.01
164,G,77.93,7536,0.66
164,C,80.27,6740,0.01
164,F,82.14,9858,0.86
164,B,83.25,6860,-0.01
164,G,85.26,7536,0.67
164,F,87.38,9758,0.84
164,A,88.52,6760,0.01
164,C,91.62,6760,0.01
164,A,93.32,6840,-0.03
164,E,96.39,7596,0.69
164,B,97.69,6800,0.0
164,E,99.63,7796,0.87
164,G,101.15,7376,0.86
164,D,102.94,7656,0.71
164,X,104.92,6875,0.93
165,B,9.97,6860,-0.01
165,E,11.92,7736,0.84
165,G,13.43,7596,0.54
165,E,15.77,7616,0.71
165,F,17.08,9978,0.77
165,E,18.31,7616,0.72
165,G,19.86,7336,0.72
165,F,22.01,9838,0.89
165,G,23.04,7556,0.63
165,E,25.28,7616,0.7
165,D,26.24,7576,0.79
165,G,28.23,7556,0.58
165,C,30.45,6800,0.01
165,A,32.27,6840,-0.03
165,C,35.34,6800,0.01
165,B,37.26,6860,-0.01
165,E,39.22,7596,0.62
165,F,40.67,9798,0.83
165,E,41.75,7796,0.83
165,G,43.19,7356,0.78
165,C,45.34,6720,0.02
165,B,47.12,6780,0.01
165,G,49.13,7456,0.75
165,D,50.97,7596,0.77
165,E,53.07,7756,0.88
165,B,54.59,6760,0.0
165,E,56.67,7616,0.68
165,G,58.09,7476,0.8
165,C,60.34,6860,-0.01
165,E,62.02,7576,0.62
165,B,63.37,6800,-0.01
165,E,65.19,7656,0.75
165,D,66.13,7576,0.8
165,A,68.19,6720,0.02
165,X,71.28,6875,0.94
166,G,9.95,7516,0.74
166,B,12.19,6880,-0.01
166,G,14.05,7356,0.77
166,C,16.37,6880,-0.01
166,G,18.25,7536,0.67
166,B,20.44,6800,-0.01
166,G,22.27,7436,0.86
166,C,24.46,6760,0.01
166,G,26.27,7356,0.72
166,B,28.42,6720,0.01
166,A,30.33,6780,0.0
166,F,33.48,10018,0.72
166,E,34.5,7696,0.79
166,F,35.83,9918,0.91
166,B,36.88,6820,-0.01
166,A,38.91,6780,0.0
166,F,42.21,10018,0.73
166,B,43.37,6880,-0.02
166,D,44.77,7556,0.8
166,F,47.0,9878,0.93
166,D,47.8,7616,0.75
166,G,49.99,7476,0.81
166,A,52.35,6900,-0.04
166,F,55.42,9938,0.86
166,G,56.49,7516,0.71
166,B,58.89,6760,0.01
166,G,60.83,7436,0.85
166,E,63.14,7576,0.63
166,G,64.45,7376,0.72
166,A,66.62,6740,0.01
166,C,69.76,6720,0.02
166,X,71.43,6875,0.95
167,B,10.0,6800,-0.01
167,F,12.02,10078,0.69
167,C,13.16,6780,0.01
167,A,14.97,6840,-0.03
167,C,18.23,6840,-0.01
167,D,19.64,7616,0.75
167,F,21.87,9758,0.85
167,C,23.09,6780,0.01
167,A,24.98,6740,0.01
167,E,28.31,7616,0.74
167,D,29.24,7656,0.67
167,A,31.41,6860,-0.04
167,E,34.67,7736,0.83
167,G,36.05,7416,0.77
167,X,38.17,6875,0.94
168,C,9.98,6720,0.01
168,A,11.93,6800,0.0
168,G,15.13,7516,0.71
168,C,17.26,6860,-0.01
168,D,18.67,7736,0.58
168,A,20.82,6740,0.01
168,F,24.0,9998,0.81
168,E,25.17,7596,0.67
168,A,26.52,6740,0.01
168,G,29.65,7376,0.75
168,A,32.01,6860,-0.04
168,G,35.27,7596,0.54
168,A,37.43,6860,-0.04
168,D,40.31,7496,0.86
168,G,42.55,7396,0.87
168,A,44.83,6760,0.01
168,B,48.15,6780,0.01
168,X,49.96,6875,0.91
169,A,9.97,6880,-0.04
169,E,12.99,7696,0.83
169,D,13.98,7596,0.81
169,A,16.05,6780,0.0
169,E,19.22,7796,0.82
169,D,20.15,7476,0.79
169,F,22.23,9778,0.81
169,C,23.31,6720,0.01
169,B,25.02,6760,0.0
169,D,26.7,7756,0.61
169,E,28.69,7656,0.75
169,G,30.14,7416,0.9
169,A,32.37,6840,-0.03
169,F,35.61,9838,0.85
169,C,36.73,6840,-0.01
169,G,38.61,7576,0.6
169,E,40.97,7676,0.84
169,D,42.1,7556,0.8
169,E,44.29,7816,0.8
169,C,45.65,6780,0.01
169,B,47.58,6740,0.01
169,X,49.41,6875,0.89
170,B,10.0,6780,-0.01
170,G,11.83,7396,0.85
170,E,14.0,7516,0.55
170,F,15.38,10038,0.74
170,D,16.11,7656,0.72
170,C,18.35,6900,-0.01
170,G,20.02,7396,0.77
170,A,22.33,6800,0.0
170,E,25.45,7816,0.8
170,B,26.91,6760,0.01
170,F,28.87,9898,0.89
170,B,30.13,6860,-0.01
170,A,32.13,6800,0.0
170,B,35.37,6760,0.01
170,E,37.33,7596,0.65
170,C,38.68,6880,-0.01
170,F,40.53,9938,0.77
170,D,41.24,7756,0.58
170,G,43.23,7596,0.55
170,X,45.33,6875,0.9
171,F,9.98,10018,0.75
171,C,11.19,6760,0.01
171,D,12.57,7636,0.71
171,A,14.72,6800,-0.0
171,E,17.86,7576,0.62
171,D,18.79,7576,0.85
171,F,20.88,9918,0.78
171,G,21.91,7516,0.73
171,D,23.71,7676,0.69
171,A,25.86,6740,0.01
171,C,28.96,6820,-0.01
171,G,30.84,7596,0.55
171,F,33.07,10018,0.78
171,A,34.14,6860,-0.04
171,F,37.25,9958,0.84
171,A,38.33,6820,-0.03
171,D,41.06,7656,0.7
171,E,43.15,7656,0.74
171,G,44.61,7376,0.76
171,B,46.77,6900,-0.02
171,X,48.56,6875,0.92
172,E,9.53,7536,0.57
172,B,10.89,6880,-0.01
172,C,12.83,6780,0.01
172,F,14.62,9898,0.82
172,G,15.62,7456,0.74
172,C,17.77,6720,0.02
172,D,19.23,7716,0.62
172,B,21.32,6880,-0.02
172,A,23.33,6800,0.0
172,X,26.37,6875,0.95
173,F,9.98,9838,0.9
173,A,11.0,6800,0.0
173,C,14.26,6820,-0.01
173,E,16.18,7816,0.78
173,A,17.64,6760,0.01
173,B,20.73,6780,-0.01
173,C,22.59,6780,0.0
173,F,24.46,9978,0.74
173,A,25.62,6780,0.01
173,D,28.39,7616,0.79
173,E,30.55,7576,0.65
173,A,32.02,6820,0.0
173,B,35.1,6880,-0.01
173,F,37.1,9938,0.78
173,D,37.89,7556,0.8
173,C,40.11,6740,0.01
173,E,41.92,7796,0.81
173,D,42.93,7636,0.73
173,B,45.05,6720,0.01
173,F,47.13,9998,0.78
173,A,48.27,6820,0.0
173,B,51.43,6860,-0.01
173,A,53.49,6720,0.02
173,F,56.79,10078,0.68
173,A,57.93,6720,0.01
173,D,60.84,7536,0.83
173,A,62.88,6800,0.0
173,B,66.18,6860,-0.02
173,G,68.23,7376,0.75
173,X,70.36,6875,0.94
174,A,9.99,6840,-0.04
174,F,13.18,10038,0.73
174,C,14.34,6800,0.0
174,F,16.02,9898,0.81
174,D,16.65,7736,0.57
174,E,18.82,7596,0.64
174,G,20.22,7436,0.88
174,B,22.44,6880,-0.02
174,E,24.52,7616,0.69
174,D,25.63,7676,0.67
174,B,27.71,6820,-0.01
174,G,29.61,7396,0.73
174,F,31.85,9998,0.75
174,D,32.47,7496,0.81
174,A,34.53,6740,0.01
174,B,37.87,6820,0.0
174,E,39.7,7676,0.84
174,D,40.63,7496,0.74
174,B,42.84,6800,0.0
174,F,44.77,9878,0.87
174,C,45.9,6740,0.01
174,X,47.58,6875,0.94
175,F,9.98,9978,0.83
175,C,11.14,6880,-0.01
175,F,12.97,9958,0.79
175,C,13.97,6840,-0.01
175,D,15.24,7656,0.71
175,B,17.27,6760,0.0
175,D,18.9,7616,0.76
175,C,20.97,6860,-0.01
175,A,22.67,6820,0.0
175,F,25.73,10098,0.65
175,D,26.4,7536,0.86
175,C,28.71,6740,0.01
175,A,30.45,6780,0.01
175,E,33.78,7556,0.62
175,D,34.93,7616,0.77
175,A,36.98,6720,0.01
175,C,40.15,6760,0.01
175,D,41.67,7676,0.66
175,C,43.71,6720,0.02
175,G,45.48,7416,0.87
175,A,47.9,6840,-0.03
175,D,50.6,7516,0.81
175,B,52.65,6820,-0.01
175,C,54.62,6760,0.01
175,A,56.3,6760,0.01
175,B,59.43,6760,0.01
175,C,61.27,6820,-0.01
175,G,62.98,7496,0.78
175,A,65.23,6840,-0.03
175,B,68.5,6740,0.01
175,D,70.13,7636,0.72
175,A,72.28,6820,0.0
175,C,75.48,6800,0.0
175,D,76.95,7696,0.65
175,E,79.21,7736,0.82
175,F,80.66,9858,0.92
175,X,81.65,6875,0.94
176,D,9.58,7616,0.79
176,A,11.67,6740,0.01
176,G,14.76,7436,0.79
176,C,17.0,6820,0.0
176,F,18.84,9838,0.79
176,C,19.87,6760,0.01
176,F,21.61,10058,0.71
176,A,22.64,6780,0.0
176,C,25.93,6840,0.0
176,G,27.7,7416,0.82
176,A,30.09,6860,-0.03
176,D,32.75,7536,0.84
176,A,34.99,6880,-0.04
176,B,38.17,6740,0.01
176,G,40.19,7516,0.72
176,F,42.47,9938,0.8
176,A,43.56,6880,-0.04
176,D,46.23,7676,0.62
176,G,48.27,7336,0.75
176,D,50.28,7776,0.57
176,E,52.5,7736,0.81
176,X,53.79,6875,0.91
177,F,9.95,10038,0.7
177,D,10.67,7716,0.63
177,B,12.68,6780,0.0
177,A,14.65,6720,0.01
177,F,17.76,9898,0.89
177,C,18.76,6880,-0.01
177,B,20.62,6820,-0.01
177,D,22.16,7616,0.73
177,G,24.38,7476,0.77
177,F,26.51,9798,0.82
177,B,27.58,6760,0.01
177,A,29.44,6740,0.01
177,D,32.11,7616,0.71
177,C,34.33,6880,-0.01
177,G,36.18,7516,0.73
177,A,38.47,6840,-0.03
177,F,41.51,9978,0.85
177,C,42.56,6820,0.0
177,E,44.36,7636,0.72
177,X,45.63,6875,0.92
178,B,9.96,6720,0.0
178,G,11.85,7336,0.79
178,F,14.1,9918,0.8
178,A,15.24,6900,-0.04
178,B,18.43,6880,-0.01
178,G,20.24,7456,0.81
178,C,22.55,6840,-0.01
178,F,24.43,10058,0.7
178,D,25.18,7636,0.71
178,A,27.3,6900,-0.04
178,G,30.47,7336,0.77
178,F,32.64,9818,0.79
178,D,33.28,7496,0.81
178,C,35.31,6800,0.01
178,E,37.13,7616,0.71
178,B,38.46,6820,0.0
178,D,40.11,7636,0.71
178,F,42.11,10078,0.65
178,G,43.09,7576,0.59
178,A,45.41,6700,0.01
178,C,48.53,6820,0.0
178,E,50.39,7756,0.82
178,X,51.65,6875,0.92
179,C,10.0,6760,0.01
179,G,11.85,7516,0.7
179,A,14.09,6800,0.0
179,D,16.77,7536,0.85
179,F,18.8,9838,0.82
179,G,19.83,7516,0.65
179,A,22.0,6780,0.0
179,C,25.15,6780,0.01
179,B,27.09,6720,0.01
179,C,29.06,6800,0.0
179,B,30.99,6780,0.0
179,G,32.85,7416,0.84
179,E,35.05,7756,0.84
179,G,36.58,7336,0.7
179,A,38.79,6720,0.02
179,C,41.99,6720,0.01
179,D,43.48,7656,0.7
179,F,45.49,9778,0.88
179,E,46.59,7516,0.56
179,C,48.09,6860,-0.01
179,A,49.97,6700,0.02
179,D,52.83,7656,0.71
179,F,54.87,9878,0.83
179,E,55.98,7556,0.59
179,G,57.49,7576,0.52
179,B,59.87,6840,-0.01
179,X,61.66,6875,0.91
180,A,9.96,6820,-0.0
180,E,13.04,7556,0.61
180,A,14.46,6900,-0.04
180,D,17.08,7716,0.64
180,B,19.13,6880,-0.02
180,G,21.17,7396,0.85
180,C,23.46,6800,0.0
180,A,25.16,6800,0.0
180,G,28.19,7516,0.63
180,C,30.31,6900,-0.01
180,B,32.11,6800,0.01
180,G,34.18,7556,0.61
180,D,35.99,7476,0.73
180,B,38.19,6820,-0.01
180,D,39.72,7636,0.73
180,A,42.02,6800,0.0
180,E,45.08,7736,0.84
180,C,46.48,6860,-0.01
180,A,48.32,6860,-0.03
180,F,51.54,9838,0.91
180,E,52.6,7736,0.87
180,G,53.93,7456,0.83
180,C,56.18,6880,-0.01
180,D,57.58,7596,0.79
180,F,59.66,9818,0.85
180,E,60.93,7756,0.88
180,B,62.26,6860,-0.01
180,D,63.76,7476,0.79
180,G,65.82,7516,0.68
180,F,68.04,10078,0.69
180,B,69.06,6800,-0.01
180,G,70.84,7576,0.57
180,C,73.07,6800,0.0
180,G,74.74,7516,0.72
180,B,77.09,6840,-0.01
180,G,79.04,7456,0.81
180,D,80.78,7676,0.65
180,G,82.8,7436,0.82
180,B,85.17,6880,-0.02
180,F,87.17,9818,0.86
180,G,88.21,7516,0.66
180,B,90.57,6900,-0.02
180,G,92.58,7376,0.8
180,E,94.85,7596,0.67
180,B,96.38,6820,-0.01
180,D,98.03,7516,0.84
180,B,100.24,6700,0.01
180,F,102.3,9758,0.82
180,B,103.47,6720,0.01
180,E,105.34,7516,0.55
180,B,106.75,6720,0.01
180,F,108.62,9978,0.8
180,E,109.82,7816,0.82
180,F,111.28,9778,0.87
180,G,112.51,7376,0.81
180,A,114.65,6780,0.0
180,X,117.7,6875,0.92
181,G,9.94,7556,0.57
181,E,12.27,7596,0.66
181,C,13.82,6820,0.0
181,G,15.69,7556,0.62
181,D,17.6,7496,0.81
181,E,19.65,7756,0.82
181,B,20.95,6760,0.01
181,D,22.57,7496,0.83
181,C,24.68,6880,-0.01
181,E,26.57,7556,0.61
181,G,27.97,7576,0.59
181,A,30.3,6820,-0.0
181,F,33.52,9858,0.88
181,X,34.5,6875,0.89
182,D,9.56,7676,0.67
182,F,11.8,9898,0.81
182,D,12.44,7756,0.59
182,F,14.63,9978,0.83
182,C,15.6,6860,-0.01
182,G,17.49,7576,0.54
182,E,19.69,7536,0.55
182,A,21.02,6780,0.01
182,D,23.76,7536,0.82
182,F,25.98,10038,0.72
182,G,27.1,7496,0.69
182,A,29.53,6740,0.01
182,F,32.62,9918,0.82
182,E,33.64,7776,0.87
182,B,35.19,6820,0.0
182,F,37.0,9818,0.84
182,G,38.11,7396,0.82
182,D,40.09,7616,0.74
182,A,42.2,6700,0.01
182,F,45.42,10038,0.69
182,G,46.54,7396,0.84
182,A,48.87,6880,-0.04
182,C,52.02,6720,0.01
182,G,53.72,7516,0.73
182,A,55.93,6880,-0.04
182,D,58.57,7756,0.55
182,E,60.57,7636,0.75
182,G,62.05,7416,0.84
182,C,64.4,6880,-0.01
182,B,66.28,6860,-0.01
182,X,68.08,6875,0.92
183,A,9.98,6780,0.01
183,B,13.27,6880,-0.01
183,F,15.28,9878,0.92
183,C,16.34,6760,0.01
183,D,17.69,7576,0.82
183,B,19.72,6880,-0.01
183,C,21.72,6820,0.0
183,F,23.61,9858,0.89
183,E,24.62,7836,0.76
183,A,26.05,6720,0.01
183,B,29.13,6700,0.01
183,G,31.02,7336,0.8
183,F,33.34,9998,0.79
183,D,34.11,7696,0.63
183,F,36.24,10018,0.77
183,D,37.07,7676,0.65
183,C,39.11,6760,0.01
183,D,40.63,7556,0.84
183,F,42.72,10018,0.77
183,G,43.96,7336,0.71
183,C,46.21,6860,-0.01
183,G,47.94,7416,0.78
183,E,50.24,7736,0.86
183,G,51.8,7336,0.78
183,A,54.03,6780,0.0
183,G,57.28,7456,0.76
183,A,59.57,6840,-0.03
183,E,62.85,7796,0.85
183,C,64.17,6720,0.01
183,F,65.87,9958,0.8
183,B,66.89,6840,-0.01
183,X,68.69,6875,0.94
184,E,9.56,7516,0.54
184,F,11.01,9878,0.9
184,G,12.22,7496,0.69
184,D,14.01,7616,0.77
184,A,16.2,6800,0.0
184,F,19.42,10058,0.68
184,C,20.6,6860,-0.01
184,G,22.23,7596,0.56
184,B,24.46,6860,-0.01
184,A,26.52,6760,0.01
184,D,29.31,7536,0.88
184,E,31.57,7736,0.82
184,F,33.01,10038,0.75
184,C,34.24,6740,0.02
184,E,36.15,7776,0.81
184,F,37.61,9838,0.87
184,A,38.65,6820,0.0
184,D,41.42,7596,0.74
184,F,43.62,10078,0.45
184,G,44.58,7496,0.75
184,C,46.93,6740,0.01
184,G,48.74,7416,0.82
184,F,51.03,10078,0.69
184,E,52.06,7676,0.79
184,C,53.4,6880,-0.01
184,D,54.94,7476,0.76
184,E,57.09,7556,0.59
184,B,58.49,6780,-0.01
184,X,60.29,6875,0.9
185,F,9.95,9918,0.85
185,E,10.99,7656,0.76
185,D,12.09,7756,0.57
185,A,14.11,6820,0.0
185,E,17.25,7556,0.6
185,F,18.56,10018,0.74
185,G,19.58,7536,0.64
185,D,21.36,7696,0.64
185,G,23.34,7436,0.84
185,A,25.62,6740,0.01
185,F,28.67,9938,0.85
185,B,29.86,6780,0.0
185,D,31.46,7736,0.58
185,F,33.7,10038,0.74
185,B,34.7,6780,0.01
185,A,36.57,6720,0.01
185,G,39.89,7496,0.75
185,E,42.11,7616,0.7
185,B,43.43,6720,0.01
185,D,45.03,7456,0.73
185,B,47.26,6840,-0.01
185,E,49.29,7576,0.64
185,G,50.63,7516,0.64
185,B,52.79,6800,0.0
185,D,54.4,7616,0.75
185,A,56.66,6880,-0.04
185,G,59.79,7536,0.63
185,C,62.08,6720,0.01
185,B,63.78,6700,0.01
185,G,65.69,7536,0.63
185,F,67.96,10078,0.67
185,E,69.2,7656,0.73
185,F,70.68,9918,0.9
185,D,71.31,7516,0.86
185,G,73.35,7556,0.59
185,C,75.71,6780,0.01
185,E,77.57,7776,0.84
185,D,78.49,7676,0.66
185,G,80.48,7436,0.82
185,B,82.8,6820,-0.01
185,D,84.22,7696,0.63
185,G,86.31,7536,0.68
185,B,88.6,6840,-0.01
185,E,90.6,7796,0.83
185,C,92.13,6900,-0.01
185,E,93.9,7716,0.89
185,F,95.32,9818,0.84
185,C,96.43,6840,-0.01
185,F,98.08,9858,0.89
185,E,99.27,7736,0.81
185,F,100.76,9878,0.78
185,G,101.91,7496,0.72
185,F,104.07,9878,0.87
185,B,105.31,6900,-0.02
185,A,107.28,6720,0.01
185,X,110.36,6875,0.9
186,F,9.96,9778,0.81
186,D,10.83,7516,0.89
186,E,12.88,7696,0.84
186,F,14.29,10018,0.76
186,G,15.44,7476,0.73
186,D,17.39,7756,0.6
186,B,19.57,6780,0.0
186,C,21.38,6840,0.0
186,B,23.24,6820,-0.01
186,E,25.28,7716,0.81
186,C,26.58,6800,0.0
186,D,27.98,7556,0.78
186,F,30.01,10018,0.77
186,A,31.09,6740,0.01
186,X,34.16,6875,0.93
187,G,9.93,7496,0.76
187,A,12.22,6900,-0.04
187,E,15.4,7756,0.86
187,C,16.96,6900,-0.02
187,A,18.78,6780,0.01
187,D,21.65,7596,0.8
187,C,23.75,6860,-0.01
187,F,25.64,9818,0.85
187,D,26.49,7736,0.59
187,C,28.62,6800,0.0
187,D,29.93,7636,0.7
187,A,32.13,6860,-0.04
187,B,35.35,6720,0.01
187,X,37.17,6875,0.89
188,G,9.92,7596,0.54
188,D,11.84,7516,0.79
188,E,14.07,7776,0.86
188,B,15.39,6840,-0.01
188,E,17.26,7556,0.61
188,A,18.68,6760,0.0
188,B,21.87,6720,0.01
188,C,23.95,6780,0.0
188,A,25.87,6840,-0.03
188,G,29.13,7376,0.8
188,A,31.45,6880,-0.04
188,F,34.5,9938,0.89
188,D,35.17,7736,0.58
188,A,37.18,6720,0.01
188,D,40.07,7616,0.68
188,F,42.29,9858,0.91
188,B,43.54,6780,0.0
188,C,45.48,6780,0.01
188,E,47.33,7596,0.64
188,B,48.7,6840,-0.01
188,A,50.78,6720,0.01
188,D,53.6,7576,0.76
188,G,55.69,7456,0.85
188,X,57.8,6875,0.93
189,D,9.58,7676,0.64
189,G,11.72,7576,0.61
189,B,14.05,6720,0.01
189,A,15.97,6860,-0.04
189,F,19.15,9918,0.9
189,E,20.27,7636,0.75
189,D,21.25,7636,0.71
189,E,23.43,7516,0.55
189,F,24.92,9838,0.82
189,G,26.08,7456,0.83
189,E,28.48,7536,0.59
189,C,29.91,6800,0.01
189,G,31.82,7396,0.78
189,D,33.81,7636,0.72
189,G,35.94,7396,0.77
189,A,38.14,6760,0.01
189,E,41.2,7716,0.9
189,F,42.49,9898,0.85
189,D,43.12,7516,0.84
189,F,45.34,10058,0.71
189,D,46.11,7656,0.71
189,F,48.16,9958,0.86
189,C,49.24,6760,0.01
189,G,50.99,7356,0.79
189,C,53.18,6780,0.01
189,D,54.52,7616,0.77
189,F,56.54,9858,0.89
189,E,57.72,7556,0.6
189,B,59.1,6760,0.0
189,X,60.91,6875,0.94
190,A,9.98,6880,-0.04
190,G,13.12,7336,0.76
190,E,15.46,7716,0.8
190,C,16.82,6760,0.0
190,D,18.31,7516,0.87
190,G,20.57,7436,0.87
190,C,22.77,6840,0.0
190,G,24.45,7516,0.69
190,A,26.83,6800,0.0
190,E,30.02,7636,0.73
190,D,31.0,7656,0.71
190,B,33.09,6780,0.0
190,D,34.64,7596,0.77
190,C,36.71,6840,-0.01
190,E,38.55,7536,0.58
190,F,39.84,10038,0.73
190,X,40.81,6875,0.93
191,G,9.97,7496,0.75
191,D,11.7,7736,0.61
191,G,13.89,7536,0.63
191,D,15.64,7576,0.77
191,B,17.82,6760,0.0
191,A,19.93,6880,-0.04
191,C,23.07,6800,0.0
191,A,24.75,6860,-0.03
191,D,27.49,7476,0.8
191,E,29.7,7596,0.68
191,B,31.08,6780,0.0
191,F,33.05,9778,0.87
191,X,34.03,6875,0.88
192,B,9.97,6820,-0.01
192,E,11.87,7816,0.77
192,C,13.34,6800,0.0
192,G,15.16,7336,0.79
192,E,17.31,7736,0.9
192,C,18.69,6880,-0.01
192,D,20.04,7596,0.81
192,A,22.08,6860,-0.04
192,F,25.33,10018,0.75
192,X,26.3,6875,0.88
193,D,9.58,7556,0.88
193,A,11.65,6760,0.01
193,C,14.9,6780,0.01
193,F,16.81,9998,0.8
193,E,17.97,7736,0.86
193,G,19.28,7436,0.88
193,E,21.48,7696,0.8
193,C,22.96,6820,-0.01
193,G,24.67,7416,0.8
193,B,26.87,6800,-0.01
193,X,28.68,6875,0.92
194,B,10.0,6860,-0.02
194,A,11.97,6860,-0.04
194,E,15.08,7516,0.57
194,C,16.55,6880,-0.01
194,E,18.28,7576,0.62
194,F,19.59,10078,0.62
194,C,20.75,6800,0.01
194,G,22.51,7436,0.73
194,F,24.63,9958,0.81
194,C,25.66,6740,0.01
194,E,27.61,7536,0.57
194,G,29.15,7556,0.63
194,F,31.29,9818,0.91
194,B,32.29,6780,0.0
194,F,34.22,10038,0.69
194,E,35.28,7716,0.86
194,F,36.72,9978,0.79
194,D,37.4,7756,0.56
194,X,39.39,6875,0.92
195,A,9.98,6740,0.01
195,E,13.1,7596,0.69
195,F,14.5,9818,0.81
195,C,15.49,6860,-0.01
195,G,17.16,7596,0.56
195,B,19.5,6840,-0.01
195,A,21.38,6720,0.01
195,G,24.71,7536,0.69
195,F,26.95,9918,0.8
195,D,27.68,7536,0.82
195,F,29.72,9858,0.89
195,G,30.86,7356,0.81
195,B,33.26,6840,-0.01
195,A,35.11,6820,-0.0
195,F,38.19,9778,0.84
195,B,39.21,6880,-0.02
195,D,40.75,7596,0.77
195,G,42.81,7336,0.79
195,C,45.12,6760,0.01
195,E,46.9,7656,0.8
195,X,48.2,6875,0.94
196,B,9.97,6740,0.01
196,C,12.04,6900,-0.01
196,D,13.46,7496,0.78
196,F,15.6,9858,0.89
196,A,16.67,6880,-0.04
196,C,19.74,6720,0.01
196,A,21.63,6760,0.01
196,G,24.93,7496,0.74
196,A,27.24,6880,-0.04
196,G,30.29,7476,0.82
196,F,32.43,9898,0.86
196,A,33.5,6880,-0.04
196,G,36.51,7576,0.54
196,F,38.65,9858,0.89
196,B,39.85,6740,0.01
196,C,41.8,6720,0.01
196,B,43.64,6820,-0.01
196,D,45.17,7616,0.79
196,C,47.21,6900,-0.01
196,A,48.93,6900,-0.04
196,B,51.96,6900,-0.02
196,A,53.83,6780,0.01
196,E,57.1,7676,0.83
196,A,58.42,6800,0.0
196,C,61.66,6700,0.01
196,B,63.56,6720,0.01
196,C,65.6,6740,0.01
196,E,67.34,7636,0.72
196,C,68.85,6740,0.01
196,E,70.56,7556,0.63
196,B,72.02,6740,0.01
196,E,73.84,7836,0.75
196,F,75.33,10018,0.76
196,D,76.1,7636,0.73
196,A,78.28,6720,0.01
196,D,81.03,7496,0.84
196,B,83.11,6740,0.01
196,G,84.96,7396,0.85
196,X,87.09,6875,0.94
197,B,9.99,6780,0.0
197,D,11.66,7496,0.73
197,A,13.72,6860,-0.04
197,G,16.9,7436,0.86
197,A,19.22,6800,0.0
197,E,22.43,7776,0.86
197,D,23.36,7596,0.77
197,F,25.44,9818,0.88
197,D,26.29,7556,0.83
197,A,28.57,6740,0.01
197,E,31.7,7556,0.61
197,G,33.0,7516,0.7
197,C,35.37,6720,0.01
197,G,37.15,7516,0.7
197,E,39.53,7536,0.56
197,C,40.95,6800,0.0
197,F,42.76,9818,0.81
197,B,43.85,6740,0.01
197,G,45.91,7456,0.78
197,D,47.77,7536,0.76
197,F,49.88,9858,0.9
197,G,50.92,7496,0.79
197,F,53.17,9918,0.79
197,A,54.18,6840,-0.04
197,X,57.2,6875,0.92
198,A,9.96,6900,-0.04
198,D,12.61,7536,0.79
198,G,14.81,7416,0.89
198,C,17.07,6800,0.0
198,G,18.98,7416,0.75
198,F,21.33,9938,0.8
198,D,21.94,7556,0.87
198,B,24.03,6860,-0.01
198,F,25.85,9998,0.79
198,E,26.85,7596,0.68
198,X,28.14,6875,0.92
199,B,9.98,6700,0.01
199,D,11.6,7696,0.65
199,F,13.6,10018,0.75
199,E,14.61,7816,0.79
199,F,16.14,9798,0.88
199,D,16.81,7556,0.85
199,G,18.85,7376,0.74
199,F,21.11,10038,0.74
199,D,21.98,7596,0.81
199,F,24.14,9938,0.88
199,A,25.15,6840,-0.03
199,C,28.23,6880,-0.01
199,X,29.86,6875,0.89
200,B,10.0,6760,0.0
200,F,11.82,9858,0.86
200,B,12.94,6760,0.01
200,F,14.87,9818,0.8
200,B,16.13,6740,0.01
200,D,17.58,7616,0.68
200,C,19.71,6700,0.02
200,D,21.25,7496,0.85
200,B,23.43,6840,-0.01
200,E,25.39,7796,0.84
200,D,26.34,7496,0.84
200,A,28.5,6760,0.01
200,B,31.66,6800,0.0
200,G,33.52,7556,0.61
200,A,35.89,6740,0.01
200,B,39.09,6760,0.0
200,E,40.93,7756,0.88
200,F,42.39,9858,0.92
200,G,43.39,7376,0.73
200,F,45.65,9898,0.89
200,A,46.74,6840,-0.03
200,G,49.9,7356,0.81
200,F,52.24,10058,0.68
200,E,53.25,7756,0.88
200,D,54.32,7556,0.86
200,F,56.37,10038,0.71
200,A,57.43,6800,0.0
200,B,60.5,6780,0.0
200,G,62.35,7356,0.8
200,E,64.71,7716,0.8
200,B,66.17,6780,0.0
200,G,68.2,7336,0.71
200,A,70.58,6740,0.01
200,D,73.37,7496,0.8
200,C,75.49,6740,0.01
200,X,77.17,6875,0.94
201,C,9.99,6760,0.01
201,G,11.86,7536,0.66
201,E,14.07,7636,0.74
201,D,15.1,7676,0.67
201,E,17.11,7816,0.76
201,A,18.45,6820,0.0
201,B,21.7,6720,0.01
201,E,23.75,7656,0.74
201,G,25.17,7456,0.75
201,A,27.55,6780,0.01
201,B,30.78,6860,-0.01
201,G,32.73,7416,0.84
201,C,34.87,6840,0.0
201,F,36.66,9978,0.8
201,B,37.8,6880,-0.01
201,D,39.32,7496,0.88
201,G,41.56,7396,0.86
201,D,43.47,7736,0.62
201,B,45.52,6780,0.01
201,G,47.49,7436,0.89
201,C,49.63,6800,0.0
201,A,51.39,6880,-0.04
201,D,54.16,7576,0.84
201,F,56.16,10038,0.72
201,G,57.18,7336,0.8
201,A,59.56,6840,-0.03
201,E,62.6,7796,0.74
201,X,63.87,6875,0.94
202,G,9.97,7516,0.66
202,F,12.09,10078,0.67
202,D,12.78,7756,0.59
202,E,14.9,7656,0.7
202,B,16.2,6860,-0.01
202,E,18.16,7776,0.84
202,B,19.57,6900,-0.02
202,G,21.32,7576,0.59
202,E,23.7,7536,0.58
202,C,25.14,6720,0.02
202,E,27.02,7796,0.8
202,A,28.37,6760,0.01
202,G,31.57,7576,0.57
202,F,33.72,9878,0.85
202,A,34.91,6840,-0.03
202,E,38.06,7516,0.56
202,A,39.42,6900,-0.04
202,G,42.47,7596,0.56
202,E,44.76,7556,0.59
202,D,45.78,7476,0.76
202,C,48.05,6840,-0.01
202,D,49.48,7556,0.77
202,G,51.49,7376,0.69
202,D,53.29,7736,0.61
202,E,55.41,7616,0.68
202,G,56.71,7496,0.75
202,A,59.09,6780,0.0
202,D,61.84,7716,0.57
202,F,63.91,9878,0.9
202,D,64.51,7496,0.71
202,A,66.75,6780,0.0
202,F,69.91,9958,0.76
202,E,70.9,7676,0.78
202,B,72.42,6760,0.0
202,X,74.24,6875,0.92
203,E,9.56,7776,0.9
203,D,10.66,7656,0.7
203,A,12.7,6840,-0.04
203,C,15.73,6800,0.0
203,B,17.55,6780,0.0
203,G,19.59,7576,0.54
203,B,21.74,6720,0.01
203,A,23.6,6900,-0.04
203,E,26.71,7676,0.75
203,B,28.23,6720,0.01
203,D,29.93,7696,0.67
203,A,31.99,6880,-0.04
203,C,35.17,6740,0.01
203,B,37.12,6800,0.0
203,F,38.95,9898,0.87
203,D,39.77,7756,0.59
203,G,42.02,7476,0.7
203,C,44.23,6840,-0.01
203,G,45.89,7496,0.71
203,B,48.11,6740,0.0
203,G,49.97,7476,0.79
203,A,52.23,6860,-0.04
203,D,54.87,7616,0.71
203,G,57.09,7456,0.85
203,D,59.07,7776,0.59
203,A,61.09,6780,0.0
203,E,64.39,7756,0.85
203,G,65.65,7556,0.64
203,F,68.03,9878,0.87
203,X,69.01,6875,0.89
204,D,9.58,7776,0.58
204,B,11.71,6780,-0.01
204,A,13.57,6720,0.01
204,G,16.72,7416,0.88
204,C,18.95,6760,0.01
204,A,20.69,6840,-0.04
204,F,23.9,9798,0.79
204,C,25.09,6860,-0.01
204,E,26.77,7556,0.6
204,X,28.06,6875,0.89
205,C,10.0,6760,0.01
205,B,11.71,6700,0.01
205,D,13.41,7456,0.74
205,G,15.48,7496,0.73
205,C,17.64,6880,-0.01
205,D,19.09,7516,0.83
205,B,21.2,6860,-0.01
205,C,23.15,6900,-0.01
205,F,25.05,9798,0.88
205,C,26.17,6800,0.01
205,B,27.93,6800,-0.01
205,C,29.97,6780,0.01
205,B,31.88,6740,0.01
205,E,33.86,7836,0.76
205,D,34.78,7676,0.65
205,E,36.83,7616,0.7
205,D,37.81,7576,0.83
205,C,39.99,6820,0.0
205,D,41.29,7496,0.75
205,E,43.48,7736,0.88
205,A,44.9,6880,-0.04
205,X,47.9,6875,0.94
206,F,9.96,9938,0.84
206,C,11.0,6760,0.01
206,F,12.67,9858,0.92
206,E,13.78,7616,0.73
206,A,15.36,6880,-0.04
206,D,18.18,7496,0.74
206,B,20.44,6860,-0.01
206,E,22.36,7536,0.57
206,G,23.88,7436,0.78
206,D,25.68,7716,0.59
206,A,27.71,6840,-0.03
206,D,30.56,7516,0.87
206,G,32.72,7356,0.76
206,B,34.94,6720,0.01
206,A,36.98,6800,0.0
206,E,40.15,7796,0.84
206,F,41.54,9858,0.84
206,G,42.54,7456,0.8
206,C,44.93,6880,-0.01
206,X,46.57,6875,0.89
207,B,10.0,6760,0.0
207,G,11.89,7496,0.71
207,E,14.17,7656,0.75
207,B,15.69,6860,-0.02
207,E,17.68,7616,0.71
207,F,19.19,10078,0.67
207,D,19.96,7756,0.59
207,A,22.04,6820,0.0
207,D,24.83,7616,0.75
207,B,26.91,6740,0.01
207,A,28.83,6880,-0.04
207,D,31.71,7576,0.86
207,E,33.85,7816,0.8
207,F,35.2,9878,0.91
207,E,36.31,7736,0.89
207,A,37.77,6860,-0.04
207,F,41.01,9958,0.84
207,E,42.27,7636,0.74
207,A,43.76,6900,-0.04
207,G,46.86,7376,0.85
207,B,49.16,6800,-0.01
207,C,51.17,6880,-0.01
207,G,52.89,7496,0.77
207,B,55.03,6720,0.01
207,F,56.85,10038,0.72
207,A,57.98,6760,0.01
207,D,60.88,7756,0.59
207,G,63.06,7376,0.84
207,D,64.8,7656,0.71
207,G,66.84,7376,0.75
207,E,69.16,7796,0.78
207,A,70.71,6840,-0.03
207,D,73.53,7556,0.87
207,E,75.66,7796,0.86
207,B,77.18,6800,0.0
207,F,79.26,9978,0.78
207,D,80.05,7536,0.87
207,C,82.26,6740,0.01
207,X,83.93,6875,0.9
208,B,9.98,6900,-0.02
208,A,11.8,6720,0.01
208,E,14.91,7676,0.78
208,D,15.87,7696,0.63
208,F,18.08,9998,0.76
208,A,19.18,6780,0.01
208,E,22.27,7596,0.64
208,B,23.63,6880,-0.02
208,G,25.42,7516,0.67
208,A,27.59,6780,0.0
208,B,30.73,6840,-0.01
208,C,32.72,6780,0.01
208,G,34.47,7416,0.84
208,F,36.7,9958,0.84
208,C,37.73,6780,0.0
208,F,39.39,9898,0.88
208,G,40.51,7536,0.62
208,F,42.68,9778,0.83
208,G,43.88,7496,0.64
208,E,46.04,7596,0.65
208,C,47.59,6760,0.01
208,E,49.3,7516,0.57
208,D,50.35,7476,0.78
208,A,52.52,6840,-0.04
208,G,55.53,7456,0.75
208,D,57.31,7656,0.7
208,G,59.33,7576,0.58
208,C,61.52,6740,0.01
208,A,63.28,6900,-0.04
208,B,66.42,6740,0.01
208,X,68.25,6875,0.89
209,G,9.96,7396,0.79
209,D,11.89,7756,0.58
209,B,13.99,6800,-0.01
209,E,15.97,7676,0.79
209,C,17.42,6900,0.0
209,D,18.83,7556,0.83
209,A,21.0,6820,-0.03
209,C,24.07,6800,0.01
209,F,25.8,9938,0.85
209,G,26.78,7376,0.81
209,C,29.19,6840,-0.01
209,A,30.97,6840,-0.03
209,C,34.25,6760,0.01
209,G,35.92,7536,0.6
209,E,38.16,7676,0.79
209,F,39.57,9998,0.8
209,G,40.73,7576,0.56
209,C,43.0,6720,0.01
209,A,44.9,6740,0.01
209,E,48.06,7816,0.78
209,D,49.0,7496,0.81
209,B,51.22,6740,0.01
209,X,53.06,6875,0.89
210,G,9.95,7436,0.76
210,D,11.81,7696,0.65
210,G,13.9,7356,0.79
210,E,16.06,7616,0.69
210,G,17.47,7396,0.86
210,D,19.36,7696,0.63
210,B,21.4,6800,-0.01
210,E,23.29,7716,0.85
210,G,24.63,7576,0.6
210,D,26.56,7496,0.87
210,C,28.77,6700,0.02
210,D,30.11,7496,0.86
210,B,32.36,6860,-0.01
210,G,34.26,7376,0.87
210,D,36.24,7476,0.78
210,A,38.5,6720,0.01
210,G,41.75,7376,0.8
210,D,43.68,7656,0.68
210,E,45.93,7636,0.75
210,D,46.98,7596,0.79
210,B,48.99,6840,-0.01
210,E,50.85,7816,0.82
210,B,52.23,6720,0.01
210,G,54.19,7336,0.79
210,E,56.59,7776,0.89
210,G,57.92,7536,0.68
210,C,60.29,6860,-0.01
210,A,62.22,6740,0.01
210,E,65.39,7796,0.82
210,C,66.91,6840,0.0
210,G,68.66,7496,0.75
210,A,70.82,6860,-0.04
210,F,74.03,10018,0.77
210,D,74.7,7736,0.6
210,A,76.93,6720,0.01
210,C,80.23,6900,-0.01
210,D,81.63,7556,0.79
210,E,83.76,7636,0.75
210,A,85.22,6720,0.02
210,D,88.13,7656,0.69
210,E,90.15,7776,0.82
210,F,91.69,9978,0.82
210,E,92.83,7636,0.74
210,B,94.37,6720,0.01
210,D,95.96,7516,0.82
210,A,98.2,6840,-0.03
210,D,101.07,7716,0.62
210,F,103.18,10018,0.75
210,B,104.2,6780,-0.01
210,E,106.12,7776,0.9
210,B,107.58,6740,0.01
210,C,109.62,6880,-0.01
210,E,111.43,7636,0.71
210,A,112.75,6800,0.0
210,F,115.96,9838,0.91
210,G,117.17,7536,0.66
210,X,119.28,6875,0.95
211,B,9.99,6720,0.01
211,D,11.53,7476,0.77
211,A,13.83,6780,0.01
211,B,17.14,6860,-0.01
211,E,19.23,7536,0.57
211,D,20.37,7556,0.82
211,E,22.51,7796,0.83
211,F,23.82,10038,0.76
211,D,24.59,7756,0.59
211,A,26.63,6820,-0.01
211,F,29.83,10058,0.71
211,G,31.04,7436,0.76
211,A,33.24,6760,0.0
211,C,36.49,6780,0.01
211,F,38.36,9838,0.82
211,C,39.46,6880,-0.02
211,D,40.91,7456,0.77
211,B,43.09,6840,-0.01
211,E,44.99,7776,0.9
211,G,46.53,7476,0.84
211,D,48.48,7736,0.61
211,F,50.5,9818,0.89
211,A,51.62,6740,0.01
211,X,54.68,6875,0.89
212,F,9.98,9838,0.86
212,G,11.23,7336,0.71
212,F,13.49,9858,0.8
212,B,14.63,6760,0.01
212,C,16.64,6880,-0.01
212,F,18.31,10078,0.7
212,E,19.43,7676,0.81
212,C,20.99,6860,-0.01
212,B,22.7,6820,-0.01
212,C,24.53,6840,-0.01
212,E,26.3,7536,0.59
212,D,27.43,7736,0.58
212,A,29.5,6780,0.01
212,X,32.54,6875,0.91
213,D,9.59,7776,0.56
213,G,11.64,7356,0.74
213,F,14.01,10078,0.65
213,E,15.09,7556,0.61
213,D,15.99,7576,0.82
213,E,18.23,7816,0.82
213,D,19.27,7576,0.84
213,F,21.39,9798,0.8
213,D,22.08,7556,0.86
213,E,24.35,7716,0.89
213,G,25.66,7336,0.78
213,B,28.05,6880,-0.02
213,E,29.93,7776,0.88
213,F,31.3,9818,0.87
213,A,32.44,6860,-0.04
213,B,35.62,6780,0.01
213,E,37.45,7796,0.84
213,F,38.81,9878,0.85
213,G,39.96,7436,0.83
213,B,42.25,6880,-0.02
213,E,44.29,7596,0.65
213,B,45.7,6880,-0.02
213,E,47.61,7596,0.63
213,A,49.03,6880,-0.04
213,G,52.04,7516,0.66
213,E,54.44,7576,0.63
213,B,55.85,6720,0.01
213,C,57.76,6720,0.01
213,X,59.42,6875,0.86
214,C,9.99,6860,-0.01
214,D,11.45,7756,0.57
214,G,13.45,7476,0.79
214,C,15.58,6840,-0.01
214,A,17.29,6840,-0.04
214,F,20.41,9898,0.82
214,C,21.47,6860,-0.01
214,F,23.11,10018,0.78
214,B,24.26,6780,0.0
214,E,26.09,7776,0.89
214,A,27.64,6820,-0.01
214,E,30.88,7596,0.69
214,F,32.33,9998,0.79
214,D,33.19,7616,0.77
214,C,35.22,6700,0.02
214,F,37.0,10018,0.77
214,C,38.04,6860,-0.01
214,G,39.9,7496,0.64
214,A,42.28,6860,-0.04
214,C,45.32,6760,0.01
214,A,47.18,6860,-0.04
214,F,50.42,9918,0.79
214,E,51.52,7736,0.87
214,F,53.04,9918,0.83
214,B,54.22,6860,-0.02
214,X,56.01,6875,0.86
215,A,9.99,6780,0.01
215,C,13.29,6760,0.01
215,F,15.0,9938,0.87
215,A,16.01,6780,0.0
215,E,19.31,7756,0.9
215,D,20.32,7536,0.87
215,A,22.35,6860,-0.03
215,C,25.38,6860,-0.01
215,B,27.07,6900,-0.01
215,A,29.04,6800,0.0
215,G,32.33,7356,0.75
215,A,34.58,6720,0.02
215,B,37.67,6740,0.01
215,D,39.17,7536,0.74
215,G,41.38,7396,0.81
215,D,43.39,7716,0.61
215,C,45.6,6700,0.02
215,B,47.52,6780,0.0
215,C,49.43,6880,-0.01
215,B,51.21,6780,0.0
215,F,53.09,9878,0.92
215,G,54.3,7436,0.79
215,B,56.45,6760,0.01
215,F,58.5,10038,0.72
215,E,59.66,7556,0.61
215,X,60.94,6875,0.87
216,D,9.57,7776,0.58
216,B,11.67,6820,0.0
216,E,13.65,7656,0.75
216,A,14.96,6840,-0.03
216,C,18.06,6760,0.0
216,D,19.46,7496,0.81
216,E,21.76,7576,0.65
216,G,23.19,7476,0.8
216,D,25.1,7576,0.77
216,E,27.38,7736,0.89
216,B,28.68,6820,-0.01
216,F,30.71,10018,0.79
216,E,31.74,7656,0.75
216,A,33.08,6760,0.01
216,G,36.12,7576,0.56
216,F,38.28,9778,0.86
216,E,39.3,7556,0.6
216,C,40.65,6700,0.01
216,G,42.48,7476,0.75
216,C,44.72,6800,0.0
216,B,46.4,6860,-0.01
216,E,48.43,7756,0.82
216,A,49.9,6880,-0.04
216,E,52.97,7716,0.89
216,B,54.52,6720,0.01
216,F,56.53,9898,0.88
216,A,57.62,6780,0.0
216,D,60.54,7696,0.63
216,X,62.52,6875,0.85
217,D,9.59,7656,0.7
217,C,11.68,6900,-0.02
217,E,13.5,7776,0.88
217,G,14.85,7336,0.71
217,F,17.02,9978,0.8
217,C,18.11,6740,0.01
217,F,19.85,9758,0.85
217,E,20.98,7716,0.9
217,F,22.49,9818,0.81
217,G,23.53,7576,0.59
217,D,25.39,7696,0.61
217,F,27.49,10078,0.68
217,C,28.75,6720,0.01
217,E,30.61,7656,0.81
217,B,32.06,6760,0.01
217,G,34.12,7496,0.79
217,A,36.28,6800,0.0
217,X,39.32,6875,0.86
218,B,9.98,6760,0.01
218,G,11.81,7556,0.63
218,E,14.03,7576,0.64
218,D,15.0,7476,0.81
218,F,17.24,10078,0.69
218,D,17.88,7736,0.61
218,A,20.1,6740,0.01
218,D,22.9,7616,0.78
218,G,24.99,7436,0.84
218,D,26.86,7716,0.61
218,A,29.04,6840,-0.03
218,D,31.87,7656,0.7
218,G,34.01,7536,0.61
218,B,36.16,6880,-0.02
218,A,38.09,6780,0.01
218,D,40.86,7456,0.73
218,A,43.09,6860,-0.04
218,F,46.32,9838,0.88
218,D,47.17,7536,0.83
218,C,49.33,6800,0.0
218,X,50.98,6875,0.92
219,G,9.96,7496,0.76
219,F,12.17,10058,0.7
219,B,13.44,6760,0.01
219,E,15.43,7556,0.6
219,D,16.5,7536,0.85
219,G,18.56,7376,0.8
219,C,20.85,6720,0.01
219,A,22.73,6860,-0.04
219,X,25.74,6875,0.95
220,A,9.98,6880,-0.04
220,E,13.0,7696,0.84
220,C,14.3,6900,-0.01
220,G,15.93,7516,0.68
220,C,18.31,6900,-0.01
220,B,20.14,6720,0.01
220,F,22.11,10058,0.68
220,A,23.12,6780,0.01
220,C,26.26,6840,-0.01
220,A,27.99,6820,-0.0
220,G,31.02,7596,0.57
220,A,33.25,6880,-0.04
220,C,36.5,6720,0.01
220,D,38.03,7536,0.81
220,X,40.03,6875,0.89
221,D,9.57,7516,0.76
221,B,11.65,6720,0.01
221,A,13.64,6740,0.01
221,E,16.74,7516,0.55
221,C,18.09,6740,0.01
221,A,19.79,6780,0.01
221,C,23.01,6740,0.01
221,E,24.91,7776,0.85
221,F,26.19,9938,0.77
221,A,27.3,6740,0.01
221,F,30.6,10018,0.77
221,D,31.35,7596,0.83
221,G,33.59,7416,0.77
221,D,35.44,7476,0.83
221,B,37.72,6800,0.0
221,C,39.81,6820,-0.01
221,F,41.69,9878,0.87
221,E,42.97,7576,0.61
221,A,44.36,6840,-0.03
221,D,47.18,7556,0.81
221,F,49.26,9938,0.85
221,B,50.43,6860,-0.02
221,G,52.28,7356,0.81
221,X,54.41,6875,0.93
222,C,9.97,6760,0.01
222,D,11.32,7556,0.87
222,B,13.39,6800,-0.01
222,A,15.48,6780,0.0
222,F,18.58,10078,0.68
222,B,19.76,6800,-0.01
222,E,21.57,7596,0.68
222,A,22.98,6780,0.0
222,D,25.71,7456,0.72
222,C,27.84,6720,0.01
222,F,29.74,10058,0.72
222,G,30.92,7456,0.83
222,X,33.04,6875,0.95
223,B,9.99,6840,-0.01
223,E,11.93,7516,0.56
223,A,13.3,6880,-0.04
223,C,16.47,6880,-0.02
223,B,18.25,6740,0.01
223,F,20.06,10078,0.69
223,A,21.11,6800,0.0
223,G,24.17,7556,0.62
223,C,26.34,6900,-0.02
223,G,28.0,7576,0.57
223,A,30.19,6880,-0.04
223,C,33.47,6720,0.01
223,F,35.21,9918,0.86
223,B,36.45,6860,-0.01
223,A,38.39,6820,-0.0
223,B,41.46,6800,-0.01
223,F,43.3,9978,0.79
223,B,44.56,6760,-0.01
223,G,46.42,7496,0.75
223,C,48.58,6760,0.01
223,B,50.32,6860,-0.01
223,A,52.13,6880,-0.04
223,F,55.27,9918,0.81
223,G,56.51,7416,0.85
223,D,58.43,7656,0.72
223,X,60.41,6875,0.93
224,B,9.96,6780,0.01
224,G,11.85,7576,0.58
224,D,13.78,7616,0.69
224,B,15.93,6900,-0.01
224,F,17.95,9898,0.8
224,E,18.96,7796,0.82
224,F,20.29,9898,0.89
224,B,21.43,6720,0.01
224,E,23.49,7656,0.79
224,B,25.04,6800,0.0
224,F,26.92,9938,0.84
224,G,27.92,7576,0.58
224,F,30.12,9978,0.79
224,G,31.15,7356,0.78
224,F,33.28,9838,0.82
224,D,34.13,7516,0.81
224,E,36.34,7676,0.83
224,C,37.8,6840,-0.01
224,E,39.46,7556,0.61
224,G,40.8,7556,0.63
224,D,42.58,7596,0.7
224,B,44.73,6880,-0.01
224,C,46.75,6740,0.01
224,G,48.41,7536,0.63
224,F,50.75,9938,0.8
224,B,51.89,6900,-0.01
224,F,53.82,10038,0.69
224,C,54.84,6720,0.02
224,A,56.77,6780,0.0
224,X,59.81,6875,0.93
225,C,9.97,6780,-0.01
225,D,11.41,7616,0.75
225,C,13.7,6820,-0.01
225,D,15.16,7556,0.86
225,A,17.43,6820,0.0
225,B,20.68,6840,-0.01
225,G,22.67,7556,0.6
225,B,24.99,6760,0.01
225,D,26.62,7616,0.77
225,A,28.91,6700,0.02
225,E,32.26,7636,0.75
225,B,33.79,6800,0.0
225,E,35.65,7696,0.87
225,A,37.1,6820,0.0
225,B,40.3,6740,0.01
225,E,42.26,7576,0.61
225,C,43.57,6760,0.01
225,E,45.31,7756,0.89
225,A,46.82,6800,0.0
225,F,50.1,9818,0.85
225,X,51.07,6875,0.88
226,C,9.99,6860,-0.01
226,D,11.41,7736,0.61
226,A,13.63,6900,-0.04
226,D,16.38,7476,0.82
226,C,18.61,6760,0.01
226,A,20.44,6840,-0.03
226,E,23.63,7796,0.83
226,D,24.59,7476,0.77
226,G,26.71,7596,0.55
226,F,28.88,9958,0.82
226,A,29.95,6740,0.01
226,B,33.11,6740,0.01
226,G,34.96,7576,0.57
226,A,37.33,6860,-0.04
226,G,40.43,7376,0.87
226,A,42.77,6840,-0.04
226,B,46.0,6800,0.0
226,G,47.88,7436,0.77
226,A,50.3,6800,-0.0
226,F,53.33,9838,0.9
226,G,54.43,7536,0.68
226,D,56.4,7596,0.8
226,C,58.47,6760,0.0
226,A,60.27,6700,0.01
226,E,63.57,7556,0.6
226,X,64.85,6875,0.87
227,E,9.56,7596,0.61
227,B,10.93,6880,-0.01
227,E,12.94,7776,0.85
227,F,14.4,10058,0.69
227,G,15.41,7396,0.8
227,C,17.68,6740,0.01
227,E,19.39,7576,0.66
227,C,20.8,6780,0.0
227,F,22.47,9758,0.79
227,B,23.72,6820,-0.01
227,A,25.65,6880,-0.04
227,D,28.42,7476,0.8
227,X,30.43,6875,0.88
228,A,9.98,6720,0.01
228,C,13.2,6800,-0.01
228,F,14.87,9818,0.84
228,B,16.07,6740,0.01
228,F,18.07,10018,0.75
228,E,19.29,7576,0.63
228,A,20.68,6860,-0.03
228,G,23.82,7496,0.75
228,A,26.08,6740,0.01
228,D,28.81,7636,0.71
228,X,30.8,6875,0.88
229,E,9.55,7836,0.76
229,F,10.91,9978,0.82
229,B,12.16,6840,-0.01
229,E,14.07,7756,0.89
229,A,15.63,6860,-0.04
229,B,18.78,6840,-0.01
229,D,20.35,7596,0.81
229,G,22.38,7596,0.53
229,D,24.18,7576,0.84
229,F,26.21,9958,0.85
229,E,27.35,7696,0.87
229,G,28.68,7416,0.88
229,D,30.55,7516,0.89
229,G,32.56,7556,0.62
229,A,34.71,6840,-0.03
229,D,37.51,7756,0.55
229,B,39.6,6800,0.0
229,G,41.57,7536,0.66
229,C,43.78,6720,0.02
229,X,45.45,6875,0.9
230,D,9.59,7636,0.74
230,B,11.68,6800,-0.01
230,C,13.56,6880,-0.01
230,A,15.41,6800,0.0
230,C,18.46,6780,0.01
230,F,20.4,9838,0.85
230,G,21.41,7456,0.71
230,E,23.8,7696,0.83
230,C,25.17,6880,-0.01
230,D,26.44,7736,0.59
230,C,28.53,6700,0.02
230,F,30.39,10058,0.7
230,G,31.56,7436,0.8
230,E,33.87,7796,0.78
230,G,35.24,7476,0.74
230,B,37.42,6880,-0.02
230,D,38.85,7616,0.77
230,F,41.06,9918,0.85
230,B,42.11,6860,-0.01
230,E,44.02,7816,0.82
230,B,45.54,6740,0.01
230,C,47.6,6700,0.01
230,G,49.48,7596,0.55
230,F,51.64,9998,0.77
230,G,52.83,7416,0.86
230,A,55.06,6800,-0.0
230,X,58.09,6875,0.91
231,C,9.97,6800,0.0
231,D,11.5,7576,0.8
231,G,13.58,7576,0.59
231,A,15.89,6820,0.0
231,G,19.03,7536,0.66
231,F,21.38,9798,0.86
231,E,22.38,7796,0.85
231,C,23.84,6860,-0.01
231,B,25.55,6860,-0.01
231,D,27.24,7476,0.79
231,F,29.45,10038,0.69
231,D,30.08,7616,0.77
231,G,32.35,7436,0.75
231,A,34.52,6800,0.0
231,F,37.58,9938,0.86
231,E,38.76,7776,0.87
231,F,40.24,10038,0.75
231,G,41.34,7476,0.78
231,F,43.68,9838,0.82
231,E,44.79,7776,0.85
231,A,46.36,6760,0.01
231,B,49.63,6740,0.01
231,C,51.68,6700,0.01
231,X,53.37,6875,0.89
232,C,9.99,6840,-0.01
232,E,11.67,7696,0.87
232,G,13.05,7436,0.77
232,A,15.41,6780,0.01
232,F,18.57,9858,0.9
232,E,19.64,7556,0.58
232,B,21.2,6880,-0.02
232,G,23.01,7496,0.7
232,A,25.17,6880,-0.04
232,B,28.33,6820,-0.01
232,F,30.18,9818,0.82
232,B,31.44,6860,-0.02
232,A,33.37,6820,-0.03
232,B,36.47,6720,0.01
232,F,38.37,10078,0.65
232,E,39.51,7756,0.84
232,F,40.79,10038,0.73
232,G,41.93,7576,0.56
232,B,44.05,6880,-0.02
232,F,45.81,10038,0.71
232,A,47.06,6740,0.01
232,C,50.27,6840,-0.01
232,B,52.04,6780,0.0
232,D,53.5,7556,0.78
232,X,55.5,6875,0.94
233,G,9.96,7556,0.62
233,F,12.28,10038,0.69
233,G,13.29,7496,0.78
233,C,15.44,6860,-0.01
233,D,16.88,7556,0.79
233,C,19.04,6860,-0.01
233,B,20.88,6860,-0.01
233,F,22.9,9998,0.78
233,B,24.11,6740,0.01
233,C,26.06,6840,-0.01
233,D,27.35,7596,0.74
233,A,29.38,6800,0.0
233,C,32.56,6800,0.0
233,G,34.28,7596,0.53
233,D,36.26,7476,0.81
233,B,38.43,6840,-0.01
233,A,40.39,6820,-0.0
233,F,43.69,10018,0.74
233,B,44.7,6740,0.01
233,D,46.41,7616,0.74
233,G,48.66,7376,0.75
233,F,50.82,9838,0.93
233,D,51.67,7696,0.68
233,A,53.77,6700,0.02
233,G,57.06,7536,0.67
233,D,59.01,7696,0.6
233,F,61.02,9778,0.75
233,G,62.27,7356,0.76
233,B,64.52,6860,-0.02
233,E,66.39,7796,0.78
233,C,67.91,6760,0.01
233,G,69.82,7556,0.6
233,C,72.09,6820,-0.01
233,D,73.57,7516,0.82
233,E,75.78,7776,0.8
233,D,76.69,7476,0.81
233,F,78.98,9878,0.81
233,A,80.15,6740,0.01
233,F,83.32,9998,0.76
233,G,84.57,7416,0.89
233,B,86.76,6860,-0.02
233,X,88.55,6875,0.88
234,E,9.56,7696,0.86
234,B,10.89,6720,0.01
234,F,12.73,9938,0.86
234,A,13.88,6800,0.0
234,E,16.96,7596,0.65
234,A,18.33,6860,-0.04
234,F,21.37,9958,0.82
234,G,22.53,7536,0.67
234,E,24.69,7796,0.8
234,D,25.76,7756,0.62
234,A,27.96,6800,0.0
234,G,31.0,7456,0.74
234,F,33.38,9818,0.86
234,G,34.38,7536,0.64
234,E,36.53,7556,0.6
234,B,37.97,6760,0.01
234,G,39.94,7556,0.62
234,E,42.27,7556,0.61
234,C,43.71,6800,-0.01
234,X,45.35,6875,0.89
235,B,9.96,6840,-0.01
235,E,11.84,7656,0.75
235,D,13.02,7496,0.8
235,B,15.08,6760,0.01
235,G,17.06,7496,0.7
235,F,19.21,10058,0.71
235,C,20.43,6860,-0.01
235,E,22.27,7636,0.76
235,A,23.85,6740,0.01
235,D,26.63,7716,0.62
235,E,28.64,7716,0.85
235,F,29.95,9778,0.82
235,E,30.95,7736,0.9
235,D,32.03,7756,0.57
235,A,34.29,6840,-0.04
235,F,37.42,9778,0.89
235,C,38.56,6820,-0.01
235,B,40.42,6740,0.01
235,E,42.29,7816,0.8
235,G,43.78,7436,0.82
235,X,45.9,6875,0.92
236,E,9.57,7556,0.62
236,F,11.01,10058,0.72
236,G,12.15,7596,0.55
236,B,14.3,6840,-0.01
236,F,16.25,10078,0.7
236,C,17.27,6780,0.01
236,A,19.2,6860,-0.03
236,E,22.43,7696,0.83
236,C,23.85,6740,0.01
236,A,25.63,6840,-0.03
236,C,28.7,6740,0.01
236,D,30.08,7656,0.65
236,X,32.06,6875,0.93
237,D,9.57,7696,0.65
237,E,11.59,7536,0.57
237,B,13.16,6820,-0.01
237,E,15.09,7536,0.59
237,G,16.46,7436,0.89
237,B,18.84,6760,0.01
237,G,20.85,7556,0.63
237,C,23.22,6720,0.01
237,G,25.06,7436,0.77
237,D,27.01,7596,0.82
237,F,29.25,9978,0.83
237,B,30.47,6740,0.01
237,G,32.48,7396,0.86
237,A,34.8,6840,-0.03
237,E,37.85,7736,0.82
237,B,39.34,6800,0.0
237,C,41.22,6720,0.02
237,A,43.03,6820,0.0
237,F,46.28,9858,0.9
237,D,47.02,7596,0.71
237,B,49.21,6860,-0.01
237,F,51.11,9978,0.84
237,A,52.32,6740,0.01
237,G,55.39,7556,0.62
237,X,57.49,6875,0.94
238,B,9.99,6720,0.01
238,D,11.55,7656,0.71
238,B,13.68,6760,0.0
238,D,15.33,7636,0.74
238,B,17.37,6820,0.0
238,A,19.27,6720,0.01
238,G,22.54,7416,0.9
238,F,24.77,9998,0.78
238,B,25.91,6700,0.01
238,E,28.02,7776,0.88
238,G,29.52,7356,0.75
238,A,31.87,6780,0.0
238,C,35.05,6720,0.01
238,E,36.76,7696,0.85
238,D,37.94,7716,0.64
238,F,40.03,9898,0.87
238,E,41.09,7756,0.87
238,C,42.47,6760,0.01
238,A,44.18,6880,-0.04
238,B,47.23,6900,-0.02
238,F,49.24,9958,0.82
238,E,50.36,7776,0.83
238,B,51.85,6840,-0.01
238,C,53.9,6800,0.0
238,B,55.63,6900,-0.01
238,C,57.52,6860,-0.01
238,D,58.99,7556,0.84
238,A,61.0,6840,-0.03
238,F,64.2,9818,0.89
238,E,65.26,7616,0.72
238,B,66.82,6860,-0.01
238,E,68.81,7796,0.76
238,G,70.18,7576,0.56
238,X,72.3,6875,0.87
239,B,9.97,6840,-0.01
239,C,12.05,6760,0.01
239,F,13.92,10018,0.73
239,D,14.75,7516,0.81
239,G,16.76,7476,0.79
239,F,19.03,9998,0.77
239,G,20.2,7396,0.75
239,F,22.35,9838,0.87
239,G,23.47,7336,0.75
239,F,25.67,9858,0.85
239,A,26.87,6800,0.0
239,C,29.95,6880,-0.01
239,F,31.81,9758,0.84
239,A,33.07,6900,-0.04
239,C,36.24,6780,0.01
239,A,38.17,6780,0.0
239,E,41.29,7536,0.55
239,X,42.6,6875,0.91
240,B,9.97,6820,-0.01
240,G,11.82,7456,0.83
240,D,13.58,7616,0.77
240,E,15.59,7676,0.84
240,F,16.92,9798,0.91
240,E,17.96,7536,0.59
240,F,19.29,9958,0.83
240,D,19.98,7516,0.84
240,B,22.1,6800,-0.01
240,G,23.99,7556,0.63
240,B,26.32,6780,0.0
240,G,28.17,7396,0.85
240,F,30.29,9898,0.83
240,B,31.44,6860,-0.01
240,E,33.38,7536,0.57
240,B,34.83,6720,0.01
240,D,36.38,7476,0.77
240,G,38.4,7396,0.84
240,F,40.54,9978,0.8
240,E,41.7,7716,0.87
240,D,42.67,7776,0.57
240,A,44.73,6820,-0.03
240,D,47.41,7516,0.76
240,F,49.69,10058,0.66
240,C,50.83,6780,0.01
240,X,52.5,6875,0.93
241,E,9.49,7756,0.87
241,D,10.41,7596,0.77
241,B,12.44,6800,-0.01
241,E,14.27,7776,0.87
241,G,15.68,7596,0.56
241,E,17.86,7756,0.87
241,A,19.26,6860,-0.04
241,E,22.32,7756,0.85
241,D,23.48,7536,0.82
241,E,25.5,7596,0.65
241,C,26.83,6740,0.01
241,F,28.55,9978,0.84
241,E,29.65,7576,0.62
241,B,30.97,6800,-0.01
241,C,33.02,6820,0.0
241,F,34.8,9798,0.88
241,D,35.55,7556,0.85
241,G,37.75,7516,0.69
241,A,40.06,6800,0.0
241,X,43.09,6875,0.94
242,D,9.6,7516,0.81
242,E,11.65,7556,0.61
242,F,13.08,9838,0.89
242,C,14.1,6860,-0.01
242,B,15.78,6880,-0.02
242,G,17.75,7436,0.77
242,E,20.14,7716,0.88
242,B,21.47,6860,-0.01
242,E,23.49,7796,0.81
242,C,25.06,6820,-0.01
242,B,26.74,6760,0.0
242,D,28.2,7616,0.76
242,G,30.25,7436,0.74
242,E,32.52,7676,0.79
242,A,33.97,6720,0.02
242,X,37.05,6875,0.92
243,G,9.98,7336,0.73
243,A,12.21,6840,-0.03
243,D,15.12,7556,0.88
243,C,17.22,6820,-0.01
243,D,18.61,7736,0.63
243,A,20.67,6700,0.01
243,F,23.85,9818,0.88
243,E,24.95,7676,0.8
243,B,26.47,6760,-0.01
243,X,28.28,6875,0.88
244,C,9.99,6700,0.01
244,B,11.73,6720,0.01
244,D,13.29,7596,0.8
244,F,15.54,9858,0.84
244,G,16.72,7376,0.74
244,B,19.04,6860,-0.01
244,F,20.97,10058,0.7
244,C,22.01,6720,0.01
244,A,23.74,6780,0.0
244,G,27.03,7576,0.6
244,D,28.88,7636,0.77
244,C,30.91,6780,0.01
244,B,32.77,6780,0.0
244,C,34.61,6760,0.01
244,B,36.49,6800,-0.01
244,C,38.35,6840,-0.01
244,G,40.27,7336,0.75
244,F,42.55,9798,0.91
244,E,43.56,7816,0.83
244,A,45.03,6820,-0.0
244,E,48.1,7696,0.79
244,F,49.46,9998,0.81
244,D,50.11,7596,0.8
244,F,52.13,9998,0.77
244,C,53.18,6880,-0.01
244,F,54.9,9918,0.87
244,C,55.97,6760,0.01
244,F,57.66,9938,0.8
244,G,58.75,7476,0.82
244,D,60.49,7616,0.71
244,B,62.69,6800,-0.01
244,X,64.5,6875,0.91
245,A,10.0,6880,-0.04
245,F,13.18,9978,0.84
245,D,14.0,7696,0.66
245,G,16.01,7376,0.8
245,A,18.22,6860,-0.04
245,F,21.37,9838,0.93
245,D,22.04,7596,0.8
245,E,24.29,7556,0.61
245,A,25.62,6760,0.0
245,C,28.93,6720,0.01
245,G,30.76,7356,0.83
245,A,32.95,6800,0.0
245,D,35.87,7636,0.73
245,E,38.11,7756,0.82
245,C,39.47,6840,-0.01
245,F,41.16,9938,0.83
245,E,42.37,7576,0.63
245,A,43.96,6880,-0.04
245,F,47.11,9798,0.82
245,A,48.29,6820,0.0
245,D,51.08,7516,0.86
245,B,53.17,6860,-0.01
245,A,55.22,6760,0.01
245,D,57.93,7636,0.71
245,A,60.18,6720,0.01
245,F,63.51,9798,0.84
245,C,64.59,6700,0.02
245,D,65.92,7736,0.58
245,A,68.06,6800,0.0
245,E,71.17,7576,0.65
245,G,72.48,7456,0.82
245,E,74.8,7776,0.81
245,D,75.72,7716,0.58
245,B,77.8,6840,-0.01
245,X,79.59,6875,0.91
246,G,9.97,7396,0.78
246,C,12.13,6820,0.0
246,F,13.93,10078,0.65
246,D,14.6,7456,0.72
246,C,16.84,6780,0.01
246,B,18.54,6820,-0.01
246,D,20.2,7736,0.6
246,E,22.43,7576,0.64
246,A,23.9,6820,0.0
246,E,27.14,7756,0.84
246,F,28.49,9958,0.8
246,D,29.2,7456,0.72
246,C,31.23,6880,-0.01
246,A,33.16,6880,-0.04
246,C,36.25,6820,-0.01
246,F,38.14,10058,0.73
246,G,39.3,7396,0.75
246,D,41.19,7636,0.74
246,A,43.4,6780,0.01
246,G,46.46,7596,0.54
246,B,48.64,6720,0.01
246,X,50.47,6875,0.88
247,F,9.95,9798,0.87
247,C,10.98,6880,-0.01
247,B,12.77,6740,0.01
247,E,14.72,7536,0.59
247,F,16.24,10058,0.7
247,E,17.46,7636,0.77
247,F,18.77,10058,0.71
247,E,19.81,7676,0.83
247,F,21.18,9798,0.86
247,C,22.29,6720,0.01
247,G,24.16,7476,0.73
247,B,26.54,6860,-0.01
247,C,28.54,6840,-0.01
247,B,30.34,6840,-0.01
247,C,32.25,6800,0.0
247,A,33.98,6840,-0.04
247,F,37.04,9878,0.82
247,G,38.12,7416,0.81
247,A,40.29,6800,0.0
247,C,43.37,6900,-0.01
247,B,45.22,6820,-0.01
247,D,46.76,7576,0.85
247,C,48.81,6800,-0.01
247,B,50.52,6780,0.0
247,F,52.55,9758,0.87
247,E,53.57,7696,0.8
247,A,55.0,6820,-0.01
247,E,58.12,7756,0.86
247,C,59.49,6760,0.01
247,G,61.25,7356,0.7
247,E,63.42,7756,0.88
247,F,64.76,9858,0.87
247,E,65.85,7596,0.66
247,A,67.38,6720,0.01
247,C,70.59,6720,0.02
247,E,72.42,7736,0.87
247,C,73.72,6840,-0.01
247,A,75.46,6780,0.0
247,F,78.64,9978,0.85
247,D,79.46,7676,0.69
247,X,81.45,6875,0.92
248,A,9.97,6760,0.01
248,E,13.24,7736,0.89
248,A,14.56,6800,0.0
248,F,17.83,10038,0.69
248,C,18.89,6740,0.01
248,F,20.8,9758,0.86
248,A,21.99,6760,0.01
248,G,25.18,7476,0.75
248,E,27.55,7776,0.77
248,B,29.02,6840,-0.01
248,A,31.03,6820,-0.03
248,B,34.11,6800,0.0
248,E,36.04,7776,0.86
248,F,37.47,9918,0.81
248,E,38.64,7736,0.87
248,B,40.05,6820,-0.01
248,E,41.89,7756,0.87
248,B,43.33,6800,-0.01
248,G,45.33,7516,0.67
248,A,47.57,6740,0.01
248,D,50.45,7616,0.73
248,C,52.55,6780,0.01
248,E,54.32,7576,0.63
248,F,55.64,9898,0.77
248,C,56.66,6720,0.01
248,G,58.58,7376,0.85
248,C,60.83,6720,0.01
248,E,62.7,7756,0.85
248,F,64.16,9838,0.9
248,E,65.39,7636,0.69
248,B,66.8,6820,-0.01
248,F,68.7,9898,0.88
248,D,69.44,7536,0.79
248,A,71.71,6840,-0.03
248,X,74.72,6875,0.91
249,D,9.6,7516,0.83
249,F,11.77,9858,0.91
249,D,12.58,7636,0.71
249,F,14.69,9998,0.82
249,A,15.77,6880,-0.03
249,F,18.94,10078,0.68
249,E,20.1,7676,0.85
249,C,21.49,6880,-0.01
249,E,23.42,7656,0.78
249,F,24.92,9958,0.79
249,D,25.52,7676,0.69
249,B,27.54,6780,-0.01
249,E,29.4,7636,0.71
249,C,30.96,6880,-0.01
249,F,32.75,9878,0.91
249,B,33.85,6740,0.01
249,G,35.89,7496,0.76
249,X,38.01,6875,0.93
250,C,9.97,6800,0.0
250,A,11.86,6860,-0.04
250,D,14.68,7576,0.74
250,B,16.94,6740,0.0
250,E,18.82,7556,0.62
250,B,20.37,6780,0.0
250,C,22.32,6840,-0.01
250,B,24.0,6720,0.02
250,G,25.98,7396,0.86
250,A,28.23,6860,-0.04
250,D,31.06,7696,0.61
250,E,33.1,7796,0.79
250,F,34.42,9878,0.85
250,X,35.4,6875,0.88
251,A,10.0,6800,-0.0
251,E,13.27,7796,0.83
251,G,14.75,7376,0.84
251,E,17.15,7536,0.57
251,A,18.64,6740,0.01
251,B,21.91,6880,-0.02
251,F,23.94,10058,0.69
251,E,24.98,7596,0.66
251,B,26.44,6840,-0.01
251,D,28.07,7476,0.82
251,E,30.31,7616,0.68
251,C,31.63,6820,-0.01
251,F,33.39,9838,0.88
251,D,34.06,7596,0.81
251,G,36.1,7336,0.77
251,D,38.06,7756,0.58
251,C,40.31,6740,0.01
251,E,42.16,7636,0.74
251,D,43.12,7736,0.59
251,A,45.32,6820,0.0
251,F,48.59,9878,0.87
251,B,49.63,6880,-0.02
251,X,51.41,6875,0.91
252,E,9.53,7696,0.81
252,F,10.83,9978,0.79
252,C,12.0,6840,-0.01
252,A,13.7,6780,0.0
252,E,16.87,7816,0.75
252,C,18.18,6760,0.01
252,F,19.95,9798,0.88
252,E,21.04,7716,0.88
252,A,22.57,6880,-0.04
252,B,25.72,6780,0.0
252,C,27.7,6820,-0.01
252,D,29.1,7776,0.55
252,B,31.12,6860,-0.01
252,A,32.95,6720,0.01
252,C,36.23,6860,-0.01
252,B,37.92,6720,0.01
252,D,39.61,7536,0.82
252,E,41.67,7556,0.62
252,B,43.16,6840,-0.01
252,E,45.13,7656,0.78
252,B,46.59,6740,0.01
252,G,48.68,7336,0.76
252,E,50.85,7676,0.82
252,A,52.37,6820,-0.01
252,E,55.63,7536,0.6
252,A,56.97,6720,0.02
252,B,60.19,6740,0.01
252,G,62.06,7376,0.76
252,D,63.92,7716,0.6
252,C,65.96,6800,0.01
252,B,67.83,6800,-0.01
252,F,69.8,9818,0.81
252,X,70.78,6875,0.93
253,B,9.97,6860,-0.02
253,D,11.49,7716,0.64
253,G,13.48,7596,0.56
253,A,15.76,6700,0.01
253,D,18.68,7696,0.62
253,F,20.76,9958,0.78
253,B,21.79,6720,0.01
253,E,23.75,7516,0.55
253,C,25.25,6780,0.0
253,D,26.77,7676,0.66
253,F,28.77,9918,0.86
253,A,30.01,6900,-0.04
253,D,32.76,7616,0.79
253,E,34.79,7796,0.8
253,A,36.26,6900,-0.04
253,D,39.06,7496,0.76
253,E,41.11,7636,0.72
253,B,42.55,6740,0.01
253,C,44.47,6740,0.01
253,G,46.2,7476,0.76
253,X,48.32,6875,0.9
254,G,9.97,7416,0.77
254,C,12.28,6900,-0.01
254,G,13.95,7396,0.79
254,B,16.28,6820,-0.01
254,D,17.8,7736,0.6
254,A,19.87,6740,0.01
254,E,22.99,7716,0.85
254,G,24.53,7416,0.82
254,D,26.35,7476,0.79
254,A,28.41,6860,-0.04
254,B,31.45,6880,-0.02
254,E,33.32,7616,0.68
254,C,34.75,6880,-0.02
254,B,36.47,6800,-0.01
254,G,38.53,7416,0.82
254,C,40.7,6820,0.0
254,F,42.52,9858,0.82
254,X,43.5,6875,0.86
255,C,9.99,6860,-0.01
255,A,11.77,6780,0.0
255,F,15.06,9878,0.85
255,G,16.19,7376,0.87
255,D,18.18,7596,0.78
255,A,20.22,6860,-0.04
255,B,23.35,6820,-0.01
255,F,25.2,9838,0.9
255,G,26.44,7536,0.67
255,D,28.29,7596,0.78
255,C,30.45,6900,-0.01
255,G,32.32,7596,0.55
255,B,34.63,6880,-0.01
255,F,36.58,9998,0.8
255,E,37.79,7636,0.74
255,A,39.12,6860,-0.03
255,F,42.19,10038,0.74
255,D,43.02,7516,0.77
255,B,45.09,6840,-0.01
255,E,47.11,7696,0.83
255,F,48.46,9798,0.88
255,A,49.58,6860,-0.04
255,C,52.66,6820,0.0
255,G,54.32,7516,0.75
255,X,56.42,6875,0.93
256,C,9.99,6760,0.01
256,G,11.75,7496,0.73
256,E,13.89,7776,0.85
256,C,15.23,6720,0.01
256,A,16.97,6860,-0.04
256,D,19.81,7576,0.82
256,E,21.87,7616,0.7
256,C,23.35,6900,-0.01
256,G,25.15,7556,0.64
256,A,27.48,6700,0.02
256,B,30.79,6820,-0.01
256,E,32.7,7736,0.89
256,A,34.16,6700,0.01
256,B,37.33,6780,-0.01
256,G,39.25,7516,0.71
256,B,41.37,6900,-0.02
256,G,43.24,7416,0.82
256,B,45.43,6900,-0.02
256,A,47.52,6860,-0.04
256,G,50.64,7416,0.84
256,D,52.45,7616,0.76
256,B,54.6,6780,0.0
256,A,56.46,6900,-0.04
256,E,59.56,7596,0.67
256,B,61.09,6780,0.0
256,A,62.96,6740,0.01
256,C,66.05,6840,-0.01
256,A,67.91,6800,0.0
256,G,71.18,7416,0.73
256,C,73.58,6880,-0.02
256,F,75.39,9778,0.83
256,X,76.37,6875,0.94
257,G,9.96,7356,0.77
257,E,12.12,7676,0.76
257,B,13.62,6820,-0.01
257,E,15.58,7816,0.75
257,G,16.87,7456,0.81
257,C,19.27,6820,-0.01
257,E,21.06,7616,0.67
257,F,22.61,9778,0.88
257,A,23.86,6860,-0.04
257,G,26.94,7396,0.88
257,B,29.3,6700,0.01
257,G,31.3,7556,0.64
257,E,33.49,7556,0.61
257,F,34.96,10038,0.73
257,C,36.14,6720,0.01
257,G,38.04,7436,0.86
257,A,40.21,6840,-0.03
257,D,42.92,7576,0.8
257,X,44.92,6875,0.94
258,E,9.55,7776,0.88
258,C,11.1,6740,0.01
258,B,12.83,6820,-0.01
258,A,14.72,6840,-0.03
258,G,17.77,7416,0.72
258,A,20.11,6800,0.0
258,E,23.16,7616,0.69
258,A,24.67,6780,0.01
258,C,27.95,6800,-0.01
258,B,29.73,6760,0.0
258,C,31.71,6760,0.01
258,G,33.5,7476,0.83
258,E,35.85,7756,0.86
258,A,37.3,6720,0.01
258,B,40.57,6820,-0.01
258,E,42.48,7736,0.91
258,B,43.97,6800,0.0
258,A,45.81,6860,-0.04
258,F,49.09,9958,0.86
258,A,50.33,6860,-0.04
258,C,53.54,6740,0.01
258,D,55.0,7496,0.78
258,X,57.0,6875,0.93
259,B,9.99,6720,0.01
259,E,11.91,7556,0.6
259,A,13.46,6840,-0.04
259,C,16.49,6840,0.0
259,D,18.0,7496,0.75
259,B,20.06,6840,0.0
259,A,22.02,6820,-0.0
259,D,24.66,7596,0.77
259,F,26.9,9918,0.91
259,B,27.91,6800,-0.01
259,E,29.96,7656,0.77
259,G,31.41,7476,0.77
259,X,33.53,6875,0.91
260,F,9.95,9838,0.86
260,D,10.6,7636,0.69
260,C,12.81,6800,0.0
260,G,14.69,7536,0.68
260,D,16.58,7496,0.83
260,A,18.89,6880,-0.04
260,E,22.02,7756,0.83
260,G,23.54,7416,0.9
260,D,25.3,7576,0.81
260,C,27.58,6780,0.0
260,D,28.97,7616,0.74
260,G,31.05,7596,0.56
260,F,33.29,9838,0.84
260,D,34.07,7516,0.88
260,B,36.21,6800,-0.01
260,D,37.79,7616,0.79
260,G,39.85,7496,0.76
260,C,42.21,6740,0.01
260,E,43.91,7736,0.87
260,G,45.4,7376,0.78
260,C,47.71,6780,0.01
260,F,49.51,9778,0.87
260,B,50.56,6880,-0.02
260,F,52.44,9878,0.92
260,D,53.31,7696,0.63
260,B,55.56,6780,0.0
260,G,57.37,7516,0.74
260,E,59.56,7716,0.87
260,A,60.91,6740,0.01
260,X,63.97,6875,0.92
261,F,9.94,10038,0.68
261,E,11.13,7776,0.89
261,D,12.23,7656,0.69
261,G,14.24,7516,0.72
261,B,16.46,6860,-0.01
261,C,18.36,6780,0.0
261,D,19.71,7596,0.83
261,G,21.97,7496,0.77
261,C,24.32,6760,0.01
261,A,26.05,6740,0.01
261,F,29.16,9778,0.81
261,C,30.35,6800,0.0
261,E,32.26,7736,0.89
261,B,33.79,6760,0.0
261,C,35.63,6760,0.01
261,B,37.34,6880,-0.02
261,F,39.29,9838,0.91
261,B,40.53,6740,0.01
261,C,42.47,6800,0.01
261,G,44.38,7516,0.69
261,F,46.59,9818,0.78
261,E,47.72,7796,0.8
261,C,49.27,6860,-0.01
261,F,50.92,9778,0.79
261,D,51.64,7616,0.77
261,B,53.71,6720,0.01
261,F,55.59,10038,0.71
261,G,56.68,7356,0.82
261,C,58.92,6760,0.01
261,F,60.73,9998,0.78
261,E,61.89,7836,0.75
261,F,63.18,10058,0.7
261,C,64.38,6900,-0.01
261,A,66.13,6860,-0.03
261,X,69.15,6875,0.88
262,F,9.8,9998,0.79
262,G,10.93,7436,0.77
262,D,12.82,7536,0.85
262,F,14.91,10038,0.73
262,E,15.98,7696,0.83
262,G,17.32,7496,0.68
262,E,19.56,7596,0.68
262,D,20.59,7516,0.86
262,A,22.72,6700,0.02
262,D,25.48,7476,0.76
262,E,27.77,7696,0.79
262,C,29.2,6880,-0.01
262,B,31.04,6900,-0.02
262,X,32.83,6875,0.88
263,C,9.94,6860,-0.01
263,E,11.78,7616,0.72
263,C,13.33,6780,0.01
263,E,15.05,7576,0.66
263,D,15.97,7636,0.76
263,B,18.21,6780,-0.01
263,G,20.12,7596,0.56
263,D,21.88,7656,0.7
263,F,24.0,9858,0.92
263,D,24.79,7516,0.89
263,F,26.82,9878,0.86
263,B,27.89,6740,0.01
263,A,29.93,6880,-0.04
263,F,33.19,9918,0.88
263,E,34.27,7596,0.65
263,D,35.21,7636,0.73
263,G,37.3,7456,0.86
263,C,39.56,6760,0.01
263,A,41.49,6880,-0.04
263,G,44.73,7436,0.84
263,C,46.89,6820,0.0
263,B,48.81,6840,-0.01
263,X,50.59,6875,0.88
